iter,t_iter_s,peak_mem_mb,loss,vx,grad_norm,terrain_level,loss_v,loss_clear,n_falls,n_timeouts
0,2.4555446750018746,96.472576,7.257053852081299,0.009214832447469234,0.02770809456706047,1.525390625,0.6995929479598999,0.007844731211662292,8664.0,0.0
1,1.0740503199995146,97.100288,7.466034412384033,0.027177156880497932,0.030070997774600983,1.5185546875,0.7139511108398438,0.013255883008241653,8625.0,0.0
2,1.074861676999717,97.100288,7.664546489715576,0.04859882965683937,0.03352714329957962,1.349609375,0.724953830242157,0.01892777532339096,8841.0,0.0
3,1.123121718999755,97.100288,7.854135990142822,0.07380406558513641,0.035378746688365936,1.32421875,0.7422733306884766,0.025298722088336945,8645.0,0.0
4,1.1234430719996453,97.100288,8.504472732543945,0.10661894828081131,0.04203004390001297,1.28125,0.7952854037284851,0.038487013429403305,8660.0,0.0
5,1.1252992720037582,97.100288,9.269441604614258,0.13896478712558746,0.044897761195898056,1.267578125,0.860876202583313,0.053270578384399414,8664.0,0.0
6,1.10227075900184,97.100288,10.001599311828613,0.13810516893863678,0.03115731291472912,1.0947265625,0.9228328466415405,0.06474488973617554,8876.0,0.0
7,1.0859522889950313,97.100288,10.471960067749023,0.10070391744375229,0.053319208323955536,1.0615234375,0.9712899923324585,0.06985913962125778,8666.0,0.0
8,1.0762828799997806,97.100288,10.242652893066406,0.08211398124694824,0.08021833002567291,1.0009765625,0.9493089914321899,0.06871270388364792,8684.0,0.0
9,1.0680874410027172,97.100288,8.873634338378906,0.04227719455957413,0.08137451857328415,0.9638671875,0.8245323896408081,0.052348338067531586,8659.0,0.0
10,1.1180053890057025,97.100288,8.126459121704102,0.02367870695888996,0.07298582792282104,0.8583984375,0.7547683119773865,0.038400303572416306,8849.0,0.0
11,1.0995817829971202,97.100288,7.904634952545166,-0.0016687989700585604,0.0647156834602356,0.8408203125,0.742618203163147,0.03665245324373245,8651.0,0.0
12,1.0801617359975353,97.100288,7.857021331787109,0.030643818899989128,0.04330858215689659,0.8359375,0.7354137301445007,0.04276041314005852,8633.0,0.0
13,1.082203791003849,97.100288,7.782801151275635,0.056579627096652985,0.03736283630132675,0.8330078125,0.7252196073532104,0.048589617013931274,8653.0,0.0
14,1.0950824760002433,97.100288,7.783136367797852,0.053898848593235016,0.05967681109905243,0.7509765625,0.7202889323234558,0.04912101477384567,8878.0,0.0
15,1.092076200999145,97.100288,7.624661922454834,0.040610138326883316,0.05585666745901108,0.7109375,0.7107760310173035,0.050682321190834045,8672.0,0.0
16,1.0956262909967336,97.100288,7.657892227172852,0.04924463853240013,0.057972587645053864,0.69921875,0.7140123248100281,0.05202394723892212,8639.0,0.0
17,1.0759191640026984,97.100288,7.76121711730957,0.061208732426166534,0.054198555648326874,0.6630859375,0.7222518920898438,0.05530990660190582,8660.0,0.0
18,1.0781982150001568,97.1008,7.925010681152344,0.06958116590976715,0.051313165575265884,0.6005859375,0.7276651263237,0.06088586896657944,8863.0,0.0
19,1.084799442003714,97.1008,7.592988967895508,0.060838162899017334,0.038370609283447266,0.5947265625,0.7077345252037048,0.05343350023031235,8638.0,0.0
20,1.0801531739998609,97.1008,7.5257792472839355,0.05865698307752609,0.038163796067237854,0.5625,0.7017430067062378,0.04858934134244919,8689.0,0.0
21,1.0693713410000782,97.1008,7.438515663146973,0.05699963495135307,0.04776281863451004,0.55859375,0.6952054500579834,0.04144129529595375,8666.0,0.0
22,1.0790345709974645,97.1008,7.429812908172607,0.058363620191812515,0.05071088671684265,0.5478515625,0.6940212249755859,0.041363514959812164,8652.0,0.0
23,1.1034712309992756,97.1008,7.273666858673096,0.03671719878911972,0.043247148394584656,0.5400390625,0.6824458837509155,0.037442646920681,8858.0,0.0
24,1.0857152520038653,97.1008,7.326213836669922,0.03984971344470978,0.039868537336587906,0.5380859375,0.6878827810287476,0.03909372538328171,8634.0,0.0
25,1.0864575779996812,97.1008,7.456625461578369,0.05230780690908432,0.04571855068206787,0.5078125,0.6969510912895203,0.043532516807317734,8659.0,0.0
26,1.0735828230026527,97.1008,7.686374664306641,0.06030246987938881,0.048431046307086945,0.5048828125,0.7167569994926453,0.04728569835424423,8635.0,0.0
27,1.0848535959958099,97.1008,7.673135757446289,0.05190814658999443,0.04615533724427223,0.486328125,0.7115170359611511,0.05437317118048668,8854.0,0.0
28,1.0705422679966432,97.1008,7.597195625305176,0.041649557650089264,0.03830752521753311,0.4658203125,0.7079682350158691,0.049781545996665955,8679.0,0.0
29,1.0916208859998733,97.1008,7.643435001373291,0.0387001633644104,0.05105867236852646,0.46484375,0.7128876447677612,0.048674073070287704,8664.0,0.0
30,1.0793967229983537,97.1008,7.670923233032227,0.041987016797065735,0.0539177767932415,0.439453125,0.7165307998657227,0.04145050793886185,8688.0,0.0
31,1.0863813270043465,97.1008,7.382229804992676,0.028028011322021484,0.04283352941274643,0.4384765625,0.6901612281799316,0.034735191613435745,8840.0,0.0
32,1.0706577590026427,97.1008,7.349236011505127,0.026525869965553284,0.04503652825951576,0.43359375,0.6879746317863464,0.03695089370012283,8632.0,0.0
33,1.0819539810036076,97.1008,7.610657215118408,0.030925625935196877,0.04219186305999756,0.4296875,0.7127307653427124,0.03821196407079697,8660.0,0.0
34,1.0855382930021733,97.1008,7.899050235748291,0.03928825631737709,0.031488217413425446,0.427734375,0.7362769842147827,0.04356124997138977,8634.0,0.0
35,1.0727201249974314,97.1008,7.803053855895996,0.044565506279468536,0.036491475999355316,0.42578125,0.7192933559417725,0.05130714923143387,8837.0,0.0
36,1.0825594830021146,97.1008,7.4051947593688965,0.03289119154214859,0.033476125448942184,0.404296875,0.6856842041015625,0.045995935797691345,8717.0,0.0
37,1.0789958700042916,97.1008,7.469587802886963,0.030973205342888832,0.03096814826130867,0.3994140625,0.6933602094650269,0.04339166730642319,8638.0,0.0
38,1.103556842004764,97.1008,7.840338230133057,0.03451206535100937,0.026309926062822342,0.3984375,0.7270281314849854,0.04654725641012192,8663.0,0.0
39,1.1104827870003646,97.1008,7.879694938659668,0.028011687099933624,0.03903638571500778,0.376953125,0.7287663817405701,0.042583368718624115,8859.0,0.0
40,1.0837042089988245,97.1008,7.599279880523682,0.014284573495388031,0.03550436720252037,0.375,0.7065262794494629,0.03890829533338547,8657.0,0.0
41,1.098556220997125,97.1008,7.792227268218994,0.017395328730344772,0.031785424798727036,0.373046875,0.725752055644989,0.03885894641280174,8634.0,0.0
42,1.0869032330010668,97.1008,8.262393951416016,0.031533677130937576,0.040749672800302505,0.37109375,0.7678866386413574,0.043577857315540314,8634.0,0.0
43,1.0998456519955653,97.1008,8.321232795715332,0.039082594215869904,0.022359712049365044,0.3701171875,0.7652532458305359,0.048971112817525864,8887.0,0.0
44,1.0949716570030432,97.1008,7.378357410430908,0.02040323242545128,0.038056571036577225,0.3671875,0.6835079193115234,0.039068128913640976,8671.0,0.0
45,1.0972242660063785,97.1008,7.65844202041626,0.025294257327914238,0.02598065324127674,0.3642578125,0.7100356817245483,0.04004041105508804,8649.0,0.0
46,1.1017029239956173,97.1008,7.799330711364746,0.024623800069093704,0.02455676905810833,0.3583984375,0.7258161306381226,0.03820895776152611,8646.0,0.0
47,1.1062825980043272,97.1008,8.088831901550293,0.025346508249640465,0.021888412535190582,0.3388671875,0.7460646629333496,0.041659168899059296,8863.0,0.0
48,1.103534292000404,97.1008,7.460379600524902,0.01592157408595085,0.03650802746415138,0.3349609375,0.6947965621948242,0.0344751700758934,8663.0,0.0
49,1.100345931998163,97.1008,7.705142974853516,0.0196792334318161,0.02298336662352085,0.3330078125,0.7185100317001343,0.036044806241989136,8635.0,0.0
50,1.0943450199993094,97.1008,8.119521141052246,0.025678426027297974,0.027593964710831642,0.330078125,0.7544583082199097,0.04390329867601395,8630.0,0.0
51,1.0896868769996217,97.1008,8.245341300964355,0.02299387753009796,0.04088474437594414,0.3251953125,0.7583721876144409,0.044955916702747345,8933.0,0.0
52,1.1045590119974804,97.1008,7.526268482208252,0.010290220379829407,0.022537749260663986,0.3212890625,0.7024993896484375,0.034663718193769455,8643.0,0.0
53,1.1224741889964207,97.1008,7.771944522857666,0.01738324575126171,0.034970473498106,0.318359375,0.7253583669662476,0.03603420779109001,8668.0,0.0
54,1.1036187569989124,97.1008,7.995972633361816,0.03009599633514881,0.02666705660521984,0.314453125,0.7476358413696289,0.03722541034221649,8632.0,0.0
55,1.1023184009973193,97.1008,8.240758895874023,0.03537791222333908,0.018923437222838402,0.3115234375,0.7663142085075378,0.04023093730211258,8756.0,0.0
56,1.0916372290012077,97.1008,7.390230655670166,0.0166088305413723,0.022779112681746483,0.306640625,0.690204381942749,0.03474409133195877,8775.0,0.0
57,1.1078037030019914,97.1008,7.5830912590026855,0.0177125446498394,0.018176518380641937,0.302734375,0.7065994143486023,0.03824669122695923,8639.0,0.0
58,1.1120271789986873,97.1008,7.957016468048096,0.02359139360487461,0.018467657268047333,0.2978515625,0.7389509677886963,0.04356534406542778,8687.0,0.0
59,1.0933536140000797,97.1008,7.830268383026123,0.022963589057326317,0.02086961828172207,0.296875,0.7285920977592468,0.03822571784257889,8677.0,0.0
60,1.101618477005104,97.1008,7.440229892730713,0.016500461846590042,0.023708293214440346,0.291015625,0.6927425861358643,0.0353127047419548,8841.0,0.0
61,1.0795718519948423,97.1008,7.525277137756348,0.02055496908724308,0.01899348571896553,0.287109375,0.7038105726242065,0.032926835119724274,8672.0,0.0
62,1.1224825600002077,97.1008,7.914639472961426,0.02573905885219574,0.021414289250969887,0.2861328125,0.739956259727478,0.03592956066131592,8649.0,0.0
63,1.1003038740018383,97.1008,8.136090278625488,0.027215633541345596,0.03311717137694359,0.2841796875,0.7608151435852051,0.03602339327335358,8661.0,0.0
64,1.1062401830058661,97.1008,7.630954265594482,0.0144122876226902,0.01747666858136654,0.283203125,0.7114052176475525,0.035301461815834045,8843.0,0.0
65,1.1162627060039085,97.1008,7.588282585144043,0.010963069275021553,0.03036137856543064,0.2802734375,0.7056735754013062,0.039949797093868256,8639.0,0.0
66,1.0926472140054102,97.1008,7.793292045593262,0.014086919836699963,0.030906779691576958,0.2783203125,0.723203182220459,0.04063224792480469,8718.0,0.0
67,1.11212319599872,97.1008,7.725187301635742,0.016492316499352455,0.015463617630302906,0.2763671875,0.7209140658378601,0.03494248539209366,8640.0,0.0
68,1.098047253995901,97.1008,7.528299808502197,0.01327112689614296,0.021309485659003258,0.2744140625,0.698434054851532,0.03539639338850975,8871.0,0.0
69,1.1130675129970768,97.1008,7.311617374420166,0.01243263203650713,0.029592817649245262,0.26953125,0.6826968193054199,0.03291739895939827,8633.0,0.0
70,1.1367059759941185,97.1008,7.6734538078308105,0.017934618517756462,0.024469707161188126,0.267578125,0.7160390615463257,0.03466763719916344,8677.0,0.0
71,1.1236717639985727,97.1008,7.7203755378723145,0.024546556174755096,0.014880960807204247,0.265625,0.7209050059318542,0.033294063061475754,8642.0,0.0
72,1.1088850040032412,97.1008,7.762011528015137,0.022384770214557648,0.0286383219063282,0.2646484375,0.7200929522514343,0.037126295268535614,8841.0,0.0
73,1.119508023999515,97.1008,7.632514476776123,0.01816328428685665,0.03147028386592865,0.2607421875,0.7086243629455566,0.040984734892845154,8677.0,0.0
74,1.1305256749983528,97.1008,7.48268985748291,0.01853683590888977,0.013528558425605297,0.259765625,0.6974465250968933,0.03493652865290642,8684.0,0.0
75,1.1124241130019072,97.1008,7.706769943237305,0.022052809596061707,0.03122689016163349,0.2578125,0.7193670272827148,0.0356244295835495,8643.0,0.0
76,1.1150339609957882,97.1008,7.715406894683838,0.019700635224580765,0.03932754322886467,0.2548828125,0.7175010442733765,0.03383878618478775,8874.0,0.0
77,1.0953184430036345,97.1008,7.519166469573975,0.01300183217972517,0.016442498192191124,0.2529296875,0.7042409777641296,0.0324985645711422,8652.0,0.0
78,1.0968211389990756,97.1008,7.521676063537598,0.013412052765488625,0.029011206701397896,0.2509765625,0.7043702602386475,0.030967608094215393,8662.0,0.0
79,1.0984982090012636,97.1008,7.937083721160889,0.021093901246786118,0.033364009112119675,0.2490234375,0.7439372539520264,0.0325094573199749,8640.0,0.0
80,1.1095159649994457,97.1008,7.853318691253662,0.027457289397716522,0.02083374187350273,0.2490234375,0.7270007133483887,0.039007555693387985,8842.0,0.0
81,1.108658983001078,97.1008,7.23610258102417,0.017588209360837936,0.021594824269413948,0.2470703125,0.6726090312004089,0.03737608715891838,8686.0,0.0
82,1.1076716479947208,97.1008,7.189312934875488,0.01682920753955841,0.02973826602101326,0.2451171875,0.6722569465637207,0.030247487127780914,8679.0,0.0
83,1.0931615170047735,97.1008,7.362546443939209,0.024285953491926193,0.030540719628334045,0.2451171875,0.6864432096481323,0.03310021385550499,8661.0,0.0
84,1.0949760419971426,97.1008,7.5460991859436035,0.02416614070534706,0.012814300134778023,0.2451171875,0.6987358331680298,0.03437346592545509,8839.0,0.0
85,1.1455969569942681,97.1008,7.215941429138184,0.015360619872808456,0.02704138681292534,0.2431640625,0.6735004186630249,0.03297216445207596,8667.0,0.0
86,1.2266180459992029,97.1008,7.295932769775391,0.01924591138958931,0.04052257537841797,0.2421875,0.6830937266349792,0.030443070456385612,8651.0,0.0
87,1.1925090220029233,97.1008,7.713951587677002,0.030223149806261063,0.016892874613404274,0.2412109375,0.720765233039856,0.0354643315076828,8631.0,0.0
88,1.1624645739939297,97.1008,8.148862838745117,0.037972591817379,0.029180753976106644,0.240234375,0.7516375780105591,0.04381876438856125,8855.0,0.0
89,1.1315486969979247,97.1008,7.3769097328186035,0.018135424703359604,0.03673198074102402,0.240234375,0.689264714717865,0.0339062362909317,8707.0,0.0
90,1.11727518299449,97.1008,7.453198432922363,0.02018860913813114,0.018535101786255836,0.2373046875,0.697356641292572,0.03231745585799217,8645.0,0.0
91,1.101589188001526,97.1008,7.70429801940918,0.02653702348470688,0.015440216287970543,0.236328125,0.7217695116996765,0.032287899404764175,8664.0,0.0
92,1.1058163690031506,97.1008,8.035226821899414,0.03560556843876839,0.027316657826304436,0.236328125,0.7480043768882751,0.036017127335071564,8730.0,0.0
93,1.1071165150060551,97.1008,7.272451877593994,0.021450955420732498,0.029295088723301888,0.2333984375,0.680211067199707,0.030466802418231964,8788.0,0.0
94,1.1183812390008825,97.1008,7.292017459869385,0.026116961613297462,0.019595861434936523,0.232421875,0.6826945543289185,0.03069823607802391,8645.0,0.0
95,1.122638676999486,97.1008,7.642460346221924,0.037181273102760315,0.02558261901140213,0.232421875,0.7132835388183594,0.03695386275649071,8632.0,0.0
96,1.1631870860001072,97.1008,7.839620113372803,0.04028145968914032,0.039543189108371735,0.23046875,0.7271716594696045,0.04118170589208603,8699.0,0.0
97,1.1678531049983576,97.1008,7.3219404220581055,0.018127691000699997,0.02103406935930252,0.23046875,0.6843622922897339,0.031053591519594193,8860.0,0.0
98,1.1277588779994403,97.1008,7.44694709777832,0.014442273415625095,0.0263909213244915,0.2294921875,0.6969382166862488,0.03153146430850029,8673.0,0.0
99,1.1497494430004735,97.1008,7.531779766082764,0.022851906716823578,0.029629455879330635,0.2265625,0.7065023183822632,0.030144711956381798,8637.0,0.0
100,1.1401101110022864,97.1008,7.7750959396362305,0.033857837319374084,0.02721218764781952,0.2265625,0.7268697619438171,0.034147582948207855,8654.0,0.0
101,1.1533237570038182,97.1008,7.279651165008545,0.02562386356294155,0.017223168164491653,0.2255859375,0.6802009344100952,0.029827913269400597,8864.0,0.0
102,1.1660987409995869,97.1008,7.155802249908447,0.023992028087377548,0.021098624914884567,0.2255859375,0.6685664057731628,0.03218066692352295,8641.0,0.0
103,1.160171593000996,97.1008,7.467149257659912,0.03136936575174332,0.03023507446050644,0.224609375,0.6942270994186401,0.03936021029949188,8664.0,0.0
104,1.1507323170008021,97.1008,7.470798969268799,0.028881076723337173,0.024130797013640404,0.2236328125,0.6957699656486511,0.03567235916852951,8690.0,0.0
105,1.1603441440020106,97.1008,7.124688625335693,0.020384078845381737,0.01287771761417389,0.2236328125,0.6628861427307129,0.03141000494360924,8841.0,0.0
106,1.1522109229990747,97.1008,6.890279293060303,0.016701767221093178,0.033825360238552094,0.2236328125,0.6430400609970093,0.029597267508506775,8671.0,0.0
107,1.1613237060009851,97.1008,7.100752353668213,0.025359980762004852,0.03332871198654175,0.2236328125,0.6622531414031982,0.03160903975367546,8650.0,0.0
108,1.1663745510013541,97.1008,7.301129341125488,0.030184712260961533,0.02150430902838707,0.22265625,0.6817471385002136,0.031461842358112335,8658.0,0.0
109,1.149610827997094,97.1008,7.258359909057617,0.026665009558200836,0.026588821783661842,0.22265625,0.675515353679657,0.031452760100364685,8835.0,0.0
110,1.1456129910002346,97.1008,7.108798503875732,0.02296232432126999,0.03764666989445686,0.2216796875,0.6626195311546326,0.03424509987235069,8637.0,0.0
111,1.153562608997163,97.1008,7.3140997886657715,0.02814016304910183,0.02416010946035385,0.2177734375,0.6799497604370117,0.037484534084796906,8689.0,0.0
112,1.1938347030009027,97.1008,7.301679611206055,0.028684983029961586,0.011634423397481441,0.2177734375,0.6817509531974792,0.0316908061504364,8673.0,0.0
113,1.1421792350010946,97.1008,7.31815242767334,0.03001897968351841,0.030773138627409935,0.21484375,0.6787693500518799,0.032562147825956345,8865.0,0.0
114,1.1444899269990856,97.1008,7.052793025970459,0.01896657422184944,0.04147404432296753,0.2138671875,0.6611676216125488,0.02743883989751339,8640.0,0.0
115,1.1611330900050234,97.1008,7.289869785308838,0.03078748844563961,0.026464661583304405,0.2138671875,0.6819027662277222,0.030302047729492188,8656.0,0.0
116,1.1799804979964392,97.1008,7.409622669219971,0.03818929195404053,0.021527865901589394,0.2138671875,0.6937105059623718,0.029699986800551414,8659.0,0.0
117,1.1481485760014039,97.1008,7.500999450683594,0.0369274765253067,0.04300976172089577,0.2119140625,0.6954865455627441,0.03385896980762482,8836.0,0.0
118,1.1451968290057266,97.1008,7.241060256958008,0.026381220668554306,0.0394647940993309,0.208984375,0.6741389036178589,0.03759893402457237,8656.0,0.0
119,1.1650746640007128,97.1008,7.226958274841309,0.02370666153728962,0.017223773524165154,0.2080078125,0.6738919615745544,0.03280913829803467,8706.0,0.0
120,1.1421430460031843,97.1008,7.266907691955566,0.025019511580467224,0.029504094272851944,0.2080078125,0.6800979375839233,0.02973049134016037,8635.0,0.0
121,1.137558682996314,97.1008,7.4238481521606445,0.030442841351032257,0.04097827151417732,0.2080078125,0.6880650520324707,0.031598906964063644,8867.0,0.0
122,1.1643685210001422,97.1008,6.956987380981445,0.015444009564816952,0.03649917244911194,0.2080078125,0.6512004137039185,0.028830092400312424,8629.0,0.0
123,1.1428841400047531,97.1008,7.148660182952881,0.025292186066508293,0.016804272308945656,0.20703125,0.6696007251739502,0.02882096916437149,8680.0,0.0
124,1.153091118001612,97.1008,7.316302299499512,0.03304140269756317,0.03107462450861931,0.20703125,0.6861038208007812,0.028949176892638206,8637.0,0.0
125,1.173408656999527,97.1008,7.6735076904296875,0.040783412754535675,0.05200251191854477,0.20703125,0.7114267349243164,0.03639994561672211,8785.0,0.0
126,1.1832416060060496,97.1008,7.447903633117676,0.02712220698595047,0.04120287299156189,0.20703125,0.6940631866455078,0.036780696362257004,8731.0,0.0
127,1.2011954240006162,97.1008,7.33624792098999,0.023058362305164337,0.015362929552793503,0.2060546875,0.6871579885482788,0.02965986728668213,8674.0,0.0
128,1.2040910620053182,97.1008,7.555408954620361,0.030967053025960922,0.030907001346349716,0.2060546875,0.7067531943321228,0.0315265953540802,8665.0,0.0
129,1.203138670003682,97.1008,7.61802339553833,0.03871368616819382,0.04727933555841446,0.2060546875,0.7118755578994751,0.030726954340934753,8691.0,0.0
130,1.2074539329987601,97.1008,7.182433128356934,0.02580934576690197,0.03712617605924606,0.2041015625,0.6717238426208496,0.029806649312376976,8803.0,0.0
131,1.2059449049993418,97.1008,7.085188865661621,0.02565911039710045,0.017901908606290817,0.203125,0.6640298962593079,0.027138426899909973,8667.0,0.0
132,1.1648754609996104,97.1008,7.302984237670898,0.033075001090765,0.034229230135679245,0.203125,0.6839341521263123,0.029928982257843018,8638.0,0.0
133,1.1508970009963377,97.1008,7.579505443572998,0.03963557630777359,0.048536334186792374,0.2021484375,0.7052106857299805,0.038531024008989334,8639.0,0.0
134,1.1474952190037584,97.1008,7.085597991943359,0.02153492346405983,0.043066903948783875,0.2001953125,0.6583166122436523,0.033349908888339996,8916.0,0.0
135,1.1539460610001697,97.1008,6.888845920562744,0.012077662162482738,0.01624925434589386,0.19921875,0.644524335861206,0.027666162699460983,8643.0,0.0
136,1.1343526400014525,97.1008,7.0393829345703125,0.01850118488073349,0.030131129547953606,0.1982421875,0.6576344966888428,0.029197201132774353,8665.0,0.0
137,1.1381360119994497,97.1008,7.13926362991333,0.027289047837257385,0.041531458497047424,0.197265625,0.6662470102310181,0.031067578122019768,8635.0,0.0
138,1.1374701889944845,97.1008,7.0712175369262695,0.022616270929574966,0.03757161647081375,0.197265625,0.6581355333328247,0.02980731800198555,8873.0,0.0
139,1.1248607550005545,97.1008,6.932048320770264,0.021756362169981003,0.0254724882543087,0.197265625,0.649145245552063,0.027215128764510155,8638.0,0.0
140,1.1336459960002685,97.1008,7.242556095123291,0.03671364486217499,0.015904625877738,0.1943359375,0.6762139797210693,0.03227314352989197,8642.0,0.0
141,1.1212939830002142,97.1008,7.5050482749938965,0.04557332396507263,0.0415244959294796,0.1943359375,0.6967815160751343,0.0382942296564579,8685.0,0.0
142,1.1394553950012778,97.1008,7.355024337768555,0.02896425873041153,0.04842087998986244,0.1943359375,0.6855065226554871,0.03011908195912838,8868.0,0.0
143,1.1374601809948217,97.1008,7.207494735717773,0.020824916660785675,0.025815699249505997,0.1943359375,0.6755263209342957,0.028834817931056023,8637.0,0.0
144,1.142022561005433,97.1008,7.289493083953857,0.0203643087297678,0.015390920452773571,0.193359375,0.6839916706085205,0.02721145562827587,8672.0,0.0
145,1.1285194029987906,97.1008,7.458637237548828,0.02745186723768711,0.033233754336833954,0.193359375,0.6970341205596924,0.031218869611620903,8652.0,0.0
146,1.1458229510026285,97.1008,7.289808750152588,0.024985434487462044,0.04241636395454407,0.193359375,0.6783260107040405,0.029226480051875114,8855.0,0.0
147,1.1473142449976876,97.1008,7.070943832397461,0.01783287525177002,0.036048222333192825,0.1923828125,0.6622015237808228,0.02847607247531414,8636.0,0.0
148,1.1450112989987247,97.1008,7.295775890350342,0.02859002724289894,0.019432993605732918,0.1923828125,0.6796700358390808,0.03557587414979935,8641.0,0.0
149,1.150115699005255,97.1008,7.375998497009277,0.03205428272485733,0.03237006440758705,0.1923828125,0.6850106120109558,0.03647046163678169,8722.0,0.0
150,1.131890853997902,97.1008,7.075752258300781,0.02603316679596901,0.04572761058807373,0.19140625,0.6561555862426758,0.030351992696523666,8836.0,0.0
151,1.1272722409994458,97.1008,6.808584690093994,0.02003662660717964,0.037819746881723404,0.19140625,0.6360031366348267,0.0284271240234375,8659.0,0.0
152,1.1450120519948541,97.1008,6.990991592407227,0.026052158325910568,0.025150025263428688,0.1904296875,0.6539263725280762,0.028305312618613243,8644.0,0.0
153,1.1344642100011697,97.1008,7.272363185882568,0.03324226289987564,0.018195314332842827,0.189453125,0.6794916987419128,0.030082672834396362,8671.0,0.0
154,1.1292276460007997,97.1008,7.500768661499023,0.03629986196756363,0.03193233162164688,0.189453125,0.6974972486495972,0.029208943247795105,8841.0,0.0
155,1.1342260479941615,97.1008,7.232234001159668,0.027773456647992134,0.04521247744560242,0.1884765625,0.6772807836532593,0.0302111953496933,8634.0,0.0
156,1.1303953179958626,97.1008,7.384719371795654,0.037358663976192474,0.034156400710344315,0.1875,0.6873054504394531,0.03637610375881195,8690.0,0.0
157,1.136049169996113,97.1008,7.309378147125244,0.032261863350868225,0.013340010307729244,0.1875,0.6836995482444763,0.030329784378409386,8672.0,0.0
158,1.1196915010004886,97.1008,7.487181663513184,0.03111352026462555,0.028619129210710526,0.1875,0.6942286491394043,0.03175695240497589,8821.0,0.0
159,1.1343393409988494,97.1008,7.110363006591797,0.01191637758165598,0.04755745828151703,0.1865234375,0.6674014329910278,0.026412904262542725,8684.0,0.0
160,1.1304769679991296,97.1008,7.244918346405029,0.014004608616232872,0.03658466041088104,0.1865234375,0.6785174608230591,0.028738712891936302,8660.0,0.0
161,1.1328419990022667,97.1008,7.3423752784729,0.017691805958747864,0.018518012017011642,0.185546875,0.6884704828262329,0.0277086328715086,8660.0,0.0
162,1.146919284001342,97.1008,7.553396701812744,0.02792857587337494,0.022192390635609627,0.1845703125,0.7031329870223999,0.03087081015110016,8739.0,0.0
163,1.1502618629965582,97.1008,7.254012107849121,0.02111586555838585,0.039220232516527176,0.1845703125,0.677545428276062,0.033409930765628815,8730.0,0.0
164,1.1563409469963517,97.1008,7.438521862030029,0.022579673677682877,0.04459002614021301,0.1845703125,0.6936141848564148,0.03463398665189743,8709.0,0.0
165,1.1630177640035981,97.1008,7.350885391235352,0.023187631741166115,0.029086900874972343,0.18359375,0.6897430419921875,0.02777140401303768,8656.0,0.0
166,1.1509179740023683,97.1008,7.450010776519775,0.03181835263967514,0.021314259618520737,0.18359375,0.6951891779899597,0.031610094010829926,8689.0,0.0
167,1.1593371970011503,97.1008,6.9570417404174805,0.016686217859387398,0.034289006143808365,0.18359375,0.6507109999656677,0.02786971628665924,8808.0,0.0
168,1.163863981004397,97.1008,7.011457443237305,0.02172306552529335,0.04154804348945618,0.18359375,0.6546099185943604,0.029269911348819733,8680.0,0.0
169,1.1412480330036487,97.1008,7.237040996551514,0.02339073456823826,0.03839510306715965,0.1826171875,0.6787667274475098,0.02714952453970909,8639.0,0.0
170,1.1473691619976307,97.1008,7.4596734046936035,0.026437189429998398,0.023690080270171165,0.181640625,0.6961096525192261,0.03307778760790825,8637.0,0.0
171,1.137586878001457,97.1008,7.552651882171631,0.02338743396103382,0.01999793015420437,0.181640625,0.7021924257278442,0.037124715745449066,8862.0,0.0
172,1.147736964005162,97.1008,7.238434791564941,0.013634249567985535,0.047596924006938934,0.181640625,0.6773408651351929,0.029306523501873016,8698.0,0.0
173,1.1381646310037468,97.1008,7.285065174102783,0.0194715466350317,0.04399976134300232,0.181640625,0.6827030181884766,0.028682060539722443,8637.0,0.0
174,1.139599663001718,97.1008,7.383803844451904,0.026280077174305916,0.02670367807149887,0.181640625,0.69072425365448,0.029369544237852097,8663.0,0.0
175,1.1473851629998535,97.1008,7.259553909301758,0.02125011757016182,0.017133796587586403,0.1796875,0.6771199107170105,0.030175819993019104,8849.0,0.0
176,1.150786699996388,97.1008,7.081585884094238,0.013917585834860802,0.03332376480102539,0.1796875,0.6642706394195557,0.02683079056441784,8667.0,0.0
177,1.1521056229976239,97.1008,7.172562122344971,0.02167453244328499,0.04095321521162987,0.1796875,0.6725374460220337,0.02778795175254345,8635.0,0.0
178,1.131385553002474,97.1008,7.433640956878662,0.031572237610816956,0.036034829914569855,0.1796875,0.6929978132247925,0.03510693088173866,8636.0,0.0
179,1.1518911629973445,97.1008,7.395542621612549,0.029223717749118805,0.020864514634013176,0.1796875,0.6851937174797058,0.03654744476079941,8882.0,0.0
180,1.140685106998717,97.1008,7.026578903198242,0.014538707211613655,0.03225366398692131,0.1796875,0.659066379070282,0.026752067729830742,8675.0,0.0
181,1.1230035330008832,97.1008,7.158365249633789,0.02244613878428936,0.03578202798962593,0.1796875,0.6699473857879639,0.028424223884940147,8669.0,0.0
182,1.1172547189999023,97.1008,7.215343952178955,0.030400961637496948,0.03373362869024277,0.1787109375,0.6756129264831543,0.02830611541867256,8638.0,0.0
183,1.1228976659986074,97.1008,7.28044319152832,0.030322592705488205,0.033310964703559875,0.1787109375,0.6765410304069519,0.030854519456624985,8849.0,0.0
184,1.124092842997925,97.1008,6.863663196563721,0.01521325297653675,0.02182106114923954,0.177734375,0.6434208750724792,0.025859352201223373,8661.0,0.0
185,1.1320674529997632,97.1008,7.1403489112854,0.023108379915356636,0.02043071575462818,0.177734375,0.668177604675293,0.029760023579001427,8638.0,0.0
186,1.1291130470053758,97.1008,7.399231433868408,0.03471571207046509,0.030775444582104683,0.177734375,0.687936007976532,0.03754989802837372,8665.0,0.0
187,1.1480458360019838,97.1008,7.277627468109131,0.026270732283592224,0.03863392025232315,0.177734375,0.6738261580467224,0.03256092965602875,8891.0,0.0
188,1.1565834139983053,97.1008,6.89906120300293,0.013059758581221104,0.028082311153411865,0.1767578125,0.6463407278060913,0.027159996330738068,8636.0,0.0
189,1.1312050069973338,97.1008,7.079549312591553,0.01767907664179802,0.020376957952976227,0.1767578125,0.6635950803756714,0.026864714920520782,8670.0,0.0
190,1.150244684999052,97.1008,7.333388805389404,0.029124457389116287,0.01980401761829853,0.1767578125,0.6861281394958496,0.029378077015280724,8649.0,0.0
191,1.1377984439968714,97.1008,7.387774467468262,0.03281650319695473,0.027287308126688004,0.17578125,0.6855335235595703,0.02935798466205597,8847.0,0.0
192,1.1304626199998893,97.1008,7.0236921310424805,0.017986571416258812,0.03242617845535278,0.17578125,0.6591750979423523,0.026214148849248886,8645.0,0.0
193,1.1312877089949325,97.1008,7.21288537979126,0.02690182998776436,0.022027738392353058,0.1748046875,0.6739622950553894,0.03208078444004059,8646.0,0.0
194,1.1316441270028008,97.1008,7.342712879180908,0.03476731851696968,0.016793370246887207,0.173828125,0.683788001537323,0.03591887280344963,8679.0,0.0
195,1.1268382920025033,97.1008,7.266546249389648,0.03037894517183304,0.019495263695716858,0.173828125,0.6746439933776855,0.030513158068060875,8807.0,0.0
196,1.1325440130021889,97.1008,6.884361743927002,0.01642589643597603,0.029858550056815147,0.173828125,0.6436057090759277,0.027910243719816208,8734.0,0.0
197,1.126111885998398,97.1008,6.900437831878662,0.01902657002210617,0.03137262165546417,0.173828125,0.6466493606567383,0.02613561972975731,8642.0,0.0
198,1.1292832539984374,97.1008,7.100762844085693,0.02929789386689663,0.023398688063025475,0.173828125,0.6636084318161011,0.029373914003372192,8653.0,0.0
199,1.1274998239969136,97.1008,7.297004699707031,0.03594560921192169,0.010907093994319439,0.173828125,0.6812469959259033,0.028866812586784363,8712.0,0.0
200,1.1290982730060932,97.1008,7.061626434326172,0.02396455779671669,0.023798003792762756,0.173828125,0.66081702709198,0.02863636612892151,8782.0,0.0
201,1.1349124960033805,97.1008,7.2402238845825195,0.02861177921295166,0.029913071542978287,0.173828125,0.6732510328292847,0.03510488569736481,8670.0,0.0
202,1.1233416030008812,97.1008,7.258453845977783,0.0279683917760849,0.028614915907382965,0.173828125,0.6772648096084595,0.031183114275336266,8691.0,0.0
203,1.1345415379983024,97.1008,7.295236110687256,0.0318407267332077,0.015562348067760468,0.173828125,0.681633472442627,0.03004351258277893,8649.0,0.0
204,1.134816066994972,97.1008,7.111971378326416,0.021487215533852577,0.016356665641069412,0.173828125,0.6650897264480591,0.027618855237960815,8855.0,0.0
205,1.129610280993802,97.1008,7.164363384246826,0.021715212613344193,0.027854450047016144,0.173828125,0.6716423034667969,0.027843695133924484,8646.0,0.0
206,1.1260675329976948,97.1008,7.278100490570068,0.02667713537812233,0.026674561202526093,0.1728515625,0.6826561689376831,0.02732844650745392,8666.0,0.0
207,1.1321572669985471,97.1008,7.3778157234191895,0.031019898131489754,0.021333584561944008,0.1728515625,0.6910219192504883,0.028820974752306938,8640.0,0.0
208,1.129819822999707,97.1008,7.328425884246826,0.02481336146593094,0.02021348662674427,0.1728515625,0.683285117149353,0.03225194662809372,8836.0,0.0
209,1.1236482790045557,97.1008,7.200821876525879,0.019121820107102394,0.017010817304253578,0.1728515625,0.6705670356750488,0.03438766300678253,8686.0,0.0
210,1.120362153997121,97.1008,7.140800476074219,0.015284446999430656,0.02059931680560112,0.1728515625,0.6686150431632996,0.027580928057432175,8670.0,0.0
211,1.1252763610027614,97.1008,7.284234523773193,0.02415793389081955,0.025038698688149452,0.1728515625,0.680304229259491,0.030287882313132286,8666.0,0.0
212,1.1233547890005866,97.1008,7.1361589431762695,0.019887538626790047,0.020161766558885574,0.1728515625,0.6654599905014038,0.027185797691345215,8837.0,0.0
213,1.121658005999052,97.1008,6.970250606536865,0.016959819942712784,0.017834724858403206,0.1728515625,0.6522706747055054,0.02773491106927395,8658.0,0.0
214,1.1288920189981582,97.1008,6.980403423309326,0.020491881296038628,0.01688399910926819,0.171875,0.6540235280990601,0.02604791522026062,8659.0,0.0
215,1.144455988003756,97.1008,7.264763832092285,0.029736852273344994,0.023228129372000694,0.171875,0.6792466044425964,0.02985062263906002,8632.0,0.0
216,1.1236597289971542,97.1008,7.3851237297058105,0.031117554754018784,0.02382330223917961,0.171875,0.6837844848632812,0.036502376198768616,8836.0,0.0
217,1.1455354610006907,97.1008,7.034709930419922,0.01703941635787487,0.01946096494793892,0.171875,0.6566979885101318,0.03083798848092556,8723.0,0.0
218,1.1528230580006493,97.1008,7.00193452835083,0.01806253008544445,0.010716228745877743,0.171875,0.6563632488250732,0.026331644505262375,8637.0,0.0
219,1.1585509849974187,97.1008,7.22378396987915,0.025145038962364197,0.01778222806751728,0.171875,0.6757871508598328,0.02846827171742916,8661.0,0.0
220,1.145756325997354,97.1008,7.242367744445801,0.024770671501755714,0.019837751984596252,0.171875,0.6726083159446716,0.02985323965549469,8838.0,0.0
221,1.1454199049985618,97.1008,6.940388202667236,0.012310001999139786,0.023264266550540924,0.171875,0.6501758098602295,0.026633307337760925,8676.0,0.0
222,1.1389810729961027,97.1008,7.0143022537231445,0.01563938334584236,0.024585600942373276,0.171875,0.6574887633323669,0.02573150396347046,8641.0,0.0
223,1.1421443239960354,97.1008,7.283957004547119,0.026179499924182892,0.01480330340564251,0.171875,0.6802892684936523,0.03151458501815796,8629.0,0.0
224,1.1460056979994988,97.1008,7.3810343742370605,0.030438996851444244,0.018506336957216263,0.171875,0.6795897483825684,0.03717534989118576,8887.0,0.0
225,1.1387465270017856,97.1008,6.67036771774292,0.009187893010675907,0.02396109141409397,0.171875,0.6232287883758545,0.02697804942727089,8672.0,0.0
226,1.1648457040064386,97.1008,6.75299596786499,0.014277668669819832,0.022125793620944023,0.171875,0.6303979754447937,0.028190884739160538,8655.0,0.0
227,1.1752093399991281,97.1008,7.038931369781494,0.018851030617952347,0.01752554439008236,0.171875,0.6591852903366089,0.026693161576986313,8645.0,0.0
228,1.162489825997909,97.1008,7.251317977905273,0.025200044736266136,0.009224527515470982,0.171875,0.6715167760848999,0.03099796734750271,8813.0,0.0
229,1.1770016959999339,97.1008,6.835044860839844,0.010556552559137344,0.018357660621404648,0.171875,0.6407531499862671,0.025212973356246948,8703.0,0.0
230,1.214535885002988,97.1008,7.001506805419922,0.018779700621962547,0.02542828768491745,0.171875,0.6557751893997192,0.027019362896680832,8639.0,0.0
231,1.1967402060035965,97.1008,7.3005242347717285,0.03654830902814865,0.018750835210084915,0.171875,0.681154727935791,0.03401742875576019,8626.0,0.0
232,1.1870897059998242,97.1008,7.437277793884277,0.038424860686063766,0.011633947491645813,0.1708984375,0.6890115737915039,0.03474672883749008,8802.0,0.0
233,1.184849541998119,97.1008,7.025303363800049,0.015013380907475948,0.015979979187250137,0.1708984375,0.6588309407234192,0.026027938351035118,8763.0,0.0
234,1.1645039770010044,97.1008,7.056618690490723,0.01683875545859337,0.01576128602027893,0.1708984375,0.6607596278190613,0.027083745226264,8665.0,0.0
235,1.1787479220001842,97.1008,7.197268009185791,0.02082042768597603,0.01788332685828209,0.1708984375,0.6749329566955566,0.027574356645345688,8628.0,0.0
236,1.1755201499981922,97.1008,7.441807270050049,0.02626015804708004,0.009939270094037056,0.1708984375,0.6947025656700134,0.03017391823232174,8696.0,0.0
237,1.1625869010022143,97.1008,7.092611789703369,0.014301035553216934,0.01829805038869381,0.1708984375,0.66437166929245,0.025791358202695847,8822.0,0.0
238,1.161151317995973,97.1008,7.241334438323975,0.017852598801255226,0.017872460186481476,0.1689453125,0.6781845092773438,0.029590152204036713,8639.0,0.0
239,1.1571549929940375,97.1008,7.495523452758789,0.027175404131412506,0.013684021309018135,0.1689453125,0.697808027267456,0.0354732945561409,8680.0,0.0
240,1.18553288399562,97.1008,7.458006381988525,0.028151873499155045,0.0161132849752903,0.1689453125,0.6971257925033569,0.030176542699337006,8675.0,0.0
241,1.1646785769989947,97.1008,7.190060138702393,0.018870724365115166,0.014144078828394413,0.1689453125,0.671879768371582,0.028161268681287766,8837.0,0.0
242,1.1607527589949314,97.1008,7.014000415802002,0.017206497490406036,0.007826232351362705,0.16796875,0.6587004065513611,0.02472013235092163,8672.0,0.0
243,1.1490685430035228,97.1008,7.275570392608643,0.02969467267394066,0.014223494566977024,0.16796875,0.6824301481246948,0.02745172008872032,8647.0,0.0
244,1.145669039004133,97.1008,7.341455459594727,0.03393340855836868,0.019571440294384956,0.16796875,0.6879123449325562,0.02759779617190361,8658.0,0.0
245,1.1518033529937384,97.1008,7.239555835723877,0.027144968509674072,0.014178839512169361,0.1689453125,0.6759732961654663,0.028074776753783226,8839.0,0.0
246,1.1439722150025773,97.1008,7.187737941741943,0.02392662689089775,0.017566053196787834,0.1689453125,0.6716513633728027,0.03224148973822594,8635.0,0.0
247,1.1474666279973462,97.1008,7.204445838928223,0.027291353791952133,0.014578134752810001,0.1689453125,0.6708425879478455,0.032737892121076584,8724.0,0.0
248,1.140181846996711,97.1008,7.183024883270264,0.025461098179221153,0.015704169869422913,0.1689453125,0.6722924113273621,0.027204833924770355,8636.0,0.0
249,1.1463415039979736,97.1008,7.209104061126709,0.022012347355484962,0.018438640981912613,0.1689453125,0.6716744303703308,0.02827659249305725,8869.0,0.0
250,1.1421372490003705,97.1008,7.0386834144592285,0.011621850542724133,0.01729418709874153,0.1689453125,0.6610792875289917,0.024905383586883545,8632.0,0.0
251,1.1490873570000986,97.1008,7.192861557006836,0.019438957795500755,0.013505766168236732,0.1689453125,0.6738133430480957,0.026479091495275497,8676.0,0.0
252,1.1486066510042292,97.1008,7.387730121612549,0.026093551889061928,0.016917359083890915,0.1689453125,0.6934377551078796,0.02598726376891136,8639.0,0.0
253,1.1436246499943081,97.1008,7.442035675048828,0.029545679688453674,0.01682482659816742,0.16796875,0.6922292113304138,0.031239068135619164,8842.0,0.0
254,1.1410521540019545,97.1008,7.244926929473877,0.02272980287671089,0.01455705426633358,0.16796875,0.6756234169006348,0.03423130139708519,8665.0,0.0
255,1.149794197997835,97.1008,7.103517055511475,0.022157736122608185,0.017067397013306618,0.16796875,0.6642535924911499,0.027905628085136414,8690.0,0.0
256,1.1451687470034813,97.1008,7.194335460662842,0.027819521725177765,0.01554927695542574,0.16796875,0.6731840372085571,0.028213102370500565,8636.0,0.0
257,1.1439334739989135,97.1008,7.236525058746338,0.02967981994152069,0.012610874138772488,0.1669921875,0.6716498136520386,0.028084646910429,8872.0,0.0
258,1.134912320994772,97.1008,6.856523036956787,0.016345573589205742,0.017834415659308434,0.1669921875,0.6425442099571228,0.02663244679570198,8653.0,0.0
259,1.1313424609979847,97.1008,6.932820796966553,0.019332438707351685,0.014731057919561863,0.1669921875,0.6500285863876343,0.02514038048684597,8660.0,0.0
260,1.1385928519957815,97.1008,7.04310417175293,0.02793705090880394,0.012625225819647312,0.1669921875,0.6595369577407837,0.026783235371112823,8636.0,0.0
261,1.1341135690017836,97.1008,7.256421089172363,0.03443245589733124,0.020662078633904457,0.1669921875,0.6710144877433777,0.03408912569284439,8816.0,0.0
262,1.129223723000905,97.1008,6.956851959228516,0.016004618257284164,0.017503174021840096,0.1669921875,0.6483908891677856,0.0320286899805069,8702.0,0.0
263,1.1367793600002187,97.1008,6.859907627105713,0.009263819083571434,0.010664785280823708,0.1669921875,0.6428475379943848,0.024976884946227074,8672.0,0.0
264,1.1367134210013319,97.1008,7.020367622375488,0.019998442381620407,0.019045379012823105,0.1669921875,0.6553924083709717,0.027419602498412132,8662.0,0.0
265,1.1422636439965572,97.1008,7.160985946655273,0.025887543335556984,0.015844808891415596,0.1669921875,0.6656408309936523,0.028378814458847046,8742.0,0.0
266,1.1494308709952747,97.1008,6.833770751953125,0.012762991711497307,0.0167162474244833,0.166015625,0.6386318206787109,0.026529069989919662,8763.0,0.0
267,1.1484831160050817,97.1008,6.932444095611572,0.015391011722385883,0.019125964492559433,0.166015625,0.6504698395729065,0.023690115660429,8648.0,0.0
268,1.1431285010039574,97.1008,7.139203071594238,0.027939405292272568,0.011578807607293129,0.166015625,0.6681451797485352,0.028516370803117752,8630.0,0.0
269,1.1714592720018118,97.1008,7.423280239105225,0.04386056959629059,0.0191558338701725,0.166015625,0.6883797645568848,0.03655586391687393,8707.0,0.0
270,1.1516893459993298,97.1008,6.835373878479004,0.019523922353982925,0.027340248227119446,0.166015625,0.6378293633460999,0.027326472103595734,8855.0,0.0
271,1.1506322280038148,97.1008,6.820092678070068,0.01617891900241375,0.009908325038850307,0.166015625,0.6393583416938782,0.025176672264933586,8638.0,0.0
272,1.1409379449978587,97.1008,6.998108863830566,0.020539261400699615,0.022918714210391045,0.166015625,0.655562162399292,0.025367461144924164,8663.0,0.0
273,1.1450498759950278,97.1008,7.14944314956665,0.02694018930196762,0.027606874704360962,0.166015625,0.6668753623962402,0.02862228825688362,8674.0,0.0
274,1.142455549997976,97.1008,6.956709384918213,0.015163671225309372,0.010912270285189152,0.166015625,0.6508432626724243,0.02498432621359825,8841.0,0.0
275,1.1402119280028273,97.1008,6.881552696228027,0.014825437217950821,0.028710270300507545,0.166015625,0.6451194286346436,0.024687159806489944,8638.0,0.0
276,1.1500793419982074,97.1008,7.20347261428833,0.028622880578041077,0.022899938747286797,0.166015625,0.6727189421653748,0.031083067879080772,8632.0,0.0
277,1.1515042850005557,97.1008,7.425661087036133,0.033904723823070526,0.01298210397362709,0.166015625,0.6908814311027527,0.03501572459936142,8689.0,0.0
278,1.157440538998344,97.1008,6.964437961578369,0.017787590622901917,0.027416318655014038,0.166015625,0.6492265462875366,0.026351042091846466,8871.0,0.0
279,1.1608815450017573,97.1008,6.801858425140381,0.012483727186918259,0.02364032343029976,0.1650390625,0.6359496116638184,0.025972824543714523,8663.0,0.0
280,1.1592558480042499,97.1008,7.004126071929932,0.017667196691036224,0.010150094516575336,0.1650390625,0.6570566892623901,0.024993430823087692,8631.0,0.0
281,1.1578064959976473,97.1008,7.180002212524414,0.026253223419189453,0.024616315960884094,0.1650390625,0.6707743406295776,0.028736716136336327,8661.0,0.0
282,1.1485570859949803,97.1008,7.083032608032227,0.02147352695465088,0.02257518284022808,0.1640625,0.6610717177391052,0.025441624224185944,8859.0,0.0
283,1.1437502699991455,97.1008,7.032815456390381,0.016769278794527054,0.010126977227628231,0.1640625,0.659321129322052,0.02651497721672058,8629.0,0.0
284,1.1584732989940676,97.1008,7.315874099731445,0.027001937851309776,0.02607334963977337,0.1640625,0.6815787553787231,0.03379882872104645,8656.0,0.0
285,1.1612045470028534,97.1008,7.307818412780762,0.024914709851145744,0.03458710387349129,0.1640625,0.6821426153182983,0.030122309923171997,8699.0,0.0
286,1.1585944410035154,97.1008,7.1740617752075195,0.017941799014806747,0.01173940859735012,0.1630859375,0.6667305827140808,0.027850016951560974,8841.0,0.0
287,1.1558018019932206,97.1008,6.922728538513184,0.006316228304058313,0.04013267904520035,0.1630859375,0.6494066715240479,0.02466745674610138,8658.0,0.0
288,1.156101911998121,97.1008,7.105012893676758,0.015439806506037712,0.032952506095170975,0.1630859375,0.6655412912368774,0.026439696550369263,8651.0,0.0
289,1.1556596930022351,97.1008,7.224802017211914,0.021774012595415115,0.010349593125283718,0.1630859375,0.6768185496330261,0.026153944432735443,8662.0,0.0
290,1.1671441669968772,97.1008,7.237207412719727,0.02117522619664669,0.03714292496442795,0.1630859375,0.6731405258178711,0.02699202112853527,8842.0,0.0
291,1.1623160780000035,97.1008,7.094897270202637,0.013004781678318977,0.04001126065850258,0.1630859375,0.6644684076309204,0.02903943881392479,8631.0,0.0
292,1.2039189949937281,97.1008,7.250086784362793,0.018775243312120438,0.01067223958671093,0.1630859375,0.6761684417724609,0.03276222199201584,8682.0,0.0
293,1.1798410519986646,97.1008,7.199667453765869,0.017602693289518356,0.04384097829461098,0.1630859375,0.6740264296531677,0.026916464790701866,8676.0,0.0
294,1.1744955100002699,97.1008,7.2943010330200195,0.02103791944682598,0.04668010398745537,0.1630859375,0.6759194731712341,0.029333962127566338,8855.0,0.0
295,1.173535173998971,97.1008,6.836392879486084,0.008996883407235146,0.0075248610228300095,0.1630859375,0.6421675086021423,0.023135147988796234,8651.0,0.0
296,1.1846559929981595,97.1008,7.045426368713379,0.019161563366651535,0.050614532083272934,0.1630859375,0.6603448390960693,0.025928614661097527,8651.0,0.0
297,1.1815880340000149,97.1008,7.243527889251709,0.026688333600759506,0.04305047169327736,0.1630859375,0.6795518398284912,0.02498982474207878,8658.0,0.0
298,1.1772659359994577,97.1008,7.47377872467041,0.03303029388189316,0.0082970866933465,0.1630859375,0.6952144503593445,0.02953045442700386,8762.0,0.0
299,1.177586183999665,97.1008,7.19218635559082,0.02072344906628132,0.04756637290120125,0.1630859375,0.6700950860977173,0.03257337585091591,8729.0,0.0
300,1.1730183149993536,97.1008,7.1144633293151855,0.015805602073669434,0.04699821397662163,0.162109375,0.6646474599838257,0.02857968769967556,8703.0,0.0
301,1.1741011109988904,97.1008,7.269444942474365,0.01747763529419899,0.012243270874023438,0.162109375,0.682658851146698,0.025500496849417686,8642.0,0.0
302,1.1736921129995608,97.1008,7.310359477996826,0.023733504116535187,0.04351324215531349,0.162109375,0.6826978921890259,0.027687538415193558,8729.0,0.0
303,1.175508925000031,97.1008,6.8537139892578125,0.0137483486905694,0.0541350357234478,0.162109375,0.6419538855552673,0.02528822235763073,8775.0,0.0
304,1.1717200780040002,97.1008,6.862834930419922,0.015298297628760338,0.019153477624058723,0.162109375,0.6426475048065186,0.024256329983472824,8673.0,0.0
305,1.177364545997989,97.1008,7.038628101348877,0.019481990486383438,0.03452914580702782,0.162109375,0.6599907279014587,0.02477453462779522,8637.0,0.0
306,1.1672490650016698,97.1008,7.282470226287842,0.029458343982696533,0.056865349411964417,0.162109375,0.6788379549980164,0.031791310757398605,8663.0,0.0
307,1.1725058750016615,97.1008,7.099581241607666,0.021415505558252335,0.02724539302289486,0.162109375,0.6594793200492859,0.033208176493644714,8861.0,0.0
308,1.1711124180001207,97.1008,6.725977897644043,0.013833769597113132,0.029794389382004738,0.162109375,0.629051148891449,0.02506307139992714,8669.0,0.0
309,1.1649367569989408,97.1008,6.888236045837402,0.021357644349336624,0.05039644613862038,0.1611328125,0.6425491571426392,0.02677237242460251,8660.0,0.0
310,1.1697941849997733,97.1008,6.965670585632324,0.027456216514110565,0.03597960248589516,0.1611328125,0.6509400606155396,0.02564048394560814,8651.0,0.0
311,1.1663761340023484,97.1008,6.9380340576171875,0.019664987921714783,0.012458321638405323,0.1611328125,0.6460294723510742,0.02647232636809349,8848.0,0.0
312,1.1693919350000215,97.1008,6.81669282913208,0.013572471216320992,0.05318380519747734,0.1611328125,0.6395561695098877,0.02297648787498474,8655.0,0.0
313,1.1893309540027985,97.1008,7.061932563781738,0.02188006229698658,0.048083435744047165,0.1611328125,0.6619945764541626,0.025718798860907555,8633.0,0.0
314,1.1708354270012933,97.1008,7.350996017456055,0.03372202068567276,0.010740801692008972,0.1611328125,0.6847481727600098,0.03372226655483246,8643.0,0.0
315,1.1726209199987352,97.1008,7.158402919769287,0.02132243849337101,0.04631832614541054,0.1611328125,0.6641814112663269,0.030785921961069107,8922.0,0.0
316,1.1757179139967775,97.1008,6.8890204429626465,0.0069069815799593925,0.06034352630376816,0.1611328125,0.6467082500457764,0.023833464831113815,8632.0,0.0
317,1.1830552159954095,97.1008,7.004409313201904,0.016056451946496964,0.02580101788043976,0.16015625,0.6557571291923523,0.025498900562524796,8667.0,0.0
318,1.1879188759994577,97.1008,7.173926830291748,0.024537373334169388,0.034973643720149994,0.16015625,0.670931339263916,0.027432825416326523,8644.0,0.0
319,1.1813129430011031,97.1008,7.066223621368408,0.023121081292629242,0.06207321211695671,0.16015625,0.656578540802002,0.027384527027606964,8876.0,0.0
320,1.1925715079996735,97.1008,6.67907190322876,0.014228012412786484,0.04739384353160858,0.16015625,0.6262713670730591,0.02330138348042965,8632.0,0.0
321,1.2077368020036374,97.1008,7.029952526092529,0.02642829343676567,0.016580570489168167,0.16015625,0.6573124527931213,0.028506126254796982,8634.0,0.0
322,1.1707536359972437,97.1008,7.2290754318237305,0.03445841372013092,0.056030601263046265,0.16015625,0.6706287264823914,0.03461434692144394,8689.0,0.0
323,1.1707909399992786,97.1008,7.1033034324646,0.021502431482076645,0.057480696588754654,0.16015625,0.6590678095817566,0.028082918375730515,8873.0,0.0
324,1.1733467029989697,97.1008,6.949471473693848,0.010253095999360085,0.015668731182813644,0.16015625,0.6513687968254089,0.025401776656508446,8633.0,0.0
325,1.1733414780028397,97.1008,6.995826244354248,0.013067292049527168,0.040412209928035736,0.16015625,0.6564320921897888,0.023296687752008438,8668.0,0.0
326,1.1669334109974443,97.1008,7.239406585693359,0.02263653092086315,0.06006837636232376,0.16015625,0.6769878268241882,0.026838000863790512,8651.0,0.0
327,1.1669959310020204,97.1008,7.29585599899292,0.022503981366753578,0.037936557084321976,0.16015625,0.6787939071655273,0.026178931817412376,8860.0,0.0
328,1.1719137500040233,97.1008,6.8836541175842285,0.009950226172804832,0.025740250945091248,0.16015625,0.6465339064598083,0.024100512266159058,8639.0,0.0
329,1.1798695499965106,97.1008,7.090068817138672,0.019659383222460747,0.05938046798110008,0.16015625,0.6614333391189575,0.030671095475554466,8637.0,0.0
330,1.1925313059982727,97.1008,7.151886463165283,0.025390125811100006,0.052521031349897385,0.16015625,0.6649936437606812,0.031363409012556076,8723.0,0.0
331,1.2007580970021081,97.1008,7.087116241455078,0.022440794855356216,0.012742510996758938,0.16015625,0.658650815486908,0.026446571573615074,8797.0,0.0
332,1.1949881040054606,97.1008,6.789929389953613,0.009946138598024845,0.050832413136959076,0.16015625,0.6359726190567017,0.024078261107206345,8707.0,0.0
333,1.1975071839988232,97.1008,6.900040149688721,0.01652851700782776,0.06736049801111221,0.16015625,0.6468245983123779,0.024023015052080154,8637.0,0.0
334,1.1935250270034885,97.1008,7.066725730895996,0.026843372732400894,0.03236933797597885,0.16015625,0.6611944437026978,0.025800500065088272,8677.0,0.0
335,1.1872460680024233,97.1008,7.182715892791748,0.028928570449352264,0.024338331073522568,0.16015625,0.6700088977813721,0.025698786601424217,8736.0,0.0
336,1.1845299039996462,97.1008,6.8313398361206055,0.014987736940383911,0.06310945004224777,0.16015625,0.6386033892631531,0.026825424283742905,8739.0,0.0
337,1.2017242049987544,97.1008,6.905006408691406,0.02024419978260994,0.05875934287905693,0.16015625,0.6413589715957642,0.03238583356142044,8685.0,0.0
338,1.2108934800053248,97.1008,6.953497409820557,0.01623256877064705,0.015121378004550934,0.16015625,0.64957594871521,0.02623888850212097,8666.0,0.0
339,1.2022118539971416,97.1008,7.028639316558838,0.01717359758913517,0.04730399325489998,0.16015625,0.6554141640663147,0.027463695034384727,8681.0,0.0
340,1.2015968799969414,97.1008,6.801486015319824,0.00389373442158103,0.0730564296245575,0.16015625,0.6365151405334473,0.023557089269161224,8826.0,0.0
341,1.203442243997415,97.1008,6.8665900230407715,0.009855861775577068,0.04645553603768349,0.16015625,0.6429274082183838,0.024987613782286644,8654.0,0.0
342,1.212456672998087,97.1008,7.043524742126465,0.018529150635004044,0.014448470436036587,0.1591796875,0.6600052714347839,0.024027343839406967,8653.0,0.0
343,1.183246095002687,97.1008,7.206642150878906,0.025854680687189102,0.064101941883564,0.1591796875,0.6730424761772156,0.027222901582717896,8657.0,0.0
344,1.1853880049966392,97.1008,7.069618225097656,0.019707247614860535,0.0727691799402237,0.1591796875,0.6574525833129883,0.03132687881588936,8822.0,0.0
345,1.1777742870035581,97.1008,6.945683002471924,0.015567189082503319,0.03618958964943886,0.1591796875,0.6462454795837402,0.030841458588838577,8697.0,0.0
346,1.174677243005135,97.1008,6.957280158996582,0.014949425123631954,0.03383305296301842,0.1591796875,0.6518721580505371,0.023993074893951416,8652.0,0.0
347,1.172711799001263,97.1008,7.217912197113037,0.024913590401411057,0.0778343454003334,0.1591796875,0.6741783022880554,0.027196772396564484,8672.0,0.0
348,1.1709186189982574,97.1008,7.16706657409668,0.017961397767066956,0.07091449201107025,0.1591796875,0.669461190700531,0.024822816252708435,8836.0,0.0
349,1.1759862740000244,97.1008,7.071471691131592,0.016934989020228386,0.019083796069025993,0.1591796875,0.6634436249732971,0.024565692991018295,8673.0,0.0
350,1.1773295379971387,97.1008,7.202521324157715,0.02203938364982605,0.050818998366594315,0.1591796875,0.6776570677757263,0.022301768884062767,8634.0,0.0
351,1.1767605610002647,97.1008,7.476512908935547,0.031782712787389755,0.0763985887169838,0.1591796875,0.6998791098594666,0.028281940147280693,8641.0,0.0
352,1.172200540000631,97.1008,7.414055347442627,0.028379201889038086,0.06066025048494339,0.1591796875,0.6873282790184021,0.03399621695280075,8866.0,0.0
353,1.1751445940026315,97.1008,6.9271111488342285,0.00858672708272934,0.011906774714589119,0.1591796875,0.6489323377609253,0.025234362110495567,8689.0,0.0
354,1.1827523739993921,97.1008,6.961835861206055,0.01093641109764576,0.05659439042210579,0.1591796875,0.652809202671051,0.024666741490364075,8635.0,0.0
355,1.187805957000819,97.1008,7.118989944458008,0.021152205765247345,0.07822627574205399,0.1591796875,0.6663949489593506,0.02509903907775879,8670.0,0.0
356,1.1873355760035338,97.1008,7.148229598999023,0.02181149274110794,0.055982813239097595,0.1591796875,0.6645091772079468,0.02723395824432373,8857.0,0.0
357,1.181911838000815,97.1008,6.897813320159912,0.008871041238307953,0.02497558668255806,0.158203125,0.6479532718658447,0.022626951336860657,8653.0,0.0
358,1.1769738020011573,97.1008,6.981977462768555,0.015354963019490242,0.07042638212442398,0.158203125,0.6547092199325562,0.02392803691327572,8638.0,0.0
359,1.177860376003082,97.1008,7.303407192230225,0.025546303018927574,0.06932440400123596,0.158203125,0.6819069385528564,0.03097868710756302,8634.0,0.0
360,1.1838071300007869,97.1008,7.354596138000488,0.028178049251437187,0.03915400058031082,0.158203125,0.6794546842575073,0.03360661864280701,8889.0,0.0
361,1.1758494220048306,97.1008,6.828808784484863,0.0062776291742920876,0.030098114162683487,0.158203125,0.6413489580154419,0.02293316274881363,8674.0,0.0
362,1.1745719160026056,97.1008,7.059493541717529,0.0134644266217947,0.0667172372341156,0.158203125,0.6615695953369141,0.024738065898418427,8665.0,0.0
363,1.1738998069995432,97.1008,7.123924255371094,0.017697082832455635,0.06748874485492706,0.158203125,0.6677155494689941,0.024501748383045197,8632.0,0.0
364,1.1785560959979193,97.1008,7.24335241317749,0.021786153316497803,0.031553126871585846,0.158203125,0.6723364591598511,0.028221022337675095,8826.0,0.0
365,1.1736278289972688,97.1008,6.670187950134277,0.0007235468365252018,0.03486768528819084,0.158203125,0.6259082555770874,0.021999506279826164,8692.0,0.0
366,1.1723511800009874,97.1008,6.811405181884766,0.009910913184285164,0.0679885745048523,0.158203125,0.6367318034172058,0.02597690187394619,8634.0,0.0
367,1.175274527995498,97.1008,7.071069717407227,0.023646878078579903,0.05585549771785736,0.158203125,0.6564911603927612,0.03353820741176605,8659.0,0.0
368,1.2023411830014084,97.1008,7.029919624328613,0.019297286868095398,0.029741421341896057,0.1572265625,0.6509389877319336,0.029827868565917015,8807.0,0.0
369,1.1957483170044725,97.1008,6.688499450683594,0.002661354374140501,0.03078511357307434,0.15625,0.625593364238739,0.02415969967842102,8732.0,0.0
370,1.1842102060036268,97.1008,6.900234699249268,0.008486360311508179,0.0626864954829216,0.15625,0.6468467712402344,0.023604627698659897,8662.0,0.0
371,1.2042937090009218,97.1008,7.1796555519104,0.016559846699237823,0.05854582041501999,0.15625,0.6724473834037781,0.025882109999656677,8649.0,0.0
372,1.1721530400027405,97.1008,7.381461143493652,0.02181650698184967,0.025338836014270782,0.15625,0.6896912455558777,0.02654588222503662,8712.0,0.0
373,1.1685949139937293,97.1008,7.0721235275268555,0.011898452416062355,0.02457527071237564,0.15625,0.6634490489959717,0.023597311228513718,8793.0,0.0
374,1.1674704380056937,97.1008,7.223288059234619,0.018063221126794815,0.05635584890842438,0.15625,0.6763174533843994,0.02852722629904747,8629.0,0.0
375,1.169899288994202,97.1008,7.3374810218811035,0.023899950087070465,0.058512892574071884,0.15625,0.6836695075035095,0.03206608444452286,8683.0,0.0
376,1.1826163139994605,97.1008,7.292973518371582,0.02144617959856987,0.02999577485024929,0.15625,0.6822613477706909,0.026544906198978424,8695.0,0.0
377,1.1721377409994602,97.1008,6.985256671905518,0.012853446416556835,0.017898529767990112,0.1552734375,0.6523882150650024,0.025242388248443604,8852.0,0.0
378,1.1680086470005335,97.1008,6.836106777191162,0.010772178880870342,0.050753455609083176,0.1552734375,0.6422104835510254,0.02190200239419937,8633.0,0.0
379,1.170602226004121,97.1008,7.10569429397583,0.018235569819808006,0.06077636778354645,0.1552734375,0.6663674712181091,0.024961790069937706,8648.0,0.0
380,1.1612109810012043,97.1008,6.982054233551025,0.01944124326109886,0.034996796399354935,0.1552734375,0.6533393859863281,0.024231230840086937,8665.0,0.0
381,1.1808844460028922,97.1008,6.875970840454102,0.014248202554881573,0.012338093481957912,0.1552734375,0.6412122249603271,0.025710329413414,8833.0,0.0
382,1.1865567920031026,97.1008,6.926657199859619,0.01590891368687153,0.051442865282297134,0.1552734375,0.6447188854217529,0.03059208206832409,8656.0,0.0
383,1.1866325980008696,97.1008,6.9444756507873535,0.017281394451856613,0.06136418133974075,0.1552734375,0.6476625204086304,0.02692905068397522,8691.0,0.0
384,1.1706294520045049,97.1008,7.003808975219727,0.02017371542751789,0.03771749511361122,0.1552734375,0.6549664735794067,0.0256984680891037,8634.0,0.0
385,1.1717179609986488,97.1008,6.966886043548584,0.01485478039830923,0.012116058729588985,0.1552734375,0.6486262083053589,0.02518286369740963,8872.0,0.0
386,1.1650463109981501,97.1008,6.944018363952637,0.0089047159999609,0.045864831656217575,0.1552734375,0.651667058467865,0.023987047374248505,8631.0,0.0
387,1.160192401999666,97.1008,7.158827781677246,0.018081840127706528,0.059963759034872055,0.1552734375,0.6717846393585205,0.023128163069486618,8671.0,0.0
388,1.1625778630041168,97.1008,7.3512468338012695,0.02709244191646576,0.0390046089887619,0.1552734375,0.6897408366203308,0.024510947987437248,8640.0,0.0
389,1.1699552219943143,97.1008,7.3469319343566895,0.026151621714234352,0.01188961323350668,0.1552734375,0.6831232309341431,0.029802031815052032,8841.0,0.0
390,1.1664780990031431,97.1008,7.102438449859619,0.01563011296093464,0.04520728439092636,0.1552734375,0.6629049777984619,0.03072287142276764,8673.0,0.0
391,1.168216988000495,97.1008,7.063930988311768,0.013482250273227692,0.0606742799282074,0.1552734375,0.6629835367202759,0.02374616265296936,8673.0,0.0
392,1.165261157999339,97.1008,7.236774444580078,0.020820576697587967,0.039596013724803925,0.1552734375,0.6774131655693054,0.02590891532599926,8658.0,0.0
393,1.18180757999653,97.1008,7.235177516937256,0.017085935920476913,0.013528878800570965,0.1552734375,0.6747881770133972,0.024207141250371933,8848.0,0.0
394,1.18739816499874,97.1008,6.857104301452637,0.006586995907127857,0.041571617126464844,0.1552734375,0.6431236267089844,0.023593056946992874,8645.0,0.0
395,1.1738898839976173,97.1008,6.9525651931762695,0.00988936796784401,0.05361124128103256,0.1552734375,0.6526316404342651,0.022271817550063133,8661.0,0.0
396,1.1761877629978699,97.1008,7.176692008972168,0.020080456510186195,0.0459037721157074,0.1552734375,0.6723026633262634,0.0261620432138443,8629.0,0.0
397,1.1706935089969193,97.1008,7.3525495529174805,0.02706184610724449,0.01703200303018093,0.1552734375,0.6796466708183289,0.03435074910521507,8825.0,0.0
398,1.1735946589978994,97.1008,6.950447082519531,0.007789532653987408,0.033845629543066025,0.1552734375,0.6493340730667114,0.027445107698440552,8735.0,0.0
399,1.165481741001713,97.1008,6.929413318634033,0.010566389188170433,0.05658908933401108,0.1552734375,0.6497139930725098,0.023098990321159363,8637.0,0.0
400,1.1646409520035377,97.1008,7.133907794952393,0.02093270979821682,0.0498025044798851,0.1552734375,0.6680914759635925,0.024678707122802734,8661.0,0.0
401,1.178670849003538,97.1008,7.290281295776367,0.02687159739434719,0.012977964244782925,0.1552734375,0.6784746050834656,0.026867598295211792,8773.0,0.0
402,1.178061587997945,97.1008,6.885770320892334,0.00923097599297762,0.030379794538021088,0.1552734375,0.6455607414245605,0.022906776517629623,8737.0,0.0
403,1.1815333509948687,97.1008,6.97499418258667,0.01082953903824091,0.04930027574300766,0.1552734375,0.6552318334579468,0.022155655547976494,8635.0,0.0
404,1.1821039990027202,97.1008,7.249263763427734,0.021991180256009102,0.04511314257979393,0.1552734375,0.6782016754150391,0.027900096029043198,8638.0,0.0
405,1.1693999830022221,97.1008,7.494365215301514,0.029980570077896118,0.021030006930232048,0.1552734375,0.6948893070220947,0.03419807180762291,8759.0,0.0
406,1.1702484989946242,97.1008,6.719410419464111,0.006383868865668774,0.023952530696988106,0.154296875,0.6282507181167603,0.02380293607711792,8800.0,0.0
407,1.1750299749983242,97.1008,6.834221839904785,0.010850725695490837,0.04610687494277954,0.154296875,0.6391786336898804,0.024416213855147362,8649.0,0.0
408,1.1763153479987523,97.1008,6.95603084564209,0.014763151295483112,0.047943003475666046,0.1533203125,0.6525471210479736,0.022761698812246323,8655.0,0.0
409,1.180279298001551,97.1008,7.142065048217773,0.02498321607708931,0.02262120693922043,0.1533203125,0.6661779284477234,0.027030929923057556,8683.0,0.0
410,1.1760818159964401,97.1008,6.965965270996094,0.006695155054330826,0.014724740758538246,0.1533203125,0.6535040140151978,0.02227814495563507,8828.0,0.0
411,1.1675532590015791,97.1008,6.898896217346191,0.00989849865436554,0.051387470215559006,0.1533203125,0.6470311880111694,0.02299400046467781,8632.0,0.0
412,1.1690276259978418,97.1008,7.25053071975708,0.022726278752088547,0.048965904861688614,0.1533203125,0.6773497462272644,0.029748080298304558,8634.0,0.0
413,1.1664234819982084,97.1008,7.300041198730469,0.02545597031712532,0.03340482711791992,0.1533203125,0.6794416308403015,0.030368972569704056,8733.0,0.0
414,1.1783429740025895,97.1008,6.8824920654296875,0.00849293265491724,0.015122377313673496,0.1533203125,0.6428273916244507,0.023258622735738754,8827.0,0.0
415,1.1768479640013538,97.1008,6.832078456878662,0.00574877206236124,0.04375353828072548,0.1533203125,0.6399300694465637,0.02305225282907486,8659.0,0.0
416,1.1641670949975378,97.1008,7.021663188934326,0.015604175627231598,0.05374954268336296,0.1328125,0.6580455303192139,0.023063339293003082,8632.0,32.0
417,1.1569856549976976,97.1008,7.208744525909424,0.022916607558727264,0.03502904623746872,0.1298828125,0.6762170791625977,0.023396000266075134,8681.0,3.0
418,1.1593239959984203,97.1008,7.085713863372803,0.01343169342726469,0.012046285904943943,0.1279296875,0.6645635366439819,0.020471792668104172,8838.0,1.0
419,1.1622902580056689,97.1008,7.092040061950684,0.014796368777751923,0.04255840554833412,0.126953125,0.667311429977417,0.022998813539743423,8629.0,1.0
420,1.1595354689998203,97.1008,7.286416053771973,0.027988441288471222,0.044857293367385864,0.126953125,0.6805895566940308,0.029108678922057152,8684.0,0.0
421,1.1636715489948983,97.1008,7.195783615112305,0.02334534004330635,0.0336332842707634,0.1259765625,0.6742569804191589,0.024494901299476624,8674.0,1.0
422,1.1674197459942661,97.1008,7.081643104553223,0.01586971990764141,0.012307416647672653,0.125,0.6604070663452148,0.024981599301099777,8839.0,0.0
423,1.204871298999933,97.1008,6.746842384338379,0.007338707335293293,0.03909456729888916,0.1240234375,0.6334974765777588,0.021533764898777008,8662.0,1.0
424,1.1672621649995563,97.1008,6.969780445098877,0.01717483624815941,0.047557637095451355,0.1240234375,0.6529608368873596,0.024733323603868484,8650.0,4.0
425,1.1671087400027318,97.1008,6.9695963859558105,0.02351192571222782,0.029389405623078346,0.1240234375,0.6523016691207886,0.024076156318187714,8663.0,0.0
426,1.1730351509977481,97.1008,7.0657501220703125,0.022433321923017502,0.012518879026174545,0.12109375,0.6558068990707397,0.025602830573916435,8839.0,3.0
427,1.1722786559985252,97.1008,6.974363327026367,0.018217304721474648,0.03951817378401756,0.1201171875,0.6518712043762207,0.02864803932607174,8629.0,1.0
428,1.158788414002629,97.1008,7.068395614624023,0.021531948819756508,0.05038151144981384,0.119140625,0.6587176322937012,0.029425203800201416,8723.0,0.0
429,1.202381734001392,97.1008,6.999147891998291,0.019194122403860092,0.03221996873617172,0.1181640625,0.6563000679016113,0.023173904046416283,8637.0,0.0
430,1.2038405879939091,97.1008,7.120218276977539,0.023812763392925262,0.017560943961143494,0.1162109375,0.6615175604820251,0.02607448771595955,8858.0,1.0
431,1.235854170001403,97.1008,6.758038520812988,0.008410320617258549,0.041046373546123505,0.1162109375,0.6343802809715271,0.022356180474162102,8640.0,0.0
432,1.2194986559989047,97.1008,6.989080905914307,0.016619138419628143,0.04736346751451492,0.1142578125,0.6548664569854736,0.02462008222937584,8677.0,1.0
433,1.2050281450065086,97.1008,7.09682559967041,0.02294893004000187,0.02596854977309704,0.1123046875,0.665961503982544,0.023517277091741562,8638.0,1.0
434,1.1993460829980904,97.1008,7.280534267425537,0.032970085740089417,0.012952553108334541,0.111328125,0.6752066612243652,0.029248114675283432,8789.0,1.0
435,1.1983031409981777,97.1008,6.983357906341553,0.02044413797557354,0.03956163674592972,0.111328125,0.6498467326164246,0.03145942836999893,8718.0,0.0
436,1.178462859003048,97.1008,6.992408275604248,0.016763009130954742,0.04551036283373833,0.1123046875,0.6552108526229858,0.024558058008551598,8686.0,1.0
437,1.195191541002714,97.1008,7.1074538230896,0.025876158848404884,0.031637296080589294,0.1103515625,0.6660633087158203,0.024479633197188377,8643.0,0.0
438,1.160665739000251,97.1008,7.31874942779541,0.03206711262464523,0.013331770896911621,0.1083984375,0.6836762428283691,0.024370819330215454,8759.0,0.0
439,1.1813498250048724,97.1008,7.046076774597168,0.020092884078621864,0.04060033708810806,0.107421875,0.6610621213912964,0.02281680703163147,8758.0,0.0
440,1.1833937089977553,97.1008,7.116875648498535,0.01908324845135212,0.04899229481816292,0.107421875,0.6693829298019409,0.021150385960936546,8659.0,0.0
441,1.1767337000055704,97.1008,7.2910871505737305,0.027163058519363403,0.034041982144117355,0.10546875,0.6853262782096863,0.02306373231112957,8635.0,2.0
442,1.176580161001766,97.1008,7.491751194000244,0.03916666656732559,0.014967286959290504,0.1025390625,0.6984462141990662,0.030440177768468857,8685.0,1.0
443,1.1786121119948803,97.1008,7.116292953491211,0.023462671786546707,0.03773851692676544,0.1005859375,0.663704514503479,0.02887989580631256,8837.0,1.0
444,1.1945468900012202,97.1008,6.915226459503174,0.013719006441533566,0.05460253730416298,0.0986328125,0.650170087814331,0.020865872502326965,8676.0,0.0
445,1.2111466429996653,97.1008,7.072683811187744,0.022868355736136436,0.03403445705771446,0.09765625,0.6634386777877808,0.0233183354139328,8660.0,1.0
446,1.2177611220031395,97.1008,7.178913593292236,0.027159307152032852,0.014618923887610435,0.09765625,0.672780454158783,0.02434571459889412,8654.0,1.0
447,1.2299641240024357,97.1008,6.987954616546631,0.019782032817602158,0.03958587348461151,0.095703125,0.6525262594223022,0.02461601421236992,8850.0,2.0
448,1.2205063520013937,97.1008,6.846471309661865,0.015947848558425903,0.05064211040735245,0.09375,0.6439613103866577,0.02040383405983448,8648.0,0.0
449,1.2314923529993393,97.1008,7.006866931915283,0.026972219347953796,0.03470470383763313,0.0908203125,0.6562331914901733,0.025081519037485123,8632.0,0.0
450,1.2242715760003193,97.1008,7.352325916290283,0.037238407880067825,0.012622923590242863,0.0908203125,0.6841650009155273,0.03309265524148941,8672.0,1.0
451,1.2080395539960591,97.1008,6.96826696395874,0.022802844643592834,0.03904412314295769,0.0908203125,0.6490336656570435,0.025958266109228134,8886.0,0.0
452,1.1921502400000463,97.1008,6.736845970153809,0.015404990874230862,0.05166107043623924,0.0888671875,0.6317245960235596,0.022423531860113144,8635.0,1.0
453,1.1908713500015438,97.1008,6.863607883453369,0.021013431251049042,0.03775821998715401,0.0869140625,0.6436513662338257,0.022356066852808,8668.0,0.0
454,1.203497188995243,97.1008,7.05896520614624,0.027455031871795654,0.015761328861117363,0.0859375,0.6599741578102112,0.025686537846922874,8659.0,1.0
455,1.209349190001376,97.1008,6.900043487548828,0.020527847111225128,0.03877566382288933,0.0859375,0.6424427032470703,0.02409742772579193,8856.0,0.0
456,1.206661948999681,97.1008,6.633574485778809,0.011854641139507294,0.05282307788729668,0.0849609375,0.6211044192314148,0.022422222420573235,8636.0,1.0
457,1.2450366569973994,97.1008,6.824434757232666,0.020948007702827454,0.040411368012428284,0.0849609375,0.6357799172401428,0.02883036993443966,8634.0,0.0
458,1.2544373130003805,97.1008,7.028591632843018,0.027406027540564537,0.014455965720117092,0.083984375,0.6523370146751404,0.03249160200357437,8691.0,1.0
459,1.245557476002432,97.1008,6.836327075958252,0.019256696105003357,0.0344129353761673,0.0830078125,0.634635865688324,0.02540837973356247,8874.0,0.0
460,1.2490701880014967,97.1008,6.6136040687561035,0.0115274079144001,0.04836468771100044,0.0830078125,0.6190640926361084,0.023810720071196556,8662.0,0.0
461,1.2544371140029398,97.1008,6.870476722717285,0.014945629984140396,0.039507605135440826,0.08203125,0.6449887752532959,0.02250538393855095,8637.0,0.0
462,1.2395478210019064,97.1008,7.041593551635742,0.02410523034632206,0.017691930755972862,0.0810546875,0.6589123010635376,0.025799959897994995,8657.0,0.0
463,1.2458280210048542,97.1008,7.018766403198242,0.021365078166127205,0.0293892789632082,0.0810546875,0.6526004076004028,0.024224381893873215,8851.0,0.0
464,1.2468739809992258,97.1008,6.823293685913086,0.014068620279431343,0.059300828725099564,0.0810546875,0.6393615007400513,0.023992937058210373,8642.0,0.0
465,1.24136356300005,97.1008,7.077171325683594,0.02404850721359253,0.04005822911858559,0.0810546875,0.6594787240028381,0.030476272106170654,8671.0,0.0
466,1.2507838070014259,97.1008,7.0901055335998535,0.027073346078395844,0.01423228345811367,0.0791015625,0.6624473333358765,0.026853641495108604,8690.0,2.0
467,1.2532131339976331,97.1008,7.128293514251709,0.02650586888194084,0.03404523432254791,0.078125,0.6625918745994568,0.02647232636809349,8804.0,0.0
468,1.2533160580060212,97.1008,6.665091514587402,0.010971211828291416,0.046154387295246124,0.078125,0.6247889399528503,0.022814452648162842,8697.0,0.0
469,1.248459176000324,97.1008,6.840437889099121,0.018012166023254395,0.03464154526591301,0.0791015625,0.6399174332618713,0.02441391348838806,8659.0,2.0
470,1.2477368199979537,97.1008,6.968413352966309,0.02300160750746727,0.01888606883585453,0.0791015625,0.6527220606803894,0.023796772584319115,8656.0,1.0
471,1.2528306180029176,97.1008,7.109314441680908,0.02546226605772972,0.028533929958939552,0.078125,0.6621807813644409,0.02535894140601158,8752.0,0.0
472,1.2760764499980723,97.1008,6.859204292297363,0.015220106579363346,0.046859778463840485,0.078125,0.640918493270874,0.027223646640777588,8721.0,0.0
473,1.2466232880033203,97.1008,6.959939479827881,0.0193942841142416,0.04380074888467789,0.0791015625,0.647910475730896,0.030583005398511887,8689.0,1.0
474,1.2406402540000272,97.1008,6.930509567260742,0.018062081187963486,0.012719053775072098,0.078125,0.6486329436302185,0.02422480657696724,8674.0,1.0
475,1.2390362049991381,97.1008,7.104487895965576,0.026002343744039536,0.026107491925358772,0.076171875,0.6607456207275391,0.027120739221572876,8725.0,1.0
476,1.2419641849992331,97.1008,6.820341110229492,0.009501712396740913,0.04987301677465439,0.076171875,0.6391449570655823,0.02176523767411709,8780.0,1.0
477,1.2398500180061092,97.1008,6.914909362792969,0.013151966035366058,0.04423147067427635,0.076171875,0.6474511027336121,0.02394181489944458,8660.0,0.0
478,1.2477850569994189,97.1008,7.028648376464844,0.02175941690802574,0.022182144224643707,0.0751953125,0.6597331762313843,0.022627748548984528,8655.0,1.0
479,1.2475767729993095,97.1008,7.245192527770996,0.03216760978102684,0.025243449956178665,0.0751953125,0.6768735647201538,0.027355507016181946,8652.0,1.0
480,1.244416123998235,97.1008,7.248490333557129,0.025173086673021317,0.047331348061561584,0.076171875,0.67405766248703,0.03193950653076172,8836.0,2.0
481,1.2473023130005458,97.1008,7.056951999664307,0.01701951026916504,0.047965776175260544,0.076171875,0.6595156788825989,0.026947110891342163,8711.0,0.0
482,1.2425544490033644,97.1008,7.1496100425720215,0.021655220538377762,0.021851135417819023,0.076171875,0.6712738871574402,0.02385842800140381,8632.0,0.0
483,1.235758946997521,97.1008,7.301616668701172,0.03029201552271843,0.021295802667737007,0.0751953125,0.6838034987449646,0.02577195130288601,8674.0,1.0
484,1.2388500619999832,97.1008,7.069020748138428,0.018917588517069817,0.04604465514421463,0.0751953125,0.6602895259857178,0.025224797427654266,8829.0,0.0
485,1.243220830001519,97.1008,6.939976692199707,0.01154111884534359,0.04671845585107803,0.07421875,0.650833010673523,0.023199213668704033,8684.0,0.0
486,1.2448955479994765,97.1008,7.171422481536865,0.01699032075703144,0.02567320689558983,0.0712890625,0.6742342710494995,0.023168064653873444,8636.0,2.0
487,1.2360826010044548,97.1008,7.421924114227295,0.029808923602104187,0.017558492720127106,0.0712890625,0.69399094581604,0.029616599902510643,8638.0,1.0
488,1.2336808130057761,97.1008,7.299584865570068,0.031181130558252335,0.04393652454018593,0.0712890625,0.6762737035751343,0.03305183723568916,8888.0,1.0
489,1.2330286639989936,97.1008,6.926636219024658,0.014852889813482761,0.04903693497180939,0.0712890625,0.6495630145072937,0.023960774764418602,8677.0,1.0
490,1.2484391980033251,97.1008,7.127640247344971,0.02445816993713379,0.026736635714769363,0.0703125,0.6674264669418335,0.02546197734773159,8662.0,2.0
491,1.253563745005522,97.1008,7.224231719970703,0.031412143260240555,0.013126934878528118,0.0703125,0.677973747253418,0.024253934621810913,8635.0,1.0
492,1.2605698629995459,97.1008,7.265724182128906,0.029830314218997955,0.03477101027965546,0.0703125,0.6767159700393677,0.027213163673877716,8860.0,0.0
493,1.2684658880025381,97.1008,6.875678539276123,0.013749521225690842,0.04576948657631874,0.0693359375,0.6456981897354126,0.022793594747781754,8659.0,1.0
494,1.228026784992835,97.1008,7.059395790100098,0.017591431736946106,0.033716831356287,0.068359375,0.6618453860282898,0.025297433137893677,8635.0,1.0
495,1.2253230839996831,97.1008,7.327747344970703,0.02928888611495495,0.010469995439052582,0.068359375,0.683143138885498,0.03320277854800224,8633.0,0.0
496,1.224659627994697,97.1008,7.303759574890137,0.024269497022032738,0.032350119203329086,0.0673828125,0.6752814054489136,0.03161656856536865,8922.0,0.0
497,1.2279128180016414,97.1008,6.8279314041137695,0.007057030685245991,0.05013428255915642,0.0673828125,0.6400660872459412,0.023308251053094864,8639.0,2.0
498,1.2390425909979967,97.1008,6.9060139656066895,0.015912774950265884,0.0367056168615818,0.0673828125,0.646531343460083,0.024484839290380478,8667.0,0.0
499,1.2388939560041763,97.1008,7.047531604766846,0.027339410036802292,0.00903552770614624,0.06640625,0.6592917442321777,0.025857066735625267,8633.0,1.0
500,1.2367107040045084,97.1008,7.1525774002075195,0.029957372695207596,0.0334666408598423,0.06640625,0.6633424758911133,0.027078866958618164,8855.0,1.0
501,1.2393547500032582,97.1008,6.782114028930664,0.015490280464291573,0.0515739805996418,0.06640625,0.6368085145950317,0.022052375599741936,8667.0,0.0
502,1.224854187006713,97.1008,7.00116491317749,0.023853132501244545,0.035795558243989944,0.06640625,0.6548377275466919,0.02681647799909115,8639.0,0.0
503,1.2320102130033774,97.1008,7.295142650604248,0.03169713169336319,0.015152404084801674,0.064453125,0.678697943687439,0.03243282064795494,8681.0,0.0
504,1.2152737510041334,97.1008,7.263199806213379,0.02857150509953499,0.028913341462612152,0.064453125,0.6751207113265991,0.02707654796540737,8799.0,1.0
505,1.2070703409990529,97.1008,6.87150239944458,0.011545645073056221,0.048452313989400864,0.064453125,0.6436414122581482,0.024026235565543175,8715.0,2.0
506,1.2141046050019213,97.1008,6.986538410186768,0.012166472151875496,0.04205292463302612,0.0634765625,0.6563907861709595,0.021624937653541565,8672.0,0.0
507,1.2175445280008717,97.1008,7.180688381195068,0.023300938308238983,0.01985968090593815,0.0615234375,0.6730839610099792,0.02496352791786194,8645.0,1.0
508,1.2251918010006193,97.1008,7.332690238952637,0.025434425100684166,0.025447243824601173,0.0595703125,0.6850761771202087,0.025117196142673492,8733.0,2.0
509,1.2466624379958375,97.1008,6.983043193817139,0.011875985190272331,0.048989973962306976,0.0595703125,0.6551593542098999,0.023015078157186508,8770.0,1.0
510,1.2409368160006125,97.1008,7.0838518142700195,0.022696254774928093,0.040687594562768936,0.0595703125,0.6622458696365356,0.028849026188254356,8644.0,1.0
511,1.2367318579999846,97.1008,7.223117351531982,0.0292402021586895,0.02132476679980755,0.0595703125,0.6741485595703125,0.029286246746778488,8710.0,0.0
512,1.2324837210035184,97.1008,7.107051372528076,0.030815381556749344,0.020843951031565666,0.0595703125,0.6646520495414734,0.024871524423360825,8669.0,0.0
513,1.228166485998372,97.1008,6.838860034942627,0.018658354878425598,0.04024798050522804,0.0595703125,0.6392473578453064,0.023690011352300644,8840.0,1.0
514,1.218829867997556,97.1008,6.736562252044678,0.019068647176027298,0.04819696769118309,0.0595703125,0.6317695379257202,0.02221730910241604,8645.0,1.0
515,1.2079482469998766,97.1008,6.972687244415283,0.027182556688785553,0.024714479222893715,0.05859375,0.6531076431274414,0.02398112416267395,8670.0,0.0
516,1.2220324339941726,97.1008,7.10847282409668,0.030495744198560715,0.017824405804276466,0.0576171875,0.6655284762382507,0.0240666251629591,8650.0,1.0
517,1.2123446749974391,97.1008,6.967299461364746,0.023578163236379623,0.041579727083444595,0.0576171875,0.6486422419548035,0.027091562747955322,8824.0,1.0
518,1.210096650000196,97.1008,6.9874958992004395,0.02179267816245556,0.04262920096516609,0.0576171875,0.6499016284942627,0.031091175973415375,8689.0,1.0
519,1.2067090429991367,97.1008,6.963428020477295,0.01740439236164093,0.03290526941418648,0.0576171875,0.6522706747055054,0.0248472448438406,8665.0,0.0
520,1.2217261329933535,97.1008,7.093801975250244,0.02160893753170967,0.013665001839399338,0.05859375,0.6636337637901306,0.02608501724898815,8640.0,2.0
521,1.2448271089961054,97.1008,7.094496250152588,0.015428246930241585,0.03655090183019638,0.05859375,0.663037896156311,0.023791972547769547,8866.0,1.0
522,1.23143019300187,97.1008,6.9531965255737305,0.011803668923676014,0.04591995105147362,0.05859375,0.6522570848464966,0.023786364123225212,8659.0,0.0
523,1.2465631719969679,97.1008,7.08590841293335,0.01858903467655182,0.03193090856075287,0.0595703125,0.6661152839660645,0.022495463490486145,8653.0,1.0
524,1.2375988860003417,97.1008,7.275826454162598,0.029112856835126877,0.011381709948182106,0.0595703125,0.6826103925704956,0.02522261068224907,8635.0,0.0
525,1.2483950360037852,97.1008,7.408604145050049,0.03373368829488754,0.032001007348299026,0.0595703125,0.6883034706115723,0.03125215694308281,8843.0,0.0
526,1.2466295160047594,97.1008,7.135043144226074,0.024433894082903862,0.044050730764865875,0.0595703125,0.6656841039657593,0.029319915920495987,8704.0,0.0
527,1.236188442002458,97.1008,7.101627826690674,0.02277013286948204,0.0346386693418026,0.0595703125,0.6675187349319458,0.022419391199946404,8655.0,0.0
528,1.235501903000113,97.1008,7.26120138168335,0.03188581392168999,0.018957823514938354,0.05859375,0.6796746253967285,0.025727003812789917,8663.0,0.0
529,1.2119109300037962,97.1008,7.267817974090576,0.029869893565773964,0.02686675824224949,0.05859375,0.6769816279411316,0.02554660104215145,8837.0,0.0
530,1.2146986649968312,97.1008,6.99216890335083,0.02271767146885395,0.0418369323015213,0.056640625,0.6551042795181274,0.02353336662054062,8686.0,1.0
531,1.2027116120007122,97.1008,7.04286527633667,0.025899259373545647,0.038262177258729935,0.0556640625,0.6626749038696289,0.021159261465072632,8638.0,0.0
532,1.2030554719967768,97.1008,7.306550025939941,0.036770060658454895,0.020513515919446945,0.0556640625,0.6845005750656128,0.026327744126319885,8628.0,0.0
533,1.2097214040040853,97.1008,7.468255043029785,0.03953897953033447,0.025160599499940872,0.0556640625,0.6901006698608398,0.03372664749622345,8856.0,0.0
534,1.2076646860004985,97.1008,6.911637306213379,0.015124942176043987,0.04094480350613594,0.0556640625,0.6473381519317627,0.024085264652967453,8715.0,0.0
535,1.2198177989994292,97.1008,7.033294677734375,0.019113358110189438,0.029902564361691475,0.0556640625,0.6610736846923828,0.022971853613853455,8636.0,0.0
536,1.2295859639998525,97.1008,7.1847758293151855,0.02576472982764244,0.0203329399228096,0.0556640625,0.6745446920394897,0.02326025627553463,8662.0,0.0
537,1.2164998549997108,97.1008,7.327871799468994,0.030930504202842712,0.019960908219218254,0.0546875,0.6823622584342957,0.026852615177631378,8800.0,0.0
538,1.2138204709990532,97.1008,6.998777389526367,0.01754993386566639,0.03534957394003868,0.0546875,0.657526433467865,0.021903816610574722,8722.0,1.0
539,1.2170496580001782,97.1008,7.1232500076293945,0.02195183001458645,0.03594139963388443,0.0537109375,0.6699804067611694,0.022452518343925476,8640.0,0.0
540,1.2132036999973934,97.1008,7.466381072998047,0.0378200002014637,0.019137846305966377,0.0537109375,0.6992794275283813,0.029237790033221245,8631.0,1.0
541,1.2048733030023868,97.1008,7.41456937789917,0.03947313129901886,0.022015146911144257,0.0537109375,0.6876440048217773,0.03316446393728256,8774.0,0.0
542,1.2351540550007485,97.1008,6.824217796325684,0.012383416295051575,0.03432116284966469,0.0537109375,0.6397184729576111,0.022692319005727768,8791.0,0.0
543,1.2022517540026456,97.1008,6.8968892097473145,0.014403382316231728,0.03285536542534828,0.0537109375,0.6459119915962219,0.02368461713194847,8668.0,1.0
544,1.2035092189980787,97.1008,7.037884712219238,0.01970978081226349,0.020098047330975533,0.0537109375,0.6609652638435364,0.02292308211326599,8626.0,0.0
545,1.2093287670068094,97.1008,7.164189338684082,0.027217870578169823,0.017728449776768684,0.0537109375,0.6682299971580505,0.027063872665166855,8701.0,1.0
546,1.2192227710038424,97.1008,6.702764511108398,0.011962661519646645,0.03141919523477554,0.052734375,0.6272066831588745,0.021525606513023376,8827.0,0.0
547,1.2183990069970605,97.1008,6.781937122344971,0.016750555485486984,0.034522704780101776,0.052734375,0.6347438097000122,0.024288056418299675,8635.0,0.0
548,1.2130837669974426,97.1008,7.0916972160339355,0.03097549080848694,0.02060079760849476,0.052734375,0.6602034568786621,0.03148963302373886,8659.0,1.0
549,1.212962511999649,97.1008,7.153245449066162,0.028919469565153122,0.01876821368932724,0.052734375,0.6667428016662598,0.02799980342388153,8712.0,0.0
550,1.215549315995304,97.1008,6.916843414306641,0.017280183732509613,0.035112373530864716,0.052734375,0.6464972496032715,0.024073338136076927,8827.0,0.0
551,1.2152514749977854,97.1008,6.853053092956543,0.01211940310895443,0.03511006385087967,0.052734375,0.64256352186203,0.022415122017264366,8666.0,0.0
552,1.2131095790027757,97.1008,7.036579132080078,0.02054225280880928,0.020335178822278976,0.052734375,0.6589157581329346,0.024671413004398346,8650.0,0.0
553,1.213990684998862,97.1008,7.15958833694458,0.027482762932777405,0.018778014928102493,0.052734375,0.6704432964324951,0.024956395849585533,8666.0,0.0
554,1.220174173999112,97.1008,6.825432777404785,0.0222091656178236,0.03079606220126152,0.052734375,0.6360959410667419,0.023919761180877686,8837.0,0.0
555,1.2113656210058252,97.1008,6.77943229675293,0.0192659180611372,0.02778651937842369,0.052734375,0.6329506635665894,0.027257880195975304,8634.0,0.0
556,1.2142436670037569,97.1008,6.941469669342041,0.026830332353711128,0.02263645827770233,0.052734375,0.6457169055938721,0.030384182929992676,8680.0,0.0
557,1.2170112800013158,97.1008,6.863540172576904,0.023689787834882736,0.01791043020784855,0.052734375,0.6410462260246277,0.024891294538974762,8675.0,0.0
558,1.233698417992855,97.1008,6.893757343292236,0.021272368729114532,0.026798630133271217,0.052734375,0.640363335609436,0.025686046108603477,8870.0,0.0
559,1.2267835540042142,97.1008,6.660862922668457,0.009836884215474129,0.03243968263268471,0.0517578125,0.6254465579986572,0.02098369598388672,8638.0,1.0
560,1.2213285649995669,97.1008,6.821891784667969,0.01906495913863182,0.024965710937976837,0.05078125,0.6388230323791504,0.02377704344689846,8655.0,0.0
561,1.2221848769986536,97.1008,7.052052974700928,0.023664243519306183,0.015381678938865662,0.05078125,0.6615829467773438,0.02251901850104332,8660.0,0.0
562,1.222702640996431,97.1008,7.086370468139648,0.026693344116210938,0.026668541133403778,0.05078125,0.6591427326202393,0.025723129510879517,8839.0,0.0
563,1.2205126769986236,97.1008,6.869815349578857,0.02532797120511532,0.03138677775859833,0.05078125,0.6408827304840088,0.029118072241544724,8667.0,0.0
564,1.2297651010012487,97.1008,6.853697299957275,0.023950153961777687,0.020839672535657883,0.05078125,0.6408671736717224,0.024749426171183586,8691.0,1.0
565,1.228326766002283,97.1008,6.920527935028076,0.02814706414937973,0.01933930441737175,0.05078125,0.648552417755127,0.023090731352567673,8634.0,0.0
566,1.2346858180026175,97.1008,6.945520401000977,0.028915993869304657,0.025162413716316223,0.05078125,0.6444159746170044,0.024473942816257477,8868.0,0.0
567,1.226165519998176,97.1008,6.660327911376953,0.01618700847029686,0.0271767545491457,0.05078125,0.6245943903923035,0.02262619510293007,8642.0,1.0
568,1.2219042219949188,97.1008,6.825172424316406,0.02066880092024803,0.014678023755550385,0.05078125,0.6401962637901306,0.02234676480293274,8675.0,0.0
569,1.2245319610010483,97.1008,6.974912643432617,0.027796082198619843,0.01503327302634716,0.05078125,0.6536070108413696,0.023400910198688507,8632.0,0.0
570,1.2212457159985206,97.1008,7.193515777587891,0.034639034420251846,0.02211938612163067,0.05078125,0.6667682528495789,0.03025168925523758,8799.0,2.0
571,1.211813248002727,97.1008,6.886397361755371,0.01723620668053627,0.01839376986026764,0.05078125,0.640813946723938,0.0301627516746521,8733.0,0.0
572,1.2180432200038922,97.1008,6.767323970794678,0.011708599515259266,0.018853195011615753,0.05078125,0.6347370147705078,0.022400375455617905,8670.0,0.0
573,1.2279371900003753,97.1008,6.99501371383667,0.020040670409798622,0.016764197498559952,0.05078125,0.6546028852462769,0.02435441128909588,8659.0,0.0
574,1.2387735829979647,97.1008,7.032519817352295,0.0233406163752079,0.022980445995926857,0.05078125,0.6558167338371277,0.024302437901496887,8748.0,2.0
575,1.229259430001548,97.1008,6.76627779006958,0.013127380050718784,0.012869436293840408,0.05078125,0.6337582468986511,0.023296304047107697,8752.0,0.0
576,1.2243238929950166,97.1008,6.82759952545166,0.01440881472080946,0.024483317509293556,0.05078125,0.6414757966995239,0.020774681121110916,8661.0,1.0
577,1.2207390579933417,97.1008,7.091518878936768,0.024631932377815247,0.012368740513920784,0.05078125,0.6654331684112549,0.0242830291390419,8632.0,0.0
578,1.2224136909935623,97.1008,7.290665626525879,0.035307977348566055,0.01650005578994751,0.05078125,0.6775700449943542,0.03292185068130493,8689.0,1.0
579,1.2274967409975943,97.1008,6.858673572540283,0.018987266346812248,0.018345652148127556,0.05078125,0.6395130753517151,0.02665838412940502,8879.0,2.0
580,1.2284511570032919,97.1008,6.72781229019165,0.013431547209620476,0.01780235394835472,0.05078125,0.6312350034713745,0.021581297740340233,8636.0,1.0
581,1.2353402250009822,97.1008,6.980051040649414,0.01930033229291439,0.01828339509665966,0.05078125,0.654970109462738,0.023239171132445335,8660.0,0.0
582,1.2342535389980185,97.1008,7.156949996948242,0.028749722987413406,0.015561308711767197,0.05078125,0.669414222240448,0.025695418938994408,8663.0,0.0
583,1.2194466199944145,97.1008,6.8187408447265625,0.018424641340970993,0.016901548951864243,0.05078125,0.6369906663894653,0.02312585711479187,8867.0,1.0
584,1.2099175449984614,97.1008,6.683999538421631,0.015429340302944183,0.017334170639514923,0.05078125,0.6283008456230164,0.020766180008649826,8633.0,1.0
585,1.218060108993086,97.1008,6.892934799194336,0.02925192378461361,0.015331845730543137,0.05078125,0.6449824571609497,0.0262847151607275,8630.0,0.0
586,1.2292555840031127,97.1008,7.124115467071533,0.04001377895474434,0.01092445757240057,0.0498046875,0.6619063019752502,0.03252808749675751,8690.0,1.0
587,1.2221125940050115,97.1008,6.781787395477295,0.022276900708675385,0.016930075362324715,0.0498046875,0.6324325799942017,0.02409643493592739,8876.0,0.0
588,1.221819685997616,97.1008,6.631535053253174,0.02018277905881405,0.008865892887115479,0.0498046875,0.6217355132102966,0.022923536598682404,8644.0,0.0
589,1.2228532169974642,97.1008,6.739065647125244,0.02654421702027321,0.018038365989923477,0.0498046875,0.6324502229690552,0.021329959854483604,8648.0,0.0
590,1.217036502006522,97.1008,6.993227005004883,0.03763880580663681,0.012969698756933212,0.0498046875,0.6530289649963379,0.0256530549377203,8655.0,0.0
591,1.2471439670043765,97.1008,6.853288173675537,0.027208615094423294,0.013867083005607128,0.0498046875,0.6388617753982544,0.022996962070465088,8861.0,0.0
592,1.2152543039992452,97.1008,6.718077659606934,0.018058666959404945,0.01796674355864525,0.0498046875,0.6301268935203552,0.022353922948241234,8633.0,0.0
593,1.2216862890054472,97.1008,7.015695095062256,0.029603302478790283,0.012129917740821838,0.05078125,0.654778003692627,0.02898353897035122,8632.0,2.0
594,1.2182830139936414,97.1008,7.167870044708252,0.027784254401922226,0.012759041041135788,0.05078125,0.6681753396987915,0.029255863279104233,8724.0,0.0
595,1.2096604550024495,97.1008,7.028916358947754,0.01822401024401188,0.018125448375940323,0.05078125,0.6543614268302917,0.02359086647629738,8841.0,0.0
596,1.2052790369998547,97.1008,6.834955215454102,0.009571263566613197,0.01277860440313816,0.05078125,0.6417785882949829,0.0219191275537014,8663.0,0.0
597,1.2108486569995875,97.1008,7.013416290283203,0.018707744777202606,0.012912427075207233,0.05078125,0.6591732501983643,0.022223323583602905,8631.0,0.0
598,1.2076924799985136,97.1008,7.150693893432617,0.025438383221626282,0.013603491708636284,0.0517578125,0.6702420115470886,0.023907914757728577,8681.0,4.0
599,1.2051673059977475,97.1008,7.151952743530273,0.024128345772624016,0.011556658893823624,0.0517578125,0.6670961380004883,0.023075290024280548,8843.0,0.0
600,1.1990508160015452,97.1008,6.913776397705078,0.017517726868391037,0.014043452218174934,0.0517578125,0.6484788656234741,0.02442653477191925,8640.0,0.0
601,1.2147060960051022,97.1008,7.129299640655518,0.02773572877049446,0.012440519407391548,0.0517578125,0.6651107668876648,0.030132092535495758,8684.0,0.0
602,1.222164899998461,97.1008,7.013550758361816,0.025266079232096672,0.01607772707939148,0.0517578125,0.6573373675346375,0.024158820509910583,8671.0,0.0
603,1.2182039430044824,97.1008,7.042192459106445,0.028223302215337753,0.012717530131340027,0.05078125,0.6542216539382935,0.02531333826482296,8815.0,0.0
604,1.2266535369999474,97.1008,6.661105632781982,0.013258400373160839,0.01585308648645878,0.05078125,0.6249142289161682,0.0201987624168396,8701.0,0.0
605,1.2223996890024864,97.1008,6.783405303955078,0.023156002163887024,0.01398263406008482,0.05078125,0.6350230574607849,0.02301531657576561,8652.0,0.0
606,1.2258172830042895,97.1008,6.859355926513672,0.029468994587659836,0.012646492570638657,0.05078125,0.6425840854644775,0.022603994235396385,8657.0,0.0
607,1.2336131970005226,97.1008,6.947532653808594,0.03593917191028595,0.016929397359490395,0.05078125,0.6458372473716736,0.025718431919813156,8761.0,0.0
608,1.2236716890038224,97.1008,6.848097324371338,0.027308855205774307,0.014961954206228256,0.05078125,0.6389197707176208,0.027986835688352585,8724.0,0.0
609,1.2181250439971336,97.1008,6.939695835113525,0.02933044731616974,0.014629712328314781,0.05078125,0.6467606425285339,0.028244782239198685,8719.0,0.0
610,1.2173891150014242,97.1008,7.00064754486084,0.025422971695661545,0.012204213999211788,0.05078125,0.657480001449585,0.022034859284758568,8635.0,0.0
611,1.210271260002628,97.1008,7.298664569854736,0.031344491988420486,0.01598965935409069,0.05078125,0.681867778301239,0.025565307587385178,8733.0,0.0
612,1.2099339089982095,97.1008,6.850735664367676,0.020257018506526947,0.012575614266097546,0.05078125,0.64290851354599,0.02182275615632534,8773.0,0.0
613,1.1919236419998924,97.1008,6.900492191314697,0.022694621235132217,0.015746179968118668,0.05078125,0.6471524238586426,0.022671129554510117,8674.0,1.0
614,1.1834178560020518,97.1008,6.9553937911987305,0.028403468430042267,0.016125937923789024,0.05078125,0.6531665325164795,0.021481961011886597,8635.0,0.0
615,1.2088923019982758,97.1008,7.146265983581543,0.03756042569875717,0.010819034650921822,0.05078125,0.6669315695762634,0.027757836505770683,8668.0,0.0
616,1.2219352840038482,97.1008,7.161504745483398,0.027831677347421646,0.018636945635080338,0.05078125,0.6663452982902527,0.031340356916189194,8847.0,1.0
617,1.2153821179963415,97.1008,7.014341354370117,0.016643866896629333,0.016651129350066185,0.05078125,0.6581441164016724,0.023343799635767937,8685.0,0.0
618,1.2241809840052156,97.1008,7.163942813873291,0.022099250927567482,0.016768045723438263,0.05078125,0.6732407808303833,0.023378781974315643,8628.0,0.0
619,1.2485437520008418,97.1008,7.257618427276611,0.027609217911958694,0.016012288630008698,0.0498046875,0.6805500984191895,0.023755788803100586,8680.0,1.0
620,1.213896843000839,97.1008,7.010100364685059,0.020452279597520828,0.013578188605606556,0.0498046875,0.6546056866645813,0.02417740225791931,8849.0,0.0
621,1.2121177669978351,97.1008,6.768173694610596,0.01372087188065052,0.020137101411819458,0.0498046875,0.6357221007347107,0.02062056213617325,8660.0,0.0
622,1.2135891920042923,97.1008,6.905832290649414,0.02352815493941307,0.012823659926652908,0.048828125,0.6487268209457397,0.021887749433517456,8632.0,2.0
623,1.210450202001084,97.1008,7.228178977966309,0.037261735647916794,0.015099268406629562,0.048828125,0.6751028299331665,0.029391050338745117,8644.0,0.0
624,1.2074569489996065,97.1008,7.099362373352051,0.030694235116243362,0.013225351460278034,0.046875,0.658210039138794,0.02996104024350643,8890.0,0.0
625,1.2192699869992794,97.1008,6.610055446624756,0.017023753374814987,0.013608407229185104,0.046875,0.6207489967346191,0.020289450883865356,8671.0,0.0
626,1.215866679995088,97.1008,6.781380653381348,0.022880427539348602,0.010503988713026047,0.046875,0.6353459358215332,0.022396903485059738,8666.0,0.0
627,1.22275122100109,97.1008,6.8530707359313965,0.02675705961883068,0.009516376070678234,0.046875,0.6425512433052063,0.02240481600165367,8634.0,1.0
628,1.214384777995292,97.1008,6.851632595062256,0.027753593400120735,0.014743843115866184,0.046875,0.6364296674728394,0.023862779140472412,8875.0,0.0
629,1.2160885609991965,97.1008,6.533111572265625,0.01660890318453312,0.01297076977789402,0.046875,0.6140787601470947,0.01868300698697567,8650.0,0.0
630,1.2271223979987553,97.1008,6.841415882110596,0.028069816529750824,0.01446827407926321,0.046875,0.6410179138183594,0.023105990141630173,8631.0,0.0
631,1.223423654002545,97.1008,7.086767673492432,0.039898961782455444,0.014906096272170544,0.0478515625,0.6592444181442261,0.03088952600955963,8662.0,1.0
632,1.236698743996385,97.1008,7.079049110412598,0.03083343617618084,0.017322948202490807,0.0478515625,0.6570535898208618,0.026010578498244286,8894.0,0.0
633,1.232840971002588,97.1008,6.675310134887695,0.01870211400091648,0.021401066333055496,0.0478515625,0.6267101764678955,0.0211593359708786,8642.0,0.0
634,1.2293394380030804,97.1008,6.859126091003418,0.023144086822867393,0.012091952376067638,0.0478515625,0.6442954540252686,0.02101810649037361,8662.0,0.0
635,1.2260635509956046,97.1008,7.090042591094971,0.03379569202661514,0.017018338665366173,0.0478515625,0.6635691523551941,0.024018939584493637,8646.0,0.0
636,1.2427915419975761,97.1008,7.111488342285156,0.0336979478597641,0.01565537415444851,0.0478515625,0.6613262891769409,0.02379791997373104,8842.0,0.0
637,1.2286310530034825,97.1008,6.659620761871338,0.017029058188199997,0.013052894733846188,0.0478515625,0.625099241733551,0.02034606598317623,8668.0,1.0
638,1.2322620830018423,97.1008,6.902018070220947,0.030081478878855705,0.01612863317131996,0.0478515625,0.6459242105484009,0.025876564905047417,8630.0,0.0
639,1.2421792640016065,97.1008,7.069066047668457,0.035286884754896164,0.014011439867317677,0.046875,0.658948540687561,0.0290995966643095,8683.0,0.0
640,1.2760331360041164,97.1008,7.003985404968262,0.031537000089883804,0.012197309173643589,0.0458984375,0.6512255668640137,0.023738835006952286,8811.0,0.0
641,1.252726992002863,97.1008,6.589287757873535,0.02006075158715248,0.015255353413522243,0.0458984375,0.6166114211082458,0.02135954424738884,8740.0,0.0
642,1.2588644029965508,97.1008,6.703006267547607,0.02322244644165039,0.016156792640686035,0.0458984375,0.6303190588951111,0.019374437630176544,8633.0,0.0
643,1.2655118030015728,97.1008,6.9175705909729,0.03061884455382824,0.014932606369256973,0.0458984375,0.648623526096344,0.02247360721230507,8651.0,0.0
644,1.2754486449994147,97.1008,6.9864912033081055,0.03235414996743202,0.012433703988790512,0.0458984375,0.6523679494857788,0.021954407915472984,8738.0,0.0
645,1.2750817670021206,97.1008,6.84698486328125,0.022725669667124748,0.012822993099689484,0.0458984375,0.6415078043937683,0.02214289829134941,8765.0,0.0
646,1.2699714659975143,97.1008,7.014901638031006,0.03092479333281517,0.016540471464395523,0.0458984375,0.654590368270874,0.02813844382762909,8663.0,0.0
647,1.2461904229930951,97.1008,6.972283363342285,0.02809644304215908,0.0166776105761528,0.0458984375,0.6520851850509644,0.024326913058757782,8687.0,0.0
648,1.2387330849960563,97.1008,7.030472755432129,0.031580060720443726,0.010601058602333069,0.0458984375,0.6572976112365723,0.02390177547931671,8680.0,0.0
649,1.216756597001222,97.1008,6.804285526275635,0.01952381804585457,0.015205382369458675,0.044921875,0.6370226740837097,0.021401703357696533,8832.0,0.0
650,1.2090740069979802,97.1008,6.885176181793213,0.022286545485258102,0.01932135410606861,0.044921875,0.6454036831855774,0.02200101874768734,8655.0,1.0
651,1.224411595001584,97.1008,6.973017692565918,0.02994980290532112,0.014770090579986572,0.044921875,0.6547521352767944,0.021205954253673553,8648.0,0.0
652,1.2337060660065617,97.1008,7.071896076202393,0.035456910729408264,0.014121287502348423,0.044921875,0.661665678024292,0.023271551355719566,8659.0,0.0
653,1.2471660179944593,97.1008,7.008153915405273,0.02750144898891449,0.021105028688907623,0.044921875,0.6534408330917358,0.026673655956983566,8824.0,0.0
654,1.2608490880011232,97.1008,6.908809185028076,0.0234893336892128,0.019518544897437096,0.044921875,0.6445189714431763,0.028282560408115387,8683.0,0.0
655,1.24551476900524,97.1008,6.890982151031494,0.018596988171339035,0.02455797605216503,0.0458984375,0.6464009284973145,0.02181430719792843,8668.0,1.0
656,1.2426191339982324,97.1008,7.170645236968994,0.025737330317497253,0.014956657774746418,0.0458984375,0.6705407500267029,0.02457084320485592,8670.0,0.0
657,1.2324321979976958,97.1008,6.8911638259887695,0.015460444614291191,0.014132152311503887,0.0458984375,0.6441792249679565,0.021383900195360184,8837.0,1.0
658,1.24941658500029,97.1008,6.784188270568848,0.012345760129392147,0.02571837790310383,0.044921875,0.6363093256950378,0.021739717572927475,8651.0,0.0
659,1.2444985149995773,97.1008,6.901241779327393,0.01583012007176876,0.017722923308610916,0.0439453125,0.6492382287979126,0.01980753242969513,8664.0,1.0
660,1.2364299790060613,97.1008,7.110396862030029,0.0257054902613163,0.015141809359192848,0.0439453125,0.6662490367889404,0.02403920143842697,8640.0,0.0
661,1.2337951929948758,97.1008,7.143272399902344,0.02805071696639061,0.01772349700331688,0.0439453125,0.6620650291442871,0.030487259849905968,8853.0,0.0
662,1.228908548997424,97.1008,6.696930885314941,0.013793140649795532,0.013124119490385056,0.044921875,0.6266414523124695,0.023797085508704185,8704.0,2.0
663,1.2285379839959205,97.1008,6.732723236083984,0.01987294852733612,0.01669301837682724,0.044921875,0.6323763728141785,0.020223628729581833,8640.0,0.0
664,1.2192335209983867,97.1008,6.840813636779785,0.029613174498081207,0.015298459678888321,0.0439453125,0.6402252912521362,0.022221747785806656,8669.0,0.0
665,1.2225690730047063,97.1008,6.867686748504639,0.02833407372236252,0.01792713813483715,0.0439453125,0.6386200189590454,0.023607760667800903,8835.0,0.0
666,1.2274725460010814,97.1008,6.5552978515625,0.013594677671790123,0.01714612916111946,0.04296875,0.6150287389755249,0.020249269902706146,8675.0,1.0
667,1.241640965003171,97.1008,6.652491569519043,0.019581617787480354,0.02011844702064991,0.04296875,0.6246857643127441,0.020202450454235077,8641.0,0.0
668,1.2551566460024333,97.1008,6.94758415222168,0.031201791018247604,0.01874532923102379,0.04296875,0.6494638323783875,0.026442890986800194,8633.0,0.0
669,1.2291689889971167,97.1008,7.13690185546875,0.034477345645427704,0.021150406450033188,0.04296875,0.6585235595703125,0.03132255747914314,8872.0,0.0
670,1.237608666997403,97.1008,6.867391586303711,0.009087901562452316,0.02358814887702465,0.04296875,0.6452851295471191,0.021102532744407654,8691.0,0.0
671,1.2428851469958317,97.1008,7.0619940757751465,0.014588812366127968,0.019725756719708443,0.04296875,0.6638565063476562,0.022153465077280998,8663.0,0.0
672,1.2458712660009041,97.1008,7.257616996765137,0.020655488595366478,0.020053546875715256,0.04296875,0.6840009689331055,0.020626861602067947,8637.0,0.0
673,1.2458306989938137,97.1008,7.427693843841553,0.025060346350073814,0.01521080732345581,0.04296875,0.6928343772888184,0.024926692247390747,8799.0,0.0
674,1.242470866003714,97.1008,6.933013439178467,0.012010902166366577,0.020399808883666992,0.0419921875,0.6531197428703308,0.018981240689754486,8723.0,0.0
675,1.2355265139995026,97.1008,7.027060508728027,0.019692465662956238,0.021197855472564697,0.0419921875,0.6618489027023315,0.021021470427513123,8635.0,0.0
676,1.2391261929951725,97.1008,7.276968479156494,0.03504328057169914,0.019902411848306656,0.0419921875,0.6807130575180054,0.028155460953712463,8633.0,0.0
677,1.2403694729946437,97.1008,7.291393756866455,0.037120141088962555,0.02126402221620083,0.0419921875,0.6773765087127686,0.028272664174437523,8816.0,0.0
678,1.2357402620036737,97.1008,6.720066070556641,0.017383426427841187,0.01952051930129528,0.0419921875,0.6308081150054932,0.020377198234200478,8744.0,0.0
679,1.2373209560028045,97.1008,6.810035705566406,0.020656034350395203,0.02371695265173912,0.04296875,0.6386415958404541,0.0210566408932209,8667.0,0.0
680,1.2468617720005568,97.1008,6.939517498016357,0.027283672243356705,0.014515982940793037,0.04296875,0.651260495185852,0.022233717143535614,8633.0,0.0
681,1.2399900250020437,97.1008,7.068403720855713,0.033555302768945694,0.021902568638324738,0.0439453125,0.6592366099357605,0.024727797135710716,8725.0,0.0
682,1.2500993740031845,97.1008,6.651322364807129,0.016207175329327583,0.019393330439925194,0.0439453125,0.6222677826881409,0.020753279328346252,8796.0,0.0
683,1.2560460819950094,97.1008,6.744481086730957,0.019313743337988853,0.026049451902508736,0.0439453125,0.6308296918869019,0.02448936179280281,8643.0,0.0
684,1.2596818189995247,97.1008,7.049943923950195,0.03014022670686245,0.018364084884524345,0.0439453125,0.6572266221046448,0.029827704653143883,8677.0,0.0
685,1.2712819959997432,97.1008,6.963627815246582,0.02479390986263752,0.019714510068297386,0.0439453125,0.6504230499267578,0.024339301511645317,8697.0,0.0
686,1.2767032779956935,97.1008,6.780823707580566,0.016436506062746048,0.01606745459139347,0.0439453125,0.634078860282898,0.02271246165037155,8817.0,0.0
687,1.2638923560007242,97.1008,6.741957664489746,0.013666613027453423,0.02200278639793396,0.0439453125,0.6337944865226746,0.019320473074913025,8666.0,0.0
688,1.2695074130024295,97.1008,6.95067834854126,0.02091769129037857,0.018890321254730225,0.0439453125,0.6523880362510681,0.022381119430065155,8652.0,0.0
689,1.2692543159937486,97.1008,7.0661821365356445,0.02477453649044037,0.01844327710568905,0.0439453125,0.6624733805656433,0.022269371896982193,8671.0,0.0
690,1.2508775440001045,97.1008,6.947961807250977,0.021805785596370697,0.014456565491855145,0.0439453125,0.649150013923645,0.022801067680120468,8825.0,0.0
691,1.2451453910034616,97.1008,6.912512302398682,0.023298487067222595,0.022360460832715034,0.04296875,0.6461182236671448,0.026928892359137535,8638.0,0.0
692,1.2367008740038727,97.1008,7.027379512786865,0.025594225153326988,0.012582451105117798,0.04296875,0.6558348536491394,0.02649415284395218,8720.0,0.0
693,1.241981360995851,97.1008,6.963240623474121,0.02219824492931366,0.018797902390360832,0.04296875,0.6531872153282166,0.021833386272192,8639.0,0.0
694,1.248035365002579,97.1008,6.96873664855957,0.018517430871725082,0.016717467457056046,0.04296875,0.6496094465255737,0.023077674210071564,8865.0,0.0
695,1.235833165999793,97.1008,6.757421970367432,0.013260280713438988,0.025584999471902847,0.04296875,0.6352266073226929,0.020327534526586533,8638.0,0.0
696,1.242984892000095,97.1008,6.915850639343262,0.021472007036209106,0.01980946585536003,0.0439453125,0.6492323875427246,0.021575985476374626,8676.0,1.0
697,1.2413952769929892,97.1008,7.040473937988281,0.027935825288295746,0.024078818038105965,0.04296875,0.6619181632995605,0.021014150232076645,8637.0,0.0
698,1.244718918002036,97.1008,7.104921340942383,0.031650032848119736,0.021126942709088326,0.04296875,0.6609712839126587,0.025947611778974533,8837.0,1.0
699,1.2338117839972256,97.1008,6.882095813751221,0.020259451121091843,0.020860254764556885,0.04296875,0.640853762626648,0.028742052614688873,8688.0,0.0
700,1.2302084210023168,97.1008,6.778491973876953,0.017739254981279373,0.02115171030163765,0.04296875,0.6351156234741211,0.02225085161626339,8672.0,0.0
701,1.2203170180000598,97.1008,6.864468574523926,0.024388980120420456,0.021041452884674072,0.04296875,0.6429086923599243,0.02331538498401642,8633.0,1.0
702,1.2183195519974106,97.1008,6.905790328979492,0.026124341413378716,0.02443625219166279,0.0419921875,0.6420999765396118,0.022540366277098656,8859.0,0.0
703,1.2270535250063404,97.1008,6.621899127960205,0.016523025929927826,0.0176404882222414,0.0419921875,0.6203320026397705,0.021147748455405235,8669.0,0.0
704,1.2441629099994316,97.1008,6.75526762008667,0.019067570567131042,0.02433553896844387,0.041015625,0.6344296932220459,0.01987495832145214,8658.0,0.0
705,1.2327742430061335,97.1008,6.951943874359131,0.028780872002243996,0.02028881013393402,0.0419921875,0.6524313688278198,0.021861350163817406,8630.0,1.0
706,1.2341914460048429,97.1008,7.18536901473999,0.03532041236758232,0.023493295535445213,0.0419921875,0.6663429141044617,0.029490545392036438,8800.0,0.0
707,1.2401193190016784,97.1008,6.77913761138916,0.019935347139835358,0.018665198236703873,0.0419921875,0.6324775815010071,0.027055051177740097,8749.0,0.0
708,1.2192237670024042,97.1008,6.785640716552734,0.01264000404626131,0.02674197219312191,0.0419921875,0.6379066705703735,0.019782986491918564,8659.0,0.0
709,1.2137035179985105,97.1008,7.013794422149658,0.01979835331439972,0.01660187542438507,0.0419921875,0.6582174897193909,0.022539839148521423,8658.0,0.0
710,1.2019793409999693,97.1008,7.120851993560791,0.02316177636384964,0.023816553875803947,0.0419921875,0.6649917364120483,0.023356694728136063,8750.0,1.0
711,1.2100854039963451,97.1008,6.850839138031006,0.012582303024828434,0.01739315316081047,0.0419921875,0.6418406963348389,0.021535079926252365,8770.0,0.0
712,1.2188997880002717,97.1008,6.880682468414307,0.012970365583896637,0.023646529763936996,0.0419921875,0.6478821039199829,0.018932979553937912,8642.0,0.0
713,1.2169583509967197,97.1008,7.120199680328369,0.022964000701904297,0.01776772551238537,0.0419921875,0.667809009552002,0.0237836055457592,8623.0,0.0
714,1.2236060229988652,97.1008,7.397074222564697,0.03527892753481865,0.02064787596464157,0.0419921875,0.6878013014793396,0.03147565573453903,8724.0,0.0
715,1.2275021850000485,97.1008,6.8710222244262695,0.0157498586922884,0.019362149760127068,0.041015625,0.6431523561477661,0.02255697175860405,8845.0,0.0
716,1.258721501006221,97.1008,6.803082466125488,0.015501279383897781,0.026471015065908432,0.041015625,0.6397475004196167,0.0203084833920002,8643.0,0.0
717,1.2314705719982157,97.1008,6.976240158081055,0.023217929527163506,0.021590761840343475,0.041015625,0.6564241051673889,0.020237600430846214,8657.0,1.0
718,1.2354428819962777,97.1008,7.2445878982543945,0.03243839368224144,0.02394949458539486,0.041015625,0.6781066656112671,0.02418540045619011,8686.0,1.0
719,1.2210043629966094,97.1008,6.902510643005371,0.01985163986682892,0.01826559379696846,0.0400390625,0.6472786664962769,0.020739194005727768,8837.0,1.0
720,1.2250988779996987,97.1008,6.803351879119873,0.016588767990469933,0.02029518038034439,0.0400390625,0.6397048234939575,0.020309261977672577,8638.0,1.0
721,1.2314235899975756,97.1008,7.133998870849609,0.024675972759723663,0.021729597821831703,0.0400390625,0.6685022115707397,0.026820484548807144,8626.0,0.0
722,1.2377699979988392,97.1008,7.1922993659973145,0.028341738507151604,0.023241324350237846,0.0400390625,0.6695852279663086,0.03085106983780861,8693.0,0.0
723,1.2431633150044945,97.1008,6.76077127456665,0.013612104579806328,0.019591564312577248,0.0400390625,0.6307969093322754,0.021966760978102684,8875.0,0.0
724,1.243173573006061,97.1008,6.653563022613525,0.01132239867001772,0.025930725038051605,0.0400390625,0.6230928897857666,0.02138393372297287,8665.0,0.0
725,1.2360189699975308,97.1008,6.733443737030029,0.018115034326910973,0.024308642372488976,0.0400390625,0.6328691244125366,0.020092517137527466,8628.0,0.0
726,1.2315110239942442,97.1008,6.9093828201293945,0.031922101974487305,0.027556292712688446,0.0400390625,0.6461650133132935,0.024155166000127792,8654.0,0.0
727,1.2304516459989827,97.1008,6.790894031524658,0.022801119834184647,0.026271235197782516,0.0400390625,0.6344151496887207,0.02090851217508316,8870.0,0.0
728,1.2345605959999375,97.1008,6.729439735412598,0.01961554028093815,0.028528286144137383,0.0400390625,0.631130576133728,0.02210354618728161,8636.0,0.0
729,1.235014191006485,97.1008,7.0677409172058105,0.03041836991906166,0.018127555027604103,0.0400390625,0.659991979598999,0.028739076107740402,8659.0,0.0
730,1.237660416001745,97.1008,7.074896335601807,0.03015989623963833,0.023964129388332367,0.0400390625,0.661504864692688,0.025250613689422607,8686.0,0.0
731,1.2388881200022297,97.1008,6.938282489776611,0.02581378072500229,0.02192576602101326,0.0390625,0.6460566520690918,0.023433832451701164,8847.0,0.0
732,1.2411553900019499,97.1008,6.595521926879883,0.01462807971984148,0.02539311721920967,0.0390625,0.6185678243637085,0.020100167021155357,8669.0,0.0
733,1.247514198999852,97.1008,6.78299617767334,0.02214273065328598,0.01751849241554737,0.0400390625,0.6355451941490173,0.021913444623351097,8651.0,1.0
734,1.2373541390043101,97.1008,7.005257606506348,0.030134137719869614,0.02083863876760006,0.0400390625,0.6571756601333618,0.02190813049674034,8651.0,0.0
735,1.2385091229953105,97.1008,7.014983177185059,0.03079436719417572,0.01886233501136303,0.0400390625,0.6533763408660889,0.023246264085173607,8839.0,0.0
736,1.2399596160030342,97.1008,6.799480438232422,0.021350033581256866,0.01979510299861431,0.0400390625,0.636809766292572,0.024870311841368675,8646.0,0.0
737,1.2679464820030262,97.1008,6.974961280822754,0.02716471627354622,0.022842783480882645,0.0390625,0.6513157486915588,0.02781866490840912,8685.0,0.0
738,1.237020170003234,97.1008,7.0327324867248535,0.023942768573760986,0.015450249426066875,0.0390625,0.6601194739341736,0.02191130816936493,8663.0,0.0
739,1.2349183020050987,97.1008,7.09105920791626,0.02973298914730549,0.023343713954091072,0.0390625,0.6588306427001953,0.024770155549049377,8837.0,0.0
740,1.2404573270032415,97.1008,6.649433135986328,0.009945761412382126,0.018677715212106705,0.0390625,0.6246629953384399,0.019298017024993896,8679.0,0.0
741,1.2418105849938001,97.1008,6.846307754516602,0.015897544100880623,0.02507108822464943,0.0390625,0.6430644392967224,0.02163221314549446,8653.0,0.0
742,1.2486042879972956,97.1008,7.039107322692871,0.022824829444289207,0.021815558895468712,0.0390625,0.661993682384491,0.020393293350934982,8652.0,0.0
743,1.253597531998821,97.1008,7.156563758850098,0.029258858412504196,0.017780037596821785,0.0390625,0.6664556860923767,0.02517125755548477,8765.0,0.0
744,1.2428420049982378,97.1008,7.010116100311279,0.021331388503313065,0.018988825380802155,0.0390625,0.6538421511650085,0.02826780080795288,8745.0,0.0
745,1.2380630920015392,97.1008,7.029760360717773,0.015268093906342983,0.02052517980337143,0.0390625,0.658845067024231,0.023394029587507248,8697.0,0.0
746,1.2403410500046448,97.1008,7.023731708526611,0.020434560254216194,0.020681390538811684,0.0390625,0.6604961156845093,0.02096053585410118,8627.0,0.0
747,1.2368780780016095,97.1008,7.157916069030762,0.024199439212679863,0.01991448551416397,0.0390625,0.6691098213195801,0.023071935400366783,8737.0,0.0
748,1.2344500000035623,97.1008,6.862738609313965,0.015332072973251343,0.023989183828234673,0.0390625,0.6433725953102112,0.02121800184249878,8779.0,0.0
749,1.2431259079967276,97.1008,6.782497406005859,0.013311401940882206,0.018759576603770256,0.0390625,0.6367523074150085,0.019830454140901566,8671.0,0.0
750,1.2445217369968304,97.1008,6.919276714324951,0.020472751930356026,0.020634528249502182,0.0390625,0.6502357125282288,0.02065213769674301,8630.0,1.0
751,1.2541826750020846,97.1008,7.163966178894043,0.034150004386901855,0.015415837056934834,0.0390625,0.6674687266349792,0.02765687368810177,8677.0,1.0
752,1.2512691950032604,97.1008,6.927057266235352,0.023750022053718567,0.020430101081728935,0.0390625,0.6437897682189941,0.028916150331497192,8859.0,0.0
753,1.2461702170039644,97.1008,6.6992669105529785,0.013517370447516441,0.022419460117816925,0.0390625,0.629067063331604,0.020833566784858704,8670.0,0.0
754,1.2661484689961071,97.1008,6.930320739746094,0.022569192573428154,0.020110605284571648,0.0390625,0.6495586633682251,0.022350555285811424,8657.0,0.0
755,1.2664017170027364,97.1008,6.96047306060791,0.027307534590363503,0.023016072809696198,0.0390625,0.6519736647605896,0.02207704447209835,8658.0,0.0
756,1.2614476380040287,97.1008,6.7854461669921875,0.020350417122244835,0.022282477468252182,0.0390625,0.6329184770584106,0.023018382489681244,8844.0,0.0
757,1.265129937994061,97.1008,6.617636203765869,0.01439572498202324,0.03291495516896248,0.0390625,0.6212025880813599,0.019261475652456284,8658.0,0.0
758,1.2652995840035146,97.1008,6.848513603210449,0.024439234286546707,0.022056953981518745,0.0390625,0.6422633528709412,0.022391339763998985,8627.0,0.0
759,1.2662420120032039,97.1008,7.16251277923584,0.03854812681674957,0.029642080888152122,0.0390625,0.6665724515914917,0.030918128788471222,8643.0,0.0
760,1.2498182639974402,97.1008,6.974748611450195,0.024054937064647675,0.021276475861668587,0.0390625,0.6469374895095825,0.026892080903053284,8924.0,0.0
761,1.257099221002136,97.1008,6.78459358215332,0.010013611987233162,0.037842486053705215,0.0390625,0.6372525095939636,0.01998155191540718,8637.0,0.0
762,1.2650446970001212,97.1008,7.015902996063232,0.015640247613191605,0.019491402432322502,0.0390625,0.6591275334358215,0.020848874002695084,8661.0,0.0
763,1.262689194001723,97.1008,7.189639091491699,0.024419143795967102,0.03429996594786644,0.0390625,0.6743780970573425,0.022686097770929337,8638.0,0.0
764,1.2857507840017206,97.1008,7.152150630950928,0.021908894181251526,0.02539978362619877,0.0390625,0.666893720626831,0.02223549410700798,8884.0,0.0
765,1.2562044600053923,97.1008,6.809274196624756,0.013485269621014595,0.030592922121286392,0.0390625,0.6409738063812256,0.01852153055369854,8642.0,0.0
766,1.249952136000502,97.1008,7.0986785888671875,0.02339441329240799,0.02996598370373249,0.0390625,0.6666302680969238,0.023614272475242615,8632.0,0.0
767,1.2615071089967387,97.1008,7.405949115753174,0.034610502421855927,0.02012515626847744,0.0380859375,0.691773533821106,0.02947378158569336,8683.0,0.0
768,1.2631479150004452,97.1008,7.171318531036377,0.02678442746400833,0.03469716012477875,0.0380859375,0.6685746908187866,0.023123716935515404,8874.0,0.0
769,1.2621982899945579,97.1008,6.84495735168457,0.016496576368808746,0.02119119092822075,0.0380859375,0.6432918906211853,0.02086085081100464,8657.0,0.0
770,1.2660856549991877,97.1008,6.956210613250732,0.016747020184993744,0.031841736286878586,0.0380859375,0.6559205055236816,0.018708018586039543,8649.0,0.0
771,1.2757302580066607,97.1008,7.152826309204102,0.024900194257497787,0.023604925721883774,0.0380859375,0.6713818311691284,0.022757861763238907,8644.0,0.0
772,1.263966252998216,97.1008,7.017393112182617,0.023015934973955154,0.023832181468605995,0.0380859375,0.6528257131576538,0.022537823766469955,8844.0,0.0
773,1.2650162299978547,97.1008,6.635962009429932,0.013942798599600792,0.03046097420156002,0.0380859375,0.6229925751686096,0.021075543016195297,8668.0,0.0
774,1.2603715529985493,97.1008,6.9617815017700195,0.023243218660354614,0.023788070306181908,0.0380859375,0.6503459215164185,0.027761537581682205,8629.0,0.0
775,1.2569598570044036,97.1008,7.071890830993652,0.027270101010799408,0.031197719275951385,0.0380859375,0.6593191623687744,0.027453895658254623,8715.0,0.0
776,1.2603120899948408,97.1008,6.969287395477295,0.019678624346852303,0.020022166892886162,0.0380859375,0.6496140956878662,0.02315329574048519,8771.0,0.0
777,1.2552695470003528,97.1008,6.6863203048706055,0.006656424608081579,0.030201071873307228,0.0380859375,0.6265113949775696,0.020676638931035995,8742.0,0.0
778,1.2539830750029068,97.1008,6.712521553039551,0.01060444489121437,0.024852419272065163,0.0380859375,0.6302124857902527,0.020473623648285866,8631.0,0.0
779,1.2569440450024558,97.1008,6.9578142166137695,0.01822342537343502,0.03329744189977646,0.0380859375,0.6524481773376465,0.022234994918107986,8666.0,0.0
780,1.2526651289954316,97.1008,7.0318498611450195,0.02137840911746025,0.02463105320930481,0.0380859375,0.6563984155654907,0.022674035280942917,8723.0,0.0
781,1.2564030790017569,97.1008,6.918842315673828,0.014669646508991718,0.027988538146018982,0.0380859375,0.6479705572128296,0.02391442283987999,8764.0,0.0
782,1.2552174779993948,97.1008,7.053558349609375,0.022579099982976913,0.02604690007865429,0.0380859375,0.6580221056938171,0.028447803109884262,8684.0,0.0
783,1.2565394700068282,97.1008,6.989412307739258,0.023752842098474503,0.026159735396504402,0.0380859375,0.6558917760848999,0.022043850272893906,8663.0,0.0
784,1.2589735810033744,97.1008,7.219605445861816,0.03067617118358612,0.030970929190516472,0.0380859375,0.6757681369781494,0.023965638130903244,8682.0,1.0
785,1.2842280629993184,97.1008,6.8140645027160645,0.018401043489575386,0.02636873908340931,0.0380859375,0.6390249729156494,0.019603068009018898,8836.0,0.0
786,1.255444794005598,97.1008,6.773679733276367,0.01815553940832615,0.028041468933224678,0.0380859375,0.6359514594078064,0.02054014801979065,8652.0,1.0
787,1.2656559230017592,97.1008,6.94478702545166,0.022563187405467033,0.026211373507976532,0.0380859375,0.6536163091659546,0.01941544935107231,8651.0,0.0
788,1.2615521719999379,97.1008,7.168447017669678,0.02902444824576378,0.024713950231671333,0.0380859375,0.6720027923583984,0.022712331265211105,8656.0,0.0
789,1.2584530599997379,97.1008,7.059103965759277,0.02194550260901451,0.02539677731692791,0.0380859375,0.6582790613174438,0.02695128135383129,8827.0,1.0
790,1.257953117004945,97.1008,6.935446739196777,0.018095051869750023,0.020149609073996544,0.0390625,0.6478219032287598,0.025407543405890465,8718.0,1.0
791,1.2562668760001543,97.1008,6.8360276222229,0.016407154500484467,0.025181405246257782,0.0390625,0.6433665156364441,0.019325323402881622,8630.0,0.0
792,1.256684205000056,97.1008,7.078148365020752,0.025158248841762543,0.024347886443138123,0.0390625,0.6627254486083984,0.02276364527642727,8675.0,1.0
793,1.2624834449961782,97.1008,6.936567306518555,0.018710676580667496,0.023626085370779037,0.0390625,0.6483755111694336,0.02158035896718502,8833.0,0.0
794,1.2589209920042777,97.1008,6.776881217956543,0.014849061146378517,0.028437655419111252,0.0390625,0.6356326341629028,0.021004443988204002,8674.0,0.0
795,1.261368528001185,97.1008,6.851316928863525,0.019055943936109543,0.031384192407131195,0.0390625,0.6444848775863647,0.019329335540533066,8634.0,0.0
796,1.269790735001152,97.1008,7.034814834594727,0.028638947755098343,0.029466593638062477,0.0390625,0.658139705657959,0.025095250457525253,8639.0,0.0
797,1.2737427960018977,97.1008,7.156829357147217,0.027994565665721893,0.027424583211541176,0.0390625,0.6625555753707886,0.030563151463866234,8876.0,0.0
798,1.2720960619990365,97.1008,6.812032699584961,0.012338862754404545,0.0269270371645689,0.0390625,0.6390342712402344,0.021177832037210464,8680.0,0.0
799,1.2718765290046576,97.1008,6.961707592010498,0.014204788021743298,0.02301165834069252,0.0390625,0.6546059250831604,0.021278250962495804,8632.0,0.0
800,1.2635153709998121,97.1008,7.15074348449707,0.019871417433023453,0.026961227878928185,0.0390625,0.6717857122421265,0.02153940126299858,8669.0,0.0
801,1.2716879920044448,97.1008,7.141765594482422,0.020250633358955383,0.02237766608595848,0.0390625,0.6650571823120117,0.023866159841418266,8856.0,0.0
802,1.2584498790020007,97.1008,6.707354545593262,0.005282659083604813,0.026957735419273376,0.0390625,0.6306539177894592,0.01913846656680107,8660.0,0.0
803,1.2579131989987218,97.1008,6.9232378005981445,0.01301601342856884,0.022030210122466087,0.0390625,0.6510529518127441,0.02061222307384014,8629.0,1.0
804,1.2628795659984462,97.1008,7.21756649017334,0.026863323524594307,0.02163456566631794,0.0390625,0.6748086810112,0.027669914066791534,8636.0,0.0
805,1.254480544004764,97.1008,7.196872234344482,0.0279308520257473,0.024628276005387306,0.0390625,0.6668877601623535,0.030058778822422028,8866.0,0.0
806,1.2548909980032477,97.1008,6.638226509094238,0.004054460674524307,0.024877743795514107,0.0390625,0.6240020990371704,0.01929592713713646,8703.0,0.0
807,1.2557454369962215,97.1008,6.860661506652832,0.013316141441464424,0.02765495888888836,0.0390625,0.6441513299942017,0.02105608955025673,8659.0,0.0
808,1.2571715520025464,97.1008,7.034060955047607,0.021819954738020897,0.02538943849503994,0.0390625,0.6611108183860779,0.020881101489067078,8633.0,0.0
809,1.254884681002295,97.1008,7.2063374519348145,0.028777457773685455,0.024666549637913704,0.0390625,0.6703723669052124,0.024473225697875023,8809.0,0.0
810,1.2519022230044357,97.1008,6.846628189086914,0.015455660410225391,0.018074791878461838,0.0390625,0.644742488861084,0.018521016463637352,8711.0,0.0
811,1.2853057369939052,97.1008,7.084620475769043,0.021527359262108803,0.027034446597099304,0.0390625,0.6656853556632996,0.022678885608911514,8629.0,0.0
812,1.2796826850026264,97.1008,7.392882347106934,0.033834874629974365,0.021719617769122124,0.0390625,0.6903678178787231,0.03002176247537136,8664.0,0.0
813,1.2593946269989829,97.1008,7.205108642578125,0.02829854190349579,0.018842404708266258,0.0390625,0.6710286140441895,0.0258502047508955,8780.0,0.0
814,1.2582193939961144,97.1008,6.736218452453613,0.0116400932893157,0.01793500781059265,0.0390625,0.6315573453903198,0.020833050832152367,8755.0,0.0
815,1.2543159959968762,97.1008,6.7700395584106445,0.012331034988164902,0.024209177121520042,0.0390625,0.6364542245864868,0.019666798412799835,8659.0,0.0
816,1.2555625750028412,97.1008,6.99269437789917,0.02180534601211548,0.019768372178077698,0.0390625,0.6557150483131409,0.022066831588745117,8649.0,0.0
817,1.2544779169984395,97.1008,7.166989803314209,0.028191233053803444,0.020680267363786697,0.0390625,0.6705795526504517,0.022782674059271812,8701.0,0.0
818,1.2523587320029037,97.1008,6.864566802978516,0.015820682048797607,0.014224541373550892,0.0390625,0.6436371803283691,0.020816246047616005,8801.0,0.0
819,1.2497896539935027,97.1008,6.971756458282471,0.021582547575235367,0.02806789055466652,0.0390625,0.6527664661407471,0.025584693998098373,8633.0,0.0
820,1.2510570430022199,97.1008,7.157775402069092,0.030396565794944763,0.024986915290355682,0.0390625,0.668141782283783,0.02877303585410118,8679.0,0.0
821,1.2495996639991063,97.1008,7.084882736206055,0.02808431349694729,0.024238228797912598,0.0390625,0.6628552675247192,0.023341968655586243,8694.0,0.0
822,1.2586188679997576,97.1008,6.982977390289307,0.020275693386793137,0.02688479982316494,0.0390625,0.6521790027618408,0.02266029268503189,8852.0,0.0
823,1.255279741002596,97.1008,6.859781265258789,0.017195913940668106,0.024705825373530388,0.0390625,0.6451153755187988,0.01931547187268734,8629.0,0.0
824,1.26196623800206,97.1008,6.989127159118652,0.02490633726119995,0.02474566362798214,0.0390625,0.6559684872627258,0.02208486758172512,8653.0,0.0
825,1.2575729840027634,97.1008,7.0587615966796875,0.0254041887819767,0.019766781479120255,0.0390625,0.6618214845657349,0.0213560089468956,8672.0,1.0
826,1.256005342998833,97.1008,7.107524871826172,0.017785869538784027,0.03106875531375408,0.0400390625,0.6640068292617798,0.02347765862941742,8830.0,1.0
827,1.2592342939969967,97.1008,7.03999662399292,0.015189643017947674,0.022110309451818466,0.0400390625,0.6574428081512451,0.027981331571936607,8659.0,0.0
828,1.2525690409966046,97.1008,6.953218936920166,0.011558904312551022,0.026120182126760483,0.0400390625,0.6513051390647888,0.023416705429553986,8690.0,0.0
829,1.255436835999717,97.1008,6.991800785064697,0.013080369681119919,0.022113848477602005,0.0400390625,0.6551668047904968,0.02211575210094452,8645.0,1.0
830,1.261279006001132,97.1008,6.959046840667725,0.013348315842449665,0.026134056970477104,0.0400390625,0.6490145921707153,0.021822955459356308,8866.0,0.0
831,1.253510490001645,97.1008,6.857673168182373,0.00916893221437931,0.026723310351371765,0.0400390625,0.644303560256958,0.020914223045110703,8648.0,1.0
832,1.2905995880064438,97.1008,6.948545455932617,0.016762500628829002,0.02353365533053875,0.0400390625,0.65351402759552,0.02022383362054825,8655.0,0.0
833,1.2439009340014309,97.1008,7.093751430511475,0.021971553564071655,0.022297808900475502,0.0400390625,0.665887176990509,0.021819351240992546,8643.0,6.0
834,1.2281135880039074,97.1008,7.127415180206299,0.02595621347427368,0.021909058094024658,0.0390625,0.6619610786437988,0.027260739356279373,8835.0,1.0
835,1.2489660449937219,97.1008,6.744014739990234,0.019550833851099014,0.025434590876102448,0.0400390625,0.6285127997398376,0.027251115068793297,8690.0,1.0
836,1.248611950002669,97.1008,6.682679653167725,0.011316953226923943,0.02677036076784134,0.0400390625,0.6261929869651794,0.02085883915424347,8668.0,0.0
837,1.254596432998369,97.1008,6.894339084625244,0.01332070305943489,0.02571243606507778,0.041015625,0.6441702842712402,0.02341577038168907,8666.0,0.0
838,1.2295660919990041,97.1008,6.9895853996276855,0.010390328243374825,0.02569534257054329,0.0400390625,0.6504735946655273,0.02186310850083828,8822.0,0.0
839,1.227778952998051,97.1008,6.820613861083984,0.0021750216837972403,0.026206187903881073,0.0400390625,0.6399118304252625,0.021114906296133995,8675.0,0.0
840,1.2308047480037203,97.1008,6.8554463386535645,0.007119977381080389,0.023775486275553703,0.0400390625,0.6447492241859436,0.019512994214892387,8657.0,0.0
841,1.223821608000435,97.1008,7.083851337432861,0.017018012702465057,0.03022882528603077,0.0400390625,0.6643790602684021,0.023683425039052963,8636.0,0.0
842,1.2260953049990349,97.1008,7.19077730178833,0.027395576238632202,0.028087086975574493,0.041015625,0.6651252508163452,0.03191771358251572,8805.0,1.0
843,1.2270355510045192,97.1008,6.749840259552002,0.01073541771620512,0.030039414763450623,0.041015625,0.6305084228515625,0.024583827704191208,8757.0,1.0
844,1.222882435999054,97.1008,6.71972131729126,0.008478286676108837,0.02939126081764698,0.0400390625,0.6307231187820435,0.02082490175962448,8638.0,0.0
845,1.2255818100020406,97.1008,6.8264594078063965,0.016017716377973557,0.034397028386592865,0.0400390625,0.6397974491119385,0.022222403436899185,8663.0,0.0
846,1.2302157939993776,97.1008,7.019337177276611,0.022755339741706848,0.030606023967266083,0.0400390625,0.6535055041313171,0.02481374703347683,8733.0,0.0
847,1.2273243429954164,97.1008,6.718476295471191,0.00833368580788374,0.03248685970902443,0.0400390625,0.6289204955101013,0.021003542467951775,8785.0,0.0
848,1.224881305002782,97.1008,6.761218547821045,0.009265879169106483,0.0279717817902565,0.0400390625,0.635248064994812,0.020218858495354652,8637.0,0.0
849,1.2269840270018904,97.1008,7.071442604064941,0.021443603560328484,0.03291938081383705,0.0400390625,0.6618483066558838,0.02618395909667015,8633.0,1.0
850,1.234759242994187,97.1008,7.206935882568359,0.028434449806809425,0.03186231479048729,0.0390625,0.6684380769729614,0.03186364099383354,8738.0,1.0
851,1.2261746969961678,97.1008,6.7884202003479,0.006204739212989807,0.03049643710255623,0.0390625,0.6348949074745178,0.02161392569541931,8824.0,0.0
852,1.2407174769978155,97.1008,6.839514255523682,0.006152772344648838,0.026783738285303116,0.0390625,0.6402460336685181,0.021834127604961395,8666.0,0.0
853,1.1720034339959966,97.1008,7.017898082733154,0.008498274721205235,0.022122425958514214,0.0390625,0.6596605181694031,0.020257094874978065,8633.0,1.0
854,1.174174760999449,97.1008,7.241844177246094,0.01760752499103546,0.030405454337596893,0.0390625,0.6776058077812195,0.024749327450990677,8678.0,1.0
855,1.195856249993085,97.1008,6.9188008308410645,0.008065778762102127,0.021480953320860863,0.0390625,0.6481999158859253,0.02069896273314953,8841.0,0.0
856,1.1719565419989522,97.1008,6.846341609954834,0.00850838702172041,0.028945468366146088,0.037109375,0.6425332427024841,0.021193012595176697,8638.0,1.0
857,1.17689634400449,97.1008,7.126012325286865,0.021082278341054916,0.022633740678429604,0.037109375,0.6653391122817993,0.02803511917591095,8633.0,1.0
858,1.1610705070052063,97.1008,7.195993900299072,0.022499576210975647,0.026975711807608604,0.037109375,0.6708014011383057,0.027628403156995773,8734.0,1.0
859,1.1572249110031407,97.1008,6.893487453460693,0.00981200486421585,0.02010992541909218,0.037109375,0.6444591283798218,0.021549448370933533,8832.0,1.0
860,1.2027080259940703,97.1008,6.64162540435791,0.009272978641092777,0.022344538941979408,0.037109375,0.6226398944854736,0.02042505145072937,8665.0,2.0
861,1.175096239996492,97.1008,6.733003616333008,0.019828200340270996,0.022100772708654404,0.037109375,0.6312767863273621,0.021246198564767838,8637.0,0.0
862,1.1681218329977128,97.1008,6.9604411125183105,0.02877046912908554,0.028142191469669342,0.037109375,0.6507234573364258,0.02293637953698635,8680.0,0.0
863,1.203184065001551,97.1008,6.88086462020874,0.022309526801109314,0.019353801384568214,0.037109375,0.6408941149711609,0.02159922942519188,8839.0,1.0
864,1.1953297979998752,97.1008,6.919247627258301,0.014633938670158386,0.02901141718029976,0.0361328125,0.6484754085540771,0.02353607676923275,8635.0,2.0
865,1.2056576260001748,97.1008,7.188304424285889,0.021895408630371094,0.01884571462869644,0.0361328125,0.6713088750839233,0.028651434928178787,8685.0,0.0
866,1.195167402001971,97.1008,7.158901691436768,0.01663423702120781,0.028991563245654106,0.0361328125,0.6714848279953003,0.023183658719062805,8673.0,0.0
867,1.2054110940007376,97.1008,7.102930068969727,0.015222557820379734,0.02443801797926426,0.03515625,0.6620752811431885,0.02391311526298523,8835.0,0.0
868,1.2105690850003157,97.1008,6.893590450286865,0.004539818037301302,0.03435477241873741,0.03515625,0.649115264415741,0.018774159252643585,8668.0,0.0
869,1.1998151040024823,97.1008,7.144773006439209,0.013692265376448631,0.024448266252875328,0.0361328125,0.671402633190155,0.021744031459093094,8653.0,2.0
870,1.1794978239995544,97.1008,7.257570266723633,0.020024200901389122,0.029581710696220398,0.03515625,0.6825400590896606,0.02125987969338894,8657.0,2.0
871,1.2175221579964273,97.1008,7.275816440582275,0.021129127591848373,0.024286793544888496,0.03515625,0.6782083511352539,0.02396610751748085,8820.0,0.0
872,1.221736879000673,97.1008,6.957851886749268,0.015088051557540894,0.028072256594896317,0.03515625,0.6503019332885742,0.02688697539269924,8655.0,0.0
873,1.2434988090026309,97.1008,6.911529064178467,0.019117048010230064,0.029903683811426163,0.03515625,0.6434508562088013,0.02693784236907959,8724.0,0.0
874,1.227468309996766,97.1008,6.924441337585449,0.0201188325881958,0.027580508962273598,0.03515625,0.6491243243217468,0.021629929542541504,8638.0,0.0
875,1.2220527740064426,97.1008,7.0798420906066895,0.024208739399909973,0.031099867075681686,0.03515625,0.6583925485610962,0.02459065243601799,8819.0,0.0
876,1.2270555889990646,97.1008,6.864960193634033,0.00834563560783863,0.02783084474503994,0.03515625,0.6446502208709717,0.021245470270514488,8683.0,0.0
877,1.2339739800008829,97.1008,6.932426929473877,0.011647593230009079,0.03029301017522812,0.03515625,0.6496567726135254,0.022148190066218376,8681.0,0.0
878,1.2000940409998293,97.1008,7.092138290405273,0.01619781367480755,0.02478891797363758,0.0341796875,0.6658595204353333,0.020985877141356468,8635.0,2.0
879,1.184313067002222,97.1008,7.27197265625,0.023813337087631226,0.02407628297805786,0.033203125,0.6773209571838379,0.026602348312735558,8742.0,0.0
880,1.1451745919985115,97.1008,6.993508338928223,0.012300658971071243,0.017732584848999977,0.033203125,0.6516693234443665,0.028468212112784386,8784.0,0.0
881,1.1679118200045195,97.1008,6.739749908447266,0.008058850653469563,0.029085544869303703,0.0322265625,0.6313544511795044,0.021931037306785583,8674.0,1.0
882,1.2358420489981654,97.1008,6.895638942718506,0.017329778522253036,0.020357081666588783,0.0322265625,0.6471800804138184,0.021809345111250877,8634.0,0.0
883,1.2401498500039452,97.1008,7.052594184875488,0.019717173650860786,0.02669350430369377,0.03125,0.659339189529419,0.022013947367668152,8728.0,0.0
884,1.228845736994117,97.1008,6.717297554016113,0.010119522921741009,0.020122284069657326,0.0302734375,0.6284173727035522,0.021035483106970787,8797.0,0.0
885,1.2098274509990006,97.1008,6.739434719085693,0.011071176268160343,0.03259165585041046,0.0302734375,0.6330224275588989,0.019107704982161522,8660.0,0.0
886,1.2238714839986642,97.1008,6.959782123565674,0.01990705542266369,0.022108815610408783,0.0302734375,0.6537480354309082,0.021140500903129578,8634.0,0.0
887,1.232792104005057,97.1008,7.151119709014893,0.03165990859270096,0.023756956681609154,0.029296875,0.6666711568832397,0.02889610454440117,8663.0,0.0
888,1.2019606399990153,97.1008,6.9452691078186035,0.0214572511613369,0.022366706281900406,0.029296875,0.6449752449989319,0.027613595128059387,8885.0,0.0
889,1.2088380760033033,97.1008,6.691678047180176,0.01240622904151678,0.02766164019703865,0.029296875,0.6283758878707886,0.019389715045690536,8654.0,0.0
890,1.1902364369962015,97.1008,6.942530632019043,0.018915683031082153,0.02569245547056198,0.029296875,0.6506480574607849,0.021766886115074158,8663.0,0.0
891,1.1812311159956153,97.1008,7.026363372802734,0.022595062851905823,0.022921910509467125,0.0302734375,0.6583752632141113,0.02271990478038788,8649.0,2.0
892,1.1777727759981644,97.1008,6.985702037811279,0.014649415388703346,0.027657562866806984,0.03125,0.6519194841384888,0.02303985320031643,8869.0,1.0
893,1.1764761810045457,97.1008,6.8259172439575195,0.007126901298761368,0.022044437006115913,0.03125,0.6427356600761414,0.01828349381685257,8640.0,0.0
894,1.1705447360000107,97.1008,7.044477939605713,0.018811708316206932,0.023965567350387573,0.03125,0.6610375642776489,0.023008858785033226,8629.0,0.0
895,1.1728135950033902,97.1008,7.285460948944092,0.032969966530799866,0.026358170434832573,0.0302734375,0.6785647869110107,0.03080914542078972,8672.0,1.0
896,1.1818770300014876,97.1008,7.010095119476318,0.017204273492097855,0.028886564075946808,0.029296875,0.6524303555488586,0.024053972214460373,8893.0,0.0
897,1.2174457569999504,97.1008,6.756046295166016,0.007832483388483524,0.02347811684012413,0.029296875,0.6343521475791931,0.020220687612891197,8643.0,0.0
898,1.2259752940008184,97.1008,6.818871974945068,0.011304715648293495,0.02821163460612297,0.029296875,0.6410106420516968,0.019650544971227646,8664.0,0.0
899,1.2278032960020937,97.1008,7.0795369148254395,0.020205937325954437,0.029980501160025597,0.029296875,0.663468599319458,0.022875135764479637,8653.0,0.0
900,1.2281440250008018,97.1008,6.983964920043945,0.016801828518509865,0.0288300272077322,0.029296875,0.6504830121994019,0.022010689601302147,8858.0,0.0
901,1.2337433509965194,97.1008,6.613210201263428,0.006731764879077673,0.04158569127321243,0.029296875,0.6206673979759216,0.020011989399790764,8638.0,0.0
902,1.2508837770001264,97.1008,6.936814785003662,0.019379600882530212,0.027933238074183464,0.029296875,0.6488072872161865,0.025956954807043076,8634.0,0.0
903,1.2422118699978455,97.1008,7.103366374969482,0.027153482660651207,0.03394536301493645,0.0302734375,0.6623125076293945,0.029037009924650192,8681.0,1.0
904,1.2344184370012954,97.1008,6.916977882385254,0.018191609531641006,0.02374718338251114,0.029296875,0.6428447961807251,0.02265356481075287,8862.0,2.0
905,1.2269498509995174,97.1008,6.759530067443848,0.0035883933305740356,0.0362912192940712,0.029296875,0.6337777972221375,0.02078217640519142,8685.0,1.0
906,1.2289367220000713,97.1008,6.8919196128845215,0.008273626677691936,0.029545489698648453,0.029296875,0.648106038570404,0.019722318276762962,8634.0,1.0
907,1.2410225319981691,97.1008,7.142828464508057,0.01883787289261818,0.022206610068678856,0.029296875,0.669996440410614,0.022947832942008972,8653.0,1.0
908,1.242336240997247,97.1008,7.128915786743164,0.020258553326129913,0.025803500786423683,0.029296875,0.6652048230171204,0.02151677757501602,8816.0,0.0
909,1.2582823890043073,97.1008,6.800635814666748,0.009293932467699051,0.021187538281083107,0.029296875,0.637988805770874,0.021579574793577194,8686.0,0.0
910,1.240876156000013,97.1008,7.024013519287109,0.01788778230547905,0.024417443200945854,0.029296875,0.6558825969696045,0.027898220345377922,8665.0,1.0
911,1.2339713520050282,97.1008,7.098824501037598,0.015121299773454666,0.018756644800305367,0.0283203125,0.6647838354110718,0.02366860769689083,8688.0,0.0
912,1.2227528029980022,97.1008,7.1088972091674805,0.015891561284661293,0.02813338302075863,0.0283203125,0.6633901596069336,0.023091595619916916,8754.0,0.0
913,1.2096880879980745,97.1008,6.7165207862854,0.006344248540699482,0.022583410143852234,0.0283203125,0.6301180124282837,0.01928497664630413,8759.0,0.0
914,1.2091532030026428,97.1008,6.8306803703308105,0.013115648180246353,0.02556524984538555,0.0283203125,0.6409984230995178,0.02076697163283825,8652.0,0.0
915,1.2102150179998716,97.1008,6.991140365600586,0.01916923001408577,0.02255242131650448,0.02734375,0.656265377998352,0.020243845880031586,8653.0,1.0
916,1.2113237000012305,97.1008,7.166807174682617,0.025111820548772812,0.01945476233959198,0.02734375,0.6702069044113159,0.022404860705137253,8708.0,1.0
917,1.217503610998392,97.1008,6.961757183074951,0.017994150519371033,0.02310037985444069,0.02734375,0.6507867574691772,0.02488037198781967,8776.0,0.0
918,1.2068752569975914,97.1008,7.0180559158325195,0.014560160227119923,0.017552614212036133,0.02734375,0.6554157137870789,0.027077775448560715,8686.0,0.0
919,1.206965694000246,97.1008,6.978052139282227,0.011546824127435684,0.021538259461522102,0.02734375,0.6554467678070068,0.020794322714209557,8671.0,1.0
920,1.2088147110043792,97.1008,7.056555271148682,0.019380971789360046,0.02372211031615734,0.0263671875,0.6587930917739868,0.02387598529458046,8699.0,1.0
921,1.2182131890003802,97.1008,6.9571967124938965,0.009550605900585651,0.021222107112407684,0.0263671875,0.6533854603767395,0.019634442403912544,8808.0,0.0
922,1.2251978519998374,97.1008,6.982728958129883,0.00985761359333992,0.025231260806322098,0.02734375,0.6563071012496948,0.02077389881014824,8656.0,3.0
923,1.2398703549988568,97.1008,7.120978832244873,0.015702461823821068,0.01921958476305008,0.0283203125,0.6702243089675903,0.01914255879819393,8658.0,1.0
924,1.2449014219964738,97.1008,7.286076545715332,0.024647053331136703,0.020905407145619392,0.0263671875,0.6829759478569031,0.02415039762854576,8654.0,2.0
925,1.2428829990021768,97.1008,7.280081272125244,0.021790415048599243,0.025600338354706764,0.0263671875,0.6772561073303223,0.02961677312850952,8849.0,2.0
926,1.2487347920032335,97.1008,6.8722381591796875,0.009234047494828701,0.01969199627637863,0.0263671875,0.6432644724845886,0.023035213351249695,8692.0,0.0
927,1.2172948849984095,97.1008,6.961714744567871,0.015769626945257187,0.02532968483865261,0.0263671875,0.6535521745681763,0.0204022154211998,8636.0,0.0
928,1.201824731004308,97.1008,7.190332412719727,0.02429398149251938,0.02098662406206131,0.0263671875,0.6732778549194336,0.02222537249326706,8679.0,0.0
929,1.2558060890005436,97.1008,7.037672519683838,0.02076958864927292,0.0332799069583416,0.0263671875,0.6562404632568359,0.023008381947875023,8832.0,0.0
930,1.233089318004204,97.1008,6.795502185821533,0.00945865549147129,0.018303699791431427,0.0263671875,0.6385635137557983,0.01967792399227619,8671.0,1.0
931,1.2309779599963804,97.1008,6.968987464904785,0.014929760247468948,0.035240765661001205,0.0263671875,0.6547828912734985,0.019941851496696472,8638.0,0.0
932,1.230722243002674,97.1008,7.298076629638672,0.025667857378721237,0.0260129626840353,0.02734375,0.6825939416885376,0.026404183357954025,8646.0,2.0
933,1.2302040770009626,97.1008,7.310210227966309,0.02595169097185135,0.03775142505764961,0.0263671875,0.6779958605766296,0.030049672350287437,8877.0,0.0
934,1.2311195729998872,97.1008,6.962721824645996,0.006164073012769222,0.03768491372466087,0.0263671875,0.6544588804244995,0.020238064229488373,8678.0,0.0
935,1.2297230609983671,97.1008,7.104945182800293,0.0150741683319211,0.030650625005364418,0.0263671875,0.6666018962860107,0.021422579884529114,8665.0,1.0
936,1.2270319529998233,97.1008,7.257052898406982,0.025029512122273445,0.03160164877772331,0.0263671875,0.6824166178703308,0.0205776896327734,8642.0,1.0
937,1.226856642999337,97.1008,7.335564613342285,0.028943749144673347,0.031674038618803024,0.0263671875,0.6835809946060181,0.02404714748263359,8839.0,1.0
938,1.2276587930027745,97.1008,6.847311496734619,0.01399574987590313,0.027024060487747192,0.0263671875,0.644533097743988,0.018799763172864914,8676.0,0.0
939,1.2231815190025372,97.1008,6.962291717529297,0.022667815908789635,0.03359701856970787,0.0263671875,0.6535505056381226,0.021634723991155624,8635.0,1.0
940,1.221538303005218,97.1008,7.282726287841797,0.033745069056749344,0.02538529969751835,0.0263671875,0.6796706914901733,0.029380109161138535,8634.0,0.0
941,1.2233317449936294,97.1008,7.197777271270752,0.030035708099603653,0.03515581414103508,0.0263671875,0.6671242713928223,0.027442699298262596,8878.0,0.0
942,1.2318991009960882,97.1008,6.768426895141602,0.007311278488487005,0.02273600362241268,0.025390625,0.6358035206794739,0.019410016015172005,8688.0,0.0
943,1.2250462689989945,97.1008,6.896594047546387,0.01117042824625969,0.03224516659975052,0.025390625,0.6472305059432983,0.020039720460772514,8667.0,0.0
944,1.2247185169981094,97.1008,7.061102390289307,0.01757482998073101,0.025574680417776108,0.025390625,0.6632274985313416,0.021481677889823914,8635.0,1.0
945,1.227479900997423,97.1008,7.178685665130615,0.021537411957979202,0.037878889590501785,0.025390625,0.6698654890060425,0.023498456925153732,8793.0,0.0
946,1.2342127210067702,97.1008,6.815229415893555,0.008202224969863892,0.025117581710219383,0.025390625,0.6404127478599548,0.019126202911138535,8725.0,0.0
947,1.2353106810041936,97.1008,7.015397548675537,0.015278036706149578,0.04007801041007042,0.025390625,0.6573005318641663,0.02391698770225048,8634.0,1.0
948,1.234371492995706,97.1008,7.310152530670166,0.023165296763181686,0.03256603330373764,0.025390625,0.6816754341125488,0.029194219037890434,8685.0,2.0
949,1.2306674700012081,97.1008,7.196166038513184,0.018319547176361084,0.03148578479886055,0.025390625,0.6719664335250854,0.024146869778633118,8738.0,0.0
950,1.2300158639991423,97.1008,6.872530460357666,0.007316108327358961,0.036669354885816574,0.0244140625,0.643112063407898,0.02219223789870739,8788.0,0.0
951,1.2435186639995663,97.1008,6.878427505493164,0.0049861278384923935,0.03807520121335983,0.0244140625,0.6470036506652832,0.019133076071739197,8657.0,0.0
952,1.2404573770036222,97.1008,7.054094314575195,0.013651726767420769,0.028514662757515907,0.0244140625,0.6617617607116699,0.02253912016749382,8651.0,0.0
953,1.2360574289996293,97.1008,7.020620346069336,0.018157988786697388,0.042449951171875,0.0244140625,0.6567776203155518,0.0222376249730587,8689.0,2.0
954,1.2339327760055312,97.1008,6.757920742034912,0.012068815529346466,0.037279076874256134,0.0244140625,0.6318086981773376,0.021813711151480675,8811.0,0.0
955,1.2284798659966327,97.1008,6.798711776733398,0.014905600808560848,0.042008284479379654,0.0244140625,0.6338542699813843,0.027253687381744385,8634.0,0.0
956,1.227785678995133,97.1008,6.874823570251465,0.017427589744329453,0.03508784994482994,0.0244140625,0.6403049230575562,0.026335125789046288,8723.0,1.0
957,1.2294462560021202,97.1008,6.888820648193359,0.017563454806804657,0.03549916669726372,0.0244140625,0.6446201801300049,0.02226903662085533,8653.0,0.0
958,1.2478896280008485,97.1008,6.92503547668457,0.01109874714165926,0.030380822718143463,0.0244140625,0.6462858319282532,0.021840235218405724,8864.0,0.0
959,1.2313163639992126,97.1008,6.8665361404418945,0.011387546546757221,0.0436897799372673,0.0244140625,0.6451216340065002,0.020279839634895325,8628.0,0.0
960,1.2309958769983496,97.1008,6.960675239562988,0.019585181027650833,0.03273911029100418,0.0244140625,0.6526281237602234,0.021527398377656937,8677.0,0.0
961,1.2302597560046706,97.1008,7.09492826461792,0.02521435357630253,0.036108143627643585,0.0244140625,0.6657089591026306,0.02124771475791931,8648.0,0.0
962,1.2334417510064668,97.1008,7.1169891357421875,0.02434924617409706,0.03698834404349327,0.025390625,0.6629993319511414,0.02516140043735504,8834.0,1.0
963,1.235395512994728,97.1008,6.9544243812561035,0.020425526425242424,0.02965480461716652,0.025390625,0.6481768488883972,0.027931367978453636,8681.0,0.0
964,1.2393897809961345,97.1008,6.970566749572754,0.017656534910202026,0.04221559688448906,0.025390625,0.6533834934234619,0.02178981900215149,8672.0,0.0
965,1.240496426995378,97.1008,7.133116245269775,0.02460779808461666,0.026074299588799477,0.025390625,0.6683370471000671,0.023359855636954308,8644.0,1.0
966,1.2366445019943058,97.1008,6.950477123260498,0.01705344393849373,0.043203771114349365,0.025390625,0.6477957963943481,0.021140608936548233,8868.0,0.0
967,1.237635040000896,97.1008,6.835371494293213,0.011119302362203598,0.02039339765906334,0.025390625,0.6420472860336304,0.020574111491441727,8653.0,0.0
968,1.233250170997053,97.1008,6.979308128356934,0.016453618183732033,0.03921161964535713,0.025390625,0.656823992729187,0.01939753256738186,8664.0,0.0
969,1.2260454360002768,97.1008,7.217800140380859,0.024603474885225296,0.026523085311055183,0.025390625,0.677883505821228,0.022259846329689026,8641.0,0.0
970,1.2253137400039122,97.1008,7.46019172668457,0.028318170458078384,0.034064240753650665,0.0263671875,0.6936202049255371,0.029184415936470032,8829.0,1.0
971,1.2343885979935294,97.1008,7.040149211883545,0.01254116278141737,0.036261919885873795,0.0263671875,0.6577194929122925,0.026070913299918175,8737.0,0.0
972,1.2565601320020505,97.1008,6.844672203063965,0.01234507467597723,0.03326713293790817,0.0263671875,0.6434828639030457,0.019299007952213287,8639.0,1.0
973,1.2513766440024483,97.1008,7.0855231285095215,0.022513166069984436,0.034404657781124115,0.0263671875,0.6633138656616211,0.02222331427037716,8669.0,0.0
974,1.2596960520022549,97.1008,7.15593147277832,0.022002238780260086,0.03221680968999863,0.0263671875,0.6665507555007935,0.023066628724336624,8797.0,0.0
975,1.2376021960008075,97.1008,6.9491472244262695,0.010359756648540497,0.03760451450943947,0.0263671875,0.651827335357666,0.021139897406101227,8718.0,3.0
976,1.2254311370052164,97.1008,6.984220504760742,0.012105558067560196,0.03453383594751358,0.0263671875,0.6575870513916016,0.019301312044262886,8639.0,0.0
977,1.2273659970014705,97.1008,7.262426853179932,0.02395910769701004,0.03667265549302101,0.0263671875,0.6807593703269958,0.025017550215125084,8635.0,1.0
978,1.250041703999159,97.1008,7.458895683288574,0.030819151550531387,0.033917322754859924,0.0263671875,0.6910616159439087,0.032532256096601486,8800.0,0.0
979,1.2323198349986342,97.1008,6.879737854003906,0.009975740686058998,0.03348296508193016,0.0263671875,0.6448461413383484,0.022116538137197495,8764.0,0.0
980,1.2241252009989694,97.1008,7.002834796905518,0.014625021256506443,0.028201302513480186,0.025390625,0.6585638523101807,0.021084358915686607,8644.0,0.0
981,1.2230224900049507,97.1008,7.152191162109375,0.023459620773792267,0.028559353202581406,0.025390625,0.6727946996688843,0.020793767645955086,8663.0,2.0
982,1.217327162004949,97.1008,7.375543117523193,0.03185194730758667,0.02433030866086483,0.025390625,0.689067542552948,0.02476884424686432,8724.0,0.0
983,1.2135304779949365,97.1008,6.99369478225708,0.014757871627807617,0.025682752951979637,0.025390625,0.6568808555603027,0.020225543528795242,8793.0,0.0
984,1.2300006880032015,97.1008,7.026435375213623,0.015623663552105427,0.021106716245412827,0.025390625,0.6608797311782837,0.02082068845629692,8642.0,1.0
985,1.2242440179979894,97.1008,7.274389266967773,0.02746153250336647,0.02723809704184532,0.025390625,0.6807102560997009,0.027296466752886772,8634.0,1.0
986,1.2318885679997038,97.1008,7.4056220054626465,0.03435615450143814,0.028067905455827713,0.025390625,0.6896790266036987,0.030570149421691895,8721.0,0.0
987,1.2165952900031698,97.1008,7.021880626678467,0.012573547661304474,0.02284260094165802,0.025390625,0.6588433980941772,0.02109868824481964,8843.0,0.0
988,1.219220815000881,97.1008,7.090051651000977,0.013011888600885868,0.031086595728993416,0.025390625,0.6663391590118408,0.021669646725058556,8666.0,0.0
989,1.2280798330029938,97.1008,7.243718147277832,0.016932260245084763,0.023221876472234726,0.025390625,0.6812666654586792,0.02112056314945221,8633.0,2.0
990,1.225991002000228,97.1008,7.295629978179932,0.022080382332205772,0.02963045984506607,0.025390625,0.6829590797424316,0.024544276297092438,8688.0,0.0
991,1.234831955996924,97.1008,6.957371711730957,0.011257793754339218,0.03131050616502762,0.025390625,0.651756763458252,0.020712604746222496,8835.0,0.0
992,1.227236067999911,97.1008,7.031459331512451,0.011354955844581127,0.030904550105333328,0.025390625,0.6600798964500427,0.02315511368215084,8636.0,0.0
993,1.2202773910030373,97.1008,7.312564849853516,0.02102501690387726,0.030898943543434143,0.025390625,0.6827056407928467,0.029762795194983482,8661.0,0.0
994,1.2295503950008424,97.1008,7.197040557861328,0.01834683120250702,0.03196197375655174,0.0263671875,0.6728676557540894,0.025203049182891846,8710.0,0.0
995,1.2135554590058746,97.1008,6.999444961547852,0.010235375724732876,0.035861920565366745,0.0263671875,0.652819812297821,0.022699987515807152,8831.0,0.0
996,1.2046273119995021,97.1008,6.8337812423706055,0.0032216485124081373,0.029939956963062286,0.0263671875,0.6415348052978516,0.019899092614650726,8666.0,0.0
997,1.2130160910019185,97.1008,7.083094596862793,0.012469686567783356,0.028444651514291763,0.0263671875,0.6651362180709839,0.022010562941432,8655.0,0.0
998,1.2211972889999743,97.1008,7.166417121887207,0.018207021057605743,0.02987419255077839,0.0263671875,0.6724920272827148,0.022073358297348022,8665.0,0.0
999,1.2190855489971,97.1008,7.095831394195557,0.0152206402271986,0.03133147209882736,0.02734375,0.6615428328514099,0.022648071870207787,8843.0,2.0
1000,1.2162648279991117,97.1008,6.909073352813721,0.013873415999114513,0.0310079175978899,0.02734375,0.6466963291168213,0.025610363110899925,8632.0,0.0
1001,1.2198141240005498,97.1008,7.0852837562561035,0.02167973481118679,0.029807478189468384,0.02734375,0.6612335443496704,0.028260376304388046,8687.0,0.0
1002,1.2238348169994424,97.1008,7.007172584533691,0.018663328140974045,0.027632853016257286,0.02734375,0.6568698287010193,0.022170422598719597,8675.0,0.0
1003,1.2172102100012125,97.1008,7.026392936706543,0.019341010600328445,0.026858313009142876,0.0283203125,0.6525108218193054,0.024213477969169617,8860.0,1.0
1004,1.2148546219978016,97.1008,6.638101100921631,0.0064375619404017925,0.031835492700338364,0.0283203125,0.6236642599105835,0.019283872097730637,8648.0,1.0
1005,1.2161283470049966,97.1008,6.759824752807617,0.016512451693415642,0.020571518689393997,0.0283203125,0.632953405380249,0.02204490453004837,8656.0,0.0
1006,1.2173136639976292,97.1008,6.969346523284912,0.01927325502038002,0.02897847257554531,0.0283203125,0.6540887355804443,0.020895643159747124,8656.0,0.0
1007,1.24925109600008,97.1008,7.0820722579956055,0.023704765364527702,0.02425328642129898,0.02734375,0.658277153968811,0.025399107486009598,8802.0,0.0
1008,1.2224857330002123,97.1008,6.892431259155273,0.015847131609916687,0.02025417797267437,0.02734375,0.6419712901115417,0.02804633602499962,8706.0,0.0
1009,1.214122204000887,97.1008,6.785589218139648,0.014021601527929306,0.029537634924054146,0.02734375,0.634197473526001,0.022841153666377068,8691.0,0.0
1010,1.2211683679997805,97.1008,6.976887226104736,0.02042648009955883,0.017402419820427895,0.02734375,0.6544402837753296,0.021604444831609726,8635.0,0.0
1011,1.2187819559985655,97.1008,7.044774532318115,0.024432700127363205,0.031301070004701614,0.02734375,0.6555386781692505,0.02328169345855713,8801.0,0.0
1012,1.2161600969993742,97.1008,6.809079647064209,0.012623547576367855,0.027186105027794838,0.02734375,0.6376438140869141,0.0215175561606884,8725.0,0.0
1013,1.2198243189995992,97.1008,6.876174449920654,0.012222426012158394,0.03620155528187752,0.02734375,0.6458192467689514,0.020047061145305634,8656.0,1.0
1014,1.2161284850008087,97.1008,7.008009910583496,0.019186388701200485,0.025831030681729317,0.02734375,0.6578187942504883,0.021192699670791626,8637.0,1.0
1015,1.2156091959986952,97.1008,7.223165988922119,0.030753623694181442,0.022764770314097404,0.02734375,0.67194664478302,0.02828558161854744,8718.0,0.0
1016,1.2155532780016074,97.1008,7.080502510070801,0.017387405037879944,0.0313936322927475,0.02734375,0.6601836681365967,0.028301304206252098,8810.0,0.0
1017,1.210038347999216,97.1008,6.905256271362305,0.009922109544277191,0.024187728762626648,0.02734375,0.6484698057174683,0.020871233195066452,8676.0,0.0
1018,1.215915913999197,97.1008,7.1197285652160645,0.0160960890352726,0.027945509180426598,0.02734375,0.6675599813461304,0.022798459976911545,8659.0,1.0
1019,1.2104833830017014,97.1008,7.343169689178467,0.02059253118932247,0.024799497798085213,0.02734375,0.6882127523422241,0.02232089638710022,8679.0,0.0
1020,1.2168888449959923,97.1008,7.093791961669922,0.011192895472049713,0.026535212993621826,0.02734375,0.6648080348968506,0.022504370659589767,8825.0,0.0
1021,1.2126706109993393,97.1008,7.013319969177246,0.00525600416585803,0.03197065740823746,0.0283203125,0.6604836583137512,0.019260432571172714,8658.0,1.0
1022,1.2197189720027382,97.1008,7.2062201499938965,0.014018688350915909,0.02388874627649784,0.0283203125,0.6777163743972778,0.022160377353429794,8635.0,0.0
1023,1.206245947003481,97.1008,7.45721435546875,0.02620537206530571,0.02947307378053665,0.0283203125,0.6949042081832886,0.03039226494729519,8675.0,0.0
1024,1.2124373719998403,97.1008,7.019742965698242,0.014585129916667938,0.024588605388998985,0.0283203125,0.65384840965271,0.02522486075758934,8889.0,0.0
1025,1.2074431470027776,97.1008,6.790451526641846,0.00685343099758029,0.029460038989782333,0.0283203125,0.6379520893096924,0.020131424069404602,8638.0,0.0
1026,1.2083785270006047,97.1008,6.965495586395264,0.015990762040019035,0.025863859802484512,0.0283203125,0.6535879373550415,0.021082570776343346,8663.0,1.0
1027,1.213999037994654,97.1008,7.149537563323975,0.023950714617967606,0.02858150377869606,0.0283203125,0.6692711710929871,0.02351212128996849,8647.0,0.0
1028,1.2221156759987934,97.1008,6.950473785400391,0.015788450837135315,0.03158048540353775,0.02734375,0.6481548547744751,0.022218188270926476,8873.0,0.0
1029,1.2525388750000275,97.1008,6.791193962097168,0.009376054629683495,0.032846082001924515,0.02734375,0.6382336616516113,0.019851963967084885,8632.0,2.0
1030,1.219937612004287,97.1008,7.061830043792725,0.01995101571083069,0.03093641810119152,0.02734375,0.6611901521682739,0.02539007179439068,8639.0,0.0
1031,1.2157419380018837,97.1008,7.264028549194336,0.02717614360153675,0.030181916430592537,0.02734375,0.6762324571609497,0.030859321355819702,8688.0,1.0
1032,1.2131700609970721,97.1008,7.061986446380615,0.014661919325590134,0.031193066388368607,0.02734375,0.6582589149475098,0.023607287555933,8871.0,0.0
1033,1.2160323780044564,97.1008,6.7900285720825195,0.00895643513649702,0.028754018247127533,0.02734375,0.6362759470939636,0.021738465875387192,8657.0,0.0
1034,1.224615689003258,97.1008,6.872806549072266,0.01266465149819851,0.029629023745656013,0.02734375,0.6450885534286499,0.02003367617726326,8641.0,0.0
1035,1.2235082100014552,97.1008,7.043551921844482,0.022298548370599747,0.027111312374472618,0.02734375,0.659189760684967,0.024000829085707664,8655.0,1.0
1036,1.2127260690031108,97.1008,7.0594353675842285,0.016434654593467712,0.021420691162347794,0.02734375,0.6573731303215027,0.022533103823661804,8851.0,0.0
1037,1.211946010000247,97.1008,6.951469421386719,0.007313136477023363,0.02907056361436844,0.02734375,0.6533865332603455,0.021456226706504822,8646.0,0.0
1038,1.224455110001145,97.1008,7.241233825683594,0.014270221814513206,0.022281931713223457,0.0283203125,0.6772317886352539,0.02827497571706772,8640.0,1.0
1039,1.2147543789978954,97.1008,7.312304496765137,0.016306836158037186,0.027797125279903412,0.0283203125,0.6833854913711548,0.02716253697872162,8716.0,2.0
1040,1.2183211849987856,97.1008,7.194540977478027,0.012268188409507275,0.025462057441473007,0.0283203125,0.671355128288269,0.022982344031333923,8811.0,0.0
1041,1.2233882400032599,97.1008,6.958725452423096,0.004213031381368637,0.024584561586380005,0.0283203125,0.6537798047065735,0.020327311009168625,8701.0,1.0
1042,1.2261325159997796,97.1008,7.060690402984619,0.010098850354552269,0.03733678534626961,0.0283203125,0.6641432046890259,0.020988231524825096,8637.0,0.0
1043,1.219633597000211,97.1008,7.155017852783203,0.019076485186815262,0.027955472469329834,0.029296875,0.6711850166320801,0.022291874513030052,8670.0,1.0
1044,1.2168265740037896,97.1008,7.214447021484375,0.021151429042220116,0.03722628578543663,0.029296875,0.6730653643608093,0.02258351445198059,8775.0,0.0
1045,1.2251913319996675,97.1008,6.8244428634643555,0.01175338588654995,0.02888895943760872,0.029296875,0.6387217044830322,0.023835573345422745,8706.0,2.0
1046,1.2280125220058835,97.1008,6.929797172546387,0.016254840418696404,0.030368678271770477,0.029296875,0.6452211141586304,0.028358999639749527,8688.0,0.0
1047,1.2241548399979365,97.1008,6.838805675506592,0.013924943283200264,0.026273416355252266,0.0283203125,0.6397095918655396,0.0223313570022583,8670.0,1.0
1048,1.220423392005614,97.1008,6.934900760650635,0.017056820914149284,0.027614880353212357,0.0283203125,0.6459829211235046,0.024268468841910362,8716.0,0.0
1049,1.2189671199957957,97.1008,6.692587375640869,0.005174313671886921,0.01967547833919525,0.0283203125,0.6274284720420837,0.01951565407216549,8794.0,0.0
1050,1.2283471490009106,97.1008,6.825084209442139,0.011029252782464027,0.02603280358016491,0.0283203125,0.6400940418243408,0.02184120938181877,8653.0,0.0
1051,1.2262614630017197,97.1008,6.951303958892822,0.01621408946812153,0.028862325474619865,0.0283203125,0.6524260640144348,0.021033063530921936,8659.0,0.0
1052,1.2281904090050375,97.1008,7.0738911628723145,0.021849017590284348,0.026417942717671394,0.0283203125,0.6604434847831726,0.024606650695204735,8677.0,0.0
1053,1.2328660009952728,97.1008,6.980337142944336,0.01286409329622984,0.030172808095812798,0.0283203125,0.6502236723899841,0.02831638976931572,8803.0,0.0
1054,1.2330237610003678,97.1008,7.004859447479248,0.01013813354074955,0.02713055908679962,0.0283203125,0.6536707878112793,0.026873603463172913,8722.0,0.0
1055,1.2353310920007061,97.1008,6.982801914215088,0.008228346705436707,0.02664017118513584,0.0283203125,0.6562889814376831,0.020974060520529747,8635.0,0.0
1056,1.2689760190041852,97.1008,7.108044147491455,0.016350015997886658,0.026491127908229828,0.0283203125,0.6645967960357666,0.02383689396083355,8686.0,0.0
1057,1.2359903889955604,97.1008,7.001143455505371,0.010287655517458916,0.023838862776756287,0.0283203125,0.6546977162361145,0.021615702658891678,8821.0,0.0
1058,1.226607011994929,97.1008,6.901901721954346,0.008218737319111824,0.034478604793548584,0.0283203125,0.6476625800132751,0.02124468982219696,8678.0,0.0
1059,1.227252827004122,97.1008,6.944445610046387,0.012912364676594734,0.02899721823632717,0.0283203125,0.6524466276168823,0.01995132677257061,8631.0,1.0
1060,1.2245503020021715,97.1008,7.269268035888672,0.023487672209739685,0.028894096612930298,0.0283203125,0.6794228553771973,0.026153698563575745,8649.0,0.0
1061,1.2278332080022665,97.1008,7.286694526672363,0.02036566659808159,0.03498456999659538,0.0283203125,0.6764611601829529,0.03068092092871666,8882.0,1.0
1062,1.2194950549965142,97.1008,6.898574352264404,0.005844430066645145,0.02661490999162197,0.0283203125,0.6465746164321899,0.021771466359496117,8670.0,1.0
1063,1.22881957100617,97.1008,7.028716087341309,0.011502835899591446,0.03528270497918129,0.0283203125,0.6593879461288452,0.021961871534585953,8635.0,1.0
1064,1.2252513809944503,97.1008,7.112152099609375,0.01863938197493553,0.025661783292889595,0.0283203125,0.6667015552520752,0.021749919280409813,8668.0,0.0
1065,1.227453202001925,97.1008,7.119476318359375,0.017803028225898743,0.04159649461507797,0.0283203125,0.663141667842865,0.023713350296020508,8859.0,0.0
1066,1.2305597750018933,97.1008,6.867807388305664,0.007368060294538736,0.027153678238391876,0.0283203125,0.6456682682037354,0.019587647169828415,8658.0,0.0
1067,1.2286258730018744,97.1008,6.988284587860107,0.016201354563236237,0.038044095039367676,0.0283203125,0.6565988063812256,0.021199097856879234,8639.0,0.0
1068,1.2326392989998567,97.1008,7.19577693939209,0.02803964726626873,0.028464453294873238,0.0283203125,0.6720250844955444,0.028373774141073227,8635.0,0.0
1069,1.223503086999699,97.1008,7.08974027633667,0.02481720596551895,0.04023318737745285,0.0283203125,0.6552361845970154,0.029779057949781418,8889.0,0.0
1070,1.222559245004959,97.1008,6.623190879821777,0.0028745303861796856,0.04058337211608887,0.0283203125,0.6215910911560059,0.019410407170653343,8667.0,0.0
1071,1.2184230190032395,97.1008,6.834952354431152,0.01128234900534153,0.030184365808963776,0.0283203125,0.6399626731872559,0.021264640614390373,8669.0,1.0
1072,1.215922376999515,97.1008,7.027109146118164,0.020016856491565704,0.04240177571773529,0.0283203125,0.6589953303337097,0.021685682237148285,8638.0,0.0
1073,1.211088259005919,97.1008,7.248369216918945,0.0228441059589386,0.02948944829404354,0.0283203125,0.674498975276947,0.02457386627793312,8839.0,0.0
1074,1.2124362109971116,97.1008,6.805953502655029,0.0055062659084796906,0.034569334238767624,0.0283203125,0.6401338577270508,0.018945299088954926,8679.0,0.0
1075,1.202685810996627,97.1008,6.953330993652344,0.012386878952383995,0.030895503237843513,0.029296875,0.6515902280807495,0.023417413234710693,8636.0,3.0
1076,1.2074161489945254,97.1008,7.2493815422058105,0.022621167823672295,0.03687278926372528,0.0302734375,0.6754812002182007,0.030384033918380737,8665.0,1.0
1077,1.2233097659991472,97.1008,7.234314918518066,0.017224017530679703,0.027406543493270874,0.0302734375,0.6724646091461182,0.02564731240272522,8827.0,0.0
1078,1.2446316739951726,97.1008,6.914242744445801,0.004348000045865774,0.03277517110109329,0.029296875,0.6489757895469666,0.021315187215805054,8703.0,0.0
1079,1.2195133120039827,97.1008,6.980657577514648,0.0065957168117165565,0.0321822389960289,0.029296875,0.6558483839035034,0.020354852080345154,8670.0,0.0
1080,1.2289857729992946,97.1008,7.183616638183594,0.01663549430668354,0.04049224779009819,0.029296875,0.6732398867607117,0.023227794095873833,8653.0,0.0
1081,1.2279129449962056,97.1008,7.123156547546387,0.01880478300154209,0.03334539756178856,0.0283203125,0.6648871302604675,0.02357265166938305,8743.0,1.0
1082,1.2101831690015388,97.1008,6.777209758758545,0.006984096020460129,0.03328273445367813,0.0283203125,0.6349833011627197,0.021188296377658844,8754.0,0.0
1083,1.2172616519965231,97.1008,6.973326206207275,0.013008950278162956,0.0332818441092968,0.0283203125,0.6511470675468445,0.026504777371883392,8641.0,0.0
1084,1.2185432659971411,97.1008,7.045558452606201,0.019292650744318962,0.026918651536107063,0.0283203125,0.655939519405365,0.029173757880926132,8682.0,0.0
1085,1.2168085419980343,97.1008,7.120987415313721,0.017720887437462807,0.04094749316573143,0.0283203125,0.6652106642723083,0.023472797125577927,8724.0,0.0
1086,1.2117235289988457,97.1008,6.850707054138184,0.01024610921740532,0.024285759776830673,0.0283203125,0.639568030834198,0.02252502739429474,8818.0,1.0
1087,1.21336527299718,97.1008,6.716562747955322,0.00890444964170456,0.0365755669772625,0.0283203125,0.6296064853668213,0.020460940897464752,8637.0,0.0
1088,1.2171488009989844,97.1008,7.021929740905762,0.019681401550769806,0.030851276591420174,0.0283203125,0.657491147518158,0.023458924144506454,8654.0,0.0
1089,1.2255267089931294,97.1008,7.0201826095581055,0.023149913176894188,0.027972934767603874,0.0283203125,0.6568198204040527,0.02261650562286377,8681.0,0.0
1090,1.220610864002083,97.1008,6.967586994171143,0.017132852226495743,0.03415514901280403,0.029296875,0.6498323678970337,0.024705398827791214,8822.0,1.0
1091,1.2197757350004395,97.1008,7.107698917388916,0.016912858933210373,0.03334568440914154,0.029296875,0.6629428863525391,0.029338210821151733,8663.0,0.0
1092,1.221739663000335,97.1008,7.092953681945801,0.014940991066396236,0.03444311395287514,0.029296875,0.6638690829277039,0.024309173226356506,8691.0,0.0
1093,1.2267569030009327,97.1008,7.1340789794921875,0.019454695284366608,0.03817395493388176,0.029296875,0.6674883365631104,0.023759838193655014,8654.0,0.0
1094,1.2263715980006964,97.1008,6.99670934677124,0.016222868114709854,0.03817280754446983,0.029296875,0.6536496877670288,0.022300217300653458,8857.0,0.0
1095,1.2427803649989073,97.1008,6.852808952331543,0.012453955598175526,0.029301317408680916,0.029296875,0.6424627900123596,0.021938633173704147,8651.0,1.0
1096,1.223119818001578,97.1008,6.865130424499512,0.015474949032068253,0.04222778230905533,0.0302734375,0.643813967704773,0.02092299424111843,8658.0,2.0
1097,1.229152914005681,97.1008,7.071803092956543,0.02219018153846264,0.030933432281017303,0.0302734375,0.6621052622795105,0.02304014191031456,8647.0,0.0
1098,1.227638222000678,97.1008,7.125106334686279,0.022178567945957184,0.03643978014588356,0.0302734375,0.6619318723678589,0.028056180104613304,8829.0,1.0
1099,1.2579367069993168,97.1008,6.973978519439697,0.01161209400743246,0.02618211880326271,0.0302734375,0.650507926940918,0.02847626805305481,8689.0,0.0
1100,1.2458693439984927,97.1008,6.9444260597229,0.009148025885224342,0.03574969619512558,0.0302734375,0.6515626311302185,0.02160435914993286,8676.0,1.0
1101,1.2276282620005077,97.1008,7.234804630279541,0.01609918847680092,0.03146306425333023,0.0302734375,0.6770108938217163,0.02396589145064354,8668.0,0.0
1102,1.223629196996626,97.1008,7.102412223815918,0.013935916125774384,0.03468962758779526,0.0302734375,0.6617423295974731,0.022178802639245987,8828.0,0.0
1103,1.2264607410033932,97.1008,6.824685096740723,0.005515352822840214,0.024812715128064156,0.0302734375,0.6390293836593628,0.02162928692996502,8664.0,0.0
1104,1.2166672989988,97.1008,6.991355895996094,0.005940222181379795,0.0322149321436882,0.0302734375,0.6569929122924805,0.01991257816553116,8661.0,0.0
1105,1.2508683319974807,97.1008,7.0748820304870605,0.016251634806394577,0.0276123508810997,0.0302734375,0.6627146005630493,0.023858875036239624,8641.0,2.0
1106,1.221650857005443,97.1008,7.333513259887695,0.026204677298665047,0.03321577608585358,0.029296875,0.6797159910202026,0.03131665289402008,8832.0,0.0
1107,1.2204056689952267,97.1008,7.046348571777344,0.008888715878129005,0.026174264028668404,0.029296875,0.6598446369171143,0.02335662767291069,8730.0,0.0
1108,1.2223096649977379,97.1008,7.088654518127441,0.012528168968856335,0.027847250923514366,0.029296875,0.6670289039611816,0.02026941627264023,8635.0,0.0
1109,1.2253329060040414,97.1008,7.234551429748535,0.0201164148747921,0.02449098601937294,0.029296875,0.6794127225875854,0.021714618429541588,8664.0,1.0
1110,1.2192407409966108,97.1008,7.406162261962891,0.021967334672808647,0.030529098585247993,0.029296875,0.6906525492668152,0.024815505370497704,8780.0,1.0
1111,1.2221794910001336,97.1008,6.79624080657959,0.008225793018937111,0.023374715819954872,0.029296875,0.6371481418609619,0.020755426958203316,8738.0,0.0
1112,1.2309784989993204,97.1008,6.7794880867004395,0.00931791216135025,0.020628152415156364,0.0283203125,0.6354342699050903,0.020695310086011887,8641.0,0.0
1113,1.2349715090022073,97.1008,7.043637275695801,0.021363360807299614,0.023536881431937218,0.02734375,0.6584872007369995,0.026500176638364792,8635.0,0.0
1114,1.2242365640049684,97.1008,7.2187700271606445,0.029505399987101555,0.020730365067720413,0.02734375,0.6685924530029297,0.031324878334999084,8773.0,1.0
1115,1.225874728996132,97.1008,6.751442909240723,0.008740847930312157,0.026211846619844437,0.0263671875,0.6322821378707886,0.02109375223517418,8794.0,0.0
1116,1.2247705349946045,97.1008,6.814499855041504,0.011265531182289124,0.022194629535079002,0.0263671875,0.6383220553398132,0.021648447960615158,8661.0,0.0
1117,1.2227386369995656,97.1008,6.9200921058654785,0.01764778420329094,0.02456008456647396,0.0263671875,0.649613618850708,0.02014858089387417,8634.0,0.0
1118,1.222801696996612,97.1008,7.157977104187012,0.027357513085007668,0.02462184615433216,0.0263671875,0.6677429676055908,0.024662181735038757,8711.0,0.0
1119,1.2186555769949337,97.1008,6.915521144866943,0.013774579390883446,0.021084116771817207,0.0263671875,0.6478418111801147,0.02019939385354519,8815.0,1.0
1120,1.2292875369967078,97.1008,6.906027317047119,0.016303837299346924,0.027605338022112846,0.0263671875,0.6480764746665955,0.0218108631670475,8634.0,0.0
1121,1.225116475005052,97.1008,7.208590507507324,0.02899841219186783,0.02459852769970894,0.0263671875,0.6737715601921082,0.029062457382678986,8632.0,1.0
1122,1.2266703269997379,97.1008,7.116918087005615,0.026223668828606606,0.02313728630542755,0.0263671875,0.662199854850769,0.027165180072188377,8746.0,0.0
1123,1.2227505580012803,97.1008,6.756249904632568,0.01133919507265091,0.03168194741010666,0.02734375,0.6308233141899109,0.020918652415275574,8824.0,2.0
1124,1.217219917998591,97.1008,6.794820308685303,0.009944180957973003,0.022265097126364708,0.02734375,0.6372683048248291,0.02022024244070053,8662.0,0.0
1125,1.222628495997924,97.1008,6.960663318634033,0.018387321382761,0.029283177107572556,0.02734375,0.6530544757843018,0.021692505106329918,8631.0,0.0
1126,1.231236132000049,97.1008,7.146771430969238,0.02600715309381485,0.023708170279860497,0.02734375,0.6687473058700562,0.02334369532763958,8692.0,1.0
1127,1.2293314119960996,97.1008,6.981482982635498,0.016336357221007347,0.030713962391018867,0.02734375,0.6520608067512512,0.021607734262943268,8841.0,1.0
1128,1.2075310999935027,97.1008,6.9380879402160645,0.012092163786292076,0.03113785944879055,0.02734375,0.6497153043746948,0.024280544370412827,8632.0,0.0
1129,1.2162836890056496,97.1008,7.189537048339844,0.021152503788471222,0.02848135493695736,0.02734375,0.6696712970733643,0.029176918789744377,8681.0,0.0
1130,1.2182140330041875,97.1008,7.133209705352783,0.019316038116812706,0.03128848224878311,0.02734375,0.6674737930297852,0.023294012993574142,8679.0,0.0
1131,1.2249829830034287,97.1008,7.032902240753174,0.018089985474944115,0.02649671770632267,0.02734375,0.6532338857650757,0.02363775670528412,8853.0,0.0
1132,1.2132790429968736,97.1008,6.829808712005615,0.009177044965326786,0.03509502485394478,0.02734375,0.6425251960754395,0.018907733261585236,8655.0,0.0
1133,1.2107308409977122,97.1008,7.067465782165527,0.019754424691200256,0.025306489318609238,0.02734375,0.66327303647995,0.022166376933455467,8653.0,1.0
1134,1.2090489149995847,97.1008,7.195417404174805,0.02355869486927986,0.03385026380419731,0.02734375,0.6751741170883179,0.021652501076459885,8658.0,0.0
1135,1.2094691489983234,97.1008,7.232544898986816,0.021721258759498596,0.02962491661310196,0.02734375,0.674059271812439,0.023738861083984375,8835.0,0.0
1136,1.2104936859977897,97.1008,7.072458744049072,0.01524154283106327,0.03358220309019089,0.02734375,0.662061333656311,0.02670574001967907,8645.0,0.0
1137,1.2119520580017706,97.1008,7.203151702880859,0.017082691192626953,0.023049362003803253,0.02734375,0.6739853620529175,0.025471772998571396,8720.0,0.0
1138,1.2114583139991737,97.1008,7.272366523742676,0.02255599945783615,0.03288257122039795,0.02734375,0.6834129691123962,0.021617887541651726,8639.0,0.0
1139,1.2112244439995266,97.1008,7.35014009475708,0.02411261945962906,0.024305647239089012,0.02734375,0.6855330467224121,0.02395731769502163,8835.0,0.0
1140,1.2038576400009333,97.1008,6.93524169921875,0.010545134544372559,0.036174193024635315,0.02734375,0.6517924070358276,0.020815374329686165,8667.0,0.0
1141,1.212468320998596,97.1008,7.004530906677246,0.016101373359560966,0.034577079117298126,0.02734375,0.6567044258117676,0.021666329354047775,8678.0,0.0
1142,1.2112061030056793,97.1008,7.17627477645874,0.02143421396613121,0.025809271261096,0.02734375,0.674189031124115,0.021186789497733116,8637.0,0.0
1143,1.2114455199989607,97.1008,7.357877254486084,0.028990397229790688,0.030910134315490723,0.02734375,0.6837670803070068,0.02698613703250885,8785.0,0.0
1144,1.2175836980022723,97.1008,7.066904544830322,0.016995349898934364,0.036644116044044495,0.02734375,0.6588262319564819,0.0285140722990036,8746.0,0.0
1145,1.2154339819971938,97.1008,6.902966022491455,0.016495442017912865,0.03207559883594513,0.02734375,0.6469214558601379,0.021686654537916183,8671.0,0.0
1146,1.224555907996546,97.1008,7.0496296882629395,0.025920633226633072,0.03152245283126831,0.02734375,0.6609315872192383,0.02249816060066223,8639.0,0.0
1147,1.2193170609971276,97.1008,7.15244197845459,0.025598730891942978,0.03240080922842026,0.02734375,0.6680858135223389,0.02218801900744438,8768.0,0.0
1148,1.2215128309981083,97.1008,6.816442966461182,0.013547507114708424,0.02677742950618267,0.02734375,0.6391226649284363,0.021117735654115677,8758.0,0.0
1149,1.221888776999549,97.1008,6.867727756500244,0.014007499441504478,0.03181261569261551,0.02734375,0.6452215313911438,0.019341295585036278,8662.0,0.0
1150,1.2226444149928284,97.1008,7.109656810760498,0.020833278074860573,0.024499714374542236,0.02734375,0.6676115393638611,0.021548569202423096,8634.0,0.0
1151,1.2250677830015775,97.1008,7.324558258056641,0.03047603741288185,0.02654360607266426,0.02734375,0.6822357177734375,0.029298584908246994,8700.0,0.0
1152,1.2174588960042456,97.1008,7.101626396179199,0.019078798592090607,0.0258544459939003,0.02734375,0.6614775061607361,0.027403786778450012,8865.0,0.0
1153,1.2118289939971874,97.1008,6.8926777839660645,0.009493211284279823,0.02465931326150894,0.02734375,0.6482888460159302,0.019916202872991562,8638.0,0.0
1154,1.2565896970045287,97.1008,7.1807074546813965,0.015895619988441467,0.027021996676921844,0.02734375,0.6742051839828491,0.022327743470668793,8659.0,0.0
1155,1.2321630870064837,97.1008,7.318423748016357,0.019956987351179123,0.027777746319770813,0.02734375,0.6864573359489441,0.023620158433914185,8663.0,0.0
1156,1.2262162289989647,97.1008,6.940592288970947,0.012332362122833729,0.026511328294873238,0.0263671875,0.6477435827255249,0.0229725893586874,8856.0,0.0
1157,1.2190236020032899,97.1008,6.730739116668701,0.009183425456285477,0.025846105068922043,0.0263671875,0.6321828365325928,0.019342487677931786,8637.0,0.0
1158,1.2158076949999668,97.1008,6.9504523277282715,0.017895184457302094,0.021740935742855072,0.0263671875,0.6501657962799072,0.02444029599428177,8630.0,0.0
1159,1.2254659950049245,97.1008,7.275270938873291,0.029930010437965393,0.024119194597005844,0.0263671875,0.6751973032951355,0.03202369064092636,8689.0,0.0
1160,1.2182078969999566,97.1008,7.01604700088501,0.014444425702095032,0.030176080763339996,0.0263671875,0.6538121700286865,0.023867597803473473,8876.0,0.0
1161,1.218300709995674,97.1008,6.8039374351501465,0.00894242338836193,0.021898768842220306,0.0263671875,0.6389143466949463,0.0210055373609066,8636.0,0.0
1162,1.220613206998678,97.1008,6.933365345001221,0.013349808752536774,0.03255148604512215,0.0263671875,0.6509618759155273,0.020403604954481125,8665.0,0.0
1163,1.2169436600015615,97.1008,7.223392963409424,0.02405671775341034,0.03385510295629501,0.0263671875,0.675942599773407,0.024045174941420555,8662.0,1.0
1164,1.2171034440034418,97.1008,7.081292629241943,0.018544688820838928,0.03256116807460785,0.0263671875,0.6608320474624634,0.02185893803834915,8859.0,0.0
1165,1.2134208040006342,97.1008,6.926997184753418,0.012579227797687054,0.019786393269896507,0.0263671875,0.6514644026756287,0.02009352669119835,8633.0,0.0
1166,1.2251217770026415,97.1008,7.229859828948975,0.023202206939458847,0.024433976039290428,0.0263671875,0.6775352358818054,0.02633471041917801,8633.0,0.0
1167,1.2164167590017314,97.1008,7.294172286987305,0.029993321746587753,0.01874079927802086,0.0263671875,0.6804202795028687,0.02922719717025757,8686.0,2.0
1168,1.2214400750017376,97.1008,7.052433013916016,0.01602092571556568,0.033180102705955505,0.0263671875,0.6571311950683594,0.022245850414037704,8872.0,1.0
1169,1.2221875789982732,97.1008,6.893605709075928,0.008079653605818748,0.0182967446744442,0.0263671875,0.6462053060531616,0.020830435678362846,8671.0,0.0
1170,1.2036353549992782,97.1008,7.029667854309082,0.011761524714529514,0.02987782657146454,0.0263671875,0.6613040566444397,0.020151767879724503,8633.0,0.0
1171,1.2080961280007614,97.1008,7.217765808105469,0.022027637809515,0.022387655451893806,0.0263671875,0.6764861941337585,0.023339848965406418,8668.0,1.0
1172,1.2069003870055894,97.1008,7.2148213386535645,0.022894982248544693,0.028233665972948074,0.0263671875,0.6731185913085938,0.021732700988650322,8821.0,1.0
1173,1.1656946779985446,97.1008,6.9665141105651855,0.015858568251132965,0.03223167359828949,0.0263671875,0.6543418765068054,0.022202324122190475,8668.0,0.0
1174,1.1990180190041428,97.1008,7.192775249481201,0.025357725098729134,0.03065151534974575,0.0263671875,0.6717185974121094,0.028529344126582146,8664.0,0.0
1175,1.2336236109986203,97.1008,7.128127098083496,0.02273981273174286,0.03148772567510605,0.0263671875,0.6673741340637207,0.02387874387204647,8692.0,0.0
1176,1.246034329997201,97.1008,7.09789514541626,0.023538686335086823,0.02450074814260006,0.0263671875,0.6612202525138855,0.023863013833761215,8790.0,0.0
1177,1.2151834730029805,97.1008,6.837810039520264,0.008419553749263287,0.03199412301182747,0.02734375,0.6421617865562439,0.019994914531707764,8717.0,2.0
1178,1.209778775999439,97.1008,6.9937639236450195,0.015473064966499805,0.026653975248336792,0.02734375,0.6565285921096802,0.021903544664382935,8653.0,0.0
1179,1.211470925998583,97.1008,7.079537868499756,0.02146937884390354,0.03337971866130829,0.02734375,0.664662778377533,0.02142271399497986,8655.0,0.0
1180,1.2054747619986301,97.1008,7.112912654876709,0.024583488702774048,0.02563970535993576,0.02734375,0.6630055904388428,0.02341277152299881,8748.0,0.0
1181,1.208076863003953,97.1008,6.897634983062744,0.016473788768053055,0.039089854806661606,0.02734375,0.6441799402236938,0.02563556656241417,8736.0,0.0
1182,1.2103188629989745,97.1008,7.043692111968994,0.017743080854415894,0.023942064493894577,0.0283203125,0.6571735143661499,0.027385801076889038,8681.0,1.0
1183,1.2065876980050234,97.1008,7.08270263671875,0.016646817326545715,0.02911282144486904,0.0283203125,0.6649212837219238,0.021017301827669144,8677.0,0.0
1184,1.1735334789991612,97.1008,7.194828510284424,0.02367180958390236,0.023950597271323204,0.02734375,0.6713559031486511,0.024064844474196434,8731.0,1.0
1185,1.205332368001109,97.1008,6.910964488983154,0.011934111826121807,0.029227837920188904,0.02734375,0.6489285826683044,0.019960133358836174,8780.0,1.0
1186,1.173329304001527,97.1008,6.916038513183594,0.015873584896326065,0.02506325952708721,0.02734375,0.6492528319358826,0.02149401605129242,8650.0,0.0
1187,1.1955287430027965,97.1008,7.123173713684082,0.020179342478513718,0.032914746552705765,0.02734375,0.6707450151443481,0.020060105249285698,8659.0,0.0
1188,1.1946932770006242,97.1008,7.298863410949707,0.027353765442967415,0.019673069939017296,0.02734375,0.6836187243461609,0.02490362897515297,8664.0,0.0
1189,1.1947747230005916,97.1008,7.167080879211426,0.02161082997918129,0.034784749150276184,0.02734375,0.6669532060623169,0.02885691449046135,8846.0,0.0
1190,1.1993238440045388,97.1008,6.811389923095703,0.011520585045218468,0.02184170112013817,0.02734375,0.637679398059845,0.022512227296829224,8687.0,0.0
1191,1.205900200002361,97.1008,6.842842102050781,0.015050787478685379,0.02987639419734478,0.02734375,0.6420512199401855,0.02089708298444748,8636.0,0.0
1192,1.200591410000925,97.1008,6.964361190795898,0.01993470825254917,0.0210019052028656,0.02734375,0.6513350009918213,0.02260325662791729,8680.0,0.0
1193,1.2204466870025499,97.1008,6.823618412017822,0.014298336580395699,0.034722454845905304,0.02734375,0.6352272033691406,0.02290123701095581,8848.0,0.0
1194,1.2161087440035772,97.1008,6.8211774826049805,0.011516666039824486,0.03252052515745163,0.02734375,0.6406402587890625,0.01972983032464981,8652.0,0.0
1195,1.208810910997272,97.1008,6.962560653686523,0.018253818154335022,0.030108967795968056,0.02734375,0.6541160941123962,0.020481355488300323,8640.0,0.0
1196,1.2064169339937507,97.1008,7.254343032836914,0.02686164528131485,0.03297507390379906,0.02734375,0.6775882244110107,0.026898419484496117,8648.0,0.0
1197,1.20554864800215,97.1008,7.236289024353027,0.023875202983617783,0.029826393350958824,0.02734375,0.6705015897750854,0.029649382457137108,8885.0,0.0
1198,1.197129378997488,97.1008,6.737777233123779,0.00756082683801651,0.042264971882104874,0.02734375,0.6323379874229431,0.020316455513238907,8668.0,0.0
1199,1.198131471996021,97.1008,6.949428081512451,0.016491033136844635,0.031187616288661957,0.02734375,0.6505223512649536,0.02206280454993248,8665.0,0.0
1200,1.2034680750002735,97.1008,7.031617164611816,0.020589549094438553,0.029979633167386055,0.02734375,0.659309983253479,0.02146807312965393,8641.0,0.0
1201,1.1946621120005148,97.1008,7.049843788146973,0.01933864876627922,0.03418165072798729,0.0263671875,0.6560518741607666,0.024134323000907898,8854.0,0.0
1202,1.2031472500020755,97.1008,6.641227722167969,0.0056200698018074036,0.025815384462475777,0.0263671875,0.6238724589347839,0.01869875192642212,8662.0,1.0
1203,1.1941193780003232,97.1008,6.916353225708008,0.01574196107685566,0.0330292209982872,0.0263671875,0.6485792994499207,0.02188039943575859,8636.0,0.0
1204,1.2147244320003665,97.1008,7.268465042114258,0.026501979678869247,0.029057582840323448,0.0263671875,0.6778326034545898,0.029788604006171227,8655.0,0.0
1205,1.184647240996128,97.1008,7.191932678222656,0.022253485396504402,0.0289224311709404,0.0263671875,0.6676380038261414,0.02666771411895752,8882.0,0.0
1206,1.1826111700065667,97.1008,6.8210344314575195,0.005219530779868364,0.03880945220589638,0.0263671875,0.6415413618087769,0.01955108717083931,8664.0,1.0
1207,1.1905943610036047,97.1008,7.029522895812988,0.013491403311491013,0.028599031269550323,0.0263671875,0.6605374813079834,0.02036650851368904,8667.0,0.0
1208,1.1702584450031281,97.1008,7.21187686920166,0.024029821157455444,0.030946405604481697,0.0263671875,0.6772119402885437,0.022250473499298096,8637.0,0.0
1209,1.1904635749961017,97.1008,7.265081882476807,0.0233612023293972,0.0333772674202919,0.0263671875,0.6779912710189819,0.023133477196097374,8826.0,0.0
1210,1.229469843005063,97.1008,6.784424304962158,0.009046794846653938,0.028593480587005615,0.0263671875,0.637432873249054,0.01898272894322872,8692.0,1.0
1211,1.2379005729962955,97.1008,6.991672039031982,0.019613709300756454,0.04020553082227707,0.0263671875,0.6545164585113525,0.023767521604895592,8641.0,0.0
1212,1.2221314800044638,97.1008,7.1990227699279785,0.027830395847558975,0.034238651394844055,0.0263671875,0.6708277463912964,0.02864214777946472,8683.0,0.0
1213,1.2347791369975312,97.1008,7.036360740661621,0.02397044189274311,0.028748391196131706,0.0263671875,0.654822587966919,0.023724820464849472,8785.0,0.0
1214,1.2373429400031455,97.1008,6.7595343589782715,0.009333742782473564,0.04191572591662407,0.02734375,0.6325572729110718,0.021379992365837097,8756.0,1.0
1215,1.2333501190005336,97.1008,6.705483913421631,0.0059149242006242275,0.022225195541977882,0.02734375,0.6301600933074951,0.0184260793030262,8645.0,0.0
1216,1.2280106929974863,97.1008,6.911011219024658,0.015184611082077026,0.03723404183983803,0.02734375,0.6479091048240662,0.022099971771240234,8650.0,1.0
1217,1.2178763009942486,97.1008,6.966342449188232,0.02061857469379902,0.032072633504867554,0.02734375,0.6502001881599426,0.022279862314462662,8723.0,0.0
1218,1.21698663400457,97.1008,6.567267894744873,0.011148065328598022,0.03371766209602356,0.02734375,0.6135895848274231,0.021663930267095566,8775.0,0.0
1219,1.2156444509964786,97.1008,6.696025848388672,0.014711286872625351,0.02672785334289074,0.02734375,0.6234468221664429,0.027419786900281906,8640.0,0.0
1220,1.2143604189986945,97.1008,6.882732391357422,0.0162250604480505,0.03089786134660244,0.02734375,0.6411644220352173,0.025509022176265717,8720.0,0.0
1221,1.2219696999964071,97.1008,6.88408899307251,0.016919853165745735,0.028103593736886978,0.02734375,0.6437747478485107,0.021847400814294815,8671.0,1.0
1222,1.2231895779987099,97.1008,6.81360387802124,0.0105196014046669,0.028114600107073784,0.02734375,0.6372588872909546,0.02051478438079357,8836.0,0.0
1223,1.2283753480005544,97.1008,6.790519714355469,0.008539719507098198,0.022164111956954002,0.0283203125,0.6375357508659363,0.019747285172343254,8642.0,1.0
1224,1.2312553969968576,97.1008,6.949892044067383,0.015006465837359428,0.03109416365623474,0.0283203125,0.6520092487335205,0.020612133666872978,8671.0,1.0
1225,1.2265225979936076,97.1008,7.061864852905273,0.01733158901333809,0.02457735873758793,0.0283203125,0.6626796722412109,0.021189197897911072,8653.0,0.0
1226,1.249567504004517,97.1008,6.992777347564697,0.011795789003372192,0.0347185879945755,0.0283203125,0.6522496342658997,0.02469874918460846,8823.0,1.0
1227,1.2343708100015647,97.1008,6.882464408874512,0.009752912446856499,0.020444070920348167,0.0283203125,0.6410699486732483,0.027895282953977585,8684.0,0.0
1228,1.2330469680018723,97.1008,6.813533782958984,0.010091882199048996,0.02971561998128891,0.0283203125,0.6384011507034302,0.021093737334012985,8677.0,1.0
1229,1.2343084509993787,97.1008,6.967123985290527,0.017401672899723053,0.02308257482945919,0.0283203125,0.6517762541770935,0.02311650477349758,8643.0,0.0
1230,1.2307462379976641,97.1008,6.9352898597717285,0.0105406129732728,0.02492417022585869,0.0283203125,0.6481456756591797,0.020471220836043358,8862.0,0.0
1231,1.2326010070028133,97.1008,6.803630352020264,0.005699900910258293,0.026571912690997124,0.0283203125,0.6385947465896606,0.02079116553068161,8649.0,0.0
1232,1.2319676210026955,97.1008,6.936827659606934,0.01317176315933466,0.020015882328152657,0.0283203125,0.6520617008209229,0.019427113234996796,8669.0,0.0
1233,1.2354206390009494,97.1008,7.130660533905029,0.02114137075841427,0.03540051355957985,0.0283203125,0.6693488359451294,0.022392578423023224,8639.0,0.0
1234,1.2388326020009117,97.1008,7.234871864318848,0.024610891938209534,0.025075243785977364,0.0283203125,0.6715611219406128,0.028541874140501022,8826.0,0.0
1235,1.240312822003034,97.1008,6.928357124328613,0.015744872391223907,0.033456891775131226,0.0283203125,0.6464096903800964,0.025393467396497726,8725.0,0.0
1236,1.2424229399985052,97.1008,6.792896270751953,0.013949260115623474,0.03373095393180847,0.0283203125,0.6377242803573608,0.01926271989941597,8648.0,0.0
1237,1.2306170470037614,97.1008,6.983477592468262,0.01989561691880226,0.031746648252010345,0.0283203125,0.653589129447937,0.021900465711951256,8662.0,0.0
1238,1.2244528939991142,97.1008,6.978127956390381,0.021362584084272385,0.03471868112683296,0.029296875,0.6496593356132507,0.02221199870109558,8813.0,1.0
1239,1.2375477089954074,97.1008,6.771279335021973,0.010715441778302193,0.022234177216887474,0.029296875,0.6347953677177429,0.020009810104966164,8699.0,1.0
1240,1.2350889399967855,97.1008,6.769826889038086,0.010942459106445312,0.030104495584964752,0.029296875,0.6358847618103027,0.018473034724593163,8645.0,0.0
1241,1.2360446640013834,97.1008,7.09419059753418,0.020931193605065346,0.027931515127420425,0.029296875,0.6641664505004883,0.02388274297118187,8632.0,0.0
1242,1.2316254190009204,97.1008,7.278963565826416,0.027776576578617096,0.02803192473948002,0.0283203125,0.6726951003074646,0.03040231391787529,8838.0,2.0
1243,1.241418039004202,97.1008,6.7702956199646,0.008439656347036362,0.03400280699133873,0.0283203125,0.6342682242393494,0.02003113180398941,8720.0,0.0
1244,1.2324513229978038,97.1008,6.8312554359436035,0.01377547811716795,0.022131167352199554,0.0283203125,0.6410567164421082,0.0200808048248291,8646.0,0.0
1245,1.2336827690014616,97.1008,6.9780683517456055,0.01968904584646225,0.035782042890787125,0.0283203125,0.6552579402923584,0.019691413268446922,8659.0,0.0
1246,1.2345079320002696,97.1008,7.234901428222656,0.025114821270108223,0.021840006113052368,0.0283203125,0.6735774874687195,0.023850496858358383,8775.0,0.0
1247,1.2307186519974493,97.1008,6.855708599090576,0.008264356292784214,0.02906014584004879,0.0283203125,0.6436223983764648,0.019209017977118492,8744.0,0.0
1248,1.2309366050030803,97.1008,6.985414981842041,0.01320822723209858,0.029106926172971725,0.0283203125,0.6562807559967041,0.02013307251036167,8645.0,0.0
1249,1.2383385189968976,97.1008,7.325043201446533,0.02452470362186432,0.025703098624944687,0.0283203125,0.6855170726776123,0.026904581114649773,8631.0,0.0
1250,1.2447914170043077,97.1008,7.459831714630127,0.026912972331047058,0.032864488661289215,0.02734375,0.6934250593185425,0.029373785480856895,8771.0,3.0
1251,1.249178887999733,97.1008,6.899154186248779,0.005890269763767719,0.024932170286774635,0.0263671875,0.647558867931366,0.019008450210094452,8794.0,2.0
1252,1.237629145005485,97.1008,6.919607162475586,0.007988570258021355,0.03118857741355896,0.0263671875,0.6491680145263672,0.01969984918832779,8674.0,0.0
1253,1.2631650320035988,97.1008,7.040517330169678,0.014241902157664299,0.028735172003507614,0.0263671875,0.6617213487625122,0.01969711109995842,8631.0,0.0
1254,1.241281214999617,97.1008,7.2417988777160645,0.02042963169515133,0.031859125941991806,0.0263671875,0.6766526103019714,0.023105040192604065,8711.0,2.0
1255,1.2140442079980858,97.1008,6.903499126434326,0.008142668753862381,0.02790427953004837,0.02734375,0.6478725671768188,0.01846832036972046,8812.0,0.0
1256,1.232845635000558,97.1008,7.010651111602783,0.012413708493113518,0.026631014421582222,0.02734375,0.6586199998855591,0.021504845470190048,8638.0,1.0
1257,1.2521906160036451,97.1008,7.3369340896606445,0.022551750764250755,0.02908199466764927,0.02734375,0.6858789920806885,0.02794002555310726,8662.0,0.0
1258,1.2523586600000272,97.1008,7.187042713165283,0.022968225181102753,0.024135412648320198,0.02734375,0.6721209287643433,0.023601919412612915,8712.0,0.0
1259,1.2459854190019541,97.1008,6.837650775909424,0.016752170398831367,0.03147769346833229,0.0263671875,0.638511598110199,0.021205637603998184,8824.0,1.0
1260,1.2422572260038578,97.1008,6.661958694458008,0.014339307323098183,0.03273405507206917,0.0263671875,0.6254192590713501,0.018500395119190216,8662.0,0.0
1261,1.2677737240010174,97.1008,6.902626037597656,0.02131214551627636,0.029887832701206207,0.025390625,0.646942138671875,0.020656030625104904,8656.0,0.0
1262,1.2424696880043484,97.1008,6.991357326507568,0.02650989592075348,0.03191337361931801,0.025390625,0.6543550491333008,0.020905159413814545,8668.0,0.0
1263,1.2381534329979331,97.1008,6.909387111663818,0.018437497317790985,0.03203664347529411,0.025390625,0.6446112990379333,0.021395467221736908,8835.0,0.0
1264,1.23560310099856,97.1008,6.844634056091309,0.01707179844379425,0.035373151302337646,0.025390625,0.6401472091674805,0.025099031627178192,8632.0,0.0
1265,1.2348265940017882,97.1008,6.969146728515625,0.01994742825627327,0.032071106135845184,0.025390625,0.649580717086792,0.027058463543653488,8692.0,0.0
1266,1.2285579379968112,97.1008,7.003655433654785,0.016585607081651688,0.027641024440526962,0.025390625,0.6562783122062683,0.02111034095287323,8676.0,0.0
1267,1.2362141530029476,97.1008,6.988144874572754,0.013265963643789291,0.03366076946258545,0.025390625,0.6499679088592529,0.02246994338929653,8862.0,0.0
1268,1.2234278560063103,97.1008,6.676066875457764,0.0032919435761868954,0.0361909344792366,0.025390625,0.6273627877235413,0.01825767010450363,8637.0,1.0
1269,1.2237543929950334,97.1008,6.876641750335693,0.011621294543147087,0.03118736296892166,0.025390625,0.6450247764587402,0.020693575963377953,8660.0,1.0
1270,1.2382494309931644,97.1008,6.982213020324707,0.01812189817428589,0.03633976727724075,0.025390625,0.6552490592002869,0.02008994109928608,8654.0,0.0
1271,1.2228475449956022,97.1008,7.121500015258789,0.021081766113638878,0.030403923243284225,0.025390625,0.662082314491272,0.024553721770644188,8819.0,0.0
1272,1.2436489249957958,97.1008,7.051968574523926,0.01565571129322052,0.03802506625652313,0.025390625,0.6575028300285339,0.027582090348005295,8685.0,0.0
1273,1.2381890319957165,97.1008,7.033873558044434,0.014546608552336693,0.028821749612689018,0.025390625,0.657889723777771,0.022461123764514923,8695.0,1.0
1274,1.290259874003823,97.1008,7.1419501304626465,0.018339041620492935,0.035085529088974,0.0244140625,0.6701220870018005,0.021270854398608208,8634.0,0.0
1275,1.2787210210008197,97.1008,7.159901142120361,0.020549647510051727,0.03144088760018349,0.0244140625,0.6672329902648926,0.022125020623207092,8824.0,0.0
1276,1.290387909997662,97.1008,6.862157821655273,0.008407514542341232,0.04964856058359146,0.0244140625,0.6437878608703613,0.02033354714512825,8704.0,1.0
1277,1.2518441699940013,97.1008,6.9745306968688965,0.00914984755218029,0.02703516185283661,0.0244140625,0.6556671857833862,0.01867147535085678,8660.0,0.0
1278,1.261448423996626,97.1008,7.1501970291137695,0.015573197975754738,0.04117846116423607,0.0244140625,0.6718161106109619,0.019887594506144524,8632.0,0.0
1279,1.2589895339988288,97.1008,7.3692779541015625,0.02374202385544777,0.03089248016476631,0.0244140625,0.6852766871452332,0.026817118749022484,8760.0,1.0
1280,1.2496944820013596,97.1008,7.060542106628418,0.01033494621515274,0.03751025348901749,0.0244140625,0.6581693887710571,0.026480859145522118,8768.0,0.0
1281,1.2425244539990672,97.1008,6.962940692901611,0.00903911329805851,0.04431711882352829,0.0244140625,0.6538321375846863,0.019302263855934143,8678.0,0.0
1282,1.251170119001472,97.1008,7.121011257171631,0.019084149971604347,0.02945658192038536,0.0244140625,0.6676837801933289,0.021450325846672058,8663.0,0.0
1283,1.2497174629970687,97.1008,7.180025100708008,0.0232543908059597,0.03650874271988869,0.0244140625,0.6716288328170776,0.02138201892375946,8713.0,0.0
1284,1.2599899060005555,97.1008,6.894523620605469,0.011051245033740997,0.027524562552571297,0.0244140625,0.6454771757125854,0.02115769498050213,8780.0,0.0
1285,1.2583628319989657,97.1008,6.8114848136901855,0.00871298462152481,0.03370567783713341,0.0244140625,0.6392718553543091,0.01842370629310608,8666.0,1.0
1286,1.2482877360016573,97.1008,7.110535144805908,0.019326619803905487,0.029104433953762054,0.0234375,0.666784942150116,0.022014673799276352,8631.0,1.0
1287,1.2459776519972365,97.1008,7.330289363861084,0.034047581255435944,0.02385137975215912,0.0234375,0.6806389093399048,0.030318733304739,8701.0,0.0
1288,1.249217887998384,97.1008,7.019989490509033,0.01584351435303688,0.03322673588991165,0.0234375,0.6548599600791931,0.023292815312743187,8860.0,0.0
1289,1.2519823550028377,97.1008,6.904788494110107,0.010344102047383785,0.01865571364760399,0.0234375,0.6488670110702515,0.01936018466949463,8637.0,0.0
1290,1.2446406699964427,97.1008,7.095571041107178,0.016459165140986443,0.032299287617206573,0.0234375,0.6663955450057983,0.020098865032196045,8664.0,0.0
1291,1.244689176994143,97.1008,7.204299449920654,0.02624937891960144,0.026630006730556488,0.0234375,0.6741489171981812,0.022863224148750305,8660.0,0.0
1292,1.2416034929992747,97.1008,6.978835582733154,0.0180971696972847,0.0266929529607296,0.0234375,0.6522510647773743,0.020422086119651794,8857.0,0.0
1293,1.2327859859942691,97.1008,6.929967880249023,0.016979005187749863,0.026762057095766068,0.0234375,0.6515172719955444,0.01869339868426323,8640.0,1.0
1294,1.234927200996026,97.1008,7.1798415184021,0.027974506840109825,0.02862093597650528,0.0234375,0.6728196144104004,0.02437995932996273,8633.0,0.0
1295,1.243343382004241,97.1008,7.368936061859131,0.0364629402756691,0.02071942389011383,0.0234375,0.6864581108093262,0.02966909110546112,8697.0,0.0
1296,1.237821463997534,97.1008,6.948457717895508,0.01964004896581173,0.02972458302974701,0.0234375,0.6478058099746704,0.021576179191470146,8869.0,1.0
1297,1.2292550029960694,97.1008,6.873682022094727,0.01144188642501831,0.025504693388938904,0.0234375,0.6449868679046631,0.020316416397690773,8657.0,0.0
1298,1.2356513159975293,97.1008,6.988193511962891,0.014560346491634846,0.02245255373418331,0.0234375,0.6568099856376648,0.01876547560095787,8641.0,1.0
1299,1.2141813339985674,97.1008,7.236872673034668,0.02572033926844597,0.022950299084186554,0.0234375,0.6778873205184937,0.022884588688611984,8660.0,1.0
1300,1.2227017800032627,97.1008,7.0538411140441895,0.021894380450248718,0.03011101298034191,0.021484375,0.6578695178031921,0.02056942693889141,8856.0,1.0
1301,1.2740255690005142,97.1008,6.8863844871521,0.013449840247631073,0.02144971676170826,0.021484375,0.6464366912841797,0.02004198357462883,8635.0,0.0
1302,1.2433598090065061,97.1008,7.183662414550781,0.023519456386566162,0.027815507724881172,0.021484375,0.6713282465934753,0.027085408568382263,8637.0,0.0
1303,1.2137833640008466,97.1008,7.201165199279785,0.022350218147039413,0.028398048132658005,0.021484375,0.6723939776420593,0.0253838412463665,8729.0,0.0
1304,1.2031776990043,97.1008,7.1016645431518555,0.015816250815987587,0.03846738114953041,0.021484375,0.6618594527244568,0.02179030142724514,8822.0,0.0
1305,1.2373657990028732,97.1008,6.808541297912598,0.004603810608386993,0.03361445665359497,0.021484375,0.6393678188323975,0.01957685686647892,8680.0,0.0
1306,1.239924133005843,97.1008,6.864642143249512,0.010434217751026154,0.03611791878938675,0.021484375,0.6433944702148438,0.0207042433321476,8641.0,0.0
1307,1.2300899000038044,97.1008,7.010927677154541,0.016861960291862488,0.03050992079079151,0.021484375,0.656485378742218,0.021601220592856407,8674.0,0.0
1308,1.2379429720022017,97.1008,6.973216533660889,0.017014797776937485,0.03744208440184593,0.021484375,0.648589015007019,0.021943550556898117,8802.0,0.0
1309,1.2534293169956072,97.1008,6.707108974456787,0.011503037065267563,0.03408191353082657,0.021484375,0.6268784403800964,0.02328076958656311,8677.0,0.0
1310,1.243682121996244,97.1008,6.99099588394165,0.020439840853214264,0.03209858387708664,0.021484375,0.6511139273643494,0.02759701758623123,8684.0,0.0
1311,1.2390513920036028,97.1008,7.017326831817627,0.020923055708408356,0.03902087360620499,0.021484375,0.6573126316070557,0.021735280752182007,8674.0,0.0
1312,1.2371217109975987,97.1008,7.121793270111084,0.026066802442073822,0.03561578318476677,0.0205078125,0.6617350578308105,0.02405291050672531,8780.0,1.0
1313,1.248704113997519,97.1008,6.942358016967773,0.011361409910023212,0.0377451553940773,0.021484375,0.6529738903045654,0.018292268738150597,8731.0,1.0
1314,1.2565304360032314,97.1008,7.06019926071167,0.01952286995947361,0.035056788474321365,0.021484375,0.662859320640564,0.02078225091099739,8655.0,2.0
1315,1.2303721909993328,97.1008,7.108584403991699,0.024987326934933662,0.03542700409889221,0.021484375,0.6678959727287292,0.019797956570982933,8659.0,0.0
1316,1.1976528290033457,97.1008,7.214291572570801,0.03239461034536362,0.04017339274287224,0.0205078125,0.6733700037002563,0.023698722943663597,8723.0,0.0
1317,1.207528792998346,97.1008,6.9870147705078125,0.02490554004907608,0.024958856403827667,0.0205078125,0.6519190073013306,0.027068322524428368,8760.0,0.0
1318,1.2361399219953455,97.1008,6.942193984985352,0.018749894574284554,0.040712617337703705,0.0205078125,0.64787358045578,0.024928322061896324,8722.0,0.0
1319,1.2476132429947029,97.1008,6.890451431274414,0.020948095247149467,0.023558204993605614,0.0205078125,0.6473437547683716,0.019306903705000877,8635.0,1.0
1320,1.2569091850018594,97.1008,7.079501152038574,0.029592804610729218,0.034682899713516235,0.0205078125,0.6613617539405823,0.02186829410493374,8712.0,0.0
1321,1.2575683769973693,97.1008,6.77780294418335,0.020805910229682922,0.03731207177042961,0.0205078125,0.6345014572143555,0.019471827894449234,8800.0,0.0
1322,1.2857964630020433,97.1008,6.838596820831299,0.02058284357190132,0.03057820349931717,0.0205078125,0.6420819163322449,0.01924603432416916,8673.0,2.0
1323,1.2702107220029575,97.1008,7.004602909088135,0.0267335157841444,0.03957897797226906,0.01953125,0.6584107875823975,0.01922895386815071,8638.0,2.0
1324,1.294171075001941,97.1008,7.1984758377075195,0.03725060448050499,0.02614448592066765,0.01953125,0.6724374294281006,0.025322047993540764,8659.0,0.0
1325,1.2853866219957126,97.1008,7.1115827560424805,0.03329045698046684,0.03645399585366249,0.01953125,0.6598343849182129,0.028762444853782654,8872.0,0.0
1326,1.2694147869988228,97.1008,6.803582191467285,0.016874046996235847,0.028123866766691208,0.01953125,0.638098418712616,0.0201612189412117,8664.0,1.0
1327,1.2583536700039986,97.1008,6.959199905395508,0.024238640442490578,0.033444005995988846,0.0185546875,0.6532803773880005,0.02086571417748928,8636.0,1.0
1328,1.2665262369991979,97.1008,7.052368640899658,0.02706279791891575,0.03502684459090233,0.0185546875,0.6608353853225708,0.020649876445531845,8679.0,0.0
1329,1.2673824610028532,97.1008,6.98492431640625,0.02410143055021763,0.0294494666159153,0.0185546875,0.6506171226501465,0.022166699171066284,8849.0,0.0
1330,1.275909411997418,97.1008,6.780267715454102,0.011830389499664307,0.03361323103308678,0.0185546875,0.637222170829773,0.018349355086684227,8652.0,0.0
1331,1.265599938997184,97.1008,6.974462032318115,0.019923586398363113,0.02689783275127411,0.0185546875,0.6547667384147644,0.02032504417002201,8638.0,0.0
1332,1.271476003996213,97.1008,7.253101825714111,0.031176196411252022,0.03814120590686798,0.0185546875,0.6765010356903076,0.02782285585999489,8645.0,1.0
1333,1.2695701599950553,97.1008,7.2430572509765625,0.02700074389576912,0.03428854048252106,0.017578125,0.6712217330932617,0.027799999341368675,8918.0,0.0
1334,1.2642169309983728,97.1008,6.731313705444336,0.012199066579341888,0.03685325011610985,0.017578125,0.633039116859436,0.01755138300359249,8638.0,0.0
1335,1.266000638002879,97.1008,6.8868255615234375,0.019879570230841637,0.027754545211791992,0.017578125,0.6468174457550049,0.019711989909410477,8665.0,2.0
1336,1.265384301004815,97.1008,7.099441051483154,0.02513379231095314,0.028698518872261047,0.017578125,0.6667608022689819,0.020577797666192055,8641.0,0.0
1337,1.2618864930045675,97.1008,7.129179000854492,0.024863114580512047,0.03235030174255371,0.017578125,0.6635757684707642,0.02271280437707901,8861.0,0.0
1338,1.2481193130006432,97.1008,6.688364505767822,0.013337304815649986,0.029873937368392944,0.0166015625,0.629276692867279,0.017493730410933495,8653.0,1.0
1339,1.242611333997047,97.1008,6.894636631011963,0.020739344879984856,0.028779445216059685,0.017578125,0.6465455293655396,0.022328278049826622,8629.0,1.0
1340,1.2450887939994573,97.1008,7.13711404800415,0.028994597494602203,0.025524158030748367,0.017578125,0.6639649868011475,0.029339609667658806,8679.0,0.0
1341,1.2509427490003873,97.1008,7.085572719573975,0.020338643342256546,0.02899010106921196,0.017578125,0.6590366363525391,0.02377629093825817,8847.0,0.0
1342,1.2391806859959615,97.1008,6.816718101501465,0.009629640728235245,0.027947865426540375,0.017578125,0.6403354406356812,0.019846025854349136,8675.0,2.0
1343,1.2330768980027642,97.1008,6.864503860473633,0.017141934484243393,0.02712016925215721,0.017578125,0.6450839042663574,0.01902225986123085,8659.0,0.0
1344,1.237191107000399,97.1008,7.061326503753662,0.0264715738594532,0.031646594405174255,0.017578125,0.6611117124557495,0.022168602794408798,8666.0,2.0
1345,1.232745203000377,97.1008,7.0063300132751465,0.026958931237459183,0.030633430927991867,0.017578125,0.6528416872024536,0.02194312773644924,8784.0,0.0
1346,1.2281116920057684,97.1008,6.669631481170654,0.015923114493489265,0.037307269871234894,0.017578125,0.625195324420929,0.01953967474400997,8711.0,1.0
1347,1.2387315810046857,97.1008,6.835054397583008,0.025854792445898056,0.03274943679571152,0.017578125,0.6380369663238525,0.0254298597574234,8632.0,0.0
1348,1.2354033180017723,97.1008,6.975581645965576,0.029155012220144272,0.035676490515470505,0.017578125,0.649170458316803,0.027856647968292236,8690.0,0.0
1349,1.253542288999597,97.1008,6.8971967697143555,0.02423432096838951,0.031123626977205276,0.017578125,0.6419382095336914,0.022059407085180283,8765.0,0.0
1350,1.2237146789993858,97.1008,6.717227458953857,0.015382192097604275,0.035021863877773285,0.017578125,0.6281114816665649,0.020364362746477127,8779.0,0.0
1351,1.233072600000014,97.1008,6.745742321014404,0.01564098708331585,0.040936484932899475,0.017578125,0.6331698298454285,0.018909266218543053,8634.0,1.0
1352,1.2346100909999222,97.1008,7.014336109161377,0.024312950670719147,0.03079298697412014,0.017578125,0.6570878624916077,0.0216930340975523,8666.0,0.0
1353,1.2427783880048082,97.1008,7.012493133544922,0.02749026194214821,0.030710652470588684,0.017578125,0.6556313037872314,0.02075078897178173,8696.0,1.0
1354,1.2431314200002817,97.1008,6.819934368133545,0.019475609064102173,0.03901585191488266,0.017578125,0.636582612991333,0.02195015363395214,8796.0,1.0
1355,1.2436271129990928,97.1008,6.963417053222656,0.020287081599235535,0.02724478766322136,0.017578125,0.6490035057067871,0.027111437171697617,8661.0,0.0
1356,1.2472785790014314,97.1008,7.092763900756836,0.019708730280399323,0.034004658460617065,0.017578125,0.6642224788665771,0.022015754133462906,8692.0,0.0
1357,1.2460177079992718,97.1008,7.230599403381348,0.024959653615951538,0.03714646026492119,0.01953125,0.6777633428573608,0.02177049219608307,8666.0,0.0
1358,1.2420565469947178,97.1008,7.058901309967041,0.01680210418999195,0.02189941145479679,0.01953125,0.6611796617507935,0.019278284162282944,8850.0,0.0
1359,1.2317139719962142,97.1008,6.9506402015686035,0.014032145962119102,0.036070674657821655,0.01953125,0.6533065438270569,0.019702591001987457,8651.0,1.0
1360,1.234714434001944,97.1008,7.036685943603516,0.01722264662384987,0.03144471347332001,0.01953125,0.6617729663848877,0.019066300243139267,8658.0,1.0
1361,1.2371456069959095,97.1008,7.202226638793945,0.026130186393857002,0.03414987772703171,0.0185546875,0.6758939027786255,0.021189143881201744,8655.0,0.0
1362,1.2415598290026537,97.1008,7.14680814743042,0.02884577587246895,0.03145865350961685,0.0185546875,0.6658466458320618,0.025763487443327904,8828.0,1.0
1363,1.2429654790030327,97.1008,7.0290303230285645,0.023763233795762062,0.027858581393957138,0.0185546875,0.6564453840255737,0.02600417099893093,8680.0,1.0
1364,1.244536041005631,97.1008,6.933780193328857,0.020583800971508026,0.04144778475165367,0.017578125,0.6511872410774231,0.019080515950918198,8681.0,0.0
1365,1.2466359009995358,97.1008,7.134984493255615,0.026217270642518997,0.02853177674114704,0.017578125,0.6675779223442078,0.02166694775223732,8675.0,0.0
1366,1.244265629997244,97.1008,7.0044264793396,0.01908176578581333,0.03897707536816597,0.017578125,0.6540977358818054,0.019952738657593727,8838.0,0.0
1367,1.2401104679956916,97.1008,6.738386154174805,0.014604904688894749,0.03068523108959198,0.017578125,0.6325041651725769,0.019812900573015213,8647.0,0.0
1368,1.2407191679958487,97.1008,6.831888198852539,0.019323909655213356,0.030333591625094414,0.017578125,0.6425995826721191,0.017968885600566864,8663.0,0.0
1369,1.2652839240035973,97.1008,7.039430618286133,0.025757133960723877,0.025192108005285263,0.017578125,0.6590917706489563,0.02269323728978634,8640.0,0.0
1370,1.2425826210019295,97.1008,7.165739059448242,0.02894066832959652,0.02554076723754406,0.017578125,0.6631916761398315,0.029603097587823868,8852.0,0.0
1371,1.2413926189983613,97.1008,6.888859272003174,0.013003036379814148,0.03607422113418579,0.017578125,0.6456455588340759,0.02142713963985443,8703.0,0.0
1372,1.240564756000822,97.1008,6.8846235275268555,0.014607788994908333,0.026524946093559265,0.017578125,0.6471189260482788,0.019096186384558678,8642.0,0.0
1373,1.2443921960002626,97.1008,7.068076133728027,0.02173224464058876,0.03182918578386307,0.017578125,0.6637170314788818,0.020278383046388626,8664.0,0.0
1374,1.2448973639984615,97.1008,7.190364837646484,0.021142037585377693,0.03642719238996506,0.017578125,0.6696048974990845,0.02276485785841942,8817.0,0.0
1375,1.2470791889936663,97.1008,6.814237117767334,0.008081930689513683,0.02993665263056755,0.0166015625,0.6406983137130737,0.018359005451202393,8697.0,0.0
1376,1.2478918150009122,97.1008,6.9079203605651855,0.011929797008633614,0.03296256065368652,0.0166015625,0.6495156288146973,0.018731214106082916,8639.0,0.0
1377,1.2509127970042755,97.1008,7.219490051269531,0.022904591634869576,0.028417129069566727,0.0166015625,0.6757315993309021,0.025106456130743027,8637.0,1.0
1378,1.2501658750043134,97.1008,7.4331817626953125,0.026868529617786407,0.023655684664845467,0.0166015625,0.6896637678146362,0.029471740126609802,8819.0,1.0
1379,1.2510558760041022,97.1008,6.993118762969971,0.007979287765920162,0.02597912959754467,0.0166015625,0.6580588221549988,0.01879172772169113,8744.0,0.0
1380,1.2417074099939782,97.1008,7.125234603881836,0.014895806089043617,0.027832265943288803,0.0166015625,0.6694645881652832,0.019801227375864983,8664.0,0.0
1381,1.240688352001598,97.1008,7.143862247467041,0.021629365161061287,0.024567702785134315,0.017578125,0.6726500988006592,0.01865535043179989,8637.0,1.0
1382,1.2394963769984315,97.1008,7.3285017013549805,0.03085755556821823,0.023187538608908653,0.017578125,0.6846708655357361,0.022789113223552704,8745.0,0.0
1383,1.2397797149969847,97.1008,6.815898895263672,0.012868931517004967,0.028301244601607323,0.0185546875,0.6397876739501953,0.017874058336019516,8777.0,1.0
1384,1.2465021590032848,97.1008,6.881361961364746,0.01401078887283802,0.020234402269124985,0.0185546875,0.646579921245575,0.020140070468187332,8632.0,0.0
1385,1.2407678730014595,97.1008,7.226430416107178,0.02334308624267578,0.03495512157678604,0.0185546875,0.6745260953903198,0.027399688959121704,8651.0,0.0
1386,1.2362324580026325,97.1008,7.224887371063232,0.025108709931373596,0.0191666129976511,0.01953125,0.6732203960418701,0.024819672107696533,8755.0,2.0
1387,1.241847573997802,97.1008,6.830289363861084,0.008904878050088882,0.04292316362261772,0.01953125,0.6401585340499878,0.018912209197878838,8792.0,0.0
1388,1.2387982069994905,97.1008,6.82232141494751,0.01222951989620924,0.029222069308161736,0.01953125,0.6407736539840698,0.018500875681638718,8664.0,0.0
1389,1.2344303680001758,97.1008,7.047616958618164,0.023412169888615608,0.0351480133831501,0.01953125,0.6618579626083374,0.020357465371489525,8634.0,1.0
1390,1.2435663739961456,97.1008,7.183290481567383,0.026876676827669144,0.037804752588272095,0.01953125,0.6725088357925415,0.021679988130927086,8708.0,0.0
1391,1.2477619659985066,97.1008,7.00784969329834,0.017556719481945038,0.016530213877558708,0.01953125,0.6562260389328003,0.01965337246656418,8817.0,0.0
1392,1.2498082719976082,97.1008,6.933966159820557,0.01938166469335556,0.03959822282195091,0.01953125,0.6500071287155151,0.02331024967133999,8635.0,1.0
1393,1.2529281269962667,97.1008,7.246394634246826,0.029976602643728256,0.026059143245220184,0.01953125,0.6765378713607788,0.02796989679336548,8687.0,0.0
1394,1.2512757309959852,97.1008,6.977595329284668,0.027084559202194214,0.03979096561670303,0.01953125,0.6526596546173096,0.02242785319685936,8686.0,0.0
1395,1.2490202929984662,97.1008,6.9693708419799805,0.020872291177511215,0.03547490015625954,0.0185546875,0.64982008934021,0.02226218581199646,8857.0,1.0
1396,1.2480510359964683,97.1008,6.761539936065674,0.014876242727041245,0.035977691411972046,0.0185546875,0.6361730694770813,0.018191026523709297,8634.0,0.0
1397,1.2743236280002748,97.1008,6.994825839996338,0.02360120788216591,0.039216529577970505,0.0185546875,0.6556633114814758,0.021344652399420738,8656.0,3.0
1398,1.2506674929973087,97.1008,7.050205707550049,0.02484452910721302,0.030324283987283707,0.0185546875,0.6610953211784363,0.020467355847358704,8671.0,1.0
1399,1.2467117120031617,97.1008,7.002875804901123,0.0227651447057724,0.04064590483903885,0.0185546875,0.6520124673843384,0.022204827517271042,8832.0,0.0
1400,1.2427939039989724,97.1008,6.850654125213623,0.018384728580713272,0.03932813182473183,0.0185546875,0.6400872468948364,0.02584810182452202,8633.0,0.0
1401,1.2537310469997465,97.1008,6.902191638946533,0.02439851686358452,0.028823766857385635,0.0185546875,0.6442540884017944,0.024420253932476044,8720.0,0.0
1402,1.2503670340011013,97.1008,6.906419277191162,0.026725664734840393,0.03848671168088913,0.0185546875,0.6469851732254028,0.020855119451880455,8647.0,0.0
1403,1.2638129929982824,97.1008,6.983400344848633,0.026343613862991333,0.027596943080425262,0.0185546875,0.6489338278770447,0.022049713879823685,8855.0,0.0
1404,1.2606869080045726,97.1008,6.79850959777832,0.015452681109309196,0.038049690425395966,0.0185546875,0.6389811038970947,0.019354425370693207,8644.0,0.0
1405,1.2507020959965303,97.1008,6.852046489715576,0.023103142157197,0.03046615608036518,0.0166015625,0.6426171064376831,0.01978541724383831,8675.0,0.0
1406,1.2562109829959809,97.1008,7.024514675140381,0.03163024038076401,0.030214933678507805,0.0166015625,0.6598076820373535,0.01980431005358696,8646.0,0.0
1407,1.2515661620054743,97.1008,7.1511969566345215,0.03856898099184036,0.029791902750730515,0.0166015625,0.6649613380432129,0.02548794262111187,8795.0,1.0
1408,1.2536516899999697,97.1008,6.891847610473633,0.02829703688621521,0.026913205161690712,0.0166015625,0.6420460343360901,0.027137592434883118,8721.0,0.0
1409,1.2522802890016465,97.1008,6.882556438446045,0.020709335803985596,0.02667432278394699,0.0166015625,0.6454259157180786,0.020516572520136833,8673.0,1.0
1410,1.241065697002341,97.1008,7.024158000946045,0.02313462272286415,0.027200786396861076,0.0166015625,0.6583214402198792,0.021997924894094467,8642.0,0.0
1411,1.2339039090002188,97.1008,7.027978420257568,0.02126726135611534,0.0326165035367012,0.0166015625,0.6548460721969604,0.02111521176993847,8803.0,0.0
1412,1.2375527289987076,97.1008,6.821547985076904,0.01315545104444027,0.02144593931734562,0.0166015625,0.6394720673561096,0.020210029557347298,8720.0,0.0
1413,1.2378967990007368,97.1008,6.908985137939453,0.015826549381017685,0.03340708836913109,0.015625,0.6500041484832764,0.018174953758716583,8661.0,1.0
1414,1.2366825830031303,97.1008,7.074211120605469,0.0245427917689085,0.025653691962361336,0.015625,0.6642706394195557,0.020501594990491867,8633.0,2.0
1415,1.2329834589982056,97.1008,7.324866771697998,0.03586200252175331,0.03285900503396988,0.015625,0.6808713674545288,0.028401479125022888,8738.0,0.0
1416,1.26787824400526,97.1008,7.115875720977783,0.023167261853814125,0.026414018124341965,0.015625,0.6638906598091125,0.024903368204832077,8822.0,0.0
1417,1.2374903740055743,97.1008,6.971765995025635,0.014749642461538315,0.04077252745628357,0.015625,0.6559134721755981,0.018251843750476837,8640.0,0.0
1418,1.2414798999961931,97.1008,7.196161270141602,0.02176271565258503,0.027945907786488533,0.015625,0.6760188341140747,0.020451055839657784,8667.0,1.0
1419,1.2434730470049544,97.1008,7.365567207336426,0.023908354341983795,0.035455308854579926,0.015625,0.6903728246688843,0.02176637202501297,8691.0,0.0
1420,1.2439377650007373,97.1008,7.069482803344727,0.016846518963575363,0.03471748158335686,0.0146484375,0.6623842716217041,0.020220419391989708,8828.0,2.0
1421,1.2421468770044157,97.1008,6.965810298919678,0.01631801575422287,0.03251967579126358,0.0146484375,0.6559203863143921,0.01755111664533615,8637.0,0.0
1422,1.237086804001592,97.1008,7.307416915893555,0.02612474001944065,0.0374559685587883,0.0146484375,0.6866364479064941,0.02263900637626648,8633.0,0.0
1423,1.240313132002484,97.1008,7.547879219055176,0.03596770018339157,0.028410036116838455,0.0146484375,0.7030183672904968,0.02978166937828064,8709.0,0.0
1424,1.2410784509993391,97.1008,6.978804111480713,0.019438274204730988,0.0320315919816494,0.015625,0.6524286270141602,0.02096773311495781,8853.0,1.0
1425,1.24074364000262,97.1008,6.915578842163086,0.017813878133893013,0.028152229264378548,0.015625,0.6501561999320984,0.019664425402879715,8638.0,0.0
1426,1.244375891998061,97.1008,6.891225814819336,0.02596777305006981,0.02939698100090027,0.015625,0.6477311849594116,0.018846748396754265,8663.0,0.0
1427,1.2435464430018328,97.1008,7.082907676696777,0.03737068548798561,0.029600992798805237,0.015625,0.6623145937919617,0.022632505744695663,8665.0,0.0
1428,1.242426714998146,97.1008,6.89984655380249,0.0266796313226223,0.037290189415216446,0.015625,0.6444141268730164,0.02018202282488346,8852.0,0.0
1429,1.246342361002462,97.1008,6.743834018707275,0.021421264857053757,0.031332630664110184,0.015625,0.6334021091461182,0.019518813118338585,8635.0,1.0
1430,1.2387386819973472,97.1008,7.124971389770508,0.03315344452857971,0.02908020280301571,0.015625,0.6665314435958862,0.025847654789686203,8639.0,0.0
1431,1.2303220390022034,97.1008,7.294528961181641,0.037144459784030914,0.03417748212814331,0.015625,0.6795697212219238,0.028209304437041283,8706.0,2.0
1432,1.2301639920042362,97.1008,6.9775896072387695,0.022785941138863564,0.029422219842672348,0.0146484375,0.6511563658714294,0.020593702793121338,8857.0,0.0
1433,1.224157948003267,97.1008,6.891213417053223,0.014328593388199806,0.03595956414937973,0.0146484375,0.6471337080001831,0.01956748031079769,8662.0,0.0
1434,1.2218008729978465,97.1008,7.0821638107299805,0.020559415221214294,0.02878778986632824,0.015625,0.6661975979804993,0.019218459725379944,8641.0,1.0
1435,1.2189663809986087,97.1008,7.221176624298096,0.03034624084830284,0.03811904788017273,0.0166015625,0.6762676239013672,0.022353261709213257,8674.0,1.0
1436,1.2155450569989625,97.1008,7.058072090148926,0.023352283984422684,0.027724292129278183,0.0166015625,0.6589352488517761,0.020371582359075546,8830.0,1.0
1437,1.2206785270027467,97.1008,6.833884239196777,0.01615419238805771,0.0425046868622303,0.0166015625,0.6409769058227539,0.021387066692113876,8647.0,0.0
1438,1.2270744850029587,97.1008,7.163055896759033,0.028470557183027267,0.030824612826108932,0.0166015625,0.6685025095939636,0.027867577970027924,8668.0,0.0
1439,1.2205640300016967,97.1008,7.190212249755859,0.029371794313192368,0.042499106377363205,0.015625,0.6740303039550781,0.02268563210964203,8690.0,0.0
1440,1.2139913469945895,97.1008,7.194825649261475,0.030004646629095078,0.03645488992333412,0.015625,0.6707667112350464,0.02237199991941452,8805.0,0.0
1441,1.2072586040012538,97.1008,6.91863489151001,0.015403291210532188,0.04501935839653015,0.015625,0.6508018970489502,0.018092099577188492,8702.0,0.0
1442,1.2104697739996482,97.1008,7.048029899597168,0.02207157574594021,0.02834126353263855,0.015625,0.6617058515548706,0.02019932121038437,8659.0,0.0
1443,1.2036384950042702,97.1008,7.212743282318115,0.027284882962703705,0.03859776630997658,0.015625,0.6776866912841797,0.01977757178246975,8655.0,1.0
1444,1.20247213300172,97.1008,7.2898759841918945,0.029117384925484657,0.026662679389119148,0.015625,0.6798745393753052,0.022393768653273582,8781.0,0.0
1445,1.2141334640036803,97.1008,7.149683952331543,0.020714735612273216,0.03373521938920021,0.015625,0.6698643565177917,0.024870555847883224,8696.0,1.0
1446,1.2533533009991515,97.1008,7.262265205383301,0.026622770354151726,0.04197872430086136,0.015625,0.6789458990097046,0.026750151067972183,8689.0,1.0
1447,1.2329471269986243,97.1008,7.040877342224121,0.025235339999198914,0.040541935712099075,0.015625,0.6606900691986084,0.020408906042575836,8673.0,0.0
1448,1.2334123510008794,97.1008,7.107497692108154,0.02965451404452324,0.03611169755458832,0.015625,0.6612948775291443,0.02358454093337059,8770.0,0.0
1449,1.243938188003085,97.1008,6.839099407196045,0.014237657189369202,0.029355522245168686,0.015625,0.6420149803161621,0.018983379006385803,8739.0,0.0
1450,1.2311129689987865,97.1008,6.987231731414795,0.018061058595776558,0.04047958925366402,0.015625,0.6556656360626221,0.02071518823504448,8656.0,0.0
1451,1.2344237349971081,97.1008,7.09629487991333,0.023420212790369987,0.03164682537317276,0.0146484375,0.6674267053604126,0.01901528798043728,8657.0,0.0
1452,1.2351987340007327,97.1008,7.270572185516357,0.03456185385584831,0.024903222918510437,0.0146484375,0.6796493530273438,0.024629583582282066,8697.0,0.0
1453,1.240662768999755,97.1008,7.082724571228027,0.02893533930182457,0.037186216562986374,0.0146484375,0.6590094566345215,0.028278149664402008,8809.0,0.0
1454,1.2438945399990189,97.1008,6.878754615783691,0.020863987505435944,0.033952273428440094,0.0146484375,0.643834114074707,0.021816179156303406,8695.0,0.0
1455,1.2391380400003982,97.1008,7.112103462219238,0.025235489010810852,0.03068111650645733,0.0146484375,0.6685713529586792,0.020421456545591354,8632.0,0.0
1456,1.2385979960017721,97.1008,7.3613691329956055,0.033134885132312775,0.03298220410943031,0.0146484375,0.6897301077842712,0.021841388195753098,8693.0,0.0
1457,1.2412064819945954,97.1008,7.1727705001831055,0.02512393146753311,0.03197142109274864,0.0146484375,0.6708927154541016,0.021436959505081177,8834.0,0.0
1458,1.2573944149989984,97.1008,6.89459228515625,0.019920241087675095,0.03524398431181908,0.0146484375,0.6480521559715271,0.01850808411836624,8657.0,1.0
1459,1.251286426995648,97.1008,7.015039920806885,0.024312037974596024,0.03505171090364456,0.0146484375,0.65949547290802,0.019363723695278168,8634.0,0.0
1460,1.2689187520009,97.1008,7.269968032836914,0.03807944059371948,0.033650096505880356,0.013671875,0.6787014007568359,0.02646022103726864,8651.0,0.0
1461,1.252617507998366,97.1008,7.154514789581299,0.03167065605521202,0.04584528133273125,0.013671875,0.6638323068618774,0.02802552655339241,8881.0,0.0
1462,1.234746112000721,97.1008,6.809364318847656,0.015986422076821327,0.035360656678676605,0.013671875,0.6394875049591064,0.01908845640718937,8677.0,0.0
1463,1.2311139950033976,97.1008,6.953768253326416,0.02420940436422825,0.04158863052725792,0.013671875,0.6514837741851807,0.02080756053328514,8659.0,0.0
1464,1.220619470004749,97.1008,7.072449684143066,0.02884397655725479,0.04317927360534668,0.013671875,0.6626779437065125,0.020574871450662613,8643.0,1.0
1465,1.230306423996808,97.1008,6.996939182281494,0.02553470805287361,0.028411895036697388,0.013671875,0.6514825224876404,0.0223635695874691,8857.0,0.0
1466,1.224199348995171,97.1008,6.772456169128418,0.017064880579710007,0.03744014352560043,0.013671875,0.6370531320571899,0.017441313713788986,8658.0,0.0
1467,1.2520744659996126,97.1008,7.034141540527344,0.026227939873933792,0.03262536600232124,0.013671875,0.660537600517273,0.020810645073652267,8631.0,0.0
1468,1.2311548149955343,97.1008,7.343544960021973,0.04121607914566994,0.031197568401694298,0.013671875,0.6834704279899597,0.02886176109313965,8666.0,1.0
1469,1.2460405050005647,97.1008,7.234653949737549,0.03259565681219101,0.032913777977228165,0.013671875,0.6714577674865723,0.024753712117671967,8893.0,0.0
1470,1.2395635620050598,97.1008,6.8956098556518555,0.016137514263391495,0.02960519678890705,0.013671875,0.6482134461402893,0.0189969502389431,8646.0,1.0
1471,1.2392509060009615,97.1008,6.997915267944336,0.02138274908065796,0.028408171609044075,0.013671875,0.657295823097229,0.019535046070814133,8668.0,0.0
1472,1.2383090470029856,97.1008,7.104260444641113,0.03075990453362465,0.03481362760066986,0.013671875,0.6665121912956238,0.021879892796278,8635.0,0.0
1473,1.2421457969976473,97.1008,7.157220840454102,0.03036794811487198,0.021177446469664574,0.013671875,0.667597234249115,0.02172601968050003,8850.0,0.0
1474,1.2468304860012722,97.1008,6.80753231048584,0.01757950335741043,0.026042180135846138,0.013671875,0.6396275758743286,0.01811812072992325,8667.0,0.0
1475,1.2415914090015576,97.1008,7.120830059051514,0.02301786281168461,0.03000554069876671,0.013671875,0.6676114797592163,0.023124566301703453,8639.0,0.0
1476,1.2374572249973426,97.1008,7.305583953857422,0.030411453917622566,0.02460801973938942,0.013671875,0.6816009283065796,0.027753718197345734,8682.0,0.0
1477,1.229047722001269,97.1008,7.229135990142822,0.026773884892463684,0.026577455922961235,0.013671875,0.6722079515457153,0.022814398631453514,8825.0,0.0
1478,1.2315521540003829,97.1008,6.868366718292236,0.015035882592201233,0.02608383074402809,0.013671875,0.6436096429824829,0.020428597927093506,8720.0,1.0
1479,1.2369810829986818,97.1008,6.90475606918335,0.016255900263786316,0.024110417813062668,0.013671875,0.6494543552398682,0.0182633213698864,8638.0,0.0
1480,1.2266816329938592,97.1008,7.203996181488037,0.030622920021414757,0.028264285996556282,0.013671875,0.6755412817001343,0.0217889454215765,8651.0,0.0
1481,1.228419949999079,97.1008,7.206504821777344,0.035080790519714355,0.024731293320655823,0.013671875,0.6726449728012085,0.02122838795185089,8769.0,0.0
1482,1.2296801680058707,97.1008,6.877236366271973,0.023447629064321518,0.022252777591347694,0.013671875,0.6443083882331848,0.020709704607725143,8736.0,0.0
1483,1.235116512994864,97.1008,7.107635498046875,0.02963482216000557,0.032348744571208954,0.013671875,0.6640114784240723,0.02706732414662838,8635.0,0.0
1484,1.2383308810021845,97.1008,7.18912410736084,0.030295830219984055,0.02195705845952034,0.013671875,0.6722426414489746,0.024712098762392998,8719.0,0.0
1485,1.242960192001192,97.1008,7.183311939239502,0.027534542605280876,0.035443611443042755,0.013671875,0.6710745692253113,0.022024910897016525,8706.0,0.0
1486,1.245894732994202,97.1008,7.016550540924072,0.017727848142385483,0.03135300800204277,0.013671875,0.6575955152511597,0.019657252356410027,8810.0,0.0
1487,1.2421999170037452,97.1008,6.979325294494629,0.01819022186100483,0.030641842633485794,0.013671875,0.6563124656677246,0.019022120162844658,8635.0,0.0
1488,1.2446516000054544,97.1008,7.1391520500183105,0.02082725241780281,0.028004130348563194,0.013671875,0.6704842448234558,0.019847501069307327,8667.0,0.0
1489,1.2413266250005108,97.1008,7.315413475036621,0.024538032710552216,0.029260920360684395,0.013671875,0.6854653358459473,0.020743368193507195,8672.0,1.0
1490,1.2328434099981678,97.1008,7.119658946990967,0.01982683502137661,0.0330868624150753,0.013671875,0.6643654704093933,0.023275276646018028,8815.0,0.0
1491,1.2362414599992917,97.1008,7.08085298538208,0.021267544478178024,0.03174673765897751,0.013671875,0.6606407761573792,0.026084691286087036,8685.0,0.0
1492,1.2304775020020315,97.1008,7.018024921417236,0.02188621088862419,0.03685483708977699,0.013671875,0.6582435369491577,0.02016204223036766,8664.0,2.0
1493,1.2326409880042775,97.1008,7.24435567855835,0.03194888308644295,0.03401145711541176,0.013671875,0.6778456568717957,0.022733351215720177,8666.0,0.0
1494,1.2687730340039707,97.1008,7.0765061378479,0.02420809492468834,0.04392702877521515,0.013671875,0.6617840528488159,0.018964480608701706,8848.0,0.0
1495,1.2455050710050273,97.1008,7.057826519012451,0.01822991669178009,0.03333233669400215,0.013671875,0.6624329686164856,0.01993497833609581,8658.0,0.0
1496,1.2632452750040102,97.1008,7.114876747131348,0.022945290431380272,0.04106724262237549,0.013671875,0.6694141626358032,0.018689680844545364,8654.0,1.0
1497,1.2617684910001117,97.1008,7.2941484451293945,0.030317645519971848,0.026316918432712555,0.013671875,0.6839077472686768,0.022204037755727768,8645.0,0.0
1498,1.2514117530008662,97.1008,7.345335960388184,0.030555112287402153,0.03962916135787964,0.013671875,0.6824848055839539,0.027919169515371323,8838.0,1.0
1499,1.2444770319998497,97.1008,6.99069881439209,0.0197952501475811,0.02940681017935276,0.013671875,0.6533902883529663,0.023967094719409943,8718.0,0.0
1500,1.247704570996575,97.1008,7.03093147277832,0.018246663734316826,0.03341471776366234,0.013671875,0.6614186763763428,0.018810588866472244,8636.0,1.0
1501,1.2526993159990525,97.1008,7.214076995849609,0.023098105564713478,0.03579190745949745,0.013671875,0.6765192747116089,0.021227464079856873,8667.0,0.0
1502,1.248858785998891,97.1008,7.170293807983398,0.02218196727335453,0.03585235774517059,0.013671875,0.668563961982727,0.02120622619986534,8829.0,0.0
1503,1.245048543001758,97.1008,6.7726335525512695,0.015605066902935505,0.0371321476995945,0.013671875,0.6353801488876343,0.01918788254261017,8687.0,0.0
1504,1.2271565530027146,97.1008,6.9241132736206055,0.02262566238641739,0.03492366895079613,0.013671875,0.6510293483734131,0.018132774159312248,8640.0,0.0
1505,1.22116169599758,97.1008,7.119080543518066,0.033574238419532776,0.03988972678780556,0.013671875,0.6661734580993652,0.023985764011740685,8630.0,0.0
1506,1.234324099998048,97.1008,7.2375593185424805,0.04071097820997238,0.03209661319851875,0.013671875,0.669005274772644,0.029946288093924522,8866.0,0.0
1507,1.2368040779983858,97.1008,6.707787036895752,0.01896408200263977,0.03216821700334549,0.0146484375,0.6280242204666138,0.02011391520500183,8700.0,1.0
1508,1.2396135730014066,97.1008,6.909537315368652,0.02424362115561962,0.026975637301802635,0.0146484375,0.6483824253082275,0.020414529368281364,8636.0,0.0
1509,1.2381396670025424,97.1008,7.07265043258667,0.027557222172617912,0.029756981879472733,0.0146484375,0.6642405986785889,0.019622987136244774,8667.0,0.0
1510,1.2397802930063335,97.1008,7.218990325927734,0.03114420361816883,0.02789318561553955,0.015625,0.6721252202987671,0.02325505018234253,8807.0,0.0
1511,1.2405429380014539,97.1008,6.819612503051758,0.01684381254017353,0.02927655540406704,0.015625,0.6413273811340332,0.018132872879505157,8712.0,0.0
1512,1.2383211049964302,97.1008,7.004488945007324,0.02472119964659214,0.030830401927232742,0.015625,0.6585063934326172,0.01940947212278843,8637.0,0.0
1513,1.2411465690020123,97.1008,7.289809226989746,0.037554383277893066,0.029723316431045532,0.015625,0.68134605884552,0.02642945945262909,8631.0,0.0
1514,1.2328233290027129,97.1008,7.240542888641357,0.03636845946311951,0.030766308307647705,0.015625,0.669879674911499,0.028514383360743523,8838.0,1.0
1515,1.2627060140002868,97.1008,6.690796375274658,0.01497828308492899,0.03007914312183857,0.015625,0.6271914839744568,0.01851733773946762,8731.0,1.0
1516,1.2343954759999178,97.1008,6.800629138946533,0.016758380457758904,0.025570781901478767,0.015625,0.637237012386322,0.019861212000250816,8666.0,0.0
1517,1.2359665659969323,97.1008,6.989276885986328,0.02478579431772232,0.02654457464814186,0.015625,0.6562453508377075,0.01995008997619152,8628.0,0.0
1518,1.2394159879986546,97.1008,7.048462390899658,0.03343517705798149,0.024504708126187325,0.015625,0.6565629839897156,0.023030688986182213,8758.0,0.0
1519,1.233245301998977,97.1008,6.664866924285889,0.018895573914051056,0.03133208677172661,0.015625,0.6246094107627869,0.018084585666656494,8770.0,0.0
1520,1.229844913999841,97.1008,6.777985095977783,0.024368006736040115,0.038275618106126785,0.015625,0.6345124244689941,0.021672680974006653,8636.0,0.0
1521,1.239833482002723,97.1008,7.119442462921143,0.03849299997091293,0.030597489327192307,0.015625,0.6628047227859497,0.028224242851138115,8664.0,0.0
1522,1.2384921070042765,97.1008,7.181610107421875,0.03321285545825958,0.029224183410406113,0.015625,0.6702089309692383,0.023836171254515648,8723.0,1.0
1523,1.238720754001406,97.1008,6.840680122375488,0.015737278386950493,0.032501522451639175,0.015625,0.6391415596008301,0.021181967109441757,8811.0,0.0
1524,1.24739290800062,97.1008,6.6160173416137695,0.01275472529232502,0.02686500735580921,0.015625,0.6204820275306702,0.018537215888500214,8668.0,0.0
1525,1.243746292006108,97.1008,6.847960472106934,0.021275239065289497,0.03194905444979668,0.015625,0.6414569616317749,0.021109474822878838,8644.0,0.0
1526,1.2568413870030781,97.1008,6.9654622077941895,0.026418589055538177,0.02331726625561714,0.015625,0.6512446403503418,0.021101800724864006,8681.0,0.0
1527,1.2478747740024119,97.1008,6.87888765335083,0.018496710807085037,0.032485950738191605,0.015625,0.6419621706008911,0.02084449492394924,8826.0,0.0
1528,1.2420953580003697,97.1008,6.98548698425293,0.015625759959220886,0.03258727118372917,0.015625,0.6535614728927612,0.024784734472632408,8640.0,0.0
1529,1.236699224995391,97.1008,7.0100226402282715,0.020839564502239227,0.02292369306087494,0.015625,0.6537104845046997,0.02654062770307064,8676.0,2.0
1530,1.2393081379996147,97.1008,7.074267864227295,0.02168073132634163,0.030305949971079826,0.0166015625,0.6625685691833496,0.020901186391711235,8688.0,1.0
1531,1.2374102030007634,97.1008,6.899878025054932,0.019940875470638275,0.031458530575037,0.017578125,0.6420159339904785,0.021507535129785538,8859.0,1.0
1532,1.2365125869982876,97.1008,6.751723766326904,0.015458718873560429,0.03631792962551117,0.017578125,0.6344987750053406,0.017885521054267883,8639.0,1.0
1533,1.242817513004411,97.1008,7.043002605438232,0.025344522669911385,0.031967855989933014,0.017578125,0.661794126033783,0.020360715687274933,8662.0,0.0
1534,1.2425924409981235,97.1008,7.202340602874756,0.02595522627234459,0.03189082071185112,0.017578125,0.6770526170730591,0.01934889890253544,8652.0,0.0
1535,1.2426799189997837,97.1008,7.321218013763428,0.023899545893073082,0.03800005465745926,0.017578125,0.6836495399475098,0.023502886295318604,8825.0,1.0
1536,1.24851971300086,97.1008,7.373783588409424,0.019896963611245155,0.028450973331928253,0.0166015625,0.6903141736984253,0.026999060064554214,8681.0,0.0
1537,1.2511541830026545,97.1008,7.334988117218018,0.018116693943738937,0.03459088131785393,0.0166015625,0.6893205642700195,0.021898595616221428,8686.0,0.0
1538,1.2519890809999197,97.1008,7.424526214599609,0.02238309755921364,0.030093103647232056,0.0146484375,0.6985920667648315,0.021610762923955917,8639.0,0.0
1539,1.2594725450035185,97.1008,7.33548641204834,0.021465543657541275,0.031306635588407516,0.0146484375,0.6848235130310059,0.021469322964549065,8845.0,1.0
1540,1.2535569359970395,97.1008,6.850499153137207,0.010666977614164352,0.028464308008551598,0.013671875,0.6424002647399902,0.02009318768978119,8684.0,0.0
1541,1.2520061730028829,97.1008,6.963055610656738,0.0139913409948349,0.02173093520104885,0.013671875,0.6543588638305664,0.01867622137069702,8651.0,0.0
1542,1.277645690002828,97.1008,7.115913391113281,0.022091764956712723,0.029209936037659645,0.013671875,0.6681534647941589,0.020431265234947205,8640.0,0.0
1543,1.259059313000762,97.1008,7.350144863128662,0.025779180228710175,0.02296633832156658,0.013671875,0.6828597784042358,0.02699941024184227,8789.0,3.0
1544,1.2388107619990478,97.1008,7.17219352722168,0.01937376894056797,0.026459001004695892,0.0146484375,0.6700882911682129,0.025699689984321594,8736.0,2.0
1545,1.2396225970005617,97.1008,6.990218162536621,0.019441837444901466,0.022726980969309807,0.0146484375,0.6572497487068176,0.018912268802523613,8674.0,0.0
1546,1.2448384330054978,97.1008,7.2218337059021,0.0311733465641737,0.032606396824121475,0.0146484375,0.677008330821991,0.02148246392607689,8662.0,0.0
1547,1.2394325220011524,97.1008,7.297900676727295,0.031193286180496216,0.022831901907920837,0.0146484375,0.6818904876708984,0.02163376659154892,8753.0,1.0
1548,1.2439751900019473,97.1008,7.016232490539551,0.020452115684747696,0.022230656817555428,0.015625,0.6585721373558044,0.020683493465185165,8747.0,1.0
1549,1.2504990020024707,97.1008,6.940883159637451,0.02106703445315361,0.037917736917734146,0.015625,0.6530482769012451,0.01800711825489998,8659.0,1.0
1550,1.2363315350012272,97.1008,7.1435770988464355,0.029387634247541428,0.028841296210885048,0.0166015625,0.6704130172729492,0.022272182628512383,8633.0,0.0
1551,1.2359909689985216,97.1008,7.383310794830322,0.040393754839897156,0.027542468160390854,0.0166015625,0.685425877571106,0.03058314137160778,8739.0,0.0
1552,1.2404050699988147,97.1008,6.979290962219238,0.02075311727821827,0.041832149028778076,0.0166015625,0.6526480913162231,0.02267405018210411,8825.0,1.0
1553,1.2323121670051478,97.1008,6.868280410766602,0.01578710786998272,0.03138751536607742,0.0166015625,0.6455436944961548,0.019017048180103302,8636.0,0.0
1554,1.2444134899997152,97.1008,7.073250770568848,0.022964537143707275,0.03494735434651375,0.0166015625,0.6647129058837891,0.019752277061343193,8663.0,0.0
1555,1.2456146830008947,97.1008,7.131669521331787,0.028057893738150597,0.025727372616529465,0.015625,0.6658191680908203,0.02327781915664673,8692.0,0.0
1556,1.24401364899677,97.1008,6.724390506744385,0.01609652116894722,0.03187654912471771,0.015625,0.6278870105743408,0.019792115315794945,8826.0,0.0
1557,1.2510220380063402,97.1008,6.6656622886657715,0.011811746284365654,0.02995825558900833,0.015625,0.6251446008682251,0.01862247660756111,8640.0,0.0
1558,1.2463054649997503,97.1008,6.960012912750244,0.023337475955486298,0.03230913728475571,0.015625,0.649748682975769,0.024303749203681946,8632.0,2.0
1559,1.2427484690051642,97.1008,7.112098217010498,0.0312642902135849,0.030165517702698708,0.015625,0.6605786681175232,0.028855860233306885,8703.0,0.0
1560,1.2367912200061255,97.1008,6.829745292663574,0.018769416958093643,0.03650422394275665,0.015625,0.6377520561218262,0.02072761580348015,8865.0,0.0
1561,1.235866333998274,97.1008,6.829803943634033,0.016945969313383102,0.034108251333236694,0.015625,0.639934778213501,0.020145289599895477,8664.0,0.0
1562,1.2423578610032564,97.1008,7.072947978973389,0.022443659603595734,0.027806416153907776,0.015625,0.666224479675293,0.018474726006388664,8636.0,0.0
1563,1.2695817519997945,97.1008,7.331452369689941,0.028383536264300346,0.032636336982250214,0.015625,0.6879482269287109,0.0225082840770483,8664.0,1.0
1564,1.2496189269950264,97.1008,7.162369728088379,0.021452002227306366,0.01683759316802025,0.015625,0.6694197654724121,0.02006806805729866,8854.0,0.0
1565,1.2394325910063344,97.1008,7.04187536239624,0.013928255066275597,0.034960225224494934,0.0166015625,0.6624419689178467,0.02075795643031597,8632.0,1.0
1566,1.2421263919968624,97.1008,7.275376796722412,0.024501170963048935,0.020416535437107086,0.0166015625,0.6800589561462402,0.027876902371644974,8649.0,1.0
1567,1.2377781110044452,97.1008,7.2048420906066895,0.02535174787044525,0.032218363136053085,0.0166015625,0.6730155944824219,0.025388550013303757,8715.0,1.0
1568,1.2412858940006117,97.1008,6.978495121002197,0.01647888496518135,0.026389196515083313,0.0166015625,0.6499456763267517,0.021706216037273407,8827.0,0.0
1569,1.2350599999990663,97.1008,6.731047630310059,0.010495453141629696,0.02989097684621811,0.0166015625,0.6316490173339844,0.019371014088392258,8669.0,0.0
1570,1.2383979389996966,97.1008,6.799277305603027,0.017786897718906403,0.028519270941615105,0.0166015625,0.6378222703933716,0.020406724885106087,8637.0,1.0
1571,1.2413446469945484,97.1008,6.934492111206055,0.025798626244068146,0.01881786249577999,0.0166015625,0.6491490602493286,0.0210078414529562,8681.0,0.0
1572,1.2501803690029192,97.1008,6.922004222869873,0.025940345600247383,0.028663301840424538,0.0166015625,0.6437168717384338,0.02099992334842682,8819.0,0.0
1573,1.2399951789993793,97.1008,6.714906692504883,0.01771462708711624,0.015217029489576817,0.0166015625,0.6282195448875427,0.022650912404060364,8653.0,0.0
1574,1.2522306099999696,97.1008,6.993505477905273,0.024052057415246964,0.02716115489602089,0.0166015625,0.652224600315094,0.0269347932189703,8688.0,0.0
1575,1.2583312569986447,97.1008,7.066221237182617,0.02383335866034031,0.01970440335571766,0.0166015625,0.6625561714172363,0.02130931429564953,8672.0,0.0
1576,1.249258848001773,97.1008,7.1492791175842285,0.02615353837609291,0.027287360280752182,0.0166015625,0.6660643219947815,0.0231306254863739,8822.0,0.0
1577,1.2418176989958738,97.1008,6.7360663414001465,0.010666118934750557,0.0248239878565073,0.0166015625,0.6330118775367737,0.017727384343743324,8685.0,1.0
1578,1.2507503039960284,97.1008,6.8755645751953125,0.01447429321706295,0.026487084105610847,0.0166015625,0.6447275280952454,0.02065242826938629,8654.0,0.0
1579,1.248335884003609,97.1008,6.996887683868408,0.015159503556787968,0.029548082500696182,0.0166015625,0.65671306848526,0.019725821912288666,8662.0,0.0
1580,1.2480337410015636,97.1008,7.0152435302734375,0.016715431585907936,0.02708359807729721,0.0166015625,0.6527882814407349,0.023362530395388603,8753.0,0.0
1581,1.2468818470006227,97.1008,6.933913707733154,0.012617646716535091,0.03151874989271164,0.0166015625,0.6466068029403687,0.026506692171096802,8725.0,0.0
1582,1.247805986997264,97.1008,6.948184967041016,0.015652520582079887,0.03275104612112045,0.0166015625,0.6490174531936646,0.024087898433208466,8721.0,0.0
1583,1.2494914029957727,97.1008,6.906508922576904,0.018672779202461243,0.031134774908423424,0.0166015625,0.6479151248931885,0.01991621032357216,8640.0,1.0
1584,1.2517240119996131,97.1008,7.072046279907227,0.024626867845654488,0.042012348771095276,0.0166015625,0.6599862575531006,0.022504489868879318,8743.0,1.0
1585,1.2521492019950529,97.1008,6.871645450592041,0.013423359021544456,0.023927602916955948,0.0166015625,0.6440092325210571,0.019865017384290695,8760.0,0.0
1586,1.2521865289963898,97.1008,6.715198993682861,0.011967322789132595,0.04037528485059738,0.0166015625,0.6295703053474426,0.01939292438328266,8675.0,0.0
1587,1.2531910679972498,97.1008,6.859931945800781,0.01793592795729637,0.0303580854088068,0.017578125,0.6442658305168152,0.018806587904691696,8639.0,1.0
1588,1.2609193710013642,97.1008,7.160006523132324,0.025056082755327225,0.031593210995197296,0.017578125,0.6680722236633301,0.024850722402334213,8674.0,0.0
1589,1.2644311099938932,97.1008,6.997272491455078,0.01608315482735634,0.03548995032906532,0.017578125,0.6499846577644348,0.027088826522231102,8850.0,2.0
1590,1.2719999719993211,97.1008,6.8090949058532715,0.008640572428703308,0.03943953663110733,0.017578125,0.6389903426170349,0.01937653124332428,8668.0,1.0
1591,1.2566154420055682,97.1008,6.964733600616455,0.016250288113951683,0.024677013978362083,0.017578125,0.6534004211425781,0.020779065787792206,8638.0,0.0
1592,1.2475819980027154,97.1008,7.029428482055664,0.01850668340921402,0.039762623608112335,0.017578125,0.6584063768386841,0.020819365978240967,8685.0,0.0
1593,1.2505844400002388,97.1008,6.849488258361816,0.012029150500893593,0.02920904941856861,0.0185546875,0.6387706995010376,0.02190563641488552,8841.0,1.0
1594,1.259053595997102,97.1008,6.599874019622803,0.005890580825507641,0.03506015986204147,0.0185546875,0.6190153360366821,0.018546074628829956,8659.0,0.0
1595,1.2501865769954748,97.1008,6.791332721710205,0.01290958933532238,0.03538137674331665,0.017578125,0.6362031698226929,0.020678138360381126,8639.0,0.0
1596,1.2558543580016703,97.1008,7.0595269203186035,0.02204890176653862,0.03545353561639786,0.017578125,0.6574254035949707,0.02820926532149315,8645.0,0.0
1597,1.2677914419982699,97.1008,6.993171691894531,0.01601954735815525,0.029781168326735497,0.017578125,0.6484076976776123,0.026990246027708054,8915.0,0.0
1598,1.2666596690032748,97.1008,6.743363857269287,0.005904331803321838,0.0352054126560688,0.017578125,0.6341084241867065,0.018526576459407806,8638.0,0.0
1599,1.2655044950006413,97.1008,6.979580879211426,0.013988746330142021,0.029297104105353355,0.017578125,0.6554335951805115,0.02030061185359955,8667.0,0.0
1600,1.2626505459993496,97.1008,7.148153305053711,0.020896699279546738,0.03235636278986931,0.017578125,0.6706962585449219,0.02116122655570507,8639.0,1.0
1601,1.2643816749987309,97.1008,7.070807456970215,0.019391365349292755,0.03084941953420639,0.017578125,0.6580731272697449,0.022049879655241966,8863.0,0.0
1602,1.263799927997752,97.1008,6.732669353485107,0.008441428653895855,0.024134166538715363,0.017578125,0.6327195167541504,0.017644314095377922,8647.0,0.0
1603,1.2669162290039822,97.1008,6.901312351226807,0.019325003027915955,0.03101983107626438,0.017578125,0.6467084288597107,0.02271522581577301,8636.0,0.0
1604,1.2737369179958478,97.1008,7.118362903594971,0.029361745342612267,0.031216034665703773,0.017578125,0.6615075469017029,0.02948549948632717,8685.0,0.0
1605,1.2661610409995774,97.1008,6.920309066772461,0.018887169659137726,0.025787970051169395,0.0185546875,0.6421986818313599,0.02306685410439968,8851.0,1.0
1606,1.2616360470055952,97.1008,6.707555294036865,0.007639024872332811,0.028989745303988457,0.0185546875,0.6286100745201111,0.01984497718513012,8656.0,0.0
1607,1.2658656679996056,97.1008,6.870932579040527,0.013958069495856762,0.027437681332230568,0.0185546875,0.6452451944351196,0.0187936183065176,8674.0,0.0
1608,1.2642732070016791,97.1008,7.108836650848389,0.022052278742194176,0.020195933058857918,0.0185546875,0.6663441061973572,0.02196500264108181,8652.0,0.0
1609,1.2641318530004355,97.1008,7.200007915496826,0.022242670878767967,0.028469694778323174,0.0185546875,0.671393871307373,0.021745439618825912,8818.0,0.0
1610,1.256971570001042,97.1008,6.894735336303711,0.01054426096379757,0.038403723388910294,0.0185546875,0.647854745388031,0.019272975623607635,8678.0,0.0
1611,1.2953420279955026,97.1008,7.1478681564331055,0.01805001124739647,0.028217613697052002,0.0185546875,0.6686934232711792,0.025281338021159172,8640.0,0.0
1612,1.262115890996938,97.1008,7.3573713302612305,0.02539052441716194,0.03292173892259598,0.01953125,0.6869487166404724,0.02700689062476158,8695.0,1.0
1613,1.2627468870050507,97.1008,7.238440990447998,0.02433115988969803,0.026811497285962105,0.01953125,0.6747733950614929,0.02194085344672203,8780.0,0.0
1614,1.273686947002716,97.1008,6.908449172973633,0.011380941607058048,0.04194151610136032,0.0185546875,0.6477978229522705,0.0201803520321846,8750.0,0.0
1615,1.2704545870001311,97.1008,7.048850059509277,0.015409408137202263,0.03677522763609886,0.0185546875,0.6632764339447021,0.019151227548718452,8641.0,0.0
1616,1.2543036899951403,97.1008,7.197939872741699,0.02525799162685871,0.029175719246268272,0.0185546875,0.6747915744781494,0.02162223309278488,8671.0,0.0
1617,1.2530435000007856,97.1008,7.2062296867370605,0.027806390076875687,0.042678169906139374,0.017578125,0.6741369962692261,0.02062973752617836,8724.0,0.0
1618,1.2534675679999054,97.1008,7.062141418457031,0.01976105011999607,0.028633559122681618,0.017578125,0.6617463231086731,0.021748177707195282,8757.0,0.0
1619,1.256360715997289,97.1008,7.230551242828369,0.022419942542910576,0.03887951374053955,0.017578125,0.6756339073181152,0.02721853367984295,8667.0,0.0
1620,1.259893768998154,97.1008,6.988794326782227,0.02178581990301609,0.025730662047863007,0.017578125,0.6545143127441406,0.021688712760806084,8689.0,0.0
1621,1.2545877749944339,97.1008,7.073619365692139,0.02504492551088333,0.036135729402303696,0.017578125,0.6608285903930664,0.022089794278144836,8686.0,0.0
1622,1.2579344580008183,97.1008,6.907880783081055,0.014464268460869789,0.03649371862411499,0.0166015625,0.6476445198059082,0.018402758985757828,8825.0,1.0
1623,1.2611786630004644,97.1008,6.886542320251465,0.015253840014338493,0.03766981139779091,0.017578125,0.6466385126113892,0.01898789405822754,8657.0,1.0
1624,1.2610593080025865,97.1008,7.003105640411377,0.020337197929620743,0.022293491289019585,0.017578125,0.6581580638885498,0.018438342958688736,8653.0,0.0
1625,1.261525639994943,97.1008,7.153392791748047,0.023447992280125618,0.030762407928705215,0.017578125,0.6704930067062378,0.021012743934988976,8659.0,0.0
1626,1.2494030250018113,97.1008,7.1268391609191895,0.01973707601428032,0.020960280671715736,0.017578125,0.6649796962738037,0.02495512366294861,8824.0,1.0
1627,1.2277830339953653,97.1008,7.1002044677734375,0.013030944392085075,0.031153453513979912,0.0185546875,0.6640957593917847,0.025348272174596786,8688.0,2.0
1628,1.2276076729976921,97.1008,7.067929744720459,0.014257585629820824,0.02092592976987362,0.0185546875,0.6649000644683838,0.019314203411340714,8668.0,0.0
1629,1.2338078259999747,97.1008,7.3029303550720215,0.02323857881128788,0.030323199927806854,0.01953125,0.6845272779464722,0.02256365492939949,8675.0,1.0
1630,1.2490936189933564,97.1008,7.131674289703369,0.018956877291202545,0.03132881224155426,0.01953125,0.6673600077629089,0.020162265747785568,8827.0,0.0
1631,1.2357597679947503,97.1008,7.032919883728027,0.012706081382930279,0.024356013163924217,0.01953125,0.6615463495254517,0.020302966237068176,8655.0,1.0
1632,1.21997995700076,97.1008,7.065453052520752,0.016091085970401764,0.02709866128861904,0.01953125,0.6653560400009155,0.018208159133791924,8654.0,1.0
1633,1.2149017629999435,97.1008,7.306767463684082,0.026194240897893906,0.026915166527032852,0.01953125,0.6850738525390625,0.02323686145246029,8644.0,0.0
1634,1.221743816997332,97.1008,7.294408321380615,0.026009488850831985,0.025943877175450325,0.01953125,0.6764165759086609,0.02923010289669037,8857.0,0.0
1635,1.2141757670033257,97.1008,6.851626396179199,0.010048657655715942,0.02992567978799343,0.01953125,0.6422878503799438,0.02089146338403225,8700.0,0.0
1636,1.2096471690019825,97.1008,6.915018081665039,0.015970371663570404,0.032038986682891846,0.01953125,0.6496485471725464,0.01948673091828823,8637.0,2.0
1637,1.2130045040030382,97.1008,7.098235130310059,0.02483643777668476,0.021732399240136147,0.01953125,0.6660045981407166,0.020434308797121048,8667.0,1.0
1638,1.2499386759955087,97.1008,7.151425838470459,0.02627311274409294,0.02630476839840412,0.01953125,0.6654857397079468,0.022726383060216904,8835.0,2.0
1639,1.2340126290000626,97.1008,6.965654373168945,0.015419675037264824,0.023197393864393234,0.01953125,0.6549273729324341,0.018422899767756462,8678.0,0.0
1640,1.245478616001492,97.1008,7.138256549835205,0.019691437482833862,0.030305827036499977,0.01953125,0.6721717715263367,0.01894301548600197,8638.0,1.0
1641,1.2398850420067902,97.1008,7.402146816253662,0.029229329898953438,0.01861925609409809,0.01953125,0.6940288543701172,0.025362258777022362,8634.0,0.0
1642,1.2213321109957178,97.1008,7.51736307144165,0.032651323825120926,0.03457488492131233,0.01953125,0.6973710060119629,0.029341217130422592,8850.0,1.0
1643,1.219322878998355,97.1008,6.8138346672058105,0.01565326377749443,0.024602893739938736,0.01953125,0.6399474143981934,0.0193975567817688,8717.0,0.0
1644,1.2197657890064875,97.1008,7.057986259460449,0.019126523286104202,0.02569633163511753,0.01953125,0.66190505027771,0.020984407514333725,8664.0,0.0
1645,1.2161856699967757,97.1008,7.060723304748535,0.022812383249402046,0.022511599585413933,0.01953125,0.6636155843734741,0.020198512822389603,8634.0,0.0
1646,1.2220762239958276,97.1008,7.134890556335449,0.026149259880185127,0.02456379495561123,0.01953125,0.6645927429199219,0.02410838007926941,8784.0,0.0
1647,1.2289306980019319,97.1008,6.625085830688477,0.011561540886759758,0.02494889497756958,0.0205078125,0.6221196055412292,0.018313763663172722,8734.0,1.0
1648,1.2243517879978754,97.1008,6.745816230773926,0.019228734076023102,0.03276928886771202,0.0205078125,0.6320855617523193,0.02117670327425003,8634.0,0.0
1649,1.2438267409961554,97.1008,7.089709758758545,0.0334298312664032,0.03131766989827156,0.0205078125,0.6603207588195801,0.028638165444135666,8662.0,0.0
1650,1.2393608819984365,97.1008,6.992764472961426,0.029421348124742508,0.02767423540353775,0.0205078125,0.6493832468986511,0.02546500228345394,8778.0,0.0
1651,1.24748324900429,97.1008,6.693630218505859,0.012318744324147701,0.035278938710689545,0.0205078125,0.627046525478363,0.01961597427725792,8760.0,0.0
1652,1.250964587998169,97.1008,6.7717132568359375,0.01673344150185585,0.027655908837914467,0.0205078125,0.6355184316635132,0.019447773694992065,8664.0,0.0
1653,1.246684011995967,97.1008,6.941432952880859,0.02327956259250641,0.041527751833200455,0.0205078125,0.6511721014976501,0.0215463787317276,8637.0,0.0
1654,1.2352265189983882,97.1008,7.0770583152771,0.02522149868309498,0.030676988884806633,0.0205078125,0.6609722375869751,0.02268773317337036,8722.0,0.0
1655,1.2341633329997421,97.1008,6.921284198760986,0.014555287547409534,0.04052449017763138,0.0205078125,0.6486609578132629,0.020092707127332687,8798.0,0.0
1656,1.239476905000629,97.1008,7.138367652893066,0.015977386385202408,0.037925828248262405,0.01953125,0.6697988510131836,0.024178944528102875,8633.0,0.0
1657,1.2271976420015562,97.1008,7.408318519592285,0.0257800854742527,0.03336762264370918,0.01953125,0.6925238370895386,0.028371945023536682,8682.0,0.0
1658,1.2300026079974486,97.1008,7.325133800506592,0.026703212410211563,0.03921057656407356,0.01953125,0.6860425472259521,0.022915907204151154,8694.0,0.0
1659,1.2585667120001744,97.1008,7.220186710357666,0.019144196063280106,0.02770659700036049,0.01953125,0.6751655340194702,0.022200416773557663,8848.0,0.0
1660,1.2390555029996904,97.1008,7.0148210525512695,0.013145687058568,0.03999615088105202,0.01953125,0.6608879566192627,0.018591802567243576,8635.0,0.0
1661,1.2365523639964522,97.1008,7.092460632324219,0.021110542118549347,0.02748999185860157,0.01953125,0.6652572154998779,0.021821066737174988,8658.0,0.0
1662,1.2362452989982557,97.1008,7.18783712387085,0.025243550539016724,0.0338146910071373,0.01953125,0.6745917797088623,0.021280383691191673,8671.0,0.0
1663,1.2442990130002727,97.1008,7.185702323913574,0.02361147478222847,0.03788546100258827,0.01953125,0.6712298393249512,0.022909512743353844,8826.0,0.0
1664,1.2444662310008425,97.1008,7.244596004486084,0.021628165617585182,0.0388958603143692,0.01953125,0.6780910491943359,0.027470087632536888,8636.0,0.0
1665,1.2417241129951435,97.1008,7.1839280128479,0.024520425125956535,0.036719564348459244,0.01953125,0.6725711822509766,0.02477186545729637,8722.0,0.0
1666,1.237466234000749,97.1008,7.160283088684082,0.026046890765428543,0.03605097532272339,0.01953125,0.671841025352478,0.021626979112625122,8645.0,3.0
1667,1.2121821350010578,97.1008,7.138340473175049,0.023537077009677887,0.03274059295654297,0.01953125,0.6658357381820679,0.022042512893676758,8858.0,1.0
1668,1.2087163000032888,97.1008,6.9538254737854,0.0141310915350914,0.03895481675863266,0.01953125,0.6534704566001892,0.019982559606432915,8637.0,1.0
1669,1.2149388100006036,97.1008,7.185604095458984,0.020456215366721153,0.029508257284760475,0.01953125,0.6748611330986023,0.02049385756254196,8677.0,0.0
1670,1.2206162110014702,97.1008,7.35228967666626,0.025128675624728203,0.040643177926540375,0.01953125,0.6914979219436646,0.020770080387592316,8641.0,0.0
1671,1.226242506003473,97.1008,7.394546031951904,0.028823122382164,0.033468008041381836,0.01953125,0.6888382434844971,0.025663672015070915,8820.0,2.0
1672,1.2272030239982996,97.1008,7.137713432312012,0.023771286010742188,0.03446507826447487,0.01953125,0.666465699672699,0.026781802996993065,8703.0,0.0
1673,1.2173953720048303,97.1008,6.996163845062256,0.019116651266813278,0.03147508576512337,0.01953125,0.6570302248001099,0.020487450063228607,8671.0,0.0
1674,1.2132440519999363,97.1008,7.09791898727417,0.025486890226602554,0.03092941641807556,0.01953125,0.6649609804153442,0.022157741710543633,8652.0,0.0
1675,1.213451427000109,97.1008,7.051151752471924,0.025845983996987343,0.028913693502545357,0.01953125,0.6582785248756409,0.020704783499240875,8821.0,0.0
1676,1.2228445219952846,97.1008,6.865405559539795,0.017831938341259956,0.03263860195875168,0.0205078125,0.6441941261291504,0.020381389185786247,8685.0,1.0
1677,1.2295255870049004,97.1008,6.8628249168396,0.01699197292327881,0.026629986241459846,0.0205078125,0.6451019644737244,0.018826821818947792,8656.0,0.0
1678,1.2378098879999015,97.1008,7.150799751281738,0.023749900981783867,0.028814101591706276,0.01953125,0.670721709728241,0.022011443972587585,8639.0,0.0
1679,1.24335384999722,97.1008,7.315346717834473,0.03153005987405777,0.031403087079524994,0.01953125,0.6784951686859131,0.029662063345313072,8770.0,0.0
1680,1.2346340170042822,97.1008,6.796154975891113,0.015141116455197334,0.03352655842900276,0.0205078125,0.6330204606056213,0.02473585307598114,8786.0,2.0
1681,1.231275252001069,97.1008,6.805232048034668,0.012991184368729591,0.029522279277443886,0.0205078125,0.6384944319725037,0.018927479162812233,8637.0,1.0
1682,1.218209291997482,97.1008,7.008523464202881,0.0239625982940197,0.030218828469514847,0.0205078125,0.6571141481399536,0.02098001539707184,8662.0,0.0
1683,1.226663864996226,97.1008,7.128443241119385,0.028310783207416534,0.03130654618144035,0.0205078125,0.6654701232910156,0.022854190319776535,8727.0,0.0
1684,1.2314477219988476,97.1008,6.784216403961182,0.015923433005809784,0.033538613468408585,0.0205078125,0.6347946524620056,0.02061934769153595,8792.0,0.0
1685,1.2317343429967877,97.1008,6.728102207183838,0.016009658575057983,0.029519421979784966,0.0205078125,0.631371796131134,0.01862049289047718,8638.0,0.0
1686,1.220381263003219,97.1008,7.043466567993164,0.026962723582983017,0.03576114773750305,0.0205078125,0.6587804555892944,0.023948006331920624,8634.0,1.0
1687,1.2390438110014657,97.1008,7.207424163818359,0.03469380736351013,0.03605783358216286,0.01953125,0.6681251525878906,0.030749093741178513,8750.0,0.0
1688,1.214262604000396,97.1008,6.871949195861816,0.01564662531018257,0.031346503645181656,0.01953125,0.6432808637619019,0.021482592448592186,8820.0,0.0
1689,1.214584223998827,97.1008,6.8810038566589355,0.018463224172592163,0.04158184677362442,0.01953125,0.6459200978279114,0.02079058438539505,8637.0,0.0
1690,1.2288113809991046,97.1008,7.0584025382995605,0.021679464727640152,0.031604599207639694,0.01953125,0.6637750864028931,0.01969541609287262,8661.0,0.0
1691,1.2348776869985159,97.1008,7.263833522796631,0.02790822461247444,0.035136185586452484,0.01953125,0.679499626159668,0.02371039241552353,8688.0,1.0
1692,1.234797676996095,97.1008,6.987414360046387,0.017099037766456604,0.031075216829776764,0.01953125,0.6540020704269409,0.020319951698184013,8834.0,0.0
1693,1.2096904259960866,97.1008,7.1349639892578125,0.014816608279943466,0.034977883100509644,0.01953125,0.6712664365768433,0.02038857340812683,8636.0,0.0
1694,1.2190516239934368,97.1008,7.243864059448242,0.030667606741189957,0.03167302533984184,0.01953125,0.6778450012207031,0.02725142240524292,8631.0,0.0
1695,1.2204365539946593,97.1008,7.307394981384277,0.03682601451873779,0.03249559551477432,0.01953125,0.6801751852035522,0.02911411225795746,8742.0,0.0
1696,1.238280981000571,97.1008,6.979410648345947,0.01758420839905739,0.04159562289714813,0.01953125,0.6530303359031677,0.020554205402731895,8826.0,0.0
1697,1.24487592800142,97.1008,6.827855110168457,0.012809611856937408,0.03274723142385483,0.01953125,0.6406533718109131,0.02011009305715561,8664.0,0.0
1698,1.2276665280005545,97.1008,6.999999046325684,0.019208095967769623,0.041028257459402084,0.01953125,0.6577178835868835,0.01994260773062706,8637.0,0.0
1699,1.2392996970011154,97.1008,7.183515548706055,0.025516452267766,0.032425299286842346,0.0185546875,0.6720733642578125,0.022761184722185135,8682.0,0.0
1700,1.2373699250019854,97.1008,6.968852996826172,0.017161130905151367,0.038115374743938446,0.0185546875,0.6502829194068909,0.020059384405612946,8838.0,1.0
1701,1.2403045789978933,97.1008,6.887877941131592,0.01396839041262865,0.03994124382734299,0.0185546875,0.645946741104126,0.021725233644247055,8640.0,0.0
1702,1.2596441970017622,97.1008,7.037140369415283,0.02491508051753044,0.02829107455909252,0.0185546875,0.6558857560157776,0.028199687600135803,8671.0,2.0
1703,1.2604320860045846,97.1008,7.00960111618042,0.02145794965326786,0.033735428005456924,0.0185546875,0.6547468900680542,0.02324056625366211,8684.0,0.0
1704,1.2666588319989387,97.1008,7.031597137451172,0.01923850178718567,0.027293851599097252,0.0185546875,0.6543457508087158,0.02280137501657009,8826.0,1.0
1705,1.2634608640000806,97.1008,6.822404384613037,0.008563360199332237,0.030697504058480263,0.0185546875,0.6415151357650757,0.018623869866132736,8682.0,0.0
1706,1.2620344329989166,97.1008,7.004830837249756,0.016831453889608383,0.031018486246466637,0.0185546875,0.6579188704490662,0.020934520289301872,8660.0,1.0
1707,1.2888865189961507,97.1008,7.204512596130371,0.019475731998682022,0.025749679654836655,0.0185546875,0.6769858598709106,0.020756365731358528,8654.0,0.0
1708,1.2737692820010125,97.1008,7.279200077056885,0.01980956271290779,0.03083195351064205,0.0185546875,0.6794635057449341,0.022519156336784363,8810.0,0.0
1709,1.2535622529976536,97.1008,7.036868572235107,0.014521343633532524,0.01773996837437153,0.0185546875,0.6580765247344971,0.0252099446952343,8671.0,0.0
1710,1.2650466529958067,97.1008,7.067746162414551,0.01774139329791069,0.03204313665628433,0.0185546875,0.6600679755210876,0.026753071695566177,8689.0,0.0
1711,1.2721657330039307,97.1008,7.034534931182861,0.016851583495736122,0.021150920540094376,0.0185546875,0.660587728023529,0.020661456510424614,8669.0,0.0
1712,1.257589143999212,97.1008,7.157871723175049,0.02026098221540451,0.022509371861815453,0.0185546875,0.6663902997970581,0.023530002683401108,8808.0,1.0
1713,1.246649234999495,97.1008,6.932460784912109,0.008180467411875725,0.028345787897706032,0.0185546875,0.6521711349487305,0.019193589687347412,8701.0,0.0
1714,1.2426959719959996,97.1008,7.116304874420166,0.016159679740667343,0.024442337453365326,0.0185546875,0.6681861877441406,0.02122226171195507,8670.0,0.0
1715,1.2525319310007035,97.1008,7.1982879638671875,0.019926484674215317,0.03088223934173584,0.017578125,0.677663266658783,0.01960371807217598,8644.0,0.0
1716,1.2602078470008564,97.1008,7.4120073318481445,0.026358211413025856,0.021821094676852226,0.017578125,0.6919188499450684,0.025379735976457596,8735.0,1.0
1717,1.2503062800024054,97.1008,7.205632209777832,0.017429223284125328,0.029615383595228195,0.017578125,0.6720945239067078,0.02855839394032955,8772.0,0.0
1718,1.2614223869968555,97.1008,6.927839279174805,0.0102015919983387,0.01892036199569702,0.017578125,0.6491278409957886,0.022093337029218674,8691.0,0.0
1719,1.2517686999999569,97.1008,6.996335029602051,0.014971286058425903,0.02737979218363762,0.017578125,0.6565924286842346,0.02120695635676384,8636.0,0.0
1720,1.252885449997848,97.1008,7.0726518630981445,0.019299402832984924,0.02342393808066845,0.017578125,0.6608774662017822,0.022161653265357018,8728.0,0.0
1721,1.2356257540013758,97.1008,6.8034892082214355,0.011538175866007805,0.029221560806035995,0.017578125,0.6364535093307495,0.021302983164787292,8798.0,0.0
1722,1.2209864290052792,97.1008,6.6988525390625,0.009925147518515587,0.026330439373850822,0.017578125,0.6288576126098633,0.01883135549724102,8655.0,0.0
1723,1.2282962480021524,97.1008,6.915612697601318,0.018157806247472763,0.03465602174401283,0.017578125,0.649718701839447,0.01997469551861286,8633.0,0.0
1724,1.2237734230002388,97.1008,7.15956974029541,0.028635775670409203,0.025577541440725327,0.017578125,0.6673761606216431,0.02697848528623581,8667.0,0.0
1725,1.2224663160013733,97.1008,7.033340930938721,0.02098030410706997,0.027357088401913643,0.017578125,0.6533933281898499,0.027320798486471176,8861.0,0.0
1726,1.213385928000207,97.1008,6.80013370513916,0.011384955607354641,0.03505895659327507,0.017578125,0.6386272311210632,0.019010454416275024,8675.0,1.0
1727,1.2202325580001343,97.1008,7.104012966156006,0.022334879264235497,0.024574730545282364,0.017578125,0.66656494140625,0.020890288054943085,8659.0,0.0
1728,1.2232520420002402,97.1008,7.206521034240723,0.028591416776180267,0.024612827226519585,0.017578125,0.6759599447250366,0.021136466413736343,8652.0,0.0
1729,1.2290875309990952,97.1008,7.089990615844727,0.020158078521490097,0.02601999044418335,0.0166015625,0.6618157625198364,0.022378303110599518,8845.0,1.0
1730,1.2319130079995375,97.1008,6.997985363006592,0.01095185149461031,0.0368223674595356,0.0166015625,0.6592227816581726,0.01797303557395935,8658.0,1.0
1731,1.2389675250014989,97.1008,7.183506011962891,0.016582321375608444,0.030312366783618927,0.015625,0.6748630404472351,0.02176237851381302,8639.0,1.0
1732,1.2374186890010606,97.1008,7.545955181121826,0.029302019625902176,0.02652519755065441,0.015625,0.7039002180099487,0.029577722772955894,8673.0,0.0
1733,1.235204591001093,97.1008,7.2654571533203125,0.018789982423186302,0.03561488538980484,0.0146484375,0.6768618822097778,0.023991107940673828,8887.0,0.0
1734,1.2282026109969593,97.1008,6.867257595062256,0.007262459956109524,0.031141936779022217,0.015625,0.646381139755249,0.019061952829360962,8641.0,2.0
1735,1.2606505369985825,97.1008,7.0504374504089355,0.015180571936070919,0.03684135153889656,0.015625,0.663353681564331,0.019423918798565865,8665.0,2.0
1736,1.2338423580004019,97.1008,7.262316703796387,0.023783456534147263,0.03469081595540047,0.015625,0.6813923120498657,0.022406553849577904,8658.0,0.0
1737,1.2313866120020975,97.1008,7.165349960327148,0.020422816276550293,0.03450023755431175,0.015625,0.6689063906669617,0.021380078047513962,8839.0,0.0
1738,1.2249401099979877,97.1008,6.904038429260254,0.012644439935684204,0.037331320345401764,0.015625,0.6494055986404419,0.01892918162047863,8656.0,1.0
1739,1.2138845010049408,97.1008,7.165243148803711,0.023263776674866676,0.029593966901302338,0.015625,0.6715628504753113,0.024322398006916046,8636.0,0.0
1740,1.2386438569956226,97.1008,7.361297607421875,0.0339219868183136,0.03423456847667694,0.0146484375,0.6868816614151001,0.028575366362929344,8683.0,2.0
1741,1.2388927099964349,97.1008,7.159805774688721,0.0238988995552063,0.03355368599295616,0.0146484375,0.6671452522277832,0.022569021210074425,8846.0,0.0
1742,1.2473111110011814,97.1008,6.82501745223999,0.011639820411801338,0.036551333963871,0.0146484375,0.6392822265625,0.020666394382715225,8693.0,0.0
1743,1.2494782490030047,97.1008,6.904706001281738,0.014747082255780697,0.030225111171603203,0.0146484375,0.6488807797431946,0.018778285011649132,8643.0,1.0
1744,1.2418351529995562,97.1008,7.1781535148620605,0.02138691395521164,0.03492244333028793,0.0146484375,0.6732954382896423,0.022430915385484695,8652.0,0.0
1745,1.2352848369991989,97.1008,7.222307205200195,0.019164588302373886,0.03376352787017822,0.0146484375,0.6739000082015991,0.02169615589082241,8803.0,0.0
1746,1.2399164340022253,97.1008,6.835387229919434,0.010917319916188717,0.042884014546871185,0.013671875,0.6409488320350647,0.021199962124228477,8695.0,0.0
1747,1.2460892629969749,97.1008,7.054466724395752,0.02519429847598076,0.03633962571620941,0.013671875,0.6574215888977051,0.02786729484796524,8658.0,0.0
1748,1.247224824001023,97.1008,7.10747766494751,0.02943616546690464,0.035891253501176834,0.013671875,0.6638709902763367,0.024791104719042778,8700.0,0.0
1749,1.2467172639953787,97.1008,7.064052581787109,0.029317554086446762,0.026582691818475723,0.013671875,0.6587982177734375,0.02279210090637207,8742.0,0.0
1750,1.262980816005438,97.1008,6.831081390380859,0.01762189343571663,0.041681189090013504,0.0146484375,0.6402763724327087,0.020179269835352898,8766.0,1.0
1751,1.2375585420013522,97.1008,6.966290473937988,0.018687056377530098,0.028372328728437424,0.0146484375,0.6544008255004883,0.020806781947612762,8642.0,0.0
1752,1.2299717559944838,97.1008,7.101054668426514,0.02398994192481041,0.03508269414305687,0.0146484375,0.6668488383293152,0.020930852741003036,8672.0,0.0
1753,1.2370295539949439,97.1008,7.277225494384766,0.025108184665441513,0.035264018923044205,0.0146484375,0.6814069747924805,0.022067785263061523,8701.0,0.0
1754,1.2346346189951873,97.1008,7.199976921081543,0.01696423813700676,0.0353534035384655,0.0146484375,0.6737593412399292,0.024481192231178284,8777.0,0.0
1755,1.2369219200045336,97.1008,7.232000350952148,0.01997087337076664,0.04048280417919159,0.0146484375,0.6760885119438171,0.02761661633849144,8687.0,0.0
1756,1.2649455930004478,97.1008,7.05246639251709,0.018148016184568405,0.03329470008611679,0.0146484375,0.6619474291801453,0.02129204384982586,8668.0,0.0
1757,1.2369282329964335,97.1008,7.191035270690918,0.026325691491365433,0.03121258318424225,0.0146484375,0.6716272830963135,0.02421814762055874,8693.0,0.0
1758,1.2397470049982076,97.1008,7.00709342956543,0.011213005520403385,0.02455437183380127,0.0146484375,0.6570334434509277,0.020105915144085884,8816.0,0.0
1759,1.230577850001282,97.1008,6.968678951263428,0.010204948484897614,0.03176970034837723,0.0146484375,0.6539483070373535,0.02170928381383419,8656.0,0.0
1760,1.2285621629998786,97.1008,7.061469554901123,0.016850288957357407,0.02861708402633667,0.0146484375,0.663737416267395,0.02001129277050495,8655.0,0.0
1761,1.2234356670014677,97.1008,7.175134181976318,0.02772265300154686,0.03279721364378929,0.0146484375,0.6716116666793823,0.023846399039030075,8654.0,1.0
1762,1.2257723570000962,97.1008,7.097552299499512,0.025211725383996964,0.03201448917388916,0.0146484375,0.6593145132064819,0.028921043500304222,8821.0,0.0
1763,1.2369340720033506,97.1008,6.853437423706055,0.015309076756238937,0.03348974511027336,0.0146484375,0.639826238155365,0.02474675327539444,8721.0,0.0
1764,1.236836673997459,97.1008,6.8438897132873535,0.014847309328615665,0.028054283931851387,0.0146484375,0.6424413919448853,0.019969074055552483,8638.0,0.0
1765,1.227428582002176,97.1008,7.039586067199707,0.01886877417564392,0.028038835152983665,0.0146484375,0.6582528352737427,0.02223818004131317,8677.0,0.0
1766,1.2275810349965468,97.1008,6.9449920654296875,0.01722150668501854,0.035581573843955994,0.0146484375,0.6480125784873962,0.02185409888625145,8827.0,1.0
1767,1.2391395759987063,97.1008,6.792652606964111,0.011666268110275269,0.018978046253323555,0.0146484375,0.6375045776367188,0.01978510245680809,8679.0,0.0
1768,1.2361389119978412,97.1008,6.983761310577393,0.0181592907756567,0.03862859308719635,0.0146484375,0.6571004390716553,0.01921015977859497,8637.0,1.0
1769,1.2484571319946554,97.1008,7.2043776512146,0.029249094426631927,0.029733775183558464,0.0146484375,0.6738631725311279,0.025186311453580856,8638.0,0.0
1770,1.2510403839987703,97.1008,7.21619987487793,0.028292231261730194,0.02748064324259758,0.0146484375,0.6668505668640137,0.030148617923259735,8874.0,1.0
1771,1.2427352340018842,97.1008,6.697076797485352,0.010575570166110992,0.03244718164205551,0.0146484375,0.6277552843093872,0.020477715879678726,8686.0,0.0
1772,1.2239518400019733,97.1008,6.895047664642334,0.01780439354479313,0.03678496927022934,0.0146484375,0.6470556855201721,0.02127246931195259,8635.0,1.0
1773,1.231742439995287,97.1008,7.056872844696045,0.02077076956629753,0.030890578404068947,0.013671875,0.6627018451690674,0.020341314375400543,8665.0,2.0
1774,1.2435024060032447,97.1008,7.150941371917725,0.02438027411699295,0.032068345695734024,0.013671875,0.6663537621498108,0.02371237799525261,8828.0,0.0
1775,1.222158953001781,97.1008,6.798051834106445,0.011142851784825325,0.03712978586554527,0.013671875,0.6389646530151367,0.01857490837574005,8696.0,0.0
1776,1.228554704997805,97.1008,7.000469207763672,0.018199166283011436,0.025969188660383224,0.013671875,0.658087968826294,0.020364869385957718,8631.0,0.0
1777,1.2333534680001321,97.1008,7.305734634399414,0.031931422650814056,0.03131510317325592,0.013671875,0.6829595565795898,0.027474863454699516,8634.0,3.0
1778,1.2342622259966447,97.1008,7.292559623718262,0.03165213763713837,0.03366267308592796,0.013671875,0.6754447817802429,0.02851293608546257,8871.0,1.0
1779,1.2469021289944067,97.1008,6.879171371459961,0.011973995715379715,0.027385802939534187,0.013671875,0.6462892293930054,0.019211340695619583,8701.0,1.0
1780,1.2370328350007185,97.1008,6.975605010986328,0.018169846385717392,0.03402099013328552,0.013671875,0.6550562381744385,0.020587023347616196,8664.0,1.0
1781,1.24039751500095,97.1008,7.128637313842773,0.023656172677874565,0.03114147111773491,0.013671875,0.6694697737693787,0.021294450387358665,8633.0,1.0
1782,1.234205288994417,97.1008,7.362725734710693,0.029398901388049126,0.027684994041919708,0.013671875,0.6866146326065063,0.02394885942339897,8784.0,0.0
1783,1.2510719199999585,97.1008,6.974874496459961,0.012303555384278297,0.024610893800854683,0.013671875,0.655650794506073,0.019230984151363373,8739.0,0.0
1784,1.2721225480054272,97.1008,7.124363899230957,0.01685839518904686,0.026938552036881447,0.013671875,0.668929934501648,0.023420576006174088,8631.0,1.0
1785,1.2342952830003924,97.1008,7.505369186401367,0.026773573830723763,0.02706589549779892,0.013671875,0.70047926902771,0.029711773619055748,8683.0,0.0
1786,1.2275517720045173,97.1008,7.293222427368164,0.020673545077443123,0.031231027096509933,0.013671875,0.6809887886047363,0.024396073073148727,8744.0,0.0
1787,1.2297124299948337,97.1008,6.8588080406188965,0.010265789926052094,0.02938590943813324,0.013671875,0.6422423720359802,0.021608462557196617,8784.0,0.0
1788,1.2342133639976964,97.1008,6.813908100128174,0.01113558653742075,0.037762921303510666,0.013671875,0.6400582194328308,0.01965397596359253,8657.0,0.0
1789,1.2373681929966551,97.1008,7.005841255187988,0.019450411200523376,0.02579777128994465,0.013671875,0.6567262411117554,0.022780513390898705,8655.0,1.0
1790,1.22837869200157,97.1008,7.044775009155273,0.023401733487844467,0.040477339178323746,0.013671875,0.6581231355667114,0.022849878296256065,8693.0,0.0
1791,1.2166056019996176,97.1008,6.831042766571045,0.01580563187599182,0.031071797013282776,0.013671875,0.6381473541259766,0.021891459822654724,8815.0,0.0
1792,1.2306389449950075,97.1008,6.835416793823242,0.02189531736075878,0.038409631699323654,0.013671875,0.6376434564590454,0.026572369039058685,8628.0,0.0
1793,1.243943034001859,97.1008,6.9493608474731445,0.030496871098876,0.025953970849514008,0.013671875,0.6463274359703064,0.028315698727965355,8699.0,0.0
1794,1.2366737080010353,97.1008,6.837337970733643,0.026250559836626053,0.03886391967535019,0.013671875,0.6382202506065369,0.022546915337443352,8676.0,0.0
1795,1.253654006999568,97.1008,6.811263561248779,0.016668066382408142,0.032076939940452576,0.013671875,0.6338174939155579,0.02271489053964615,8857.0,0.0
1796,1.252680903999135,97.1008,6.736182689666748,0.009081883355975151,0.05007598549127579,0.013671875,0.6322078108787537,0.01977727934718132,8638.0,0.0
1797,1.2350989389960887,97.1008,7.0121283531188965,0.01805436983704567,0.029812805354595184,0.013671875,0.6568613052368164,0.022050023078918457,8677.0,0.0
1798,1.2279585349970148,97.1008,7.061298847198486,0.021849945187568665,0.028939973562955856,0.013671875,0.6619260311126709,0.021103566512465477,8653.0,0.0
1799,1.2360168010054622,97.1008,7.039395809173584,0.02190435864031315,0.038266412913799286,0.013671875,0.6557087898254395,0.024517904967069626,8830.0,0.0
1800,1.2358057029996417,97.1008,6.871677875518799,0.020516186952590942,0.027463724836707115,0.013671875,0.640624463558197,0.028013138100504875,8664.0,0.0
1801,1.2333640470023965,97.1008,6.9326701164245605,0.020968962460756302,0.03278934955596924,0.013671875,0.6497225761413574,0.021864835172891617,8695.0,0.0
1802,1.2283076690000598,97.1008,7.085573673248291,0.02528538927435875,0.022822506725788116,0.013671875,0.6644891500473022,0.021699588745832443,8644.0,0.0
1803,1.2314958319984726,97.1008,7.042721748352051,0.020608853548765182,0.03734201565384865,0.013671875,0.6566905975341797,0.021230369806289673,8859.0,0.0
1804,1.2383520779985702,97.1008,6.982367515563965,0.013691000640392303,0.028394605964422226,0.013671875,0.6558923125267029,0.020662210881710052,8663.0,0.0
1805,1.2697738749993732,97.1008,7.0026774406433105,0.018727894872426987,0.03022296167910099,0.013671875,0.6582673192024231,0.019747883081436157,8655.0,0.0
1806,1.2457752249974874,97.1008,7.168147087097168,0.026534903794527054,0.038412149995565414,0.013671875,0.6727913618087769,0.02184916101396084,8637.0,1.0
1807,1.2426264969981275,97.1008,7.302552223205566,0.028678763657808304,0.025654887780547142,0.013671875,0.6779860854148865,0.028185874223709106,8814.0,1.0
1808,1.2428962739941198,97.1008,6.8150105476379395,0.01725613698363304,0.03360815718770027,0.013671875,0.6353352069854736,0.026692574843764305,8708.0,0.0
1809,1.240764809997927,97.1008,6.714824199676514,0.01548401266336441,0.028896676376461983,0.013671875,0.6299551725387573,0.019437260925769806,8674.0,1.0
1810,1.2348971530009294,97.1008,6.967919826507568,0.023856235668063164,0.0293904859572649,0.013671875,0.6522653102874756,0.02191266044974327,8664.0,0.0
1811,1.23503466299735,97.1008,7.0341267585754395,0.0221069548279047,0.0350458137691021,0.013671875,0.6556241512298584,0.021926235407590866,8784.0,1.0
1812,1.2369596140051726,97.1008,6.784998893737793,0.00848793238401413,0.023200731724500656,0.013671875,0.6363046169281006,0.020805060863494873,8707.0,0.0
1813,1.2317857469970477,97.1008,6.822305679321289,0.012298230081796646,0.0367099903523922,0.013671875,0.6409218311309814,0.018434884026646614,8664.0,0.0
1814,1.2357198370009428,97.1008,7.0435099601745605,0.025006869807839394,0.022853685542941093,0.013671875,0.6601586937904358,0.022923938930034637,8630.0,2.0
1815,1.23722424099833,97.1008,7.313814163208008,0.037005387246608734,0.03287049010396004,0.0146484375,0.6770402193069458,0.03088969737291336,8779.0,1.0
1816,1.2384918419993483,97.1008,6.810433387756348,0.01665361598134041,0.02950049750506878,0.0146484375,0.6363928318023682,0.022678008303046227,8781.0,0.0
1817,1.2405630270004622,97.1008,6.863011837005615,0.014721192419528961,0.038376592099666595,0.0146484375,0.6440974473953247,0.02034648135304451,8636.0,0.0
1818,1.238108965997526,97.1008,7.131749153137207,0.023885071277618408,0.04488682001829147,0.0146484375,0.6693395972251892,0.020882796496152878,8663.0,0.0
1819,1.242580991005525,97.1008,7.258449077606201,0.028475601226091385,0.03198963776230812,0.0146484375,0.6769813299179077,0.02422192506492138,8727.0,0.0
1820,1.2426143089978723,97.1008,6.967286586761475,0.01062760129570961,0.04183182492852211,0.0146484375,0.6527857184410095,0.01988006941974163,8797.0,2.0
1821,1.234781564999139,97.1008,6.99450159072876,0.008777220733463764,0.03402916342020035,0.0146484375,0.6581771373748779,0.019390957430005074,8633.0,1.0
1822,1.2306653199993889,97.1008,7.2905473709106445,0.02006990648806095,0.03245875611901283,0.0146484375,0.6833569407463074,0.025331798940896988,8633.0,0.0
1823,1.2261375450034393,97.1008,7.499772548675537,0.027075786143541336,0.03960517793893814,0.0146484375,0.6984456777572632,0.029705144464969635,8723.0,0.0
1824,1.2189714920023107,97.1008,6.950533866882324,0.0072122421115636826,0.02112983539700508,0.0146484375,0.6509708166122437,0.020691409707069397,8848.0,0.0
1825,1.2276796200021636,97.1008,6.873252868652344,0.007803021464496851,0.035599224269390106,0.0146484375,0.6447363495826721,0.02074112929403782,8665.0,0.0
1826,1.23825357700116,97.1008,7.006833553314209,0.01888791099190712,0.018976744264364243,0.0146484375,0.6589926481246948,0.01983298920094967,8629.0,1.0
1827,1.231707095001184,97.1008,7.1568403244018555,0.02655988186597824,0.03437015041708946,0.0146484375,0.6694120168685913,0.02414645627140999,8677.0,0.0
1828,1.228758706994995,97.1008,6.779034614562988,0.01428080815821886,0.02525073103606701,0.0146484375,0.6334035396575928,0.020308300852775574,8844.0,0.0
1829,1.2460727299985592,97.1008,6.68526554107666,0.013319001533091068,0.039933349937200546,0.0146484375,0.6263439655303955,0.021568363532423973,8635.0,0.0
1830,1.2359740210013115,97.1008,6.936723232269287,0.02574814483523369,0.028428422287106514,0.0146484375,0.6456314325332642,0.02850188873708248,8660.0,1.0
1831,1.2346203140041325,97.1008,6.934036731719971,0.025174986571073532,0.03463776037096977,0.0146484375,0.6455087661743164,0.025398043915629387,8713.0,0.0
1832,1.2708540719977464,97.1008,6.836196422576904,0.01480117067694664,0.039745576679706573,0.0146484375,0.6381131410598755,0.021829858422279358,8828.0,0.0
1833,1.2472940820007352,97.1008,6.782574653625488,0.011039229109883308,0.03575141355395317,0.0146484375,0.6370543241500854,0.019670914858579636,8667.0,0.0
1834,1.2404653819976375,97.1008,6.992198944091797,0.018779471516609192,0.04127087816596031,0.0146484375,0.6567517518997192,0.021271727979183197,8636.0,0.0
1835,1.2395206979999784,97.1008,7.074920177459717,0.023392530158162117,0.023378070443868637,0.0146484375,0.6631060838699341,0.021741269156336784,8682.0,3.0
1836,1.2301731389961787,97.1008,7.077377796173096,0.021484222263097763,0.041958775371313095,0.0146484375,0.6609742641448975,0.021500296890735626,8827.0,0.0
1837,1.2271342019957956,97.1008,6.969116687774658,0.016127996146678925,0.033828530460596085,0.015625,0.653283953666687,0.023979224264621735,8645.0,1.0
1838,1.2376653579995036,97.1008,7.211954116821289,0.02182910405099392,0.03564760461449623,0.015625,0.6732786893844604,0.028144415467977524,8686.0,0.0
1839,1.232759664002515,97.1008,7.112054347991943,0.01986045576632023,0.035840317606925964,0.015625,0.6670119762420654,0.022510968148708344,8671.0,0.0
1840,1.235751963002258,97.1008,7.130871295928955,0.020734243094921112,0.03355702757835388,0.015625,0.6635857820510864,0.02414163574576378,8843.0,0.0
1841,1.2377461869982653,97.1008,6.864690780639648,0.005700412672013044,0.028098592534661293,0.015625,0.645607590675354,0.018730754032731056,8662.0,0.0
1842,1.2254911970012472,97.1008,6.996006965637207,0.012166980654001236,0.03656618297100067,0.0146484375,0.656516432762146,0.021698851138353348,8659.0,1.0
1843,1.2245424029970309,97.1008,7.046864986419678,0.015444159507751465,0.02554934285581112,0.0146484375,0.6619762778282166,0.020601067692041397,8657.0,1.0
1844,1.2332693280040985,97.1008,7.128114700317383,0.02243717759847641,0.034513697028160095,0.0146484375,0.6639853715896606,0.023890133947134018,8786.0,0.0
1845,1.2242411709958105,97.1008,6.976241588592529,0.01733560301363468,0.02995285764336586,0.0146484375,0.651666522026062,0.027200765907764435,8691.0,0.0
1846,1.2325990249955794,97.1008,6.9504594802856445,0.014157778583467007,0.03209926560521126,0.0146484375,0.6494923830032349,0.024221286177635193,8725.0,0.0
1847,1.2297176540014334,97.1008,7.032942295074463,0.017604269087314606,0.02951943874359131,0.0146484375,0.660819947719574,0.020533110946416855,8634.0,0.0
1848,1.2352340400029789,97.1008,7.139263153076172,0.021807430312037468,0.03437752649188042,0.0146484375,0.665041446685791,0.022552818059921265,8783.0,0.0
1849,1.2263052819980658,97.1008,6.796844005584717,0.009215219877660275,0.026435183361172676,0.0146484375,0.6375579833984375,0.01994694024324417,8724.0,0.0
1850,1.2218866830007755,97.1008,6.864842414855957,0.009026825428009033,0.039877358824014664,0.0146484375,0.6441445350646973,0.019603481516242027,8677.0,0.0
1851,1.2230162880005082,97.1008,6.983102798461914,0.014977574348449707,0.021700814366340637,0.013671875,0.6558106541633606,0.01958131417632103,8635.0,2.0
1852,1.2199813769984758,97.1008,7.139649868011475,0.027602946385741234,0.03614523261785507,0.013671875,0.6648259162902832,0.026073193177580833,8703.0,0.0
1853,1.241911290002463,97.1008,7.094624042510986,0.019328342750668526,0.03551949933171272,0.013671875,0.6607685089111328,0.0277620367705822,8821.0,1.0
1854,1.2376078219967894,97.1008,6.8701677322387695,0.011622967198491096,0.03880072012543678,0.013671875,0.6444994211196899,0.020280135795474052,8670.0,0.0
1855,1.2345428729968262,97.1008,6.9737701416015625,0.02076118066906929,0.039598047733306885,0.013671875,0.6536056399345398,0.021697718650102615,8647.0,0.0
1856,1.2278627419946133,97.1008,7.010012626647949,0.02349737286567688,0.034695111215114594,0.013671875,0.6560855507850647,0.021010853350162506,8688.0,0.0
1857,1.2324643450047006,97.1008,6.807925701141357,0.018697161227464676,0.04473910108208656,0.013671875,0.6360511183738708,0.021431826055049896,8823.0,0.0
1858,1.2470257929962827,97.1008,6.6797661781311035,0.015938572585582733,0.038591381162405014,0.013671875,0.6271250247955322,0.01843462884426117,8657.0,0.0
1859,1.2273207219986944,97.1008,6.8841753005981445,0.022845696657896042,0.039254896342754364,0.013671875,0.6454112529754639,0.02105730026960373,8635.0,0.0
1860,1.2329084539960604,97.1008,7.171044826507568,0.03334532678127289,0.04099114611744881,0.013671875,0.6683259010314941,0.028827598318457603,8653.0,0.0
1861,1.234466962996521,97.1008,6.976067543029785,0.022355148568749428,0.034963078796863556,0.013671875,0.647567629814148,0.025592461228370667,8909.0,0.0
1862,1.2236602459961432,97.1008,6.636349678039551,0.009947134181857109,0.04775292053818703,0.013671875,0.6235135793685913,0.01836778223514557,8634.0,0.0
1863,1.2292965640008333,97.1008,6.847690105438232,0.015522604808211327,0.03988798335194588,0.013671875,0.6422463059425354,0.01996386982500553,8665.0,1.0
1864,1.2196241480050958,97.1008,6.964344024658203,0.023155637085437775,0.030893567949533463,0.013671875,0.6518775820732117,0.021527042612433434,8647.0,0.0
1865,1.215785649997997,97.1008,6.838171005249023,0.01622098684310913,0.04511059820652008,0.013671875,0.6364293098449707,0.0214817114174366,8868.0,1.0
1866,1.2461058090048027,97.1008,6.649087429046631,0.005708910524845123,0.03806560859084129,0.013671875,0.6248936653137207,0.018031541258096695,8636.0,0.0
1867,1.2622265460013296,97.1008,6.836272239685059,0.016610587015748024,0.028683258220553398,0.0146484375,0.6391220092773438,0.022984346374869347,8637.0,2.0
1868,1.2537279289972503,97.1008,7.109766006469727,0.030894123017787933,0.04077018424868584,0.0146484375,0.6607857942581177,0.029502933844923973,8688.0,1.0
1869,1.2426153800042812,97.1008,6.855223178863525,0.018852239474654198,0.028254574164748192,0.0146484375,0.6375418305397034,0.0226236954331398,8863.0,1.0
1870,1.2475733050014242,97.1008,6.564386367797852,0.009034855291247368,0.039201486855745316,0.0146484375,0.6154100298881531,0.01992778293788433,8642.0,2.0
1871,1.2705938479994074,97.1008,6.694814205169678,0.013257322832942009,0.03703362122178078,0.0146484375,0.6285404562950134,0.018713414669036865,8668.0,0.0
1872,1.2688020000059623,97.1008,6.9266204833984375,0.02230692096054554,0.025668857619166374,0.0146484375,0.6481040716171265,0.022344140335917473,8651.0,1.0
1873,1.2578700270023546,97.1008,6.909327507019043,0.020216329023241997,0.03900788351893425,0.0146484375,0.6429853439331055,0.0211747195571661,8840.0,1.0
1874,1.2558829469999182,97.1008,6.832551956176758,0.010376034304499626,0.03478351607918739,0.0146484375,0.6426771879196167,0.019518602639436722,8662.0,0.0
1875,1.2591000480024377,97.1008,7.063693046569824,0.015763502568006516,0.027232183143496513,0.0146484375,0.660789966583252,0.026063840836286545,8634.0,0.0
1876,1.2603240500029642,97.1008,7.119585990905762,0.01871655322611332,0.033502355217933655,0.0146484375,0.6626448035240173,0.02762001007795334,8717.0,1.0
1877,1.2517957079980988,97.1008,7.0201239585876465,0.018788330256938934,0.03198997676372528,0.0146484375,0.6550813913345337,0.021700557321310043,8797.0,0.0
1878,1.2423439089980093,97.1008,6.67253303527832,0.010743808001279831,0.027799014002084732,0.0146484375,0.625246524810791,0.020029742270708084,8711.0,0.0
1879,1.2421825370038277,97.1008,6.820249080657959,0.01439681462943554,0.03125060722231865,0.0146484375,0.6407498121261597,0.019500864669680595,8641.0,1.0
1880,1.259337552000943,97.1008,7.083715438842773,0.01957319676876068,0.024713490158319473,0.0146484375,0.663831353187561,0.021639926359057426,8674.0,0.0
1881,1.2464227469972684,97.1008,6.9892659187316895,0.019192801788449287,0.03181714564561844,0.0146484375,0.6520962119102478,0.020963214337825775,8765.0,0.0
1882,1.2282386340011726,97.1008,6.687112331390381,0.011981921270489693,0.03136705234646797,0.0146484375,0.6252713799476624,0.022054001688957214,8715.0,0.0
1883,1.236890249994758,97.1008,6.842820167541504,0.020009838044643402,0.03318147733807564,0.0146484375,0.6365938782691956,0.02756466530263424,8673.0,0.0
1884,1.2532195020030485,97.1008,6.829245090484619,0.018699273467063904,0.03798398748040199,0.0146484375,0.6381018161773682,0.02221319079399109,8682.0,0.0
1885,1.2532924449988059,97.1008,6.931239604949951,0.024285592138767242,0.026949698105454445,0.0146484375,0.6454823017120361,0.023351937532424927,8724.0,1.0
1886,1.2430003879999276,97.1008,6.655971527099609,0.013808196410536766,0.034283582121133804,0.0146484375,0.6237651109695435,0.019057150930166245,8787.0,1.0
1887,1.2543792840006063,97.1008,6.783685684204102,0.018232781440019608,0.02937181480228901,0.0146484375,0.6351643800735474,0.02055092714726925,8656.0,1.0
1888,1.2687334369984455,97.1008,6.913490295410156,0.021414969116449356,0.04152778163552284,0.0146484375,0.6493844389915466,0.019751805812120438,8655.0,1.0
1889,1.2530653880021418,97.1008,7.00026798248291,0.02787221409380436,0.03275858238339424,0.0146484375,0.6539885997772217,0.02251116931438446,8688.0,0.0
1890,1.2668378809976275,97.1008,6.878722190856934,0.018792420625686646,0.038108449429273605,0.0146484375,0.6409834623336792,0.025896986946463585,8794.0,0.0
1891,1.254102637001779,97.1008,6.8495330810546875,0.017637819051742554,0.023720983415842056,0.0146484375,0.6387245059013367,0.026057695969939232,8683.0,1.0
1892,1.268290693005838,97.1008,6.8061017990112305,0.020202558487653732,0.028492135927081108,0.0146484375,0.6387701630592346,0.019491398707032204,8671.0,0.0
1893,1.2526315889990656,97.1008,7.024209499359131,0.026841256767511368,0.025230612605810165,0.0146484375,0.6562134027481079,0.022686613723635674,8693.0,1.0
1894,1.2526226839981973,97.1008,6.7796406745910645,0.012723165564239025,0.025092462077736855,0.0146484375,0.6333699226379395,0.02048407681286335,8817.0,1.0
1895,1.2570001220010454,97.1008,6.553635120391846,0.010278921574354172,0.03169860318303108,0.0146484375,0.6131476163864136,0.02089764177799225,8668.0,0.0
1896,1.2545505969974329,97.1008,6.694982528686523,0.015241343528032303,0.03244093060493469,0.0146484375,0.6287524104118347,0.018646081909537315,8648.0,0.0
1897,1.250380862999009,97.1008,6.945796012878418,0.02165539562702179,0.03218869864940643,0.0146484375,0.6484410166740417,0.024114251136779785,8651.0,0.0
1898,1.2525273979990743,97.1008,7.014468193054199,0.020934872329235077,0.03781170770525932,0.0146484375,0.6496574282646179,0.029347822070121765,8855.0,0.0
1899,1.2529299559973879,97.1008,6.762184143066406,0.014300564303994179,0.041092339903116226,0.0146484375,0.6332643032073975,0.02127057872712612,8695.0,0.0
1900,1.2487110420042882,97.1008,6.8435139656066895,0.0193297378718853,0.029023492708802223,0.0146484375,0.6418344974517822,0.020213156938552856,8641.0,0.0
1901,1.267170282000734,97.1008,7.068188190460205,0.02357972040772438,0.0409066304564476,0.0146484375,0.6628785133361816,0.0209775622934103,8675.0,0.0
1902,1.2544126470020274,97.1008,6.921562671661377,0.019686400890350342,0.028970271348953247,0.0146484375,0.6444235444068909,0.022374477237462997,8843.0,0.0
1903,1.2436799999995856,97.1008,6.736921787261963,0.008826332166790962,0.04158450663089752,0.0146484375,0.6332398653030396,0.018486184999346733,8660.0,0.0
1904,1.240625326994632,97.1008,6.903855800628662,0.014492938295006752,0.03587627410888672,0.0146484375,0.6489294767379761,0.019341561943292618,8639.0,0.0
1905,1.2434966360015096,97.1008,7.223320484161377,0.027958305552601814,0.02790171280503273,0.0146484375,0.675774097442627,0.025929545983672142,8637.0,0.0
1906,1.2299260240033618,97.1008,7.316930294036865,0.029088886454701424,0.041569918394088745,0.0146484375,0.6790771484375,0.02861946076154709,8868.0,1.0
1907,1.2338442299951566,97.1008,6.736627578735352,0.00723432470113039,0.029734130948781967,0.0146484375,0.6332987546920776,0.018442712724208832,8692.0,0.0
1908,1.232081524998648,97.1008,6.92042875289917,0.012985298410058022,0.039592694491147995,0.0146484375,0.6490579843521118,0.01999022625386715,8667.0,1.0
1909,1.2169585320007172,97.1008,7.010663032531738,0.020522041246294975,0.039125047624111176,0.0146484375,0.6583606600761414,0.019519779831171036,8635.0,2.0
1910,1.2205105009998078,97.1008,7.025535583496094,0.024034470319747925,0.02959328331053257,0.0146484375,0.6531705260276794,0.023071207106113434,8817.0,0.0
1911,1.2211588520003716,97.1008,6.679275989532471,0.009932400658726692,0.03788716346025467,0.0146484375,0.6274316310882568,0.017476990818977356,8702.0,0.0
1912,1.2245243630022742,97.1008,6.905703067779541,0.013308760710060596,0.029821772128343582,0.0146484375,0.6478559970855713,0.021029073745012283,8637.0,2.0
1913,1.225542451000365,97.1008,7.192785263061523,0.026484966278076172,0.03558027744293213,0.0146484375,0.6705763339996338,0.028566306456923485,8663.0,2.0
1914,1.2232499689998804,97.1008,7.081445693969727,0.023799654096364975,0.028241122141480446,0.0146484375,0.6576113700866699,0.025240126997232437,8818.0,1.0
1915,1.2336804500009748,97.1008,6.716615676879883,0.006410967092961073,0.024835677817463875,0.015625,0.6304075717926025,0.01948261633515358,8718.0,1.0
1916,1.2269967120009824,97.1008,6.847158432006836,0.007953130640089512,0.030716288834810257,0.015625,0.6434316039085388,0.019328979775309563,8664.0,0.0
1917,1.2272251599933952,97.1008,7.1011223793029785,0.01775888167321682,0.028817834332585335,0.015625,0.6658825874328613,0.021739613264799118,8657.0,0.0
1918,1.2227828999966732,97.1008,7.124917984008789,0.022377002984285355,0.025574376806616783,0.015625,0.6651572585105896,0.02195962890982628,8739.0,0.0
1919,1.2418520150022232,97.1008,6.736846446990967,0.008949611335992813,0.03517405688762665,0.015625,0.631932258605957,0.019205167889595032,8756.0,0.0
1920,1.2368230849970132,97.1008,6.913304805755615,0.01554855890572071,0.03427322208881378,0.015625,0.6470434069633484,0.023999080061912537,8636.0,0.0
1921,1.236205635999795,97.1008,7.134975910186768,0.026913095265626907,0.02819569781422615,0.015625,0.66563481092453,0.027728214859962463,8683.0,0.0
1922,1.2506621569991694,97.1008,7.0546956062316895,0.026521969586610794,0.02765927091240883,0.015625,0.6588349938392639,0.022354312241077423,8723.0,0.0
1923,1.2502814330000547,97.1008,6.822314739227295,0.014138272032141685,0.03137608617544174,0.015625,0.6379038691520691,0.02106035128235817,8821.0,0.0
1924,1.2636422110008425,97.1008,6.78268575668335,0.008326226845383644,0.02126290649175644,0.015625,0.6382004022598267,0.018099026754498482,8637.0,0.0
1925,1.2608357540011639,97.1008,7.028846263885498,0.01762651465833187,0.03654763475060463,0.015625,0.6596615314483643,0.021035723388195038,8650.0,0.0
1926,1.2535256060000393,97.1008,7.072566032409668,0.021088173612952232,0.024432582780718803,0.015625,0.6631515026092529,0.02047159895300865,8683.0,0.0
1927,1.244615071998851,97.1008,6.916904926300049,0.015638582408428192,0.03990903124213219,0.015625,0.6458157896995544,0.021498655900359154,8819.0,0.0
1928,1.2789128229997004,97.1008,6.915771961212158,0.019243555143475533,0.022435756400227547,0.015625,0.6451812982559204,0.026799019426107407,8652.0,0.0
1929,1.2425987360038562,97.1008,6.832550048828125,0.020060312002897263,0.04233230650424957,0.015625,0.6380870342254639,0.02337387017905712,8702.0,1.0
1930,1.2438569480000297,97.1008,6.917068958282471,0.02273167297244072,0.026595473289489746,0.015625,0.6471834182739258,0.0212973915040493,8649.0,0.0
1931,1.244887530003325,97.1008,6.761233806610107,0.01565779745578766,0.03085758350789547,0.015625,0.6297636032104492,0.02074265293776989,8862.0,0.0
1932,1.2288181159965461,97.1008,6.470117568969727,0.010327019728720188,0.03329499810934067,0.015625,0.6062547564506531,0.019488541409373283,8632.0,0.0
1933,1.2260151299997233,97.1008,6.683169364929199,0.01692882366478443,0.029331214725971222,0.015625,0.6265214681625366,0.019452182576060295,8675.0,0.0
1934,1.213211809998029,97.1008,6.857024192810059,0.024076391011476517,0.026318104937672615,0.015625,0.6419163942337036,0.020611248910427094,8643.0,1.0
1935,1.2236838060052833,97.1008,6.916891574859619,0.0240548737347126,0.03708469495177269,0.0166015625,0.6422685384750366,0.02509697899222374,8836.0,2.0
1936,1.2448049099984928,97.1008,6.781606197357178,0.015409393236041069,0.02679973654448986,0.0166015625,0.6321587562561035,0.026399195194244385,8687.0,0.0
1937,1.2338850470041507,97.1008,6.7333478927612305,0.01273084245622158,0.02920561656355858,0.0166015625,0.631361722946167,0.019699040800333023,8674.0,1.0
1938,1.2355781070000376,97.1008,6.9884538650512695,0.02265818417072296,0.03169458359479904,0.0166015625,0.6543954014778137,0.021927814930677414,8663.0,0.0
1939,1.2259314939947217,97.1008,7.010848522186279,0.020372165367007256,0.029342740774154663,0.0166015625,0.6537402868270874,0.02025122195482254,8829.0,0.0
1940,1.2013020349986618,97.1008,6.945403099060059,0.011618820950388908,0.037347547709941864,0.0166015625,0.6525371074676514,0.020067567005753517,8671.0,1.0
1941,1.213735325000016,97.1008,7.035672187805176,0.014730269089341164,0.02020321413874626,0.0166015625,0.662492036819458,0.0185658261179924,8657.0,0.0
1942,1.2227260159997968,97.1008,7.190550804138184,0.020084746181964874,0.037883155047893524,0.0166015625,0.675013542175293,0.021760739386081696,8632.0,0.0
1943,1.2218797079985961,97.1008,7.318457126617432,0.02576664462685585,0.029431616887450218,0.0166015625,0.6787155866622925,0.029036691412329674,8802.0,1.0
1944,1.2204773650009884,97.1008,6.721936225891113,0.010049890726804733,0.035987384617328644,0.0166015625,0.6275870203971863,0.02335183136165142,8758.0,1.0
1945,1.2398731819994282,97.1008,6.673558235168457,0.01231315266340971,0.02502003312110901,0.0166015625,0.6266751289367676,0.018472865223884583,8637.0,0.0
1946,1.2179856420043507,97.1008,6.921972274780273,0.020324645563960075,0.026478145271539688,0.0166015625,0.6489708423614502,0.0203685462474823,8663.0,1.0
1947,1.2277902620044188,97.1008,7.042776107788086,0.023127583786845207,0.028455540537834167,0.0166015625,0.6563117504119873,0.022245770320296288,8767.0,0.0
1948,1.2235909219962195,97.1008,6.638490200042725,0.009811723604798317,0.023014159873127937,0.0166015625,0.6216001510620117,0.019135793671011925,8747.0,0.0
1949,1.263230754993856,97.1008,6.690123081207275,0.01291040051728487,0.02506129816174507,0.0166015625,0.6282907724380493,0.018405815586447716,8637.0,0.0
1950,1.1960869210015517,97.1008,7.003091335296631,0.02153463289141655,0.029912805184721947,0.0166015625,0.6550258994102478,0.023961275815963745,8637.0,0.0
1951,1.1965647199976956,97.1008,7.210329532623291,0.029750080779194832,0.02666960470378399,0.0166015625,0.6670472621917725,0.03012499213218689,8781.0,0.0
1952,1.2257646529978956,97.1008,6.70778751373291,0.011456242762506008,0.025418518111109734,0.0166015625,0.6278129816055298,0.02023814618587494,8785.0,0.0
1953,1.222449296998093,97.1008,6.834170818328857,0.013709031976759434,0.028899090364575386,0.0166015625,0.6412926912307739,0.020326754078269005,8635.0,0.0
1954,1.2196402269983082,97.1008,6.993066310882568,0.018739309161901474,0.028876688331365585,0.0166015625,0.6567859053611755,0.018859241157770157,8664.0,0.0
1955,1.2324455049965763,97.1008,7.1095404624938965,0.02584955468773842,0.031898871064186096,0.0166015625,0.6641017198562622,0.02326328121125698,8702.0,0.0
1956,1.2348372449996532,97.1008,6.785298824310303,0.012085228227078915,0.02872910164296627,0.0166015625,0.6356393098831177,0.018984589725732803,8820.0,0.0
1957,1.2207392290001735,97.1008,6.772147178649902,0.011142599396407604,0.031025733798742294,0.0166015625,0.6359929442405701,0.019716044887900352,8629.0,0.0
1958,1.217160642001545,97.1008,7.034914493560791,0.02068438194692135,0.03049430064857006,0.0166015625,0.657044529914856,0.02659580484032631,8632.0,0.0
1959,1.2088980479966267,97.1008,7.193922519683838,0.022975442931056023,0.03796645626425743,0.0166015625,0.668911874294281,0.027809083461761475,8745.0,1.0
1960,1.1974299840003368,97.1008,6.777166843414307,0.01065924670547247,0.028768833726644516,0.017578125,0.6337002515792847,0.019799811765551567,8826.0,1.0
1961,1.2064589180008625,97.1008,6.696284294128418,0.0083583053201437,0.03973479941487312,0.017578125,0.628211259841919,0.019491342827677727,8661.0,0.0
1962,1.2064736480024294,97.1008,6.785517692565918,0.014272036030888557,0.039413608610630035,0.017578125,0.6373504400253296,0.019617216661572456,8632.0,0.0
1963,1.194505248000496,97.1008,6.941703796386719,0.01779894344508648,0.033126965165138245,0.017578125,0.6487044095993042,0.0222385972738266,8692.0,0.0
1964,1.2140736029978143,97.1008,6.799792289733887,0.012942511588335037,0.03667955845594406,0.017578125,0.6350482702255249,0.01925940439105034,8836.0,2.0
1965,1.226077711005928,97.1008,6.783646106719971,0.011600615456700325,0.02738511748611927,0.0166015625,0.6361584663391113,0.021493997424840927,8626.0,1.0
1966,1.2260303280054359,97.1008,7.08220100402832,0.0229988694190979,0.030844269320368767,0.015625,0.6600304245948792,0.02758953534066677,8689.0,0.0
1967,1.2283120729989605,97.1008,6.943597316741943,0.015914028510451317,0.024807412177324295,0.015625,0.6492685079574585,0.022506430745124817,8678.0,1.0
1968,1.2302091739984462,97.1008,6.89968204498291,0.011144294403493404,0.03343891724944115,0.015625,0.6422746181488037,0.02233074977993965,8831.0,0.0
1969,1.2218949140005861,97.1008,6.713027477264404,0.0014872833853587508,0.0369722805917263,0.0146484375,0.6315226554870605,0.018015241250395775,8665.0,1.0
1970,1.2253733979960089,97.1008,6.8784589767456055,0.011933822184801102,0.030639953911304474,0.0146484375,0.6458597183227539,0.020548459142446518,8653.0,0.0
1971,1.228864420998434,97.1008,7.031871795654297,0.015499219298362732,0.03716640546917915,0.0146484375,0.6602841019630432,0.020092230290174484,8662.0,0.0
1972,1.2156360689987196,97.1008,7.088968753814697,0.012599047273397446,0.033593323081731796,0.0146484375,0.6611839532852173,0.021905576810240746,8822.0,1.0
1973,1.2148681469989242,97.1008,6.944841384887695,0.008077926933765411,0.03549523279070854,0.0146484375,0.650224506855011,0.024877671152353287,8651.0,0.0
1974,1.230070819001412,97.1008,7.1095194816589355,0.013667376711964607,0.022966066375374794,0.0146484375,0.6640627980232239,0.026148494333028793,8701.0,2.0
1975,1.2336686760027078,97.1008,6.940425395965576,0.013931719586253166,0.032167114317417145,0.0146484375,0.6511543989181519,0.020236441865563393,8660.0,0.0
1976,1.2306646260039997,97.1008,6.9666008949279785,0.019218340516090393,0.028648540377616882,0.0146484375,0.6477975249290466,0.023023856803774834,8836.0,0.0
1977,1.2485062299965648,97.1008,6.594212532043457,0.005913778208196163,0.025131475180387497,0.0146484375,0.6194968223571777,0.018922898918390274,8665.0,0.0
1978,1.2249902170005953,97.1008,6.7779645919799805,0.011227104812860489,0.03009711764752865,0.0146484375,0.6347763538360596,0.02091510221362114,8680.0,0.0
1979,1.2294040009946912,97.1008,6.872697353363037,0.015717295929789543,0.03181186318397522,0.0146484375,0.645129919052124,0.01970183476805687,8637.0,0.0
1980,1.2257160970038967,97.1008,7.011078834533691,0.020175833255052567,0.0338205061852932,0.0146484375,0.6514244675636292,0.025272613391280174,8769.0,0.0
1981,1.2263870790047804,97.1008,6.886654853820801,0.012465469539165497,0.03228586167097092,0.0146484375,0.6418084502220154,0.027742724865674973,8735.0,0.0
1982,1.225916833995143,97.1008,6.760217666625977,0.010274708271026611,0.038268186151981354,0.013671875,0.6333767175674438,0.02108818292617798,8695.0,1.0
1983,1.2263192419995903,97.1008,6.924862384796143,0.014850432984530926,0.03627953678369522,0.013671875,0.6496443748474121,0.020617853850126266,8637.0,2.0
1984,1.226038700006029,97.1008,7.040963649749756,0.01722254976630211,0.028957687318325043,0.013671875,0.6570090055465698,0.021856099367141724,8759.0,0.0
1985,1.2121609169989824,97.1008,6.859835147857666,0.00438510999083519,0.04167117550969124,0.013671875,0.6428022384643555,0.021090304479002953,8763.0,0.0
1986,1.2039908890001243,97.1008,6.732941627502441,0.0064273555763065815,0.034830059856176376,0.013671875,0.6320400238037109,0.019121071323752403,8657.0,1.0
1987,1.2092222389983363,97.1008,6.95488166809082,0.012640006840229034,0.031838517636060715,0.013671875,0.6526044607162476,0.020392518490552902,8637.0,1.0
1988,1.2141572079999605,97.1008,7.18123722076416,0.024281315505504608,0.03173552453517914,0.013671875,0.6684122085571289,0.02738307975232601,8687.0,0.0
1989,1.2202702889990178,97.1008,7.0711774826049805,0.01515483669936657,0.0268993079662323,0.013671875,0.6591053009033203,0.026610489934682846,8837.0,1.0
1990,1.2311269480051124,97.1008,6.758422374725342,0.007091929204761982,0.02802446484565735,0.013671875,0.6350427865982056,0.019130602478981018,8672.0,2.0
1991,1.245130572002381,97.1008,6.983492374420166,0.014063891023397446,0.025661882013082504,0.013671875,0.6550394296646118,0.021329781040549278,8666.0,0.0
1992,1.2381355249963235,97.1008,7.078731060028076,0.020529650151729584,0.0273910965770483,0.013671875,0.6635011434555054,0.02148943766951561,8661.0,1.0
1993,1.2263897929951781,97.1008,6.968511581420898,0.015143440105021,0.024486035108566284,0.013671875,0.6518300771713257,0.021988313645124435,8831.0,0.0
1994,1.229210787001648,97.1008,6.865880012512207,0.006758822128176689,0.03382722660899162,0.013671875,0.6467273831367493,0.01819935068488121,8660.0,0.0
1995,1.2220368780035642,97.1008,7.051441669464111,0.016455847769975662,0.023201370611786842,0.013671875,0.661761999130249,0.022314172238111496,8637.0,1.0
1996,1.2222586809948552,97.1008,7.3034749031066895,0.02776019647717476,0.028256935998797417,0.013671875,0.6807059049606323,0.030116315931081772,8677.0,0.0
1997,1.2191565499961143,97.1008,7.044270038604736,0.015196815133094788,0.03168104588985443,0.013671875,0.6571062207221985,0.023493310436606407,8883.0,0.0
1998,1.2366185809951276,97.1008,6.791854381561279,0.008726801723241806,0.03965811803936958,0.013671875,0.6379987001419067,0.019766420125961304,8632.0,1.0
1999,1.2347291740006767,97.1008,6.981977462768555,0.01251382939517498,0.02853955142199993,0.013671875,0.6563422083854675,0.019910147413611412,8673.0,0.0
2000,1.2189656289992854,97.1008,7.284733295440674,0.019680514931678772,0.02675202116370201,0.0126953125,0.6833940744400024,0.022933539003133774,8663.0,1.0
2001,1.2250942210012,97.1008,7.064126014709473,0.015403417870402336,0.030969737097620964,0.0126953125,0.6598219871520996,0.021193575114011765,8846.0,0.0
2002,1.2253559390010196,97.1008,6.735274791717529,0.010116901248693466,0.03640441223978996,0.0126953125,0.6334493160247803,0.019251232966780663,8636.0,1.0
2003,1.2214275829974213,97.1008,7.0421295166015625,0.020256254822015762,0.02597906067967415,0.0126953125,0.6590981483459473,0.025245077908039093,8638.0,0.0
2004,1.221856147996732,97.1008,7.203857421875,0.027001548558473587,0.028260724619030952,0.0126953125,0.6710314750671387,0.029124345630407333,8688.0,0.0
2005,1.2230169590038713,97.1008,6.892650127410889,0.018237225711345673,0.02892071194946766,0.0126953125,0.6420537233352661,0.021948352456092834,8861.0,0.0
2006,1.2216101989979506,97.1008,6.662690162658691,0.008325587958097458,0.03251661732792854,0.0126953125,0.6242877840995789,0.02053999714553356,8672.0,0.0
2007,1.2210783509945031,97.1008,6.777035236358643,0.015507420524954796,0.03006075881421566,0.0126953125,0.6367073655128479,0.018839647993445396,8637.0,0.0
2008,1.2274865130020771,97.1008,7.049088478088379,0.02367100678384304,0.032230596989393234,0.0126953125,0.6603207588195801,0.022280871868133545,8659.0,1.0
2009,1.232592141997884,97.1008,7.099118232727051,0.01974356174468994,0.04256293177604675,0.013671875,0.6621019244194031,0.021095167845487595,8833.0,1.0
2010,1.2413990360000753,97.1008,6.956587791442871,0.012221448123455048,0.03790248930454254,0.0126953125,0.6540940999984741,0.02089161053299904,8660.0,1.0
2011,1.2492145260039251,97.1008,7.211216449737549,0.0201890729367733,0.04167579859495163,0.013671875,0.6734685301780701,0.02768702618777752,8664.0,0.0
2012,1.2555072030008887,97.1008,7.05513334274292,0.018838874995708466,0.03775961697101593,0.013671875,0.6595329642295837,0.023887455463409424,8694.0,0.0
2013,1.2454384800003027,97.1008,7.119043350219727,0.017519904300570488,0.035175688564777374,0.013671875,0.6644676923751831,0.022392448037862778,8776.0,0.0
2014,1.2590419139960431,97.1008,6.911564826965332,0.007578321732580662,0.036706358194351196,0.013671875,0.6495530605316162,0.01945360377430916,8733.0,0.0
2015,1.2560805839966633,97.1008,7.012073040008545,0.01368153840303421,0.03373441845178604,0.013671875,0.659322202205658,0.020639389753341675,8639.0,1.0
2016,1.2625118459982332,97.1008,7.154088497161865,0.020665252581238747,0.040707748383283615,0.013671875,0.6723572015762329,0.020320504903793335,8675.0,0.0
2017,1.2601132710042293,97.1008,7.1886305809021,0.02473558485507965,0.02973788045346737,0.013671875,0.6722705364227295,0.02145599201321602,8740.0,0.0
2018,1.2594380699956673,97.1008,6.931507587432861,0.015139722265303135,0.03672689571976662,0.013671875,0.6491209864616394,0.023333285003900528,8736.0,2.0
2019,1.254074568998476,97.1008,7.043687343597412,0.015342049300670624,0.022987740114331245,0.013671875,0.657744824886322,0.02640971541404724,8685.0,0.0
2020,1.2457235640031286,97.1008,6.976779460906982,0.009327929466962814,0.03403032571077347,0.013671875,0.6552153825759888,0.02072303555905819,8674.0,0.0
2021,1.2379592770012096,97.1008,7.037140846252441,0.014596179127693176,0.029595408588647842,0.013671875,0.6563882231712341,0.023599132895469666,8726.0,0.0
2022,1.252134741996997,97.1008,6.686614513397217,0.0073397718369960785,0.029139962047338486,0.013671875,0.6268020868301392,0.01887906901538372,8783.0,0.0
2023,1.259509908995824,97.1008,6.731279373168945,0.009618967771530151,0.03130205720663071,0.013671875,0.6318239569664001,0.020758142694830894,8648.0,0.0
2024,1.256876175000798,97.1008,6.745785236358643,0.013854878023266792,0.028417250141501427,0.013671875,0.6326930522918701,0.019472531974315643,8660.0,0.0
2025,1.251236105003045,97.1008,6.972164154052734,0.019971558824181557,0.035040270537137985,0.013671875,0.6513428092002869,0.023666448891162872,8667.0,0.0
2026,1.2609529580004164,97.1008,6.872287750244141,0.015735287219285965,0.035796377807855606,0.0126953125,0.6386718153953552,0.02835097722709179,8810.0,0.0
2027,1.2479415869966033,97.1008,6.735134601593018,0.014089016243815422,0.02662723883986473,0.0126953125,0.6292849779129028,0.023669283837080002,8719.0,1.0
2028,1.254223356001603,97.1008,6.8032732009887695,0.01750832237303257,0.03696766123175621,0.0126953125,0.6386071443557739,0.020108649507164955,8638.0,0.0
2029,1.2594916509988252,97.1008,7.030457496643066,0.024187453091144562,0.028115013614296913,0.0126953125,0.6578243970870972,0.022317340597510338,8685.0,0.0
2030,1.2645257830008632,97.1008,6.95408821105957,0.013726647011935711,0.04107692837715149,0.013671875,0.6498441100120544,0.021629860624670982,8821.0,1.0
2031,1.2413297339953715,97.1008,6.923741340637207,0.006820582784712315,0.034926559776067734,0.013671875,0.651153028011322,0.019700614735484123,8673.0,1.0
2032,1.2546828570048092,97.1008,6.98499870300293,0.010412321425974369,0.03694163262844086,0.013671875,0.6571527719497681,0.019432974979281425,8640.0,0.0
2033,1.2570787399963592,97.1008,7.208086013793945,0.02034464105963707,0.03251208737492561,0.0146484375,0.6745531558990479,0.02537968009710312,8648.0,2.0
2034,1.2459203519974835,97.1008,7.199078559875488,0.020885642617940903,0.03727967292070389,0.0146484375,0.6675806045532227,0.029022080823779106,8873.0,2.0
2035,1.2482615890039597,97.1008,6.725818157196045,0.005869204644113779,0.03739197552204132,0.0146484375,0.6320509910583496,0.019834298640489578,8675.0,0.0
2036,1.2550290879953536,97.1008,6.871310234069824,0.013792646117508411,0.028617629781365395,0.0146484375,0.6451165676116943,0.02109631709754467,8653.0,0.0
2037,1.242489653006487,97.1008,6.970522403717041,0.021288326010107994,0.03586714714765549,0.0146484375,0.6551731824874878,0.02009565941989422,8654.0,1.0
2038,1.2395416849976755,97.1008,6.980894088745117,0.021903743967413902,0.03234688937664032,0.015625,0.650246798992157,0.023299604654312134,8844.0,1.0
2039,1.2362074280026718,97.1008,6.702272891998291,0.007947875186800957,0.036530762910842896,0.015625,0.630382239818573,0.018570546060800552,8668.0,0.0
2040,1.2186899349981104,97.1008,6.90584135055542,0.013085119426250458,0.027713190764188766,0.015625,0.6482252478599548,0.020649274811148643,8639.0,0.0
2041,1.2235816870015697,97.1008,7.11932897567749,0.024090895429253578,0.036056701093912125,0.015625,0.664435625076294,0.027787432074546814,8635.0,0.0
2042,1.2479000169987557,97.1008,7.077164173126221,0.023830588907003403,0.04356307163834572,0.015625,0.6550646424293518,0.027523217722773552,8897.0,0.0
2043,1.220535074993677,97.1008,6.749495029449463,0.005114536266773939,0.036738891154527664,0.015625,0.6342425346374512,0.01889154501259327,8660.0,1.0
2044,1.2284231480007293,97.1008,6.848377227783203,0.011113520711660385,0.035436663776636124,0.015625,0.6426185369491577,0.02033442072570324,8671.0,1.0
2045,1.2289178139981232,97.1008,6.980823516845703,0.017937999218702316,0.04310194402933121,0.015625,0.6549422740936279,0.021577343344688416,8629.0,0.0
2046,1.238388448000478,97.1008,7.002950191497803,0.021738361567258835,0.02975735068321228,0.0146484375,0.6518591642379761,0.02337624691426754,8820.0,1.0
2047,1.2349590579979122,97.1008,6.570683002471924,0.003781750099733472,0.028823764994740486,0.0146484375,0.6168026328086853,0.018674984574317932,8701.0,0.0
2048,1.2117159569970681,97.1008,6.736011505126953,0.014540896750986576,0.03151958808302879,0.0146484375,0.6302483677864075,0.023199915885925293,8640.0,0.0
2049,1.223439038003562,97.1008,7.03349494934082,0.025938764214515686,0.0387255996465683,0.013671875,0.6552155017852783,0.029164250940084457,8684.0,0.0
2050,1.2184984289997374,97.1008,7.013018608093262,0.02267780900001526,0.027982395142316818,0.013671875,0.652782678604126,0.023725654929876328,8779.0,0.0
2051,1.2104482499998994,97.1008,6.85702657699585,0.008553181774914265,0.03314269706606865,0.013671875,0.6436505317687988,0.020741676911711693,8732.0,0.0
2052,1.2069403330024215,97.1008,6.944234848022461,0.0065047601237893105,0.024430956691503525,0.013671875,0.654041588306427,0.018451223149895668,8667.0,1.0
2053,1.212197862994799,97.1008,7.208585739135742,0.01915566809475422,0.03072662651538849,0.013671875,0.6779986619949341,0.021358024328947067,8649.0,1.0
2054,1.2197606609988725,97.1008,7.283447265625,0.025784151628613472,0.024286143481731415,0.013671875,0.6828467845916748,0.021579107269644737,8728.0,0.0
2055,1.2445383920057793,97.1008,6.822743892669678,0.014862287789583206,0.030033661052584648,0.013671875,0.6394255757331848,0.020518412813544273,8774.0,1.0
2056,1.2072724659956293,97.1008,6.837822914123535,0.019055187702178955,0.028011169284582138,0.0146484375,0.6390022039413452,0.025821387767791748,8635.0,1.0
2057,1.1937820160019328,97.1008,7.049806594848633,0.021413685753941536,0.02840055525302887,0.0146484375,0.6575056314468384,0.02671719156205654,8718.0,0.0
2058,1.230402295004751,97.1008,6.92790412902832,0.01738380640745163,0.032885659486055374,0.0146484375,0.6481769680976868,0.021581580862402916,8670.0,1.0
2059,1.238872611997067,97.1008,6.976635456085205,0.010959052480757236,0.030479975044727325,0.0146484375,0.6526116132736206,0.02115665189921856,8840.0,0.0
2060,1.2197022140026093,97.1008,6.973909378051758,0.009569903835654259,0.033978089690208435,0.0146484375,0.6565212607383728,0.019390713423490524,8631.0,1.0
2061,1.2296252859960077,97.1008,7.133316516876221,0.019128277897834778,0.029745861887931824,0.0146484375,0.6696453094482422,0.02153482660651207,8673.0,0.0
2062,1.2284624300009455,97.1008,7.194648742675781,0.02325843833386898,0.03571293130517006,0.0146484375,0.6754684448242188,0.021261151880025864,8659.0,0.0
2063,1.2397350459941663,97.1008,7.022954940795898,0.022231735289096832,0.039580054581165314,0.0146484375,0.6559228301048279,0.02421998791396618,8822.0,0.0
2064,1.2359132280034828,97.1008,6.96867036819458,0.022117428481578827,0.027972232550382614,0.0146484375,0.6499940156936646,0.028105130419135094,8670.0,1.0
2065,1.2459181499943952,97.1008,6.9137396812438965,0.0184394009411335,0.04094168543815613,0.0146484375,0.6480491757392883,0.022052226588129997,8684.0,0.0
2066,1.2685420150010032,97.1008,7.0507917404174805,0.02054215967655182,0.0317000187933445,0.0146484375,0.6603865027427673,0.022849757224321365,8652.0,0.0
2067,1.2592969789984636,97.1008,6.930651664733887,0.01370570994913578,0.036613427102565765,0.0146484375,0.6471844911575317,0.020725242793560028,8856.0,1.0
2068,1.2549446180055384,97.1008,6.766963958740234,0.007593083195388317,0.035769809037446976,0.0146484375,0.6347419619560242,0.020214814692735672,8657.0,0.0
2069,1.2514120179985184,97.1008,6.804596900939941,0.010445928201079369,0.04027244448661804,0.0146484375,0.6393654346466064,0.019090119749307632,8659.0,0.0
2070,1.2569188619963825,97.1008,6.940432548522949,0.01882139965891838,0.030282938852906227,0.0146484375,0.6502088904380798,0.021566148847341537,8638.0,0.0
2071,1.246438843998476,97.1008,7.098392486572266,0.021289866417646408,0.04216920584440231,0.0146484375,0.6589901447296143,0.027616282925009727,8825.0,0.0
2072,1.2480415160025586,97.1008,6.957152843475342,0.01017790473997593,0.03204851597547531,0.0146484375,0.6498534083366394,0.02626890316605568,8693.0,0.0
2073,1.24618758699944,97.1008,6.868600845336914,0.005097940564155579,0.03743821009993553,0.0146484375,0.6453143358230591,0.019627824425697327,8676.0,0.0
2074,1.2427995190009824,97.1008,7.133163928985596,0.01472307275980711,0.03685688227415085,0.0146484375,0.6678110957145691,0.022566918283700943,8668.0,0.0
2075,1.2459211720051826,97.1008,7.008117198944092,0.018180742859840393,0.03537459671497345,0.0146484375,0.6528763175010681,0.022118963301181793,8811.0,0.0
2076,1.2242621729965322,97.1008,6.605130195617676,0.008662725798785686,0.028013233095407486,0.0146484375,0.6181468367576599,0.021206293255090714,8695.0,0.0
2077,1.2353470670059323,97.1008,6.658519744873047,0.009733635932207108,0.03227531537413597,0.0146484375,0.6245031356811523,0.018835538998246193,8647.0,0.0
2078,1.2434719259981648,97.1008,6.9041972160339355,0.020125124603509903,0.02813124470412731,0.0146484375,0.6455203890800476,0.02376076951622963,8635.0,0.0
2079,1.2426670970016858,97.1008,7.108250617980957,0.027607090771198273,0.03380763158202171,0.0146484375,0.6565004587173462,0.031017711386084557,8804.0,0.0
2080,1.2426455399981933,97.1008,6.5951361656188965,0.005671102553606033,0.029775245115160942,0.013671875,0.6163226366043091,0.021658997982740402,8760.0,0.0
2081,1.2439340600030846,97.1008,6.694789886474609,0.008290884084999561,0.03017490543425083,0.013671875,0.6280611157417297,0.019894931465387344,8638.0,1.0
2082,1.238995851999789,97.1008,6.827027797698975,0.015623249113559723,0.030475953593850136,0.013671875,0.6402915716171265,0.020058000460267067,8661.0,0.0
2083,1.239508618004038,97.1008,7.051651954650879,0.022005002945661545,0.022534044459462166,0.0126953125,0.6572974920272827,0.023135583847761154,8766.0,2.0
2084,1.2510615030041663,97.1008,6.749750137329102,0.006741229444742203,0.030417852103710175,0.0126953125,0.6337388753890991,0.01875199005007744,8750.0,1.0
2085,1.2433314109948697,97.1008,6.776664733886719,0.009885567240417004,0.031224912032485008,0.0126953125,0.6366779208183289,0.01936502382159233,8639.0,1.0
2086,1.252499683003407,97.1008,7.089186191558838,0.01982184499502182,0.02356361597776413,0.0126953125,0.6629117131233215,0.025858405977487564,8634.0,1.0
2087,1.2305067499983124,97.1008,7.212534427642822,0.024440575391054153,0.03258531168103218,0.0126953125,0.6699173450469971,0.029666662216186523,8754.0,0.0
2088,1.22637203100021,97.1008,6.8093132972717285,0.007522222585976124,0.03361925855278969,0.0126953125,0.6382662057876587,0.01987173780798912,8817.0,0.0
2089,1.2332928599935258,97.1008,6.7768096923828125,0.011534718796610832,0.024768482893705368,0.0126953125,0.6357318758964539,0.020518410950899124,8667.0,0.0
2090,1.2344218350044684,97.1008,6.861760139465332,0.015474739484488964,0.031796492636203766,0.0126953125,0.6449300646781921,0.01952730491757393,8633.0,1.0
2091,1.2466437949988176,97.1008,7.082146644592285,0.020656060427427292,0.024499185383319855,0.013671875,0.6622146368026733,0.023494813591241837,8687.0,1.0
2092,1.2216061939980136,97.1008,6.9130144119262695,0.005697634536772966,0.02780710719525814,0.0126953125,0.6475645303726196,0.019339412450790405,8831.0,1.0
2093,1.219829622998077,97.1008,7.052186965942383,0.005777467042207718,0.029014460742473602,0.0126953125,0.6629565954208374,0.021371006965637207,8638.0,0.0
2094,1.228014925000025,97.1008,7.348278999328613,0.01735454797744751,0.028684532269835472,0.0126953125,0.686447024345398,0.028446894139051437,8661.0,0.0
2095,1.2335966039972845,97.1008,7.140674591064453,0.016865301877260208,0.028978293761610985,0.0126953125,0.6671050786972046,0.025138353928923607,8713.0,1.0
2096,1.2397381909977412,97.1008,6.73679256439209,0.0049550593830645084,0.033330872654914856,0.0126953125,0.628425121307373,0.0214107446372509,8821.0,1.0
2097,1.2224143069979618,97.1008,6.542837619781494,0.003763486398383975,0.030624089762568474,0.0126953125,0.6133047342300415,0.019357897341251373,8662.0,2.0
2098,1.2161838300016825,97.1008,6.742698669433594,0.011587327346205711,0.03563033044338226,0.0126953125,0.6312326192855835,0.021349510177969933,8656.0,0.0
2099,1.2174964420046308,97.1008,6.886075496673584,0.016622893512248993,0.035206180065870285,0.0126953125,0.6440249085426331,0.02178841456770897,8669.0,0.0
2100,1.2124447589958436,97.1008,6.976162910461426,0.014224695041775703,0.04366760328412056,0.0126953125,0.6507676839828491,0.021498676389455795,8825.0,0.0
2101,1.2150329520009109,97.1008,6.985558986663818,0.012765833176672459,0.03695181757211685,0.0126953125,0.6542966365814209,0.024416645988821983,8635.0,0.0
2102,1.218388130000676,97.1008,7.202109336853027,0.019148515537381172,0.03855022415518761,0.0126953125,0.6727697253227234,0.027878936380147934,8690.0,0.0
2103,1.2216982180034393,97.1008,7.262877941131592,0.015182409435510635,0.037137631326913834,0.0126953125,0.681989848613739,0.02218431979417801,8677.0,1.0
2104,1.227563080006803,97.1008,7.279587268829346,0.012948861345648766,0.03225094825029373,0.0126953125,0.6789333820343018,0.0234250258654356,8851.0,1.0
2105,1.2378617499998654,97.1008,6.933133125305176,0.003435476217418909,0.03300055116415024,0.0126953125,0.6533411741256714,0.018708445131778717,8648.0,0.0
2106,1.2274509019989637,97.1008,7.045740127563477,0.010282216593623161,0.03475134074687958,0.0126953125,0.6622844934463501,0.021514981985092163,8661.0,1.0
2107,1.2281946999937645,97.1008,7.100691795349121,0.017050163820385933,0.027129122987389565,0.0126953125,0.6665890216827393,0.020667346194386482,8657.0,0.0
2108,1.2279841910058167,97.1008,7.184000492095947,0.01730581745505333,0.03779677301645279,0.0126953125,0.6693729758262634,0.024073492735624313,8816.0,0.0
2109,1.2358189790029428,97.1008,7.136169910430908,0.00910139735788107,0.02774752676486969,0.0126953125,0.6672980785369873,0.027343690395355225,8678.0,0.0
2110,1.22587403000216,97.1008,7.17915153503418,0.010395818389952183,0.026724139228463173,0.0126953125,0.6726630926132202,0.023929283022880554,8711.0,0.0
2111,1.2269997530020191,97.1008,7.1351165771484375,0.017124276608228683,0.03112020529806614,0.0126953125,0.6700053215026855,0.02141687087714672,8636.0,0.0
2112,1.2218624829984037,97.1008,7.217710018157959,0.01966819539666176,0.025202695280313492,0.0126953125,0.6732117533683777,0.023039644584059715,8809.0,1.0
2113,1.2148484620047384,97.1008,6.839782238006592,0.0050289444625377655,0.03345806524157524,0.0126953125,0.6424269676208496,0.02073141559958458,8692.0,0.0
2114,1.223660898001981,97.1008,6.909601211547852,0.007364417891949415,0.027098139747977257,0.0126953125,0.6490517854690552,0.020201971754431725,8683.0,0.0
2115,1.2561479300056817,97.1008,7.0801544189453125,0.015271457843482494,0.027758551761507988,0.0126953125,0.6653412580490112,0.020542612299323082,8636.0,1.0
2116,1.2772756019985536,97.1008,7.277642726898193,0.02322862111032009,0.029055476188659668,0.0126953125,0.6776881217956543,0.027052205055952072,8749.0,0.0
2117,1.2496511850040406,97.1008,6.964168071746826,0.009679893031716347,0.015194965526461601,0.0126953125,0.648837685585022,0.02779601514339447,8768.0,0.0
2118,1.2399123220020556,97.1008,6.830946922302246,0.004675348289310932,0.025357121601700783,0.0126953125,0.6405405402183533,0.02078549563884735,8676.0,1.0
2119,1.2406928770069499,97.1008,6.977004528045654,0.013974877074360847,0.016843454912304878,0.013671875,0.6531908512115479,0.022655367851257324,8660.0,1.0
2120,1.2451521900002263,97.1008,7.090059280395508,0.019296154379844666,0.020438972860574722,0.013671875,0.6625412702560425,0.021778609603643417,8714.0,0.0
2121,1.2444355849947897,97.1008,6.819284915924072,0.009626739658415318,0.02464785985648632,0.013671875,0.6379666328430176,0.02174891158938408,8785.0,0.0
2122,1.236113655999361,97.1008,6.725715637207031,0.010516166687011719,0.02164081484079361,0.013671875,0.6313084959983826,0.01894182339310646,8662.0,0.0
2123,1.264692657001433,97.1008,6.950282096862793,0.023178745061159134,0.0265019740909338,0.013671875,0.6516823768615723,0.021903138607740402,8632.0,0.0
2124,1.2398002199988696,97.1008,7.169593334197998,0.0342576690018177,0.030114177614450455,0.013671875,0.6667191386222839,0.030103236436843872,8670.0,0.0
2125,1.2358247459997074,97.1008,6.79610538482666,0.017360927537083626,0.02775338478386402,0.013671875,0.6318792104721069,0.025584053248167038,8893.0,1.0
2126,1.243370074997074,97.1008,6.541139125823975,0.007000718265771866,0.03521527722477913,0.013671875,0.6138069033622742,0.018983548507094383,8643.0,1.0
2127,1.2386301279984764,97.1008,6.737650394439697,0.01237553171813488,0.025920184329152107,0.013671875,0.631308376789093,0.020413175225257874,8663.0,0.0
2128,1.2402715599964722,97.1008,6.887537956237793,0.017871571704745293,0.030446140095591545,0.013671875,0.6441900730133057,0.022633155807852745,8655.0,1.0
2129,1.2354076780029573,97.1008,6.793942928314209,0.008570661768317223,0.030030233785510063,0.013671875,0.6334399580955505,0.021650057286024094,8859.0,0.0
2130,1.2365039409996825,97.1008,6.730221271514893,0.0017104637809097767,0.031135549768805504,0.013671875,0.6327193975448608,0.018461130559444427,8640.0,0.0
2131,1.237368817004608,97.1008,7.009682655334473,0.011410157196223736,0.033139754086732864,0.013671875,0.656724750995636,0.02372240647673607,8632.0,0.0
2132,1.234212388000742,97.1008,7.282782077789307,0.021878238767385483,0.025394896045327187,0.013671875,0.6780547499656677,0.03032718226313591,8696.0,2.0
2133,1.2391212450020248,97.1008,7.012622833251953,0.01288392674177885,0.03437851369380951,0.013671875,0.6533269286155701,0.022988643497228622,8861.0,0.0
2134,1.2277071490025264,97.1008,6.737184047698975,0.004320456180721521,0.043482959270477295,0.013671875,0.6316641569137573,0.021188873797655106,8645.0,0.0
2135,1.2334576470020693,97.1008,6.810173988342285,0.007270528934895992,0.030068766325712204,0.013671875,0.6396488547325134,0.01947580836713314,8665.0,0.0
2136,1.2255930669998634,97.1008,7.0713958740234375,0.0181899331510067,0.03764216601848602,0.013671875,0.6624094843864441,0.023384250700473785,8651.0,0.0
2137,1.235731840999506,97.1008,6.97221040725708,0.015417883172631264,0.028886333107948303,0.013671875,0.6498829126358032,0.021623052656650543,8854.0,0.0
2138,1.242172569000104,97.1008,6.798369884490967,0.00665969867259264,0.03653629496693611,0.013671875,0.6382226943969727,0.020312203094363213,8647.0,0.0
2139,1.2446239999990212,97.1008,7.0570831298828125,0.015355485491454601,0.03368772566318512,0.013671875,0.6596629619598389,0.026652274653315544,8639.0,0.0
2140,1.2372158400030457,97.1008,7.147655010223389,0.02099931240081787,0.04268656671047211,0.013671875,0.6667399406433105,0.027082059532403946,8717.0,0.0
2141,1.24199573599617,97.1008,6.991694450378418,0.015263983979821205,0.03078632615506649,0.013671875,0.6516510248184204,0.02143392525613308,8817.0,0.0
2142,1.234293155001069,97.1008,6.777326583862305,0.0035666069015860558,0.03345780074596405,0.0126953125,0.6359742879867554,0.01974182389676571,8692.0,0.0
2143,1.2609818560013082,97.1008,6.985126495361328,0.005744862370193005,0.03332623094320297,0.013671875,0.6574026346206665,0.01976979523897171,8638.0,1.0
2144,1.2206728230012232,97.1008,7.251149654388428,0.012731109745800495,0.023474132642149925,0.013671875,0.6809438467025757,0.02199392579495907,8668.0,0.0
2145,1.2280371360029676,97.1008,7.336575984954834,0.011660713702440262,0.036474231630563736,0.013671875,0.6860899925231934,0.021545350551605225,8793.0,1.0
2146,1.2254232689956552,97.1008,7.130656719207764,0.00608911644667387,0.031077785417437553,0.013671875,0.6701364517211914,0.022666139528155327,8690.0,0.0
2147,1.213809102999221,97.1008,7.29426383972168,0.01788465678691864,0.03330489620566368,0.013671875,0.681311309337616,0.028445668518543243,8690.0,0.0
2148,1.2077375849985401,97.1008,7.166743755340576,0.017334921285510063,0.03662367910146713,0.013671875,0.6725672483444214,0.022533675655722618,8662.0,1.0
2149,1.2134568150067935,97.1008,7.134562015533447,0.020260563120245934,0.022849900647997856,0.013671875,0.6644803881645203,0.02396034076809883,8760.0,0.0
2150,1.2131027930008713,97.1008,6.700686454772949,0.007076146546751261,0.031790733337402344,0.0126953125,0.628598153591156,0.019388917833566666,8749.0,3.0
2151,1.2168795939942356,97.1008,6.738381862640381,0.012075567618012428,0.02990557812154293,0.0126953125,0.6312551498413086,0.021139774471521378,8658.0,0.0
2152,1.2126851549983257,97.1008,6.897864818572998,0.016658596694469452,0.03595253452658653,0.0126953125,0.647159218788147,0.020180078223347664,8649.0,1.0
2153,1.210860359002254,97.1008,7.005741119384766,0.019354868680238724,0.030180569738149643,0.0126953125,0.6533385515213013,0.023094963282346725,8719.0,0.0
2154,1.2119154449974303,97.1008,6.925671100616455,0.010066717863082886,0.03455537185072899,0.0126953125,0.6460941433906555,0.026036038994789124,8763.0,0.0
2155,1.2169412020011805,97.1008,6.990354061126709,0.009475668892264366,0.03282945975661278,0.0126953125,0.6528424024581909,0.026083704084157944,8704.0,0.0
2156,1.2195955089991912,97.1008,6.924137115478516,0.006304292008280754,0.024691015481948853,0.0126953125,0.6507760882377625,0.01944936066865921,8650.0,0.0
2157,1.2378059629991185,97.1008,7.145073413848877,0.013987314887344837,0.03419659659266472,0.01171875,0.6679234504699707,0.02281467616558075,8706.0,2.0
2158,1.228941469998972,97.1008,6.835238456726074,0.0018380549736320972,0.03464546427130699,0.01171875,0.6404166221618652,0.02012796700000763,8800.0,0.0
2159,1.246516553001129,97.1008,6.764883041381836,0.007199910935014486,0.028573350980877876,0.01171875,0.6339050531387329,0.020946115255355835,8680.0,1.0
2160,1.2521201760027907,97.1008,6.83535099029541,0.013434330001473427,0.03130447492003441,0.01171875,0.6423367857933044,0.019066518172621727,8633.0,0.0
2161,1.2412950319994707,97.1008,7.11384391784668,0.025537356734275818,0.033003050833940506,0.01171875,0.6647397875785828,0.024924393743276596,8655.0,0.0
2162,1.2251589560037246,97.1008,7.124433994293213,0.022474654018878937,0.029036907479166985,0.01171875,0.6615340113639832,0.029352735728025436,8847.0,0.0
2163,1.2297964629979106,97.1008,6.8084330558776855,0.011369900777935982,0.029028750956058502,0.01171875,0.6378659605979919,0.02116619609296322,8696.0,1.0
2164,1.238160039007198,97.1008,6.843267917633057,0.017789188772439957,0.029848499223589897,0.01171875,0.6422247886657715,0.020383242517709732,8634.0,0.0
2165,1.210297322999395,97.1008,6.958510398864746,0.02372562140226364,0.028662675991654396,0.01171875,0.6518017649650574,0.021196968853473663,8677.0,0.0
2166,1.2397540770034539,97.1008,6.862213611602783,0.017374180257320404,0.029051046818494797,0.01171875,0.6392938494682312,0.022331159561872482,8841.0,0.0
2167,1.2732924010051647,97.1008,6.776251316070557,0.0044671930372715,0.027112331241369247,0.01171875,0.6371461153030396,0.018605370074510574,8672.0,1.0
2168,1.242378220995306,97.1008,6.931633949279785,0.008000250905752182,0.026849042624235153,0.01171875,0.6517598032951355,0.019833873957395554,8638.0,0.0
2169,1.2454593849979574,97.1008,7.242276668548584,0.01678992062807083,0.030568093061447144,0.01171875,0.6771630644798279,0.027026720345020294,8636.0,0.0
2170,1.250449970997579,97.1008,7.089384078979492,0.01414088997989893,0.02388213761150837,0.01171875,0.6566774249076843,0.028800388798117638,8871.0,0.0
2171,1.2772092099985457,97.1008,6.620578289031982,-0.0024270606227219105,0.038296040147542953,0.01171875,0.6212863326072693,0.01886320859193802,8690.0,0.0
2172,1.2407207380019827,97.1008,6.763581275939941,0.0041772727854549885,0.030308566987514496,0.01171875,0.6329394578933716,0.02072681300342083,8663.0,0.0
2173,1.2309343699962483,97.1008,6.998627185821533,0.012208892032504082,0.027459414675831795,0.01171875,0.6570226550102234,0.020823093131184578,8636.0,0.0
2174,1.2310176209939527,97.1008,7.082113265991211,0.015756724402308464,0.030252205207943916,0.01171875,0.6587048768997192,0.02369379997253418,8833.0,0.0
2175,1.2412428840034408,97.1008,6.675277233123779,0.0034495489671826363,0.029019420966506004,0.01171875,0.6274646520614624,0.01835225336253643,8688.0,1.0
2176,1.2436053609999362,97.1008,6.790696144104004,0.013579845428466797,0.027761803939938545,0.01171875,0.6361666917800903,0.022288132458925247,8632.0,0.0
2177,1.2496523920053733,97.1008,7.08182954788208,0.025727957487106323,0.02513962984085083,0.01171875,0.6590649485588074,0.030106723308563232,8660.0,0.0
2178,1.2412919310008874,97.1008,7.021390914916992,0.021254315972328186,0.04241612181067467,0.01171875,0.6509554386138916,0.025689195841550827,8846.0,0.0
2179,1.2306653410050785,97.1008,6.668802261352539,0.005850134417414665,0.020457694306969643,0.01171875,0.6251554489135742,0.020618431270122528,8690.0,0.0
2180,1.2359082990005845,97.1008,6.745248317718506,0.010608191601932049,0.03621816635131836,0.01171875,0.6325932145118713,0.020013857632875443,8667.0,0.0
2181,1.245249542997044,97.1008,6.9492082595825195,0.01995481550693512,0.030688844621181488,0.01171875,0.6503162980079651,0.022528037428855896,8652.0,1.0
2182,1.2372843519988237,97.1008,6.999160289764404,0.020312488079071045,0.03893076628446579,0.0107421875,0.6517223119735718,0.02249230444431305,8779.0,0.0
2183,1.2228200570025365,97.1008,6.76046895980835,0.006909350398927927,0.02378712221980095,0.0107421875,0.6351989507675171,0.01928946003317833,8722.0,1.0
2184,1.216309044000809,97.1008,6.8554582595825195,0.011663202196359634,0.027883095666766167,0.01171875,0.6415190696716309,0.02425677701830864,8636.0,2.0
2185,1.2338091650017304,97.1008,7.033604621887207,0.018438879400491714,0.024896545335650444,0.01171875,0.655796468257904,0.027609175071120262,8680.0,0.0
2186,1.2194897899971693,97.1008,6.933708190917969,0.01547431293874979,0.030718473717570305,0.01171875,0.6461364030838013,0.02226031944155693,8755.0,0.0
2187,1.2075094719984918,97.1008,6.734546661376953,0.004875789396464825,0.03102550096809864,0.01171875,0.6296181678771973,0.021094560623168945,8787.0,1.0
2188,1.2474930660027894,97.1008,6.7710676193237305,0.006228545680642128,0.035371314734220505,0.01171875,0.6364789605140686,0.018513847142457962,8641.0,0.0
2189,1.2205971570001566,97.1008,7.048064231872559,0.019068563356995583,0.037933386862277985,0.01171875,0.6609252691268921,0.021758539602160454,8646.0,2.0
2190,1.2280756789987208,97.1008,7.058117389678955,0.022632187232375145,0.028779590502381325,0.01171875,0.6605237722396851,0.02127872407436371,8703.0,0.0
2191,1.2435939129936742,97.1008,6.809920310974121,0.012211723253130913,0.03213359788060188,0.01171875,0.6355481147766113,0.02255425415933132,8801.0,0.0
2192,1.251846660998126,97.1008,6.844459533691406,0.014006850309669971,0.03233020380139351,0.01171875,0.6368873119354248,0.028033077716827393,8665.0,0.0
2193,1.2125394699978642,97.1008,6.826735973358154,0.013940146192908287,0.03607005253434181,0.01171875,0.6369146704673767,0.023964080959558487,8687.0,0.0
2194,1.2253678220004076,97.1008,6.885891437530518,0.015264282934367657,0.026990430429577827,0.01171875,0.6429589986801147,0.022775772958993912,8665.0,1.0
2195,1.212840474996483,97.1008,6.812610626220703,0.0071097020991146564,0.028684917837381363,0.01171875,0.6358706951141357,0.02136620134115219,8845.0,0.0
2196,1.201828026001749,97.1008,6.838072776794434,0.0035339663736522198,0.028339792042970657,0.01171875,0.6426183581352234,0.020583871752023697,8646.0,1.0
2197,1.2026156819993048,97.1008,7.018196105957031,0.009926320053637028,0.030522765591740608,0.01171875,0.6598368287086487,0.020067479461431503,8670.0,0.0
2198,1.1928492549996008,97.1008,7.184382915496826,0.017983172088861465,0.02892441861331463,0.01171875,0.6743776202201843,0.02155994437634945,8651.0,0.0
2199,1.1947632789961062,97.1008,7.130899429321289,0.01654432900249958,0.03363532945513725,0.01171875,0.6646310091018677,0.025748079642653465,8822.0,0.0
2200,1.193823469002382,97.1008,6.964321136474609,0.012090629898011684,0.0339905247092247,0.01171875,0.6499118804931641,0.027082128450274467,8688.0,0.0
2201,1.1971092210005736,97.1008,6.932348728179932,0.011801335960626602,0.0315684974193573,0.0126953125,0.6512548923492432,0.020664401352405548,8673.0,1.0
2202,1.202553696995892,97.1008,7.109590530395508,0.021111274138092995,0.0325196348130703,0.0126953125,0.665602445602417,0.02351370081305504,8665.0,0.0
2203,1.2252720120013691,97.1008,6.923862934112549,0.01701333373785019,0.03495052084326744,0.0126953125,0.6458559632301331,0.02109290286898613,8829.0,0.0
2204,1.2238517560035689,97.1008,6.645859718322754,0.00854408834129572,0.03401298075914383,0.0126953125,0.6222982406616211,0.020855223760008812,8668.0,0.0
2205,1.2139131630028714,97.1008,6.680059432983398,0.0104440962895751,0.035559266805648804,0.0126953125,0.6265737414360046,0.019230550155043602,8660.0,0.0
2206,1.2250067990025855,97.1008,6.944689750671387,0.018814682960510254,0.032204773277044296,0.0126953125,0.6500739455223083,0.022842159494757652,8634.0,0.0
2207,1.1984747070018784,97.1008,7.117109298706055,0.024001657962799072,0.027617450803518295,0.01171875,0.6592433452606201,0.02970561385154724,8814.0,0.0
2208,1.2141827800005558,97.1008,6.940659523010254,0.007131223566830158,0.033902596682310104,0.01171875,0.649058997631073,0.0231772493571043,8745.0,0.0
2209,1.2141487010012497,97.1008,6.95404577255249,0.004911328665912151,0.019713018089532852,0.0107421875,0.6541013717651367,0.018845167011022568,8640.0,0.0
2210,1.2118206539962557,97.1008,7.1129865646362305,0.013263807632029057,0.034429822117090225,0.0107421875,0.6678187251091003,0.02043742872774601,8665.0,0.0
2211,1.2179395349958213,97.1008,7.174090385437012,0.018096351996064186,0.03091069869697094,0.0107421875,0.6693019866943359,0.022460123524069786,8790.0,1.0
2212,1.2160842239973135,97.1008,6.900784492492676,0.00738189835101366,0.029144901782274246,0.0107421875,0.648192286491394,0.019153228029608727,8726.0,0.0
2213,1.2203824769967468,97.1008,6.942748546600342,0.012145509012043476,0.03627685829997063,0.0107421875,0.6532289385795593,0.018975481390953064,8642.0,2.0
2214,1.2406797790026758,97.1008,7.180634498596191,0.021656019613146782,0.02805599384009838,0.0107421875,0.6722663640975952,0.02500966750085354,8632.0,0.0
2215,1.2212552100027096,97.1008,7.341479301452637,0.030412741005420685,0.04169816896319389,0.0107421875,0.6801587343215942,0.031115174293518066,8808.0,0.0
2216,1.198800233003567,97.1008,6.709890842437744,0.01016160286962986,0.035964105278253555,0.009765625,0.6281916499137878,0.020644892007112503,8757.0,0.0
2217,1.1912034100023448,97.1008,6.739932060241699,0.011859185993671417,0.026303987950086594,0.0107421875,0.6312993764877319,0.021057337522506714,8653.0,3.0
2218,1.1855478799989214,97.1008,6.8796305656433105,0.01800999790430069,0.03639708086848259,0.0107421875,0.6460837721824646,0.01940840855240822,8649.0,1.0
2219,1.1878627690020949,97.1008,7.168917179107666,0.024002408608794212,0.031542107462882996,0.0107421875,0.6687026023864746,0.023861205205321312,8739.0,0.0
2220,1.188677045996883,97.1008,6.954005718231201,0.008593803271651268,0.017579542472958565,0.0107421875,0.6536027193069458,0.019226159900426865,8783.0,0.0
2221,1.223251096002059,97.1008,7.000197410583496,0.011140426620841026,0.03574640676379204,0.0107421875,0.6584484577178955,0.020657693967223167,8636.0,1.0
2222,1.1878064330012421,97.1008,7.3320794105529785,0.024425223469734192,0.022002460435032845,0.0107421875,0.6864694356918335,0.027622058987617493,8631.0,0.0
2223,1.184581496003375,97.1008,7.337328910827637,0.028219327330589294,0.04065064713358879,0.0107421875,0.6830261945724487,0.02783874422311783,8761.0,2.0
2224,1.184741003002273,97.1008,6.827685832977295,0.012510430067777634,0.02666575089097023,0.0107421875,0.639636754989624,0.019985266029834747,8806.0,0.0
2225,1.1967235560005065,97.1008,6.72096586227417,0.011995024979114532,0.03590259701013565,0.0107421875,0.6302996873855591,0.020252082496881485,8663.0,0.0
2226,1.1970752170018386,97.1008,6.913941383361816,0.017389720305800438,0.03284106031060219,0.0107421875,0.6492528915405273,0.020913075655698776,8633.0,1.0
2227,1.1865325519975158,97.1008,7.125357151031494,0.021413762122392654,0.036481600254774094,0.0107421875,0.6662628650665283,0.023235172033309937,8699.0,0.0
2228,1.1881537130029756,97.1008,6.890196800231934,0.01304666232317686,0.038584038615226746,0.009765625,0.6446086168289185,0.02037668600678444,8823.0,0.0
2229,1.217607466998743,97.1008,6.85239839553833,0.01145448163151741,0.03335488215088844,0.0107421875,0.6416158676147461,0.0234491229057312,8637.0,1.0
2230,1.1945362219994422,97.1008,7.144381523132324,0.01821560598909855,0.03581049293279648,0.0107421875,0.6658354997634888,0.029310284182429314,8684.0,1.0
2231,1.1758786659993348,97.1008,7.070332050323486,0.013450331054627895,0.029729044064879417,0.0107421875,0.6619419455528259,0.023440470919013023,8685.0,1.0
2232,1.1901298090015189,97.1008,6.902745246887207,0.009939955547451973,0.043267376720905304,0.0107421875,0.6440316438674927,0.022642208263278008,8831.0,0.0
2233,1.1957310669968138,97.1008,6.73284912109375,0.004847420379519463,0.027403734624385834,0.0107421875,0.6329255104064941,0.01887376233935356,8663.0,0.0
2234,1.2152882480004337,97.1008,6.938348293304443,0.011731634847819805,0.0430271290242672,0.0107421875,0.6506353616714478,0.02186454087495804,8654.0,0.0
2235,1.2195145179939573,97.1008,7.016486644744873,0.015432327054440975,0.02565193548798561,0.0107421875,0.6579750776290894,0.02180345356464386,8661.0,0.0
2236,1.2183411209989572,97.1008,7.002970218658447,0.016260279342532158,0.038337960839271545,0.0107421875,0.652717113494873,0.023239826783537865,8827.0,0.0
2237,1.2212797579995822,97.1008,6.934543609619141,0.01576869748532772,0.025883827358484268,0.0126953125,0.6485175490379333,0.026609016582369804,8644.0,2.0
2238,1.2069442609936232,97.1008,6.967377662658691,0.020979711785912514,0.02835300751030445,0.0126953125,0.6487401723861694,0.02740911766886711,8726.0,2.0
2239,1.2414883239980554,97.1008,6.859335422515869,0.01985897868871689,0.035203900188207626,0.0126953125,0.6430323719978333,0.021193943917751312,8639.0,0.0
2240,1.2011661370052025,97.1008,6.938719749450684,0.022241875529289246,0.032872311770915985,0.0126953125,0.6443930864334106,0.023290468379855156,8846.0,0.0
2241,1.2313958250015276,97.1008,6.799651622772217,0.012295063585042953,0.032373808324337006,0.0126953125,0.6390739679336548,0.019729409366846085,8654.0,1.0
2242,1.2166254240000853,97.1008,6.904536247253418,0.018188394606113434,0.02841493859887123,0.0126953125,0.6471025943756104,0.02164643630385399,8679.0,1.0
2243,1.2006392940020305,97.1008,6.948439598083496,0.017255667597055435,0.031131073832511902,0.0126953125,0.651867151260376,0.02068706415593624,8638.0,0.0
2244,1.2000776910062996,97.1008,7.042436122894287,0.021184612065553665,0.0298350490629673,0.0126953125,0.6535911560058594,0.02606351301074028,8801.0,0.0
2245,1.200794293996296,97.1008,6.792357444763184,0.013067329302430153,0.027021661400794983,0.0126953125,0.6315317749977112,0.02835266850888729,8709.0,0.0
2246,1.1978832130043884,97.1008,6.910721302032471,0.008119020611047745,0.028106972575187683,0.0126953125,0.6471638083457947,0.02202725224196911,8688.0,0.0
2247,1.1911796549975406,97.1008,7.070003986358643,0.016262469813227654,0.025311937555670738,0.0126953125,0.6632229089736938,0.022389762103557587,8638.0,1.0
2248,1.1927031820014236,97.1008,7.110221862792969,0.021362725645303726,0.027877120301127434,0.0126953125,0.6638644933700562,0.02263232134282589,8793.0,0.0
2249,1.1964837360064848,97.1008,6.727810382843018,0.009692002087831497,0.03076658584177494,0.0126953125,0.6297511458396912,0.02159283682703972,8725.0,0.0
2250,1.1890819069958525,97.1008,6.755978584289551,0.009316271170973778,0.028631553053855896,0.0126953125,0.6334649324417114,0.020346712321043015,8660.0,0.0
2251,1.1913632630021311,97.1008,6.962034225463867,0.01606999710202217,0.030558722093701363,0.01171875,0.652390718460083,0.021839071065187454,8638.0,1.0
2252,1.1959985100038466,97.1008,7.250373840332031,0.0285191610455513,0.027946019545197487,0.01171875,0.6738899946212769,0.029061343520879745,8730.0,1.0
2253,1.197545242997876,97.1008,7.164654731750488,0.017820682376623154,0.02759743109345436,0.01171875,0.6688214540481567,0.02744782529771328,8792.0,0.0
2254,1.1984464690031018,97.1008,7.119356155395508,0.013187218457460403,0.03412755951285362,0.01171875,0.670451819896698,0.01982819102704525,8672.0,0.0
2255,1.2043221359999734,97.1008,7.3029913902282715,0.02374507486820221,0.032970208674669266,0.01171875,0.6854330897331238,0.022226378321647644,8664.0,0.0
2256,1.2029032049977104,97.1008,7.345882892608643,0.02746553346514702,0.027558084577322006,0.01171875,0.6884698867797852,0.022609181702136993,8691.0,1.0
2257,1.1949741729986272,97.1008,7.022873401641846,0.013952536508440971,0.02870640531182289,0.01171875,0.657096266746521,0.02230876311659813,8819.0,0.0
2258,1.2019037770005525,97.1008,6.915308952331543,0.009614299982786179,0.03201640769839287,0.01171875,0.6503355503082275,0.018979229032993317,8643.0,0.0
2259,1.2014647489995696,97.1008,7.178620338439941,0.0206470787525177,0.02861720509827137,0.01171875,0.6734194755554199,0.023658275604248047,8636.0,0.0
2260,1.1895079919995624,97.1008,7.370178699493408,0.03196588158607483,0.02526727505028248,0.01171875,0.6853887438774109,0.03140362724661827,8700.0,2.0
2261,1.1853036129978136,97.1008,7.051286697387695,0.016862444579601288,0.032974231988191605,0.01171875,0.6590813994407654,0.02343619242310524,8867.0,0.0
2262,1.1845595689956099,97.1008,6.930729389190674,0.011944444850087166,0.030327536165714264,0.01171875,0.6521300673484802,0.020388787612318993,8636.0,0.0
2263,1.1908797529977164,97.1008,7.11846399307251,0.020013365894556046,0.033875931054353714,0.01171875,0.6695155501365662,0.02023698389530182,8665.0,0.0
2264,1.1912337520043366,97.1008,7.282454013824463,0.029647719115018845,0.037536509335041046,0.01171875,0.6818575263023376,0.02348625473678112,8674.0,1.0
2265,1.2106771960025071,97.1008,7.070210933685303,0.019603699445724487,0.02795511484146118,0.01171875,0.6611948609352112,0.021170100197196007,8843.0,0.0
2266,1.1983798979999847,97.1008,7.027413368225098,0.012887861579656601,0.03367146849632263,0.01171875,0.6613152027130127,0.020059028640389442,8637.0,1.0
2267,1.19186505000107,97.1008,7.308990001678467,0.023772291839122772,0.024028852581977844,0.01171875,0.6850476264953613,0.02626381814479828,8638.0,0.0
2268,1.1990636450063903,97.1008,7.370185375213623,0.029391195625066757,0.03341364860534668,0.01171875,0.6872318983078003,0.029833011329174042,8693.0,0.0
2269,1.2096691479964647,97.1008,7.0097479820251465,0.01323271170258522,0.024927470833063126,0.0107421875,0.653424084186554,0.021979553624987602,8864.0,0.0
2270,1.2312356629990973,97.1008,6.72530460357666,0.007605084218084812,0.034276269376277924,0.0107421875,0.6298130750656128,0.020703217014670372,8668.0,0.0
2271,1.2070480909969774,97.1008,6.848572731018066,0.013137781992554665,0.03146118298172951,0.0107421875,0.6430155038833618,0.019633760675787926,8637.0,1.0
2272,1.2009788100040169,97.1008,7.09713077545166,0.021077610552310944,0.025117095559835434,0.0107421875,0.6642065048217773,0.02321009151637554,8659.0,0.0
2273,1.193883851999999,97.1008,7.0246901512146,0.017076779156923294,0.03684470057487488,0.0107421875,0.6547582149505615,0.021248575299978256,8843.0,0.0
2274,1.191142363997642,97.1008,6.802894592285156,0.011652043089270592,0.021689966320991516,0.0107421875,0.6375014781951904,0.021836107596755028,8651.0,0.0
2275,1.193806950999715,97.1008,7.037197589874268,0.021220708265900612,0.03568412736058235,0.0107421875,0.6555467844009399,0.028563229367136955,8670.0,0.0
2276,1.196208748006029,97.1008,7.027205467224121,0.01907152682542801,0.02024216763675213,0.009765625,0.6564355492591858,0.02435014769434929,8696.0,0.0
2277,1.2156552960004774,97.1008,6.951474666595459,0.016872674226760864,0.034039225429296494,0.009765625,0.6473009586334229,0.022404666990041733,8802.0,0.0
2278,1.2216706609979155,97.1008,6.837950229644775,0.008621519431471825,0.028530318289995193,0.009765625,0.6425713896751404,0.019309796392917633,8699.0,0.0
2279,1.2407127729966305,97.1008,7.016506671905518,0.015305846929550171,0.02866310440003872,0.009765625,0.6585232019424438,0.021310588344931602,8659.0,0.0
2280,1.2302330670063384,97.1008,7.048051357269287,0.020002199336886406,0.02403901517391205,0.009765625,0.6615374088287354,0.021192729473114014,8659.0,0.0
2281,1.2272280249962932,97.1008,7.0670857429504395,0.01972511224448681,0.029565831646323204,0.009765625,0.6589571237564087,0.022790726274251938,8762.0,0.0
2282,1.235249040000781,97.1008,6.8633222579956055,0.012915265746414661,0.030082570388913155,0.009765625,0.6414883732795715,0.024933282285928726,8709.0,1.0
2283,1.2012353589962004,97.1008,7.028378963470459,0.01825474202632904,0.029135866090655327,0.009765625,0.6552293300628662,0.02778419479727745,8688.0,0.0
2284,1.1829821709980024,97.1008,7.029850006103516,0.017553197219967842,0.023746168240904808,0.0087890625,0.6597076654434204,0.021433880552649498,8678.0,1.0
2285,1.170960137998918,97.1008,7.204012870788574,0.021440526470541954,0.033403459936380386,0.0087890625,0.6725215911865234,0.023718958720564842,8749.0,0.0
2286,1.1675415950012393,97.1008,6.888797283172607,0.006051596719771624,0.022379402071237564,0.0087890625,0.6476795673370361,0.018223127350211143,8750.0,0.0
2287,1.169871598998725,97.1008,7.023456573486328,0.012110230512917042,0.031229466199874878,0.0087890625,0.6602834463119507,0.020199058577418327,8656.0,1.0
2288,1.1678892609998002,97.1008,7.09654426574707,0.016255315393209457,0.027605745941400528,0.0087890625,0.6676089763641357,0.019515177235007286,8656.0,0.0
2289,1.1938686649955343,97.1008,7.246294975280762,0.022401541471481323,0.03558874875307083,0.0087890625,0.6773872375488281,0.023958519101142883,8691.0,0.0
2290,1.2227989940001862,97.1008,7.149565696716309,0.018016688525676727,0.02751975879073143,0.0087890625,0.6663214564323425,0.028362061828374863,8803.0,1.0
2291,1.2526536430013948,97.1008,7.08950138092041,0.014976836740970612,0.02883361093699932,0.0087890625,0.6633689403533936,0.023606596514582634,8706.0,0.0
2292,1.2783108410003479,97.1008,7.122018814086914,0.02172708511352539,0.02587565965950489,0.0087890625,0.6693507432937622,0.020739786326885223,8632.0,0.0
2293,1.2420540670063929,97.1008,7.270929336547852,0.026656189933419228,0.025797368958592415,0.0087890625,0.6809582710266113,0.02281176671385765,8699.0,0.0
2294,1.2072728700004518,97.1008,7.182439804077148,0.020892105996608734,0.040844205766916275,0.0087890625,0.6728407740592957,0.022005518898367882,8807.0,0.0
2295,1.1937390300008701,97.1008,6.963080406188965,0.013729101046919823,0.027171695604920387,0.0087890625,0.6543401479721069,0.01989850215613842,8680.0,0.0
2296,1.1746586170047522,97.1008,7.081761837005615,0.019708458334207535,0.03803123161196709,0.0087890625,0.6658739447593689,0.02009996585547924,8637.0,0.0
2297,1.1534054900039337,97.1008,7.415986061096191,0.030170893296599388,0.027032040059566498,0.0087890625,0.693924605846405,0.026361368596553802,8654.0,0.0
2298,1.1527606150048086,97.1008,7.32738733291626,0.02316262386739254,0.03378405049443245,0.0087890625,0.6809956431388855,0.02922416292130947,8872.0,1.0
2299,1.1700953710023896,97.1008,6.840447902679443,0.007166154216974974,0.033821746706962585,0.0087890625,0.6420198678970337,0.02032569795846939,8673.0,0.0
2300,1.1785134079982527,97.1008,6.944404125213623,0.014300594106316566,0.028871679678559303,0.0087890625,0.6510489583015442,0.021547745913267136,8663.0,1.0
2301,1.1731692579996889,97.1008,6.999112129211426,0.01747894287109375,0.034525807946920395,0.009765625,0.6565676927566528,0.02061537280678749,8650.0,0.0
2302,1.1693824320027488,97.1008,6.862888336181641,0.016009479761123657,0.01798643358051777,0.009765625,0.6382152438163757,0.023216355592012405,8837.0,0.0
2303,1.168231879004452,97.1008,6.699121952056885,0.006252894178032875,0.03689029440283775,0.009765625,0.6287593245506287,0.019051574170589447,8669.0,0.0
2304,1.179738423001254,97.1008,6.881468296051025,0.01478906162083149,0.0211532860994339,0.009765625,0.6453267335891724,0.0215674489736557,8640.0,0.0
2305,1.2012652330013225,97.1008,7.167675018310547,0.028572015464305878,0.02988438680768013,0.009765625,0.6679452657699585,0.02955121360719204,8641.0,0.0
2306,1.208720896000159,97.1008,7.238534927368164,0.024885205551981926,0.028476394712924957,0.009765625,0.6716874837875366,0.027465075254440308,8897.0,1.0
2307,1.1891969260032056,97.1008,6.817576885223389,0.007842082530260086,0.03047441691160202,0.0087890625,0.6405970454216003,0.019619502127170563,8661.0,0.0
2308,1.1896286850023898,97.1008,6.999477863311768,0.011816238984465599,0.03651998192071915,0.0087890625,0.6574615836143494,0.02080654725432396,8664.0,0.0
2309,1.205508128994552,97.1008,7.150926113128662,0.0172322578728199,0.030829723924398422,0.0087890625,0.670844316482544,0.02216832898557186,8639.0,1.0
2310,1.1742611299996497,97.1008,7.180696487426758,0.017650317400693893,0.029679587110877037,0.0087890625,0.6685590147972107,0.023180758580565453,8843.0,2.0
2311,1.1710710179977468,97.1008,6.842723369598389,0.0050012413412332535,0.03081807680428028,0.0087890625,0.6433950662612915,0.01887083798646927,8674.0,1.0
2312,1.1648354249991826,97.1008,7.095093250274658,0.015425479039549828,0.02632344514131546,0.0087890625,0.6655475497245789,0.023707564920186996,8636.0,0.0
2313,1.1637295149994316,97.1008,7.359238624572754,0.026081813499331474,0.027753444388508797,0.0087890625,0.6864193677902222,0.029407765716314316,8684.0,0.0
2314,1.1463087930023903,97.1008,7.231972694396973,0.021699823439121246,0.025735272094607353,0.0087890625,0.6744639873504639,0.023940186947584152,8804.0,1.0
2315,1.1604231930032256,97.1008,7.006121635437012,0.010106640867888927,0.030470866709947586,0.0087890625,0.6577917337417603,0.021310200914740562,8707.0,0.0
2316,1.182509995996952,97.1008,7.0308332443237305,0.012085014954209328,0.02389579266309738,0.0087890625,0.6619240641593933,0.01925903931260109,8672.0,1.0
2317,1.2096658009977546,97.1008,7.235914707183838,0.020549239590764046,0.027724910527467728,0.0087890625,0.6797199249267578,0.02271055243909359,8653.0,0.0
2318,1.224295751999307,97.1008,7.252196788787842,0.020087674260139465,0.02702505886554718,0.0087890625,0.6780244708061218,0.02251649647951126,8751.0,0.0
2319,1.2199593230034225,97.1008,6.838353633880615,0.0075809042900800705,0.03255238011479378,0.0087890625,0.6413359642028809,0.021048856899142265,8745.0,0.0
2320,1.2652699499958544,97.1008,7.033724784851074,0.011775348335504532,0.0356040820479393,0.0087890625,0.6577721834182739,0.02661571279168129,8639.0,1.0
2321,1.2129283489994123,97.1008,7.1923136711120605,0.01496984250843525,0.02814621850848198,0.0087890625,0.6711574792861938,0.02680487558245659,8715.0,0.0
2322,1.198764212000242,97.1008,7.06964111328125,0.01613811030983925,0.037916917353868484,0.0087890625,0.6613463759422302,0.022280504927039146,8698.0,1.0
2323,1.1556619539987878,97.1008,6.780951976776123,0.00948131363838911,0.03606872633099556,0.0087890625,0.6336914896965027,0.021194439381361008,8813.0,0.0
2324,1.1433037369934027,97.1008,6.827770233154297,0.008168973959982395,0.030078381299972534,0.0087890625,0.6413850784301758,0.020129408687353134,8637.0,0.0
2325,1.1620941599976504,97.1008,7.002588272094727,0.012719452381134033,0.03761061280965805,0.0087890625,0.6571069359779358,0.02164570987224579,8672.0,1.0
2326,1.1666800179955317,97.1008,7.072385311126709,0.017790382727980614,0.026317281648516655,0.0087890625,0.6623449921607971,0.02178625762462616,8670.0,0.0
2327,1.1583636869982001,97.1008,6.956164360046387,0.013221555389463902,0.0372428297996521,0.0087890625,0.6490757465362549,0.024427209049463272,8807.0,0.0
2328,1.1810767129936721,97.1008,7.007968425750732,0.01790017820894718,0.029097214341163635,0.0087890625,0.652350664138794,0.028550781309604645,8685.0,0.0
2329,1.1941315440053586,97.1008,6.991689682006836,0.017826665192842484,0.025575071573257446,0.0087890625,0.6556674838066101,0.022046847268939018,8667.0,0.0
2330,1.2024359900024137,97.1008,7.077936172485352,0.028004521504044533,0.027298320084810257,0.009765625,0.6623978018760681,0.023088641464710236,8655.0,1.0
2331,1.2309284599978128,97.1008,6.822286605834961,0.020330972969532013,0.03639533743262291,0.009765625,0.6368939280509949,0.020635541528463364,8857.0,0.0
2332,1.2515480450019822,97.1008,6.690315246582031,0.01662038452923298,0.039470817893743515,0.009765625,0.6270956993103027,0.020842265337705612,8652.0,2.0
2333,1.25488258900441,97.1008,6.729331016540527,0.017538385465741158,0.03489093855023384,0.009765625,0.6316643953323364,0.01978442631661892,8661.0,0.0
2334,1.2266840539959958,97.1008,6.822290420532227,0.023413900285959244,0.030837412923574448,0.009765625,0.637971818447113,0.022494729608297348,8645.0,0.0
2335,1.2217920999974012,97.1008,7.078273296356201,0.023302244022488594,0.03722349554300308,0.009765625,0.656894862651825,0.02801310084760189,8825.0,0.0
2336,1.212453722000646,97.1008,6.984889507293701,0.01285509578883648,0.029124632477760315,0.009765625,0.6518215537071228,0.0265570729970932,8701.0,0.0
2337,1.194730798000819,97.1008,6.942095756530762,0.009264333173632622,0.032110877335071564,0.009765625,0.6519392728805542,0.01966509036719799,8664.0,1.0
2338,1.1773516459943494,97.1008,7.185758113861084,0.014337414875626564,0.028343405574560165,0.009765625,0.6735114455223083,0.022325031459331512,8669.0,0.0
2339,1.1597065850000945,97.1008,6.9474053382873535,0.0127458106726408,0.031599678099155426,0.009765625,0.6471484303474426,0.0216977559030056,8817.0,0.0
2340,1.1633875360057573,97.1008,6.634408473968506,0.005715175066143274,0.03302585706114769,0.009765625,0.6209161877632141,0.020788341760635376,8690.0,1.0
2341,1.1673877159992117,97.1008,6.703361988067627,0.009890595450997353,0.03265402838587761,0.009765625,0.6294893622398376,0.0188432764261961,8640.0,0.0
2342,1.1880370219951146,97.1008,6.930147171020508,0.02018275484442711,0.030396588146686554,0.009765625,0.6476550102233887,0.024014374241232872,8639.0,0.0
2343,1.1883939319959609,97.1008,7.168070316314697,0.024104058742523193,0.043245550245046616,0.009765625,0.6622440218925476,0.030759036540985107,8832.0,0.0
2344,1.21990281699982,97.1008,6.722372055053711,0.008861888200044632,0.029337171465158463,0.009765625,0.6288599371910095,0.021390389651060104,8724.0,0.0
2345,1.2220470370011753,97.1008,6.853643894195557,0.015721259638667107,0.026818204671144485,0.0107421875,0.6430954933166504,0.020234104245901108,8641.0,1.0
2346,1.2310207209957298,97.1008,6.987682819366455,0.021738683804869652,0.0320013128221035,0.009765625,0.6553618907928467,0.020489204674959183,8670.0,0.0
2347,1.2242014809962711,97.1008,7.118626594543457,0.024938803166151047,0.031156469136476517,0.009765625,0.6616320610046387,0.02381475642323494,8792.0,0.0
2348,1.2325570110042463,97.1008,6.9196600914001465,0.009228802286088467,0.03239920735359192,0.009765625,0.6509076356887817,0.019349385052919388,8717.0,0.0
2349,1.1681907629972557,97.1008,7.099711894989014,0.014153997413814068,0.03882225602865219,0.009765625,0.6682479381561279,0.0201916191726923,8642.0,1.0
2350,1.1539892810033052,97.1008,7.471736431121826,0.02529962919652462,0.02616260200738907,0.009765625,0.7003713846206665,0.02666875720024109,8633.0,0.0
2351,1.19838845400227,97.1008,7.550327301025391,0.0318613201379776,0.03278428688645363,0.009765625,0.7023776769638062,0.029939761385321617,8784.0,1.0
2352,1.199760299998161,97.1008,6.725861549377441,0.009176265448331833,0.022869763895869255,0.009765625,0.6308366656303406,0.01945699378848076,8778.0,0.0
2353,1.1826688599976478,97.1008,6.798267364501953,0.011177345179021358,0.02850881963968277,0.009765625,0.637435793876648,0.020783307030797005,8667.0,1.0
2354,1.1583590980008012,97.1008,6.8572282791137695,0.017793036997318268,0.034805264323949814,0.009765625,0.6435264945030212,0.01987534388899803,8632.0,0.0
2355,1.1590047950012377,97.1008,6.958603858947754,0.02502315118908882,0.03639921173453331,0.009765625,0.6484414935112,0.023544495925307274,8715.0,0.0
2356,1.2311973219984793,97.1008,6.669455051422119,0.010162978433072567,0.043832939118146896,0.009765625,0.6247553825378418,0.01865777000784874,8804.0,1.0
2357,1.236234603995399,97.1008,6.806685447692871,0.013781026005744934,0.023642033338546753,0.009765625,0.6380815505981445,0.021565739065408707,8635.0,0.0
2358,1.223242724998272,97.1008,7.058931350708008,0.020713303238153458,0.038652531802654266,0.009765625,0.6575034856796265,0.02840711735188961,8660.0,0.0
2359,1.230477614000847,97.1008,7.019942760467529,0.020777899771928787,0.031549643725156784,0.009765625,0.6540810465812683,0.024768715724349022,8731.0,1.0
2360,1.2131688270019367,97.1008,6.875437259674072,0.008502135053277016,0.030598623678088188,0.009765625,0.6430942416191101,0.02107761800289154,8808.0,0.0
2361,1.167789768995135,97.1008,6.752293109893799,0.006729519926011562,0.028949737548828125,0.009765625,0.634048581123352,0.019368179142475128,8667.0,1.0
2362,1.1599681570005487,97.1008,6.988603591918945,0.013681326061487198,0.035706207156181335,0.0087890625,0.6556928753852844,0.021464984863996506,8652.0,0.0
2363,1.1429787169981864,97.1008,7.071597576141357,0.01983477920293808,0.031737055629491806,0.0087890625,0.662656307220459,0.021531876176595688,8675.0,1.0
2364,1.1742851130038616,97.1008,6.9501423835754395,0.013684496283531189,0.038589559495449066,0.0087890625,0.6494269371032715,0.020860573276877403,8828.0,0.0
2365,1.1692376900027739,97.1008,7.022429466247559,0.01357264630496502,0.03565879911184311,0.0087890625,0.6582774519920349,0.024361705407500267,8635.0,0.0
2366,1.1577535570031614,97.1008,7.089508533477783,0.020874664187431335,0.03734140843153,0.0087890625,0.6614491939544678,0.027538452297449112,8684.0,0.0
2367,1.1636817769976915,97.1008,7.00297737121582,0.018728382885456085,0.035300616174936295,0.0087890625,0.6554954051971436,0.022123143076896667,8684.0,1.0
2368,1.1841314279954531,97.1008,6.955942630767822,0.015048220753669739,0.026338936761021614,0.0087890625,0.647170901298523,0.02316775918006897,8855.0,0.0
2369,1.1859318760034512,97.1008,6.788262844085693,0.008153660222887993,0.03734034672379494,0.0087890625,0.6377063989639282,0.018959399312734604,8637.0,0.0
2370,1.2094400670030154,97.1008,7.00785493850708,0.019644569605588913,0.018167786300182343,0.0087890625,0.6574865579605103,0.021891247481107712,8654.0,1.0
2371,1.2319805689985515,97.1008,7.187497138977051,0.025332435965538025,0.035140443593263626,0.0087890625,0.6744229197502136,0.021208539605140686,8667.0,1.0
2372,1.2344992159996764,97.1008,7.230850696563721,0.027583032846450806,0.013920866884291172,0.0087890625,0.6742775440216064,0.02438194677233696,8819.0,1.0
2373,1.246638882003026,97.1008,7.108010768890381,0.01888398639857769,0.029340164735913277,0.0087890625,0.663909912109375,0.028120573610067368,8685.0,0.0
2374,1.236199762999604,97.1008,7.117164134979248,0.015432961285114288,0.02069648541510105,0.0087890625,0.6672353744506836,0.02334587275981903,8694.0,0.0
2375,1.214967246996821,97.1008,7.157780170440674,0.0171571783721447,0.03681471571326256,0.0087890625,0.6723417043685913,0.021266957744956017,8640.0,0.0
2376,1.188338249005028,97.1008,7.156139373779297,0.019170882180333138,0.03394326567649841,0.0087890625,0.6672079563140869,0.022150127217173576,8830.0,0.0
2377,1.1821238069969695,97.1008,6.814610958099365,0.009137652814388275,0.04361918941140175,0.0087890625,0.6403332948684692,0.020311005413532257,8676.0,1.0
2378,1.19120937599655,97.1008,6.886609077453613,0.012068296782672405,0.02513376995921135,0.0087890625,0.6465474367141724,0.019602835178375244,8675.0,0.0
2379,1.1964794880041154,97.1008,6.999945163726807,0.020840484648942947,0.029883963987231255,0.0087890625,0.6572751402854919,0.020373325794935226,8637.0,0.0
2380,1.1871677930030273,97.1008,7.1894636154174805,0.02538115158677101,0.03351796418428421,0.0087890625,0.6680259704589844,0.026613347232341766,8775.0,1.0
2381,1.2087789620054536,97.1008,6.984198570251465,0.01556001603603363,0.03006744757294655,0.0087890625,0.6508969664573669,0.026732441037893295,8748.0,1.0
2382,1.2080863280061749,97.1008,6.815511703491211,0.011021130718290806,0.031115787103772163,0.0087890625,0.6399823427200317,0.019720222800970078,8677.0,2.0
2383,1.2164772230025847,97.1008,7.074110984802246,0.021515268832445145,0.028089215978980064,0.009765625,0.6629641056060791,0.021961724385619164,8662.0,1.0
2384,1.2107479439946474,97.1008,7.223288059234619,0.02254616841673851,0.03564874082803726,0.009765625,0.6764170527458191,0.02136840485036373,8743.0,0.0
2385,1.2280972480002674,97.1008,7.046758651733398,0.010471273213624954,0.03224429860711098,0.009765625,0.6615067720413208,0.021046102046966553,8754.0,0.0
2386,1.2470373100004508,97.1008,7.060904026031494,0.010685824789106846,0.03582485020160675,0.009765625,0.6649512052536011,0.018694043159484863,8665.0,0.0
2387,1.2521822740018251,97.1008,7.238781452178955,0.019022293388843536,0.024676289409399033,0.009765625,0.6807503700256348,0.02202480658888817,8629.0,0.0
2388,1.2224332810001215,97.1008,7.545061111450195,0.02852875180542469,0.03652603551745415,0.009765625,0.7035621404647827,0.030273204669356346,8705.0,1.0
2389,1.1879173150009592,97.1008,7.09079122543335,0.012616369873285294,0.026788493618369102,0.009765625,0.6619755029678345,0.024603066965937614,8863.0,0.0
2390,1.1935083350035711,97.1008,6.894988059997559,0.007612296845763922,0.036812569946050644,0.009765625,0.648669958114624,0.01916106790304184,8639.0,0.0
2391,1.1975762439979007,97.1008,7.136664867401123,0.016035329550504684,0.03369695693254471,0.009765625,0.6711357831954956,0.020307937636971474,8657.0,0.0
2392,1.19846388699807,97.1008,7.2851362228393555,0.021950311958789825,0.03141452372074127,0.009765625,0.6827914714813232,0.022625479847192764,8675.0,1.0
2393,1.2201334979981766,97.1008,7.045666694641113,0.011243326589465141,0.0380517803132534,0.009765625,0.6597490310668945,0.020720871165394783,8842.0,0.0
2394,1.2261927450017538,97.1008,6.930027484893799,0.009646398015320301,0.031317900866270065,0.009765625,0.6528018712997437,0.018427038565278053,8642.0,0.0
2395,1.2509081320022233,97.1008,7.21025276184082,0.021748393774032593,0.03263956308364868,0.009765625,0.6761984825134277,0.024075854569673538,8632.0,1.0
2396,1.2843131389963673,97.1008,7.4078369140625,0.033384114503860474,0.01879892498254776,0.0107421875,0.6893788576126099,0.029990918934345245,8703.0,1.0
2397,1.2748371869965922,97.1008,7.007218837738037,0.02061818167567253,0.03632909804582596,0.009765625,0.6536399126052856,0.02180471085011959,8862.0,0.0
2398,1.2425324819996604,97.1008,6.841414928436279,0.013361234217882156,0.03309893608093262,0.009765625,0.6418887376785278,0.020593686029314995,8651.0,0.0
2399,1.227515417005634,97.1008,6.86674690246582,0.016227468848228455,0.027332162484526634,0.009765625,0.6459523439407349,0.018794260919094086,8650.0,0.0
2400,1.2174313240029733,97.1008,7.043239116668701,0.023630037903785706,0.02587210200726986,0.009765625,0.6592316031455994,0.02294931933283806,8663.0,0.0
2401,1.182341784995515,97.1008,6.93630313873291,0.016421321779489517,0.028674323111772537,0.0087890625,0.6471936702728271,0.02054208144545555,8853.0,0.0
2402,1.1657114480040036,97.1008,6.7257208824157715,0.012483320198953152,0.031240014359354973,0.0087890625,0.6311542987823486,0.01997254230082035,8637.0,0.0
2403,1.153613795999263,97.1008,7.023883819580078,0.023154035210609436,0.03104461543262005,0.0087890625,0.6559877991676331,0.026842622086405754,8638.0,0.0
2404,1.1701512139989063,97.1008,7.062172889709473,0.02646726556122303,0.04046866297721863,0.0087890625,0.6572284698486328,0.027018051594495773,8724.0,0.0
2405,1.1781533809989924,97.1008,6.841819763183594,0.017797870561480522,0.03372034430503845,0.0078125,0.6369525194168091,0.021420814096927643,8821.0,1.0
2406,1.1751968229946215,97.1008,6.6928391456604,0.009110999293625355,0.046830661594867706,0.0078125,0.6275396347045898,0.019750850275158882,8686.0,0.0
2407,1.2079193530007615,97.1008,6.892061233520508,0.016327500343322754,0.029834693297743797,0.0078125,0.6469305753707886,0.019939912483096123,8635.0,0.0
2408,1.2274099999995087,97.1008,7.053968906402588,0.02232230082154274,0.04437439888715744,0.0078125,0.6607277393341064,0.0217315461486578,8675.0,0.0
2409,1.239624112000456,97.1008,7.014317035675049,0.023578785359859467,0.03554639220237732,0.0078125,0.6534285545349121,0.021066516637802124,8813.0,0.0
2410,1.243537328999082,97.1008,6.792286396026611,0.018518149852752686,0.040003452450037,0.0078125,0.6360089778900146,0.022479062899947166,8667.0,0.0
2411,1.2387721269988106,97.1008,7.041343688964844,0.02713356539607048,0.030026184394955635,0.0078125,0.6554467082023621,0.027970967814326286,8684.0,1.0
2412,1.2512289540027268,97.1008,7.046806335449219,0.023631859570741653,0.03046341985464096,0.0078125,0.6597466468811035,0.02213771641254425,8671.0,0.0
2413,1.2265194709980278,97.1008,7.095362186431885,0.02192535251379013,0.040331512689590454,0.0078125,0.6601619720458984,0.02315114066004753,8785.0,0.0
2414,1.2309690920010325,97.1008,6.71559476852417,0.007217247970402241,0.03997841104865074,0.0078125,0.6307980418205261,0.018106535077095032,8725.0,0.0
2415,1.188992834999226,97.1008,6.8777995109558105,0.01584855280816555,0.035741738975048065,0.0087890625,0.6455338597297668,0.02030886337161064,8655.0,1.0
2416,1.1734187030015164,97.1008,7.0269775390625,0.022952789440751076,0.03555668145418167,0.0087890625,0.6600326299667358,0.019563131034374237,8657.0,0.0
2417,1.165977438999107,97.1008,7.140639305114746,0.023682929575443268,0.032115958631038666,0.0087890625,0.6662023663520813,0.02281884104013443,8740.0,1.0
2418,1.1840529559995048,97.1008,7.082941055297852,0.015230841003358364,0.0298273004591465,0.0087890625,0.6627404689788818,0.025806989520788193,8737.0,0.0
2419,1.1810729169956176,97.1008,7.06749963760376,0.016640905290842056,0.02980135567486286,0.0087890625,0.6591598987579346,0.02599213272333145,8721.0,0.0
2420,1.2473118060006527,97.1008,7.047693729400635,0.016565125435590744,0.037772055715322495,0.0087890625,0.6620113253593445,0.019880181178450584,8633.0,0.0
2421,1.2442383539964794,97.1008,7.18382453918457,0.02642127312719822,0.03275441378355026,0.0087890625,0.6706734895706177,0.023346131667494774,8740.0,0.0
2422,1.2456916329974774,97.1008,6.992634296417236,0.01367860659956932,0.03302761912345886,0.0087890625,0.6561274528503418,0.020302582532167435,8770.0,0.0
2423,1.250174941997102,97.1008,7.037356853485107,0.014429827220737934,0.03183257579803467,0.0087890625,0.6603806018829346,0.02102651447057724,8675.0,0.0
2424,1.228987974995107,97.1008,7.048657417297363,0.01886850595474243,0.03724030777812004,0.0087890625,0.663436233997345,0.019262969493865967,8636.0,1.0
2425,1.2162952170037897,97.1008,7.208795547485352,0.024683285504579544,0.02937377244234085,0.0087890625,0.6732974052429199,0.02516196295619011,8679.0,3.0
2426,1.2386129399965284,97.1008,7.02300500869751,0.018149303272366524,0.03891977667808533,0.0087890625,0.6531062126159668,0.02862299047410488,8840.0,0.0
2427,1.2164122950052842,97.1008,6.755128383636475,0.007886516861617565,0.03012370504438877,0.0087890625,0.6331230998039246,0.020529605448246002,8680.0,1.0
2428,1.18284575099824,97.1008,6.875744342803955,0.016672596335411072,0.03651484474539757,0.0087890625,0.6452592611312866,0.020447926595807076,8633.0,0.0
2429,1.1875988199972198,97.1008,6.994767189025879,0.023352906107902527,0.03181916102766991,0.0087890625,0.6549946069717407,0.021189764142036438,8688.0,0.0
2430,1.2074875380058074,97.1008,6.935996055603027,0.016661792993545532,0.03320267051458359,0.0087890625,0.6476075053215027,0.022211765870451927,8843.0,0.0
2431,1.2098523000022396,97.1008,6.786856651306152,0.010555579327046871,0.0345175564289093,0.0087890625,0.6372174024581909,0.019346920773386955,8656.0,0.0
2432,1.2129281259985873,97.1008,6.862318515777588,0.016045963391661644,0.032327912747859955,0.0087890625,0.6436135172843933,0.021260544657707214,8632.0,0.0
2433,1.2039823150043958,97.1008,7.1573309898376465,0.026742856949567795,0.032839544117450714,0.0087890625,0.6667587161064148,0.02859587036073208,8654.0,0.0
2434,1.2462558490005904,97.1008,6.976474285125732,0.021081285551190376,0.037949174642562866,0.0087890625,0.6460046172142029,0.028866713866591454,8877.0,0.0
2435,1.2578574369981652,97.1008,6.5420989990234375,0.00855991616845131,0.03355417773127556,0.0078125,0.613744854927063,0.01896074414253235,8672.0,0.0
2436,1.2510929830023088,97.1008,6.761648654937744,0.016587769612669945,0.033878110349178314,0.0078125,0.633091926574707,0.020982693880796432,8662.0,2.0
2437,1.2482367459961097,97.1008,6.994570255279541,0.017914170399308205,0.026564372703433037,0.0078125,0.6558499336242676,0.02120037190616131,8643.0,0.0
2438,1.251970039003936,97.1008,6.968572616577148,0.017071954905986786,0.041284989565610886,0.0078125,0.648464560508728,0.023080667480826378,8852.0,1.0
2439,1.238113309002074,97.1008,6.658588886260986,0.008041508495807648,0.030360577628016472,0.0078125,0.626276433467865,0.017662545666098595,8661.0,1.0
2440,1.2329776640035561,97.1008,7.001350402832031,0.018618268892169,0.030274953693151474,0.0078125,0.6566208004951477,0.022136030718684196,8630.0,0.0
2441,1.2394256979969214,97.1008,7.260314464569092,0.028134001418948174,0.02881275676190853,0.0078125,0.6763230562210083,0.029291141778230667,8673.0,0.0
2442,1.1980797340002027,97.1008,7.157670974731445,0.01801932230591774,0.029375135898590088,0.0078125,0.6656194925308228,0.02408529818058014,8868.0,1.0
2443,1.2099504420039011,97.1008,6.779007434844971,0.005192459560930729,0.031127844005823135,0.0078125,0.6367761492729187,0.01944631338119507,8665.0,0.0
2444,1.2424366289997124,97.1008,6.866084098815918,0.012741106562316418,0.03273614123463631,0.0068359375,0.6449920535087585,0.01933964714407921,8659.0,0.0
2445,1.2493537549962639,97.1008,7.028158187866211,0.026647720485925674,0.02884373441338539,0.0068359375,0.6578232645988464,0.022379515692591667,8656.0,0.0
2446,1.2537965969968354,97.1008,7.012085914611816,0.025134021416306496,0.03153643012046814,0.0068359375,0.6531188488006592,0.021903730928897858,8813.0,0.0
2447,1.2618387050024467,97.1008,6.691099166870117,0.012705329805612564,0.03809867799282074,0.0068359375,0.6278433799743652,0.018775574862957,8693.0,0.0
2448,1.2709230030013714,97.1008,6.896195411682129,0.02057814784348011,0.027012180536985397,0.0068359375,0.6447887420654297,0.024236654862761497,8632.0,0.0
2449,1.279153829003917,97.1008,7.028529644012451,0.028218895196914673,0.03494603559374809,0.0068359375,0.6549625992774963,0.027487263083457947,8686.0,0.0
2450,1.2692631309982971,97.1008,6.940162658691406,0.024228397756814957,0.0369526706635952,0.0068359375,0.6463886499404907,0.021971791982650757,8792.0,2.0
2451,1.262729048001347,97.1008,6.7440338134765625,0.011330585926771164,0.024447590112686157,0.0068359375,0.6313705444335938,0.02031233347952366,8753.0,0.0
2452,1.262502808996942,97.1008,6.756835460662842,0.013266771100461483,0.03146709129214287,0.0068359375,0.6346530914306641,0.018835781142115593,8631.0,0.0
2453,1.2588128479983425,97.1008,6.961688041687012,0.020025629550218582,0.02511674351990223,0.0068359375,0.6519178152084351,0.021913891658186913,8655.0,0.0
2454,1.252988631997141,97.1008,7.065588474273682,0.020166389644145966,0.034470103681087494,0.0068359375,0.6607151627540588,0.021014941856265068,8739.0,0.0
2455,1.231028492002224,97.1008,6.801973342895508,0.014148608781397343,0.032127413898706436,0.0068359375,0.6363503932952881,0.02139957807958126,8763.0,1.0
2456,1.2479111889988417,97.1008,6.944549083709717,0.022243928164243698,0.022918224334716797,0.0068359375,0.6474318504333496,0.026877865195274353,8660.0,1.0
2457,1.2620957890030695,97.1008,6.958911895751953,0.025908730924129486,0.03059348650276661,0.0068359375,0.6502396464347839,0.023088276386260986,8687.0,0.0
2458,1.2603916169973672,97.1008,7.067493438720703,0.027847150340676308,0.03592216596007347,0.005859375,0.6603155136108398,0.022236978635191917,8694.0,0.0
2459,1.2602746459961054,97.1008,6.871777057647705,0.015073152258992195,0.030711231753230095,0.005859375,0.6435674428939819,0.019829027354717255,8827.0,1.0
2460,1.270058504996996,97.1008,6.837892055511475,0.01701335981488228,0.035910338163375854,0.005859375,0.6416580677032471,0.020167190581560135,8649.0,0.0
2461,1.276133524996112,97.1008,6.97871732711792,0.02482200786471367,0.030159203335642815,0.005859375,0.6555622816085815,0.019628986716270447,8654.0,0.0
2462,1.2741076210004394,97.1008,7.179315090179443,0.026403410360217094,0.029957227408885956,0.005859375,0.6727555990219116,0.02164369449019432,8663.0,0.0
2463,1.2698872039982234,97.1008,7.087978363037109,0.021948501467704773,0.032629210501909256,0.005859375,0.6604732275009155,0.025668274611234665,8822.0,0.0
2464,1.2693849859933835,97.1008,6.977014541625977,0.01930290460586548,0.0290863998234272,0.005859375,0.6507038474082947,0.027283519506454468,8680.0,0.0
2465,1.2548179919976974,97.1008,6.885104656219482,0.016068942844867706,0.03520907834172249,0.005859375,0.6452723741531372,0.02063792757689953,8677.0,1.0
2466,1.2515792200065334,97.1008,7.05563497543335,0.023596256971359253,0.025575291365385056,0.005859375,0.6585183143615723,0.023256203159689903,8677.0,0.0
2467,1.2526638210038072,97.1008,6.945700168609619,0.018886376172304153,0.034400574862957,0.005859375,0.6493929624557495,0.02016349509358406,8829.0,0.0
2468,1.2570846579983481,97.1008,6.894720077514648,0.014407889917492867,0.03266484662890434,0.005859375,0.6476368308067322,0.02030922845005989,8652.0,0.0
2469,1.2667806430035853,97.1008,7.010073184967041,0.018420331180095673,0.027992142364382744,0.005859375,0.6589161157608032,0.01870587095618248,8661.0,0.0
2470,1.2476667359951534,97.1008,7.236746311187744,0.027872007340192795,0.024806804955005646,0.005859375,0.6785280108451843,0.022811390459537506,8644.0,0.0
2471,1.2564328930020565,97.1008,7.406978130340576,0.02855418436229229,0.026225436478853226,0.005859375,0.6880278587341309,0.02928837761282921,8844.0,1.0
2472,1.2672836769997957,97.1008,7.117668628692627,0.015215885825455189,0.027530912309885025,0.0048828125,0.667534351348877,0.022698989138007164,8718.0,1.0
2473,1.2719154529986554,97.1008,7.102745056152344,0.018046371638774872,0.021430959925055504,0.0048828125,0.6688458323478699,0.01952175423502922,8638.0,0.0
2474,1.2817594799998915,97.1008,7.352170944213867,0.025158364325761795,0.026574119925498962,0.0048828125,0.6904652118682861,0.02127397432923317,8670.0,0.0
2475,1.2795325269980822,97.1008,7.266901969909668,0.021548239514231682,0.029680700972676277,0.0048828125,0.6792322993278503,0.022711843252182007,8810.0,1.0
2476,1.2738056559974211,97.1008,6.874692916870117,0.011910848319530487,0.023607278242707253,0.0048828125,0.6459566950798035,0.01945924572646618,8703.0,0.0
2477,1.2694329829973867,97.1008,6.933749675750732,0.013072704896330833,0.03023678809404373,0.0048828125,0.6518978476524353,0.019350705668330193,8641.0,0.0
2478,1.2821624800053542,97.1008,7.160959720611572,0.020568858832120895,0.022657455876469612,0.0048828125,0.670160710811615,0.025431368499994278,8635.0,0.0
2479,1.2755565350016695,97.1008,7.2505035400390625,0.0251492690294981,0.033758487552404404,0.0048828125,0.6712555289268494,0.03039933741092682,8837.0,1.0
2480,1.269164195000485,97.1008,6.773776531219482,0.008200658485293388,0.02551748789846897,0.0048828125,0.635658860206604,0.019941139966249466,8724.0,0.0
2481,1.263952714005427,97.1008,6.854307651519775,0.014833543449640274,0.03202952817082405,0.0048828125,0.6423879861831665,0.020907139405608177,8664.0,1.0
2482,1.2437949599989224,97.1008,7.100721836090088,0.02231559529900551,0.026128295809030533,0.0048828125,0.6670873165130615,0.019643675535917282,8642.0,0.0
2483,1.2255629120045342,97.1008,7.14380407333374,0.030209725722670555,0.03779235854744911,0.0048828125,0.666064977645874,0.023531906306743622,8773.0,0.0
2484,1.229385260005074,97.1008,6.697567939758301,0.012173625640571117,0.03105837292969227,0.0048828125,0.6284704208374023,0.01855221390724182,8742.0,1.0
2485,1.2397363999989466,97.1008,6.740772247314453,0.015620298683643341,0.0349072590470314,0.0048828125,0.6324530839920044,0.0205546747893095,8635.0,0.0
2486,1.2584260340008768,97.1008,7.024486064910889,0.02791741117835045,0.03030107356607914,0.0048828125,0.6555132865905762,0.027902623638510704,8635.0,0.0
2487,1.2584237960036262,97.1008,7.0148420333862305,0.029567111283540726,0.02952895127236843,0.0048828125,0.6510385274887085,0.02733323536813259,8803.0,0.0
2488,1.2544832050043624,97.1008,6.815707683563232,0.012562624178826809,0.04325607419013977,0.0048828125,0.639299213886261,0.019496452063322067,8762.0,0.0
2489,1.2972827990015503,97.1008,6.898953914642334,0.0126043651252985,0.03420636057853699,0.0048828125,0.6482111215591431,0.019987229257822037,8663.0,0.0
2490,1.2650505549972877,97.1008,7.155093669891357,0.019943764433264732,0.0366973802447319,0.0048828125,0.6726654767990112,0.02123565971851349,8630.0,0.0
2491,1.2486981720066979,97.1008,7.191958904266357,0.02559700980782509,0.033070944249629974,0.0048828125,0.6720004081726074,0.023214608430862427,8730.0,0.0
2492,1.2500807600008557,97.1008,6.902921199798584,0.015682876110076904,0.038215458393096924,0.005859375,0.6472527384757996,0.019542094320058823,8796.0,2.0
2493,1.246002629006398,97.1008,6.989564418792725,0.018089957535266876,0.026942720636725426,0.005859375,0.6561734676361084,0.023089278489351273,8634.0,1.0
2494,1.242832025003736,97.1008,7.223184585571289,0.025143466889858246,0.03535770624876022,0.005859375,0.6739963293075562,0.02840397320687771,8680.0,0.0
2495,1.243994518998079,97.1008,7.12349796295166,0.021946046501398087,0.0250248983502388,0.005859375,0.6665970683097839,0.022562213242053986,8702.0,1.0
2496,1.2493625869974494,97.1008,6.977520942687988,0.013728717342019081,0.03277251124382019,0.005859375,0.6526780724525452,0.02129538170993328,8815.0,1.0
2497,1.248467580000579,97.1008,6.794632434844971,0.008093742653727531,0.022684967145323753,0.005859375,0.6398902535438538,0.01756480149924755,8667.0,0.0
2498,1.248658307005826,97.1008,6.941833019256592,0.019109565764665604,0.032811105251312256,0.005859375,0.6518069505691528,0.020717989653348923,8650.0,0.0
2499,1.2587531030003447,97.1008,7.0941033363342285,0.024693161249160767,0.029562098905444145,0.005859375,0.6652805805206299,0.021017882972955704,8676.0,0.0
2500,1.2566470929959905,97.1008,7.008737564086914,0.021653275936841965,0.030818436294794083,0.005859375,0.6538705229759216,0.02188011072576046,8827.0,5.0
2501,1.249987797003996,97.1008,6.920248508453369,0.018928781151771545,0.03644756227731705,0.005859375,0.6474952697753906,0.02581765316426754,8637.0,0.0
2502,1.2476314870000351,97.1008,7.033548355102539,0.0196064580231905,0.02022981084883213,0.0068359375,0.6563625931739807,0.025892287492752075,8723.0,1.0
2503,1.2624109009993845,97.1008,6.966047763824463,0.018311500549316406,0.03710460290312767,0.0068359375,0.6533079743385315,0.020922288298606873,8647.0,2.0
2504,1.2640198160006548,97.1008,6.960856914520264,0.01801145263016224,0.021197887137532234,0.0068359375,0.6485029458999634,0.02229270339012146,8849.0,0.0
2505,1.2641633520033793,97.1008,6.741917133331299,0.010239748284220695,0.035174861550331116,0.0068359375,0.6339324116706848,0.01935735158622265,8644.0,0.0
2506,1.2639932289966964,97.1008,6.883882522583008,0.01642654463648796,0.027774663642048836,0.0068359375,0.6459369659423828,0.02102239802479744,8677.0,0.0
2507,1.27186409800197,97.1008,6.923985958099365,0.021945983171463013,0.028274236246943474,0.0068359375,0.6493049263954163,0.020459910854697227,8645.0,1.0
2508,1.2667336419981439,97.1008,7.018163204193115,0.023721223697066307,0.03781422600150108,0.0068359375,0.6525545716285706,0.025275520980358124,8808.0,0.0
2509,1.2475982660034788,97.1008,6.9255547523498535,0.014223245903849602,0.028299225494265556,0.0068359375,0.6446570158004761,0.02769426815211773,8714.0,1.0
2510,1.2527929480056628,97.1008,6.81370210647583,0.010641044937074184,0.041406936943531036,0.0068359375,0.638691246509552,0.02112126350402832,8671.0,0.0
2511,1.269126111001242,97.1008,6.973446369171143,0.02018081024289131,0.024836614727973938,0.0068359375,0.653732180595398,0.022227829322218895,8641.0,0.0
2512,1.2529605390009237,97.1008,6.874173164367676,0.02082034759223461,0.031002162024378777,0.0068359375,0.6401926875114441,0.021623775362968445,8817.0,0.0
2513,1.2543637349954224,97.1008,6.640053749084473,0.01075394544750452,0.023048141971230507,0.0068359375,0.6216222643852234,0.020714111626148224,8702.0,2.0
2514,1.2573721629960346,97.1008,6.716170310974121,0.014771162532269955,0.03025565668940544,0.0068359375,0.6304982900619507,0.019225802272558212,8657.0,1.0
2515,1.2634345810001832,97.1008,6.9439616203308105,0.019294321537017822,0.02618061751127243,0.0068359375,0.6509796380996704,0.021542895585298538,8640.0,0.0
2516,1.2687223889952293,97.1008,7.16676139831543,0.026569072157144547,0.033774394541978836,0.0068359375,0.6649926900863647,0.028813019394874573,8755.0,0.0
2517,1.2721039809985086,97.1008,6.861822605133057,0.015127787366509438,0.027039363980293274,0.0068359375,0.6387854814529419,0.026688549667596817,8785.0,0.0
2518,1.2528105029996368,97.1008,6.807906150817871,0.0130604924634099,0.0335269570350647,0.0068359375,0.6395406126976013,0.01913781836628914,8657.0,0.0
2519,1.246254505997058,97.1008,6.935926914215088,0.02234971709549427,0.03510022163391113,0.0068359375,0.649796724319458,0.02161243185400963,8665.0,0.0
2520,1.2468675889977021,97.1008,7.032632827758789,0.026327934116125107,0.024996928870677948,0.0068359375,0.6573237180709839,0.02226494625210762,8721.0,1.0
2521,1.253950876998715,97.1008,6.833673477172852,0.015608465299010277,0.04201884940266609,0.0068359375,0.6390758156776428,0.02121896669268608,8797.0,0.0
2522,1.24758249399747,97.1008,6.7452802658081055,0.011658262461423874,0.04179175943136215,0.0068359375,0.6344159245491028,0.018109071999788284,8641.0,0.0
2523,1.254875335995166,97.1008,7.000094890594482,0.01682225987315178,0.030512208119034767,0.0068359375,0.6563931703567505,0.02288810908794403,8632.0,0.0
2524,1.2683427070005564,97.1008,7.256899833679199,0.027205755934119225,0.03823784366250038,0.0068359375,0.6740368604660034,0.03039383888244629,8716.0,0.0
2525,1.25934413500363,97.1008,6.8007354736328125,0.015661610290408134,0.03675229102373123,0.0068359375,0.6349754929542542,0.021755998954176903,8846.0,0.0
2526,1.2642079750003177,97.1008,6.706744194030762,0.015016586519777775,0.039350904524326324,0.0068359375,0.6294867396354675,0.01958153396844864,8642.0,0.0
2527,1.2689532629956375,97.1008,6.913480281829834,0.020111631602048874,0.0371105782687664,0.0068359375,0.6495499610900879,0.01960580423474312,8662.0,0.0
2528,1.2616939159997855,97.1008,7.100030899047852,0.026936672627925873,0.033680509775877,0.0068359375,0.66342693567276,0.02329840511083603,8685.0,0.0
2529,1.257479815998522,97.1008,6.9517927169799805,0.015697311609983444,0.039180878549814224,0.0068359375,0.6500148773193359,0.02039327286183834,8832.0,0.0
2530,1.2554464799977723,97.1008,6.773092746734619,0.015122626908123493,0.03441504016518593,0.005859375,0.6363396048545837,0.01934191957116127,8643.0,0.0
2531,1.2510058190018754,97.1008,7.046165943145752,0.02881467342376709,0.03230936452746391,0.005859375,0.6596078872680664,0.02508683130145073,8631.0,0.0
2532,1.2423538740040385,97.1008,7.218791961669922,0.03571450710296631,0.03027311898767948,0.005859375,0.6725441813468933,0.028515279293060303,8696.0,1.0
2533,1.2450018919989816,97.1008,6.973609447479248,0.02195923775434494,0.03415096178650856,0.005859375,0.6515825986862183,0.020656056702136993,8863.0,0.0
2534,1.2564126639990718,97.1008,6.870702266693115,0.016051290556788445,0.04093169793486595,0.005859375,0.6449551582336426,0.02003047615289688,8668.0,0.0
2535,1.2562792530006845,97.1008,6.980488300323486,0.02030917815864086,0.028592409566044807,0.005859375,0.6563398838043213,0.01959696039557457,8635.0,0.0
2536,1.253321339005197,97.1008,7.202860355377197,0.029191646724939346,0.03948969021439552,0.005859375,0.6750633120536804,0.023001745343208313,8661.0,0.0
2537,1.2773371820003376,97.1008,7.017188549041748,0.02164083905518055,0.03702198714017868,0.005859375,0.6557179093360901,0.020428240299224854,8843.0,0.0
2538,1.2509102990006795,97.1008,6.726552963256836,0.017204631119966507,0.038801852613687515,0.005859375,0.6298465132713318,0.0213860385119915,8648.0,0.0
2539,1.2547538970029564,97.1008,7.045925140380859,0.024800073355436325,0.03220280259847641,0.005859375,0.6568229794502258,0.02788243256509304,8669.0,1.0
2540,1.253044591001526,97.1008,7.160602569580078,0.024524295702576637,0.03474951907992363,0.005859375,0.6696824431419373,0.023668881505727768,8701.0,0.0
2541,1.2473312280053506,97.1008,7.100686073303223,0.020358407869935036,0.031141597777605057,0.005859375,0.6625745296478271,0.02159435674548149,8812.0,0.0
2542,1.2495182350030518,97.1008,6.881419658660889,0.008009563200175762,0.027389952912926674,0.005859375,0.646869957447052,0.018622443079948425,8691.0,0.0
2543,1.2509522219988867,97.1008,6.965269088745117,0.013079182244837284,0.026617690920829773,0.005859375,0.6541100144386292,0.020550109446048737,8657.0,0.0
2544,1.2514955829974497,97.1008,7.117424011230469,0.018843695521354675,0.030424173921346664,0.005859375,0.6686028242111206,0.020354263484477997,8656.0,0.0
2545,1.2474198980053188,97.1008,7.180428981781006,0.021621301770210266,0.030267903581261635,0.005859375,0.6702302694320679,0.02193530462682247,8791.0,0.0
2546,1.2497942199988756,97.1008,6.8658552169799805,0.014730997383594513,0.026172086596488953,0.005859375,0.6417081356048584,0.024293210357427597,8684.0,0.0
2547,1.2622205529987696,97.1008,6.983146667480469,0.020707879215478897,0.028466014191508293,0.0048828125,0.6508526802062988,0.026999492198228836,8687.0,0.0
2548,1.2600109400009387,97.1008,6.943027019500732,0.018856260925531387,0.03802400827407837,0.0048828125,0.6509370803833008,0.020769238471984863,8678.0,1.0
2549,1.2671034390004934,97.1008,7.082766056060791,0.0211451668292284,0.03661217913031578,0.00390625,0.6593425273895264,0.023131221532821655,8787.0,0.0
2550,1.2669954640005017,97.1008,6.797083377838135,0.008814828470349312,0.03098703734576702,0.00390625,0.6387253999710083,0.0184372216463089,8712.0,0.0
2551,1.2659190699996543,97.1008,6.9014811515808105,0.013707242906093597,0.033625323325395584,0.00390625,0.6479095816612244,0.020814398303627968,8660.0,0.0
2552,1.2697097059935913,97.1008,6.946468353271484,0.019818469882011414,0.03173961117863655,0.00390625,0.6531563997268677,0.01926155388355255,8654.0,0.0
2553,1.2712905969965504,97.1008,7.174510478973389,0.027299724519252777,0.030655264854431152,0.0048828125,0.6695220470428467,0.024023018777370453,8719.0,1.0
2554,1.2742536430014297,97.1008,7.008577346801758,0.01883872225880623,0.03391866013407707,0.0048828125,0.6524720191955566,0.02783944085240364,8788.0,1.0
2555,1.2784325110042118,97.1008,6.806136608123779,0.012601017951965332,0.029159026220440865,0.0048828125,0.6366691589355469,0.02237197756767273,8701.0,0.0
2556,1.265630431997124,97.1008,6.9026055335998535,0.013841305859386921,0.03323478624224663,0.0048828125,0.6487232446670532,0.019999761134386063,8630.0,0.0
2557,1.2739382159998058,97.1008,7.083547592163086,0.020411062985658646,0.02949807420372963,0.0048828125,0.6628259420394897,0.02184673771262169,8718.0,1.0
2558,1.2675082579953596,97.1008,7.088730812072754,0.0133049376308918,0.034062597900629044,0.0048828125,0.6649655103683472,0.020571403205394745,8791.0,0.0
2559,1.2660836809955072,97.1008,7.009625434875488,0.00923214852809906,0.0318928025662899,0.0048828125,0.6597564816474915,0.01878255419433117,8681.0,1.0
2560,1.2577648639999097,97.1008,6.981184005737305,0.015209799632430077,0.040585022419691086,0.0048828125,0.6567077040672302,0.019536329433321953,8630.0,0.0
2561,1.2598438389977673,97.1008,7.248814582824707,0.02532006800174713,0.024881083518266678,0.0048828125,0.677437424659729,0.026620512828230858,8662.0,0.0
2562,1.2523572630016133,97.1008,7.115987300872803,0.018091438338160515,0.0384414978325367,0.0048828125,0.6616126298904419,0.02864760160446167,8863.0,1.0
2563,1.2827216349978698,97.1008,6.757857322692871,0.0062826815992593765,0.024559948593378067,0.0048828125,0.6339483857154846,0.01980549655854702,8680.0,0.0
2564,1.2473524550005095,97.1008,6.923141002655029,0.01671724021434784,0.026467185467481613,0.0048828125,0.6490461230278015,0.021383587270975113,8658.0,0.0
2565,1.256565962001332,97.1008,6.9575324058532715,0.022596629336476326,0.03506350889801979,0.0048828125,0.6522775888442993,0.020816227421164513,8649.0,0.0
2566,1.2503045840057894,97.1008,6.946228981018066,0.018760165199637413,0.03295516595244408,0.0048828125,0.6475203037261963,0.02273026667535305,8840.0,1.0
2567,1.2555867789997137,97.1008,6.709936141967773,0.009159887209534645,0.03717239573597908,0.0048828125,0.6306574940681458,0.018677378073334694,8667.0,1.0
2568,1.253221308994398,97.1008,6.969986915588379,0.01887570321559906,0.03189890831708908,0.0048828125,0.6544613242149353,0.021674588322639465,8633.0,0.0
2569,1.2596437969987164,97.1008,7.248397350311279,0.03565444424748421,0.04100899398326874,0.0048828125,0.6754155158996582,0.029901793226599693,8642.0,0.0
2570,1.2549359920012648,97.1008,7.011198997497559,0.023930180817842484,0.038492847234010696,0.0048828125,0.6503668427467346,0.02639327570796013,8906.0,1.0
2571,1.2592112499987707,97.1008,6.704660892486572,0.008240647614002228,0.03135698288679123,0.0048828125,0.6298155784606934,0.019364632666110992,8650.0,0.0
2572,1.2644647220004117,97.1008,6.884649753570557,0.01487943809479475,0.03342361003160477,0.0048828125,0.6461403369903564,0.02017458900809288,8664.0,0.0
2573,1.2573943829993368,97.1008,7.132955551147461,0.021321330219507217,0.035076893866062164,0.0048828125,0.6696140170097351,0.021872784942388535,8639.0,0.0
2574,1.2767379110009642,97.1008,6.965363025665283,0.017763454467058182,0.02779868245124817,0.0048828125,0.6486023664474487,0.022175725549459457,8852.0,1.0
2575,1.243382480002765,97.1008,6.569245338439941,0.00600801408290863,0.03284449875354767,0.0048828125,0.6166316270828247,0.01837315410375595,8669.0,1.0
2576,1.2410920769980294,97.1008,6.779784679412842,0.016853028908371925,0.024816295132040977,0.0048828125,0.6345815062522888,0.023162756115198135,8635.0,1.0
2577,1.235624075998203,97.1008,7.010363578796387,0.02856409177184105,0.031540803611278534,0.0048828125,0.6521492600440979,0.028840836137533188,8681.0,0.0
2578,1.250061779996031,97.1008,6.882781982421875,0.0260125994682312,0.029244177043437958,0.0048828125,0.6400433778762817,0.02314932458102703,8823.0,0.0
2579,1.2452088100035326,97.1008,6.680431842803955,0.01484609767794609,0.0314287431538105,0.0048828125,0.6253382563591003,0.02086930349469185,8703.0,0.0
2580,1.2365730950041325,97.1008,6.808281898498535,0.015026219189167023,0.03988721966743469,0.0048828125,0.6402353644371033,0.018341224640607834,8655.0,0.0
2581,1.2523651299998164,97.1008,7.030374526977539,0.023299358785152435,0.025477571412920952,0.0048828125,0.6591046452522278,0.02221529558300972,8652.0,0.0
2582,1.2767755620006938,97.1008,7.049530982971191,0.02503349632024765,0.03136342391371727,0.0048828125,0.6576933264732361,0.021753966808319092,8784.0,0.0
2583,1.2609632120002061,97.1008,6.78533935546875,0.01602357253432274,0.03355971723794937,0.0048828125,0.6360176801681519,0.020443443208932877,8721.0,1.0
2584,1.2712329070054693,97.1008,6.997217178344727,0.020089522004127502,0.021204179152846336,0.005859375,0.6539340019226074,0.026239901781082153,8636.0,3.0
2585,1.2450671089973184,97.1008,7.048854351043701,0.024975012987852097,0.029300684109330177,0.005859375,0.6576229929924011,0.026026546955108643,8717.0,0.0
2586,1.2388333689959836,97.1008,7.021011829376221,0.023646153509616852,0.03339086472988129,0.005859375,0.6554722189903259,0.022134145721793175,8724.0,0.0
2587,1.2490222310007084,97.1008,6.760171413421631,0.01245813723653555,0.02870587445795536,0.005859375,0.6318830251693726,0.020642166957259178,8787.0,0.0
2588,1.2573483579981257,97.1008,6.655422210693359,0.011026553809642792,0.030410533770918846,0.005859375,0.6243749856948853,0.01992742158472538,8638.0,0.0
2589,1.2507274449963006,97.1008,6.86903715133667,0.01998569257557392,0.03378304839134216,0.005859375,0.643834114074707,0.021066939458251,8668.0,1.0
2590,1.2620849899976747,97.1008,6.866209983825684,0.022735465317964554,0.03668971359729767,0.005859375,0.6413224935531616,0.02114201709628105,8701.0,0.0
2591,1.25370581199968,97.1008,6.758110523223877,0.017716901376843452,0.018522093072533607,0.005859375,0.630803108215332,0.023380383849143982,8785.0,0.0
2592,1.259971797997423,97.1008,6.868720054626465,0.018824614584445953,0.03961056470870972,0.005859375,0.639945924282074,0.027452809736132622,8687.0,0.0
2593,1.2575644079988706,97.1008,6.859081745147705,0.01611422933638096,0.031014123931527138,0.005859375,0.6431776881217957,0.021487753838300705,8659.0,0.0
2594,1.2565065029994003,97.1008,6.9714837074279785,0.018772773444652557,0.03183872997760773,0.005859375,0.6516318321228027,0.02315068244934082,8667.0,0.0
2595,1.239813937994768,97.1008,6.7393269538879395,0.010060351341962814,0.03602614253759384,0.005859375,0.6293336749076843,0.01983514241874218,8846.0,0.0
2596,1.2448539100005291,97.1008,6.707016944885254,0.009290408343076706,0.03278806060552597,0.005859375,0.6286423206329346,0.02067074552178383,8659.0,0.0
2597,1.2405449030047748,97.1008,6.855932712554932,0.014171333983540535,0.028957268223166466,0.005859375,0.6436287760734558,0.01958869770169258,8649.0,0.0
2598,1.2292748779946123,97.1008,7.049170017242432,0.02301791124045849,0.02580374665558338,0.0068359375,0.6600069999694824,0.02256704494357109,8654.0,1.0
2599,1.234737037004379,97.1008,7.173221111297607,0.024792242795228958,0.018159693107008934,0.0068359375,0.6668814420700073,0.02737605571746826,8830.0,0.0
2600,1.2336801160054165,97.1008,7.149035453796387,0.018811505287885666,0.025488855317234993,0.005859375,0.6681547164916992,0.02544131875038147,8722.0,0.0
2601,1.2467031989945099,97.1008,6.981244087219238,0.013277076184749603,0.015066597610712051,0.005859375,0.6570172309875488,0.01855318248271942,8636.0,1.0
2602,1.251732427997922,97.1008,7.183980464935303,0.021800152957439423,0.022935999557375908,0.005859375,0.6734594702720642,0.021680496633052826,8674.0,0.0
2603,1.2563451399983023,97.1008,6.944334506988525,0.019891072064638138,0.02390284463763237,0.005859375,0.64803546667099,0.02106519043445587,8826.0,0.0
2604,1.250343592997524,97.1008,6.926023960113525,0.013336587697267532,0.029652027413249016,0.005859375,0.650573194026947,0.019834604114294052,8687.0,0.0
2605,1.2595851290025166,97.1008,7.036629676818848,0.014690275304019451,0.032309990376234055,0.005859375,0.6624376177787781,0.018070844933390617,8640.0,0.0
2606,1.2563726399966981,97.1008,7.275197505950928,0.026301683858036995,0.03148433938622475,0.005859375,0.682283341884613,0.023631518706679344,8639.0,0.0
2607,1.248186420998536,97.1008,7.441442489624023,0.029895050451159477,0.02908841148018837,0.005859375,0.6904830932617188,0.02999274991452694,8856.0,0.0
2608,1.2449626840025303,97.1008,6.832089900970459,0.01210193894803524,0.03762716427445412,0.005859375,0.6411600112915039,0.020214978605508804,8708.0,0.0
2609,1.2371539169980679,97.1008,6.924617767333984,0.015581933781504631,0.028044693171977997,0.005859375,0.6515517830848694,0.02001383900642395,8636.0,0.0
2610,1.2336412860022392,97.1008,7.046432971954346,0.020803142338991165,0.033316727727651596,0.005859375,0.6620551943778992,0.020212290808558464,8661.0,1.0
2611,1.25291334099893,97.1008,7.0971174240112305,0.020944086834788322,0.037388913333415985,0.005859375,0.6609899401664734,0.023287711665034294,8814.0,1.0
2612,1.2543215059995418,97.1008,6.710343837738037,0.0085227619856596,0.029946021735668182,0.005859375,0.6299606561660767,0.018678005784749985,8706.0,0.0
2613,1.2437778880048427,97.1008,6.751885414123535,0.012904096394777298,0.027509421110153198,0.005859375,0.6334642767906189,0.019503310322761536,8635.0,1.0
2614,1.2634591570022167,97.1008,7.047384262084961,0.02732628583908081,0.039695896208286285,0.005859375,0.6584268808364868,0.026160454377532005,8630.0,0.0
2615,1.2584002610019525,97.1008,7.127837657928467,0.03166758641600609,0.03487212210893631,0.005859375,0.6605864763259888,0.028763752430677414,8822.0,1.0
2616,1.2567839609982911,97.1008,6.649469375610352,0.01053212583065033,0.030279554426670074,0.005859375,0.6243519186973572,0.018693655729293823,8748.0,0.0
2617,1.2566428989957785,97.1008,6.779534816741943,0.015369669534265995,0.03668094053864479,0.005859375,0.6358821392059326,0.020048335194587708,8666.0,0.0
2618,1.2543837829944096,97.1008,6.998019695281982,0.019691068679094315,0.03315586596727371,0.005859375,0.657360315322876,0.019825629889965057,8632.0,0.0
2619,1.2543298439995851,97.1008,7.131534576416016,0.024095535278320312,0.024609753862023354,0.005859375,0.6650153398513794,0.02353355661034584,8758.0,1.0
2620,1.2507149020020734,97.1008,6.769310474395752,0.008544279262423515,0.04038073122501373,0.005859375,0.6356492638587952,0.01823575794696808,8763.0,1.0
2621,1.2527085940018878,97.1008,6.865504264831543,0.013770660385489464,0.03185742720961571,0.005859375,0.6438620090484619,0.02179095149040222,8637.0,0.0
2622,1.2495859170012409,97.1008,7.122795581817627,0.0265473835170269,0.04321597144007683,0.005859375,0.6639209985733032,0.02891439013183117,8654.0,0.0
2623,1.2507963309981278,97.1008,7.152524948120117,0.024070385843515396,0.03651698678731918,0.005859375,0.6666707992553711,0.024800166487693787,8760.0,0.0
2624,1.2559498159971554,97.1008,6.949347019195557,0.00977311097085476,0.033803850412368774,0.005859375,0.651469349861145,0.020497530698776245,8784.0,0.0
2625,1.2479624639963731,97.1008,6.8559112548828125,0.009973717853426933,0.031876061111688614,0.005859375,0.6450672149658203,0.018568621948361397,8668.0,0.0
2626,1.244091992994072,97.1008,7.050128936767578,0.019991423934698105,0.03174177184700966,0.005859375,0.662067174911499,0.020997313782572746,8643.0,1.0
2627,1.2430643810002948,97.1008,7.0789713859558105,0.02663356438279152,0.03071529045701027,0.005859375,0.662810206413269,0.021388377994298935,8692.0,0.0
2628,1.2590564819984138,97.1008,6.9113359451293945,0.01706305332481861,0.029307525604963303,0.0068359375,0.6462442278862,0.020278580486774445,8814.0,1.0
2629,1.2517808050033636,97.1008,6.9152302742004395,0.01721058413386345,0.03524446114897728,0.0068359375,0.6476633548736572,0.02435595914721489,8640.0,1.0
2630,1.2471594250018825,97.1008,7.077336311340332,0.022800486534833908,0.025914670899510384,0.0068359375,0.6608385443687439,0.027089862152934074,8673.0,0.0
2631,1.249971106000885,97.1008,6.935131072998047,0.02128189615905285,0.03245589882135391,0.0068359375,0.6486104726791382,0.021618789061903954,8694.0,1.0
2632,1.2758280140042189,97.1008,6.87258768081665,0.01519173663109541,0.03781368210911751,0.0068359375,0.6408113241195679,0.021967506036162376,8854.0,0.0
2633,1.2477549760005786,97.1008,6.769418239593506,0.008848668076097965,0.0405440516769886,0.0068359375,0.637071967124939,0.018497230485081673,8640.0,1.0
2634,1.2594830419984646,97.1008,6.974370956420898,0.01853087916970253,0.03719707205891609,0.0068359375,0.6551079750061035,0.02095123752951622,8655.0,1.0
2635,1.265870111004915,97.1008,7.076021671295166,0.023438427597284317,0.037603504955768585,0.0068359375,0.6648919582366943,0.01979367434978485,8664.0,0.0
2636,1.2632998460030649,97.1008,6.999288082122803,0.02309987135231495,0.03304024413228035,0.005859375,0.6516953706741333,0.022926345467567444,8827.0,0.0
2637,1.249889749000431,97.1008,7.000503063201904,0.018069960176944733,0.03082316927611828,0.0048828125,0.6538010835647583,0.026516562327742577,8672.0,0.0
2638,1.2437207640032284,97.1008,6.939362525939941,0.014278487302362919,0.028435904532670975,0.0048828125,0.6499797701835632,0.02213509939610958,8692.0,0.0
2639,1.2636631920031505,97.1008,7.016960144042969,0.014847380109131336,0.027892040088772774,0.0048828125,0.6580584645271301,0.02111670933663845,8644.0,0.0
2640,1.269565615002648,97.1008,7.032805919647217,0.016437750309705734,0.027376145124435425,0.0048828125,0.6558074951171875,0.021495310589671135,8847.0,0.0
2641,1.2728507170031662,97.1008,6.776744842529297,0.00729929655790329,0.024470867589116096,0.0048828125,0.6352963447570801,0.020396098494529724,8673.0,1.0
2642,1.2726340250010253,97.1008,6.849434852600098,0.010894847102463245,0.030101127922534943,0.0048828125,0.643476128578186,0.01946832984685898,8652.0,0.0
2643,1.2778706030003377,97.1008,6.985542297363281,0.01907937601208687,0.020120171830058098,0.0048828125,0.655564546585083,0.020820606499910355,8640.0,0.0
2644,1.2658833749956102,97.1008,7.2125043869018555,0.024510689079761505,0.03332817181944847,0.0048828125,0.6716494560241699,0.026870399713516235,8796.0,0.0
2645,1.2613918900024146,97.1008,6.954599380493164,0.014080468565225601,0.030135495588183403,0.0048828125,0.6486260294914246,0.026581481099128723,8730.0,0.0
2646,1.261094638000941,97.1008,6.7122626304626465,0.012231720611453056,0.028541726991534233,0.0048828125,0.6297442317008972,0.019651159644126892,8674.0,0.0
2647,1.2599418669997249,97.1008,6.816774845123291,0.021858379244804382,0.023640384897589684,0.0048828125,0.6378889083862305,0.021690644323825836,8663.0,1.0
2648,1.2651309880020563,97.1008,6.8784894943237305,0.0204622820019722,0.01837005652487278,0.0048828125,0.6409270763397217,0.02074490487575531,8770.0,1.0
2649,1.2648787340003764,97.1008,6.813440799713135,0.009292155504226685,0.026775961741805077,0.0048828125,0.6391111612319946,0.020085124298930168,8725.0,1.0
2650,1.265683978999732,97.1008,6.869527339935303,0.010153509676456451,0.02123609185218811,0.0048828125,0.646162748336792,0.018055444583296776,8661.0,1.0
2651,1.2605403929992463,97.1008,7.148877143859863,0.020596621558070183,0.023552896454930305,0.0048828125,0.6715916395187378,0.021628960967063904,8632.0,0.0
2652,1.285485738000716,97.1008,7.428573131561279,0.031229158863425255,0.018328014761209488,0.0048828125,0.6904336810112,0.02981770597398281,8749.0,0.0
2653,1.2769389680033782,97.1008,6.902183532714844,0.01656648889183998,0.03153538331389427,0.0048828125,0.6452350616455078,0.023141633719205856,8817.0,0.0
2654,1.2831223989996943,97.1008,6.81500768661499,0.01375211775302887,0.032929450273513794,0.0048828125,0.6410176157951355,0.018987320363521576,8637.0,1.0
2655,1.2725605959931272,97.1008,7.001916885375977,0.019781295210123062,0.033325690776109695,0.0048828125,0.6575391888618469,0.020123939961194992,8659.0,2.0
2656,1.259171163001156,97.1008,7.138011455535889,0.026376837864518166,0.023327408358454704,0.0048828125,0.6670798063278198,0.022830497473478317,8705.0,1.0
2657,1.2600961599964648,97.1008,6.801093578338623,0.014340411871671677,0.022239092737436295,0.0048828125,0.6370289325714111,0.019872086122632027,8818.0,0.0
2658,1.2669271060003666,97.1008,6.728457450866699,0.012689637020230293,0.025444766506552696,0.0048828125,0.6321418285369873,0.018510518595576286,8640.0,0.0
2659,1.2869126799996593,97.1008,7.015246391296387,0.024286741390824318,0.026889709755778313,0.0048828125,0.6568253040313721,0.024227192625403404,8628.0,0.0
2660,1.2817366560047958,97.1008,7.238171100616455,0.030773350968956947,0.022072477266192436,0.0048828125,0.6729776263237,0.029801782220602036,8722.0,0.0
2661,1.2608026999951107,97.1008,6.828732967376709,0.013364359736442566,0.034483201801776886,0.0048828125,0.6378072500228882,0.02117551490664482,8845.0,1.0
2662,1.2544309869990684,97.1008,6.7833123207092285,0.010475721210241318,0.03652293607592583,0.0048828125,0.6360386610031128,0.02091696485877037,8665.0,0.0
2663,1.2525871299949358,97.1008,6.914259910583496,0.01414287369698286,0.02971632592380047,0.0048828125,0.6507226824760437,0.019011951982975006,8635.0,0.0
2664,1.2578285270064953,97.1008,7.1919426918029785,0.021918121725320816,0.03298813849687576,0.0048828125,0.6737658381462097,0.023494243621826172,8673.0,0.0
2665,1.2613819609978236,97.1008,7.018322467803955,0.0125065753236413,0.03402433171868324,0.0048828125,0.656740665435791,0.02036087028682232,8852.0,0.0
2666,1.2509395930028404,97.1008,6.986738204956055,0.009303339757025242,0.028175173327326775,0.00390625,0.6573180556297302,0.020649762824177742,8635.0,0.0
2667,1.2384402919997228,97.1008,7.299426078796387,0.022397097200155258,0.02851164899766445,0.00390625,0.6836771965026855,0.027646806091070175,8633.0,0.0
2668,1.2298801989963977,97.1008,7.367073059082031,0.027631178498268127,0.02719024568796158,0.00390625,0.6881628036499023,0.0266796313226223,8731.0,0.0
2669,1.2392367560023558,97.1008,7.01467227935791,0.01662813499569893,0.023518506437540054,0.00390625,0.6548349261283875,0.021200384944677353,8833.0,0.0
2670,1.2430416869974579,97.1008,6.77271842956543,0.008361076936125755,0.028130803257226944,0.00390625,0.6360527873039246,0.019566170871257782,8667.0,0.0
2671,1.3621607579989359,97.1008,7.007774829864502,0.013224814087152481,0.02977471426129341,0.00390625,0.6589667797088623,0.02031143754720688,8634.0,0.0
2672,1.2416287929954706,97.1008,7.171981334686279,0.020682107657194138,0.019537730142474174,0.00390625,0.6726750135421753,0.021965330466628075,8681.0,0.0
2673,1.237669611997262,97.1008,7.041820049285889,0.02154216542840004,0.0326363630592823,0.00390625,0.6571115255355835,0.02103552035987377,8823.0,0.0
2674,1.2458965850019013,97.1008,6.829687595367432,0.016208361834287643,0.032338760793209076,0.00390625,0.6402906179428101,0.022898240014910698,8653.0,1.0
2675,1.2221947919970262,97.1008,7.022219181060791,0.025440867990255356,0.03284350037574768,0.00390625,0.6543060541152954,0.02796846628189087,8684.0,0.0
2676,1.207732508002664,97.1008,7.029121398925781,0.02316397987306118,0.030368762090802193,0.00390625,0.6581458449363708,0.02224089577794075,8676.0,2.0
2677,1.2084759189965553,97.1008,7.016641616821289,0.02264624647796154,0.036062031984329224,0.00390625,0.6525696516036987,0.023505207151174545,8803.0,1.0
2678,1.2016129670009832,97.1008,6.811697959899902,0.009890700690448284,0.02794676087796688,0.00390625,0.6402460932731628,0.018323516473174095,8703.0,0.0
2679,1.1927762280029128,97.1008,7.007707118988037,0.01738671213388443,0.029038552194833755,0.00390625,0.6578384637832642,0.02092362567782402,8651.0,0.0
2680,1.2261380269992515,97.1008,7.079261302947998,0.01984476111829281,0.03057827055454254,0.00390625,0.6647062301635742,0.02023332379758358,8661.0,0.0
2681,1.260049501004687,97.1008,7.105632781982422,0.021254315972328186,0.03037698194384575,0.00390625,0.6620045304298401,0.02322644367814064,8778.0,0.0
2682,1.2512739890007651,97.1008,6.9240193367004395,0.014567501842975616,0.029236743226647377,0.00390625,0.6468206644058228,0.026134967803955078,8698.0,1.0
2683,1.244949803003692,97.1008,6.905423641204834,0.018006032332777977,0.0273470189422369,0.0048828125,0.6440929770469666,0.025347352027893066,8722.0,1.0
2684,1.2233015590027208,97.1008,6.848173141479492,0.014469696208834648,0.0337648019194603,0.0048828125,0.6423583030700684,0.019971568137407303,8634.0,0.0
2685,1.2178984040001524,97.1008,6.997905731201172,0.020024029538035393,0.034167997539043427,0.0048828125,0.6519024968147278,0.0228586345911026,8764.0,0.0
2686,1.21391104599752,97.1008,6.636040687561035,0.0129481116309762,0.02826741524040699,0.005859375,0.62142014503479,0.019817959517240524,8743.0,0.0
2687,1.2042004129980342,97.1008,6.732633590698242,0.0161946639418602,0.03556107357144356,0.005859375,0.6308968663215637,0.020297084003686905,8679.0,0.0
2688,1.207262381001783,97.1008,6.924149036407471,0.017010679468512535,0.023655204102396965,0.005859375,0.6505276560783386,0.019453806802630424,8636.0,0.0
2689,1.2031571970001096,97.1008,7.148519515991211,0.02591267228126526,0.03905726224184036,0.005859375,0.666963517665863,0.025505106896162033,8708.0,0.0
2690,1.2067599630026962,97.1008,7.040466785430908,0.019590705633163452,0.025031553581357002,0.005859375,0.654680609703064,0.02848934754729271,8820.0,1.0
2691,1.2229504249989986,97.1008,6.877219200134277,0.011714199557900429,0.04285043850541115,0.005859375,0.6456905603408813,0.020571932196617126,8671.0,1.0
2692,1.2233237460022792,97.1008,7.0338029861450195,0.02126992493867874,0.036650400608778,0.005859375,0.6609348058700562,0.02122572809457779,8629.0,1.0
2693,1.2241342039997107,97.1008,7.1666178703308105,0.02848222479224205,0.03163815289735794,0.005859375,0.6715859174728394,0.02149106375873089,8708.0,0.0
2694,1.2172753400009242,97.1008,6.9408159255981445,0.017855899408459663,0.038315437734127045,0.005859375,0.6486355066299438,0.021999847143888474,8823.0,0.0
2695,1.3091872639997746,97.1008,6.7294921875,0.011741381138563156,0.027809051796793938,0.005859375,0.631846010684967,0.019138868898153305,8659.0,0.0
2696,1.2685665169992717,97.1008,6.902873516082764,0.01611456088721752,0.03706710785627365,0.005859375,0.6478692889213562,0.020978324115276337,8630.0,0.0
2697,1.2196944590032217,97.1008,7.076593399047852,0.02673608623445034,0.024400925263762474,0.005859375,0.658731997013092,0.028569750487804413,8655.0,0.0
2698,1.21867062500678,97.1008,6.853765964508057,0.019712500274181366,0.03808942064642906,0.005859375,0.6354961395263672,0.028190139681100845,8888.0,0.0
2699,1.1900948190013878,97.1008,6.543332099914551,0.008910544216632843,0.018882108852267265,0.005859375,0.6141722202301025,0.01901322230696678,8657.0,1.0
2700,1.1775789050007006,97.1008,6.77989387512207,0.016433537006378174,0.034818388521671295,0.005859375,0.6349818706512451,0.021310998126864433,8666.0,0.0
2701,1.1888388880033744,97.1008,6.920880317687988,0.02281140722334385,0.027174891903996468,0.005859375,0.6478224396705627,0.022081216797232628,8646.0,0.0
2702,1.180629800997849,97.1008,7.023749351501465,0.021585723385214806,0.04153589904308319,0.005859375,0.6541337370872498,0.023256640881299973,8872.0,0.0
2703,1.179258010997728,97.1008,6.797992706298828,0.012325337156653404,0.027989717200398445,0.005859375,0.6397411823272705,0.018195025622844696,8640.0,0.0
2704,1.159785963005561,97.1008,6.993910789489746,0.01908206380903721,0.03570590168237686,0.005859375,0.6559329032897949,0.02273336611688137,8633.0,0.0
2705,1.1802526309984387,97.1008,7.3376264572143555,0.03090105950832367,0.027005083858966827,0.0048828125,0.6834995150566101,0.029737215489149094,8676.0,0.0
2706,1.1977527700000792,97.1008,7.011712551116943,0.022342156618833542,0.03285977989435196,0.005859375,0.6520487070083618,0.023425018414855003,8873.0,1.0
2707,1.2068881449959008,97.1008,6.7635579109191895,0.011239299550652504,0.032086849212646484,0.005859375,0.6350280046463013,0.019657395780086517,8655.0,0.0
2708,1.2282226540046395,97.1008,6.865198135375977,0.015266366302967072,0.02722615748643875,0.005859375,0.6448959112167358,0.01947789452970028,8661.0,0.0
2709,1.1999138470055186,97.1008,7.0917840003967285,0.02383609488606453,0.0329798199236393,0.005859375,0.6643262505531311,0.02285849116742611,8657.0,0.0
2710,1.2141203920036787,97.1008,7.053177833557129,0.02380773425102234,0.022389426827430725,0.005859375,0.6567515134811401,0.02195531129837036,8831.0,0.0
2711,1.222003772003518,97.1008,6.780995845794678,0.014283702708780766,0.030303888022899628,0.005859375,0.6367404460906982,0.019586829468607903,8665.0,1.0
2712,1.229402361997927,97.1008,7.0993499755859375,0.02334674634039402,0.03144389018416405,0.005859375,0.663830041885376,0.025479692965745926,8638.0,0.0
2713,1.2319423029985046,97.1008,7.23362922668457,0.029820187017321587,0.017866145819425583,0.005859375,0.6743698120117188,0.02824387513101101,8687.0,0.0
2714,1.1959534549969248,97.1008,7.179129600524902,0.02395893633365631,0.028847377747297287,0.0048828125,0.6693872809410095,0.02187792956829071,8822.0,2.0
2715,1.1989929410046898,97.1008,6.805874824523926,0.012778544798493385,0.02347455732524395,0.0048828125,0.6384146213531494,0.01982150785624981,8723.0,0.0
2716,1.2238793869983056,97.1008,6.819329261779785,0.01777021214365959,0.026209615170955658,0.0048828125,0.640535831451416,0.018447143957018852,8640.0,0.0
2717,1.2193325769985677,97.1008,7.068281650543213,0.024399198591709137,0.031358566135168076,0.0048828125,0.6634155511856079,0.021482642740011215,8652.0,1.0
2718,1.2207272700034082,97.1008,7.104025363922119,0.025383329018950462,0.029405543580651283,0.00390625,0.6641852259635925,0.020434873178601265,8762.0,1.0
2719,1.2241845569951693,97.1008,7.036012649536133,0.015162990428507328,0.032744187861680984,0.00390625,0.6604740619659424,0.021049298346042633,8739.0,0.0
2720,1.2269137409966788,97.1008,7.201756000518799,0.022648684680461884,0.022084223106503487,0.00390625,0.6731380224227905,0.027215898036956787,8668.0,0.0
2721,1.2244639419950545,97.1008,7.182824611663818,0.02579309605062008,0.025731069967150688,0.0048828125,0.6726312041282654,0.023364808410406113,8687.0,1.0
2722,1.2124995320045855,97.1008,7.205965518951416,0.029573410749435425,0.03267492353916168,0.0048828125,0.6736898422241211,0.022754982113838196,8715.0,0.0
2723,1.1926960319979116,97.1008,6.883057594299316,0.01722310110926628,0.045242346823215485,0.0048828125,0.6453287601470947,0.019742004573345184,8797.0,1.0
2724,1.192671677999897,97.1008,6.939777851104736,0.019528640434145927,0.03429006412625313,0.0048828125,0.6512519121170044,0.020645447075366974,8652.0,0.0
2725,1.1844878460033215,97.1008,6.9903564453125,0.023100892081856728,0.03725749999284744,0.0048828125,0.6558615565299988,0.02012862265110016,8652.0,0.0
2726,1.1670532720017945,97.1008,7.128779411315918,0.027618421241641045,0.03760194405913353,0.0048828125,0.6669867038726807,0.02209988236427307,8685.0,2.0
2727,1.1705068379960721,97.1008,7.058633327484131,0.022881966084241867,0.04255160689353943,0.0048828125,0.658666729927063,0.025530468672513962,8802.0,0.0
2728,1.1774446179988445,97.1008,6.9463958740234375,0.02055494114756584,0.03932037204504013,0.0048828125,0.6480278968811035,0.027021534740924835,8686.0,1.0
2729,1.203220217001217,97.1008,6.841487407684326,0.020611848682165146,0.042063649743795395,0.0048828125,0.6416886448860168,0.02072308585047722,8671.0,0.0
2730,1.234010590997059,97.1008,7.086911201477051,0.029602445662021637,0.0336819663643837,0.0048828125,0.6615842580795288,0.02356981486082077,8687.0,0.0
2731,1.2064435040010721,97.1008,6.890317440032959,0.018843164667487144,0.040054067969322205,0.0048828125,0.6442831754684448,0.020314954221248627,8820.0,1.0
2732,1.2202051499989466,97.1008,6.923501968383789,0.015757597982883453,0.03724793717265129,0.0048828125,0.6498757004737854,0.021152716130018234,8649.0,1.0
2733,1.2323487539979396,97.1008,7.073493003845215,0.01671772077679634,0.028489194810390472,0.0048828125,0.6657416820526123,0.019083790481090546,8662.0,0.0
2734,1.2335722040006658,97.1008,7.334373950958252,0.024864526465535164,0.04577907174825668,0.0048828125,0.6878060698509216,0.02348608896136284,8645.0,0.0
2735,1.2254127269989112,97.1008,7.346151828765869,0.028025764971971512,0.034226030111312866,0.0048828125,0.681740939617157,0.029146652668714523,8863.0,1.0
2736,1.2059264880008413,97.1008,7.10837459564209,0.017299577593803406,0.037047602236270905,0.0048828125,0.6668087840080261,0.02224474772810936,8692.0,0.0
2737,1.198996419996547,97.1008,7.115412712097168,0.019249651581048965,0.031036406755447388,0.0048828125,0.6696127653121948,0.019754191860556602,8643.0,1.0
2738,1.1849134049989516,97.1008,7.279576301574707,0.02429821342229843,0.0429094024002552,0.0048828125,0.6837512850761414,0.021336045116186142,8673.0,0.0
2739,1.2094669740035897,97.1008,7.262967109680176,0.025523684918880463,0.0381048209965229,0.0048828125,0.6791864633560181,0.022618820890784264,8823.0,0.0
2740,1.2202242630010005,97.1008,6.931439399719238,0.01570749282836914,0.04126602038741112,0.0048828125,0.6521937847137451,0.018979813903570175,8684.0,0.0
2741,1.203875988998334,97.1008,7.062434673309326,0.017466029152274132,0.04019058868288994,0.0048828125,0.6644515991210938,0.01945413276553154,8642.0,0.0
2742,1.1975426550052362,97.1008,7.356443881988525,0.025721615180373192,0.03643907979130745,0.0048828125,0.6883926391601562,0.026027193292975426,8641.0,1.0
2743,1.2819339119960205,97.1008,7.394416809082031,0.0292173083871603,0.04955441504716873,0.00390625,0.6850516200065613,0.030090462416410446,8856.0,0.0
2744,1.2804460089973873,97.1008,6.796361923217773,0.011932463385164738,0.03493538126349449,0.00390625,0.6380782723426819,0.019797664135694504,8699.0,0.0
2745,1.223626435996266,97.1008,6.9075798988342285,0.01867550052702427,0.04392752796411514,0.00390625,0.6474491953849792,0.020943477749824524,8668.0,0.0
2746,1.2132453290032572,97.1008,7.053679466247559,0.023664474487304688,0.044281005859375,0.00390625,0.6627589464187622,0.02026939019560814,8638.0,0.0
2747,1.2059750549960881,97.1008,7.148879528045654,0.027061594650149345,0.0433412529528141,0.00390625,0.6650360822677612,0.024077489972114563,8803.0,0.0
2748,1.1965966389980167,97.1008,6.783237457275391,0.01133006438612938,0.04309669882059097,0.00390625,0.6372193098068237,0.018803950399160385,8709.0,3.0
2749,1.1648093490002793,97.1008,6.927148342132568,0.01699434407055378,0.0442805290222168,0.00390625,0.6494345664978027,0.0213523730635643,8638.0,0.0
2750,1.1610085560023435,97.1008,7.261463642120361,0.026641078293323517,0.03883057087659836,0.00390625,0.6781848669052124,0.0286620631814003,8641.0,0.0
2751,1.153797916995245,97.1008,7.252676486968994,0.023683195933699608,0.04415811970829964,0.00390625,0.6737774610519409,0.026697706431150436,8831.0,0.0
2752,1.150287557997217,97.1008,6.687530994415283,0.009670000523328781,0.027148021385073662,0.00390625,0.6268745064735413,0.019575340673327446,8729.0,0.0
2753,1.1475025320032728,97.1008,6.672336578369141,0.012765235267579556,0.03672720864415169,0.00390625,0.6253094673156738,0.02006381005048752,8664.0,0.0
2754,1.1510154670031625,97.1008,6.822492599487305,0.02070014923810959,0.02910716086626053,0.00390625,0.6392866969108582,0.0216015987098217,8638.0,0.0
2755,1.1647914730056073,97.1008,6.876655578613281,0.0224885456264019,0.03635987266898155,0.00390625,0.6398437023162842,0.023101534694433212,8756.0,0.0
2756,1.1536894099990604,97.1008,6.821291923522949,0.013060172088444233,0.042974311858415604,0.00390625,0.6396698355674744,0.019605346024036407,8764.0,1.0
2757,1.1551069990018732,97.1008,6.9951090812683105,0.015644952654838562,0.03473914787173271,0.00390625,0.6557559967041016,0.02364962548017502,8642.0,0.0
2758,1.1778797279985156,97.1008,7.280188083648682,0.023071059957146645,0.04124812036752701,0.00390625,0.6796790361404419,0.02867748960852623,8684.0,0.0
2759,1.1877070199989248,97.1008,7.254646301269531,0.01798662357032299,0.028315041214227676,0.00390625,0.6789494752883911,0.02321949228644371,8714.0,0.0
2760,1.1764722549996804,97.1008,6.997945308685303,0.011377514339983463,0.04521583765745163,0.00390625,0.6547648906707764,0.021482130512595177,8813.0,1.0
2761,1.199887224000122,97.1008,6.810487270355225,0.006538092158734798,0.03363500535488129,0.00390625,0.6408905982971191,0.017836978659033775,8656.0,0.0
2762,1.2064653890047339,97.1008,6.991763591766357,0.018153822049498558,0.03871333599090576,0.0029296875,0.6560587286949158,0.021046755835413933,8652.0,2.0
2763,1.1752811300029862,97.1008,7.041252613067627,0.024478714913129807,0.049469418823719025,0.00390625,0.6592881679534912,0.02114013396203518,8679.0,1.0
2764,1.2123355510047986,97.1008,7.007028579711914,0.02007204107940197,0.043910443782806396,0.00390625,0.6550461649894714,0.021737320348620415,8816.0,0.0
2765,1.2133397639991017,97.1008,7.109194278717041,0.020729845389723778,0.03971094638109207,0.00390625,0.6658540964126587,0.02616569958627224,8638.0,0.0
2766,1.1894930689959438,97.1008,7.198562145233154,0.02044958621263504,0.033896151930093765,0.00390625,0.6727373003959656,0.02560063824057579,8720.0,0.0
2767,1.1686087979978765,97.1008,7.075422286987305,0.018705878406763077,0.03668099641799927,0.00390625,0.6636108160018921,0.0220548864454031,8646.0,0.0
2768,1.1525772079985472,97.1008,7.049948692321777,0.01512691006064415,0.024089409038424492,0.00390625,0.657444417476654,0.02261326089501381,8857.0,0.0
2769,1.1470496390029439,97.1008,6.832976341247559,0.010618243366479874,0.04100598767399788,0.00390625,0.6422668695449829,0.020251469686627388,8638.0,0.0
2770,1.1539883020013804,97.1008,7.005348205566406,0.018408341333270073,0.030076459050178528,0.00390625,0.6579278111457825,0.021035341545939445,8680.0,0.0
2771,1.1528313570015598,97.1008,7.043772220611572,0.022173387929797173,0.03748750314116478,0.00390625,0.6608103513717651,0.020601890981197357,8646.0,0.0
2772,1.153967261001526,97.1008,7.191316604614258,0.01912159100174904,0.04143599793314934,0.00390625,0.6701774597167969,0.0252084881067276,8815.0,0.0
2773,1.1971552549948683,97.1008,7.0259294509887695,0.014042092487215996,0.03400803729891777,0.00390625,0.6556098461151123,0.02760569378733635,8699.0,0.0
2774,1.1913663289960823,97.1008,6.9075517654418945,0.012296948581933975,0.0357232540845871,0.0048828125,0.6479126811027527,0.020980140194296837,8676.0,1.0
2775,1.1990546379965963,97.1008,7.1318278312683105,0.018503712490200996,0.03271278366446495,0.0048828125,0.6694270372390747,0.0222372617572546,8641.0,0.0
2776,1.1821803959974204,97.1008,7.1727118492126465,0.016169115900993347,0.039246704429388046,0.0048828125,0.6701793670654297,0.02088174596428871,8838.0,2.0
2777,1.180405202001566,97.1008,6.984617233276367,0.007788228802382946,0.037327758967876434,0.0048828125,0.6565989851951599,0.020270098000764847,8682.0,0.0
2778,1.1717112660044222,97.1008,7.120090961456299,0.010814554058015347,0.036096811294555664,0.0048828125,0.670687198638916,0.018922453746199608,8664.0,2.0
2779,1.1739870719975443,97.1008,7.314016342163086,0.02035871148109436,0.02682594209909439,0.0048828125,0.6875664591789246,0.021496638655662537,8640.0,0.0
2780,1.1870490919973236,97.1008,7.4763264656066895,0.026725180447101593,0.037865638732910156,0.0048828125,0.6961180567741394,0.028833091259002686,8783.0,0.0
2781,1.1879024779991596,97.1008,7.008875846862793,0.01206372119486332,0.029899274930357933,0.0048828125,0.6541608572006226,0.02591145597398281,8772.0,0.0
2782,1.1714453289969242,97.1008,6.833744525909424,0.006697603967040777,0.03467284515500069,0.0048828125,0.6426149606704712,0.018760617822408676,8644.0,0.0
2783,1.1815904670002055,97.1008,7.047444820404053,0.016647160053253174,0.03689122572541237,0.0048828125,0.6603235006332397,0.021331822499632835,8662.0,0.0
2784,1.1556284460020834,97.1008,7.189251899719238,0.02041483297944069,0.03243736922740936,0.0048828125,0.671832263469696,0.02256181091070175,8741.0,0.0
2785,1.1779652789991815,97.1008,6.975917339324951,0.008606630377471447,0.03798672929406166,0.0048828125,0.6541129350662231,0.021323589608073235,8772.0,0.0
2786,1.271193286003836,97.1008,6.891249179840088,0.007733302190899849,0.028370141983032227,0.0048828125,0.648086667060852,0.018877100199460983,8644.0,0.0
2787,1.1497364559982088,97.1008,7.160361289978027,0.0174272283911705,0.03249621018767357,0.0048828125,0.6714605093002319,0.02397746965289116,8629.0,0.0
2788,1.1522179399980814,97.1008,7.393778324127197,0.027786027640104294,0.03846683353185654,0.0048828125,0.6856974363327026,0.03142798691987991,8750.0,0.0
2789,1.1575676650027162,97.1008,7.096896171569824,0.009333387017250061,0.02792954072356224,0.0048828125,0.6652663946151733,0.022209471091628075,8819.0,0.0
2790,1.1530683809978655,97.1008,7.08018159866333,0.01205037347972393,0.034309692680835724,0.0048828125,0.6663492918014526,0.020594893023371696,8641.0,1.0
2791,1.1491402600004221,97.1008,7.214671611785889,0.017336051911115646,0.02478821575641632,0.0048828125,0.6792968511581421,0.02008654922246933,8660.0,0.0
2792,1.1540204560005805,97.1008,7.3016157150268555,0.02672157809138298,0.029423357918858528,0.0048828125,0.6833459734916687,0.02392536774277687,8696.0,0.0
2793,1.1519110500012175,97.1008,7.098487854003906,0.014515310525894165,0.03607958182692528,0.0048828125,0.6664555072784424,0.02043060213327408,8820.0,1.0
2794,1.145961239002645,97.1008,7.096561431884766,0.011907011270523071,0.030340401455760002,0.0048828125,0.6682153940200806,0.02014513500034809,8640.0,0.0
2795,1.1690197229982005,97.1008,7.420012474060059,0.021744877099990845,0.034389641135931015,0.0048828125,0.6955734491348267,0.02666180208325386,8632.0,0.0
2796,1.1601966390007874,97.1008,7.491272449493408,0.0276045985519886,0.027535410597920418,0.0048828125,0.6990060210227966,0.02955658733844757,8703.0,0.0
2797,1.1435681439979817,97.1008,6.956109046936035,0.013265603221952915,0.028613228350877762,0.0048828125,0.6503666639328003,0.021064922213554382,8859.0,0.0
2798,1.1605729729999439,97.1008,6.874629974365234,0.009573820047080517,0.027389781549572945,0.0048828125,0.6453059911727905,0.020878996700048447,8666.0,3.0
2799,1.1590876640038914,97.1008,7.021228790283203,0.013906799256801605,0.027549883350729942,0.0048828125,0.6607954502105713,0.020000845193862915,8635.0,0.0
2800,1.1533072460006224,97.1008,7.176817417144775,0.02286343276500702,0.030924605205655098,0.0048828125,0.6712456941604614,0.02366071194410324,8675.0,0.0
2801,1.146083848005219,97.1008,7.028217315673828,0.017394479364156723,0.02317403256893158,0.0048828125,0.6566144824028015,0.020519692450761795,8834.0,0.0
2802,1.1506324800066068,97.1008,6.841923713684082,0.01415676437318325,0.026207072660326958,0.0048828125,0.6414636373519897,0.022190427407622337,8641.0,1.0
2803,1.1509968760001357,97.1008,7.208428382873535,0.023248879238963127,0.02405836433172226,0.0048828125,0.6728073954582214,0.028546322137117386,8666.0,0.0
2804,1.1489780459960457,97.1008,7.174328327178955,0.023759089410305023,0.023113379254937172,0.0048828125,0.6711652278900146,0.024226685985922813,8701.0,0.0
2805,1.1525904800000717,97.1008,7.106029510498047,0.019644975662231445,0.01767837442457676,0.0048828125,0.6626062393188477,0.022547490894794464,8817.0,0.0
2806,1.1565555029956158,97.1008,6.9010114669799805,0.01086797658354044,0.027337118983268738,0.0048828125,0.6491861343383789,0.019080014899373055,8680.0,0.0
2807,1.1690687560039805,97.1008,7.172711372375488,0.015711823478341103,0.020328357815742493,0.0048828125,0.674059271812439,0.021039064973592758,8656.0,0.0
2808,1.1698511079957825,97.1008,7.234160900115967,0.018280580639839172,0.021355479955673218,0.0048828125,0.6791889071464539,0.021154655143618584,8657.0,0.0
2809,1.1618838099966524,97.1008,7.260096073150635,0.016232095658779144,0.018714673817157745,0.0048828125,0.6780931353569031,0.022448960691690445,8811.0,0.0
2810,1.180085447995225,97.1008,6.9960856437683105,0.008632395416498184,0.024179203435778618,0.0048828125,0.6555212736129761,0.024817174300551414,8665.0,1.0
2811,1.1600332860034541,97.1008,7.142373085021973,0.014807717874646187,0.02851228415966034,0.0048828125,0.6673080325126648,0.02745688334107399,8686.0,2.0
2812,1.1664557429976412,97.1008,7.018551349639893,0.020534232258796692,0.033157721161842346,0.0048828125,0.6587837934494019,0.02104375883936882,8677.0,1.0
2813,1.1601375760001247,97.1008,7.082366466522217,0.024724792689085007,0.023276131600141525,0.0048828125,0.6593949794769287,0.02338361367583275,8817.0,0.0
2814,1.1487460819989792,97.1008,6.779743671417236,0.007810407783836126,0.029232943430542946,0.0048828125,0.6370016932487488,0.018869470804929733,8683.0,0.0
2815,1.1597590329984087,97.1008,6.96134090423584,0.013926832005381584,0.03233819827437401,0.0048828125,0.6533647179603577,0.02128000557422638,8657.0,0.0
2816,1.2869768390009995,97.1008,6.9781036376953125,0.01741994544863701,0.02338588982820511,0.0048828125,0.6553899049758911,0.01991882547736168,8657.0,0.0
2817,1.140906549000647,97.1008,7.135750770568848,0.02353762276470661,0.03195834159851074,0.0048828125,0.664038896560669,0.02470824122428894,8750.0,0.0
2818,1.141326142998878,97.1008,7.03496789932251,0.012448905035853386,0.03258605673909187,0.0048828125,0.6553187370300293,0.027842869982123375,8757.0,0.0
2819,1.1479538560015499,97.1008,6.906700134277344,0.008574655279517174,0.029148517176508904,0.0048828125,0.6465369462966919,0.022588856518268585,8693.0,1.0
2820,1.1519114039983833,97.1008,7.062746524810791,0.014722829684615135,0.03359081596136093,0.0048828125,0.6631207466125488,0.02121792733669281,8635.0,0.0
2821,1.1600161719979951,97.1008,7.264029502868652,0.018874313682317734,0.03777366876602173,0.0048828125,0.6788267493247986,0.02285253070294857,8746.0,0.0
2822,1.1626210510003148,97.1008,6.997904300689697,0.010775266215205193,0.03735163062810898,0.0048828125,0.6555781364440918,0.021867668256163597,8779.0,0.0
2823,1.1679762759958976,97.1008,6.958629608154297,0.008933426812291145,0.017874203622341156,0.0048828125,0.6539869904518127,0.0197405144572258,8658.0,0.0
2824,1.1682109460016363,97.1008,7.123208045959473,0.01608780398964882,0.03661447390913963,0.0048828125,0.6702477931976318,0.02054036781191826,8636.0,0.0
2825,1.17887944499671,97.1008,7.312060356140137,0.023558862507343292,0.017851777374744415,0.0048828125,0.6826920509338379,0.02745462954044342,8684.0,0.0
2826,1.1872442590029095,97.1008,7.0637078285217285,0.01796615496277809,0.0315074697136879,0.0048828125,0.6571378707885742,0.028253670781850815,8842.0,0.0
2827,1.2012821680036723,97.1008,6.738766193389893,0.008161241188645363,0.016835616901516914,0.0048828125,0.632494330406189,0.01965411938726902,8675.0,1.0
2828,1.2214876119978726,97.1008,6.970697402954102,0.01347814779728651,0.03577005863189697,0.0048828125,0.6528709530830383,0.02152363583445549,8661.0,1.0
2829,1.2112245129974326,97.1008,6.952722072601318,0.017260421067476273,0.02011757716536522,0.0048828125,0.6506310701370239,0.021094929426908493,8662.0,1.0
2830,1.2163937250006711,97.1008,6.912034034729004,0.014588570222258568,0.030006393790245056,0.0048828125,0.6446094512939453,0.022420762106776237,8833.0,0.0
2831,1.190691933996277,97.1008,6.773303031921387,0.00642395531758666,0.021119065582752228,0.0048828125,0.6371412873268127,0.018668826669454575,8661.0,0.0
2832,1.23738866399799,97.1008,6.926226615905762,0.01631193235516548,0.03760166093707085,0.0048828125,0.6494914293289185,0.02193453535437584,8637.0,0.0
2833,1.1792325540009188,97.1008,7.23932409286499,0.02836698852479458,0.02986201085150242,0.0048828125,0.6735934019088745,0.029983434826135635,8664.0,1.0
2834,1.140910823000013,97.1008,6.943161964416504,0.017462071031332016,0.03788068890571594,0.0048828125,0.6445625424385071,0.025300350040197372,8889.0,1.0
2835,1.1372433209980954,97.1008,6.621828079223633,0.0033283820375800133,0.04419195279479027,0.0048828125,0.6210002899169922,0.01936439611017704,8641.0,0.0
2836,1.1818258889979916,97.1008,6.747195720672607,0.01151016540825367,0.03090335614979267,0.0048828125,0.6321455240249634,0.020194483920931816,8669.0,0.0
2837,1.189611039000738,97.1008,6.9653425216674805,0.01988069713115692,0.049628112465143204,0.0048828125,0.6519919633865356,0.022333761677145958,8642.0,0.0
2838,1.191498350999609,97.1008,6.95806360244751,0.015343591570854187,0.03468731418251991,0.005859375,0.6483596563339233,0.02201034687459469,8857.0,1.0
2839,1.1729475550018833,97.1008,6.788438320159912,0.0053933775052428246,0.05298532173037529,0.005859375,0.6377347111701965,0.019020412117242813,8658.0,0.0
2840,1.1765112670036615,97.1008,7.072258949279785,0.014877052046358585,0.03740907087922096,0.0078125,0.6621700525283813,0.02428407035768032,8633.0,3.0
2841,1.1747438910024357,97.1008,7.2943315505981445,0.025386173278093338,0.04583814740180969,0.0078125,0.6799155473709106,0.029280200600624084,8691.0,0.0
2842,1.152531561005162,97.1008,7.040416717529297,0.017846791073679924,0.04622218757867813,0.0087890625,0.6558070182800293,0.022797007113695145,8840.0,2.0
2843,1.159097935000318,97.1008,6.732820987701416,0.007081155199557543,0.04038325324654579,0.0087890625,0.6302403211593628,0.0209900364279747,8699.0,0.0
2844,1.1465252580019296,97.1008,6.800800323486328,0.01225336641073227,0.04453554376959801,0.0087890625,0.63934326171875,0.018836451694369316,8638.0,0.0
2845,1.1584550740008126,97.1008,7.049406051635742,0.020497310906648636,0.033036887645721436,0.0087890625,0.6600083112716675,0.022648464888334274,8655.0,1.0
2846,1.1697135680005886,97.1008,6.996370792388916,0.02045881748199463,0.030489299446344376,0.0087890625,0.6520596742630005,0.021643763408064842,8818.0,0.0
2847,1.144599385006586,97.1008,6.900848865509033,0.010670848190784454,0.03711646795272827,0.0087890625,0.6479829549789429,0.020669015124440193,8688.0,0.0
2848,1.1350889259992982,97.1008,7.131601333618164,0.020029257982969284,0.028700873255729675,0.0087890625,0.6667816638946533,0.027184493839740753,8637.0,0.0
2849,1.148029370997392,97.1008,7.2856855392456055,0.021204037591814995,0.03397253155708313,0.0087890625,0.6806285381317139,0.026212122291326523,8719.0,1.0
2850,1.15081265399931,97.1008,7.154006481170654,0.02131219208240509,0.032639842480421066,0.0087890625,0.6676389575004578,0.02260180376470089,8761.0,0.0
2851,1.1478898049972486,97.1008,6.97139835357666,0.006764537654817104,0.03630121797323227,0.0087890625,0.6543596982955933,0.020563524216413498,8752.0,1.0
2852,1.2240636490023462,97.1008,7.0360212326049805,0.007913373410701752,0.036359552294015884,0.0087890625,0.6608610153198242,0.020836781710386276,8632.0,0.0
2853,1.2323304419987835,97.1008,7.155937194824219,0.01618245616555214,0.030530553311109543,0.0087890625,0.67119300365448,0.022068968042731285,8672.0,0.0
2854,1.1869911620015046,97.1008,7.271909713745117,0.02116743102669716,0.03724563121795654,0.0087890625,0.6794341802597046,0.022535279393196106,8722.0,0.0
2855,1.1725643090030644,97.1008,7.086223602294922,0.014772331342101097,0.03624016046524048,0.0087890625,0.6631821990013123,0.024351542815566063,8761.0,0.0
2856,1.2014983439948992,97.1008,7.242043972015381,0.01684332638978958,0.03862204775214195,0.0087890625,0.675478458404541,0.028439920395612717,8683.0,0.0
2857,1.1831482859997777,97.1008,7.148848533630371,0.01406918652355671,0.033872585743665695,0.0087890625,0.670536994934082,0.022347163408994675,8666.0,2.0
2858,1.209480238998367,97.1008,7.2010178565979,0.020234297960996628,0.03603179007768631,0.0087890625,0.6722692251205444,0.024053847417235374,8693.0,0.0
2859,1.2105926389995147,97.1008,6.824632167816162,0.007034260779619217,0.038541849702596664,0.0087890625,0.6391291618347168,0.019649958238005638,8817.0,0.0
2860,1.2041379229995073,97.1008,6.744234085083008,0.011158009059727192,0.032181721180677414,0.0078125,0.6320366263389587,0.021092824637889862,8659.0,0.0
2861,1.2406445870001335,97.1008,6.943588733673096,0.013143709860742092,0.030418846756219864,0.0078125,0.6521843671798706,0.020267225801944733,8652.0,0.0
2862,1.1901530149989412,97.1008,7.08624267578125,0.021411951631307602,0.027133982628583908,0.0078125,0.6623789072036743,0.023782676085829735,8665.0,0.0
2863,1.1920935390007799,97.1008,7.14793586730957,0.019995059818029404,0.03183338791131973,0.0078125,0.6650342345237732,0.028514331206679344,8818.0,2.0
2864,1.1829398650006624,97.1008,7.117066860198975,0.01080239750444889,0.029602916911244392,0.0078125,0.665317714214325,0.026351630687713623,8722.0,0.0
2865,1.131784167002479,97.1008,7.059514045715332,0.011477276682853699,0.025622595101594925,0.0078125,0.6638293266296387,0.020099077373743057,8635.0,1.0
2866,1.1580941089996486,97.1008,7.314614295959473,0.02320549078285694,0.031079581007361412,0.0078125,0.6852771639823914,0.023023849353194237,8680.0,1.0
2867,1.1424181499969563,97.1008,7.2008056640625,0.017462288960814476,0.032525911927223206,0.0078125,0.6737977862358093,0.021944334730505943,8822.0,0.0
2868,1.1581019350051065,97.1008,6.985821723937988,0.01091717928647995,0.025573788210749626,0.0078125,0.6556532382965088,0.02097434364259243,8682.0,0.0
2869,1.1986831379981595,97.1008,7.0120849609375,0.01282905787229538,0.030764421448111534,0.0078125,0.6592017412185669,0.01961491070687771,8638.0,0.0
2870,1.211499069002457,97.1008,7.287693023681641,0.023456450551748276,0.036926984786987305,0.0078125,0.681847095489502,0.02552034705877304,8644.0,1.0
2871,1.1881699849982397,97.1008,7.286133766174316,0.026028551161289215,0.029011152684688568,0.0068359375,0.6743881106376648,0.03062502294778824,8870.0,0.0
2872,1.2146070019953186,97.1008,6.858046531677246,0.010687889531254768,0.036222320050001144,0.0068359375,0.6426279544830322,0.02129676751792431,8684.0,0.0
2873,1.19439606800006,97.1008,6.873342990875244,0.0152931809425354,0.03282596915960312,0.0068359375,0.6444494128227234,0.021295569837093353,8638.0,0.0
2874,1.1693756699969526,97.1008,6.940165996551514,0.019409509375691414,0.032554883509874344,0.0068359375,0.6497877836227417,0.021135492250323296,8669.0,0.0
2875,1.1610475970010157,97.1008,7.080217361450195,0.017485592514276505,0.032359663397073746,0.005859375,0.6585401892662048,0.02371828258037567,8826.0,2.0
2876,1.134035656999913,97.1008,6.8757452964782715,0.0056458571925759315,0.0316648855805397,0.005859375,0.6462565660476685,0.01904839091002941,8686.0,0.0
2877,1.147867645995575,97.1008,6.958510875701904,0.011461042799055576,0.029704011976718903,0.0068359375,0.6531285643577576,0.020444799214601517,8642.0,0.0
2878,1.1555684920022031,97.1008,7.298531532287598,0.025600358843803406,0.0284408088773489,0.0068359375,0.6815664172172546,0.027493279427289963,8638.0,0.0
2879,1.1713337740002316,97.1008,7.297538757324219,0.025382913649082184,0.02619229443371296,0.0068359375,0.6759989261627197,0.029055394232273102,8865.0,1.0
2880,1.1762308589968598,97.1008,6.740932941436768,0.00555929122492671,0.027713129296898842,0.0068359375,0.6326174139976501,0.018816543743014336,8696.0,0.0
2881,1.157255382000585,97.1008,6.847274303436279,0.012149032205343246,0.020170792937278748,0.0078125,0.6413645148277283,0.020845364779233932,8667.0,2.0
2882,1.1707117819969426,97.1008,7.011822700500488,0.019650259986519814,0.03461381420493126,0.0078125,0.657279372215271,0.021367624402046204,8630.0,0.0
2883,1.1902426900051069,97.1008,7.167263984680176,0.021708782762289047,0.03154914453625679,0.0078125,0.666394829750061,0.024518698453903198,8812.0,0.0
2884,1.1700582369958283,97.1008,6.8075690269470215,0.0035923756659030914,0.028000447899103165,0.0078125,0.6394616365432739,0.01872415654361248,8714.0,0.0
2885,1.1947128380052163,97.1008,6.9805474281311035,0.01115687470883131,0.021614663302898407,0.0078125,0.6541643142700195,0.022721081972122192,8636.0,0.0
2886,1.1612919139952282,97.1008,7.225728988647461,0.02232520282268524,0.0271214097738266,0.0078125,0.6731871962547302,0.029581118375062943,8657.0,0.0
2887,1.1468071900017094,97.1008,7.101561069488525,0.016760189086198807,0.02213762328028679,0.0078125,0.6609287261962891,0.024651184678077698,8782.0,0.0
2888,1.1495823919976829,97.1008,6.687633514404297,0.0020670010708272457,0.029627397656440735,0.0078125,0.6256192922592163,0.02061007358133793,8760.0,3.0
2889,1.1780246319976868,97.1008,6.750545978546143,0.0030343495309352875,0.03369970992207527,0.0078125,0.6333411931991577,0.019213955849409103,8668.0,0.0
2890,1.1811429079971276,97.1008,7.020651817321777,0.012145208194851875,0.028573257848620415,0.0078125,0.6578695178031921,0.022029589861631393,8646.0,0.0
2891,1.160872353000741,97.1008,7.061298847198486,0.015986669808626175,0.03481273353099823,0.0087890625,0.658862829208374,0.022596418857574463,8721.0,1.0
2892,1.1730387920033536,97.1008,6.944041728973389,0.007414857856929302,0.029036471620202065,0.0087890625,0.6500023603439331,0.02122204564511776,8784.0,0.0
2893,1.1702198769999086,97.1008,7.046480655670166,0.011703292839229107,0.03135493025183678,0.0087890625,0.6589186191558838,0.02597036026418209,8634.0,0.0
2894,1.1725127960016835,97.1008,7.273504257202148,0.01941557042300701,0.021322961896657944,0.0087890625,0.6788055300712585,0.028494371101260185,8677.0,0.0
2895,1.18431338800292,97.1008,7.162168979644775,0.02089923992753029,0.02909206971526146,0.0087890625,0.6697214841842651,0.022791137918829918,8707.0,0.0
2896,1.1604860660008853,97.1008,6.982677936553955,0.015740221366286278,0.02483430877327919,0.0087890625,0.650501012802124,0.02257266268134117,8844.0,1.0
2897,1.1806115479994332,97.1008,6.818368911743164,0.010326957330107689,0.028347942978143692,0.009765625,0.6404240727424622,0.01911311410367489,8638.0,3.0
2898,1.1802476459997706,97.1008,7.088172912597656,0.019872821867465973,0.027367839589715004,0.009765625,0.6647015810012817,0.021845847368240356,8647.0,0.0
2899,1.172828404000029,97.1008,7.10326623916626,0.024464087560772896,0.02833675406873226,0.009765625,0.6650099158287048,0.021184656769037247,8678.0,0.0
2900,1.166147092000756,97.1008,7.044789791107178,0.02329578995704651,0.035252682864665985,0.009765625,0.6557639837265015,0.023854821920394897,8827.0,1.0
2901,1.1827556299977005,97.1008,7.073192596435547,0.018806036561727524,0.030480070039629936,0.0107421875,0.6594259142875671,0.02790915034711361,8667.0,1.0
2902,1.1850361969991354,97.1008,7.0256667137146,0.014552120119333267,0.032070260494947433,0.009765625,0.6568706035614014,0.02289000153541565,8695.0,0.0
2903,1.2009332109955722,97.1008,7.171238899230957,0.01886795088648796,0.02820170484483242,0.009765625,0.6720463037490845,0.022259265184402466,8649.0,1.0
2904,1.1961057239968795,97.1008,7.089747428894043,0.01887379214167595,0.028364717960357666,0.009765625,0.660659670829773,0.021765585988759995,8852.0,0.0
2905,1.1957395010031178,97.1008,6.987007141113281,0.014983732253313065,0.025779036805033684,0.009765625,0.6555556058883667,0.02099357545375824,8663.0,0.0
2906,1.2176002970008994,97.1008,7.104057788848877,0.020213646814227104,0.023505276069045067,0.009765625,0.6676024198532104,0.020282655954360962,8655.0,0.0
2907,1.224335985003563,97.1008,7.256515026092529,0.02720530703663826,0.032625287771224976,0.009765625,0.6807810664176941,0.02233472466468811,8646.0,0.0
2908,1.2111216409975896,97.1008,7.342676639556885,0.03050469048321247,0.031210368499159813,0.0107421875,0.6815834045410156,0.028106605634093285,8812.0,1.0
2909,1.207388629001798,97.1008,7.056264400482178,0.021264702081680298,0.030839065089821815,0.0107421875,0.6580641269683838,0.027718637138605118,8714.0,0.0
2910,1.2157715619978262,97.1008,6.895873546600342,0.015097280964255333,0.023964030668139458,0.0107421875,0.6466530561447144,0.020769579336047173,8673.0,1.0
2911,1.2216552330064587,97.1008,7.165465354919434,0.021320343017578125,0.03354005515575409,0.0107421875,0.6697548627853394,0.023125961422920227,8667.0,0.0
2912,1.1948089490033453,97.1008,7.1749138832092285,0.024153757840394974,0.026162724941968918,0.009765625,0.6681572198867798,0.02208167314529419,8799.0,0.0
2913,1.1584720609971555,97.1008,6.913738250732422,0.014862875454127789,0.027046892791986465,0.009765625,0.6477950811386108,0.02148660086095333,8699.0,0.0
2914,1.1735949859939865,97.1008,6.965506076812744,0.011609246954321861,0.034240320324897766,0.009765625,0.6546358466148376,0.01929837092757225,8657.0,0.0
2915,1.1656586509998306,97.1008,7.102999210357666,0.019061069935560226,0.025376450270414352,0.009765625,0.6648420095443726,0.02350178360939026,8637.0,0.0
2916,1.1818838880062685,97.1008,7.243499279022217,0.027619805186986923,0.03541668504476547,0.009765625,0.6688897609710693,0.031289972364902496,8794.0,2.0
2917,1.1920881420010119,97.1008,6.76454496383667,0.011673618108034134,0.03747173771262169,0.009765625,0.6309261322021484,0.023494940251111984,8772.0,2.0
2918,1.2095303870009957,97.1008,6.773341178894043,0.011628914624452591,0.030803587287664413,0.009765625,0.6352869272232056,0.0203392431139946,8634.0,0.0
2919,1.1789565700019011,97.1008,7.039990425109863,0.020261313766241074,0.04146181792020798,0.009765625,0.6595567464828491,0.021750433370471,8659.0,1.0
2920,1.202083356998628,97.1008,7.143111705780029,0.02702217921614647,0.029956316575407982,0.0087890625,0.6654335260391235,0.02460296079516411,8725.0,0.0
2921,1.1959202990037738,97.1008,6.923558235168457,0.013637000694870949,0.027215568348765373,0.0087890625,0.6481709480285645,0.020849648863077164,8797.0,0.0
2922,1.1676360280034714,97.1008,6.951054573059082,0.011739597655832767,0.036790959537029266,0.0087890625,0.6532922983169556,0.020030932500958443,8635.0,0.0
2923,1.174523625006259,97.1008,7.25616455078125,0.025489039719104767,0.01814076118171215,0.0087890625,0.6791769862174988,0.025969495996832848,8630.0,0.0
2924,1.1773083650041372,97.1008,7.494299411773682,0.03275199607014656,0.03243622928857803,0.009765625,0.6960131525993347,0.03097640350461006,8753.0,1.0
2925,1.1925210710032843,97.1008,7.011938095092773,0.014143252745270729,0.02636118046939373,0.009765625,0.6566159129142761,0.02126065269112587,8817.0,0.0
2926,1.1927173009971739,97.1008,7.017786502838135,0.012595770880579948,0.027375636622309685,0.009765625,0.6583515405654907,0.021104788407683372,8666.0,1.0
2927,1.1818068840002525,97.1008,7.144157886505127,0.018088344484567642,0.02211046777665615,0.009765625,0.6719783544540405,0.019617289304733276,8633.0,0.0
2928,1.156694614001026,97.1008,7.3027119636535645,0.026606261730194092,0.032838840037584305,0.0087890625,0.6826672554016113,0.023887885734438896,8699.0,0.0
2929,1.177397457002371,97.1008,7.048882007598877,0.014248721301555634,0.02468951977789402,0.0087890625,0.6600973010063171,0.020172398537397385,8826.0,0.0
2930,1.1954248530018958,97.1008,7.044515609741211,0.01139896735548973,0.026509691029787064,0.0087890625,0.6617306470870972,0.021096721291542053,8638.0,0.0
2931,1.1769220500063966,97.1008,7.223650932312012,0.021821117028594017,0.026714017614722252,0.0087890625,0.6748611927032471,0.02815784141421318,8635.0,0.0
2932,1.1734091910038842,97.1008,7.2622833251953125,0.025743016973137856,0.02249233052134514,0.0087890625,0.6770174503326416,0.026683708652853966,8742.0,1.0
2933,1.21063284399861,97.1008,6.91881799697876,0.017643198370933533,0.027603890746831894,0.0087890625,0.6448732614517212,0.02114105224609375,8826.0,0.0
2934,1.2050437299985788,97.1008,6.81448221206665,0.013086674734950066,0.01787371002137661,0.0087890625,0.6391693353652954,0.019780388101935387,8668.0,0.0
2935,1.1967253500042716,97.1008,7.026430606842041,0.018921131268143654,0.032898709177970886,0.0087890625,0.6597638130187988,0.020755432546138763,8637.0,1.0
2936,1.2148438709991751,97.1008,7.03601598739624,0.024171605706214905,0.027848131954669952,0.0087890625,0.6581246256828308,0.022087089717388153,8688.0,1.0
2937,1.2299339980017976,97.1008,6.923712730407715,0.018371036276221275,0.027758250012993813,0.0087890625,0.6458048224449158,0.02075754851102829,8823.0,0.0
2938,1.2185274090006715,97.1008,6.7635626792907715,0.01484033465385437,0.019443873316049576,0.0087890625,0.6330353021621704,0.02305644378066063,8647.0,1.0
2939,1.2025239880022127,97.1008,6.949748516082764,0.02226824127137661,0.0266842283308506,0.0087890625,0.646561324596405,0.028013229370117188,8687.0,0.0
2940,1.2174026910070097,97.1008,6.9491753578186035,0.020257988944649696,0.02249668538570404,0.0078125,0.6497573852539062,0.02267429791390896,8678.0,0.0
2941,1.1962189260011655,97.1008,6.986020088195801,0.016687270253896713,0.03015146218240261,0.0078125,0.649472713470459,0.023995254188776016,8828.0,0.0
2942,1.198674775994732,97.1008,6.62822151184082,0.0019817976281046867,0.030442865565419197,0.0078125,0.6217644214630127,0.018760723993182182,8674.0,0.0
2943,1.2089565500064055,97.1008,6.800285816192627,0.008862550370395184,0.02618045173585415,0.0078125,0.6367155909538269,0.021757040172815323,8653.0,0.0
2944,1.1828861280009733,97.1008,6.95011568069458,0.015372306108474731,0.023416763171553612,0.0078125,0.6508521437644958,0.021175038069486618,8663.0,0.0
2945,1.1881885780021548,97.1008,6.966054916381836,0.016581706702709198,0.025006016716361046,0.0068359375,0.6478024125099182,0.023843616247177124,8805.0,1.0
2946,1.1917655700017349,97.1008,6.857693195343018,0.012339475564658642,0.0284014493227005,0.0068359375,0.6399228572845459,0.02681266888976097,8674.0,0.0
2947,1.191312458999164,97.1008,6.91904354095459,0.015955567359924316,0.026978569105267525,0.0068359375,0.6450302600860596,0.02599053457379341,8722.0,0.0
2948,1.1959349800017662,97.1008,6.972914695739746,0.017664741724729538,0.03135960176587105,0.0068359375,0.6539331674575806,0.021484067663550377,8639.0,0.0
2949,1.248265400994569,97.1008,7.181312561035156,0.02185908332467079,0.03112839162349701,0.0068359375,0.6686689853668213,0.02381574735045433,8803.0,0.0
2950,1.3142501499969512,97.1008,7.110393524169922,0.01028553768992424,0.038067687302827835,0.0068359375,0.6682183146476746,0.020704958587884903,8700.0,0.0
2951,1.218979251003475,97.1008,7.240304470062256,0.015051488764584064,0.032607242465019226,0.0068359375,0.6806992888450623,0.021291447803378105,8681.0,0.0
2952,1.23468413700175,97.1008,7.3191328048706055,0.018115349113941193,0.030374614521861076,0.0068359375,0.6888410449028015,0.020619314163923264,8634.0,0.0
2953,1.2196242330028326,97.1008,7.472441673278809,0.02547045797109604,0.0386064276099205,0.0068359375,0.6965252161026001,0.026585038751363754,8728.0,0.0
2954,1.209441079001408,97.1008,7.180976390838623,0.015924399718642235,0.029446231201291084,0.0068359375,0.6682380437850952,0.028781360015273094,8798.0,1.0
2955,1.227455401996849,97.1008,7.006256580352783,0.009015788324177265,0.029392728582024574,0.0068359375,0.6578396558761597,0.021208882331848145,8672.0,0.0
2956,1.2123663620004663,97.1008,7.117210865020752,0.01646238937973976,0.036166608333587646,0.0068359375,0.6684432029724121,0.02213810384273529,8637.0,2.0
2957,1.1949235779975425,97.1008,7.120187759399414,0.020768962800502777,0.030963119119405746,0.0068359375,0.665686845779419,0.021794011816382408,8735.0,1.0
2958,1.2032239649997791,97.1008,7.033123016357422,0.014704864472150803,0.03875318169593811,0.0068359375,0.6582117080688477,0.02169342339038849,8797.0,0.0
2959,1.2166242230014177,97.1008,7.002269744873047,0.010956980288028717,0.04006163030862808,0.0068359375,0.6589131355285645,0.01900184154510498,8659.0,0.0
2960,1.2218362169951433,97.1008,7.284766674041748,0.019900007173419,0.035041362047195435,0.0068359375,0.6851900815963745,0.02128266915678978,8631.0,0.0
2961,1.2473116260007373,97.1008,7.57259464263916,0.033211514353752136,0.038454487919807434,0.0068359375,0.7070901393890381,0.029187176376581192,8675.0,0.0
2962,1.2230611669947393,97.1008,7.255460739135742,0.021918054670095444,0.032552845776081085,0.0068359375,0.6750447154045105,0.027451401576399803,8893.0,0.0
2963,1.2332570389989996,97.1008,7.025634288787842,0.009568978101015091,0.03196174278855324,0.0068359375,0.6610746383666992,0.01900044083595276,8637.0,0.0
2964,1.2353281500036246,97.1008,7.303663730621338,0.017813757061958313,0.029313553124666214,0.0068359375,0.6872465014457703,0.02123839035630226,8660.0,0.0
2965,1.2374363929993706,97.1008,7.39300012588501,0.026739077642560005,0.03568287193775177,0.0068359375,0.6938600540161133,0.0226178877055645,8657.0,1.0
2966,1.2651383359989268,97.1008,7.168628692626953,0.01898038759827614,0.029435642063617706,0.0068359375,0.6691993474960327,0.02312147244811058,8868.0,0.0
2967,1.2778152450046036,97.1008,6.8989481925964355,0.007059923373162746,0.033393312245607376,0.0068359375,0.6489148139953613,0.01893710158765316,8638.0,0.0
2968,1.2691941759985639,97.1008,7.108156681060791,0.015874966979026794,0.02467743679881096,0.0078125,0.6666197776794434,0.02379220351576805,8632.0,2.0
2969,1.1992095970053924,97.1008,7.3380279541015625,0.030255816876888275,0.03449838608503342,0.0078125,0.6831244826316833,0.03105919621884823,8683.0,0.0
2970,1.1926400040028966,97.1008,6.928493499755859,0.018658794462680817,0.03146025538444519,0.0068359375,0.6452577114105225,0.023432523012161255,8870.0,1.0
2971,1.237864572001854,97.1008,6.7828779220581055,0.009423807263374329,0.0356171540915966,0.0068359375,0.6368923187255859,0.020132187753915787,8647.0,1.0
2972,1.2741434460040182,97.1008,6.924004554748535,0.016174709424376488,0.033339668065309525,0.0068359375,0.6506029963493347,0.019384484738111496,8663.0,0.0
2973,1.2695026180008426,97.1008,7.111330032348633,0.028683792799711227,0.04342164099216461,0.0068359375,0.6658128499984741,0.022968297824263573,8664.0,0.0
2974,1.2285397420055233,97.1008,7.050117492675781,0.025786511600017548,0.037669919431209564,0.0068359375,0.6573576331138611,0.02170860581099987,8839.0,0.0
2975,1.2228778610005975,97.1008,6.774939060211182,0.015132280066609383,0.03980965539813042,0.0068359375,0.6355857253074646,0.019933640956878662,8664.0,1.0
2976,1.2286228560042218,97.1008,6.989873886108398,0.025906778872013092,0.028529483824968338,0.0068359375,0.6535381078720093,0.025794491171836853,8634.0,1.0
2977,1.2257739790002233,97.1008,7.142151355743408,0.028788896277546883,0.03209387883543968,0.0068359375,0.6652617454528809,0.028373537585139275,8688.0,0.0
2978,1.2320125389960594,97.1008,6.91288423538208,0.0189456045627594,0.024170270189642906,0.0068359375,0.6433613896369934,0.02156401425600052,8839.0,0.0
2979,1.2366999709993252,97.1008,6.696911334991455,0.008798620663583279,0.03405376151204109,0.0068359375,0.6273661851882935,0.020208138972520828,8708.0,1.0
2980,1.2252479380040313,97.1008,6.786726951599121,0.010992655530571938,0.024193737655878067,0.0068359375,0.6376924514770508,0.019313111901283264,8633.0,0.0
2981,1.2116010160025326,97.1008,7.051586151123047,0.017926383763551712,0.031836867332458496,0.0068359375,0.6600449085235596,0.022636841982603073,8670.0,0.0
2982,1.2190035830062698,97.1008,7.0499372482299805,0.016962673515081406,0.0390610508620739,0.0068359375,0.6586120128631592,0.02107914164662361,8788.0,0.0
2983,1.2485794259991962,97.1008,6.941952228546143,0.009184595197439194,0.034666646271944046,0.0068359375,0.6512181162834167,0.021935366094112396,8698.0,0.0
2984,1.2565365629998269,97.1008,7.1715569496154785,0.015988489612936974,0.03669268265366554,0.0068359375,0.6692046523094177,0.027795931324362755,8665.0,0.0
2985,1.2660110989963869,97.1008,7.153256416320801,0.01965600810945034,0.04261639341711998,0.005859375,0.6695057153701782,0.023145852610468864,8692.0,0.0
2986,1.4013881960054277,97.1008,7.161101818084717,0.023837072774767876,0.03218403086066246,0.005859375,0.6675862669944763,0.023178808391094208,8736.0,0.0
2987,1.2850850780014298,97.1008,6.8671875,0.00924553070217371,0.04421039670705795,0.005859375,0.6442261934280396,0.019763600081205368,8776.0,0.0
2988,1.2876149410003563,97.1008,6.933502197265625,0.013738378882408142,0.02343832328915596,0.005859375,0.6503602266311646,0.021157559007406235,8653.0,0.0
2989,1.2838451599964174,97.1008,6.9801506996154785,0.020691445097327232,0.03171559050679207,0.005859375,0.6548354625701904,0.02045806497335434,8657.0,0.0
2990,1.2984657089982647,97.1008,7.123481750488281,0.026964794844388962,0.0294406246393919,0.005859375,0.6661122441291809,0.022361185401678085,8708.0,1.0
2991,1.2923055400024168,97.1008,6.978770732879639,0.021089686080813408,0.03199482709169388,0.005859375,0.6514685153961182,0.025340622290968895,8774.0,0.0
2992,1.271207272002357,97.1008,6.9204912185668945,0.019810620695352554,0.031098071485757828,0.005859375,0.6456905603408813,0.026656335219740868,8683.0,1.0
2993,1.2319381709967274,97.1008,6.856557369232178,0.020512983202934265,0.027576114982366562,0.005859375,0.6433253288269043,0.020304841920733452,8669.0,0.0
2994,1.2228010649996577,97.1008,6.970836639404297,0.027248231694102287,0.028975959867239,0.005859375,0.6504184603691101,0.023202352225780487,8712.0,0.0
2995,1.2339906060005887,97.1008,6.76233434677124,0.01452423632144928,0.02424790896475315,0.005859375,0.6322826147079468,0.01990537904202938,8796.0,0.0
2996,1.2545953019944136,97.1008,6.756607532501221,0.011094385758042336,0.025554737076163292,0.005859375,0.6336878538131714,0.021099936217069626,8654.0,0.0
2997,1.2727537640021183,97.1008,6.900550365447998,0.013151772320270538,0.028350746259093285,0.005859375,0.6480668783187866,0.019352171570062637,8658.0,1.0
2998,1.2523264470000868,97.1008,7.052445888519287,0.022486981004476547,0.034360121935606,0.005859375,0.659218966960907,0.02418997697532177,8655.0,0.0
2999,1.265459248003026,97.1008,7.079601764678955,0.02509213238954544,0.023993898183107376,0.005859375,0.6559798717498779,0.02946816198527813,8852.0,0.0
3000,1.277320512002916,97.1008,6.800382137298584,0.013179892674088478,0.026750309392809868,0.005859375,0.6368774771690369,0.022265132516622543,8694.0,0.0
3001,1.2756165509999846,97.1008,6.86860990524292,0.016118474304676056,0.026734603568911552,0.005859375,0.6451010704040527,0.020120270550251007,8637.0,1.0
3002,1.2635057480001706,97.1008,7.031476020812988,0.02010335400700569,0.024599198251962662,0.005859375,0.6589677333831787,0.021430257707834244,8672.0,0.0
3003,1.272499696999148,97.1008,6.866078853607178,0.01628653146326542,0.027982214465737343,0.005859375,0.6385859847068787,0.022595256567001343,8841.0,0.0
3004,1.2804258549949736,97.1008,6.641777038574219,0.00898729544132948,0.02236231602728367,0.005859375,0.6229404807090759,0.01938227191567421,8666.0,0.0
3005,1.2753532669958076,97.1008,6.80310583114624,0.011873073875904083,0.04121984913945198,0.005859375,0.6385596990585327,0.020126469433307648,8638.0,1.0
3006,1.266087833995698,97.1008,7.039303779602051,0.025351140648126602,0.02778739295899868,0.005859375,0.6567426919937134,0.02665887400507927,8639.0,0.0
3007,1.265302039006201,97.1008,7.054233551025391,0.024849386885762215,0.02677527442574501,0.005859375,0.652193009853363,0.02999638393521309,8868.0,0.0
3008,1.282248115996481,97.1008,6.718395233154297,0.0061724307015538216,0.03273360803723335,0.005859375,0.630580484867096,0.02007794938981533,8694.0,0.0
3009,1.2700489229973755,97.1008,6.910703659057617,0.011321492493152618,0.02377939783036709,0.005859375,0.6475416421890259,0.021603655070066452,8662.0,0.0
3010,1.2547203479989548,97.1008,7.0320634841918945,0.014945144765079021,0.03226734697818756,0.005859375,0.6604341268539429,0.02074575424194336,8639.0,0.0
3011,1.268314778993954,97.1008,7.151247024536133,0.0178503580391407,0.023948293179273605,0.005859375,0.6654975414276123,0.024074550718069077,8821.0,0.0
3012,1.2651968700010912,97.1008,6.772904872894287,0.007234395481646061,0.029958317056298256,0.005859375,0.6360883116722107,0.018825506791472435,8699.0,1.0
3013,1.2766701109940186,97.1008,6.901524543762207,0.013236559927463531,0.029591266065835953,0.005859375,0.647191047668457,0.021685712039470673,8633.0,0.0
3014,1.26977752300445,97.1008,7.220851898193359,0.02515745908021927,0.030846521258354187,0.005859375,0.6728935241699219,0.029611069709062576,8652.0,1.0
3015,1.2731016170000657,97.1008,7.124645709991455,0.021533671766519547,0.0254990067332983,0.005859375,0.6611891984939575,0.026625171303749084,8852.0,0.0
3016,1.2785364310038858,97.1008,6.656903266906738,0.005494036711752415,0.023422202095389366,0.005859375,0.6243523955345154,0.01979677379131317,8698.0,1.0
3017,1.2799379269999918,97.1008,6.7916340827941895,0.008047327399253845,0.02197292447090149,0.005859375,0.6375002861022949,0.01982235163450241,8668.0,0.0
3018,1.2752467570026056,97.1008,6.988391876220703,0.01591465435922146,0.03309230878949165,0.005859375,0.6558093428611755,0.02153278887271881,8631.0,1.0
3019,1.2644274560007034,97.1008,7.069466590881348,0.017885036766529083,0.03930151090025902,0.005859375,0.6586973071098328,0.02229277789592743,8785.0,1.0
3020,1.270868794999842,97.1008,6.759626388549805,0.0066443756222724915,0.037619978189468384,0.005859375,0.6343867182731628,0.018886281177401543,8740.0,1.0
3021,1.267820043998654,97.1008,6.88049840927124,0.011669999919831753,0.025554951280355453,0.005859375,0.6440099477767944,0.023398570716381073,8635.0,0.0
3022,1.278193771999213,97.1008,7.086284637451172,0.02065891958773136,0.036724165081977844,0.005859375,0.6595993638038635,0.02834414504468441,8682.0,1.0
3023,1.2719923660042696,97.1008,6.956549644470215,0.01463404856622219,0.024202262982726097,0.0068359375,0.6487592458724976,0.0230728667229414,8741.0,1.0
3024,1.2759944949939381,97.1008,6.672518253326416,0.006605831906199455,0.034988388419151306,0.0078125,0.6226869821548462,0.021451985463500023,8803.0,1.0
3025,1.267068378001568,97.1008,6.657225608825684,0.006826288998126984,0.024648958817124367,0.0078125,0.6253921985626221,0.018225930631160736,8641.0,0.0
3026,1.2456275330041535,97.1008,6.88456392288208,0.01900635100901127,0.03279861435294151,0.0078125,0.6456059217453003,0.02162712812423706,8648.0,0.0
3027,1.243760042998474,97.1008,6.991283416748047,0.02160201035439968,0.031195497140288353,0.0078125,0.6540443301200867,0.02136184088885784,8707.0,1.0
3028,1.2454039840013138,97.1008,6.6895670890808105,0.01318109966814518,0.03263042867183685,0.0078125,0.6239203214645386,0.02176040969789028,8799.0,0.0
3029,1.2607608059988706,97.1008,6.7120561599731445,0.016338178887963295,0.02900656685233116,0.0078125,0.625332236289978,0.027085280045866966,8639.0,0.0
3030,1.2513867529996787,97.1008,6.82837438583374,0.01906716637313366,0.031537074595689774,0.0078125,0.6365792751312256,0.02544669434428215,8716.0,0.0
3031,1.2710941750046914,97.1008,6.7343549728393555,0.02385115437209606,0.031326454132795334,0.0078125,0.6291660666465759,0.022039547562599182,8660.0,0.0
3032,1.2630437459956738,97.1008,6.8278303146362305,0.01759834960103035,0.026716947555541992,0.0078125,0.6366777420043945,0.021791841834783554,8849.0,0.0
3033,1.2633935140038375,97.1008,6.741283893585205,0.013454750180244446,0.031040040776133537,0.0068359375,0.6330447196960449,0.020316122099757195,8638.0,0.0
3034,1.271117525997397,97.1008,6.861011981964111,0.018239540979266167,0.02446458302438259,0.0068359375,0.6431605815887451,0.020763138309121132,8672.0,0.0
3035,1.2632191040029284,97.1008,6.968420505523682,0.021909072995185852,0.03626146912574768,0.005859375,0.6529631614685059,0.02092251181602478,8654.0,0.0
3036,1.2730207579952548,97.1008,6.948116779327393,0.01971854642033577,0.03069298528134823,0.005859375,0.6466728448867798,0.025003788992762566,8815.0,0.0
3037,1.2678570520001813,97.1008,6.898881435394287,0.016331017017364502,0.03916919603943825,0.005859375,0.6432729959487915,0.027511969208717346,8694.0,0.0
3038,1.267693005000183,97.1008,6.779751300811768,0.016881942749023438,0.030616870149970055,0.0068359375,0.635188102722168,0.02087550237774849,8670.0,1.0
3039,1.274537983998016,97.1008,6.8948469161987305,0.025985151529312134,0.029021071270108223,0.0068359375,0.6449563503265381,0.02286224439740181,8646.0,0.0
3040,1.2831911230023252,97.1008,6.744554042816162,0.021004710346460342,0.03187040239572525,0.005859375,0.628502607345581,0.020978718996047974,8844.0,1.0
3041,1.2781327740012784,97.1008,6.728355884552002,0.010687495581805706,0.030752817168831825,0.005859375,0.6310089826583862,0.020324286073446274,8674.0,0.0
3042,1.282113613000547,97.1008,6.778696537017822,0.014557674527168274,0.02828187681734562,0.005859375,0.6365992426872253,0.018762148916721344,8661.0,0.0
3043,1.2741672129996005,97.1008,6.999096870422363,0.02430769056081772,0.034418895840644836,0.005859375,0.6563703417778015,0.021680181846022606,8638.0,1.0
3044,1.264283197997429,97.1008,7.198035717010498,0.02701539546251297,0.02462967298924923,0.005859375,0.6671661138534546,0.0284131970256567,8806.0,0.0
3045,1.2153237960010301,97.1008,6.886837005615234,0.011961609125137329,0.03210146725177765,0.005859375,0.6423747539520264,0.02489936724305153,8753.0,1.0
3046,1.221204822002619,97.1008,6.839137554168701,0.011889534071087837,0.028169261291623116,0.005859375,0.6425825357437134,0.01919546350836754,8640.0,0.0
3047,1.2246938000025693,97.1008,7.045161247253418,0.022499285638332367,0.03136624023318291,0.005859375,0.6598952412605286,0.021836556494235992,8666.0,0.0
3048,1.2206256450008368,97.1008,7.07692813873291,0.025954172015190125,0.02759856916964054,0.005859375,0.6592655181884766,0.02256670407950878,8782.0,0.0
3049,1.2165467140002875,97.1008,6.8450608253479,0.013412348926067352,0.027046749368309975,0.005859375,0.6415671706199646,0.02051788941025734,8732.0,0.0
3050,1.2148479120005504,97.1008,6.789437294006348,0.010446159169077873,0.031809303909540176,0.0068359375,0.6384065747261047,0.01873517595231533,8642.0,1.0
3051,1.2068432540036156,97.1008,7.080151081085205,0.021289072930812836,0.02429128810763359,0.0068359375,0.6628204584121704,0.024160167202353477,8636.0,1.0
3052,1.2150455299997702,97.1008,7.280430793762207,0.028224416077136993,0.0277419313788414,0.0068359375,0.6741619110107422,0.031058503314852715,8791.0,0.0
3053,1.2182003790003364,97.1008,6.672943592071533,0.007821171544492245,0.03552761673927307,0.005859375,0.6238545179367065,0.020960789173841476,8772.0,0.0
3054,1.2052848780003842,97.1008,6.6778950691223145,0.010853398591279984,0.027213381603360176,0.005859375,0.62566077709198,0.020701568573713303,8638.0,0.0
3055,1.2108028549992014,97.1008,6.8413472175598145,0.019201016053557396,0.02700069732964039,0.0048828125,0.641560435295105,0.02000868320465088,8661.0,0.0
3056,1.2010325500014005,97.1008,7.099734783172607,0.027674559503793716,0.028934888541698456,0.0048828125,0.6617516875267029,0.023614933714270592,8722.0,0.0
3057,1.2368414560041856,97.1008,6.8973612785339355,0.014893393963575363,0.01983993873000145,0.005859375,0.6464820504188538,0.019438907504081726,8800.0,1.0
3058,1.220819672998914,97.1008,6.943519592285156,0.016517624258995056,0.023651093244552612,0.005859375,0.6527034640312195,0.02016036957502365,8635.0,0.0
3059,1.2211224759957986,97.1008,7.229071140289307,0.027298687025904655,0.02983671985566616,0.005859375,0.676129937171936,0.026854347437620163,8630.0,0.0
3060,1.2185600420052651,97.1008,7.26446008682251,0.027430394664406776,0.03527916595339775,0.005859375,0.6752322912216187,0.02918316051363945,8749.0,0.0
3061,1.2287298659939552,97.1008,6.736631870269775,0.007501001935452223,0.029668185859918594,0.005859375,0.6300623416900635,0.01952832005918026,8818.0,0.0
3062,1.2418106289987918,97.1008,6.718921184539795,0.008686171844601631,0.02716386877000332,0.0068359375,0.6292904615402222,0.01993316225707531,8667.0,1.0
3063,1.2683563149985275,97.1008,6.865771770477295,0.014658931642770767,0.031074171885848045,0.0068359375,0.6447370052337646,0.019660882651805878,8632.0,1.0
3064,1.273636476995307,97.1008,7.0667266845703125,0.0210510715842247,0.028811126947402954,0.0068359375,0.6600428819656372,0.023147419095039368,8700.0,2.0
3065,1.2404568150013802,97.1008,6.735165596008301,0.00897794496268034,0.0314812958240509,0.0068359375,0.6292291283607483,0.019501449540257454,8827.0,1.0
3066,1.2315561299983528,97.1008,6.748720645904541,0.00822710432112217,0.023419056087732315,0.0068359375,0.6322146654129028,0.021849680691957474,8631.0,0.0
3067,1.2365286540007219,97.1008,6.980376243591309,0.02191203273832798,0.029921134933829308,0.0068359375,0.6500561833381653,0.02814534306526184,8666.0,0.0
3068,1.2202010800028802,97.1008,6.964089393615723,0.018812403082847595,0.028254309669137,0.0068359375,0.6504649519920349,0.023481618613004684,8706.0,0.0
3069,1.2323176490026526,97.1008,6.926242828369141,0.009714911691844463,0.032047342509031296,0.0068359375,0.6468201875686646,0.021775072440505028,8823.0,1.0
3070,1.2369041130004916,97.1008,6.849224090576172,0.0036159157752990723,0.028490301221609116,0.0068359375,0.6443045139312744,0.018760502338409424,8671.0,1.0
3071,1.248744648997672,97.1008,7.0852203369140625,0.014746137894690037,0.02958168089389801,0.0078125,0.665852963924408,0.021226998418569565,8655.0,1.0
3072,1.2470380800004932,97.1008,7.172242164611816,0.019954189658164978,0.026421640068292618,0.0078125,0.6734023094177246,0.02113564871251583,8664.0,1.0
3073,1.2503091489998042,97.1008,7.064234256744385,0.015164809301495552,0.031289443373680115,0.0078125,0.6593191027641296,0.0218685120344162,8819.0,0.0
3074,1.2421130029979395,97.1008,6.793440818786621,0.008659439161419868,0.04150458052754402,0.0078125,0.6350265741348267,0.02459920011460781,8650.0,0.0
3075,1.244012079994718,97.1008,6.951865196228027,0.017483700066804886,0.03310207277536392,0.0078125,0.648165762424469,0.02645529806613922,8685.0,0.0
3076,1.242397201996937,97.1008,6.869467258453369,0.01641172543168068,0.029368838295340538,0.0078125,0.6433956027030945,0.020697293803095818,8676.0,0.0
3077,1.232591455001966,97.1008,6.903456211090088,0.016596563160419464,0.023107212036848068,0.0078125,0.6411094665527344,0.02282014489173889,8836.0,1.0
3078,1.2739914589983528,97.1008,6.689419269561768,0.006449215114116669,0.03717061132192612,0.0078125,0.6275594234466553,0.019224433228373528,8668.0,0.0
3079,1.2226432589959586,97.1008,6.822925090789795,0.012815190479159355,0.029373034834861755,0.0068359375,0.6393641829490662,0.021590223535895348,8655.0,2.0
3080,1.2337521879962878,97.1008,6.880309581756592,0.017552927136421204,0.02672300487756729,0.0068359375,0.6452356576919556,0.020185042172670364,8656.0,0.0
3081,1.219219617996714,97.1008,7.134331226348877,0.02202758565545082,0.028013361617922783,0.005859375,0.6633118987083435,0.024878501892089844,8794.0,0.0
3082,1.2120848029953777,97.1008,6.991023063659668,0.014273537322878838,0.030278224498033524,0.005859375,0.651889979839325,0.027851654216647148,8717.0,0.0
3083,1.2247319340021932,97.1008,6.839930534362793,0.011110108345746994,0.03491046279668808,0.005859375,0.6402730941772461,0.022307952865958214,8695.0,0.0
3084,1.2223579850033275,97.1008,6.980348110198975,0.01671367511153221,0.023312464356422424,0.005859375,0.6552420258522034,0.021202217787504196,8635.0,0.0
3085,1.247184355997888,97.1008,7.133602142333984,0.022186588495969772,0.04491426423192024,0.005859375,0.6659564971923828,0.0222837682813406,8778.0,0.0
3086,1.2491739010001766,97.1008,6.876267433166504,0.009671087376773357,0.03741759806871414,0.005859375,0.6445968151092529,0.021012334153056145,8749.0,1.0
3087,1.256501465999463,97.1008,6.912978649139404,0.009059770032763481,0.037671446800231934,0.0048828125,0.6496194005012512,0.01929447427392006,8660.0,0.0
3088,1.2594118210035958,97.1008,6.970823764801025,0.016754277050495148,0.03619595617055893,0.0048828125,0.6539570093154907,0.02055881917476654,8637.0,0.0
3089,1.2604605550004635,97.1008,7.182736396789551,0.02562209963798523,0.026842128485441208,0.0048828125,0.6685968637466431,0.02749742567539215,8709.0,0.0
3090,1.257941887997731,97.1008,6.861848831176758,0.01299471128731966,0.042859647423028946,0.0048828125,0.6376668214797974,0.02757282555103302,8819.0,0.0
3091,1.2541533170006005,97.1008,6.648464679718018,0.0052130939438939095,0.03165285289287567,0.0048828125,0.622928261756897,0.020009443163871765,8674.0,0.0
3092,1.2615573189978022,97.1008,6.935041904449463,0.014927584677934647,0.035874396562576294,0.0048828125,0.64829421043396,0.02217847667634487,8659.0,0.0
3093,1.2616956939964439,97.1008,7.052666187286377,0.01911144144833088,0.03538917750120163,0.0048828125,0.6586451530456543,0.022073818370699883,8686.0,1.0
3094,1.2706530059949728,97.1008,6.830178260803223,0.009165940806269646,0.03695877268910408,0.0048828125,0.6382800340652466,0.022435635328292847,8815.0,1.0
3095,1.2727478600063478,97.1008,6.538814067840576,0.0019097219919785857,0.032896965742111206,0.0048828125,0.6134726405143738,0.018743984401226044,8663.0,0.0
3096,1.2552560690019163,97.1008,6.852436542510986,0.010107912123203278,0.025061989203095436,0.0048828125,0.6416208744049072,0.022294333204627037,8630.0,0.0
3097,1.250757189001888,97.1008,7.171749591827393,0.020355526357889175,0.03397219628095627,0.0048828125,0.6662073135375977,0.03053952567279339,8685.0,1.0
3098,1.2652096249948954,97.1008,6.847130298614502,0.006636070087552071,0.027600103989243507,0.0048828125,0.6362781524658203,0.02439766749739647,8880.0,0.0
3099,1.292474752997805,97.1008,6.72468376159668,-9.181257337331772e-05,0.032180096954107285,0.0048828125,0.6317679286003113,0.019608329981565475,8641.0,0.0
3100,1.2909843059969717,97.1008,6.878798961639404,0.008612096309661865,0.03212815150618553,0.0048828125,0.6458565592765808,0.020141126587986946,8659.0,1.0
3101,1.30157613800111,97.1008,7.084861755371094,0.015360590070486069,0.023919839411973953,0.0048828125,0.6633977890014648,0.022770408540964127,8652.0,0.0
3102,1.311007497999526,97.1008,6.899092674255371,0.008713378570973873,0.025472264736890793,0.0048828125,0.6437978744506836,0.020914249122142792,8857.0,0.0
3103,1.3124897300003795,97.1008,6.6941022872924805,0.001033218577504158,0.03042186237871647,0.0048828125,0.6289100646972656,0.018664201721549034,8645.0,1.0
3104,1.3054043859956437,97.1008,6.95181131362915,0.011067615821957588,0.027470245957374573,0.0048828125,0.6507527828216553,0.024104010313749313,8637.0,0.0
3105,1.325546812004177,97.1008,7.209545612335205,0.019381854683160782,0.02609281614422798,0.0048828125,0.6711968779563904,0.02902202308177948,8691.0,0.0
3106,1.3006044159992598,97.1008,6.9746503829956055,0.009612326510250568,0.027022456750273705,0.0048828125,0.64972323179245,0.022239431738853455,8854.0,0.0
3107,1.3010487999999896,97.1008,6.728775501251221,0.004525527358055115,0.03372751921415329,0.0048828125,0.6308424472808838,0.020430970937013626,8680.0,0.0
3108,1.2906090049946215,97.1008,6.774463653564453,0.00769500806927681,0.022428467869758606,0.0048828125,0.6371184587478638,0.018277956172823906,8640.0,0.0
3109,1.2927195220036083,97.1008,6.945847034454346,0.01724400371313095,0.0346284843981266,0.0048828125,0.6505353450775146,0.022043554112315178,8655.0,0.0
3110,1.2829146419971948,97.1008,6.82668399810791,0.014233145862817764,0.03579007089138031,0.0048828125,0.6360406279563904,0.020718533545732498,8829.0,0.0
3111,1.3462672910027322,97.1008,6.657806873321533,0.0062924763187766075,0.03049192577600479,0.0048828125,0.6241539716720581,0.02033417485654354,8668.0,1.0
3112,1.3509130349993939,97.1008,6.918525695800781,0.015476247295737267,0.026422657072544098,0.0048828125,0.6459316611289978,0.027092278003692627,8637.0,0.0
3113,1.288028173003113,97.1008,7.088476657867432,0.018654514104127884,0.03606270253658295,0.0048828125,0.6616520881652832,0.025519229471683502,8721.0,0.0
3114,1.2824490999992122,97.1008,6.9909138679504395,0.01649196445941925,0.026764241978526115,0.0048828125,0.6515184044837952,0.022034328430891037,8795.0,1.0
3115,1.2781221420009388,97.1008,6.748356342315674,0.006250436417758465,0.03976072371006012,0.0048828125,0.6330357789993286,0.019560594111680984,8709.0,0.0
3116,1.286283518995333,97.1008,6.848088264465332,0.007745290640741587,0.02722742408514023,0.0048828125,0.6428542137145996,0.020060377195477486,8640.0,1.0
3117,1.2712785329931648,97.1008,7.044068336486816,0.014105696231126785,0.0383998304605484,0.0048828125,0.6605356931686401,0.0210702046751976,8673.0,0.0
3118,1.2750468300000648,97.1008,7.009672164916992,0.017663223668932915,0.02504277229309082,0.0048828125,0.6541296243667603,0.021320372819900513,8758.0,0.0
3119,1.2839409669977613,97.1008,6.867651462554932,0.009477095678448677,0.03726006671786308,0.0048828125,0.6429087519645691,0.022730907425284386,8723.0,0.0
3120,1.2993210950007779,97.1008,6.983229637145996,0.014038078486919403,0.02027738280594349,0.0048828125,0.6507729291915894,0.0268376674503088,8684.0,1.0
3121,1.3030070429958869,97.1008,6.860403060913086,0.01457813661545515,0.034064073115587234,0.0048828125,0.6421575546264648,0.021359968930482864,8668.0,0.0
3122,1.3068304779953905,97.1008,6.9679341316223145,0.02033502422273159,0.023692507296800613,0.0048828125,0.6489619016647339,0.024071907624602318,8729.0,0.0
3123,1.3046639299936942,97.1008,6.570071220397949,0.008414551615715027,0.0374147854745388,0.0048828125,0.6152812838554382,0.018891580402851105,8784.0,0.0
3124,1.3026310260029277,97.1008,6.655824661254883,0.01197975967079401,0.02846832014620304,0.0048828125,0.6231817603111267,0.02083730325102806,8653.0,0.0
3125,1.3231459580056253,97.1008,6.748149394989014,0.0141986683011055,0.042389992624521255,0.0048828125,0.6328465938568115,0.01980237103998661,8654.0,0.0
3126,1.2998340549966088,97.1008,6.896300315856934,0.019565818831324577,0.02265213616192341,0.0048828125,0.6433354616165161,0.023328252136707306,8691.0,0.0
3127,1.306837349999114,97.1008,6.740817546844482,0.012271400541067123,0.0372697114944458,0.0048828125,0.6266040205955505,0.02722202241420746,8790.0,1.0
3128,1.2930936179982382,97.1008,6.641624927520752,0.009198485873639584,0.027026230469346046,0.0048828125,0.6181598901748657,0.024559175595641136,8723.0,0.0
3129,1.2966375739997602,97.1008,6.648011684417725,0.013085104525089264,0.026741692796349525,0.0048828125,0.6231938600540161,0.01949167624115944,8631.0,1.0
3130,1.308627651000279,97.1008,6.887094974517822,0.018862394616007805,0.028188295662403107,0.0048828125,0.6431613564491272,0.022326964884996414,8693.0,0.0
3131,1.3060602789992117,97.1008,6.90592622756958,0.009469782933592796,0.033792272210121155,0.0048828125,0.6456923484802246,0.02095012739300728,8818.0,0.0
3132,1.298986880996381,97.1008,6.824079990386963,0.006520391441881657,0.027551589533686638,0.0048828125,0.6400258541107178,0.01991961896419525,8677.0,0.0
3133,1.2929983680005535,97.1008,6.968859672546387,0.0108542675152421,0.04465378820896149,0.0048828125,0.6558786034584045,0.018965043127536774,8635.0,0.0
3134,1.294529999999213,97.1008,7.220128059387207,0.01998770609498024,0.03077751025557518,0.0048828125,0.6754701137542725,0.024997055530548096,8656.0,1.0
3135,1.2904881930007832,97.1008,7.203705310821533,0.01681426912546158,0.03233105689287186,0.0048828125,0.667556643486023,0.029272079467773438,8866.0,0.0
3136,1.2933400490001077,97.1008,6.779045104980469,0.005166671238839626,0.03623071685433388,0.0048828125,0.6360164284706116,0.020007414743304253,8674.0,0.0
3137,1.3003408670047065,97.1008,6.9294514656066895,0.014265069738030434,0.03244266286492348,0.0048828125,0.6507064700126648,0.02065412327647209,8637.0,0.0
3138,1.3011171339967404,97.1008,7.021785736083984,0.017713837325572968,0.021261263638734818,0.0048828125,0.6588479280471802,0.020516779273748398,8677.0,0.0
3139,1.315730390000681,97.1008,7.064142227172852,0.015518573112785816,0.028588447719812393,0.0048828125,0.6585206985473633,0.0228007510304451,8832.0,0.0
3140,1.3314469630058738,97.1008,6.864367485046387,0.0036248783580958843,0.028978480026125908,0.0048828125,0.6454704999923706,0.018549365922808647,8673.0,0.0
3141,1.3343924899963895,97.1008,7.051811695098877,0.012468628585338593,0.025458306074142456,0.0048828125,0.6630600690841675,0.020240746438503265,8640.0,0.0
3142,1.3306864869955461,97.1008,7.403017520904541,0.024984562769532204,0.03400587663054466,0.0048828125,0.6921170949935913,0.027297060936689377,8646.0,0.0
3143,1.3396214619933744,97.1008,7.315757751464844,0.023380514234304428,0.01894153095781803,0.0048828125,0.678803563117981,0.027793556451797485,8892.0,1.0
3144,1.3343084689986426,97.1008,6.7673797607421875,0.005292932037264109,0.03075690194964409,0.0048828125,0.6363567113876343,0.018202167004346848,8667.0,0.0
3145,1.3398307489987928,97.1008,6.962359428405762,0.013026988133788109,0.0343589223921299,0.0048828125,0.6531752347946167,0.02018044702708721,8667.0,0.0
3146,1.3376712980025331,97.1008,7.109633922576904,0.02056838572025299,0.02541317604482174,0.0048828125,0.6680078506469727,0.020871605724096298,8639.0,0.0
3147,1.3349681359977694,97.1008,7.088475704193115,0.02425108477473259,0.027528654783964157,0.0048828125,0.6590657234191895,0.023318469524383545,8836.0,0.0
3148,1.3292955139986589,97.1008,6.654105186462402,0.010152027942240238,0.02581610158085823,0.0048828125,0.6246479749679565,0.01832883059978485,8681.0,0.0
3149,1.333341562996793,97.1008,6.811482906341553,0.01704014465212822,0.032236527651548386,0.0048828125,0.6375167369842529,0.022881289944052696,8635.0,1.0
3150,1.3393703090041527,97.1008,7.100500106811523,0.029598649591207504,0.02547628991305828,0.0048828125,0.6608326435089111,0.029665574431419373,8674.0,1.0
3151,1.3467923950011027,97.1008,6.993361473083496,0.019720572978258133,0.0310500655323267,0.0048828125,0.650438666343689,0.023992914706468582,8809.0,0.0
3152,1.3270599050010787,97.1008,6.704910755157471,0.005293621681630611,0.025372697040438652,0.0048828125,0.6285044550895691,0.020063607022166252,8717.0,2.0
3153,1.312388373997237,97.1008,6.785085678100586,0.005248891655355692,0.035521600395441055,0.0048828125,0.6376535892486572,0.01884300261735916,8667.0,0.0
3154,1.3221787169968593,97.1008,7.091996669769287,0.011982494965195656,0.02689903788268566,0.0048828125,0.6654518842697144,0.021820982918143272,8655.0,0.0
3155,1.435134780993394,97.1008,7.146976470947266,0.01487605832517147,0.027943428605794907,0.0048828125,0.6680155992507935,0.021738898009061813,8742.0,1.0
3156,1.3019206090029911,97.1008,6.794417858123779,0.004095214884728193,0.03462783619761467,0.0048828125,0.6369801163673401,0.019925376400351524,8763.0,0.0
3157,1.3005858810065547,97.1008,6.874218463897705,0.01082584448158741,0.03230869770050049,0.0048828125,0.6423516273498535,0.025064004585146904,8637.0,1.0
3158,1.3042449470085558,97.1008,7.116621017456055,0.018004853278398514,0.03639911115169525,0.0048828125,0.6643314361572266,0.02730393409729004,8678.0,0.0
3159,1.3061382150044665,97.1008,7.0624823570251465,0.02013350836932659,0.03617038205265999,0.0048828125,0.6596677303314209,0.02167276106774807,8732.0,0.0
3160,1.3085386660095537,97.1008,6.881657123565674,0.007898690178990364,0.03696158528327942,0.0048828125,0.6433534026145935,0.021127060055732727,8817.0,0.0
3161,1.3165669640002307,97.1008,6.807976722717285,0.0052567352540791035,0.03522799164056778,0.0048828125,0.6398321986198425,0.019204895943403244,8637.0,0.0
3162,1.3168621599907055,97.1008,7.008381366729736,0.013734064064919949,0.03505080193281174,0.0048828125,0.6572374105453491,0.021900122985243797,8666.0,0.0
3163,1.3240484560083132,97.1008,7.020069599151611,0.01759783923625946,0.023365899920463562,0.0048828125,0.6574785113334656,0.020993856713175774,8676.0,0.0
3164,1.3189684789977036,97.1008,6.958576202392578,0.010622531175613403,0.03165765106678009,0.0048828125,0.6493412852287292,0.02335996925830841,8817.0,0.0
3165,1.3091365490108728,97.1008,7.017276287078857,0.011694838292896748,0.030356373637914658,0.0048828125,0.6548147797584534,0.027864664793014526,8663.0,1.0
3166,1.3131235889886739,97.1008,6.984368324279785,0.015976108610630035,0.025047387927770615,0.0048828125,0.6545625329017639,0.022316476330161095,8686.0,1.0
3167,1.3166009050037246,97.1008,7.0962066650390625,0.0226905420422554,0.028785590082406998,0.0048828125,0.6652175188064575,0.02204008772969246,8654.0,0.0
3168,1.3055162959935842,97.1008,6.927728176116943,0.016477197408676147,0.020330684259533882,0.0048828125,0.6460708379745483,0.020692721009254456,8854.0,1.0
3169,1.3068964709964348,97.1008,6.757228851318359,0.01144782081246376,0.02616727165877819,0.0048828125,0.6336483955383301,0.020283138379454613,8655.0,0.0
3170,1.3117033269954845,97.1008,6.84803581237793,0.014355437830090523,0.027299171313643456,0.0048828125,0.6431279182434082,0.019132046028971672,8658.0,0.0
3171,1.2891843700053869,97.1008,7.0127854347229,0.0197356678545475,0.030608095228672028,0.0048828125,0.657214343547821,0.021011363714933395,8648.0,1.0
3172,1.282256469989079,97.1008,7.180814266204834,0.022837724536657333,0.032404523342847824,0.0048828125,0.669040858745575,0.026287715882062912,8817.0,0.0
3173,1.2769579529995099,97.1008,7.090099811553955,0.011919457465410233,0.029864279553294182,0.005859375,0.6633043885231018,0.02611633762717247,8699.0,1.0
3174,1.2680226090014912,97.1008,7.072682857513428,0.007897530682384968,0.028483903035521507,0.005859375,0.6658980846405029,0.019172733649611473,8674.0,1.0
3175,1.2671794619964203,97.1008,7.347789287567139,0.016342153772711754,0.023897111415863037,0.005859375,0.6904203295707703,0.02189391478896141,8669.0,1.0
3176,1.2780227799958084,97.1008,7.2522501945495605,0.01645098440349102,0.03526869788765907,0.0048828125,0.6782416105270386,0.021039938554167747,8808.0,0.0
3177,1.2783590049948543,97.1008,6.898141384124756,0.008045178838074207,0.027213165536522865,0.0048828125,0.6483566164970398,0.020699243992567062,8687.0,0.0
3178,1.2820543730049394,97.1008,6.8870463371276855,0.008895741775631905,0.026695827022194862,0.0048828125,0.6478806138038635,0.0184611976146698,8663.0,0.0
3179,1.2870200199977262,97.1008,7.118614196777344,0.01863745041191578,0.03614227846264839,0.0048828125,0.6676689386367798,0.023045873269438744,8638.0,1.0
3180,1.29188931499084,97.1008,7.261623859405518,0.023691143840551376,0.032001495361328125,0.005859375,0.6727535724639893,0.030543385073542595,8823.0,1.0
3181,1.2844536050106399,97.1008,6.8451409339904785,0.00652069877833128,0.03560173884034157,0.005859375,0.6407232284545898,0.022313397377729416,8732.0,0.0
3182,1.267073003007681,97.1008,6.7957048416137695,0.007955801673233509,0.02523290552198887,0.005859375,0.6381418108940125,0.019589800387620926,8641.0,0.0
3183,1.2837036429991713,97.1008,6.928271770477295,0.01438590046018362,0.0350840725004673,0.005859375,0.6500476598739624,0.02062883973121643,8666.0,0.0
3184,1.2695710310072172,97.1008,7.07042932510376,0.019620224833488464,0.03442894294857979,0.005859375,0.658029317855835,0.02347821369767189,8784.0,0.0
3185,1.267716450005537,97.1008,6.734115123748779,0.007907846942543983,0.03213232755661011,0.005859375,0.6315941214561462,0.019163567572832108,8731.0,0.0
3186,1.278416337998351,97.1008,6.856656074523926,0.01059647649526596,0.0284893698990345,0.005859375,0.6445940732955933,0.019228849560022354,8641.0,0.0
3187,1.375223465001909,97.1008,7.173371315002441,0.022109245881438255,0.031146133318543434,0.005859375,0.6716798543930054,0.025121480226516724,8634.0,0.0
3188,1.3097925239999313,97.1008,7.316410064697266,0.02825518697500229,0.031298596411943436,0.005859375,0.6791794300079346,0.02955222688615322,8784.0,0.0
3189,1.2708036179974442,97.1008,6.742857456207275,0.010574101470410824,0.03311803936958313,0.005859375,0.6317940950393677,0.01954364776611328,8785.0,0.0
3190,1.26752898900304,97.1008,6.7672624588012695,0.011970625258982182,0.03619954735040665,0.005859375,0.6340509057044983,0.020352084189653397,8662.0,0.0
3191,1.2798173420014791,97.1008,6.8987040519714355,0.01646404340863228,0.035108018666505814,0.0068359375,0.6480289101600647,0.019273430109024048,8637.0,1.0
3192,1.279470367997419,97.1008,7.1459879875183105,0.023355290293693542,0.03593982383608818,0.0068359375,0.6679052114486694,0.023643169552087784,8713.0,0.0
3193,1.2732066769967787,97.1008,7.007587432861328,0.01105002872645855,0.035688307136297226,0.0068359375,0.6584433913230896,0.018880844116210938,8806.0,1.0
3194,1.2817671039956622,97.1008,6.964722156524658,0.014812477864325047,0.026502756401896477,0.0068359375,0.654647946357727,0.02049357444047928,8634.0,2.0
3195,1.2855037039989838,97.1008,7.296156406402588,0.02837587520480156,0.030070140957832336,0.0078125,0.6820578575134277,0.027618324384093285,8652.0,3.0
3196,1.2903597399999853,97.1008,7.237771987915039,0.024434572085738182,0.03227471187710762,0.0078125,0.6751973032951355,0.025082603096961975,8741.0,0.0
3197,1.3046989349968499,97.1008,6.810305118560791,0.011296449229121208,0.03265759348869324,0.0078125,0.6372400522232056,0.020017575472593307,8806.0,0.0
3198,1.284653843002161,97.1008,6.713578701019287,0.007784835062921047,0.037830810993909836,0.0078125,0.6304205656051636,0.019250107929110527,8670.0,0.0
3199,1.3096731800033012,97.1008,6.78262186050415,0.017482183873653412,0.03639937937259674,0.0078125,0.6360206604003906,0.020966842770576477,8632.0,0.0
3200,1.319706567999674,97.1008,6.874585151672363,0.02371671423316002,0.03559553250670433,0.0078125,0.6426131725311279,0.02205396257340908,8697.0,0.0
3201,1.3120572389889276,97.1008,6.779678821563721,0.018204137682914734,0.03526777774095535,0.0078125,0.6330704092979431,0.020449891686439514,8816.0,0.0
3202,1.31981034000637,97.1008,6.80661153793335,0.01761636883020401,0.03932303190231323,0.0078125,0.6369377374649048,0.023402085527777672,8640.0,0.0
3203,1.3137834410008509,97.1008,7.055718421936035,0.025572987273335457,0.02300010249018669,0.0078125,0.6581147909164429,0.027458330616354942,8685.0,1.0
3204,1.2867005779989995,97.1008,7.06665563583374,0.02367177978157997,0.04370911419391632,0.0078125,0.6623045802116394,0.02157110720872879,8688.0,0.0
3205,1.2844613960041897,97.1008,6.967473030090332,0.02440485544502735,0.03295249119400978,0.0078125,0.6486619710922241,0.022073227912187576,8845.0,0.0
3206,1.2853016139997635,97.1008,6.751217842102051,0.012282608076930046,0.028735801577568054,0.0078125,0.6358610391616821,0.017256535589694977,8650.0,0.0
3207,1.2831049410015112,97.1008,6.922076225280762,0.019829612225294113,0.03540198504924774,0.0078125,0.6495086550712585,0.020276226103305817,8652.0,1.0
3208,1.27986169300857,97.1008,6.944843769073486,0.025002021342515945,0.017762906849384308,0.0078125,0.6511268615722656,0.020208831876516342,8669.0,0.0
3209,1.290213540996774,97.1008,7.001545429229736,0.028842369094491005,0.033375609666109085,0.0078125,0.6522438526153564,0.022770633921027184,8809.0,1.0
3210,1.2966596210026182,97.1008,7.001032829284668,0.022154076024889946,0.02553737722337246,0.0078125,0.6541677713394165,0.026585891842842102,8664.0,1.0
3211,1.3000197740038857,97.1008,6.92498254776001,0.022288789972662926,0.03759125620126724,0.0078125,0.6464398503303528,0.024532917886972427,8721.0,0.0
3212,1.4231213030143408,97.1008,6.870779037475586,0.02372431382536888,0.027851099148392677,0.0078125,0.6431856751441956,0.020735997706651688,8647.0,0.0
3213,1.2958447660057573,97.1008,6.846989154815674,0.022714287042617798,0.02700650878250599,0.0078125,0.6361464858055115,0.022334858775138855,8822.0,1.0
3214,1.2934573450038442,97.1008,6.588953495025635,0.011070635169744492,0.024598976597189903,0.0078125,0.6177012920379639,0.019657433032989502,8676.0,0.0
3215,1.2982715049874969,97.1008,6.805145263671875,0.01648527756333351,0.026932260021567345,0.0078125,0.6377999782562256,0.020186444744467735,8676.0,0.0
3216,1.3041865929990308,97.1008,6.989777088165283,0.02133968099951744,0.020581411197781563,0.0078125,0.6559322476387024,0.019803807139396667,8644.0,0.0
3217,1.3237804539967328,97.1008,7.158780574798584,0.02760748378932476,0.028296135365962982,0.0078125,0.6658916473388672,0.025437306612730026,8768.0,0.0
3218,1.299723542004358,97.1008,7.060164928436279,0.018890608102083206,0.03170532360672951,0.0078125,0.6589953899383545,0.026820188388228416,8755.0,0.0
3219,1.3070582449872745,97.1008,6.918840408325195,0.013523422181606293,0.01963452249765396,0.0078125,0.6498498320579529,0.020287811756134033,8671.0,0.0
3220,1.3115743340022163,97.1008,7.029777526855469,0.01997610554099083,0.029933350160717964,0.0078125,0.6592068076133728,0.02153434418141842,8639.0,1.0
3221,1.3053855129983276,97.1008,7.213215351104736,0.02554132230579853,0.033400241285562515,0.0078125,0.6743655204772949,0.02084275335073471,8759.0,0.0
3222,1.309412941991468,97.1008,6.936004638671875,0.016305258497595787,0.03954682499170303,0.0078125,0.6497510671615601,0.02060282975435257,8762.0,0.0
3223,1.3210863029962638,97.1008,6.954563617706299,0.016967367380857468,0.024699676781892776,0.0078125,0.6537067294120789,0.018609583377838135,8665.0,0.0
3224,1.3172357309958898,97.1008,7.112303733825684,0.02429261803627014,0.02694547548890114,0.0078125,0.6683176755905151,0.021022675558924675,8636.0,0.0
3225,1.3176105949969497,97.1008,7.393131256103516,0.036399997770786285,0.0288833100348711,0.0078125,0.688372790813446,0.02880152128636837,8694.0,1.0
3226,1.31893950200174,97.1008,7.117829322814941,0.025060519576072693,0.025752950459718704,0.0078125,0.6634844541549683,0.025782113894820213,8865.0,2.0
3227,1.3155573109979741,97.1008,6.868279457092285,0.015629762783646584,0.03807349130511284,0.0078125,0.6458432674407959,0.01844731718301773,8642.0,0.0
3228,1.3169432689901441,97.1008,7.081803321838379,0.023363355547189713,0.02732422761619091,0.0078125,0.6650223731994629,0.02043258026242256,8664.0,1.0
3229,1.3291235570068238,97.1008,7.181291103363037,0.02626236341893673,0.028800921514630318,0.0078125,0.6728314161300659,0.021661102771759033,8671.0,0.0
3230,1.323886816011509,97.1008,7.006542205810547,0.01698007807135582,0.029153307899832726,0.0078125,0.655789315700531,0.020830299705266953,8844.0,0.0
3231,1.308782093008631,97.1008,6.898961544036865,0.013724317774176598,0.021877001971006393,0.0078125,0.6500235795974731,0.01810234785079956,8640.0,0.0
3232,1.2963855859998148,97.1008,7.15955924987793,0.02484820783138275,0.026051558554172516,0.0087890625,0.6718053817749023,0.02319367788732052,8637.0,0.0
3233,1.2921478539938107,97.1008,7.383461952209473,0.03770425170660019,0.0263509564101696,0.0087890625,0.6875133514404297,0.030301980674266815,8708.0,0.0
3234,1.2875582449923968,97.1008,7.018476963043213,0.021703530102968216,0.0268422719091177,0.0087890625,0.6556200981140137,0.02220684289932251,8854.0,0.0
3235,1.2932585469970945,97.1008,6.906856536865234,0.013599325902760029,0.027624085545539856,0.0087890625,0.6498364210128784,0.01992076076567173,8636.0,1.0
3236,1.2925171780079836,97.1008,7.04642391204834,0.018246470019221306,0.028389224782586098,0.0087890625,0.6631091833114624,0.019135160371661186,8669.0,0.0
3237,1.2896253490034724,97.1008,7.3104939460754395,0.028292907401919365,0.024508342146873474,0.0087890625,0.6859359741210938,0.02290932461619377,8663.0,0.0
3238,1.2990809449984226,97.1008,7.072926044464111,0.023762719705700874,0.02113092504441738,0.0087890625,0.6606287956237793,0.021079272031784058,8849.0,0.0
3239,1.2989268740057014,97.1008,6.809162139892578,0.01722845807671547,0.028638767078518867,0.0087890625,0.6401761770248413,0.019741250202059746,8642.0,0.0
3240,1.3007922969991341,97.1008,7.025993824005127,0.02746981382369995,0.028183946385979652,0.0087890625,0.657692551612854,0.025924038141965866,8639.0,0.0
3241,1.3045048700005282,97.1008,7.224184989929199,0.03321203961968422,0.030615292489528656,0.0087890625,0.673956036567688,0.02813919447362423,8704.0,1.0
3242,1.3106283950037323,97.1008,6.92117166519165,0.024714665487408638,0.03185150772333145,0.0087890625,0.6452476382255554,0.021333809942007065,8836.0,0.0
3243,1.314260793995345,97.1008,6.766645908355713,0.013660823926329613,0.033700890839099884,0.0087890625,0.6343768835067749,0.020336836576461792,8685.0,0.0
3244,1.2982418540050276,97.1008,6.80625057220459,0.018599916249513626,0.020929859951138496,0.0087890625,0.6391270160675049,0.01976117677986622,8639.0,0.0
3245,1.2971693349973066,97.1008,6.980777263641357,0.026942383497953415,0.03520093485713005,0.0087890625,0.6528348326683044,0.022621115669608116,8677.0,0.0
3246,1.2923866670025745,97.1008,6.992928504943848,0.024869564920663834,0.027136126533150673,0.0087890625,0.6518139839172363,0.021153070032596588,8803.0,0.0
3247,1.2956933619861957,97.1008,6.803743362426758,0.01683603972196579,0.029638614505529404,0.0087890625,0.6374484896659851,0.02226032316684723,8671.0,1.0
3248,1.298179727004026,97.1008,7.100640296936035,0.026398923248052597,0.021810166537761688,0.0087890625,0.6625247001647949,0.028156936168670654,8674.0,0.0
3249,1.2924234100064496,97.1008,7.0900139808654785,0.02569175511598587,0.03077985905110836,0.0087890625,0.6644264459609985,0.022583693265914917,8694.0,0.0
3250,1.2936544309923192,97.1008,7.099143028259277,0.02495785802602768,0.028836876153945923,0.0087890625,0.661642849445343,0.022593459114432335,8776.0,0.0
3251,1.2855177969904616,97.1008,6.8689727783203125,0.01025095209479332,0.025669554248452187,0.0087890625,0.6452021598815918,0.019069548696279526,8728.0,1.0
3252,1.2897718460008036,97.1008,6.9922943115234375,0.014298590831458569,0.03575447201728821,0.0087890625,0.656376838684082,0.020952772349119186,8662.0,0.0
3253,1.3052133550081635,97.1008,7.168706893920898,0.01866181008517742,0.029432261362671852,0.0087890625,0.6743776202201843,0.020357396453619003,8656.0,1.0
3254,1.3062497450009687,97.1008,7.259047985076904,0.021381925791502,0.037213463336229324,0.0087890625,0.6789658069610596,0.02237161248922348,8737.0,0.0
3255,1.311886613999377,97.1008,6.972476005554199,0.014471855945885181,0.03391697630286217,0.0087890625,0.6522266864776611,0.02501675859093666,8742.0,0.0
3256,1.3020001069962746,97.1008,7.025570392608643,0.017380136996507645,0.025431422516703606,0.0087890625,0.6564433574676514,0.026363832876086235,8690.0,2.0
3257,1.2907445279997773,97.1008,7.0880327224731445,0.01418311893939972,0.03109050914645195,0.0087890625,0.6662478446960449,0.020169002935290337,8668.0,3.0
3258,1.294963126987568,97.1008,7.148985862731934,0.02115282602608204,0.02386937104165554,0.0087890625,0.6667559146881104,0.023250263184309006,8738.0,0.0
3259,1.2891918430104852,97.1008,6.84950065612793,0.013581831008195877,0.039036642760038376,0.0087890625,0.64195716381073,0.01946473866701126,8769.0,1.0
3260,1.2920386709884042,97.1008,6.947718620300293,0.0176963210105896,0.03725617751479149,0.0087890625,0.6525781154632568,0.02096838876605034,8659.0,0.0
3261,1.292129337991355,97.1008,7.0037713050842285,0.021440910175442696,0.03338797762989998,0.0087890625,0.6588388085365295,0.019059158861637115,8650.0,0.0
3262,1.296858596993843,97.1008,7.17707633972168,0.028115376830101013,0.033135224133729935,0.0087890625,0.6714462041854858,0.024260681122541428,8673.0,1.0
3263,1.3103446710010758,97.1008,7.084948539733887,0.02353866770863533,0.03468630462884903,0.0078125,0.6585564613342285,0.028392387554049492,8831.0,0.0
3264,1.28802318299131,97.1008,6.747531890869141,0.01256873831152916,0.03287294879555702,0.0078125,0.6315544843673706,0.021803632378578186,8696.0,0.0
3265,1.294740293000359,97.1008,6.857022285461426,0.01498904824256897,0.035118941217660904,0.0087890625,0.6439758539199829,0.020049449056386948,8631.0,0.0
3266,1.2932697829965036,97.1008,7.077157020568848,0.021197667345404625,0.03529186546802521,0.0087890625,0.6631443500518799,0.021313346922397614,8691.0,1.0
3267,1.2879060949926497,97.1008,6.947636604309082,0.018924249336123466,0.03594199940562248,0.0087890625,0.6478220224380493,0.02172817289829254,8837.0,0.0
3268,1.2971072560030734,97.1008,6.833066940307617,0.012586989440023899,0.03305797651410103,0.0087890625,0.6423094272613525,0.018779123201966286,8658.0,1.0
3269,1.306550994006102,97.1008,6.925658226013184,0.01710928976535797,0.03490651398897171,0.0087890625,0.6510329246520996,0.01969606988132,8638.0,0.0
3270,1.2933146680006757,97.1008,7.186049938201904,0.026904497295618057,0.03185589239001274,0.0087890625,0.6711682677268982,0.026433613151311874,8647.0,0.0
3271,1.291546959997504,97.1008,7.1268181800842285,0.024547096341848373,0.04073194041848183,0.0087890625,0.6603993773460388,0.0285456832498312,8874.0,0.0
3272,1.3326905599969905,97.1008,6.649814128875732,0.0114753944799304,0.03425421938300133,0.0087890625,0.6239721179008484,0.01935119926929474,8681.0,0.0
3273,1.3762059829896316,97.1008,6.813770771026611,0.017596591264009476,0.037772390991449356,0.0078125,0.6382105946540833,0.021216508001089096,8668.0,0.0
3274,1.2987992749986006,97.1008,6.90084981918335,0.021460922434926033,0.03260267525911331,0.0078125,0.6471290588378906,0.020992262288928032,8641.0,0.0
3275,1.3008513559907442,97.1008,7.069931983947754,0.022889185696840286,0.04263101518154144,0.0078125,0.6582884192466736,0.023582056164741516,8831.0,0.0
3276,1.2973602560086874,97.1008,6.789106845855713,0.010090352967381477,0.035836733877658844,0.0078125,0.6388463973999023,0.018462423235177994,8681.0,0.0
3277,1.3025530710001476,97.1008,6.952795505523682,0.017277050763368607,0.02483663335442543,0.0078125,0.65287846326828,0.02174132876098156,8640.0,0.0
3278,1.3023046269954648,97.1008,7.315723419189453,0.0308312326669693,0.02893453650176525,0.0078125,0.6817852258682251,0.029605016112327576,8666.0,0.0
3279,1.3034464880038286,97.1008,7.1748881340026855,0.023348387330770493,0.028190353885293007,0.0078125,0.6663416624069214,0.025484224781394005,8858.0,0.0
3280,1.3060692290018778,97.1008,6.725873947143555,0.006480406038463116,0.033489156514406204,0.0078125,0.6316558718681335,0.019573699682950974,8671.0,0.0
3281,1.2946784910018323,97.1008,6.851633071899414,0.010802354663610458,0.031414810568094254,0.0078125,0.6431599855422974,0.019918305799365044,8670.0,0.0
3282,1.30011666000064,97.1008,6.978274822235107,0.018690545111894608,0.04251107573509216,0.0078125,0.6543546915054321,0.02230425737798214,8638.0,0.0
3283,1.293413496008725,97.1008,6.997933864593506,0.019648395478725433,0.02772022970020771,0.0068359375,0.6515769958496094,0.02227924019098282,8814.0,0.0
3284,1.3044082800042816,97.1008,6.640247344970703,0.006303365807980299,0.04417191445827484,0.0068359375,0.6231858730316162,0.01891363225877285,8696.0,0.0
3285,1.3121093030058546,97.1008,6.872251987457275,0.013294238597154617,0.021859101951122284,0.0068359375,0.6428045630455017,0.02391435205936432,8640.0,0.0
3286,1.3061259410023922,97.1008,7.067492485046387,0.025255363434553146,0.03639490157365799,0.0068359375,0.6582145094871521,0.028182517737150192,8683.0,0.0
3287,1.3116223109973362,97.1008,7.0446457862854,0.022671863436698914,0.02784144878387451,0.0078125,0.6569885015487671,0.022547071799635887,8774.0,2.0
3288,1.31454540300183,97.1008,6.825528621673584,0.011487769894301891,0.0388195663690567,0.0078125,0.6390479803085327,0.02098623476922512,8762.0,1.0
3289,1.3366906759911217,97.1008,6.862320423126221,0.01203650701791048,0.04128747805953026,0.0078125,0.6456995010375977,0.018549218773841858,8641.0,1.0
3290,1.309542105998844,97.1008,7.051382064819336,0.019468015059828758,0.0337882861495018,0.0078125,0.6614102125167847,0.021937504410743713,8650.0,0.0
3291,1.3134821860003285,97.1008,7.107510566711426,0.02147693559527397,0.04195581376552582,0.0078125,0.6645261645317078,0.021310439333319664,8738.0,0.0
3292,1.3111082810064545,97.1008,6.910676956176758,0.014391278848052025,0.02584899216890335,0.0078125,0.6472419500350952,0.02112402766942978,8762.0,1.0
3293,1.3120518059877213,97.1008,7.02158784866333,0.021160252392292023,0.03826957941055298,0.0078125,0.6563040614128113,0.02697516605257988,8637.0,0.0
3294,1.3098345949983923,97.1008,7.063619136810303,0.020570017397403717,0.03001662716269493,0.0078125,0.6605043411254883,0.024691756814718246,8716.0,0.0
3295,1.3040656500088517,97.1008,7.083525657653809,0.019971851259469986,0.04369322583079338,0.0078125,0.663116455078125,0.022164128720760345,8682.0,0.0
3296,1.315016377993743,97.1008,6.942358016967773,0.009066944010555744,0.036070529371500015,0.0078125,0.6491519808769226,0.02097342163324356,8828.0,0.0
3297,1.312723155002459,97.1008,6.789281845092773,0.009378809481859207,0.035754524171352386,0.0078125,0.6375806927680969,0.020261486992239952,8637.0,0.0
3298,1.317093196004862,97.1008,6.911391735076904,0.016937904059886932,0.039517439901828766,0.0078125,0.6477257013320923,0.020945599302649498,8671.0,1.0
3299,1.318100228003459,97.1008,7.002867698669434,0.01952468231320381,0.027628537267446518,0.0078125,0.6552927494049072,0.021740926429629326,8665.0,0.0
3300,1.3252663510065759,97.1008,7.023257255554199,0.019010081887245178,0.025177549570798874,0.0078125,0.6541083455085754,0.025059904903173447,8815.0,0.0
3301,1.3187777629937045,97.1008,6.891576290130615,0.020527061074972153,0.022601090371608734,0.0078125,0.6421712636947632,0.02748454175889492,8690.0,0.0
3302,1.3167278619948775,97.1008,6.868937015533447,0.017463725060224533,0.03097500652074814,0.0078125,0.6440931558609009,0.020991075783967972,8667.0,0.0
3303,1.3121182979957666,97.1008,7.0536088943481445,0.022113768383860588,0.016804518178105354,0.0078125,0.6591066718101501,0.023262787610292435,8663.0,0.0
3304,1.3150817950081546,97.1008,7.004777431488037,0.014269606210291386,0.03404657542705536,0.0078125,0.6547036170959473,0.020386267453432083,8836.0,1.0
3305,1.3128579720068956,97.1008,6.945059776306152,0.011550379917025566,0.025556879118084908,0.0078125,0.6524516344070435,0.020869016647338867,8659.0,0.0
3306,1.3119907000073,97.1008,7.027019023895264,0.01403393317013979,0.029341502115130424,0.0078125,0.6609805822372437,0.01932843029499054,8657.0,0.0
3307,1.3069062040012795,97.1008,7.20466423034668,0.018762264400720596,0.032009463757276535,0.0068359375,0.6752563714981079,0.022607959806919098,8641.0,0.0
3308,1.2920598560012877,97.1008,7.311349391937256,0.01934565231204033,0.029148854315280914,0.0068359375,0.6798467636108398,0.028629478067159653,8812.0,0.0
3309,1.3117676919937367,97.1008,6.932104110717773,0.006875171326100826,0.03242497146129608,0.0068359375,0.6466991901397705,0.024696743115782738,8743.0,0.0
3310,1.2873479319969192,97.1008,6.794137477874756,0.006334390956908464,0.030829625204205513,0.005859375,0.6378129720687866,0.019102275371551514,8640.0,0.0
3311,1.29471623399877,97.1008,7.033322811126709,0.014156416989862919,0.03406127542257309,0.005859375,0.6587275266647339,0.021484432741999626,8668.0,0.0
3312,1.2887231100030476,97.1008,7.022905349731445,0.015236379578709602,0.03682667762041092,0.005859375,0.6541643738746643,0.022119447588920593,8804.0,0.0
3313,1.2792055960017024,97.1008,6.744612693786621,0.008604591712355614,0.028831075876951218,0.005859375,0.6320734024047852,0.019855264574289322,8707.0,1.0
3314,1.2798961560038151,97.1008,6.786320209503174,0.01448523998260498,0.035762201994657516,0.005859375,0.6372881531715393,0.01866871491074562,8644.0,0.0
3315,1.285127705996274,97.1008,7.013153076171875,0.02405977062880993,0.030094634741544724,0.005859375,0.6558728218078613,0.024344874545931816,8634.0,1.0
3316,1.2767384040053003,97.1008,7.175052165985107,0.02827458828687668,0.02748170681297779,0.005859375,0.6631398797035217,0.030382603406906128,8833.0,0.0
3317,1.282141033996595,97.1008,6.695541858673096,0.007723312359303236,0.02458440512418747,0.005859375,0.6264544725418091,0.02028670907020569,8724.0,0.0
3318,1.283754970994778,97.1008,6.78555154800415,0.01347957644611597,0.03589431568980217,0.005859375,0.6358866691589355,0.020291324704885483,8642.0,1.0
3319,1.292479149007704,97.1008,6.99934720993042,0.021596543490886688,0.029884453862905502,0.005859375,0.6569355130195618,0.01970883086323738,8667.0,1.0
3320,1.2914618460054044,97.1008,7.193917274475098,0.027212627232074738,0.03434352949261665,0.005859375,0.6708380579948425,0.023773107677698135,8758.0,0.0
3321,1.2863041529926704,97.1008,6.942105770111084,0.011981833726167679,0.0351996012032032,0.005859375,0.6522642970085144,0.01920236274600029,8758.0,0.0
3322,1.2873791169986362,97.1008,7.028943061828613,0.013513278216123581,0.027225574478507042,0.005859375,0.660566508769989,0.020190604031085968,8639.0,1.0
3323,1.2888408639992122,97.1008,7.243349075317383,0.024910232052206993,0.0315551683306694,0.005859375,0.6774648427963257,0.026922931894659996,8631.0,1.0
3324,1.3063721930084284,97.1008,7.263989448547363,0.02709421142935753,0.032066624611616135,0.0048828125,0.6737427115440369,0.028791874647140503,8796.0,1.0
3325,1.310573757000384,97.1008,6.747061729431152,0.00963487196713686,0.03200768306851387,0.0048828125,0.6313185095787048,0.019219715148210526,8771.0,0.0
3326,1.3138341089943424,97.1008,6.767789363861084,0.011705504730343819,0.03849693760275841,0.0048828125,0.6339834928512573,0.020061982795596123,8668.0,1.0
3327,1.3320660919998772,97.1008,6.88727331161499,0.018677465617656708,0.025881467387080193,0.0048828125,0.6463178396224976,0.02014651894569397,8631.0,0.0
3328,1.4093584749934962,97.1008,7.025214195251465,0.02304156683385372,0.027066346257925034,0.0048828125,0.655010461807251,0.02302347682416439,8721.0,0.0
3329,1.2921551539911889,97.1008,6.779054641723633,0.010858154855668545,0.024873698130249977,0.0048828125,0.6346131563186646,0.018948540091514587,8803.0,0.0
3330,1.2868281370028853,97.1008,6.816049575805664,0.011212524026632309,0.02691301517188549,0.0048828125,0.6385356187820435,0.021714111790060997,8641.0,1.0
3331,1.2867555749980966,97.1008,7.142470359802246,0.02507180906832218,0.02676447294652462,0.0048828125,0.6659626364707947,0.027857093140482903,8667.0,0.0
3332,1.2960971200081985,97.1008,7.013584136962891,0.023446638137102127,0.030521096661686897,0.0048828125,0.6550713777542114,0.022998720407485962,8708.0,0.0
3333,1.291982533002738,97.1008,6.909318923950195,0.013428797014057636,0.02605362795293331,0.0048828125,0.6455639600753784,0.02117098867893219,8819.0,2.0
3334,1.3021496660076082,97.1008,6.755406379699707,0.00855149794369936,0.03693113476037979,0.005859375,0.63475102186203,0.01820746622979641,8670.0,1.0
3335,1.3212439390044892,97.1008,6.9155659675598145,0.017223864793777466,0.03808042034506798,0.005859375,0.6485147476196289,0.02068641036748886,8653.0,0.0
3336,1.2807685430016136,97.1008,7.0198564529418945,0.02210143953561783,0.0375547930598259,0.005859375,0.6576511859893799,0.020775234326720238,8672.0,0.0
3337,1.279659375999472,97.1008,6.851552486419678,0.015360242687165737,0.027362260967493057,0.005859375,0.6386804580688477,0.021083340048789978,8822.0,1.0
3338,1.2768592920037918,97.1008,6.760370254516602,0.011534593999385834,0.038264572620391846,0.005859375,0.6318768858909607,0.02454085648059845,8642.0,0.0
3339,1.2879521860013483,97.1008,6.954309940338135,0.017803654074668884,0.02749946527183056,0.005859375,0.6487679481506348,0.026374783366918564,8682.0,0.0
3340,1.2835576070065144,97.1008,6.976114749908447,0.017670415341854095,0.03413080424070358,0.005859375,0.6536625623703003,0.020690403878688812,8683.0,0.0
3341,1.2875840819906443,97.1008,6.957049369812012,0.01815090700984001,0.03716707602143288,0.005859375,0.6478886008262634,0.02227417193353176,8840.0,0.0
3342,1.2863195840036497,97.1008,6.771539688110352,0.006742555648088455,0.030382992699742317,0.0068359375,0.6363338232040405,0.01844245381653309,8656.0,1.0
3343,1.2875050629954785,97.1008,6.93878173828125,0.010679543949663639,0.03404154255986214,0.0068359375,0.6507478356361389,0.02084711566567421,8665.0,0.0
3344,1.2823751870018896,97.1008,7.101563930511475,0.015055542811751366,0.03640635684132576,0.0068359375,0.6671375036239624,0.01940593123435974,8653.0,0.0
3345,1.2924217069958104,97.1008,7.189877986907959,0.016785139217972755,0.03923134133219719,0.0068359375,0.6694092750549316,0.023923110216856003,8800.0,0.0
3346,1.2934633620025124,97.1008,7.0665998458862305,0.010175628587603569,0.03564038872718811,0.0068359375,0.6595215797424316,0.027429308742284775,8698.0,0.0
3347,1.2860151570057496,97.1008,6.9050211906433105,0.01073146890848875,0.0347500704228878,0.0068359375,0.6469060778617859,0.02198810502886772,8695.0,0.0
3348,1.2844723430025624,97.1008,6.999326229095459,0.017097322270274162,0.020405054092407227,0.0068359375,0.6559860706329346,0.021415676921606064,8641.0,1.0
3349,1.2890825249924092,97.1008,7.0628662109375,0.0204756036400795,0.038994502276182175,0.0078125,0.6582226157188416,0.02180255949497223,8812.0,1.0
3350,1.2900317159947008,97.1008,6.751148223876953,0.010406465269625187,0.022192461416125298,0.0078125,0.6314456462860107,0.02050185203552246,8708.0,0.0
3351,1.2799858020007377,97.1008,6.745391845703125,0.009989455342292786,0.039625708013772964,0.0078125,0.6321119666099548,0.01908979006111622,8657.0,1.0
3352,1.2537553970032604,97.1008,6.979572296142578,0.014537747949361801,0.03278404474258423,0.0078125,0.6545963287353516,0.020664481446146965,8642.0,1.0
3353,1.257169018004788,97.1008,7.14867639541626,0.023208338767290115,0.02674291469156742,0.0078125,0.6644892692565918,0.02756439708173275,8739.0,1.0
3354,1.2523626909969607,97.1008,7.055371284484863,0.015062369406223297,0.03620530664920807,0.0078125,0.6577446460723877,0.026960134506225586,8782.0,0.0
3355,1.2807165760023054,97.1008,6.939477920532227,0.00690435990691185,0.0328323096036911,0.0078125,0.6520287990570068,0.01935306191444397,8677.0,0.0
3356,1.2572417539922753,97.1008,7.133545398712158,0.01458769477903843,0.032771069556474686,0.0078125,0.668205201625824,0.021464139223098755,8664.0,0.0
3357,1.2450097999972058,97.1008,7.316518306732178,0.0184171125292778,0.02394123189151287,0.0078125,0.6853720545768738,0.021792061626911163,8715.0,0.0
3358,1.250559369000257,97.1008,6.943614959716797,0.011279229074716568,0.032741375267505646,0.0078125,0.6502161026000977,0.021514547988772392,8783.0,0.0
3359,1.3785787609958788,97.1008,6.866613388061523,0.008069119416177273,0.026217782869935036,0.005859375,0.6460660099983215,0.01805994287133217,8663.0,0.0
3360,1.2546793619985692,97.1008,7.15221643447876,0.01725531555712223,0.038572292774915695,0.005859375,0.6709531545639038,0.022163784131407738,8633.0,0.0
3361,1.247183891988243,97.1008,7.4507036209106445,0.026158461347222328,0.030128246173262596,0.005859375,0.6934554576873779,0.030263623222708702,8708.0,1.0
3362,1.2440379740000935,97.1008,7.0568013191223145,0.01148245669901371,0.0397113636136055,0.005859375,0.6592661738395691,0.02316354028880596,8852.0,0.0
3363,1.2396782919968246,97.1008,6.912743091583252,0.009368253871798515,0.025608491152524948,0.005859375,0.6501990556716919,0.0193488672375679,8639.0,1.0
3364,1.2373886959976517,97.1008,7.094003200531006,0.01700618490576744,0.040324617177248,0.005859375,0.6668879389762878,0.019879892468452454,8664.0,2.0
3365,1.240332457004115,97.1008,7.260175704956055,0.02335066720843315,0.022342432290315628,0.005859375,0.679404616355896,0.023089973255991936,8677.0,1.0
3366,1.2465243370097596,97.1008,7.040033340454102,0.017024341970682144,0.03545305132865906,0.005859375,0.6583446860313416,0.020637817680835724,8840.0,0.0
3367,1.2442608989949804,97.1008,6.930105209350586,0.010958220809698105,0.028983009979128838,0.005859375,0.6516758799552917,0.019175678491592407,8639.0,0.0
3368,1.2406992559990613,97.1008,7.193039894104004,0.02071869932115078,0.028652189299464226,0.005859375,0.6740200519561768,0.025005429983139038,8634.0,0.0
3369,1.2437695209955564,97.1008,7.401890277862549,0.027875881642103195,0.027677735313773155,0.005859375,0.6898416876792908,0.029541470110416412,8694.0,0.0
3370,1.2390292420022888,97.1008,7.030208587646484,0.014039192348718643,0.025793706998229027,0.005859375,0.65692538022995,0.021501269191503525,8862.0,0.0
3371,1.2377495069958968,97.1008,6.821772575378418,0.008489541709423065,0.02729007788002491,0.005859375,0.6400790214538574,0.020114433020353317,8669.0,1.0
3372,1.2360687050095294,97.1008,6.930380344390869,0.00990088377147913,0.03038136661052704,0.005859375,0.6521788835525513,0.018691807985305786,8642.0,1.0
3373,1.2426583479973488,97.1008,7.154936790466309,0.01822451688349247,0.020930523052811623,0.005859375,0.6710083484649658,0.02271750569343567,8655.0,1.0
3374,1.240471875993535,97.1008,7.065494537353516,0.014068996533751488,0.02957773022353649,0.005859375,0.6601218581199646,0.020542223006486893,8844.0,2.0
3375,1.2423350750032114,97.1008,6.975876808166504,0.006232236512005329,0.02009464055299759,0.005859375,0.6560632586479187,0.020625408738851547,8650.0,0.0
3376,1.2415623989945743,97.1008,7.266481399536133,0.016081562265753746,0.030760275200009346,0.005859375,0.679543137550354,0.027728289365768433,8653.0,0.0
3377,1.241407937995973,97.1008,7.222677707672119,0.017864245921373367,0.0332622192800045,0.005859375,0.6758301258087158,0.024575311690568924,8709.0,0.0
3378,1.2434950349997962,97.1008,7.175600528717041,0.0182529017329216,0.026126457378268242,0.005859375,0.670468807220459,0.021707795560359955,8806.0,0.0
3379,1.2452775850106264,97.1008,6.807958602905273,0.009726624935865402,0.041935499757528305,0.005859375,0.6390252709388733,0.019260240718722343,8697.0,0.0
3380,1.2466843380097998,97.1008,6.8827667236328125,0.013502668589353561,0.030214747413992882,0.005859375,0.6464080810546875,0.020391805097460747,8636.0,0.0
3381,1.2480668790085474,97.1008,7.005544185638428,0.01717032492160797,0.026468602940440178,0.005859375,0.656779408454895,0.021055122837424278,8679.0,0.0
3382,1.2747612730017863,97.1008,7.060702800750732,0.018117360770702362,0.026928167790174484,0.005859375,0.6597437262535095,0.021593302488327026,8792.0,0.0
3383,1.2551194170082454,97.1008,6.971109390258789,0.011000236496329308,0.029025983065366745,0.005859375,0.6530019640922546,0.02333870530128479,8688.0,1.0
3384,1.25474143899919,97.1008,7.158289432525635,0.014118537306785583,0.02864501066505909,0.005859375,0.6684244871139526,0.027214180678129196,8687.0,0.0
3385,1.2500507779914187,97.1008,7.101848602294922,0.014531202614307404,0.02892891690135002,0.005859375,0.6662363409996033,0.021235942840576172,8672.0,0.0
3386,1.2516076969914138,97.1008,7.1941070556640625,0.019626881927251816,0.028980514034628868,0.005859375,0.6706802248954773,0.02368764579296112,8777.0,1.0
3387,1.2566388699924573,97.1008,6.791619300842285,0.0050234016962349415,0.030385445803403854,0.0068359375,0.6383318901062012,0.01805528998374939,8731.0,1.0
3388,1.2443190650083125,97.1008,6.934950351715088,0.0073142461478710175,0.029348857700824738,0.0068359375,0.6510715484619141,0.020407497882843018,8655.0,0.0
3389,1.245981824991759,97.1008,7.014490604400635,0.011982260271906853,0.028961241245269775,0.0068359375,0.6592337489128113,0.019208520650863647,8655.0,0.0
3390,1.2524710110010346,97.1008,7.160865306854248,0.019389595836400986,0.03566419333219528,0.0068359375,0.6684436798095703,0.022943368181586266,8720.0,0.0
3391,1.2475973020045785,97.1008,7.064844608306885,0.01677144691348076,0.031435102224349976,0.0068359375,0.6597830653190613,0.02635609731078148,8763.0,1.0
3392,1.2401738850021502,97.1008,6.980533123016357,0.014301310293376446,0.03665527328848839,0.0068359375,0.6530019640922546,0.023506607860326767,8718.0,1.0
3393,1.2305017040052917,97.1008,6.984928131103516,0.016622301191091537,0.03351353481411934,0.0068359375,0.6571706533432007,0.019516993314027786,8635.0,1.0
3394,1.234717521991115,97.1008,7.170053482055664,0.022105369716882706,0.0354597270488739,0.0068359375,0.6705528497695923,0.022115327417850494,8719.0,0.0
3395,1.3657171960076084,97.1008,6.875241756439209,0.014789577573537827,0.03401767462491989,0.0068359375,0.644148588180542,0.020253390073776245,8788.0,0.0
3396,1.225735240004724,97.1008,6.881732940673828,0.013231337070465088,0.03748349845409393,0.0068359375,0.6460655927658081,0.01965777575969696,8677.0,1.0
3397,1.2290564580034697,97.1008,6.914552211761475,0.015860633924603462,0.027481338009238243,0.0068359375,0.650160014629364,0.01918790489435196,8634.0,0.0
3398,1.229724602002534,97.1008,7.130033016204834,0.024318095296621323,0.03906682878732681,0.0068359375,0.6654380559921265,0.025626834481954575,8670.0,0.0
3399,1.2263350169960177,97.1008,7.107407569885254,0.018545858561992645,0.023997457697987556,0.0068359375,0.6600871086120605,0.028983425348997116,8855.0,0.0
3400,1.2275308109965408,97.1008,6.8053107261657715,0.00527903251349926,0.030234960839152336,0.0068359375,0.6384618282318115,0.02042706310749054,8675.0,0.0
3401,1.2298117239988642,97.1008,6.95347785949707,0.011924214661121368,0.024440160021185875,0.0068359375,0.65229731798172,0.021274108439683914,8632.0,0.0
3402,1.2276894230017206,97.1008,7.056119441986084,0.01687673293054104,0.025183143094182014,0.0068359375,0.6616473197937012,0.020801549777388573,8680.0,0.0
3403,1.2601108670060057,97.1008,7.0736308097839355,0.013590684160590172,0.03713228553533554,0.0078125,0.659939706325531,0.02245890162885189,8838.0,2.0
3404,1.2401434469938977,97.1008,7.029088973999023,0.008247165940701962,0.030746828764677048,0.0087890625,0.6622570753097534,0.018556930124759674,8663.0,2.0
3405,1.2480908240104327,97.1008,7.208138465881348,0.015429413877427578,0.03639642149209976,0.0087890625,0.6786302328109741,0.020576518028974533,8635.0,0.0
3406,1.2399455669947201,97.1008,7.410252094268799,0.028495317324995995,0.02700994908809662,0.0087890625,0.6925415992736816,0.028253216296434402,8644.0,1.0
3407,1.2460923150065355,97.1008,7.217857360839844,0.01978190615773201,0.02675323374569416,0.0087890625,0.6698398590087891,0.02770698070526123,8903.0,1.0
3408,1.2375940970086958,97.1008,6.818191051483154,-0.00017976528033614159,0.023650286719202995,0.0087890625,0.6406717300415039,0.018619023263454437,8654.0,0.0
3409,1.2493007779994514,97.1008,6.96368408203125,0.007785358466207981,0.02433537133038044,0.0087890625,0.6537539958953857,0.02023860067129135,8668.0,1.0
3410,1.2554191890085349,97.1008,7.1712493896484375,0.01765018329024315,0.02511175349354744,0.0087890625,0.6738976240158081,0.02138100564479828,8640.0,1.0
3411,1.2558944250049535,97.1008,7.185171604156494,0.017246916890144348,0.031169913709163666,0.0078125,0.6702408790588379,0.022696569561958313,8848.0,0.0
3412,1.24853996100137,97.1008,6.769863128662109,0.006089561153203249,0.021095914766192436,0.0078125,0.6369894742965698,0.018019968643784523,8668.0,0.0
3413,1.2493252840067726,97.1008,7.024731636047363,0.011770421639084816,0.026958495378494263,0.0078125,0.658776044845581,0.022910039871931076,8636.0,0.0
3414,1.2449613870121539,97.1008,7.306070804595947,0.018559543415904045,0.02737288363277912,0.0078125,0.6804994940757751,0.029817288741469383,8686.0,0.0
3415,1.2519605650013546,97.1008,7.075020790100098,0.012119755148887634,0.023331159725785255,0.0078125,0.6584824323654175,0.023506280034780502,8823.0,0.0
3416,1.24406791900401,97.1008,6.708798885345459,0.0037369420751929283,0.01837962307035923,0.0078125,0.6289224624633789,0.020090483129024506,8684.0,0.0
3417,1.2443564900022466,97.1008,6.726523399353027,0.010232510045170784,0.027448412030935287,0.0078125,0.6315062046051025,0.01848764717578888,8669.0,0.0
3418,1.2433403519971762,97.1008,6.968771934509277,0.022543851286172867,0.026271676644682884,0.0078125,0.6524025797843933,0.021574661135673523,8653.0,0.0
3419,1.2526689770020312,97.1008,6.88925838470459,0.023742834106087685,0.028074417263269424,0.0078125,0.6419159173965454,0.02126803807914257,8777.0,0.0
3420,1.252044401000603,97.1008,6.672896862030029,0.012717420235276222,0.024575529620051384,0.0078125,0.6256910562515259,0.0196094773709774,8722.0,0.0
3421,1.2473905710066902,97.1008,6.8932342529296875,0.0188874751329422,0.031096169725060463,0.0078125,0.6443843841552734,0.02547639235854149,8635.0,0.0
3422,1.243877621993306,97.1008,7.089127063751221,0.02297157421708107,0.031034009531140327,0.0078125,0.6607993841171265,0.02749720774590969,8698.0,0.0
3423,1.2441977080015931,97.1008,7.006432056427002,0.018529172986745834,0.03885943442583084,0.0078125,0.6537001729011536,0.02160995453596115,8753.0,0.0
3424,1.2382971390034072,97.1008,6.852925777435303,0.008569331839680672,0.028972754254937172,0.0078125,0.6414140462875366,0.0202544666826725,8779.0,0.0
3425,1.2426186340017011,97.1008,6.918688774108887,0.009820367209613323,0.042257629334926605,0.0078125,0.6509440541267395,0.018625706434249878,8642.0,0.0
3426,1.2341546999959974,97.1008,7.106450080871582,0.017833884805440903,0.0379909984767437,0.0078125,0.6667928695678711,0.02129185199737549,8670.0,0.0
3427,1.2354396400041878,97.1008,7.077009677886963,0.02032681554555893,0.0309038907289505,0.0078125,0.6623924374580383,0.020779184997081757,8699.0,0.0
3428,1.2318632270034868,97.1008,6.916080951690674,0.01277877762913704,0.03568526357412338,0.0078125,0.646673321723938,0.02283918857574463,8778.0,1.0
3429,1.228206815008889,97.1008,7.085433483123779,0.013069657608866692,0.025403965264558792,0.0078125,0.660855770111084,0.027927514165639877,8668.0,0.0
3430,1.258893870995962,97.1008,7.024597644805908,0.014635149389505386,0.022324884310364723,0.0078125,0.6583107113838196,0.022135384380817413,8688.0,1.0
3431,1.2365020919969538,97.1008,7.1068806648254395,0.02133234031498432,0.025672852993011475,0.0078125,0.6648406982421875,0.022408198565244675,8669.0,0.0
3432,1.2366723459999776,97.1008,6.937983989715576,0.015297610312700272,0.02486083284020424,0.0078125,0.6492562294006348,0.01993899792432785,8843.0,1.0
3433,1.244882058002986,97.1008,6.950745105743408,0.014690078794956207,0.021967237815260887,0.0078125,0.6530336141586304,0.020467180758714676,8654.0,1.0
3434,1.2483614820084767,97.1008,7.090844631195068,0.018005477264523506,0.03064180165529251,0.0078125,0.6669847369194031,0.019508931785821915,8661.0,0.0
3435,1.2454424929892411,97.1008,7.360901832580566,0.025634421035647392,0.039091505110263824,0.0078125,0.6917198896408081,0.021650105714797974,8657.0,2.0
3436,1.2639976630016463,97.1008,7.364689826965332,0.026969175785779953,0.028523966670036316,0.0078125,0.686905562877655,0.026323562487959862,8818.0,0.0
3437,1.3437476029939717,97.1008,7.074747085571289,0.020205901935696602,0.022283855825662613,0.0078125,0.6613587737083435,0.026096250861883163,8683.0,1.0
3438,1.2389221240009647,97.1008,7.094890594482422,0.014946624636650085,0.030152466148138046,0.0068359375,0.6671618223190308,0.019215280190110207,8676.0,0.0
3439,1.2403766610077582,97.1008,7.231011867523193,0.022332124412059784,0.025365367531776428,0.0068359375,0.6780373454093933,0.02170722186565399,8677.0,0.0
3440,1.2427033730054973,97.1008,7.1489176750183105,0.01808416284620762,0.02668662555515766,0.0068359375,0.6692647933959961,0.020336661487817764,8817.0,1.0
3441,1.243138188001467,97.1008,6.950476169586182,0.01486788596957922,0.027354983612895012,0.0078125,0.6535582542419434,0.020163223147392273,8668.0,1.0
3442,1.2299429090053309,97.1008,6.995627403259277,0.01786024123430252,0.027493899688124657,0.0068359375,0.6586859226226807,0.01792246103286743,8663.0,0.0
3443,1.2347396650002338,97.1008,7.259761333465576,0.024988442659378052,0.02279563434422016,0.0068359375,0.6813310384750366,0.022557411342859268,8645.0,1.0
3444,1.2282791990000987,97.1008,7.364129543304443,0.028187157586216927,0.025451727211475372,0.0068359375,0.6831191778182983,0.029075518250465393,8832.0,0.0
3445,1.2294805040000938,97.1008,6.948849201202393,0.015019223093986511,0.022077683359384537,0.0068359375,0.6516697406768799,0.02117295376956463,8716.0,0.0
3446,1.2440590080077527,97.1008,6.920263290405273,0.01679227128624916,0.025724811479449272,0.0068359375,0.6502229571342468,0.019402172416448593,8645.0,0.0
3447,1.2373298479942605,97.1008,6.999760150909424,0.021462544798851013,0.022644460201263428,0.0068359375,0.6564730405807495,0.02020646072924137,8670.0,0.0
3448,1.2361398470093263,97.1008,7.032589912414551,0.024187222123146057,0.024891186505556107,0.0068359375,0.6552122831344604,0.022608917206525803,8809.0,0.0
3449,1.2422336570016341,97.1008,6.7703118324279785,0.012370215728878975,0.035016030073165894,0.0078125,0.6363875269889832,0.0183662548661232,8696.0,1.0
3450,1.2393159729981562,97.1008,6.941282749176025,0.01970794051885605,0.026410024613142014,0.0078125,0.6530364751815796,0.018902305513620377,8646.0,0.0
3451,1.2565295599924866,97.1008,7.307037830352783,0.03147869557142258,0.02408159337937832,0.0078125,0.6849946975708008,0.025136135518550873,8639.0,1.0
3452,1.2399940989998868,97.1008,7.3302154541015625,0.033401209861040115,0.03316890448331833,0.0078125,0.6797752380371094,0.028940564021468163,8813.0,0.0
3453,1.2390238349908032,97.1008,6.712942600250244,0.013271518982946873,0.036282237619161606,0.0078125,0.6295928359031677,0.019239632412791252,8744.0,0.0
3454,1.2381083059881348,97.1008,6.789741516113281,0.01594724878668785,0.026237852871418,0.0078125,0.6364113688468933,0.020484037697315216,8668.0,0.0
3455,1.2348316659918055,97.1008,6.915249347686768,0.01967247575521469,0.03449603170156479,0.0078125,0.6493719816207886,0.019346479326486588,8639.0,0.0
3456,1.2426689069980057,97.1008,7.087207317352295,0.026796407997608185,0.030843224376440048,0.0078125,0.6606755256652832,0.02310292422771454,8746.0,0.0
3457,1.231163053002092,97.1008,6.880525588989258,0.013744479976594448,0.026694385334849358,0.0078125,0.6465181112289429,0.01799369603395462,8769.0,0.0
3458,1.2334001540002646,97.1008,6.9498748779296875,0.017038140445947647,0.03192200884222984,0.0078125,0.6525260806083679,0.020568972453475,8639.0,0.0
3459,1.2389696669997647,97.1008,7.16193151473999,0.026188621297478676,0.024722395464777946,0.0078125,0.6687666773796082,0.0279388464987278,8661.0,0.0
3460,1.250504080002429,97.1008,7.207280158996582,0.02270360291004181,0.023435164242982864,0.0078125,0.6719262003898621,0.02464514598250389,8755.0,0.0
3461,1.2475668289989699,97.1008,6.900259017944336,0.007741616107523441,0.029067203402519226,0.0078125,0.6470962762832642,0.019414234906435013,8780.0,0.0
3462,1.2499652539991075,97.1008,6.975390434265137,0.009571103379130363,0.032278258353471756,0.0078125,0.6560530662536621,0.018726825714111328,8667.0,0.0
3463,1.2405578079924453,97.1008,7.197173595428467,0.018038690090179443,0.026539156213402748,0.0078125,0.6769134998321533,0.0206491369754076,8636.0,0.0
3464,1.2335043250059243,97.1008,7.380099773406982,0.022539110854268074,0.027337171137332916,0.0078125,0.6924656629562378,0.021053992211818695,8710.0,1.0
3465,1.2388179370027501,97.1008,7.212863922119141,0.013779191300272942,0.026307951658964157,0.0078125,0.6775643229484558,0.019247058779001236,8804.0,0.0
3466,1.239108251989819,97.1008,7.182969093322754,0.014640705659985542,0.028031930327415466,0.0068359375,0.674644947052002,0.022815948352217674,8641.0,0.0
3467,1.240795507997973,97.1008,7.350773811340332,0.020020417869091034,0.029740629717707634,0.0068359375,0.6873137354850769,0.02677297219634056,8684.0,0.0
3468,1.2310003970051184,97.1008,7.268471717834473,0.018604237586259842,0.02632143348455429,0.0068359375,0.6822394132614136,0.02122543379664421,8691.0,0.0
3469,1.2395218599995133,97.1008,7.13439416885376,0.015524063259363174,0.03181426599621773,0.0068359375,0.6668477058410645,0.021435726433992386,8843.0,0.0
3470,1.2487788840080611,97.1008,6.983884334564209,0.009579624980688095,0.03479257598519325,0.0068359375,0.6576160788536072,0.017511438578367233,8639.0,0.0
3471,1.2332170110021252,97.1008,7.196227550506592,0.018643785268068314,0.03072819858789444,0.0068359375,0.6760966181755066,0.02074199728667736,8660.0,0.0
3472,1.2364146429899847,97.1008,7.246606349945068,0.021604198962450027,0.02572387084364891,0.0068359375,0.6806218028068542,0.020342202857136726,8668.0,1.0
3473,1.2371533469995484,97.1008,7.207942962646484,0.018434474244713783,0.028844216838479042,0.0068359375,0.6723234057426453,0.022388111799955368,8816.0,0.0
3474,1.2325875679962337,97.1008,7.0396881103515625,0.014501234516501427,0.02276066690683365,0.0068359375,0.6581891775131226,0.026346802711486816,8646.0,0.0
3475,1.236689249999472,97.1008,7.095378875732422,0.018330873921513557,0.03171979635953903,0.0068359375,0.6636224389076233,0.0235004685819149,8729.0,0.0
3476,1.2400870919955196,97.1008,7.063783645629883,0.02267456240952015,0.03297187760472298,0.0068359375,0.662699818611145,0.02019451931118965,8645.0,0.0
3477,1.2307908429938834,97.1008,7.013620853424072,0.020045462995767593,0.025201478973031044,0.0068359375,0.653207540512085,0.02104552835226059,8834.0,0.0
3478,1.2509712689934531,97.1008,6.740396022796631,0.012542400509119034,0.03545750677585602,0.0068359375,0.6329512596130371,0.018739456310868263,8659.0,0.0
3479,1.2343663840001682,97.1008,6.795332431793213,0.016948241740465164,0.037882253527641296,0.0068359375,0.6374151706695557,0.018992338329553604,8681.0,0.0
3480,1.225873492003302,97.1008,6.889466285705566,0.022975478321313858,0.03284832462668419,0.0068359375,0.6462278366088867,0.019473513588309288,8644.0,2.0
3481,1.2249751899944386,97.1008,7.057398796081543,0.02927074208855629,0.03011149726808071,0.0068359375,0.6555749773979187,0.025275861844420433,8792.0,2.0
3482,1.2236112890095683,97.1008,6.940860271453857,0.021913770586252213,0.028708910569548607,0.0078125,0.6471326351165771,0.026902373880147934,8726.0,1.0
3483,1.2090573669993319,97.1008,6.867161273956299,0.01699024811387062,0.03157502040266991,0.0078125,0.6442728042602539,0.019819725304841995,8677.0,0.0
3484,1.208612930990057,97.1008,7.013279438018799,0.027586491778492928,0.03296149522066116,0.0078125,0.6567578911781311,0.021611763164401054,8650.0,0.0
3485,1.209488419990521,97.1008,7.0819783210754395,0.028092414140701294,0.02731482870876789,0.0087890625,0.6613868474960327,0.020437614992260933,8784.0,2.0
3486,1.2077232570009073,97.1008,6.939474105834961,0.016240956261754036,0.04315444827079773,0.0087890625,0.6510710716247559,0.020220786333084106,8723.0,2.0
3487,1.216896836005617,97.1008,6.953469753265381,0.015668675303459167,0.03029990755021572,0.0087890625,0.6540871858596802,0.01824391819536686,8667.0,0.0
3488,1.2175903470051708,97.1008,7.118942737579346,0.026878058910369873,0.03519650921225548,0.0087890625,0.6686527729034424,0.020859455689787865,8634.0,0.0
3489,1.2168356600013794,97.1008,7.42264461517334,0.037325963377952576,0.023534830659627914,0.0087890625,0.6901869773864746,0.028722237795591354,8730.0,0.0
3490,1.2168914999929257,97.1008,7.002300262451172,0.022960800677537918,0.03531920909881592,0.0087890625,0.6534245014190674,0.024669921025633812,8829.0,0.0
3491,1.2191002140025375,97.1008,6.756352424621582,0.01487645972520113,0.02381112240254879,0.0087890625,0.6344324350357056,0.018337659537792206,8643.0,0.0
3492,1.2175580129987793,97.1008,6.914500713348389,0.022297417744994164,0.0251309797167778,0.0087890625,0.6476039886474609,0.020616162568330765,8663.0,0.0
3493,1.2105007650097832,97.1008,6.976075172424316,0.024876635521650314,0.02433851547539234,0.0087890625,0.6506682634353638,0.022633468732237816,8699.0,0.0
3494,1.218308994997642,97.1008,6.785655498504639,0.015670381486415863,0.029088372364640236,0.0087890625,0.6334941387176514,0.020853009074926376,8817.0,0.0
3495,1.2141794820054201,97.1008,6.713426113128662,0.012750879861414433,0.030916491523385048,0.0087890625,0.6300101280212402,0.018130101263523102,8642.0,0.0
3496,1.2160339590045623,97.1008,6.973593711853027,0.022783994674682617,0.03359979763627052,0.0087890625,0.65257728099823,0.023061811923980713,8634.0,1.0
3497,1.2153375830093864,97.1008,7.260312080383301,0.03434611111879349,0.040404364466667175,0.0087890625,0.674024224281311,0.029785841703414917,8721.0,0.0
3498,1.2181398419925245,97.1008,6.9394049644470215,0.01693642884492874,0.03557805344462395,0.0087890625,0.6486817598342896,0.021053746342658997,8841.0,1.0
3499,1.2250730619998649,97.1008,6.869420528411865,0.012154486030340195,0.036995626986026764,0.0087890625,0.6448332071304321,0.01969677023589611,8640.0,0.0
3500,1.250230403005844,97.1008,6.95599889755249,0.0189032182097435,0.030179539695382118,0.0087890625,0.6535217761993408,0.01857820153236389,8669.0,0.0
3501,1.2258070570096606,97.1008,7.207293510437012,0.029657920822501183,0.03168309107422829,0.0087890625,0.6745930910110474,0.022604018449783325,8671.0,1.0
3502,1.2211021049879491,97.1008,7.130743980407715,0.018434327095746994,0.03296459838747978,0.0087890625,0.6672028303146362,0.020110538229346275,8842.0,0.0
3503,1.2227570209943224,97.1008,6.967029571533203,0.012081790715456009,0.024445462971925735,0.0078125,0.6550049781799316,0.01955757662653923,8641.0,1.0
3504,1.221465522001381,97.1008,7.186803817749023,0.022443737834692,0.02332894504070282,0.0068359375,0.6725683212280273,0.025826405733823776,8643.0,1.0
3505,1.2137194880051538,97.1008,7.283864974975586,0.025056395679712296,0.03520260378718376,0.0068359375,0.678397536277771,0.027355825528502464,8731.0,0.0
3506,1.2147294299938949,97.1008,7.017766952514648,0.010721832513809204,0.02458127960562706,0.0078125,0.6562132835388184,0.019869688898324966,8825.0,1.0
3507,1.2159487669996452,97.1008,6.825848579406738,0.005496963858604431,0.029157692566514015,0.0078125,0.6402014493942261,0.019291577860713005,8676.0,0.0
3508,1.2208664799982216,97.1008,6.923307418823242,0.010343397036194801,0.027607755735516548,0.0078125,0.6500784158706665,0.01943821832537651,8637.0,0.0
3509,1.2355175179982325,97.1008,7.040523052215576,0.015904473140835762,0.028419913724064827,0.0078125,0.6584408283233643,0.022412847727537155,8687.0,0.0
3510,1.2326468569954159,97.1008,6.8970136642456055,0.014554465189576149,0.023373542353510857,0.0087890625,0.6429264545440674,0.02052219584584236,8810.0,2.0
3511,1.2356901520106476,97.1008,6.899991989135742,0.012658495455980301,0.030933024361729622,0.0087890625,0.6464233994483948,0.022035345435142517,8664.0,0.0
3512,1.2327326210070169,97.1008,7.1905741691589355,0.023378994315862656,0.024423809722065926,0.0087890625,0.6709818243980408,0.027771998196840286,8674.0,1.0
3513,1.2258973959978903,97.1008,7.2252516746521,0.02602933719754219,0.025980209931731224,0.0087890625,0.6769261360168457,0.022311991080641747,8688.0,0.0
3514,1.2232802679936867,97.1008,7.2291107177734375,0.02720395103096962,0.02572900429368019,0.0087890625,0.6740080714225769,0.022398566827178,8797.0,2.0
3515,1.2201369560061721,97.1008,6.883505344390869,0.018096348270773888,0.032500073313713074,0.0087890625,0.6472296118736267,0.018412627279758453,8708.0,0.0
3516,1.2328061429871013,97.1008,6.941359996795654,0.02287779375910759,0.030044136568903923,0.0087890625,0.6515643000602722,0.020592646673321724,8661.0,0.0
3517,1.2335528989933664,97.1008,6.998588562011719,0.023333996534347534,0.025741713121533394,0.0087890625,0.6567716002464294,0.020199110731482506,8660.0,0.0
3518,1.2270327340083895,97.1008,7.059082508087158,0.024416625499725342,0.02780764549970627,0.0087890625,0.6583220958709717,0.022350458428263664,8766.0,0.0
3519,1.2149483719986165,97.1008,7.0366902351379395,0.016297250986099243,0.02724655531346798,0.0087890625,0.6580116152763367,0.02514411322772503,8706.0,0.0
3520,1.217397879998316,97.1008,7.109692573547363,0.01601715385913849,0.0232094693928957,0.0087890625,0.6642722487449646,0.026063330471515656,8690.0,0.0
3521,1.2214375649928115,97.1008,7.11482048034668,0.015959836542606354,0.025286080315709114,0.0087890625,0.6688420176506042,0.020096100866794586,8675.0,0.0
3522,1.2179814539995277,97.1008,7.3387370109558105,0.023889269679784775,0.017487745732069016,0.0087890625,0.6852969527244568,0.02307230792939663,8765.0,0.0
3523,1.2229703740013065,97.1008,7.0232086181640625,0.011477934196591377,0.020282315090298653,0.0087890625,0.6601158380508423,0.01911110058426857,8741.0,1.0
3524,1.211486642001546,97.1008,7.027560234069824,0.012388463132083416,0.019937120378017426,0.0078125,0.6600448489189148,0.02037198841571808,8673.0,0.0
3525,1.2125069110043114,97.1008,7.12092399597168,0.01865299418568611,0.022364048287272453,0.0078125,0.6701445579528809,0.01906673237681389,8646.0,1.0
3526,1.3428956429997925,97.1008,7.383161544799805,0.02460142970085144,0.018602820113301277,0.0087890625,0.6911232471466064,0.024362821131944656,8701.0,2.0
3527,1.2308709999924758,97.1008,7.130239486694336,0.01774303801357746,0.024739038199186325,0.0087890625,0.664397120475769,0.028133606538176537,8803.0,0.0
3528,1.2377361440012464,97.1008,6.856805801391602,0.006461260840296745,0.019730299711227417,0.0078125,0.6423343420028687,0.021263830363750458,8701.0,0.0
3529,1.2162693890131777,97.1008,6.96590518951416,0.010752607136964798,0.026682276278734207,0.0068359375,0.6544875502586365,0.01997554302215576,8635.0,0.0
3530,1.2158860570052639,97.1008,7.135986804962158,0.01688324101269245,0.02219940908253193,0.0068359375,0.6692004203796387,0.02089516818523407,8707.0,0.0
3531,1.223244569991948,97.1008,6.989367961883545,0.011273471638560295,0.02408318594098091,0.0068359375,0.6539924144744873,0.021104317158460617,8816.0,0.0
3532,1.2262617919914192,97.1008,6.729158878326416,0.007195246405899525,0.025583390146493912,0.0068359375,0.6322311758995056,0.018493350595235825,8663.0,1.0
3533,1.2356327489978867,97.1008,6.851930141448975,0.01310979574918747,0.022044075652956963,0.0068359375,0.6438438892364502,0.019533377140760422,8638.0,1.0
3534,1.229742758005159,97.1008,7.126558780670166,0.02566463313996792,0.02713221125304699,0.0068359375,0.6649256944656372,0.02651110664010048,8656.0,0.0
3535,1.2316584510117536,97.1008,6.969455718994141,0.02288217470049858,0.029930580407381058,0.0068359375,0.6468309760093689,0.02801034413278103,8859.0,1.0
3536,1.2421992699964903,97.1008,6.7075042724609375,0.011339332908391953,0.032373491674661636,0.0068359375,0.6296591758728027,0.019532106816768646,8685.0,2.0
3537,1.2375383140024496,97.1008,6.936695098876953,0.020585935562849045,0.01843028888106346,0.0068359375,0.6499913930892944,0.021355431526899338,8662.0,0.0
3538,1.2320779110013973,97.1008,7.014252185821533,0.02548559382557869,0.03086339496076107,0.0068359375,0.6575889587402344,0.021252945065498352,8648.0,0.0
3539,1.2271789529913804,97.1008,7.103762626647949,0.023998524993658066,0.03586716204881668,0.0068359375,0.6620705723762512,0.02314852736890316,8834.0,0.0
3540,1.232080935005797,97.1008,6.917604446411133,0.012675520963966846,0.02938607707619667,0.0068359375,0.6503116488456726,0.018588988110423088,8679.0,0.0
3541,1.2309167600033106,97.1008,7.02313756942749,0.01843760907649994,0.032031212002038956,0.0068359375,0.6587026715278625,0.022128961980342865,8640.0,0.0
3542,1.2305718409916153,97.1008,7.258461952209473,0.029095595702528954,0.0316629633307457,0.0068359375,0.6757739782333374,0.029779216274619102,8672.0,0.0
3543,1.2335628209984861,97.1008,7.026356220245361,0.019243258982896805,0.02601907029747963,0.0068359375,0.6529151797294617,0.02481374517083168,8865.0,0.0
3544,1.2278911790053826,97.1008,6.677525043487549,0.008408917114138603,0.02682628110051155,0.0068359375,0.6268473863601685,0.019359206780791283,8665.0,1.0
3545,1.2238897109928075,97.1008,6.799763202667236,0.012189175933599472,0.027684394270181656,0.0068359375,0.6383898258209229,0.019265852868556976,8675.0,1.0
3546,1.2188401210005395,97.1008,7.0408034324646,0.016734054312109947,0.02957029454410076,0.0068359375,0.6595794558525085,0.021755840629339218,8655.0,0.0
3547,1.2216558749933029,97.1008,7.040318489074707,0.017635228112339973,0.037236377596855164,0.0068359375,0.6561841368675232,0.021076031029224396,8818.0,1.0
3548,1.2167008640099084,97.1008,6.810324668884277,0.01135343313217163,0.02261585183441639,0.005859375,0.6406559348106384,0.018545575439929962,8676.0,0.0
3549,1.2458391480031423,97.1008,7.1091694831848145,0.022861164063215256,0.02806122601032257,0.005859375,0.666924238204956,0.023842699825763702,8642.0,0.0
3550,1.2210117909999099,97.1008,7.312589645385742,0.029347769916057587,0.02868511527776718,0.005859375,0.6830769777297974,0.028213446959853172,8690.0,0.0
3551,1.2191358150012093,97.1008,7.156863212585449,0.02485615946352482,0.02974068373441696,0.005859375,0.667263388633728,0.0226450078189373,8807.0,0.0
3552,1.3543301909958245,97.1008,6.858499526977539,0.015098286792635918,0.022550387308001518,0.005859375,0.6424817442893982,0.020795371383428574,8727.0,0.0
3553,1.2134896609932184,97.1008,6.967460632324219,0.014587952755391598,0.018518297001719475,0.005859375,0.6559281349182129,0.018749183043837547,8644.0,0.0
3554,1.2149622510041809,97.1008,7.1799163818359375,0.021075699478387833,0.03107377141714096,0.005859375,0.6742197871208191,0.022069541737437248,8658.0,0.0
3555,1.2151539259939454,97.1008,7.186736106872559,0.019374562427401543,0.018000731244683266,0.005859375,0.6715931296348572,0.021586446091532707,8761.0,0.0
3556,1.2188517590111587,97.1008,7.093174457550049,0.009012188762426376,0.036212123930454254,0.005859375,0.6661121249198914,0.02158006839454174,8735.0,0.0
3557,1.2224417969991919,97.1008,7.3067522048950195,0.012598389759659767,0.026966305449604988,0.005859375,0.6837306022644043,0.027844367548823357,8655.0,0.0
3558,1.2243245160061633,97.1008,7.365553855895996,0.013827781192958355,0.030283482745289803,0.0068359375,0.6904033422470093,0.024161001667380333,8706.0,3.0
3559,1.2233638210018398,97.1008,7.2531938552856445,0.0166352279484272,0.026494264602661133,0.0068359375,0.6793766021728516,0.022053994238376617,8705.0,0.0
3560,1.2251250189874554,97.1008,6.9516520500183105,0.008134004659950733,0.03107471764087677,0.0068359375,0.6512666940689087,0.01991651952266693,8807.0,0.0
3561,1.2317048820113996,97.1008,6.950700759887695,0.01093820296227932,0.031174255535006523,0.0068359375,0.6534675359725952,0.01990160346031189,8632.0,0.0
3562,1.2279777270014165,97.1008,7.006525993347168,0.017285581678152084,0.03210306540131569,0.0068359375,0.6575851440429688,0.020114004611968994,8680.0,0.0
3563,1.2216576709906803,97.1008,7.074105739593506,0.02410741150379181,0.033684276044368744,0.0068359375,0.6621524095535278,0.021278701722621918,8682.0,0.0
3564,1.2273654770106077,97.1008,7.0075225830078125,0.02056209184229374,0.026842109858989716,0.0068359375,0.6535581350326538,0.024536486715078354,8796.0,0.0
3565,1.2196153109980514,97.1008,6.984116554260254,0.020522356033325195,0.03297683596611023,0.0068359375,0.6509271860122681,0.02725481614470482,8687.0,0.0
3566,1.2243325099989306,97.1008,6.989570617675781,0.018132584169507027,0.023175518959760666,0.0068359375,0.6557575464248657,0.02108796499669552,8673.0,0.0
3567,1.2232336410088465,97.1008,7.163579940795898,0.02550608664751053,0.03328816220164299,0.0068359375,0.6695979833602905,0.023757636547088623,8691.0,0.0
3568,1.2251586119964486,97.1008,6.994181156158447,0.018101511523127556,0.023579921573400497,0.0068359375,0.6551278829574585,0.020274484530091286,8819.0,0.0
3569,1.226640046996181,97.1008,6.957102298736572,0.0184757262468338,0.030129797756671906,0.0068359375,0.6535060405731201,0.02104957401752472,8657.0,0.0
3570,1.2288740609947126,97.1008,7.042234897613525,0.019983813166618347,0.027987375855445862,0.0068359375,0.662604808807373,0.019627481698989868,8660.0,0.0
3571,1.2408477790013421,97.1008,7.197371959686279,0.026811663061380386,0.030887121334671974,0.0068359375,0.6749216914176941,0.02322825789451599,8644.0,0.0
3572,1.234115874991403,97.1008,7.209103107452393,0.02651287242770195,0.02838059887290001,0.0068359375,0.6700297594070435,0.029149118810892105,8817.0,2.0
3573,1.236280348006403,97.1008,6.964118003845215,0.014088300056755543,0.029518982395529747,0.0068359375,0.6510097980499268,0.02452489733695984,8732.0,0.0
3574,1.2242173030099366,97.1008,6.86566162109375,0.015114156529307365,0.039231568574905396,0.0068359375,0.6451590061187744,0.019490160048007965,8639.0,0.0
3575,1.2274703139992198,97.1008,7.011977195739746,0.02528594434261322,0.0305472519248724,0.0068359375,0.6562035083770752,0.021692674607038498,8676.0,0.0
3576,1.3129444039950613,97.1008,7.040684223175049,0.023900307714939117,0.03161516413092613,0.0068359375,0.6570079922676086,0.02193036675453186,8809.0,0.0
3577,1.2886956919974182,97.1008,6.750604152679443,0.015139013528823853,0.027749838307499886,0.0068359375,0.6330146193504333,0.019917860627174377,8698.0,0.0
3578,1.227543079003226,97.1008,6.864871978759766,0.016965186223387718,0.028115741908550262,0.0068359375,0.6454274654388428,0.018662406131625175,8645.0,0.0
3579,1.224211403998197,97.1008,7.1079511642456055,0.027088381350040436,0.026570526883006096,0.0068359375,0.6652089357376099,0.0244809128344059,8637.0,1.0
3580,1.2121631059999345,97.1008,7.22767972946167,0.03151705861091614,0.035427093505859375,0.0078125,0.6686164736747742,0.03015461191534996,8845.0,0.0
3581,1.2153537970007164,97.1008,6.816650867462158,0.014017652720212936,0.035323526710271835,0.0078125,0.6394226551055908,0.0203580092638731,8709.0,0.0
3582,1.2175138870079536,97.1008,7.012410640716553,0.017511751502752304,0.028682900592684746,0.0078125,0.6590818762779236,0.020872417837381363,8644.0,1.0
3583,1.2264087199873757,97.1008,7.070138931274414,0.020603297278285027,0.038627173751592636,0.0078125,0.6649324297904968,0.01966475509107113,8667.0,0.0
3584,1.2300299779890338,97.1008,7.202337265014648,0.023541253060102463,0.02437588758766651,0.0078125,0.6719722747802734,0.023158257827162743,8794.0,0.0
3585,1.2290725909988396,97.1008,6.955686092376709,0.0069251530803740025,0.029249368235468864,0.0087890625,0.654655396938324,0.01854543946683407,8721.0,1.0
3586,1.2203071219992125,97.1008,7.055649280548096,0.010900205001235008,0.03158719837665558,0.0087890625,0.6637193560600281,0.020202066749334335,8639.0,0.0
3587,1.2047139450005488,97.1008,7.413448810577393,0.02534978836774826,0.026320332661271095,0.0087890625,0.6946349143981934,0.027510762214660645,8637.0,0.0
3588,1.214587157999631,97.1008,7.472874641418457,0.03317170590162277,0.03262166306376457,0.0087890625,0.6949910521507263,0.02822403609752655,8829.0,0.0
3589,1.2101656989980256,97.1008,6.787829399108887,0.012834638357162476,0.031103134155273438,0.0087890625,0.637174129486084,0.01901165023446083,8731.0,0.0
3590,1.2035033379943343,97.1008,6.782273292541504,0.013395324349403381,0.033207885921001434,0.0087890625,0.6363810896873474,0.020226454362273216,8671.0,0.0
3591,1.2119770650024293,97.1008,6.822969913482666,0.016942577436566353,0.027585169300436974,0.0087890625,0.6397082209587097,0.020780932158231735,8631.0,0.0
3592,1.215075052998145,97.1008,6.956421375274658,0.021722186356782913,0.030111197382211685,0.0087890625,0.6478012800216675,0.0236522164195776,8747.0,0.0
3593,1.2143066140124574,97.1008,6.786754608154297,0.00863733235746622,0.031166858971118927,0.0087890625,0.6360754370689392,0.019443800672888756,8771.0,0.0
3594,1.2119333390000975,97.1008,6.885952472686768,0.012303883209824562,0.030882814899086952,0.0087890625,0.6455811858177185,0.023102033883333206,8642.0,0.0
3595,1.2168991459911922,97.1008,7.156528472900391,0.025577059015631676,0.03126874938607216,0.0087890625,0.6675572395324707,0.02899986505508423,8680.0,2.0
3596,1.2231907620007405,97.1008,7.036707878112793,0.025609513744711876,0.0330757237970829,0.0087890625,0.6576681137084961,0.023443911224603653,8713.0,1.0
3597,1.239508920989465,97.1008,6.797762393951416,0.014717111364006996,0.03628551959991455,0.0087890625,0.6362119913101196,0.021109670400619507,8802.0,0.0
3598,1.2173436529992614,97.1008,6.746751308441162,0.00989953801035881,0.03600476682186127,0.0087890625,0.6335546970367432,0.01881093531847,8668.0,0.0
3599,1.2168005269923015,97.1008,7.106075286865234,0.01819748431444168,0.03618593513965607,0.0078125,0.6675135493278503,0.021521341055631638,8650.0,0.0
3600,1.220453431000351,97.1008,7.114719867706299,0.024716084823012352,0.02980663813650608,0.0078125,0.6666196584701538,0.02128487452864647,8685.0,0.0
3601,1.2189025219995528,97.1008,6.959732532501221,0.018451781943440437,0.04062018170952797,0.0078125,0.6505841612815857,0.021472319960594177,8815.0,0.0
3602,1.218120257006376,97.1008,6.948185920715332,0.018311666324734688,0.038024988025426865,0.0078125,0.6500442028045654,0.025683535262942314,8637.0,0.0
3603,1.2217984690068988,97.1008,7.135156154632568,0.023357246071100235,0.037052180618047714,0.0078125,0.6662133932113647,0.027028489857912064,8701.0,1.0
3604,1.2254663970088586,97.1008,7.091736793518066,0.022098664194345474,0.033801574259996414,0.0078125,0.6655520796775818,0.02105623111128807,8667.0,1.0
3605,1.2164124450064264,97.1008,6.981067657470703,0.01879468932747841,0.030418002977967262,0.0078125,0.6512613296508789,0.02207183465361595,8851.0,0.0
3606,1.219360665010754,97.1008,6.839938163757324,0.01013290323317051,0.03164982423186302,0.0078125,0.6434246301651001,0.01914321817457676,8645.0,0.0
3607,1.2173423880012706,97.1008,6.921951770782471,0.01838076487183571,0.035749197006225586,0.0078125,0.6487033367156982,0.02142295055091381,8679.0,0.0
3608,1.2164825350046158,97.1008,7.067838191986084,0.023275375366210938,0.02624298445880413,0.0078125,0.6636292934417725,0.020192161202430725,8648.0,0.0
3609,1.2229936359944986,97.1008,7.181186676025391,0.02332920953631401,0.03533579036593437,0.0078125,0.6694889068603516,0.024467600509524345,8811.0,0.0
3610,1.2173012889979873,97.1008,7.06718635559082,0.014677684754133224,0.03032759204506874,0.0078125,0.6600341200828552,0.027870476245880127,8681.0,0.0
3611,1.2601405210007215,97.1008,6.953942775726318,0.013973725028336048,0.041411492973566055,0.0078125,0.6520640850067139,0.02185348980128765,8691.0,0.0
3612,1.321530924004037,97.1008,7.119280815124512,0.022262565791606903,0.02109827846288681,0.0068359375,0.6678961515426636,0.021816328167915344,8646.0,1.0
3613,1.2242768629948841,97.1008,7.10430908203125,0.023384137079119682,0.0467105433344841,0.0068359375,0.6628643274307251,0.021555207669734955,8828.0,1.0
3614,1.2199861489934847,97.1008,6.823753356933594,0.015804000198841095,0.03320547938346863,0.0068359375,0.6401132345199585,0.020550010725855827,8687.0,0.0
3615,1.2125130489876028,97.1008,6.841443061828613,0.023220114409923553,0.03984542191028595,0.0068359375,0.6425508856773376,0.01944129541516304,8662.0,1.0
3616,1.1938484700076515,97.1008,7.008559703826904,0.029149485751986504,0.0316179059445858,0.0068359375,0.6575089693069458,0.021101951599121094,8640.0,0.0
3617,1.1881259869987844,97.1008,7.145005226135254,0.03395911306142807,0.032559312880039215,0.0068359375,0.662430465221405,0.027583293616771698,8782.0,0.0
3618,1.1774403400049778,97.1008,6.818024635314941,0.019528863951563835,0.030117351561784744,0.0068359375,0.6351364254951477,0.02627795748412609,8737.0,0.0
3619,1.1727972430089721,97.1008,6.780516147613525,0.014456481672823429,0.033468253910541534,0.0068359375,0.6368772387504578,0.01959414780139923,8679.0,0.0
3620,1.1691056999989087,97.1008,6.980105400085449,0.024045467376708984,0.019683295860886574,0.0068359375,0.6539322733879089,0.022235967218875885,8670.0,1.0
3621,1.178929057001369,97.1008,6.9984965324401855,0.027444971725344658,0.037522442638874054,0.0068359375,0.6525849103927612,0.02245776355266571,8745.0,1.0
3622,1.1907563939894317,97.1008,6.816555500030518,0.01530376635491848,0.01874453015625477,0.0068359375,0.6391432285308838,0.021567657589912415,8740.0,0.0
3623,1.1949999859934906,97.1008,6.7907490730285645,0.010897452011704445,0.03285945951938629,0.0068359375,0.6390565633773804,0.018662704154849052,8663.0,0.0
3624,1.204472772005829,97.1008,6.987201690673828,0.01638006791472435,0.029549386352300644,0.0068359375,0.6545051336288452,0.023021291941404343,8639.0,0.0
3625,1.2105049389938358,97.1008,7.304922103881836,0.02655424363911152,0.03068218193948269,0.0068359375,0.6782297492027283,0.030593562871217728,8734.0,0.0
3626,1.2167194579960778,97.1008,6.930140018463135,0.010381905362010002,0.0337529331445694,0.0068359375,0.6478456854820251,0.02256910130381584,8820.0,0.0
3627,1.1986488670081599,97.1008,6.848832607269287,0.008647836744785309,0.03757794573903084,0.0068359375,0.6433815956115723,0.019482560455799103,8641.0,1.0
3628,1.1981575380050344,97.1008,7.031301021575928,0.01946001499891281,0.034422509372234344,0.0068359375,0.6608874797821045,0.020003538578748703,8662.0,0.0
3629,1.2050607169949217,97.1008,7.1378560066223145,0.02862633392214775,0.02651403285562992,0.0068359375,0.6667997241020203,0.02344101294875145,8705.0,0.0
3630,1.200167409988353,97.1008,6.91686487197876,0.012939270585775375,0.029672516509890556,0.0068359375,0.64736008644104,0.019885655492544174,8815.0,1.0
3631,1.2125772610015702,97.1008,6.859615325927734,0.006908958312124014,0.03914053365588188,0.0068359375,0.6451078057289124,0.019058214500546455,8643.0,0.0
3632,1.2057113949995255,97.1008,7.083155155181885,0.016405785456299782,0.028620045632123947,0.0068359375,0.6636731624603271,0.025074299424886703,8637.0,0.0
3633,1.2011479280045023,97.1008,7.286081314086914,0.02475225180387497,0.025615060701966286,0.0068359375,0.6792859435081482,0.02921176329255104,8708.0,0.0
3634,1.2072973489994183,97.1008,6.871084213256836,0.011851364746689796,0.02901645191013813,0.0068359375,0.6424521207809448,0.02073715627193451,8850.0,1.0
3635,1.2068160810013069,97.1008,6.787936210632324,0.009759610518813133,0.02727232500910759,0.0068359375,0.6363880634307861,0.02046237885951996,8669.0,0.0
3636,1.2113027730083559,97.1008,6.948602676391602,0.015634752810001373,0.03354983031749725,0.0068359375,0.6537281274795532,0.019092317670583725,8636.0,0.0
3637,1.218777597998269,97.1008,7.118291854858398,0.023722436279058456,0.020176216959953308,0.0068359375,0.6669434309005737,0.023265596479177475,8663.0,0.0
3638,1.2230388009920716,97.1008,6.956323146820068,0.016170477494597435,0.029160743579268456,0.0068359375,0.6500317454338074,0.020491525530815125,8843.0,0.0
3639,1.2266827729908982,97.1008,6.909050464630127,0.011835915967822075,0.023716013878583908,0.0068359375,0.6488272547721863,0.02134035900235176,8647.0,0.0
3640,1.225706334997085,97.1008,7.311453342437744,0.02377910539507866,0.022273026406764984,0.0068359375,0.6837148666381836,0.02816743031144142,8662.0,2.0
3641,1.2213889379927423,97.1008,7.298879623413086,0.025989502668380737,0.030196543782949448,0.0068359375,0.6834275126457214,0.02471715770661831,8701.0,0.0
3642,1.2119525330053875,97.1008,7.167354583740234,0.020527256652712822,0.02597811445593834,0.0068359375,0.6699624061584473,0.02163696102797985,8814.0,0.0
3643,1.220539091998944,97.1008,6.832611083984375,0.011425220407545567,0.02209750935435295,0.0068359375,0.6417949199676514,0.019376959651708603,8683.0,0.0
3644,1.2304720840038499,97.1008,6.893172264099121,0.014093958772718906,0.024634715169668198,0.0068359375,0.6468267440795898,0.020861497148871422,8641.0,0.0
3645,1.2099351280048722,97.1008,7.03696346282959,0.017863284796476364,0.024584680795669556,0.0078125,0.6599547863006592,0.021200105547904968,8678.0,1.0
3646,1.2001074769941624,97.1008,7.031582355499268,0.01958480477333069,0.02685990370810032,0.0078125,0.655718982219696,0.021634414792060852,8803.0,0.0
3647,1.2445883420004975,97.1008,7.038311958312988,0.015573050826787949,0.02994508482515812,0.0078125,0.6593912839889526,0.024021852761507034,8665.0,0.0
3648,1.2211793159949593,97.1008,7.201844215393066,0.021875277161598206,0.0281381793320179,0.0078125,0.672421932220459,0.027890395373106003,8687.0,0.0
3649,1.2242262189975008,97.1008,7.127094745635986,0.01869065687060356,0.02819724753499031,0.0078125,0.667878270149231,0.02192101441323757,8677.0,0.0
3650,1.283142718995805,97.1008,7.116025924682617,0.017811965197324753,0.028025006875395775,0.0078125,0.6619143486022949,0.023666610941290855,8815.0,0.0
3651,1.2881601319968468,97.1008,6.566591739654541,0.0034974017180502415,0.029687192291021347,0.0078125,0.6162899136543274,0.018114469945430756,8685.0,0.0
3652,1.2227725330012618,97.1008,6.713943004608154,0.009963233023881912,0.03106982260942459,0.0078125,0.628976047039032,0.02075563743710518,8656.0,0.0
3653,1.2331493980018422,97.1008,6.8115692138671875,0.014552885666489601,0.02858159691095352,0.0078125,0.638375997543335,0.019818205386400223,8666.0,0.0
3654,1.2366638039966347,97.1008,7.055022239685059,0.020276471972465515,0.031208673492074013,0.0078125,0.6579012274742126,0.023633833974599838,8754.0,0.0
3655,1.218770535007934,97.1008,7.0042948722839355,0.014268622733652592,0.024282945320010185,0.0078125,0.6537080407142639,0.027313031256198883,8717.0,0.0
3656,1.1997350349993212,97.1008,6.928665637969971,0.013482589274644852,0.03298370912671089,0.0078125,0.6472235918045044,0.023878997191786766,8726.0,0.0
3657,1.1924255280027865,97.1008,6.920936584472656,0.013269290328025818,0.024859849363565445,0.0078125,0.6491274237632751,0.0202717836946249,8641.0,0.0
3658,1.1946980179927777,97.1008,7.05247163772583,0.01912258192896843,0.03078635409474373,0.0078125,0.6579051613807678,0.02254478447139263,8747.0,1.0
3659,1.2209928980009863,97.1008,6.834907054901123,0.010463958606123924,0.026612907648086548,0.0078125,0.6402971744537354,0.020741846412420273,8756.0,0.0
3660,1.2095019490079721,97.1008,6.820677757263184,0.01386936940252781,0.028287313878536224,0.0078125,0.6402913928031921,0.01990172080695629,8679.0,0.0
3661,1.2111535820004065,97.1008,6.948310852050781,0.016517335548996925,0.022084543481469154,0.0087890625,0.6524678468704224,0.019821999594569206,8636.0,2.0
3662,1.2253703720052727,97.1008,7.137248992919922,0.024618731811642647,0.027851490303874016,0.0087890625,0.6662084460258484,0.02600543014705181,8685.0,0.0
3663,1.2150775939953746,97.1008,7.015076637268066,0.01711171306669712,0.023810485377907753,0.0087890625,0.6521052122116089,0.027941856533288956,8836.0,0.0
3664,1.215545311992173,97.1008,6.824786186218262,0.009700784459710121,0.028098175302147865,0.0087890625,0.6402601599693298,0.01991219073534012,8671.0,1.0
3665,1.2108346870081732,97.1008,6.959800720214844,0.019628487527370453,0.033475879579782486,0.0078125,0.6525861620903015,0.02105434238910675,8649.0,0.0
3666,1.225353828005609,97.1008,7.070984840393066,0.023764068260788918,0.022024312987923622,0.0087890625,0.6625691056251526,0.020726177841424942,8685.0,1.0
3667,1.2238037469942356,97.1008,7.034000873565674,0.01618926227092743,0.03300216794013977,0.0087890625,0.6573071479797363,0.02198573760688305,8820.0,1.0
3668,1.2225397260044701,97.1008,6.912347316741943,0.012387584894895554,0.023171156644821167,0.0078125,0.6503040194511414,0.01853763870894909,8662.0,0.0
3669,1.2145667300064815,97.1008,7.082186222076416,0.020843761041760445,0.023650607094168663,0.0078125,0.665276825428009,0.02108011022210121,8633.0,1.0
3670,1.1660781179962214,97.1008,7.41835880279541,0.029728401452302933,0.019046450033783913,0.0078125,0.6925064921379089,0.02862124890089035,8656.0,1.0
3671,1.1495258850045502,97.1008,7.239989280700684,0.020059403032064438,0.03080178052186966,0.0078125,0.6739172339439392,0.026225965470075607,8900.0,0.0
3672,1.140186079996056,97.1008,6.849114418029785,0.008432669565081596,0.026864100247621536,0.0078125,0.644210934638977,0.018815113231539726,8645.0,0.0
3673,1.1597696280077798,97.1008,7.118105411529541,0.015322118997573853,0.028642451390624046,0.0078125,0.6684479713439941,0.02064712718129158,8666.0,0.0
3674,1.186976840996067,97.1008,7.2384843826293945,0.020676888525485992,0.02879120409488678,0.0078125,0.6788992881774902,0.02209245041012764,8642.0,1.0
3675,1.2181690790021094,97.1008,7.136381149291992,0.01752224564552307,0.03455576300621033,0.0078125,0.6656302809715271,0.02267869934439659,8860.0,0.0
3676,1.1891689009935362,97.1008,6.855198383331299,0.00804948527365923,0.01853414997458458,0.0078125,0.6444341540336609,0.018918825313448906,8654.0,1.0
3677,1.1808863799960818,97.1008,7.117188453674316,0.01612744852900505,0.02919577807188034,0.0078125,0.6672627925872803,0.023898949846625328,8641.0,0.0
3678,1.1537446069996804,97.1008,7.313212871551514,0.026282448321580887,0.022026795893907547,0.0078125,0.681194007396698,0.030099814757704735,8691.0,1.0
3679,1.1575682369875722,97.1008,7.032599925994873,0.02020462416112423,0.030702034011483192,0.0087890625,0.6545115113258362,0.023448830470442772,8840.0,1.0
3680,1.1609549160057213,97.1008,6.804867267608643,0.009717337787151337,0.027763351798057556,0.0087890625,0.638428807258606,0.020782779902219772,8667.0,0.0
3681,1.1670214620098704,97.1008,6.855690956115723,0.012433268129825592,0.020858081057667732,0.0087890625,0.6443397998809814,0.01931154355406761,8667.0,0.0
3682,1.175332464001258,97.1008,7.009464263916016,0.019720619544386864,0.02190030924975872,0.0087890625,0.6565292477607727,0.02285649999976158,8660.0,0.0
3683,1.1586437619989738,97.1008,6.908945083618164,0.018491433933377266,0.024878697469830513,0.0087890625,0.6437863707542419,0.021883880719542503,8813.0,3.0
3684,1.167712472990388,97.1008,6.692424297332764,0.006903492845594883,0.0329953096807003,0.0087890625,0.6268534660339355,0.02040174975991249,8680.0,0.0
3685,1.2003979669971159,97.1008,6.846970558166504,0.012796599417924881,0.04038206487894058,0.0087890625,0.6387746334075928,0.02653907798230648,8638.0,0.0
3686,1.2048265030025505,97.1008,7.111999988555908,0.017455417662858963,0.022442100569605827,0.0087890625,0.6617079973220825,0.027705391868948936,8724.0,0.0
3687,1.16269012101111,97.1008,7.0392746925354,0.0157308429479599,0.029292194172739983,0.0078125,0.6562024354934692,0.022143332287669182,8761.0,0.0
3688,1.180516879001516,97.1008,6.819840908050537,0.0062155285850167274,0.020142927765846252,0.0078125,0.6390593647956848,0.02070201002061367,8744.0,1.0
3689,1.1606839500018395,97.1008,6.820095539093018,0.008997658267617226,0.033194344490766525,0.0087890625,0.640128493309021,0.01987374573945999,8637.0,1.0
3690,1.2023916119942442,97.1008,7.000450611114502,0.015591641888022423,0.030358169227838516,0.0087890625,0.655241847038269,0.022136777639389038,8680.0,0.0
3691,1.2522741230059182,97.1008,7.03391695022583,0.012836159206926823,0.03414301201701164,0.0087890625,0.6573667526245117,0.02139980159699917,8724.0,0.0
3692,1.1700671699945815,97.1008,6.950255393981934,0.005351872183382511,0.025600744411349297,0.0087890625,0.6499291658401489,0.022956810891628265,8752.0,0.0
3693,1.1663705379905878,97.1008,7.056915283203125,0.01473614014685154,0.02927556447684765,0.0087890625,0.6577132940292358,0.028125127777457237,8675.0,0.0
3694,1.1554662769922288,97.1008,6.994171142578125,0.01680959388613701,0.03924736753106117,0.0087890625,0.6547265648841858,0.022383157163858414,8682.0,0.0
3695,1.1673331760102883,97.1008,7.082562446594238,0.01901829242706299,0.02263774536550045,0.0087890625,0.6615118980407715,0.023531794548034668,8695.0,0.0
3696,1.171261006995337,97.1008,6.828086853027344,0.007250121328979731,0.03731825202703476,0.0087890625,0.6388828158378601,0.020101448521018028,8810.0,1.0
3697,1.1740432439983124,97.1008,6.831768035888672,0.006702720187604427,0.028196075931191444,0.0087890625,0.6402004957199097,0.02108827233314514,8655.0,1.0
3698,1.172526939000818,97.1008,6.938186168670654,0.011345220729708672,0.03367951884865761,0.0087890625,0.651456356048584,0.019910724833607674,8661.0,1.0
3699,1.1672407970036147,97.1008,7.1049370765686035,0.01934291608631611,0.03147095814347267,0.0087890625,0.6648248434066772,0.02241585962474346,8675.0,1.0
3700,1.164631431005546,97.1008,7.0588483810424805,0.014143813401460648,0.03762158006429672,0.0087890625,0.6579505205154419,0.026303887367248535,8806.0,1.0
3701,1.1621491330006393,97.1008,7.036983013153076,0.010018296539783478,0.02445172145962715,0.0087890625,0.6580286026000977,0.026324434205889702,8685.0,0.0
3702,1.1756142540107248,97.1008,6.9872660636901855,0.009022803977131844,0.03050110675394535,0.0087890625,0.6566989421844482,0.019923677667975426,8672.0,0.0
3703,1.1740737319923937,97.1008,7.1461005210876465,0.01817130483686924,0.04336780682206154,0.0087890625,0.6683777570724487,0.02310437522828579,8688.0,0.0
3704,1.186772902001394,97.1008,6.968847751617432,0.014652034267783165,0.02620650641620159,0.0087890625,0.651327908039093,0.021323254331946373,8813.0,1.0
3705,1.1899881769932108,97.1008,6.821598052978516,0.012558245100080967,0.03151152282953262,0.0087890625,0.6395439505577087,0.021458175033330917,8675.0,0.0
3706,1.2084362170135137,97.1008,6.949309349060059,0.015589668415486813,0.032313022762537,0.0087890625,0.6534131169319153,0.01924285665154457,8649.0,1.0
3707,1.1781098089995794,97.1008,7.253845691680908,0.025157945230603218,0.031660113483667374,0.0087890625,0.6791173815727234,0.024384107440710068,8647.0,0.0
3708,1.1670311860070797,97.1008,7.197975158691406,0.026183724403381348,0.031219590455293655,0.0087890625,0.6671581268310547,0.029927078634500504,8844.0,1.0
3709,1.183464661007747,97.1008,6.6752610206604,0.005969651974737644,0.036647796630859375,0.0087890625,0.6242691874504089,0.02175356075167656,8704.0,0.0
3710,1.184350536990678,97.1008,6.7803955078125,0.008298011496663094,0.03251076862215996,0.0087890625,0.6351240873336792,0.020744159817695618,8639.0,0.0
3711,1.1843118270044215,97.1008,7.034111499786377,0.012073718011379242,0.03577340766787529,0.0078125,0.6588325500488281,0.02157602272927761,8675.0,0.0
3712,1.178870101008215,97.1008,7.006349086761475,0.01354239322245121,0.03040727972984314,0.0078125,0.6507881879806519,0.02379038743674755,8828.0,0.0
3713,1.1854733410000335,97.1008,6.722268581390381,0.005320139229297638,0.041150595992803574,0.0078125,0.6301360130310059,0.019684335216879845,8678.0,0.0
3714,1.1660911229992053,97.1008,6.849466800689697,0.011789072304964066,0.03317168354988098,0.0078125,0.6429428458213806,0.020509615540504456,8642.0,0.0
3715,1.167924615991069,97.1008,7.130006790161133,0.02230457030236721,0.03582686558365822,0.0078125,0.6655493974685669,0.027138149365782738,8643.0,1.0
3716,1.160968956988654,97.1008,7.276885032653809,0.02394959144294262,0.034717459231615067,0.0068359375,0.6737241148948669,0.03001130186021328,8840.0,0.0
3717,1.1449109130044235,97.1008,6.747810363769531,0.00576387532055378,0.03614397346973419,0.0068359375,0.6333521604537964,0.019525401294231415,8714.0,1.0
3718,1.1464959289878607,97.1008,6.9344940185546875,0.012993711978197098,0.028241151943802834,0.0068359375,0.6506339907646179,0.020831454545259476,8674.0,0.0
3719,1.151954750996083,97.1008,7.05723237991333,0.015613583847880363,0.034549836069345474,0.0068359375,0.6635057926177979,0.019748356193304062,8640.0,1.0
3720,1.1554969720018562,97.1008,7.236556053161621,0.020752839744091034,0.02825889177620411,0.0068359375,0.6755319833755493,0.02335701510310173,8780.0,0.0
3721,1.1766658169945003,97.1008,6.826889991760254,0.005000011064112186,0.03413071110844612,0.0068359375,0.6417526006698608,0.01812921278178692,8733.0,0.0
3722,1.1711742949992185,97.1008,6.95380163192749,0.009055208414793015,0.03588397428393364,0.0068359375,0.6526839733123779,0.021435879170894623,8641.0,0.0
3723,1.1503002270037541,97.1008,7.199650287628174,0.023747127503156662,0.040229134261608124,0.0068359375,0.6709315180778503,0.02864093706011772,8668.0,0.0
3724,1.1547275300108595,97.1008,7.082455158233643,0.023017166182398796,0.024954689666628838,0.0078125,0.6588637828826904,0.025190766900777817,8782.0,1.0
3725,1.161361862992635,97.1008,6.703174591064453,0.004682618193328381,0.04561663791537285,0.0078125,0.6280869841575623,0.02010326460003853,8747.0,0.0
3726,1.193416955997236,97.1008,6.843628406524658,0.008113926276564598,0.024134226143360138,0.0078125,0.6425248384475708,0.019883405417203903,8666.0,0.0
3727,1.1682900640007574,97.1008,6.996883869171143,0.017534814774990082,0.04394569993019104,0.0078125,0.6556374430656433,0.02211206965148449,8652.0,0.0
3728,1.1661020320025273,97.1008,7.089641094207764,0.018541481345891953,0.028396427631378174,0.0078125,0.6624351739883423,0.022517791017889977,8712.0,0.0
3729,1.170194050995633,97.1008,6.927551746368408,0.005626457277685404,0.03447694331407547,0.0078125,0.6490510702133179,0.02052910253405571,8787.0,0.0
3730,1.1801467119948938,97.1008,7.015108108520508,0.007277302443981171,0.03479985520243645,0.0078125,0.6573619246482849,0.02495904266834259,8637.0,0.0
3731,1.176909589994466,97.1008,7.197843551635742,0.01278732344508171,0.02678763121366501,0.0078125,0.6717509031295776,0.028635388240218163,8681.0,0.0
3732,1.1751372790022288,97.1008,7.162392616271973,0.011878060176968575,0.03216507285833359,0.0078125,0.6709446907043457,0.023086145520210266,8714.0,0.0
3733,1.1697966280044056,97.1008,6.942090034484863,0.008748868480324745,0.03627265989780426,0.0078125,0.6483139991760254,0.0225544273853302,8827.0,0.0
3734,1.1723906660045031,97.1008,6.808769702911377,0.002209910424426198,0.02728111669421196,0.0078125,0.6402819156646729,0.018824275583028793,8638.0,0.0
3735,1.1912666690041078,97.1008,6.940176963806152,0.007836299017071724,0.03686680272221565,0.0078125,0.6507803797721863,0.021823694929480553,8652.0,0.0
3736,1.164550309011247,97.1008,7.087092876434326,0.013736521825194359,0.02661898545920849,0.0078125,0.6636718511581421,0.02145915850996971,8685.0,0.0
3737,1.1765294640063075,97.1008,7.0420942306518555,0.016013454645872116,0.034067872911691666,0.0078125,0.6575422286987305,0.022998115047812462,8816.0,0.0
3738,1.1863494390127016,97.1008,7.104761600494385,0.018575314432382584,0.040087342262268066,0.0078125,0.6636261940002441,0.02764582447707653,8655.0,0.0
3739,1.2125080109981354,97.1008,7.065343856811523,0.018746577203273773,0.025525422766804695,0.0078125,0.6612346768379211,0.02436746656894684,8703.0,0.0
3740,1.194884008000372,97.1008,7.052369117736816,0.01976262405514717,0.04922309145331383,0.0078125,0.6605498790740967,0.02206435054540634,8647.0,1.0
3741,1.196552374996827,97.1008,7.045654773712158,0.014205683022737503,0.03049035370349884,0.0068359375,0.6569865345954895,0.021957701072096825,8848.0,0.0
3742,1.2104328160057776,97.1008,6.871146202087402,0.008203732781112194,0.03788992762565613,0.0068359375,0.6458786725997925,0.02016395889222622,8648.0,2.0
3743,1.185728807002306,97.1008,7.002828121185303,0.013979900628328323,0.034957461059093475,0.0068359375,0.658124566078186,0.01990702375769615,8677.0,0.0
3744,1.1627058390004095,97.1008,7.135397434234619,0.019168894737958908,0.02807050757110119,0.0068359375,0.6700975298881531,0.02062026970088482,8644.0,0.0
3745,1.168745058006607,97.1008,7.14430570602417,0.02031548134982586,0.03798994794487953,0.0068359375,0.6643785238265991,0.025669410824775696,8808.0,0.0
3746,1.180769438011339,97.1008,7.049027442932129,0.014368600212037563,0.03263511508703232,0.0068359375,0.6576692461967468,0.026974743232131004,8706.0,1.0
3747,1.199143506004475,97.1008,7.041192531585693,0.011508485302329063,0.036925069987773895,0.0068359375,0.6614129543304443,0.02047354355454445,8678.0,1.0
3748,1.1994961220043479,97.1008,7.17563533782959,0.01639680564403534,0.031798847019672394,0.0068359375,0.6720929145812988,0.022835515439510345,8668.0,0.0
3749,1.175286863988731,97.1008,7.045475482940674,0.015114301815629005,0.04151791334152222,0.0068359375,0.6571588516235352,0.02110891602933407,8793.0,0.0
3750,1.160691441007657,97.1008,6.819180011749268,0.009249748662114143,0.03484286367893219,0.0068359375,0.6393698453903198,0.021068861708045006,8690.0,1.0
3751,1.1712047860055463,97.1008,6.931548118591309,0.010899163782596588,0.03396334871649742,0.0068359375,0.6508561372756958,0.019140027463436127,8670.0,0.0
3752,1.2032437620073324,97.1008,7.159704685211182,0.01881321892142296,0.02598973736166954,0.0068359375,0.6714564561843872,0.022216251119971275,8636.0,0.0
3753,1.2023196419904707,97.1008,7.328303337097168,0.026337623596191406,0.03810557350516319,0.0078125,0.6808186769485474,0.029725905507802963,8767.0,1.0
3754,1.213494832001743,97.1008,6.959314823150635,0.008572543039917946,0.026682473719120026,0.0078125,0.6503801345825195,0.02427135966718197,8792.0,0.0
3755,1.1889516049996018,97.1008,6.839697360992432,0.0029347005765885115,0.03558260202407837,0.0078125,0.6429296731948853,0.019117355346679688,8646.0,0.0
3756,1.1801856579986634,97.1008,7.012638568878174,0.011216750368475914,0.025339260697364807,0.0078125,0.6579960584640503,0.020884457975625992,8663.0,1.0
3757,1.1668957700021565,97.1008,6.98398494720459,0.01698736660182476,0.03718367591500282,0.0087890625,0.6509615182876587,0.022800151258707047,8733.0,2.0
3758,1.1646523750096094,97.1008,6.73640251159668,0.007997038774192333,0.022012274712324142,0.0087890625,0.6314949989318848,0.020240172743797302,8777.0,0.0
3759,1.2222216029913398,97.1008,6.813327312469482,0.011532532051205635,0.027859752997756004,0.0087890625,0.6406031847000122,0.018431197851896286,8648.0,0.0
3760,1.232994233010686,97.1008,7.029764652252197,0.023337827995419502,0.02774231880903244,0.009765625,0.6581470966339111,0.023729633539915085,8627.0,1.0
3761,1.2312615560076665,97.1008,7.246145725250244,0.031115690246224403,0.023091869428753853,0.009765625,0.6715280413627625,0.03005794808268547,8750.0,1.0
3762,1.21868435300712,97.1008,6.792409420013428,0.0107862688601017,0.03316035866737366,0.009765625,0.6347764730453491,0.021274922415614128,8815.0,0.0
3763,1.243573957006447,97.1008,6.730338096618652,0.00993282999843359,0.030936552211642265,0.009765625,0.6309377551078796,0.02099718153476715,8642.0,0.0
3764,1.2430449660023442,97.1008,6.844594478607178,0.013782305642962456,0.033349234610795975,0.009765625,0.6425888538360596,0.01941610500216484,8656.0,0.0
3765,1.2404551920044469,97.1008,7.052702903747559,0.021735001355409622,0.028544750064611435,0.009765625,0.6585805416107178,0.023611746728420258,8696.0,0.0
3766,1.2304788289911812,97.1008,6.881563663482666,0.013019968755543232,0.027227479964494705,0.009765625,0.6438245177268982,0.020191624760627747,8823.0,0.0
3767,1.2214545169990743,97.1008,6.841941833496094,0.011818800121545792,0.03287969157099724,0.009765625,0.6417887806892395,0.02019994705915451,8644.0,0.0
3768,1.2308830020047026,97.1008,7.089975357055664,0.025780167430639267,0.023757556453347206,0.009765625,0.6627057790756226,0.02670574001967907,8630.0,1.0
3769,1.231214289990021,97.1008,7.15286111831665,0.029399095103144646,0.03572070226073265,0.0087890625,0.6649095416069031,0.027358021587133408,8741.0,0.0
3770,1.3644567279989133,97.1008,6.838027000427246,0.014143485575914383,0.042535245418548584,0.0087890625,0.6383076310157776,0.020048296079039574,8818.0,1.0
3771,1.2409308819915168,97.1008,6.656943321228027,0.01047318521887064,0.027012459933757782,0.0087890625,0.6239725351333618,0.01939980313181877,8675.0,0.0
3772,1.2416861320089083,97.1008,6.842587471008301,0.018658561632037163,0.03828541561961174,0.0087890625,0.642745852470398,0.019659055396914482,8632.0,0.0
3773,1.2415766310004983,97.1008,7.141063213348389,0.025543175637722015,0.032085906714200974,0.0087890625,0.6684384346008301,0.02238616906106472,8685.0,0.0
3774,1.2397306650091195,97.1008,7.1192216873168945,0.01565086469054222,0.034846868366003036,0.0087890625,0.666805624961853,0.02009030431509018,8821.0,1.0
3775,1.2442566709942184,97.1008,7.06984806060791,0.008218834176659584,0.03494817018508911,0.0078125,0.6639181971549988,0.02212412655353546,8655.0,0.0
3776,1.2614442259946372,97.1008,7.34135627746582,0.013813292607665062,0.024938207119703293,0.0078125,0.6858557462692261,0.027836978435516357,8680.0,0.0
3777,1.2290890330041293,97.1008,7.291977882385254,0.011164817959070206,0.030983073636889458,0.0078125,0.6841058731079102,0.022104334086179733,8675.0,0.0
3778,1.2321775419986807,97.1008,7.191417694091797,0.011835651472210884,0.031280238181352615,0.0078125,0.6715566515922546,0.0219162255525589,8819.0,1.0
3779,1.2353110700059915,97.1008,6.918996334075928,0.00499162869527936,0.03044598177075386,0.0078125,0.6516940593719482,0.01804192177951336,8692.0,1.0
3780,1.2227745039999718,97.1008,7.153598308563232,0.01313716545701027,0.023362645879387856,0.0078125,0.6730817556381226,0.02041594870388508,8652.0,0.0
3781,1.2344524570071371,97.1008,7.3256707191467285,0.020035911351442337,0.038190994411706924,0.0078125,0.6891987323760986,0.020288892090320587,8659.0,1.0
3782,1.234495042997878,97.1008,7.395642280578613,0.019566796720027924,0.02555406652390957,0.0078125,0.6910462379455566,0.02250213548541069,8800.0,0.0
3783,1.1880130080098752,97.1008,7.263777256011963,0.013384854421019554,0.035544268786907196,0.0068359375,0.6813508868217468,0.025668514892458916,8684.0,0.0
3784,1.2167395400028909,97.1008,7.219539165496826,0.018194839358329773,0.025524187833070755,0.0068359375,0.6748394966125488,0.026709016412496567,8699.0,0.0
3785,1.2312959489936475,97.1008,7.007088661193848,0.015371372923254967,0.0327424593269825,0.0068359375,0.6578589677810669,0.020481625571846962,8657.0,0.0
3786,1.2472573310078587,97.1008,7.158466339111328,0.019210953265428543,0.028545087203383446,0.0068359375,0.6659054756164551,0.023524634540081024,8798.0,0.0
3787,1.2572998270043172,97.1008,6.884457588195801,0.009621663019061089,0.019691184163093567,0.0068359375,0.6465722322463989,0.019609574228525162,8708.0,0.0
3788,1.2579993520048447,97.1008,6.966048717498779,0.013900435529649258,0.029963301494717598,0.0068359375,0.6534630060195923,0.021091004833579063,8676.0,0.0
3789,1.2481864879955538,97.1008,7.007775783538818,0.017463430762290955,0.03331226110458374,0.0068359375,0.6587316393852234,0.019283872097730637,8636.0,1.0
3790,1.2510585519921733,97.1008,7.237122058868408,0.023853227496147156,0.02871716022491455,0.0068359375,0.6755235195159912,0.024410810321569443,8736.0,1.0
3791,1.2371035519900033,97.1008,7.071527004241943,0.019213847815990448,0.030484851449728012,0.0068359375,0.6599734425544739,0.027512190863490105,8769.0,0.0
3792,1.2359327760059386,97.1008,6.9713287353515625,0.013681919313967228,0.036891523748636246,0.0068359375,0.6542315483093262,0.02091064304113388,8692.0,0.0
3793,1.236228770998423,97.1008,7.07072639465332,0.020802229642868042,0.030808717012405396,0.0068359375,0.6645987629890442,0.02064179815351963,8634.0,0.0
3794,1.244458595989272,97.1008,7.100731372833252,0.025591092184185982,0.03246327489614487,0.0068359375,0.6635816693305969,0.021273745223879814,8734.0,0.0
3795,1.2405582799983677,97.1008,6.861419677734375,0.013951903209090233,0.03220734745264053,0.0068359375,0.6422942876815796,0.02056196704506874,8798.0,1.0
3796,1.236515213997336,97.1008,6.8294219970703125,0.010707901790738106,0.030152831226587296,0.0068359375,0.6420376300811768,0.018373003229498863,8655.0,0.0
3797,1.2746712590014795,97.1008,7.026580810546875,0.020152093842625618,0.033698681741952896,0.0068359375,0.6602081060409546,0.020431743934750557,8629.0,1.0
3798,1.257981226008269,97.1008,7.378290176391602,0.03207213059067726,0.03053780272603035,0.0068359375,0.687954843044281,0.027812518179416656,8684.0,0.0
3799,1.2631430449982872,97.1008,7.054359436035156,0.0206778384745121,0.03445637226104736,0.005859375,0.6562070250511169,0.027576714754104614,8851.0,0.0
3800,1.2597941090061795,97.1008,6.725129127502441,0.0056955888867378235,0.029570871964097023,0.005859375,0.6321292519569397,0.018692441284656525,8679.0,1.0
3801,1.2498734529945068,97.1008,6.848713397979736,0.015383285470306873,0.03365568444132805,0.0068359375,0.6421500444412231,0.020787017419934273,8661.0,2.0
3802,1.2564267810084857,97.1008,6.959467887878418,0.019745774567127228,0.02695808745920658,0.0068359375,0.6518124341964722,0.02107156626880169,8656.0,0.0
3803,1.2037610900006257,97.1008,6.821277618408203,0.01479359995573759,0.032365210354328156,0.0068359375,0.6362470984458923,0.02187882736325264,8834.0,0.0
3804,1.1820460169983562,97.1008,6.604442596435547,0.007886553183197975,0.0273063313215971,0.0068359375,0.6205306053161621,0.017635025084018707,8665.0,0.0
3805,1.1999025420082035,97.1008,6.778697967529297,0.01816834881901741,0.023229507729411125,0.0068359375,0.6350504755973816,0.021777434274554253,8630.0,1.0
3806,1.20986686598917,97.1008,7.131080627441406,0.033399149775505066,0.030736995860934258,0.0068359375,0.6628283858299255,0.02948237769305706,8671.0,0.0
3807,1.2146924289991148,97.1008,6.920539379119873,0.022170063108205795,0.022191336378455162,0.0068359375,0.6427414417266846,0.02429429069161415,8880.0,1.0
3808,1.206148237004527,97.1008,6.731283664703369,0.011255000717937946,0.02742382138967514,0.0068359375,0.6321920156478882,0.019671568647027016,8648.0,2.0
3809,1.179944309988059,97.1008,6.89336633682251,0.0158807635307312,0.03229067847132683,0.0068359375,0.6475971341133118,0.019475821405649185,8663.0,1.0
3810,1.1869657409988577,97.1008,7.132511615753174,0.02598853036761284,0.03152338042855263,0.0068359375,0.668004035949707,0.022364085540175438,8661.0,0.0
3811,1.2016326230077539,97.1008,7.147777557373047,0.02430451661348343,0.030383596196770668,0.0068359375,0.6670432090759277,0.02124498039484024,8842.0,0.0
3812,1.2304348739999114,97.1008,6.97649621963501,0.013149927370250225,0.03346288576722145,0.0068359375,0.6569108963012695,0.01879172772169113,8658.0,0.0
3813,1.2363704729941674,97.1008,7.193436622619629,0.020763032138347626,0.02672998607158661,0.0068359375,0.6746405959129333,0.024537628516554832,8633.0,0.0
3814,1.260200321994489,97.1008,7.3890252113342285,0.02841610461473465,0.038854025304317474,0.0068359375,0.6899203062057495,0.028568914160132408,8693.0,0.0
3815,1.270032562999404,97.1008,7.119087219238281,0.01930113136768341,0.030694305896759033,0.0068359375,0.6634513735771179,0.022075239568948746,8839.0,0.0
3816,1.2613257389893988,97.1008,6.808282375335693,0.009205300360918045,0.03479509800672531,0.0068359375,0.6383623480796814,0.020226215943694115,8704.0,0.0
3817,1.261890317997313,97.1008,6.963229656219482,0.0100495470687747,0.030651113018393517,0.0068359375,0.6556675434112549,0.018117649480700493,8640.0,0.0
3818,1.2730895009881351,97.1008,7.225823879241943,0.022687647491693497,0.03513641282916069,0.0068359375,0.6789001226425171,0.021451398730278015,8658.0,0.0
3819,1.266318345995387,97.1008,7.2050933837890625,0.022387046366930008,0.02745209075510502,0.0068359375,0.674237847328186,0.02031044289469719,8795.0,0.0
3820,1.2579481689899694,97.1008,6.9177775382995605,0.012566626071929932,0.02778441086411476,0.0068359375,0.6496686339378357,0.020430363714694977,8700.0,0.0
3821,1.2536957929987693,97.1008,7.181769847869873,0.01987571455538273,0.023346925154328346,0.0068359375,0.6709091067314148,0.026844043284654617,8666.0,0.0
3822,1.2575302210025256,97.1008,7.145094394683838,0.019204363226890564,0.029234200716018677,0.0068359375,0.6690173149108887,0.02340070903301239,8692.0,0.0
3823,1.2695342279912438,97.1008,7.135929107666016,0.01781221106648445,0.029795441776514053,0.0068359375,0.6657772064208984,0.022113323211669922,8749.0,1.0
3824,1.2677650439873105,97.1008,6.696230888366699,0.0071907201781868935,0.028101949021220207,0.0068359375,0.627509355545044,0.01943259686231613,8759.0,2.0
3825,1.2289575500035426,97.1008,6.828042030334473,0.011887847445905209,0.022505292668938637,0.0068359375,0.6406788229942322,0.02035541459918022,8640.0,0.0
3826,1.2237402169994311,97.1008,6.934762001037598,0.016567949205636978,0.034168142825365067,0.0068359375,0.6499614715576172,0.020273424685001373,8668.0,0.0
3827,1.222071506010252,97.1008,7.005573272705078,0.021540284156799316,0.03422059118747711,0.0068359375,0.6542465686798096,0.02174566499888897,8712.0,0.0
3828,1.2304579349874984,97.1008,7.005355358123779,0.016336705535650253,0.02141132950782776,0.0068359375,0.6552549600601196,0.024285707622766495,8775.0,0.0
3829,1.2030577289988287,97.1008,7.040887832641602,0.019665028899908066,0.02830144390463829,0.0068359375,0.6571910381317139,0.027037814259529114,8687.0,0.0
3830,1.2260825130069861,97.1008,6.959714889526367,0.01664688065648079,0.02768995240330696,0.0068359375,0.6533002853393555,0.020678795874118805,8666.0,0.0
3831,1.2296022359951166,97.1008,7.090925216674805,0.024777930229902267,0.028980677947402,0.0068359375,0.6613157987594604,0.02320678159594536,8711.0,0.0
3832,1.236217817000579,97.1008,6.7436676025390625,0.013265030458569527,0.02924819476902485,0.0068359375,0.6309239268302917,0.01876869611442089,8799.0,1.0
3833,1.2322591160045704,97.1008,6.802053928375244,0.010421440936625004,0.02911052294075489,0.0068359375,0.6379842162132263,0.0200120210647583,8652.0,0.0
3834,1.2238071369938552,97.1008,6.83847188949585,0.010528471320867538,0.03050338849425316,0.0068359375,0.6427954435348511,0.018528077751398087,8655.0,0.0
3835,1.1770854899950791,97.1008,7.078729152679443,0.016235921531915665,0.035859595984220505,0.0068359375,0.6626026630401611,0.022482281550765038,8667.0,0.0
3836,1.179886139012524,97.1008,7.075584411621094,0.017473140731453896,0.02733764424920082,0.0068359375,0.6582385301589966,0.027577918022871017,8813.0,0.0
3837,1.1871889019967057,97.1008,6.90941047668457,0.006437260657548904,0.029368530958890915,0.0068359375,0.6465600728988647,0.022372936829924583,8719.0,0.0
3838,1.1820589660055703,97.1008,6.91959810256958,0.007598940748721361,0.028472717851400375,0.0068359375,0.6508939266204834,0.018915606662631035,8635.0,0.0
3839,1.218097813994973,97.1008,7.136981964111328,0.0162302665412426,0.02163144014775753,0.0068359375,0.6691638827323914,0.02133779786527157,8676.0,0.0
3840,1.2357538289943477,97.1008,7.096165180206299,0.011201944202184677,0.04335184395313263,0.0068359375,0.6629366874694824,0.021480334922671318,8822.0,0.0
3841,1.2247191330097849,97.1008,6.763489246368408,0.003700334345921874,0.03711402043700218,0.0068359375,0.6351673603057861,0.019258184358477592,8681.0,1.0
3842,1.235645274995477,97.1008,6.924526214599609,0.009140480309724808,0.027332600206136703,0.0068359375,0.6509784460067749,0.018856413662433624,8639.0,0.0
3843,1.2141539720032597,97.1008,7.199001312255859,0.019782070070505142,0.02764555811882019,0.0068359375,0.6735226511955261,0.025089537724852562,8645.0,0.0
3844,1.235929075992317,97.1008,7.097713470458984,0.02299961820244789,0.034847259521484375,0.0068359375,0.6576239466667175,0.029362153261899948,8861.0,0.0
3845,1.2630558060045587,97.1008,6.79487943649292,0.007502193097025156,0.02459827810525894,0.0068359375,0.6385595798492432,0.01957337185740471,8689.0,0.0
3846,1.214004406996537,97.1008,6.905539035797119,0.013393471948802471,0.027587998658418655,0.0068359375,0.6482861042022705,0.020612720400094986,8652.0,1.0
3847,1.2185594580078032,97.1008,6.914541244506836,0.014957769773900509,0.022931138053536415,0.0068359375,0.6493600606918335,0.01942240446805954,8659.0,0.0
3848,1.2105923679919215,97.1008,7.040751934051514,0.01631682552397251,0.029022864997386932,0.0068359375,0.6563962697982788,0.022596001625061035,8815.0,0.0
3849,1.208437856999808,97.1008,6.732203483581543,0.0079699931666255,0.026826033368706703,0.0068359375,0.633185088634491,0.018131129443645477,8693.0,1.0
3850,1.2013798569969367,97.1008,6.9656982421875,0.014194227755069733,0.022141925990581512,0.0068359375,0.6547355055809021,0.020370211452245712,8638.0,0.0
3851,1.2050262590055354,97.1008,7.252021789550781,0.022944403812289238,0.029401347041130066,0.0078125,0.6775999069213867,0.027684349566698074,8642.0,1.0
3852,1.2012690249976004,97.1008,7.270941734313965,0.0191812701523304,0.03136477991938591,0.0078125,0.6753524541854858,0.027251651510596275,8861.0,0.0
3853,1.1972460550023243,97.1008,6.876789569854736,0.0006406793836504221,0.02635202743113041,0.0078125,0.6471562385559082,0.018555451184511185,8699.0,0.0
3854,1.2216771109960973,97.1008,6.965951442718506,0.005324228201061487,0.03415411338210106,0.0078125,0.654524028301239,0.0196230486035347,8666.0,0.0
3855,1.219892968001659,97.1008,7.201547622680664,0.013344088569283485,0.025707663968205452,0.0078125,0.677778422832489,0.020666923373937607,8635.0,1.0
3856,1.2280847869988065,97.1008,7.349986553192139,0.019378285855054855,0.032575592398643494,0.0078125,0.6863719820976257,0.022872954607009888,8789.0,0.0
3857,1.2225418480084045,97.1008,6.926778793334961,0.00830699410289526,0.03193353861570358,0.0078125,0.6515378355979919,0.018354035913944244,8730.0,0.0
3858,1.199506464006845,97.1008,7.058590888977051,0.015867432579398155,0.022382603958249092,0.0068359375,0.6624481678009033,0.022667542099952698,8635.0,1.0
3859,1.2153170209930977,97.1008,7.356965065002441,0.025222716853022575,0.025341719388961792,0.0068359375,0.686802327632904,0.028752785176038742,8685.0,0.0
3860,1.2145794700045371,97.1008,7.234961032867432,0.021555643528699875,0.021542038768529892,0.005859375,0.675980269908905,0.02311783842742443,8750.0,0.0
3861,1.3266708570008632,97.1008,6.877894401550293,0.008599650114774704,0.03774183988571167,0.005859375,0.6450116038322449,0.02035372331738472,8767.0,0.0
3862,1.1922135259956121,97.1008,6.9196014404296875,0.006317185238003731,0.02756601758301258,0.005859375,0.6515969038009644,0.017878316342830658,8667.0,0.0
3863,1.2313411610084586,97.1008,7.050103664398193,0.014836614951491356,0.026961099356412888,0.005859375,0.6618574261665344,0.020811762660741806,8651.0,0.0
3864,1.2582576660061022,97.1008,7.158450126647949,0.017197465524077415,0.02820492722094059,0.005859375,0.6707980632781982,0.02094336599111557,8709.0,0.0
3865,1.2398356549965683,97.1008,6.936929225921631,0.010482324287295341,0.02828177437186241,0.005859375,0.6506695747375488,0.020144561305642128,8794.0,0.0
3866,1.2270937130087987,97.1008,7.076700210571289,0.015521973371505737,0.03970545157790184,0.0068359375,0.6630578637123108,0.024886682629585266,8637.0,1.0
3867,1.2360860680055339,97.1008,7.268365859985352,0.018946606665849686,0.02911175601184368,0.0068359375,0.6796101331710815,0.025795847177505493,8718.0,0.0
3868,1.2266653059923556,97.1008,7.126974582672119,0.017767367884516716,0.034638937562704086,0.0068359375,0.6686329245567322,0.02071542851626873,8669.0,0.0
3869,1.2369704699958675,97.1008,7.007232666015625,0.014146871864795685,0.04335443302989006,0.0068359375,0.6547225713729858,0.021058272570371628,8839.0,0.0
3870,1.210260317006032,97.1008,6.891155242919922,0.009488075971603394,0.032588083297014236,0.0068359375,0.6479985117912292,0.018835976719856262,8643.0,2.0
3871,1.211171672999626,97.1008,7.069849967956543,0.014945426024496555,0.046143997460603714,0.0068359375,0.6638438701629639,0.0207214318215847,8674.0,0.0
3872,1.2253245479951147,97.1008,7.086545467376709,0.0194682739675045,0.0280886460095644,0.0068359375,0.665881872177124,0.020051386207342148,8650.0,2.0
3873,1.250566795002669,97.1008,7.001394271850586,0.017173249274492264,0.04134741052985191,0.0068359375,0.6525362730026245,0.023969028145074844,8821.0,0.0
3874,1.2189764139911858,97.1008,6.952291965484619,0.0138492900878191,0.035171449184417725,0.0068359375,0.64811772108078,0.027409953996539116,8686.0,1.0
3875,1.2275506600126391,97.1008,6.921544075012207,0.01143745705485344,0.03278011828660965,0.0068359375,0.6489806175231934,0.02113856002688408,8683.0,0.0
3876,1.2642484750103904,97.1008,7.0874762535095215,0.019636083394289017,0.035389505326747894,0.0068359375,0.6646782159805298,0.021864622831344604,8646.0,1.0
3877,1.2688957049977034,97.1008,7.0298380851745605,0.016588671132922173,0.044554609805345535,0.0068359375,0.6561087369918823,0.020565129816532135,8843.0,0.0
3878,1.267157082009362,97.1008,6.94176721572876,0.00991416908800602,0.037158966064453125,0.0068359375,0.6520278453826904,0.020060278475284576,8673.0,0.0
3879,1.268473948002793,97.1008,7.035959243774414,0.009260568767786026,0.03658633306622505,0.0068359375,0.661961555480957,0.018893061205744743,8658.0,1.0
3880,1.2574755660025403,97.1008,7.166614055633545,0.01314166747033596,0.04077136144042015,0.0068359375,0.6728419065475464,0.021236412227153778,8642.0,0.0
3881,1.241776070004562,97.1008,7.325185298919678,0.017752306535840034,0.027170732617378235,0.0068359375,0.6815894842147827,0.027540598064661026,8799.0,0.0
3882,1.2352031280024676,97.1008,7.0972795486450195,0.009123947471380234,0.03143007680773735,0.005859375,0.6637131571769714,0.02579997479915619,8718.0,0.0
3883,1.239066586989793,97.1008,7.0382466316223145,0.007434744853526354,0.02959439717233181,0.005859375,0.6621992588043213,0.018639450892806053,8678.0,0.0
3884,1.246637889998965,97.1008,7.259245872497559,0.015699058771133423,0.031802430748939514,0.005859375,0.6818602085113525,0.021366652101278305,8668.0,1.0
3885,1.236251470996649,97.1008,7.267002582550049,0.015457920730113983,0.03298133984208107,0.005859375,0.6805099248886108,0.0211968794465065,8776.0,1.0
3886,1.2514569259947166,97.1008,6.986174583435059,0.007997704669833183,0.026871729642152786,0.005859375,0.6562207341194153,0.02050350233912468,8725.0,0.0
3887,1.2599283960007597,97.1008,6.890797138214111,0.006421626545488834,0.02866535075008869,0.005859375,0.6490635871887207,0.01759042590856552,8656.0,0.0
3888,1.263932226007455,97.1008,7.103260040283203,0.018439562991261482,0.028982628136873245,0.005859375,0.6665686964988708,0.022513141855597496,8632.0,0.0
3889,1.260700447994168,97.1008,7.377955436706543,0.027587976306676865,0.035174403339624405,0.005859375,0.6854164004325867,0.030197832733392715,8779.0,0.0
3890,1.2877470090024872,97.1008,6.896205902099609,0.011414074338972569,0.03013591468334198,0.005859375,0.645051896572113,0.022042011842131615,8778.0,0.0
3891,1.344419809000101,97.1008,6.900634288787842,0.014252400025725365,0.029640741646289825,0.005859375,0.6478952169418335,0.020100973546504974,8641.0,0.0
3892,1.2553929860005155,97.1008,7.138105392456055,0.01981138437986374,0.033925704658031464,0.005859375,0.6712241172790527,0.020239420235157013,8666.0,0.0
3893,1.2592507000081241,97.1008,7.223895072937012,0.023357396945357323,0.02891354076564312,0.005859375,0.6747536659240723,0.023478573188185692,8731.0,0.0
3894,1.2754475529945921,97.1008,6.969569206237793,0.011627018451690674,0.027199119329452515,0.005859375,0.6541432738304138,0.019660094752907753,8780.0,1.0
3895,1.251710391996312,97.1008,7.112543106079102,0.015510691329836845,0.027250278741121292,0.005859375,0.6696698665618896,0.01938224583864212,8645.0,0.0
3896,1.2546821639989503,97.1008,7.338806629180908,0.02566666528582573,0.02775460109114647,0.0068359375,0.6881866455078125,0.025655090808868408,8631.0,1.0
3897,1.2573650959966471,97.1008,7.492667198181152,0.029353851452469826,0.0314030647277832,0.0068359375,0.6982251405715942,0.029579315334558487,8738.0,0.0
3898,1.245974527002545,97.1008,6.8935699462890625,0.011347169056534767,0.026752568781375885,0.0068359375,0.6457253694534302,0.020195817574858665,8822.0,1.0
3899,1.2457334290083963,97.1008,6.79893684387207,0.010827264748513699,0.03493395075201988,0.0068359375,0.6373304724693298,0.020557891577482224,8672.0,0.0
3900,1.2502556969993748,97.1008,6.886319637298584,0.014667773619294167,0.02746633253991604,0.0068359375,0.6470149755477905,0.01931440457701683,8632.0,0.0
3901,1.2640943379956298,97.1008,7.1740922927856445,0.02215530350804329,0.03443143889307976,0.0068359375,0.6706711649894714,0.02300281450152397,8681.0,0.0
3902,1.2544438259938033,97.1008,6.813165187835693,0.015298480167984962,0.03712492063641548,0.0068359375,0.6370341181755066,0.0191044919192791,8834.0,0.0
3903,1.2540690090099815,97.1008,6.715584754943848,0.013814786449074745,0.0361446812748909,0.0068359375,0.6296610236167908,0.02045518532395363,8643.0,1.0
3904,1.2637191069952678,97.1008,6.992732048034668,0.023669278249144554,0.03701915591955185,0.0068359375,0.6518605947494507,0.027205433696508408,8664.0,0.0
3905,1.2583388019993436,97.1008,7.0802321434021,0.02281511202454567,0.026784339919686317,0.0068359375,0.6615010499954224,0.023966453969478607,8711.0,0.0
3906,1.268199836005806,97.1008,6.949654579162598,0.01870044134557247,0.03544772416353226,0.0068359375,0.6486937999725342,0.020428624004125595,8821.0,0.0
3907,1.2613678259949666,97.1008,6.746435642242432,0.013624290935695171,0.03471791371703148,0.0068359375,0.6343823075294495,0.018398329615592957,8674.0,0.0
3908,1.2466159649920883,97.1008,6.934135913848877,0.017948009073734283,0.029683338478207588,0.0068359375,0.6503076553344727,0.0206221304833889,8653.0,0.0
3909,1.2552994510042481,97.1008,7.073404312133789,0.02175929769873619,0.0333627313375473,0.0068359375,0.6639248132705688,0.02083323895931244,8666.0,0.0
3910,1.2487303850066382,97.1008,7.04317045211792,0.01864481344819069,0.0254152100533247,0.0068359375,0.6577350497245789,0.021145744249224663,8816.0,0.0
3911,1.2500775549997343,97.1008,7.020931243896484,0.014103060588240623,0.032263949513435364,0.0068359375,0.6580381989479065,0.023653551936149597,8653.0,0.0
3912,1.2487920040002791,97.1008,7.222512722015381,0.01945595070719719,0.02357279509305954,0.0078125,0.6752257347106934,0.02689635381102562,8686.0,3.0
3913,1.2603164830070455,97.1008,7.197221755981445,0.015466082841157913,0.031282972544431686,0.0078125,0.6761159896850586,0.020913800224661827,8679.0,0.0
3914,1.2615083169948775,97.1008,7.171968460083008,0.01703539863228798,0.033146679401397705,0.0078125,0.6681108474731445,0.02232230082154274,8828.0,1.0
3915,1.270213537995005,97.1008,6.7846784591674805,0.008380597457289696,0.02709740400314331,0.0078125,0.6382980346679688,0.017543697729706764,8674.0,0.0
3916,1.278175639003166,97.1008,6.93673849105835,0.015395060181617737,0.03301263973116875,0.0078125,0.6515449285507202,0.02049299329519272,8656.0,0.0
3917,1.2764556920010364,97.1008,7.075235843658447,0.017042573541402817,0.03142455965280533,0.0078125,0.6650927662849426,0.01957397721707821,8658.0,0.0
3918,1.286595605997718,97.1008,7.196539402008057,0.020621296018362045,0.028042223304510117,0.0078125,0.6715322732925415,0.02333102747797966,8779.0,0.0
3919,1.2849659899948165,97.1008,6.982424736022949,0.016299931332468987,0.033490538597106934,0.0078125,0.6512629985809326,0.027078785002231598,8708.0,1.0
3920,1.289305112004513,97.1008,6.948478698730469,0.014539938420057297,0.038252394646406174,0.0078125,0.6494724750518799,0.023192692548036575,8710.0,0.0
3921,1.2883554879954318,97.1008,7.045541763305664,0.016495097428560257,0.029663993045687675,0.0078125,0.6607693433761597,0.02077624201774597,8638.0,1.0
3922,1.262633033999009,97.1008,7.105482578277588,0.020987194031476974,0.03334233537316322,0.0068359375,0.6622816324234009,0.022489940747618675,8789.0,0.0
3923,1.2556758489954518,97.1008,6.91083288192749,0.013030193746089935,0.02676450088620186,0.0068359375,0.648817241191864,0.020580818876624107,8711.0,0.0
3924,1.2562657719972776,97.1008,6.945488452911377,0.013875540345907211,0.02603042870759964,0.0068359375,0.6524180769920349,0.019597511738538742,8684.0,0.0
3925,1.251583171004313,97.1008,7.090785980224609,0.01707717776298523,0.024847231805324554,0.0068359375,0.6660891771316528,0.01973969116806984,8641.0,0.0
3926,1.247819983997033,97.1008,7.260350227355957,0.02568061649799347,0.022732354700565338,0.0068359375,0.6764768362045288,0.026066754013299942,8718.0,1.0
3927,1.2485160710057244,97.1008,6.963886737823486,0.015893563628196716,0.030354907736182213,0.0068359375,0.6478334069252014,0.027475547045469284,8804.0,0.0
3928,1.2617314759991132,97.1008,6.703023910522461,0.006814777851104736,0.03579716011881828,0.0068359375,0.6285263299942017,0.019984647631645203,8676.0,2.0
3929,1.2662890600040555,97.1008,6.822068214416504,0.01407972164452076,0.03542228043079376,0.005859375,0.6379637718200684,0.02151496708393097,8660.0,0.0
3930,1.2686947390029673,97.1008,6.916654586791992,0.017524542286992073,0.026784315705299377,0.0048828125,0.6466605067253113,0.02034563571214676,8700.0,1.0
3931,1.2685358160088072,97.1008,6.853997230529785,0.011776264756917953,0.03802420571446419,0.0048828125,0.6415395140647888,0.02074541710317135,8807.0,1.0
3932,1.2695028050075052,97.1008,6.867159843444824,0.008880149573087692,0.0344143770635128,0.0048828125,0.6469643115997314,0.017567291855812073,8662.0,0.0
3933,1.2609173860109877,97.1008,7.039142608642578,0.019164102151989937,0.03636166453361511,0.0048828125,0.6621397733688354,0.02038089744746685,8631.0,0.0
3934,1.2454807569883997,97.1008,7.300166606903076,0.02863757312297821,0.0386592298746109,0.0048828125,0.6811962127685547,0.028493881225585938,8666.0,0.0
3935,1.2461184119893005,97.1008,6.887993812561035,0.013730109669268131,0.03542526438832283,0.0048828125,0.6408838033676147,0.024831052869558334,8895.0,1.0
3936,1.2437355049914913,97.1008,6.6532368659973145,0.004787037614732981,0.0316387303173542,0.0048828125,0.6245667338371277,0.01873200014233589,8640.0,0.0
3937,1.2507394270069199,97.1008,6.816051483154297,0.009873060509562492,0.03693923354148865,0.0048828125,0.6391319632530212,0.020305875688791275,8661.0,0.0
3938,1.257911085995147,97.1008,6.956324100494385,0.01676824688911438,0.028408018872141838,0.0048828125,0.6508682370185852,0.02217256836593151,8653.0,0.0
3939,1.2512604160001501,97.1008,6.839070796966553,0.009502128697931767,0.03829853609204292,0.0048828125,0.6369277238845825,0.02172187529504299,8860.0,1.0
3940,1.2462734199943952,97.1008,6.610090732574463,0.00438406178727746,0.03041239082813263,0.0048828125,0.6209413409233093,0.01840740069746971,8644.0,0.0
3941,1.269747300990275,97.1008,6.849522113800049,0.01662752591073513,0.04134472832083702,0.0048828125,0.641636312007904,0.023420002311468124,8635.0,0.0
3942,1.2527323059912305,97.1008,7.077203273773193,0.02607910893857479,0.03198970854282379,0.0048828125,0.6582542657852173,0.02953709475696087,8693.0,1.0
3943,1.2578745140053798,97.1008,6.886140823364258,0.010987904854118824,0.042962007224559784,0.0048828125,0.6414011716842651,0.02229047380387783,8852.0,0.0
3944,1.2721273780043703,97.1008,6.793705940246582,0.0036085571628063917,0.028950687497854233,0.0048828125,0.6377255916595459,0.020536454394459724,8651.0,0.0
3945,1.2664534439973067,97.1008,7.003342151641846,0.008060529828071594,0.03782638907432556,0.0048828125,0.6592358946800232,0.018893307074904442,8667.0,1.0
3946,1.2581862379884114,97.1008,7.224879264831543,0.01828320510685444,0.025992028415203094,0.0048828125,0.6774649620056152,0.022716768085956573,8660.0,1.0
3947,1.2624699130101362,97.1008,7.2501606941223145,0.014341119676828384,0.037662260234355927,0.0048828125,0.6778676509857178,0.021067334339022636,8830.0,1.0
3948,1.2636963480035774,97.1008,7.037231922149658,0.006934463977813721,0.028049567714333534,0.00390625,0.6625264883041382,0.01990644633769989,8666.0,0.0
3949,1.2649083459982648,97.1008,7.281711101531982,0.016672471538186073,0.03212032839655876,0.00390625,0.6828428506851196,0.02628914825618267,8641.0,0.0
3950,1.2632860710000386,97.1008,7.467503070831299,0.021292872726917267,0.03540715575218201,0.00390625,0.6988250613212585,0.02684009075164795,8726.0,1.0
3951,1.250008754999726,97.1008,7.213155746459961,0.01705479808151722,0.029176441952586174,0.00390625,0.674551248550415,0.02123337611556053,8788.0,1.0
3952,1.2425304780044826,97.1008,6.918946743011475,0.007041646167635918,0.03484610095620155,0.00390625,0.6503183245658875,0.019832145422697067,8717.0,0.0
3953,1.251904143995489,97.1008,6.991575717926025,0.010180873796343803,0.03306495398283005,0.00390625,0.6578590869903564,0.019889764487743378,8638.0,1.0
3954,1.268446183996275,97.1008,7.143048286437988,0.015396456234157085,0.04094938933849335,0.00390625,0.6702619791030884,0.022141706198453903,8677.0,0.0
3955,1.2938056630082428,97.1008,7.157864570617676,0.01580439880490303,0.027631836012005806,0.00390625,0.6687320470809937,0.021839778870344162,8762.0,0.0
3956,1.3716327500005718,97.1008,7.051605224609375,0.008397755213081837,0.03530799224972725,0.00390625,0.6609554290771484,0.023304631933569908,8710.0,0.0
3957,1.287611678999383,97.1008,7.2569732666015625,0.015076572075486183,0.02475147321820259,0.00390625,0.6777183413505554,0.0287143737077713,8687.0,1.0
3958,1.2829411739949137,97.1008,7.161364555358887,0.01785857230424881,0.036382030695676804,0.00390625,0.6719307899475098,0.02247648499906063,8677.0,0.0
3959,1.274666764002177,97.1008,7.235423564910889,0.02202669158577919,0.03174859285354614,0.00390625,0.6768426299095154,0.023590371012687683,8727.0,0.0
3960,1.272055167995859,97.1008,7.062000751495361,0.007852442562580109,0.0390927754342556,0.00390625,0.6644326448440552,0.019285358488559723,8778.0,0.0
3961,1.2641712829936296,97.1008,7.111692428588867,0.011963892728090286,0.03988499566912651,0.00390625,0.6689051389694214,0.020838430151343346,8654.0,0.0
3962,1.2622065039904555,97.1008,7.212270736694336,0.017161749303340912,0.03609497845172882,0.00390625,0.6789212226867676,0.019758451730012894,8657.0,0.0
3963,1.259648201012169,97.1008,7.40169620513916,0.023122135549783707,0.04200692102313042,0.00390625,0.6934217214584351,0.022285088896751404,8699.0,0.0
3964,1.263594750998891,97.1008,7.200684547424316,0.019054101780056953,0.02964690327644348,0.00390625,0.672950267791748,0.02588154375553131,8781.0,0.0
3965,1.2676221339934273,97.1008,7.091805934906006,0.014848400838673115,0.03176030144095421,0.00390625,0.6631215810775757,0.025788601487874985,8708.0,0.0
3966,1.2691741669987096,97.1008,7.018935680389404,0.013898525387048721,0.03155595064163208,0.00390625,0.6607674360275269,0.019046634435653687,8652.0,0.0
3967,1.2748929810040863,97.1008,7.198241233825684,0.01993018016219139,0.03037620522081852,0.00390625,0.6734802722930908,0.022368036210536957,8705.0,0.0
3968,1.2971673080028268,97.1008,7.05916690826416,0.013298675417900085,0.031459879130125046,0.00390625,0.6616015434265137,0.01993490755558014,8803.0,0.0
3969,1.2739949049864663,97.1008,6.972909927368164,0.011423543095588684,0.029179025441408157,0.00390625,0.654796838760376,0.020191363990306854,8679.0,0.0
3970,1.272703137001372,97.1008,7.07105016708374,0.010997100733220577,0.02890149876475334,0.00390625,0.6661173701286316,0.017909321933984756,8637.0,0.0
3971,1.2643350340076722,97.1008,7.247460842132568,0.021546676754951477,0.024028893560171127,0.00390625,0.6789802312850952,0.023871293291449547,8656.0,1.0
3972,1.2499056219967315,97.1008,7.32552433013916,0.019730612635612488,0.03167840093374252,0.00390625,0.6814831495285034,0.02876240573823452,8849.0,0.0
3973,1.2524324120022357,97.1008,6.929555416107178,0.005479246843606234,0.02369658090174198,0.00390625,0.6511776447296143,0.02076910436153412,8703.0,0.0
3974,1.2541293060057797,97.1008,6.977674961090088,0.009802760556340218,0.02652132138609886,0.0029296875,0.6561484932899475,0.02039007842540741,8636.0,1.0
3975,1.2606951740017394,97.1008,7.039526462554932,0.014599651098251343,0.0180775448679924,0.0029296875,0.6611117124557495,0.02068796381354332,8670.0,0.0
3976,1.2659049489884637,97.1008,7.105200290679932,0.01573536917567253,0.030776910483837128,0.0029296875,0.6634127497673035,0.022225774824619293,8837.0,1.0
3977,1.2758149960136507,97.1008,6.844130039215088,0.006448470056056976,0.03279942274093628,0.0029296875,0.6441766023635864,0.01852923259139061,8676.0,1.0
3978,1.2758863250055583,97.1008,6.981625556945801,0.0106503339484334,0.033041950315237045,0.0029296875,0.6568524241447449,0.019650038331747055,8639.0,1.0
3979,1.3981473419989925,97.1008,7.251543998718262,0.02136475406587124,0.02489437349140644,0.0029296875,0.678672730922699,0.02659013494849205,8636.0,1.0
3980,1.2914244489948032,97.1008,7.230409145355225,0.020068945363163948,0.03322318196296692,0.0029296875,0.6711017489433289,0.028749752789735794,8857.0,0.0
3981,1.2732444220018806,97.1008,6.828964710235596,0.0030361751560121775,0.026694346219301224,0.0029296875,0.6422717571258545,0.01887483522295952,8705.0,1.0
3982,1.2733425990008982,97.1008,6.99910306930542,0.011410584673285484,0.027398867532610893,0.0029296875,0.6573588848114014,0.020480651408433914,8668.0,0.0
3983,1.2819646100106183,97.1008,7.208536148071289,0.020813200622797012,0.023680230602622032,0.0029296875,0.6779866218566895,0.020089058205485344,8640.0,2.0
3984,1.2756282100017415,97.1008,7.323387622833252,0.0245634987950325,0.03295212611556053,0.0029296875,0.6844466924667358,0.02321702614426613,8810.0,1.0
3985,1.2656828859908273,97.1008,6.962371349334717,0.01053493283689022,0.028487714007496834,0.0029296875,0.6565526127815247,0.01810203492641449,8704.0,1.0
3986,1.2609295379952528,97.1008,7.224140167236328,0.017740046605467796,0.02777659334242344,0.0029296875,0.6800169944763184,0.021573856472969055,8640.0,1.0
3987,1.2603954329970293,97.1008,7.551014423370361,0.03168889507651329,0.024721963331103325,0.0029296875,0.7062931060791016,0.029048509895801544,8662.0,0.0
3988,1.2626986680115806,97.1008,7.321537494659424,0.025631308555603027,0.028318354859948158,0.0029296875,0.6818685531616211,0.025288395583629608,8823.0,0.0
3989,1.2882623260084074,97.1008,6.934536457061768,0.008173411712050438,0.025156976655125618,0.0029296875,0.6519102454185486,0.020108990371227264,8713.0,0.0
3990,1.2730245790007757,97.1008,6.974110126495361,0.011563990265130997,0.028030969202518463,0.0029296875,0.6561815738677979,0.01958674192428589,8662.0,0.0
3991,1.2778923970035976,97.1008,7.153643608093262,0.019703559577465057,0.02879754826426506,0.0029296875,0.6711658239364624,0.022122591733932495,8652.0,0.0
3992,1.2781441659899428,97.1008,7.051575183868408,0.021278131753206253,0.03171391040086746,0.0029296875,0.6590089201927185,0.021868258714675903,8754.0,0.0
3993,1.2839299690094776,97.1008,6.65555477142334,0.009270913898944855,0.02041822113096714,0.0029296875,0.6237330436706543,0.019169218838214874,8752.0,0.0
3994,1.2621898880024673,97.1008,6.821609973907471,0.015310294926166534,0.024700302630662918,0.0029296875,0.6382100582122803,0.023935090750455856,8636.0,1.0
3995,1.2667897600040305,97.1008,7.160576343536377,0.02541923336684704,0.02687721699476242,0.0029296875,0.6680571436882019,0.027390465140342712,8680.0,2.0
3996,1.2645989500015276,97.1008,7.0849785804748535,0.022054940462112427,0.03505879268050194,0.0029296875,0.6624050736427307,0.022020429372787476,8741.0,0.0
3997,1.2567590289982036,97.1008,6.834463596343994,0.012540033087134361,0.028151603415608406,0.0029296875,0.6392163038253784,0.020863790065050125,8807.0,0.0
3998,1.2613688190031098,97.1008,6.84635591506958,0.013393662869930267,0.021666543558239937,0.00390625,0.6443966627120972,0.018282972276210785,8637.0,1.0
3999,1.246352301997831,97.1008,7.10606050491333,0.019897235557436943,0.02734554372727871,0.00390625,0.6674708127975464,0.02147875353693962,8647.0,0.0
4000,1.227019513011328,97.1008,7.199505805969238,0.02329016476869583,0.025866767391562462,0.00390625,0.6755737066268921,0.020794883370399475,8701.0,0.0
4001,1.2483913860050961,97.1008,7.0671820640563965,0.019708387553691864,0.03386897221207619,0.00390625,0.6610183715820312,0.022082820534706116,8804.0,0.0
4002,1.2563717129960423,97.1008,7.183376312255859,0.020915664732456207,0.032842401415109634,0.00390625,0.6716024875640869,0.027153760194778442,8664.0,0.0
4003,1.2462344640080119,97.1008,7.162894248962402,0.02155464142560959,0.03299402818083763,0.0029296875,0.6721668243408203,0.023537680506706238,8693.0,0.0
4004,1.2567233010049677,97.1008,7.14551305770874,0.022689679637551308,0.029547272250056267,0.0029296875,0.6700044870376587,0.021981462836265564,8661.0,0.0
4005,1.2539123439928517,97.1008,6.945492744445801,0.014344334602355957,0.028717054054141045,0.0029296875,0.6496341824531555,0.020864544436335564,8847.0,0.0
4006,1.2511363090015948,97.1008,6.7724456787109375,0.009138000197708607,0.03083980455994606,0.0029296875,0.6363678574562073,0.019880294799804688,8643.0,0.0
4007,1.262098364008125,97.1008,6.891567230224609,0.015092473477125168,0.026844153180718422,0.0029296875,0.6472454071044922,0.019623052328824997,8672.0,1.0
4008,1.262911855999846,97.1008,6.998476028442383,0.021771583706140518,0.03550553694367409,0.0029296875,0.656368613243103,0.02091044746339321,8648.0,0.0
4009,1.2550468889967306,97.1008,7.055619239807129,0.02333744615316391,0.035133376717567444,0.0029296875,0.6564084887504578,0.025556912645697594,8820.0,0.0
4010,1.2549024140025722,97.1008,6.955099105834961,0.015979835763573647,0.03450673073530197,0.0029296875,0.6490289568901062,0.026681989431381226,8698.0,0.0
4011,1.2493878579989541,97.1008,6.930492401123047,0.012908261269330978,0.03890495002269745,0.0029296875,0.6510491371154785,0.0200645849108696,8671.0,0.0
4012,1.2504867609968642,97.1008,7.0775532722473145,0.02225302904844284,0.024706397205591202,0.0029296875,0.6622750163078308,0.022483190521597862,8671.0,0.0
4013,1.2444918140099617,97.1008,7.079959392547607,0.018830545246601105,0.03910727798938751,0.0029296875,0.6616265773773193,0.02064637839794159,8813.0,0.0
4014,1.2443061099911574,97.1008,6.935227394104004,0.012007324025034904,0.026992792263627052,0.00390625,0.6515496373176575,0.02048761025071144,8678.0,0.0
4015,1.2410791309957858,97.1008,7.027906894683838,0.016819916665554047,0.027311550453305244,0.00390625,0.6619564294815063,0.018503358587622643,8661.0,0.0
4016,1.2480328180099605,97.1008,7.260687828063965,0.026927204802632332,0.026146937161684036,0.00390625,0.6815793514251709,0.022306665778160095,8642.0,1.0
4017,1.2247845030069584,97.1008,7.396540641784668,0.03269096463918686,0.029116729274392128,0.00390625,0.6870778799057007,0.029713861644268036,8789.0,0.0
4018,1.2315487949963426,97.1008,6.848405361175537,0.012501050718128681,0.022571850568056107,0.00390625,0.6395161747932434,0.02347608469426632,8766.0,0.0
4019,1.2517304530047113,97.1008,6.740050315856934,0.00900106318295002,0.028054235503077507,0.00390625,0.6335314512252808,0.019024645909667015,8636.0,0.0
4020,1.253986942989286,97.1008,6.92329216003418,0.015474780462682247,0.031172191724181175,0.00390625,0.6488763689994812,0.020756345242261887,8672.0,0.0
4021,1.2499076039966894,97.1008,7.038872718811035,0.01879516988992691,0.03127525374293327,0.00390625,0.6560949087142944,0.022652482613921165,8769.0,1.0
4022,1.2599592589976965,97.1008,6.820687294006348,0.006508179008960724,0.021773671731352806,0.00390625,0.6398040056228638,0.019652625545859337,8747.0,1.0
4023,1.2730059120076476,97.1008,6.770388603210449,0.009455067105591297,0.029702458530664444,0.00390625,0.6366674304008484,0.018503498286008835,8638.0,0.0
4024,1.278680319999694,97.1008,7.050537586212158,0.019495774060487747,0.023814361542463303,0.00390625,0.660125732421875,0.024293512105941772,8635.0,0.0
4025,1.2587628849869361,97.1008,7.156002521514893,0.026455365121364594,0.030473219230771065,0.00390625,0.662896990776062,0.030048917979002,8787.0,0.0
4026,1.2532073569891509,97.1008,6.722701072692871,0.007564188446849585,0.02322264015674591,0.00390625,0.6300113201141357,0.020345550030469894,8773.0,0.0
4027,1.2682258670101874,97.1008,6.792557239532471,0.011723557487130165,0.03720679134130478,0.00390625,0.6372314691543579,0.020674647763371468,8649.0,0.0
4028,1.2507608339947183,97.1008,7.015610218048096,0.01583150029182434,0.033318400382995605,0.00390625,0.6595160961151123,0.01932656392455101,8653.0,0.0
4029,1.2541685420001158,97.1008,7.206143856048584,0.021701131016016006,0.028320927172899246,0.00390625,0.6737656593322754,0.02355041168630123,8727.0,0.0
4030,1.2510965149995172,97.1008,6.930846691131592,0.00946042686700821,0.027202041819691658,0.00390625,0.6502427458763123,0.019282182678580284,8794.0,0.0
4031,1.2570820919936523,97.1008,7.027731895446777,0.009498278610408306,0.03338441997766495,0.00390625,0.6613110303878784,0.02028072625398636,8633.0,1.0
4032,1.2367370830033906,97.1008,7.384501934051514,0.02113507315516472,0.03334817290306091,0.00390625,0.6919339895248413,0.027389459311962128,8633.0,0.0
4033,1.2558748419978656,97.1008,7.361841678619385,0.025139594450592995,0.02956649288535118,0.00390625,0.6859785318374634,0.027283962815999985,8765.0,0.0
4034,1.3795132219966035,97.1008,6.84480094909668,0.013910971581935883,0.03724921494722366,0.00390625,0.6411838531494141,0.01967049390077591,8799.0,1.0
4035,1.2571872639964567,97.1008,6.846199035644531,0.014701901003718376,0.032382458448410034,0.00390625,0.643446683883667,0.01940615475177765,8663.0,1.0
4036,1.2723596279975027,97.1008,7.013932228088379,0.018160413950681686,0.03600448742508888,0.00390625,0.6594889163970947,0.020060259848833084,8637.0,0.0
4037,1.2683627269871067,97.1008,7.114717483520508,0.02075769565999508,0.031269412487745285,0.00390625,0.6655036211013794,0.022167235612869263,8706.0,1.0
4038,1.2623439870076254,97.1008,7.049994945526123,0.0093497633934021,0.03321005403995514,0.00390625,0.6611099243164062,0.01965334452688694,8807.0,0.0
4039,1.2778266179957427,97.1008,7.020986557006836,0.007559695281088352,0.025191940367221832,0.00390625,0.6596269607543945,0.022251268848776817,8640.0,0.0
4040,1.2781558769929688,97.1008,7.339720726013184,0.017402470111846924,0.029629897326231003,0.00390625,0.6861461400985718,0.027827832847833633,8683.0,0.0
4041,1.2672241519903764,97.1008,7.166851043701172,0.01678868755698204,0.026528596878051758,0.00390625,0.6718021631240845,0.022164609283208847,8691.0,0.0
4042,1.2679270719963824,97.1008,7.1211700439453125,0.01329825446009636,0.032887790352106094,0.00390625,0.6649834513664246,0.022151801735162735,8816.0,2.0
4043,1.2750778869958594,97.1008,6.804192066192627,0.004029099829494953,0.02627820335328579,0.00390625,0.6403296589851379,0.018167635425925255,8673.0,0.0
4044,1.2781143489992246,97.1008,7.070503234863281,0.014225996099412441,0.025132067501544952,0.00390625,0.6638290286064148,0.02121102809906006,8651.0,0.0
4045,1.2756424580002204,97.1008,7.165832996368408,0.018620692193508148,0.031012345105409622,0.00390625,0.6732296943664551,0.0207035131752491,8673.0,0.0
4046,1.2622497270058375,97.1008,7.10578727722168,0.01931094005703926,0.022671494632959366,0.00390625,0.6632856726646423,0.02229960635304451,8810.0,0.0
4047,1.2547562870022375,97.1008,6.98345947265625,0.01676570251584053,0.03461989387869835,0.00390625,0.653589129447937,0.025683877989649773,8655.0,1.0
4048,1.2548122040025191,97.1008,7.21488618850708,0.021756857633590698,0.03642802685499191,0.00390625,0.6742540597915649,0.026345837861299515,8722.0,0.0
4049,1.2542739189957501,97.1008,7.121397972106934,0.020770452916622162,0.040042564272880554,0.00390625,0.6693950891494751,0.020242948085069656,8651.0,0.0
4050,1.2590473610034678,97.1008,7.229732036590576,0.018713107332587242,0.02787116914987564,0.00390625,0.6743142008781433,0.022604983299970627,8820.0,2.0
4051,1.2596016650059028,97.1008,7.032938480377197,0.011446877382695675,0.03032679669559002,0.00390625,0.6622552275657654,0.01922193542122841,8673.0,0.0
4052,1.2658410230069421,97.1008,7.142879009246826,0.015751702710986137,0.03084539622068405,0.00390625,0.6710577011108398,0.020756881684064865,8679.0,0.0
4053,1.2782727539888583,97.1008,7.136825084686279,0.01951463520526886,0.028113720938563347,0.00390625,0.6712708473205566,0.01945991814136505,8647.0,1.0
4054,1.2530234830046538,97.1008,7.245155334472656,0.027199603617191315,0.0339043065905571,0.00390625,0.6760165691375732,0.024746058508753777,8763.0,0.0
4055,1.2483992140041664,97.1008,7.009745121002197,0.02140933647751808,0.021122971549630165,0.00390625,0.653560996055603,0.02751932665705681,8738.0,2.0
4056,1.2395470670016948,97.1008,6.802253246307373,0.014371932484209538,0.02803700603544712,0.00390625,0.637386679649353,0.020958155393600464,8686.0,0.0
4057,1.2611487430112902,97.1008,6.775078773498535,0.017165372148156166,0.03231725096702576,0.00390625,0.6342719793319702,0.02151820808649063,8640.0,0.0
4058,1.2722798680042615,97.1008,6.9219770431518555,0.01784556172788143,0.023366233333945274,0.00390625,0.645107626914978,0.02137140929698944,8770.0,1.0
4059,1.2820551550103119,97.1008,6.77874231338501,0.011815402656793594,0.023231279104948044,0.00390625,0.6346938014030457,0.020382385700941086,8758.0,0.0
4060,1.2504188800085103,97.1008,6.881292819976807,0.012520783580839634,0.021856440231204033,0.00390625,0.6471562385559082,0.018539849668741226,8662.0,0.0
4061,1.2280721120041562,97.1008,7.0511603355407715,0.021046727895736694,0.03607892990112305,0.00390625,0.6628895998001099,0.02002951130270958,8639.0,0.0
4062,1.2324382110091392,97.1008,7.281883716583252,0.032006941735744476,0.03276503458619118,0.00390625,0.6787664890289307,0.027000054717063904,8703.0,1.0
4063,1.2563817180052865,97.1008,6.988288879394531,0.023503489792346954,0.03207923099398613,0.00390625,0.6513124704360962,0.026234731078147888,8816.0,0.0
4064,1.2404406729910988,97.1008,6.745072364807129,0.0126677006483078,0.040660761296749115,0.00390625,0.6337258815765381,0.018289122730493546,8685.0,1.0
4065,1.2374705840047682,97.1008,6.859907627105713,0.0202504713088274,0.03407818824052811,0.00390625,0.6434091329574585,0.020619170740246773,8659.0,0.0
4066,1.2430481310002506,97.1008,7.006224155426025,0.023167990148067474,0.027863096445798874,0.00390625,0.6563054919242859,0.021308060735464096,8677.0,0.0
4067,1.239457894989755,97.1008,6.847684860229492,0.014276610687375069,0.04221228137612343,0.00390625,0.6393426656723022,0.02171257697045803,8834.0,0.0
4068,1.2309477899980266,97.1008,6.766627311706543,0.009441177360713482,0.023235253989696503,0.00390625,0.6370432376861572,0.01803104393184185,8653.0,0.0
4069,1.2287950640020426,97.1008,7.002514839172363,0.016791455447673798,0.03578904643654823,0.00390625,0.6573624610900879,0.022547751665115356,8631.0,1.0
4070,1.2305153739871457,97.1008,7.258699893951416,0.028541289269924164,0.021745525300502777,0.00390625,0.6753847002983093,0.030252501368522644,8692.0,0.0
4071,1.231250900993473,97.1008,6.926686763763428,0.014209792017936707,0.04426160082221031,0.00390625,0.645904004573822,0.022973760962486267,8868.0,0.0
4072,1.2300926950119901,97.1008,6.85098934173584,0.005772277247160673,0.02079576626420021,0.00390625,0.6439685225486755,0.019619334489107132,8642.0,0.0
4073,1.236195157005568,97.1008,7.0128092765808105,0.011057145893573761,0.036532286554574966,0.00390625,0.6593397855758667,0.01949898898601532,8664.0,0.0
4074,1.234240336008952,97.1008,7.210829257965088,0.019633427262306213,0.01935999095439911,0.00390625,0.6755332946777344,0.022839002311229706,8667.0,0.0
4075,1.2342983709968394,97.1008,6.996616363525391,0.014444956555962563,0.03681843355298042,0.00390625,0.6533908247947693,0.020786304026842117,8836.0,0.0
4076,1.2357184610009426,97.1008,6.85157585144043,0.009949639439582825,0.030179118737578392,0.00390625,0.6441860198974609,0.019314028322696686,8653.0,0.0
4077,1.2299356870062184,97.1008,7.123353481292725,0.01921873539686203,0.0356183797121048,0.00390625,0.6672276258468628,0.02509547397494316,8634.0,0.0
4078,1.2304134360019816,97.1008,7.312504768371582,0.02401367574930191,0.028907176107168198,0.00390625,0.6823081970214844,0.02813064120709896,8695.0,0.0
4079,1.2405772619968047,97.1008,6.9269609451293945,0.012274134904146194,0.029984764754772186,0.00390625,0.6467328667640686,0.0208645798265934,8851.0,0.0
4080,1.2310533659911016,97.1008,6.698184967041016,0.006049544550478458,0.023818060755729675,0.00390625,0.6280683279037476,0.01969636231660843,8693.0,0.0
4081,1.2344927200028906,97.1008,6.803436279296875,0.008886209689080715,0.027603279799222946,0.00390625,0.6399478912353516,0.018557004630565643,8634.0,0.0
4082,1.2206975029985188,97.1008,6.938265800476074,0.01422184519469738,0.018981730565428734,0.00390625,0.6498931646347046,0.021906450390815735,8659.0,0.0
4083,1.2304444780020276,97.1008,6.971611499786377,0.01044310349971056,0.027576152235269547,0.00390625,0.650097131729126,0.020349739119410515,8822.0,0.0
4084,1.2604792260099202,97.1008,6.884382247924805,0.004828118719160557,0.027645383030176163,0.00390625,0.6462428569793701,0.020855052396655083,8674.0,1.0
4085,1.2358796409971546,97.1008,7.116231441497803,0.01635240763425827,0.020569713786244392,0.00390625,0.6646212935447693,0.027533680200576782,8661.0,0.0
4086,1.2482125789974816,97.1008,7.171352386474609,0.018792659044265747,0.027191663160920143,0.00390625,0.6713122129440308,0.023991983383893967,8695.0,1.0
4087,1.243201023011352,97.1008,7.090206146240234,0.01890653558075428,0.026486264541745186,0.00390625,0.6618719100952148,0.022195322439074516,8773.0,0.0
4088,1.2458134509943193,97.1008,6.800718307495117,0.009709043428301811,0.03910383582115173,0.00390625,0.6386451125144958,0.018943384289741516,8735.0,0.0
4089,1.2468346980022034,97.1008,6.800483703613281,0.012429624795913696,0.03031494840979576,0.00390625,0.6384130120277405,0.02025916799902916,8656.0,0.0
4090,1.247040587986703,97.1008,6.960610389709473,0.012945577502250671,0.028046181425452232,0.00390625,0.6536750793457031,0.020053960382938385,8658.0,0.0
4091,1.2621398199989926,97.1008,7.080958366394043,0.01588224619626999,0.03709935396909714,0.0029296875,0.6615761518478394,0.021410798653960228,8756.0,0.0
4092,1.2649996859981911,97.1008,7.026562690734863,0.00870697945356369,0.02545418031513691,0.0029296875,0.6581984758377075,0.0237320177257061,8726.0,1.0
4093,1.2715228000015486,97.1008,7.067070484161377,0.011743913404643536,0.02711094170808792,0.00390625,0.660352349281311,0.026425344869494438,8689.0,1.0
4094,1.269941190010286,97.1008,6.957285404205322,0.012872209772467613,0.029699044302105904,0.00390625,0.6534565687179565,0.02005276270210743,8667.0,0.0
4095,1.266984871996101,97.1008,7.053255081176758,0.018470538780093193,0.02879444696009159,0.00390625,0.6579654216766357,0.0226080771535635,8738.0,0.0
4096,1.2641736599907745,97.1008,6.79340124130249,0.004976414609700441,0.037923023104667664,0.00390625,0.6376405954360962,0.01856348104774952,8769.0,1.0
4097,1.2632081119954819,97.1008,6.86009407043457,0.007569106295704842,0.03147350251674652,0.00390625,0.6441354751586914,0.020202355459332466,8659.0,0.0
4098,1.2711745720007457,97.1008,6.832947254180908,0.008850562386214733,0.03307453542947769,0.00390625,0.6419192552566528,0.018949594348669052,8651.0,0.0
4099,1.2631392379989848,97.1008,7.013503551483154,0.01560373418033123,0.04321783035993576,0.00390625,0.655526876449585,0.02346673607826233,8681.0,1.0
4100,1.2523550010082545,97.1008,7.080737113952637,0.014516757801175117,0.034819360822439194,0.00390625,0.6592262983322144,0.028031352907419205,8818.0,1.0
4101,1.2499546610051766,97.1008,6.897736549377441,0.007058530580252409,0.042674727737903595,0.00390625,0.6460766792297363,0.022537050768733025,8704.0,0.0
4102,1.2599298550048843,97.1008,7.053384780883789,0.013025605119764805,0.027935247868299484,0.0048828125,0.6639204025268555,0.01961660571396351,8633.0,1.0
4103,1.2545866260043113,97.1008,7.3276472091674805,0.019921276718378067,0.04330231994390488,0.0048828125,0.6875364184379578,0.021787134930491447,8701.0,0.0
4104,1.2579805449931882,97.1008,7.105040550231934,0.009123051539063454,0.021325040608644485,0.0048828125,0.665836751461029,0.021310685202479362,8806.0,2.0
4105,1.2491407659981633,97.1008,7.029911994934082,0.002450033091008663,0.03662492334842682,0.0048828125,0.6619242429733276,0.018892211839556694,8683.0,1.0
4106,1.2430903630011017,97.1008,7.149496555328369,0.007815362885594368,0.025345131754875183,0.0048828125,0.6740893125534058,0.018892552703619003,8635.0,0.0
4107,1.236671500999364,97.1008,7.439454078674316,0.021168889477849007,0.034301064908504486,0.0048828125,0.6969265937805176,0.025329170748591423,8650.0,0.0
4108,1.2405750009929761,97.1008,7.335483074188232,0.019622916355729103,0.02982196770608425,0.0048828125,0.6822909116744995,0.028669007122516632,8862.0,0.0
4109,1.2458240240084706,97.1008,6.85336446762085,0.004626976326107979,0.03084441088140011,0.0048828125,0.6444908380508423,0.01939215138554573,8685.0,0.0
4110,1.2493636949948268,97.1008,6.995757102966309,0.008575823158025742,0.02939867042005062,0.0048828125,0.6567856073379517,0.020687205716967583,8659.0,0.0
4111,1.2682309829979204,97.1008,7.143778324127197,0.0179535411298275,0.022717073559761047,0.0048828125,0.6713390350341797,0.020179640501737595,8646.0,0.0
4112,1.2436142369988374,97.1008,7.243591785430908,0.01786266639828682,0.024762555956840515,0.0048828125,0.676406741142273,0.023005835711956024,8823.0,0.0
4113,1.2476076599996304,97.1008,6.942619800567627,0.006186401471495628,0.028972715139389038,0.0048828125,0.6533243060112,0.018358230590820312,8688.0,1.0
4114,1.2500233950122492,97.1008,7.155620098114014,0.013939881697297096,0.023782774806022644,0.0048828125,0.6726651191711426,0.02070493996143341,8634.0,2.0
4115,1.2552464269974735,97.1008,7.507537841796875,0.025134677067399025,0.030810024589300156,0.0048828125,0.7022196650505066,0.02842698246240616,8641.0,0.0
4116,1.2507319479918806,97.1008,7.3835859298706055,0.021122068166732788,0.02287774346768856,0.0048828125,0.6862645149230957,0.026317765936255455,8878.0,0.0
4117,1.250537968997378,97.1008,6.9287872314453125,0.002005820395424962,0.029108213260769844,0.0048828125,0.6523317694664001,0.01802651211619377,8685.0,0.0
4118,1.2607926950004185,97.1008,7.078063011169434,0.008034425787627697,0.031363505870103836,0.0048828125,0.6660631895065308,0.01900268904864788,8662.0,0.0
4119,1.2680751220032107,97.1008,7.227059841156006,0.018981702625751495,0.022020231932401657,0.0048828125,0.6793031096458435,0.020757365971803665,8639.0,0.0
4120,1.2593268530035857,97.1008,7.255283832550049,0.021673699840903282,0.026214828714728355,0.0048828125,0.6779162287712097,0.021971818059682846,8814.0,0.0
4121,1.255797308011097,97.1008,6.806988716125488,0.008218633010983467,0.028742799535393715,0.0048828125,0.6401578783988953,0.01815377175807953,8708.0,0.0
4122,1.257729407006991,97.1008,7.042540073394775,0.012587515637278557,0.0360281765460968,0.0048828125,0.6607019305229187,0.02269754372537136,8632.0,2.0
4123,1.2662386239971966,97.1008,7.3301849365234375,0.02353762462735176,0.0332493782043457,0.0048828125,0.6835982203483582,0.028329063206911087,8687.0,1.0
4124,1.2692520540003898,97.1008,7.164966106414795,0.018032094463706017,0.03223476931452751,0.0048828125,0.668331503868103,0.02269599586725235,8788.0,0.0
4125,1.2571500199992443,97.1008,6.9732160568237305,0.007226376328617334,0.040163032710552216,0.00390625,0.6542700529098511,0.020656682550907135,8728.0,1.0
4126,1.253127129006316,97.1008,6.967700004577637,0.011234190315008163,0.03446904197335243,0.00390625,0.6560101509094238,0.01809028722345829,8663.0,0.0
4127,1.2489800409966847,97.1008,7.101259231567383,0.023549340665340424,0.03308558464050293,0.00390625,0.6661145091056824,0.021443046629428864,8654.0,0.0
4128,1.2510042229987448,97.1008,7.2568769454956055,0.022486602887511253,0.04113571345806122,0.00390625,0.6798524260520935,0.020894229412078857,8736.0,1.0
4129,1.2402380190033,97.1008,6.916440010070801,0.00939782802015543,0.027810167521238327,0.00390625,0.6488606929779053,0.020098833367228508,8764.0,1.0
4130,1.2412461260100827,97.1008,7.109033107757568,0.01460146252065897,0.041046347469091415,0.00390625,0.6655711531639099,0.025545042008161545,8639.0,0.0
4131,1.2421104469976854,97.1008,7.156302452087402,0.02186017483472824,0.025655066594481468,0.00390625,0.6682712435722351,0.02573244273662567,8714.0,1.0
4132,1.2726567639911082,97.1008,7.011997699737549,0.020600032061338425,0.030672719702124596,0.00390625,0.6559633612632751,0.02115231566131115,8687.0,0.0
4133,1.2244406360114226,97.1008,6.938335418701172,0.013156760483980179,0.03445076569914818,0.00390625,0.6491893529891968,0.020754272118210793,8824.0,0.0
4134,1.2177907040022546,97.1008,6.861793518066406,0.01232181116938591,0.031119029968976974,0.00390625,0.6447995901107788,0.019377373158931732,8635.0,0.0
4135,1.2218369400070515,97.1008,7.095699310302734,0.02005585841834545,0.026122476905584335,0.0048828125,0.665713906288147,0.02096088044345379,8673.0,1.0
4136,1.228777689000708,97.1008,7.192677021026611,0.02419310249388218,0.028596438467502594,0.0048828125,0.6746143102645874,0.020444830879569054,8671.0,0.0
4137,1.2364266789954854,97.1008,7.078291893005371,0.019721152260899544,0.024470152333378792,0.0048828125,0.6608350872993469,0.02323455922305584,8806.0,0.0
4138,1.2332947819959372,97.1008,7.035116195678711,0.020983468741178513,0.023547986522316933,0.0048828125,0.6562108993530273,0.02681202068924904,8687.0,0.0
4139,1.2181676820036955,97.1008,6.981679439544678,0.020565759390592575,0.026126574724912643,0.0048828125,0.6553618907928467,0.0205832626670599,8673.0,0.0
4140,1.213653130995226,97.1008,7.150364398956299,0.028387121856212616,0.03468384966254234,0.0048828125,0.6708449125289917,0.021797683089971542,8653.0,0.0
4141,1.2334570160019211,97.1008,7.1171979904174805,0.02014095149934292,0.03198447450995445,0.0048828125,0.6663162112236023,0.019453611224889755,8847.0,0.0
4142,1.232082543996512,97.1008,7.162652969360352,0.01281184796243906,0.023371275514364243,0.0048828125,0.6744288206100464,0.019405584782361984,8662.0,0.0
4143,1.2435815549979452,97.1008,7.306718349456787,0.01518018078058958,0.025217855349183083,0.0048828125,0.6887454986572266,0.018641725182533264,8660.0,1.0
4144,1.234261998994043,97.1008,7.46028995513916,0.023584313690662384,0.026825493201613426,0.0048828125,0.7019472122192383,0.02120991051197052,8644.0,0.0
4145,1.22772553798859,97.1008,7.432713508605957,0.026129866018891335,0.02754329890012741,0.0048828125,0.6927323341369629,0.026778340339660645,8815.0,0.0
4146,1.2206728250021115,97.1008,7.009741306304932,0.01794440671801567,0.0302262082695961,0.0048828125,0.6549179553985596,0.02521430514752865,8720.0,0.0
4147,1.2200977329921443,97.1008,6.8794264793396,0.015142351388931274,0.039332810789346695,0.005859375,0.6464800834655762,0.018690936267375946,8657.0,0.0
4148,1.2238749980024295,97.1008,7.0415215492248535,0.022432975471019745,0.02609330601990223,0.005859375,0.6594758629798889,0.02184082195162773,8670.0,0.0
4149,1.2304164449888049,97.1008,7.00714111328125,0.023650120943784714,0.026165271177887917,0.005859375,0.6535463333129883,0.021648135036230087,8797.0,0.0
4150,1.2271485259989277,97.1008,6.879312038421631,0.011948691681027412,0.029533537104725838,0.005859375,0.6449435949325562,0.02063516154885292,8713.0,0.0
4151,1.2190047979966039,97.1008,6.823824882507324,0.011843007057905197,0.030654212459921837,0.005859375,0.6413533687591553,0.018229752779006958,8639.0,0.0
4152,1.216290530996048,97.1008,7.107475280761719,0.025436745956540108,0.02345968410372734,0.005859375,0.6654245853424072,0.023321835324168205,8636.0,1.0
4153,1.2223717290034983,97.1008,7.328309059143066,0.027219828218221664,0.02867906726896763,0.0048828125,0.6795300841331482,0.02976924739778042,8813.0,0.0
4154,1.228282587006106,97.1008,6.8575286865234375,0.005423300433903933,0.0314924530684948,0.0048828125,0.6428939700126648,0.020670142024755478,8751.0,0.0
4155,1.227362842997536,97.1008,6.907896041870117,0.007371601648628712,0.030159244313836098,0.0048828125,0.6489248275756836,0.020045069977641106,8637.0,0.0
4156,1.2358199840091402,97.1008,7.032609462738037,0.0141026321798563,0.024629315361380577,0.0048828125,0.6603826284408569,0.019971491768956184,8666.0,0.0
4157,1.239890850003576,97.1008,7.275404930114746,0.01824214868247509,0.029008954763412476,0.0048828125,0.6782112121582031,0.02318180724978447,8775.0,0.0
4158,1.2405130730039673,97.1008,6.963036060333252,0.00556474132463336,0.022291360422968864,0.0048828125,0.6541358828544617,0.018908128142356873,8741.0,0.0
4159,1.2525747119943844,97.1008,7.145406723022461,0.009261359460651875,0.032662391662597656,0.0048828125,0.6727133989334106,0.019370004534721375,8638.0,0.0
4160,1.2656166729866527,97.1008,7.416584014892578,0.02029353193938732,0.027102205902338028,0.0048828125,0.6953727602958679,0.025657936930656433,8635.0,0.0
4161,1.2380903489975026,97.1008,7.436746597290039,0.02616783417761326,0.03214354068040848,0.0048828125,0.6923906803131104,0.0285433791577816,8770.0,0.0
4162,1.243539804010652,97.1008,6.818047523498535,0.008606906980276108,0.026823407039046288,0.0048828125,0.6396671533584595,0.018636347725987434,8797.0,0.0
4163,1.2389436689991271,97.1008,6.861217498779297,0.011014457792043686,0.02905300445854664,0.0048828125,0.6431041955947876,0.01937543787062168,8668.0,0.0
4164,1.2303913200012175,97.1008,7.018352031707764,0.016025537624955177,0.0258334893733263,0.0048828125,0.6602070331573486,0.01900763250887394,8629.0,1.0
4165,1.2213069400022505,97.1008,7.116021156311035,0.02412387542426586,0.02576972171664238,0.0048828125,0.6643477082252502,0.022704314440488815,8705.0,0.0
4166,1.2168245089997072,97.1008,6.867082118988037,0.010298484936356544,0.03616226464509964,0.0048828125,0.6438674330711365,0.01831579953432083,8818.0,0.0
4167,1.2274312170047779,97.1008,6.889431476593018,0.01220080815255642,0.03476659208536148,0.0048828125,0.6462165117263794,0.02084605023264885,8636.0,1.0
4168,1.234524961997522,97.1008,7.269023895263672,0.02276020683348179,0.033939823508262634,0.0048828125,0.6786839365959167,0.02754431590437889,8660.0,2.0
4169,1.2412901200004853,97.1008,7.22238826751709,0.024500660598278046,0.037029609084129333,0.0048828125,0.6738433241844177,0.02397659420967102,8726.0,0.0
4170,1.2348935750051169,97.1008,6.895076274871826,0.014086209237575531,0.03721889480948448,0.0048828125,0.6438534259796143,0.020530521869659424,8810.0,0.0
4171,1.220695612995769,97.1008,6.885631561279297,0.010060179978609085,0.04050678759813309,0.005859375,0.6468884348869324,0.018639450892806053,8671.0,1.0
4172,1.2164416870073183,97.1008,7.003353595733643,0.018614642322063446,0.032943908125162125,0.005859375,0.6576544046401978,0.02071843110024929,8654.0,0.0
4173,1.2413450680032838,97.1008,7.115185260772705,0.024855585768818855,0.039648476988077164,0.0068359375,0.6670669317245483,0.021011536940932274,8669.0,1.0
4174,1.2438379660015926,97.1008,6.980384349822998,0.01538853719830513,0.04553709551692009,0.0068359375,0.651543140411377,0.020798996090888977,8825.0,1.0
4175,1.2433131290017627,97.1008,6.863438129425049,0.011714844033122063,0.024172792211174965,0.0068359375,0.6424689292907715,0.024225380271673203,8641.0,0.0
4176,1.2437350999971386,97.1008,7.056543827056885,0.016790596768260002,0.045466579496860504,0.0068359375,0.6583738923072815,0.02737792395055294,8686.0,1.0
4177,1.2430190370068885,97.1008,7.119095802307129,0.017763348296284676,0.029182448983192444,0.0068359375,0.6669986248016357,0.021486615762114525,8676.0,1.0
4178,1.2237548279954353,97.1008,7.1074090003967285,0.021028567105531693,0.04385249316692352,0.0068359375,0.6619134545326233,0.022631164640188217,8850.0,0.0
4179,1.2279054730024654,97.1008,6.980242729187012,0.011809928342700005,0.03343987092375755,0.005859375,0.6576846837997437,0.01828424446284771,8653.0,0.0
4180,1.2346263219951652,97.1008,7.137693405151367,0.016783297061920166,0.044807497411966324,0.005859375,0.6708506345748901,0.020793680101633072,8658.0,0.0
4181,1.2595210219878936,97.1008,7.239452838897705,0.019582604989409447,0.039086051285266876,0.005859375,0.6805605292320251,0.019871030002832413,8660.0,0.0
4182,1.2287743979977677,97.1008,7.2320122718811035,0.022850723937153816,0.038668908178806305,0.005859375,0.6747530698776245,0.023151664063334465,8802.0,1.0
4183,1.2467860150063643,97.1008,7.031171798706055,0.019646376371383667,0.034640297293663025,0.005859375,0.6560903787612915,0.02689995989203453,8695.0,0.0
4184,1.2491788509942126,97.1008,6.994820594787598,0.01916637271642685,0.028938455507159233,0.005859375,0.65430748462677,0.022753752768039703,8700.0,0.0
4185,1.2520031059975736,97.1008,7.018951892852783,0.024959225207567215,0.029551176354289055,0.005859375,0.6581849455833435,0.021082168444991112,8640.0,1.0
4186,1.253525210006046,97.1008,7.199329376220703,0.025174876675009727,0.02954096719622612,0.0068359375,0.6716687679290771,0.02213183045387268,8805.0,1.0
4187,1.2663872090051882,97.1008,7.146915912628174,0.015696760267019272,0.02670956775546074,0.0068359375,0.6717177629470825,0.020276708528399467,8696.0,1.0
4188,1.2616100349987391,97.1008,7.175288200378418,0.01593928411602974,0.03336945176124573,0.0068359375,0.6749221682548523,0.019534533843398094,8682.0,0.0
4189,1.2551139440038241,97.1008,7.50812292098999,0.01925860345363617,0.029793350026011467,0.0068359375,0.7074963450431824,0.02024996653199196,8636.0,1.0
4190,1.2539532329974463,97.1008,7.430126190185547,0.026911605149507523,0.03661755472421646,0.0078125,0.6924467086791992,0.02659410983324051,8754.0,1.0
4191,1.242961967989686,97.1008,7.035769462585449,0.01976560801267624,0.02903944067656994,0.0078125,0.6555792689323425,0.027383796870708466,8769.0,1.0
4192,1.2377156180009479,97.1008,6.87325382232666,0.015389959327876568,0.039636850357055664,0.0078125,0.6456505656242371,0.02006438560783863,8677.0,0.0
4193,1.2348632999928668,97.1008,7.0412917137146,0.023282192647457123,0.036906708031892776,0.0078125,0.6596417427062988,0.022167697548866272,8658.0,0.0
4194,1.2401172440004302,97.1008,7.119594573974609,0.021596403792500496,0.039642252027988434,0.0078125,0.6654579639434814,0.0218084417283535,8730.0,0.0
4195,1.234272037007031,97.1008,6.888154983520508,0.00930383987724781,0.0405024029314518,0.0078125,0.6440199613571167,0.02180018648505211,8770.0,0.0
4196,1.242624844002421,97.1008,6.898088455200195,0.005552925169467926,0.035415105521678925,0.0078125,0.6479870676994324,0.019163649529218674,8666.0,1.0
4197,1.2459648119984195,97.1008,7.077271461486816,0.014734383672475815,0.03544444590806961,0.0078125,0.6637822389602661,0.02230435237288475,8628.0,0.0
4198,1.2428907840076135,97.1008,7.380420207977295,0.026637108996510506,0.038971614092588425,0.0078125,0.6869320273399353,0.030528945848345757,8684.0,0.0
4199,1.244182690003072,97.1008,7.150199890136719,0.011603256687521935,0.04205805063247681,0.0078125,0.6664760708808899,0.024974878877401352,8880.0,1.0
4200,1.2488335579982959,97.1008,6.956852912902832,0.004088309593498707,0.033880770206451416,0.0078125,0.653934121131897,0.019152862951159477,8647.0,0.0
4201,1.2414507210050942,97.1008,7.092078685760498,0.012377185747027397,0.04268209636211395,0.0078125,0.6661337614059448,0.020539958029985428,8660.0,1.0
4202,1.2368278579961043,97.1008,7.210524082183838,0.020503949373960495,0.035200897604227066,0.0068359375,0.674831748008728,0.023300891742110252,8668.0,0.0
4203,1.2380849820037838,97.1008,6.997039318084717,0.013516619801521301,0.03983993083238602,0.0068359375,0.6530221700668335,0.021900281310081482,8852.0,0.0
4204,1.2353270989988232,97.1008,6.8531365394592285,0.008505001664161682,0.024228733032941818,0.0068359375,0.6443138122558594,0.019289452582597733,8642.0,0.0
4205,1.2314553640026134,97.1008,7.175444602966309,0.018794000148773193,0.02965255081653595,0.0068359375,0.6723343133926392,0.024533532559871674,8634.0,0.0
4206,1.21999083198898,97.1008,7.4322662353515625,0.02834303304553032,0.026284953579306602,0.0068359375,0.6921639442443848,0.030072180554270744,8696.0,0.0
4207,1.2196959449938731,97.1008,7.154873847961426,0.01345450896769762,0.03079270012676716,0.0068359375,0.6676963567733765,0.022154932841658592,8857.0,0.0
4208,1.2619142830080818,97.1008,6.9154767990112305,0.004882365465164185,0.0324568934738636,0.005859375,0.648513674736023,0.0205991230905056,8664.0,2.0
4209,1.2238347499951487,97.1008,6.898601531982422,0.009050976485013962,0.02671314962208271,0.005859375,0.6484308242797852,0.01866973377764225,8649.0,0.0
4210,1.2294413079944206,97.1008,7.159237861633301,0.019421789795160294,0.032046303153038025,0.005859375,0.6698738932609558,0.02287292294204235,8657.0,0.0
4211,1.2293774660065537,97.1008,7.044225215911865,0.014980679377913475,0.024086931720376015,0.005859375,0.6576467156410217,0.021111302077770233,8842.0,0.0
4212,1.2378378739958862,97.1008,6.839788436889648,0.007920159958302975,0.022250071167945862,0.005859375,0.6412326097488403,0.020647529512643814,8654.0,0.0
4213,1.2465512680064421,97.1008,7.15733003616333,0.018037492409348488,0.03583010658621788,0.005859375,0.668777346611023,0.02730151079595089,8631.0,0.0
4214,1.2498286870104494,97.1008,7.224608421325684,0.024611258879303932,0.029361113905906677,0.005859375,0.6735211610794067,0.027161575853824615,8725.0,0.0
4215,1.2516528450069018,97.1008,6.999185085296631,0.017438480630517006,0.03153640031814575,0.005859375,0.651500403881073,0.022129511460661888,8813.0,0.0
4216,1.248471013008384,97.1008,6.899334907531738,0.00738951563835144,0.030141988769173622,0.005859375,0.6468018889427185,0.020302042365074158,8703.0,0.0
4217,1.2357887349935481,97.1008,7.057610511779785,0.012957841157913208,0.02356537990272045,0.0048828125,0.6631882786750793,0.020135147497057915,8635.0,0.0
4218,1.2295785739988787,97.1008,7.255645275115967,0.021358855068683624,0.02679118514060974,0.00390625,0.6802436709403992,0.02211214415729046,8680.0,1.0
4219,1.2425765319931088,97.1008,7.249370574951172,0.020963575690984726,0.028975702822208405,0.00390625,0.6766473054885864,0.02167297899723053,8793.0,0.0
4220,1.2429348420118913,97.1008,7.011390686035156,0.014691909775137901,0.02874133363366127,0.00390625,0.6568163633346558,0.023209895938634872,8690.0,0.0
4221,1.2456540089915507,97.1008,7.22966194152832,0.025045718997716904,0.030537478625774384,0.00390625,0.6739145517349243,0.028479157015681267,8682.0,0.0
4222,1.257965675991727,97.1008,7.24758768081665,0.02460671216249466,0.02003524638712406,0.0048828125,0.6793594360351562,0.02259807288646698,8674.0,1.0
4223,1.257856811003876,97.1008,7.240227222442627,0.02693617343902588,0.030513029545545578,0.0048828125,0.6751339435577393,0.023865750059485435,8765.0,0.0
4224,1.2531763349979883,97.1008,6.89723539352417,0.01213950663805008,0.030286602675914764,0.0048828125,0.6476832628250122,0.019353101029992104,8746.0,2.0
4225,1.256590316988877,97.1008,7.036698818206787,0.01492122933268547,0.035723790526390076,0.0048828125,0.6600793600082397,0.021628160029649734,8652.0,0.0
4226,1.2672217479994288,97.1008,7.1244797706604,0.017025109380483627,0.029312338680028915,0.0048828125,0.6686673164367676,0.02091662585735321,8655.0,0.0
4227,1.2616877760010539,97.1008,7.220677375793457,0.022024676203727722,0.030196895822882652,0.0048828125,0.6731958389282227,0.023770850151777267,8734.0,1.0
4228,1.2668425890005892,97.1008,7.035772800445557,0.01737169176340103,0.0287922453135252,0.0048828125,0.655900239944458,0.026971720159053802,8749.0,1.0
4229,1.2816562259977218,97.1008,7.037781715393066,0.01839464344084263,0.025967298075556755,0.00390625,0.6561476588249207,0.026468586176633835,8721.0,0.0
4230,1.2505224380001891,97.1008,6.948064804077148,0.018044201657176018,0.032120540738105774,0.00390625,0.6523808836936951,0.01995166391134262,8630.0,0.0
4231,1.25486071400519,97.1008,7.115279197692871,0.029752366244792938,0.03356720134615898,0.00390625,0.6634499430656433,0.023381588980555534,8724.0,0.0
4232,1.2550030230049742,97.1008,7.033321857452393,0.02149410918354988,0.03507436439394951,0.00390625,0.6589587330818176,0.02072935923933983,8789.0,0.0
4233,1.2588151809904957,97.1008,7.066281318664551,0.01936786249279976,0.03077859804034233,0.0048828125,0.6627486944198608,0.021295536309480667,8677.0,1.0
4234,1.26031247600622,97.1008,7.185095310211182,0.020900186151266098,0.02838248573243618,0.005859375,0.6760224103927612,0.01984259858727455,8633.0,2.0
4235,1.2608909999980824,97.1008,7.43555212020874,0.02846429869532585,0.03954613208770752,0.005859375,0.6952714920043945,0.02576087974011898,8675.0,0.0
4236,1.2573778240039246,97.1008,7.356560707092285,0.026596246287226677,0.02986418455839157,0.0068359375,0.6835547685623169,0.0297258161008358,8845.0,0.0
4237,1.2623270850017434,97.1008,7.083812236785889,0.014382559806108475,0.02606268785893917,0.0068359375,0.6648473739624023,0.021423136815428734,8687.0,0.0
4238,1.259243154010619,97.1008,7.207306385040283,0.02090393379330635,0.025734562426805496,0.0068359375,0.6775661706924438,0.021388059481978416,8635.0,1.0
4239,1.2570821130066179,97.1008,7.450735092163086,0.02556857466697693,0.02665473148226738,0.0068359375,0.6998395919799805,0.021842163056135178,8684.0,0.0
4240,1.2616669830022147,97.1008,7.2645111083984375,0.020709993317723274,0.023326700553297997,0.0068359375,0.6783673167228699,0.02312234416604042,8838.0,2.0
4241,1.2562455099978251,97.1008,6.919106960296631,0.012212586589157581,0.025210997089743614,0.005859375,0.6501150727272034,0.01987219788134098,8665.0,1.0
4242,1.2314412300038384,97.1008,7.042553424835205,0.02071194164454937,0.03530477359890938,0.005859375,0.6612204313278198,0.021184086799621582,8641.0,0.0
4243,1.2184461699944222,97.1008,7.214541912078857,0.03377211093902588,0.03467675670981407,0.005859375,0.6730755567550659,0.02832743152976036,8640.0,0.0
4244,1.2270214000018314,97.1008,7.180912494659424,0.033376894891262054,0.030083095654845238,0.005859375,0.6652413606643677,0.029368741437792778,8870.0,0.0
4245,1.2382631640066393,97.1008,6.89871072769165,0.01627838984131813,0.037309642881155014,0.0068359375,0.6485263109207153,0.019466495141386986,8686.0,0.0
4246,1.2484064399905037,97.1008,7.031007766723633,0.022371668368577957,0.032941900193691254,0.0068359375,0.6593126058578491,0.021234136074781418,8673.0,0.0
4247,1.251416736995452,97.1008,7.1934356689453125,0.02583400346338749,0.02796335145831108,0.0068359375,0.6753231883049011,0.021686848253011703,8639.0,0.0
4248,1.2527540840092115,97.1008,7.24451208114624,0.023305416107177734,0.038420215249061584,0.0068359375,0.6749701499938965,0.024197343736886978,8844.0,0.0
4249,1.2486945070122601,97.1008,6.836387634277344,0.006978739984333515,0.030943449586629868,0.0068359375,0.6423931121826172,0.01890615001320839,8676.0,1.0
4250,1.2459749889967497,97.1008,7.116623878479004,0.01301431655883789,0.03197232261300087,0.0068359375,0.6683067679405212,0.02312338910996914,8635.0,0.0
4251,1.2403025879902998,97.1008,7.376466274261475,0.025489885360002518,0.03045356459915638,0.0068359375,0.6874526739120483,0.03055579774081707,8666.0,2.0
4252,1.2415651119954418,97.1008,7.419948577880859,0.024030283093452454,0.03098198026418686,0.0068359375,0.6911856532096863,0.025459308177232742,8846.0,0.0
4253,1.2336536000075284,97.1008,7.0697340965271,0.011104950681328773,0.034011632204055786,0.005859375,0.6646395921707153,0.020689217373728752,8687.0,0.0
4254,1.2295990429993253,97.1008,7.093653202056885,0.014190842397511005,0.03337329998612404,0.005859375,0.6673101186752319,0.020137406885623932,8671.0,0.0
4255,1.225396980997175,97.1008,7.29584264755249,0.02529328316450119,0.030259298160672188,0.005859375,0.6849640607833862,0.022862128913402557,8659.0,0.0
4256,1.2461778139986563,97.1008,7.258922576904297,0.02720453217625618,0.043933138251304626,0.005859375,0.6780142784118652,0.02258741855621338,8788.0,0.0
4257,1.2277011660044082,97.1008,7.006629467010498,0.016098372638225555,0.037520844489336014,0.005859375,0.6585697531700134,0.020377792418003082,8711.0,0.0
4258,1.2221398190013133,97.1008,7.125485897064209,0.025442402809858322,0.034142810851335526,0.005859375,0.6671814918518066,0.02610618993639946,8635.0,0.0
4259,1.2197917960002087,97.1008,7.314840793609619,0.030122721567749977,0.026172451674938202,0.005859375,0.6825649738311768,0.029244443401694298,8679.0,0.0
4260,1.2228881150076631,97.1008,7.19423246383667,0.025295879691839218,0.036921076476573944,0.005859375,0.6707397699356079,0.023392707109451294,8783.0,0.0
4261,1.2315093289944343,97.1008,6.829404354095459,0.011349300853908062,0.031109599396586418,0.005859375,0.638265073299408,0.02205040119588375,8770.0,0.0
4262,1.2339099009986967,97.1008,6.804622650146484,0.006715590599924326,0.032192159444093704,0.005859375,0.6388500928878784,0.020043574273586273,8637.0,0.0
4263,1.2353649529977702,97.1008,7.009294033050537,0.01384217943996191,0.028737757354974747,0.005859375,0.6563368439674377,0.02306404337286949,8651.0,0.0
4264,1.2351898510096362,97.1008,7.018984317779541,0.015208851546049118,0.026237962767481804,0.005859375,0.6554193496704102,0.022110089659690857,8727.0,0.0
4265,1.2414183600049,97.1008,6.935007095336914,0.010072993114590645,0.03484814614057541,0.005859375,0.6482642889022827,0.022742977365851402,8778.0,0.0
4266,1.2448273120098747,97.1008,7.041367530822754,0.01839301735162735,0.03386528044939041,0.005859375,0.6564247012138367,0.028151918202638626,8664.0,0.0
4267,1.2400167789892294,97.1008,7.101071357727051,0.0188944973051548,0.02442905493080616,0.005859375,0.6643780469894409,0.024128882214426994,8693.0,0.0
4268,1.2348355690046446,97.1008,7.232748031616211,0.025895599275827408,0.037017978727817535,0.005859375,0.676694393157959,0.023101702332496643,8681.0,1.0
4269,1.232756290002726,97.1008,6.960494041442871,0.016619285568594933,0.03663085401058197,0.005859375,0.6507240533828735,0.021268174052238464,8832.0,0.0
4270,1.2241094329947373,97.1008,6.920656681060791,0.01794198527932167,0.030311940237879753,0.005859375,0.6491774916648865,0.021460404619574547,8653.0,0.0
4271,1.2348398659960367,97.1008,7.048933982849121,0.023957509547472,0.027294421568512917,0.0048828125,0.6620549559593201,0.020510388538241386,8659.0,0.0
4272,1.2362157850002404,97.1008,7.178318023681641,0.027591735124588013,0.03355451673269272,0.0048828125,0.6724924445152283,0.022071104496717453,8661.0,0.0
4273,1.2353600230126176,97.1008,7.213539123535156,0.024134477600455284,0.03167468681931496,0.0048828125,0.6717991828918457,0.026283886283636093,8819.0,1.0
4274,1.238839220997761,97.1008,7.139256477355957,0.016396883875131607,0.03611138463020325,0.00390625,0.666668176651001,0.027469798922538757,8688.0,1.0
4275,1.2372730539937038,97.1008,7.106905460357666,0.013523275963962078,0.0260471161454916,0.00390625,0.667670488357544,0.02123715542256832,8677.0,0.0
4276,1.232632426006603,97.1008,7.3066816329956055,0.02205241098999977,0.03837200626730919,0.00390625,0.6842550039291382,0.024193178862333298,8676.0,0.0
4277,1.2608275469974615,97.1008,7.157744407653809,0.016178153455257416,0.037200409919023514,0.00390625,0.6697728633880615,0.021454960107803345,8822.0,0.0
4278,1.235989694003365,97.1008,7.027838230133057,0.010574012994766235,0.031380198895931244,0.00390625,0.6601508855819702,0.021706797182559967,8660.0,0.0
4279,1.2294256370078074,97.1008,7.1464715003967285,0.013516664505004883,0.0368286669254303,0.00390625,0.6722030639648438,0.020060641691088676,8666.0,1.0
4280,1.1915021349996096,97.1008,7.34209680557251,0.022584617137908936,0.03771354258060455,0.00390625,0.6885992884635925,0.024010147899389267,8640.0,0.0
4281,1.179457114005345,97.1008,7.522386074066162,0.02872486412525177,0.03131045028567314,0.0048828125,0.6989634037017822,0.030800161883234978,8823.0,1.0
4282,1.1707313840015559,97.1008,7.162473201751709,0.017021166160702705,0.03271150216460228,0.0048828125,0.6710988879203796,0.024121224880218506,8729.0,0.0
4283,1.2170623040001374,97.1008,7.162738800048828,0.02116551622748375,0.03211720660328865,0.0048828125,0.6738492846488953,0.020681286230683327,8645.0,0.0
4284,1.229771675003576,97.1008,7.286383628845215,0.029744021594524384,0.02559928223490715,0.0048828125,0.6835498809814453,0.022327011451125145,8667.0,0.0
4285,1.2323409779928625,97.1008,7.305910110473633,0.030722185969352722,0.02642197534441948,0.0048828125,0.6817969083786011,0.02398771606385708,8787.0,1.0
4286,1.237956123004551,97.1008,6.901914119720459,0.014447961002588272,0.023812634870409966,0.00390625,0.6473386287689209,0.020653925836086273,8719.0,1.0
4287,1.235481413998059,97.1008,6.928704738616943,0.015594271942973137,0.024326538667082787,0.0048828125,0.6507517099380493,0.020198635756969452,8651.0,1.0
4288,1.2395063570002094,97.1008,7.207042217254639,0.02662799507379532,0.01885220594704151,0.0048828125,0.6739519834518433,0.02619871124625206,8635.0,1.0
4289,1.236014346999582,97.1008,7.353368282318115,0.03138047456741333,0.027793722227215767,0.0048828125,0.6805729866027832,0.03129088133573532,8819.0,0.0
4290,1.2093689330067718,97.1008,6.919156074523926,0.01128687895834446,0.02048683911561966,0.0048828125,0.6494855880737305,0.0210161991417408,8737.0,0.0
4291,1.195608356007142,97.1008,6.974603652954102,0.01725335419178009,0.03023575432598591,0.0048828125,0.6537642478942871,0.021684711799025536,8670.0,0.0
4292,1.2155817609891528,97.1008,7.124621868133545,0.0211552195250988,0.01624232716858387,0.0048828125,0.6698402762413025,0.020313972607254982,8639.0,0.0
4293,1.2399171589931939,97.1008,7.283769607543945,0.02872762642800808,0.027485163882374763,0.0048828125,0.6789950132369995,0.0244243573397398,8761.0,0.0
4294,1.2300592370011145,97.1008,6.943520545959473,0.012880243360996246,0.018219662830233574,0.0048828125,0.6520856022834778,0.019878510385751724,8757.0,0.0
4295,1.2190642950008623,97.1008,7.087153434753418,0.015536134131252766,0.03307589516043663,0.0048828125,0.6660624742507935,0.02155323326587677,8639.0,0.0
4296,1.226632714009611,97.1008,7.45712423324585,0.02917804755270481,0.024532876908779144,0.0048828125,0.6976534128189087,0.028588851913809776,8633.0,1.0
4297,1.2275848379940726,97.1008,7.388901710510254,0.028441347181797028,0.027839774265885353,0.0048828125,0.6877395510673523,0.02747381292283535,8793.0,0.0
4298,1.217559118013014,97.1008,6.963458061218262,0.010733988136053085,0.029577981680631638,0.005859375,0.6534475088119507,0.020082218572497368,8777.0,1.0
4299,1.2213663769944105,97.1008,6.964622497558594,0.007720340974628925,0.03826393187046051,0.005859375,0.6541423201560974,0.020384110510349274,8666.0,0.0
4300,1.239477112001623,97.1008,7.080328464508057,0.014788849279284477,0.027832571417093277,0.005859375,0.6650342345237732,0.0215395949780941,8631.0,0.0
4301,1.240792523996788,97.1008,7.2396240234375,0.024367542937397957,0.03091464936733246,0.005859375,0.6767591238021851,0.02325352281332016,8717.0,2.0
4302,1.24549755800399,97.1008,7.103088855743408,0.017266135662794113,0.03204192966222763,0.005859375,0.6666682958602905,0.0201498381793499,8805.0,0.0
4303,1.241347848001169,97.1008,7.116857528686523,0.017321720719337463,0.03602960333228111,0.005859375,0.6679004430770874,0.023555001243948936,8633.0,0.0
4304,1.2555750080064172,97.1008,7.330780982971191,0.02224118635058403,0.026247622445225716,0.005859375,0.6839777827262878,0.028962012380361557,8686.0,1.0
4305,1.2657148500002222,97.1008,7.1135029792785645,0.017964599654078484,0.036768991500139236,0.005859375,0.6653226017951965,0.023432007059454918,8701.0,0.0
4306,1.2503741840046132,97.1008,6.9059648513793945,0.014708420261740685,0.0323997400701046,0.005859375,0.6444377303123474,0.022433890029788017,8816.0,0.0
4307,1.2355372149904724,97.1008,6.6870198249816895,0.010552816092967987,0.024600274860858917,0.005859375,0.6283156871795654,0.018787872046232224,8666.0,0.0
4308,1.231574223987991,97.1008,6.938295841217041,0.020276647061109543,0.03168707713484764,0.0048828125,0.650046706199646,0.021925529465079308,8652.0,0.0
4309,1.2264127589878626,97.1008,7.003878593444824,0.026645226404070854,0.030691493302583694,0.00390625,0.6560997366905212,0.021560385823249817,8680.0,1.0
4310,1.229940354009159,97.1008,6.933274745941162,0.024124527350068092,0.0355539508163929,0.00390625,0.6461739540100098,0.02275308221578598,8815.0,0.0
4311,1.2311689759953879,97.1008,7.033646106719971,0.02523404359817505,0.047425590455532074,0.00390625,0.6576629877090454,0.02682662010192871,8650.0,1.0
4312,1.2420447609911207,97.1008,7.125237464904785,0.025620263069868088,0.0286257341504097,0.00390625,0.664936363697052,0.026848724111914635,8723.0,0.0
4313,1.2499840530072106,97.1008,7.099370002746582,0.022378409281373024,0.021637583151459694,0.00390625,0.6660958528518677,0.02173185907304287,8646.0,0.0
4314,1.252512602994102,97.1008,7.1736602783203125,0.02169429324567318,0.028825614601373672,0.00390625,0.66841721534729,0.023307587951421738,8832.0,1.0
4315,1.2376782680075848,97.1008,7.072341442108154,0.011653035879135132,0.02755700796842575,0.00390625,0.6654008030891418,0.02065081149339676,8663.0,0.0
4316,1.2380735500046285,97.1008,7.209294319152832,0.018394242972135544,0.029124172404408455,0.00390625,0.6771824359893799,0.02195952646434307,8679.0,0.0
4317,1.2450353469903348,97.1008,7.299683570861816,0.02399788424372673,0.031638871878385544,0.00390625,0.6862421035766602,0.02111135795712471,8650.0,0.0
4318,1.2434394479932962,97.1008,7.419782638549805,0.026752008125185966,0.028632938861846924,0.0029296875,0.691816508769989,0.025930603966116905,8783.0,0.0
4319,1.2260639739979524,97.1008,7.147392272949219,0.021463945508003235,0.03828166797757149,0.0029296875,0.666489839553833,0.028389718383550644,8730.0,0.0
4320,1.2289397069980623,97.1008,6.999398708343506,0.01864931359887123,0.03222692012786865,0.0029296875,0.6572350263595581,0.02129613235592842,8676.0,1.0
4321,1.2198008990089875,97.1008,7.110476493835449,0.023235555738210678,0.025169430300593376,0.0029296875,0.6675053834915161,0.021943647414445877,8648.0,1.0
4322,1.2230619550100528,97.1008,7.069243907928467,0.024304118007421494,0.03552159294486046,0.0029296875,0.6609022617340088,0.021405424922704697,8793.0,0.0
4323,1.2246619380021002,97.1008,6.995184421539307,0.014506397768855095,0.027360064908862114,0.0029296875,0.6568438410758972,0.020716320723295212,8722.0,0.0
4324,1.2339758230082225,97.1008,7.037786483764648,0.01449916698038578,0.03640209138393402,0.0029296875,0.6623781323432922,0.019037600606679916,8658.0,0.0
4325,1.2370785889943363,97.1008,7.220938682556152,0.021545132622122765,0.034564562141895294,0.00390625,0.6786524653434753,0.021317651495337486,8642.0,2.0
4326,1.2697879839979578,97.1008,7.407516002655029,0.029024982824921608,0.02797754295170307,0.00390625,0.6887226104736328,0.028516139835119247,8745.0,0.0
4327,1.241368164002779,97.1008,7.068944454193115,0.017594557255506516,0.042402636259794235,0.00390625,0.6591647863388062,0.026450319215655327,8789.0,1.0
4328,1.2429306370031554,97.1008,6.840498924255371,0.009602786973118782,0.03194419667124748,0.00390625,0.6431992650032043,0.01908724382519722,8655.0,0.0
4329,1.243880950001767,97.1008,7.092957019805908,0.016820039600133896,0.027862360700964928,0.00390625,0.6646401882171631,0.021608402952551842,8673.0,2.0
4330,1.2485766489990056,97.1008,7.1275434494018555,0.01998511143028736,0.03829643875360489,0.00390625,0.6665855646133423,0.022260358557105064,8702.0,0.0
4331,1.2524782910040813,97.1008,6.878701686859131,0.0136912502348423,0.02678970992565155,0.00390625,0.6426796913146973,0.02177911251783371,8810.0,0.0
4332,1.249545237995335,97.1008,6.815112113952637,0.012823285534977913,0.03416253998875618,0.00390625,0.6402595043182373,0.01912728138267994,8636.0,0.0
4333,1.2397741620079614,97.1008,7.154720783233643,0.022930605337023735,0.02999478578567505,0.00390625,0.6702158451080322,0.024187302216887474,8638.0,0.0
4334,1.238366721998318,97.1008,7.425292015075684,0.03514480963349342,0.027996448799967766,0.00390625,0.6904875636100769,0.031592823565006256,8711.0,0.0
4335,1.2207802649936639,97.1008,7.018608570098877,0.01829877495765686,0.030023260042071342,0.00390625,0.6548752784729004,0.02345944754779339,8855.0,0.0
4336,1.2235118940006942,97.1008,6.855623245239258,0.011963804252445698,0.02661105990409851,0.00390625,0.6433411836624146,0.020920252427458763,8634.0,0.0
4337,1.2230414410005324,97.1008,6.920297622680664,0.01618221402168274,0.030411532148718834,0.00390625,0.6493416428565979,0.020694730803370476,8669.0,0.0
4338,1.2334521079901606,97.1008,7.042313098907471,0.023325134068727493,0.023120911791920662,0.0048828125,0.6577459573745728,0.023868493735790253,8680.0,1.0
4339,1.2354105220001657,97.1008,6.868241786956787,0.017555642873048782,0.027471188455820084,0.0048828125,0.6412593126296997,0.021301835775375366,8831.0,0.0
4340,1.2393468060035957,97.1008,6.851693153381348,0.013092286884784698,0.02871803194284439,0.0048828125,0.6433032751083374,0.02012336254119873,8642.0,0.0
4341,1.2365923839970492,97.1008,7.102226734161377,0.02514585852622986,0.029947925359010696,0.0048828125,0.6640141010284424,0.026197057217359543,8642.0,0.0
4342,1.2171127199981129,97.1008,7.306788921356201,0.03268245607614517,0.02982192300260067,0.0048828125,0.6807543039321899,0.02928205206990242,8704.0,0.0
4343,1.209515647002263,97.1008,7.0614142417907715,0.019589226692914963,0.03582574054598808,0.0048828125,0.6603020429611206,0.021316854283213615,8856.0,1.0
4344,1.219477464997908,97.1008,6.929178714752197,0.01420588232576847,0.0324832908809185,0.0048828125,0.6504846811294556,0.020635854452848434,8673.0,0.0
4345,1.2119493979989784,97.1008,7.063013553619385,0.020654991269111633,0.0318465419113636,0.0048828125,0.6642816066741943,0.01997099630534649,8642.0,0.0
4346,1.1989467430103105,97.1008,7.336822986602783,0.029049571603536606,0.035031937062740326,0.005859375,0.6883302927017212,0.023528655990958214,8663.0,2.0
4347,1.1918122350034537,97.1008,7.129101753234863,0.024169839918613434,0.04674192890524864,0.005859375,0.6663699150085449,0.021173596382141113,8826.0,0.0
4348,1.1882880030025262,97.1008,6.957352161407471,0.01795470528304577,0.0318010188639164,0.005859375,0.6530395746231079,0.022415488958358765,8661.0,1.0
4349,1.1769317720027175,97.1008,7.194798946380615,0.030302144587039948,0.039664044976234436,0.005859375,0.6708066463470459,0.02919752523303032,8667.0,0.0
4350,1.1738839759927941,97.1008,7.252625465393066,0.025705967098474503,0.02325485646724701,0.005859375,0.6785030364990234,0.02484835311770439,8702.0,0.0
4351,1.18957201000012,97.1008,7.0538330078125,0.019182678312063217,0.0358460396528244,0.005859375,0.657690703868866,0.023021532222628593,8793.0,0.0
4352,1.1892506520089228,97.1008,6.8994903564453125,0.010884389281272888,0.03348425030708313,0.0048828125,0.6479207277297974,0.01982235349714756,8705.0,0.0
4353,1.1834923960122978,97.1008,7.029840469360352,0.015684280544519424,0.03288285434246063,0.0048828125,0.6600115299224854,0.02157873660326004,8655.0,0.0
4354,1.2331921720033279,97.1008,7.1606340408325195,0.02304844930768013,0.044468771666288376,0.0048828125,0.6724493503570557,0.021300919353961945,8666.0,0.0
4355,1.190455108997412,97.1008,7.179760932922363,0.023918064311146736,0.032444894313812256,0.0048828125,0.6694536209106445,0.022845104336738586,8775.0,0.0
4356,1.2073175130062737,97.1008,7.021358013153076,0.019886326044797897,0.030160294845700264,0.0048828125,0.6571003198623657,0.025484900921583176,8688.0,1.0
4357,1.2319748739973875,97.1008,7.151867389678955,0.024470370262861252,0.03354417532682419,0.0048828125,0.6674385070800781,0.027991876006126404,8690.0,0.0
4358,1.2220421329984674,97.1008,7.115553855895996,0.023130545392632484,0.022757412865757942,0.0048828125,0.6671489477157593,0.021824151277542114,8677.0,1.0
4359,1.2071139470062917,97.1008,7.275762557983398,0.02873941883444786,0.036924224346876144,0.0048828125,0.6780995726585388,0.02448412775993347,8778.0,0.0
4360,1.2010798559931573,97.1008,6.903243064880371,0.012268135324120522,0.021455053240060806,0.0048828125,0.6484622359275818,0.01979166828095913,8720.0,0.0
4361,1.1901183479931206,97.1008,7.074607849121094,0.013832001015543938,0.03475368022918701,0.00390625,0.6639665961265564,0.021899085491895676,8661.0,0.0
4362,1.1924325930012856,97.1008,7.141659259796143,0.016942616552114487,0.025062931701540947,0.00390625,0.6712164878845215,0.020455654710531235,8663.0,0.0
4363,1.1871506510069594,97.1008,7.2095746994018555,0.02374282106757164,0.03867184743285179,0.00390625,0.6731633543968201,0.024783505126833916,8709.0,1.0
4364,1.2008754239941482,97.1008,6.9481730461120605,0.018257513642311096,0.03438355028629303,0.00390625,0.6454763412475586,0.028637222945690155,8793.0,1.0
4365,1.1941010969894705,97.1008,6.75529670715332,0.017002537846565247,0.04821834713220596,0.00390625,0.6316028237342834,0.022714048624038696,8697.0,0.0
4366,1.1927501790050883,97.1008,6.801618576049805,0.020107291638851166,0.028788229450583458,0.0029296875,0.6384439468383789,0.020010866224765778,8641.0,1.0
4367,1.2152596740052104,97.1008,6.900252342224121,0.024886220693588257,0.03669983893632889,0.0029296875,0.6452785730361938,0.021806469187140465,8714.0,0.0
4368,1.2107230279943906,97.1008,6.952439785003662,0.01688707247376442,0.03658511862158775,0.0029296875,0.651208758354187,0.021502003073692322,8792.0,0.0
4369,1.1936047159979353,97.1008,6.94207763671875,0.011660178191959858,0.02761468105018139,0.0029296875,0.6525701284408569,0.01986643113195896,8675.0,0.0
4370,1.2004812889936147,97.1008,7.10845422744751,0.01714041829109192,0.02815055102109909,0.0029296875,0.6686736345291138,0.020404621958732605,8641.0,0.0
4371,1.2089194849977503,97.1008,7.350546836853027,0.029625127092003822,0.026699885725975037,0.0029296875,0.6869745254516602,0.027165492996573448,8664.0,0.0
4372,1.2343295439932263,97.1008,7.196652412414551,0.02496526762843132,0.02664988301694393,0.0029296875,0.6683826446533203,0.029383286833763123,8854.0,0.0
4373,1.2006974240066484,97.1008,6.8113555908203125,0.013920304365456104,0.029251331463456154,0.0029296875,0.6389093399047852,0.020889099687337875,8676.0,0.0
4374,1.2041609890002292,97.1008,7.026597023010254,0.021284323185682297,0.026567360386252403,0.0029296875,0.6583768725395203,0.022560518234968185,8666.0,0.0
4375,1.2091018320061266,97.1008,7.1567487716674805,0.025327056646347046,0.03449369966983795,0.0029296875,0.6713604927062988,0.021812479943037033,8657.0,0.0
4376,1.198298175004311,97.1008,7.074464321136475,0.025023138150572777,0.03971930965781212,0.0029296875,0.6597368121147156,0.023814193904399872,8831.0,0.0
4377,1.206112113999552,97.1008,6.6949849128723145,0.01728043705224991,0.028550168499350548,0.0029296875,0.6286126375198364,0.019502829760313034,8665.0,1.0
4378,1.2206304029969033,97.1008,6.90118408203125,0.024902790784835815,0.024390235543251038,0.0029296875,0.6470506191253662,0.022424926981329918,8638.0,0.0
4379,1.2039117259992054,97.1008,7.205380439758301,0.03941815346479416,0.027525389567017555,0.0029296875,0.671103835105896,0.030199598520994186,8648.0,0.0
4380,1.2188762909936486,97.1008,6.983388900756836,0.03183118253946304,0.03114534169435501,0.0029296875,0.6474270820617676,0.026580926030874252,8888.0,0.0
4381,1.2161292290111305,97.1008,6.735731601715088,0.01800849288702011,0.03461869806051254,0.0029296875,0.6324484348297119,0.01936965622007847,8660.0,0.0
4382,1.2115710930083878,97.1008,6.832594394683838,0.022704266011714935,0.025624001398682594,0.0029296875,0.6403404474258423,0.02045823261141777,8672.0,1.0
4383,1.2023220140108606,97.1008,7.0171027183532715,0.029015669599175453,0.023486217483878136,0.0029296875,0.6571245789527893,0.022542094811797142,8648.0,0.0
4384,1.2240839209989645,97.1008,7.033158302307129,0.02878214418888092,0.02319972962141037,0.0029296875,0.6546380519866943,0.022711265832185745,8836.0,1.0
4385,1.2305150430038339,97.1008,6.900094985961914,0.016700180247426033,0.024668099358677864,0.0029296875,0.649289071559906,0.018951617181301117,8670.0,0.0
4386,1.2274771719967248,97.1008,7.138713359832764,0.024654069915413857,0.026115210726857185,0.0029296875,0.6693062782287598,0.02396518364548683,8642.0,0.0
4387,1.227974509994965,97.1008,7.453509330749512,0.029351672157645226,0.028094157576560974,0.0029296875,0.6956872940063477,0.029355859383940697,8692.0,1.0
4388,1.22585887000605,97.1008,7.22251033782959,0.02411537803709507,0.033608898520469666,0.0029296875,0.6742932200431824,0.023017283529043198,8815.0,0.0
4389,1.221271907998016,97.1008,6.888019561767578,0.018243715167045593,0.03570159524679184,0.0029296875,0.6461362838745117,0.020739462226629257,8704.0,0.0
4390,1.219164570007706,97.1008,6.897939205169678,0.018107090145349503,0.025337854400277138,0.0029296875,0.6490939855575562,0.018257809802889824,8657.0,0.0
4391,1.2281478150107432,97.1008,7.143988132476807,0.026395801454782486,0.03246849775314331,0.0029296875,0.6698446273803711,0.02199340984225273,8657.0,0.0
4392,1.2266970490018139,97.1008,7.204869270324707,0.02664126455783844,0.02717120386660099,0.0029296875,0.6728969812393188,0.021459732204675674,8776.0,0.0
4393,1.2260790139989695,97.1008,6.957425117492676,0.017471522092819214,0.03820889815688133,0.0029296875,0.6531216502189636,0.020862257108092308,8719.0,1.0
4394,1.2294123569881776,97.1008,7.176785945892334,0.022977448999881744,0.033342212438583374,0.0029296875,0.6716585159301758,0.02677163854241371,8639.0,2.0
4395,1.2319336640066467,97.1008,7.167438983917236,0.02667357213795185,0.026641961187124252,0.0029296875,0.6688765287399292,0.026383107528090477,8722.0,0.0
4396,1.2254164289915934,97.1008,7.158263683319092,0.02733416110277176,0.03548707813024521,0.0029296875,0.6694380044937134,0.022022247314453125,8717.0,0.0
4397,1.227778535001562,97.1008,7.007035255432129,0.01968921162188053,0.030392788350582123,0.0029296875,0.6561300158500671,0.020932357758283615,8793.0,0.0
4398,1.22973250799987,97.1008,6.95969295501709,0.018619239330291748,0.029224665835499763,0.0029296875,0.6539716720581055,0.0205262191593647,8634.0,2.0
4399,1.2297753559978446,97.1008,7.154506206512451,0.02361130155622959,0.03157883509993553,0.0029296875,0.67145174741745,0.021870065480470657,8677.0,2.0
4400,1.2251764399989042,97.1008,7.242472171783447,0.023097867146134377,0.03603829815983772,0.0029296875,0.6790506839752197,0.02212909609079361,8689.0,0.0
4401,1.2234885660000145,97.1008,6.98740816116333,0.01725609600543976,0.02816569246351719,0.0029296875,0.6521177291870117,0.02472097985446453,8788.0,0.0
4402,1.2214893659984227,97.1008,7.030498504638672,0.015855159610509872,0.028687093406915665,0.0029296875,0.654708743095398,0.028768425807356834,8690.0,1.0
4403,1.250942736005527,97.1008,6.822882652282715,0.012998919934034348,0.029203146696090698,0.0029296875,0.6382362246513367,0.022450070828199387,8673.0,0.0
4404,1.2242132009996567,97.1008,6.900331020355225,0.018925633281469345,0.03140619769692421,0.0029296875,0.6445232629776001,0.023899387568235397,8672.0,0.0
4405,1.2259303749888204,97.1008,6.844379425048828,0.011096959002315998,0.031742047518491745,0.0029296875,0.6390804052352905,0.020874302834272385,8835.0,0.0
4406,1.2303451679908903,97.1008,6.7490105628967285,0.008761582896113396,0.030148686841130257,0.0029296875,0.6321092844009399,0.021670406684279442,8655.0,1.0
4407,1.223768576994189,97.1008,6.763855934143066,0.011384407058358192,0.028804494068026543,0.0029296875,0.6341091394424438,0.020384851843118668,8666.0,0.0
4408,1.2408787390013458,97.1008,7.0278215408325195,0.015965942293405533,0.026063695549964905,0.0029296875,0.658209502696991,0.022701214998960495,8656.0,1.0
4409,1.2451082919869805,97.1008,7.035436630249023,0.016951430588960648,0.029029197990894318,0.0029296875,0.6540681719779968,0.02771979384124279,8810.0,1.0
4410,1.2348375970032066,97.1008,6.96832799911499,0.010941333137452602,0.033812861889600754,0.0029296875,0.650417149066925,0.026304399594664574,8727.0,0.0
4411,1.2250818480097223,97.1008,6.923262119293213,0.01044081524014473,0.0336933434009552,0.0029296875,0.6507927775382996,0.01993374526500702,8643.0,1.0
4412,1.2230680389911868,97.1008,7.158143043518066,0.02002755180001259,0.03407808393239975,0.0029296875,0.6702436208724976,0.023191316053271294,8676.0,0.0
4413,1.228562624004553,97.1008,7.182166576385498,0.019676201045513153,0.026857759803533554,0.0029296875,0.6711927652359009,0.02248053252696991,8802.0,0.0
4414,1.2165085260057822,97.1008,6.960383415222168,0.013384014368057251,0.036662012338638306,0.0029296875,0.6526058912277222,0.021672815084457397,8699.0,0.0
4415,1.2349228789971676,97.1008,6.958240985870361,0.016118496656417847,0.024608882144093513,0.0029296875,0.654265284538269,0.019537005573511124,8645.0,0.0
4416,1.2455374889977975,97.1008,7.177299499511719,0.027692239731550217,0.027228640392422676,0.0029296875,0.6713311076164246,0.0249767005443573,8644.0,0.0
4417,1.2421996539924294,97.1008,7.3274455070495605,0.03182428702712059,0.02707315795123577,0.0029296875,0.678510844707489,0.031056305393576622,8836.0,0.0
4418,1.248876666999422,97.1008,6.880278587341309,0.013859713450074196,0.026174111291766167,0.0029296875,0.6450868844985962,0.021569378674030304,8710.0,0.0
4419,1.2587273540120805,97.1008,7.025101184844971,0.017591796815395355,0.022283248603343964,0.0029296875,0.6595949530601501,0.021281596273183823,8643.0,1.0
4420,1.2509150249970844,97.1008,7.186761379241943,0.022015806287527084,0.024630403146147728,0.0029296875,0.6748757362365723,0.021387435495853424,8671.0,0.0
4421,1.246598896002979,97.1008,7.309777736663818,0.023199310526251793,0.02535558119416237,0.0029296875,0.682013988494873,0.02437177300453186,8793.0,1.0
4422,1.2594992090016603,97.1008,6.966832637786865,0.011298485100269318,0.030048487707972527,0.0029296875,0.6549831628799438,0.019854353740811348,8711.0,1.0
4423,1.2653642259974731,97.1008,6.961638927459717,0.017111945897340775,0.02652037888765335,0.0029296875,0.6541060209274292,0.02060297504067421,8647.0,0.0
4424,1.289763150998624,97.1008,7.226790904998779,0.030502354726195335,0.031112506985664368,0.0029296875,0.6758081316947937,0.027172168716788292,8634.0,0.0
4425,1.2538383430073736,97.1008,7.374472618103027,0.028796400874853134,0.035888586193323135,0.0029296875,0.6848610639572144,0.02963995561003685,8806.0,0.0
4426,1.2453321490029339,97.1008,6.8760528564453125,0.01134399138391018,0.03527519851922989,0.0029296875,0.6461421251296997,0.019456705078482628,8751.0,0.0
4427,1.2463566149963299,97.1008,6.934237957000732,0.01475222036242485,0.023434532806277275,0.0029296875,0.6507879495620728,0.020771203562617302,8673.0,1.0
4428,1.259940980002284,97.1008,7.004324436187744,0.01997998356819153,0.020795436576008797,0.0029296875,0.6579105257987976,0.020315688103437424,8638.0,0.0
4429,1.2616965449997224,97.1008,7.0941386222839355,0.02395864948630333,0.028310922905802727,0.0029296875,0.661588728427887,0.023704886436462402,8745.0,0.0
4430,1.257248604990309,97.1008,6.878420352935791,0.01180207822471857,0.02186988852918148,0.0029296875,0.6460256576538086,0.018603254109621048,8768.0,0.0
4431,1.2589063220075332,97.1008,6.901678085327148,0.01364519726485014,0.019756121560931206,0.0029296875,0.6467941999435425,0.022046778351068497,8634.0,0.0
4432,1.2624110100005055,97.1008,7.158195495605469,0.025005746632814407,0.022715261206030846,0.0029296875,0.6674361228942871,0.02905718982219696,8666.0,1.0
4433,1.258229344006395,97.1008,7.180856227874756,0.02195018157362938,0.02245212160050869,0.0029296875,0.6702083349227905,0.024575993418693542,8749.0,1.0
4434,1.243031689999043,97.1008,6.931474208831787,0.01198629941791296,0.028874622657895088,0.0029296875,0.6488633155822754,0.021108468994498253,8789.0,1.0
4435,1.2448286590079078,97.1008,6.935130596160889,0.011709654703736305,0.03089415840804577,0.0029296875,0.651742696762085,0.019563274458050728,8668.0,0.0
4436,1.245334526989609,97.1008,7.179729461669922,0.023756708949804306,0.024820545688271523,0.00390625,0.6741867065429688,0.021881308406591415,8654.0,2.0
4437,1.2523686349886702,97.1008,7.308931827545166,0.027120456099510193,0.021879294887185097,0.00390625,0.6855783462524414,0.022018656134605408,8691.0,0.0
4438,1.2370855519984616,97.1008,7.090118408203125,0.019894365221261978,0.02614787593483925,0.00390625,0.664264440536499,0.02111053466796875,8805.0,0.0
4439,1.2410749999980908,97.1008,7.0068359375,0.020715216174721718,0.024679431691765785,0.00390625,0.6560883522033691,0.025051601231098175,8636.0,1.0
4440,1.2351212409994332,97.1008,7.164152145385742,0.025539906695485115,0.02065802924335003,0.00390625,0.668432891368866,0.028049161657691002,8687.0,0.0
4441,1.233201896000537,97.1008,7.016514301300049,0.02265314757823944,0.02850823476910591,0.00390625,0.656163215637207,0.02246686816215515,8694.0,0.0
4442,1.2350450449885102,97.1008,6.941354751586914,0.017964381724596024,0.02977306768298149,0.00390625,0.6467680335044861,0.022970622405409813,8843.0,0.0
4443,1.2312643099867273,97.1008,6.702795505523682,0.012725766748189926,0.025426531210541725,0.00390625,0.6296606063842773,0.01932915300130844,8648.0,0.0
4444,1.2324103349965299,97.1008,6.88615608215332,0.01900651305913925,0.03574799746274948,0.00390625,0.6453840732574463,0.022065764293074608,8654.0,0.0
4445,1.2487237549939891,97.1008,7.0278754234313965,0.021528594195842743,0.02391207590699196,0.00390625,0.6591636538505554,0.021147072315216064,8673.0,1.0
4446,1.2581078639923362,97.1008,7.061725616455078,0.02105267159640789,0.03873999044299126,0.00390625,0.6578593254089355,0.024323007091879845,8804.0,0.0
4447,1.2414434959937353,97.1008,7.054502010345459,0.021829359233379364,0.02561492659151554,0.00390625,0.6577067375183105,0.028347060084342957,8686.0,1.0
4448,1.232333217994892,97.1008,7.026477813720703,0.021062839776277542,0.037120018154382706,0.00390625,0.6576112508773804,0.02347453311085701,8699.0,0.0
4449,1.234076777996961,97.1008,7.1819024085998535,0.02121930941939354,0.026808448135852814,0.00390625,0.6741183996200562,0.021905038505792618,8646.0,2.0
4450,1.242577330005588,97.1008,7.154844284057617,0.021664759144186974,0.0326182059943676,0.00390625,0.6674333810806274,0.022585509344935417,8825.0,0.0
4451,1.2645970509911422,97.1008,6.924991607666016,0.012758465483784676,0.02726667746901512,0.00390625,0.6499700546264648,0.021810099482536316,8684.0,0.0
4452,1.2239941009902395,97.1008,6.939509391784668,0.012521428056061268,0.03459152206778526,0.00390625,0.6519545912742615,0.020742857828736305,8658.0,1.0
4453,1.224380382001982,97.1008,7.115389347076416,0.019778847694396973,0.0337812565267086,0.00390625,0.6679352521896362,0.021978167816996574,8648.0,0.0
4454,1.2314855879958486,97.1008,7.232398986816406,0.026299281045794487,0.0319192074239254,0.00390625,0.6724100112915039,0.02783634327352047,8773.0,0.0
4455,1.2311075489997165,97.1008,6.984380722045898,0.02085966244339943,0.038201600313186646,0.00390625,0.6511945724487305,0.02812972292304039,8743.0,0.0
4456,1.2271598189981887,97.1008,6.846837520599365,0.017167702317237854,0.03391133248806,0.00390625,0.6420689821243286,0.020793665200471878,8678.0,0.0
4457,1.2374362929986091,97.1008,6.984918117523193,0.024402983486652374,0.03128534555435181,0.00390625,0.6534591913223267,0.0227216687053442,8667.0,0.0
4458,1.233445831006975,97.1008,7.079380035400391,0.02265293151140213,0.027564529329538345,0.00390625,0.6613956689834595,0.021869411692023277,8758.0,1.0
4459,1.2367839039943647,97.1008,7.0073018074035645,0.011160875670611858,0.026478536427021027,0.00390625,0.6576263308525085,0.02177768014371395,8732.0,0.0
4460,1.2317482810030924,97.1008,6.977736473083496,0.011895173229277134,0.03023378551006317,0.00390625,0.656479001045227,0.019292697310447693,8659.0,0.0
4461,1.2249584130040603,97.1008,7.2194085121154785,0.02038063108921051,0.032352302223443985,0.00390625,0.6775869131088257,0.02291606366634369,8638.0,0.0
4462,1.2370813460001955,97.1008,7.486363887786865,0.028778478503227234,0.03683001175522804,0.00390625,0.6954438090324402,0.030868148431181908,8741.0,0.0
4463,1.2330293609993532,97.1008,6.930383205413818,0.015273785218596458,0.03286641091108322,0.00390625,0.6469635963439941,0.02437402680516243,8822.0,0.0
4464,1.2354054099996574,97.1008,6.765261173248291,0.013929823413491249,0.04033226892352104,0.0029296875,0.6351912617683411,0.02008451148867607,8641.0,0.0
4465,1.228769346998888,97.1008,6.996151447296143,0.020619496703147888,0.02435479313135147,0.0029296875,0.6560457944869995,0.02115296944975853,8666.0,1.0
4466,1.221880698998575,97.1008,7.10233211517334,0.02105005271732807,0.039982449263334274,0.0029296875,0.6638875007629395,0.023288749158382416,8690.0,1.0
4467,1.2275445240084082,97.1008,6.997922897338867,0.01038270816206932,0.0217778068035841,0.0029296875,0.6559942960739136,0.020449183881282806,8830.0,0.0
4468,1.2245627109950874,97.1008,6.924965858459473,0.008674666285514832,0.029356302693486214,0.0029296875,0.6517372131347656,0.018541943281888962,8644.0,0.0
4469,1.2285199029865908,97.1008,7.175877094268799,0.02180267684161663,0.023065097630023956,0.0029296875,0.6730445623397827,0.024065136909484863,8631.0,0.0
4470,1.228239289004705,97.1008,7.461841583251953,0.031184278428554535,0.02651493437588215,0.0029296875,0.6951589584350586,0.02962437830865383,8725.0,0.0
4471,1.2249226700077998,97.1008,7.13538932800293,0.014544821344316006,0.02439151331782341,0.0029296875,0.6681996583938599,0.021614760160446167,8837.0,1.0
4472,1.2524883409932954,97.1008,7.047601699829102,0.010115871205925941,0.034560758620500565,0.0029296875,0.6618642807006836,0.02134304866194725,8671.0,0.0
4473,1.2418944660021225,97.1008,7.0881123542785645,0.014147074893116951,0.024041779339313507,0.0029296875,0.6666006445884705,0.019709639251232147,8638.0,0.0
4474,1.23394931499206,97.1008,7.2924418449401855,0.021135784685611725,0.03981707990169525,0.0029296875,0.682656466960907,0.024003610014915466,8673.0,0.0
4475,1.2384947329992428,97.1008,7.000504493713379,0.012659051455557346,0.034576937556266785,0.0029296875,0.6547362208366394,0.021136848255991936,8839.0,0.0
4476,1.2377755040070042,97.1008,6.807187557220459,0.009660221636295319,0.029808446764945984,0.0029296875,0.6389467120170593,0.02135997638106346,8642.0,1.0
4477,1.2344935860019177,97.1008,7.124734401702881,0.021252786740660667,0.03136546164751053,0.0029296875,0.6657065749168396,0.028318773955106735,8641.0,0.0
4478,1.231464690004941,97.1008,7.181445598602295,0.022578176110982895,0.026362525299191475,0.0029296875,0.6695877313613892,0.02752288058400154,8733.0,2.0
4479,1.2165359600039665,97.1008,7.067840576171875,0.012437423691153526,0.027545714750885963,0.0029296875,0.6608453989028931,0.02203436940908432,8807.0,0.0
4480,1.2176091439905576,97.1008,6.915988922119141,0.0033380300737917423,0.0279446579515934,0.0029296875,0.649567723274231,0.020568035542964935,8685.0,0.0
4481,1.216953718001605,97.1008,7.058096408843994,0.0066474685445427895,0.029543928802013397,0.0029296875,0.6633355617523193,0.021172624081373215,8638.0,0.0
4482,1.224771100009093,97.1008,7.152543544769287,0.014495219103991985,0.0308072492480278,0.0029296875,0.670538604259491,0.02269595116376877,8687.0,0.0
4483,1.2230786099971738,97.1008,7.132444858551025,0.012834726832807064,0.02784499153494835,0.0029296875,0.6663636565208435,0.02224256657063961,8802.0,0.0
4484,1.2352833550103242,97.1008,6.923962593078613,0.005726697854697704,0.026034168899059296,0.0029296875,0.6483823657035828,0.02424255572259426,8665.0,0.0
4485,1.230828946994734,97.1008,7.089117050170898,0.010733600705862045,0.027394600212574005,0.0029296875,0.6600210070610046,0.02917732298374176,8688.0,1.0
4486,1.2246956299932208,97.1008,6.962793827056885,0.009877939708530903,0.029292991384863853,0.0029296875,0.6511217355728149,0.023233022540807724,8682.0,0.0
4487,1.2225552479940234,97.1008,7.012740612030029,0.015379413031041622,0.029780462384223938,0.0029296875,0.6529572010040283,0.024191491305828094,8780.0,2.0
4488,1.2252907299989602,97.1008,6.695894718170166,0.005269220098853111,0.025367572903633118,0.0029296875,0.6293653845787048,0.019101053476333618,8721.0,0.0
4489,1.2523456369963242,97.1008,6.809561252593994,0.013173416256904602,0.03023168258368969,0.0029296875,0.638007402420044,0.021674495190382004,8655.0,0.0
4490,1.2602560619998258,97.1008,6.956596851348877,0.01863730140030384,0.028220320120453835,0.0029296875,0.6523667573928833,0.020950092002749443,8666.0,0.0
4491,1.2511388400016585,97.1008,7.1044416427612305,0.021145159378647804,0.03400816768407822,0.0029296875,0.6625385284423828,0.023585950955748558,8758.0,0.0
4492,1.2376898329966934,97.1008,7.090956211090088,0.014438444748520851,0.03228050470352173,0.0029296875,0.6624555587768555,0.026971450075507164,8714.0,0.0
4493,1.2438194199930876,97.1008,7.039915561676025,0.015130805782973766,0.04342558979988098,0.0029296875,0.6570791006088257,0.026120340451598167,8723.0,0.0
4494,1.2326417169970227,97.1008,6.989256381988525,0.016863521188497543,0.02846319042146206,0.0029296875,0.6564770936965942,0.02080373838543892,8644.0,1.0
4495,1.236442307010293,97.1008,7.127436637878418,0.021718479692935944,0.039219968020915985,0.0029296875,0.665406346321106,0.02359122596681118,8754.0,0.0
4496,1.2453315739985555,97.1008,6.929897308349609,0.012194263748824596,0.027273735031485558,0.0029296875,0.6499033570289612,0.020741267129778862,8749.0,1.0
4497,1.244323548002285,97.1008,6.913436412811279,0.013818146660923958,0.036091964691877365,0.0029296875,0.6480811834335327,0.02127322182059288,8676.0,0.0
4498,1.24949805700453,97.1008,7.104025840759277,0.01942869834601879,0.03567754849791527,0.0029296875,0.6679321527481079,0.020303424447774887,8641.0,0.0
4499,1.267890115006594,97.1008,7.313374042510986,0.02915763482451439,0.034516554325819016,0.0029296875,0.6827346086502075,0.026004290208220482,8693.0,1.0
4500,1.2793467529991176,97.1008,7.155842304229736,0.02187628671526909,0.028062744066119194,0.0029296875,0.6654736995697021,0.029045751318335533,8838.0,0.0
4501,1.241671205003513,97.1008,6.872883319854736,0.00996648520231247,0.03377435728907585,0.0029296875,0.6447435617446899,0.02122725360095501,8671.0,0.0
4502,1.248089187007281,97.1008,6.987696647644043,0.017682339996099472,0.030122175812721252,0.0029296875,0.6558870673179626,0.021853134036064148,8635.0,0.0
4503,1.2508181520097423,97.1008,7.026669025421143,0.02271980792284012,0.033543869853019714,0.0029296875,0.657678484916687,0.022000521421432495,8710.0,0.0
4504,1.254167127990513,97.1008,6.85051965713501,0.013817761093378067,0.033884089440107346,0.0029296875,0.6384192109107971,0.02270764671266079,8818.0,0.0
4505,1.245492796995677,97.1008,6.722652435302734,0.006513156928122044,0.030290190130472183,0.00390625,0.6308341026306152,0.019453179091215134,8666.0,2.0
4506,1.2848585039901081,97.1008,6.891568660736084,0.013088739477097988,0.03389301151037216,0.00390625,0.6468174457550049,0.020840441808104515,8637.0,1.0
4507,1.2788415440008976,97.1008,7.138192176818848,0.02502850815653801,0.0288715623319149,0.00390625,0.6656213998794556,0.027839481830596924,8657.0,1.0
4508,1.286128596009803,97.1008,7.097585678100586,0.02002447284758091,0.030181946232914925,0.00390625,0.6588811278343201,0.02743254229426384,8877.0,0.0
4509,1.287610503990436,97.1008,6.842996120452881,0.009374009445309639,0.02259661629796028,0.00390625,0.6436135768890381,0.019108165055513382,8665.0,0.0
4510,1.2816629500011913,97.1008,7.138017654418945,0.016705334186553955,0.02915111370384693,0.00390625,0.6698252558708191,0.021516617387533188,8665.0,1.0
4511,1.2728926800045883,97.1008,7.260097503662109,0.020536422729492188,0.022915590554475784,0.00390625,0.6817814707756042,0.022541528567671776,8651.0,0.0
4512,1.271816625012434,97.1008,7.230091571807861,0.01858827844262123,0.027447806671261787,0.00390625,0.6738675832748413,0.024018894881010056,8851.0,0.0
4513,1.2741962329891976,97.1008,6.8300299644470215,0.011495998129248619,0.026183173060417175,0.00390625,0.6425073742866516,0.018757976591587067,8658.0,0.0
4514,1.260250413994072,97.1008,7.051255226135254,0.021312344819307327,0.027968259528279305,0.00390625,0.6613057255744934,0.023099228739738464,8636.0,0.0
4515,1.2547576350043528,97.1008,7.3902201652526855,0.031789928674697876,0.02620834670960903,0.00390625,0.6891063451766968,0.030013343319296837,8673.0,0.0
4516,1.2556846070074243,97.1008,7.401073455810547,0.02216183766722679,0.03187410160899162,0.00390625,0.6910796165466309,0.0241207554936409,8862.0,0.0
4517,1.2452134709892562,97.1008,7.135224342346191,0.011182868853211403,0.028432944789528847,0.00390625,0.6715354323387146,0.020660415291786194,8669.0,0.0
4518,1.2391485800035298,97.1008,7.25547456741333,0.014969833195209503,0.033120181411504745,0.00390625,0.6833823919296265,0.01997709833085537,8664.0,0.0
4519,1.2272991389909294,97.1008,7.415996551513672,0.025041790679097176,0.03499847650527954,0.00390625,0.6960694193840027,0.02339964173734188,8661.0,1.0
4520,1.2530127509962767,97.1008,7.359165191650391,0.021296914666891098,0.030986864119768143,0.00390625,0.6875733733177185,0.022831639274954796,8804.0,1.0
4521,1.250221825990593,97.1008,7.081060409545898,0.00994935818016529,0.03606029972434044,0.00390625,0.6658152341842651,0.020653579384088516,8688.0,1.0
4522,1.248943946993677,97.1008,7.317806243896484,0.019407007843255997,0.02437852881848812,0.00390625,0.6860294342041016,0.026263168081641197,8642.0,0.0
4523,1.2347393819945864,97.1008,7.411449909210205,0.027768608182668686,0.030219273641705513,0.00390625,0.6926308870315552,0.02865191362798214,8686.0,0.0
4524,1.239021845991374,97.1008,7.2171549797058105,0.021271804347634315,0.02954638935625553,0.00390625,0.6746015548706055,0.022454865276813507,8800.0,0.0
4525,1.249699296997278,97.1008,6.873195648193359,0.010075008496642113,0.030214011669158936,0.00390625,0.6441092491149902,0.02112453244626522,8741.0,0.0
4526,1.2527139299927512,97.1008,6.851596355438232,0.012677013874053955,0.019421318545937538,0.00390625,0.6436431407928467,0.01978709176182747,8640.0,0.0
4527,1.2524447399919154,97.1008,6.984067440032959,0.021127238869667053,0.020704859867691994,0.00390625,0.6539132595062256,0.0228353813290596,8651.0,0.0
4528,1.2540651940071257,97.1008,7.0652384757995605,0.020343609154224396,0.020097466185688972,0.00390625,0.6590549945831299,0.021910011768341064,8764.0,0.0
4529,1.2351293159881607,97.1008,6.908421039581299,0.01088336668908596,0.030720127746462822,0.00390625,0.6466561555862427,0.022928237915039062,8740.0,0.0
4530,1.2302650899946457,97.1008,7.082241058349609,0.017210235819220543,0.03061307966709137,0.00390625,0.6605382561683655,0.028430726379156113,8663.0,1.0
4531,1.2338540909986477,97.1008,7.055886268615723,0.017951197922229767,0.025704853236675262,0.00390625,0.6604142189025879,0.023468738421797752,8695.0,1.0
4532,1.2215208869893104,97.1008,7.073554992675781,0.024854527786374092,0.027118723839521408,0.00390625,0.6606661677360535,0.02306785248219967,8700.0,0.0
4533,1.2270297270006267,97.1008,6.883738040924072,0.017838740721344948,0.02924397401511669,0.00390625,0.6445387601852417,0.020743098109960556,8806.0,0.0
4534,1.2208908350003185,97.1008,6.881247043609619,0.0161567535251379,0.01929144747555256,0.00390625,0.6453428268432617,0.021618828177452087,8657.0,0.0
4535,1.2250750309904106,97.1008,6.983983516693115,0.020101943984627724,0.029342662543058395,0.00390625,0.6556156873703003,0.021006044000387192,8652.0,0.0
4536,1.2320355480042053,97.1008,7.0903401374816895,0.026434501633048058,0.026539098471403122,0.00390625,0.6628798842430115,0.022947078570723534,8677.0,0.0
4537,1.2359704900009092,97.1008,7.059755802154541,0.02234235778450966,0.016288291662931442,0.00390625,0.6578655242919922,0.026449929922819138,8801.0,0.0
4538,1.2439538870094111,97.1008,7.017691612243652,0.02061495929956436,0.02932457998394966,0.00390625,0.654545783996582,0.027602020651102066,8689.0,0.0
4539,1.2328846009913832,97.1008,6.937643051147461,0.015393100678920746,0.022943878546357155,0.00390625,0.6508160829544067,0.021020308136940002,8672.0,0.0
4540,1.237719206008478,97.1008,7.114518165588379,0.021319527179002762,0.028760109096765518,0.00390625,0.6645771861076355,0.023822059854865074,8695.0,0.0
4541,1.2420628289983142,97.1008,6.940383434295654,0.014686855487525463,0.03256693109869957,0.00390625,0.6489331722259521,0.020597513765096664,8807.0,1.0
4542,1.2327439299988328,97.1008,6.900322437286377,0.012544365599751472,0.031919386237859726,0.00390625,0.647681713104248,0.02120787464082241,8660.0,0.0
4543,1.234930609993171,97.1008,7.003757953643799,0.017067521810531616,0.024171805009245872,0.00390625,0.6582469940185547,0.01963759958744049,8657.0,1.0
4544,1.2248106799961533,97.1008,7.201363563537598,0.027093304321169853,0.04557567089796066,0.00390625,0.6744576692581177,0.02385794185101986,8652.0,1.0
4545,1.2238030809967313,97.1008,7.257750988006592,0.029384437948465347,0.026861198246479034,0.00390625,0.6735252141952515,0.029625073075294495,8833.0,0.0
4546,1.2272935709916055,97.1008,6.8858113288879395,0.014888898469507694,0.04053883999586105,0.00390625,0.6438584327697754,0.022965822368860245,8713.0,0.0
4547,1.220302190995426,97.1008,6.997270107269287,0.017540138214826584,0.031331028789281845,0.00390625,0.6570777297019958,0.020687412470579147,8636.0,0.0
4548,1.2532647020125296,97.1008,7.1773881912231445,0.023648519068956375,0.031632013618946075,0.00390625,0.6726051568984985,0.022510549053549767,8674.0,2.0
4549,1.226208961001248,97.1008,7.240455627441406,0.02016257680952549,0.030995924025774002,0.00390625,0.6755586862564087,0.024069949984550476,8814.0,0.0
4550,1.217659570989781,97.1008,6.937919616699219,0.008906782604753971,0.03242611885070801,0.0029296875,0.6519747972488403,0.02041928842663765,8700.0,0.0
4551,1.2255312709894497,97.1008,7.031107425689697,0.014941399917006493,0.0326702818274498,0.0029296875,0.6611008048057556,0.02050403505563736,8638.0,0.0
4552,1.2217714849975891,97.1008,7.322659015655518,0.02532556653022766,0.03030616044998169,0.0029296875,0.6851650476455688,0.026766281574964523,8642.0,0.0
4553,1.2237366549961735,97.1008,7.344127655029297,0.027419473975896835,0.019060611724853516,0.0029296875,0.680065393447876,0.030859023332595825,8837.0,1.0
4554,1.2312105879973387,97.1008,6.70120096206665,0.006375471595674753,0.028165465220808983,0.0029296875,0.6275251507759094,0.020925939083099365,8723.0,0.0
4555,1.2312021770048887,97.1008,6.767492771148682,0.013870223425328732,0.02357964962720871,0.0029296875,0.6327697038650513,0.022046228870749474,8665.0,0.0
4556,1.2327565970044816,97.1008,6.7878522872924805,0.018067292869091034,0.03151420131325722,0.0029296875,0.6354891061782837,0.020978868007659912,8641.0,0.0
4557,1.2344438409927534,97.1008,6.931560516357422,0.023928433656692505,0.030726805329322815,0.0029296875,0.6441354751586914,0.024561963975429535,8786.0,0.0
4558,1.2419186879997142,97.1008,6.7016282081604,0.010589320212602615,0.03394005820155144,0.0029296875,0.6284992694854736,0.019277116283774376,8733.0,0.0
4559,1.231330472000991,97.1008,6.8285298347473145,0.014124469831585884,0.021776817739009857,0.0029296875,0.6402708888053894,0.021263357251882553,8635.0,0.0
4560,1.231848766998155,97.1008,7.15559196472168,0.02312435209751129,0.021023109555244446,0.0029296875,0.6676360964775085,0.02855386957526207,8636.0,3.0
4561,1.2444392120087286,97.1008,7.074784278869629,0.021789181977510452,0.027830714359879494,0.0029296875,0.6561204195022583,0.02712872251868248,8829.0,0.0
4562,1.2443763949995628,97.1008,6.727649211883545,0.005971449427306652,0.01718900166451931,0.0029296875,0.6297152638435364,0.020448483526706696,8733.0,0.0
4563,1.2614886539959116,97.1008,6.781558513641357,0.007439814507961273,0.02493678778409958,0.0029296875,0.6358402371406555,0.020452408120036125,8667.0,0.0
4564,1.2623716709931614,97.1008,6.927921772003174,0.012704828754067421,0.022316301241517067,0.0029296875,0.6494531631469727,0.021645188331604004,8637.0,0.0
4565,1.2542813220061362,97.1008,7.087526798248291,0.0174566600471735,0.03224441781640053,0.0029296875,0.6617006659507751,0.02335464023053646,8746.0,0.0
4566,1.2584590659971582,97.1008,6.8402628898620605,0.005693907383829355,0.027526799589395523,0.0029296875,0.6411122679710388,0.02022646740078926,8775.0,0.0
4567,1.265330599999288,97.1008,6.90092658996582,0.008515912108123302,0.02843150682747364,0.0029296875,0.6464418172836304,0.02413315884768963,8636.0,0.0
4568,1.2573750050069066,97.1008,7.129984378814697,0.01986788585782051,0.03338584676384926,0.0029296875,0.6641895174980164,0.029188988730311394,8684.0,0.0
4569,1.2808609299972886,97.1008,7.066035270690918,0.017903443425893784,0.03046257793903351,0.0029296875,0.6602625846862793,0.02383193001151085,8716.0,1.0
4570,1.2479166700068163,97.1008,6.867419242858887,0.011179700493812561,0.03298991546034813,0.0029296875,0.6405649185180664,0.02317437157034874,8808.0,0.0
4571,1.2499002830008976,97.1008,6.798221111297607,0.003057438414543867,0.028093375265598297,0.0029296875,0.6386528015136719,0.01939678192138672,8656.0,1.0
4572,1.2420112829859136,97.1008,7.081958770751953,0.011354292742908001,0.03517012670636177,0.0029296875,0.6639828681945801,0.022576583549380302,8654.0,0.0
4573,1.24222032999387,97.1008,7.079002380371094,0.014943595975637436,0.03863942623138428,0.0029296875,0.6626583337783813,0.022030264139175415,8690.0,1.0
4574,1.2403612819907721,97.1008,6.99386739730835,0.012395936995744705,0.0305144265294075,0.0029296875,0.6533496379852295,0.022861972451210022,8806.0,1.0
4575,1.244736474007368,97.1008,7.045723915100098,0.012587467208504677,0.03955823555588722,0.0029296875,0.6585689783096313,0.02742752991616726,8639.0,0.0
4576,1.2426621429913212,97.1008,7.085250377655029,0.014092250727117062,0.02821524813771248,0.0029296875,0.6610075235366821,0.026332883164286613,8720.0,1.0
4577,1.2494902969920076,97.1008,7.111855506896973,0.012857439927756786,0.03492429852485657,0.0029296875,0.6665619015693665,0.022234860807657242,8660.0,0.0
4578,1.2541360019968124,97.1008,7.027859687805176,0.011792100965976715,0.031129179522395134,0.00390625,0.6558994054794312,0.022556107491254807,8834.0,1.0
4579,1.2586777429969516,97.1008,6.78366756439209,0.007947511970996857,0.02755175344645977,0.00390625,0.6369185447692871,0.02013726532459259,8651.0,0.0
4580,1.2641149980045157,97.1008,6.914266109466553,0.016203787177801132,0.03069267049431801,0.00390625,0.6478518843650818,0.02099878154695034,8681.0,0.0
4581,1.2540082519990392,97.1008,6.955987930297852,0.019955139607191086,0.03385203704237938,0.0048828125,0.6523475646972656,0.020930126309394836,8653.0,1.0
4582,1.2484478000114905,97.1008,7.059743881225586,0.01928386278450489,0.03822481259703636,0.0048828125,0.6573886871337891,0.025561552494764328,8801.0,0.0
4583,1.2538848100084579,97.1008,7.136989593505859,0.013313163071870804,0.03286097198724747,0.0048828125,0.6661980152130127,0.02825438603758812,8710.0,1.0
4584,1.2563828819984337,97.1008,6.931581020355225,0.007299081422388554,0.030573081225156784,0.0048828125,0.6498529314994812,0.021770723164081573,8674.0,1.0
4585,1.2572565699956613,97.1008,6.950302600860596,0.012828649953007698,0.030777888372540474,0.0048828125,0.6507306098937988,0.02279588207602501,8651.0,0.0
4586,1.2566039180092048,97.1008,7.019609451293945,0.011772751808166504,0.03479621186852455,0.0048828125,0.6546809077262878,0.022209525108337402,8807.0,0.0
4587,1.259345734011731,97.1008,6.871113300323486,0.0072709922678768635,0.025850217789411545,0.0048828125,0.6439534425735474,0.02193429134786129,8700.0,0.0
4588,1.252724952006247,97.1008,6.86804723739624,0.011641956865787506,0.034562885761260986,0.0048828125,0.6444229483604431,0.020220642909407616,8665.0,1.0
4589,1.2479941329947906,97.1008,7.104578495025635,0.020639264956116676,0.030674045905470848,0.00390625,0.6661992073059082,0.0225149504840374,8646.0,0.0
4590,1.2578782940108795,97.1008,7.236846923828125,0.026134487241506577,0.026154356077313423,0.00390625,0.6720389723777771,0.029048632830381393,8763.0,0.0
4591,1.261105099998531,97.1008,6.8062238693237305,0.015180976130068302,0.027209172025322914,0.00390625,0.6329078674316406,0.026678305119276047,8786.0,0.0
4592,1.2545581640006276,97.1008,6.704333782196045,0.009534437209367752,0.022881442680954933,0.00390625,0.6284472942352295,0.019669920206069946,8645.0,0.0
4593,1.2455817940062843,97.1008,6.872076034545898,0.01628677174448967,0.03095811977982521,0.00390625,0.6428594589233398,0.02213893085718155,8665.0,0.0
4594,1.2510367430077167,97.1008,6.902913570404053,0.02083125151693821,0.029589064419269562,0.00390625,0.6426425576210022,0.022778017446398735,8742.0,0.0
4595,1.2760588960081805,97.1008,6.717569351196289,0.013155760243535042,0.02813604287803173,0.00390625,0.6274664998054504,0.021743014454841614,8766.0,0.0
4596,1.2548492110072402,97.1008,6.77374792098999,0.009796429425477982,0.030636264011263847,0.00390625,0.6356459856033325,0.019597265869379044,8641.0,0.0
4597,1.2451343220018316,97.1008,6.949167251586914,0.017853744328022003,0.023487424477934837,0.00390625,0.6497798562049866,0.024581357836723328,8637.0,0.0
4598,1.2467223939893302,97.1008,7.169824123382568,0.026607438921928406,0.031251195818185806,0.00390625,0.6639114022254944,0.03174367547035217,8742.0,0.0
4599,1.2500143740035128,97.1008,6.680638790130615,0.00962977297604084,0.027149464935064316,0.00390625,0.6230239868164062,0.022704973816871643,8813.0,0.0
4600,1.2533566679921933,97.1008,6.647267818450928,0.0059431674890220165,0.030582817271351814,0.00390625,0.6222801804542542,0.0211783554404974,8640.0,0.0
4601,1.2501286960032303,97.1008,6.838634967803955,0.012511784210801125,0.024912502616643906,0.00390625,0.6414444446563721,0.020435554906725883,8668.0,1.0
4602,1.235817409993615,97.1008,7.134211540222168,0.02034071460366249,0.029495568946003914,0.0029296875,0.6660436987876892,0.023828592151403427,8701.0,0.0
4603,1.228079794003861,97.1008,6.958499908447266,0.013547834940254688,0.025565730407834053,0.0029296875,0.6512396335601807,0.020794298499822617,8813.0,0.0
4604,1.2359564869984752,97.1008,6.841732025146484,0.011270704679191113,0.027554521337151527,0.0029296875,0.6422934532165527,0.020416351035237312,8639.0,0.0
4605,1.2355081460118527,97.1008,7.108100414276123,0.022976834326982498,0.026704421266913414,0.0029296875,0.6646417379379272,0.0267729964107275,8636.0,0.0
4606,1.2349914880032884,97.1008,7.182279586791992,0.030151858925819397,0.02568013221025467,0.0029296875,0.6676769256591797,0.02945931814610958,8710.0,0.0
4607,1.2355463440035237,97.1008,6.868011951446533,0.01559433899819851,0.03090675361454487,0.001953125,0.641430139541626,0.020782897248864174,8846.0,2.0
4608,1.2361169990035705,97.1008,6.83863639831543,0.012439688667654991,0.035554010421037674,0.001953125,0.6411754488945007,0.020630061626434326,8668.0,0.0
4609,1.2263518270046916,97.1008,6.911586761474609,0.01695968769490719,0.02970726042985916,0.001953125,0.6488244533538818,0.020188404247164726,8639.0,0.0
4610,1.2283703339926433,97.1008,7.127155303955078,0.023906148970127106,0.02544477954506874,0.001953125,0.6665729284286499,0.02369026094675064,8678.0,1.0
4611,1.2298836150002899,97.1008,7.074007034301758,0.01441431324928999,0.030829843133687973,0.001953125,0.6615283489227295,0.020622387528419495,8823.0,1.0
4612,1.2262638039974263,97.1008,7.054283618927002,0.00983313750475645,0.025205429643392563,0.001953125,0.6628246307373047,0.022073393687605858,8651.0,0.0
4613,1.2290817979956046,97.1008,7.262599945068359,0.01909232884645462,0.03253951668739319,0.001953125,0.6780662536621094,0.02840922586619854,8667.0,0.0
4614,1.2302626689925091,97.1008,7.280115127563477,0.020069360733032227,0.023686228320002556,0.001953125,0.6816515326499939,0.023873403668403625,8706.0,0.0
4615,1.2224506589991506,97.1008,7.120991230010986,0.016501206904649734,0.03634929284453392,0.001953125,0.6654181480407715,0.022140061482787132,8801.0,0.0
4616,1.2534569409908727,97.1008,6.828991889953613,0.008360045962035656,0.03816084563732147,0.001953125,0.6420530676841736,0.019027238711714745,8692.0,0.0
4617,1.2300644159986405,97.1008,6.975500583648682,0.015050896443426609,0.03840940445661545,0.001953125,0.654911994934082,0.02119193971157074,8653.0,0.0
4618,1.2296679790015332,97.1008,7.039745807647705,0.017042020335793495,0.02894892916083336,0.001953125,0.660336434841156,0.021141132339835167,8666.0,1.0
4619,1.2194869619997917,97.1008,7.066565990447998,0.015355571173131466,0.033327292650938034,0.001953125,0.6587007641792297,0.022516820579767227,8791.0,0.0
4620,1.2245608800003538,97.1008,6.901345252990723,0.010001339949667454,0.02205738238990307,0.001953125,0.6450556516647339,0.025484923273324966,8680.0,0.0
4621,1.2236138790030964,97.1008,7.075758457183838,0.014126326888799667,0.030022205784916878,0.001953125,0.6601423621177673,0.027717608958482742,8691.0,0.0
4622,1.231712006003363,97.1008,6.940008640289307,0.01584196835756302,0.025577081367373466,0.001953125,0.6500174403190613,0.021406542509794235,8679.0,0.0
4623,1.2306229850073578,97.1008,7.019765853881836,0.018081452697515488,0.028832394629716873,0.001953125,0.6529176235198975,0.023606836795806885,8795.0,0.0
4624,1.2283052239945391,97.1008,6.75462532043457,0.007188314106315374,0.025268064811825752,0.001953125,0.6341339349746704,0.019251015037298203,8698.0,0.0
4625,1.2270140460022958,97.1008,6.871061325073242,0.010953976772725582,0.027998503297567368,0.001953125,0.6446170806884766,0.02134646289050579,8659.0,0.0
4626,1.225334972012206,97.1008,7.025792121887207,0.014146488159894943,0.030378783121705055,0.001953125,0.6601135730743408,0.019610067829489708,8659.0,1.0
4627,1.2268339549918892,97.1008,7.212202072143555,0.021142300218343735,0.03657456487417221,0.001953125,0.6719174385070801,0.024074643850326538,8748.0,0.0
4628,1.224679721010034,97.1008,7.0769548416137695,0.01977263018488884,0.030547481030225754,0.001953125,0.6596963405609131,0.027843229472637177,8753.0,0.0
4629,1.215533840993885,97.1008,6.953667163848877,0.013982442207634449,0.028287669643759727,0.001953125,0.6512165665626526,0.02264256402850151,8697.0,0.0
4630,1.2235676989948843,97.1008,6.997865676879883,0.014083510264754295,0.035252753645181656,0.001953125,0.6563199758529663,0.021116510033607483,8641.0,0.0
4631,1.2260737029864686,97.1008,7.113635063171387,0.018596036359667778,0.030689457431435585,0.001953125,0.664626955986023,0.022382965311408043,8740.0,0.0
4632,1.233021528008976,97.1008,6.961945056915283,0.011359385214745998,0.03516170009970665,0.001953125,0.6519107818603516,0.02146839164197445,8777.0,1.0
4633,1.2527239520131843,97.1008,6.921847820281982,0.01218183059245348,0.03158542886376381,0.001953125,0.649492621421814,0.019578808918595314,8660.0,0.0
4634,1.253329972998472,97.1008,7.0459723472595215,0.01798955723643303,0.02630399353802204,0.0029296875,0.661705493927002,0.02023632451891899,8638.0,0.0
4635,1.2279010780039243,97.1008,7.319988250732422,0.024910282343626022,0.023335376754403114,0.0029296875,0.6828378438949585,0.02691597118973732,8684.0,0.0
4636,1.238996454005246,97.1008,7.17985725402832,0.017737645655870438,0.030735647305846214,0.0029296875,0.6682366132736206,0.027963440865278244,8838.0,0.0
4637,1.2419068059971323,97.1008,6.859994888305664,0.007686309516429901,0.027556806802749634,0.0029296875,0.6440823078155518,0.01969705894589424,8676.0,1.0
4638,1.2404653929988854,97.1008,7.083437919616699,0.013498769141733646,0.03545737266540527,0.0029296875,0.6640488505363464,0.021446049213409424,8669.0,1.0
4639,1.2306117760017514,97.1008,7.175220012664795,0.019503863528370857,0.024719443172216415,0.001953125,0.6732773184776306,0.02084224298596382,8668.0,3.0
4640,1.226598668989027,97.1008,7.025565147399902,0.01582629606127739,0.03950877860188484,0.001953125,0.6563576459884644,0.022209685295820236,8823.0,1.0
4641,1.2278175609972095,97.1008,6.770524501800537,0.007227770984172821,0.03806858882308006,0.001953125,0.6361002922058105,0.018401268869638443,8666.0,2.0
4642,1.2338289620092837,97.1008,6.906192779541016,0.015547051094472408,0.031234269961714745,0.001953125,0.6478798389434814,0.021612148731946945,8639.0,0.0
4643,1.2317382280016318,97.1008,7.103868007659912,0.02825118601322174,0.034301526844501495,0.001953125,0.660529613494873,0.029525168240070343,8669.0,0.0
4644,1.2848042219993658,97.1008,6.843016147613525,0.01996788941323757,0.032187532633543015,0.001953125,0.6346067190170288,0.024798184633255005,8884.0,0.0
4645,1.2324348880065372,97.1008,6.590961456298828,0.01001782063394785,0.039823438972234726,0.001953125,0.6183156967163086,0.018790217116475105,8652.0,0.0
4646,1.237254525985918,97.1008,6.789677143096924,0.01753450743854046,0.03010241501033306,0.001953125,0.6364035606384277,0.019663764163851738,8670.0,0.0
4647,1.2258455620030873,97.1008,7.03085470199585,0.023901652544736862,0.028890132904052734,0.001953125,0.6590819358825684,0.022050505504012108,8645.0,0.0
4648,1.2302622890128987,97.1008,6.916757583618164,0.022108260542154312,0.03295901417732239,0.001953125,0.6452181935310364,0.021633680909872055,8838.0,0.0
4649,1.244619386998238,97.1008,6.809104919433594,0.011442390270531178,0.0288607906550169,0.001953125,0.6399254202842712,0.018765538930892944,8670.0,0.0
4650,1.2281670079973992,97.1008,7.030999183654785,0.017674388363957405,0.03422486409544945,0.001953125,0.6585788726806641,0.023979704827070236,8642.0,0.0
4651,1.231873295007972,97.1008,7.244992733001709,0.023789308965206146,0.029950661584734917,0.001953125,0.6746570467948914,0.029088392853736877,8691.0,0.0
4652,1.2269676319992868,97.1008,7.05061674118042,0.016052139922976494,0.033254802227020264,0.001953125,0.6572285890579224,0.022638320922851562,8827.0,0.0
4653,1.234436184997321,97.1008,6.848720073699951,0.006577963009476662,0.02997264452278614,0.001953125,0.6422810554504395,0.02061583660542965,8702.0,0.0
4654,1.228576494002482,97.1008,6.878207206726074,0.006755223032087088,0.030392561107873917,0.001953125,0.646814227104187,0.017839869484305382,8646.0,1.0
4655,1.2330709480011137,97.1008,7.052676677703857,0.013185661286115646,0.029485246166586876,0.001953125,0.660678505897522,0.02120085060596466,8656.0,1.0
4656,1.243394264995004,97.1008,7.047281742095947,0.01540323905646801,0.03377364203333855,0.001953125,0.6575191020965576,0.021097056567668915,8792.0,1.0
4657,1.2532336489966838,97.1008,6.721706390380859,0.008727723732590675,0.0301054697483778,0.001953125,0.629769504070282,0.020554177463054657,8700.0,1.0
4658,1.2447959379933309,97.1008,6.936942100524902,0.017057765275239944,0.028325069695711136,0.001953125,0.6472229957580566,0.026834238320589066,8637.0,0.0
4659,1.243030125988298,97.1008,6.96014928817749,0.020434098318219185,0.033800240606069565,0.001953125,0.6479940414428711,0.02561800554394722,8720.0,0.0
4660,1.2412015970039647,97.1008,6.883546829223633,0.021114500239491463,0.033320941030979156,0.001953125,0.6407183408737183,0.021902184933423996,8758.0,0.0
4661,1.23740345700935,97.1008,6.681027412414551,0.012092063203454018,0.03293450549244881,0.001953125,0.6246434450149536,0.02032553218305111,8750.0,0.0
4662,1.2322188280086266,97.1008,6.769798278808594,0.011764111928641796,0.03622480109333992,0.001953125,0.6349093914031982,0.02038397081196308,8637.0,0.0
4663,1.2386288439884083,97.1008,6.9739227294921875,0.014424441382288933,0.022109849378466606,0.001953125,0.6531457304954529,0.02132456563413143,8674.0,1.0
4664,1.246109511994291,97.1008,7.091754913330078,0.017039526253938675,0.032280899584293365,0.001953125,0.6622414588928223,0.021284975111484528,8723.0,0.0
4665,1.2706537310004933,97.1008,6.783402919769287,0.010721004568040371,0.028292516246438026,0.001953125,0.6327945590019226,0.023199429735541344,8761.0,1.0
4666,1.242355577996932,97.1008,6.915120601654053,0.016331015154719353,0.0358462929725647,0.001953125,0.6440762281417847,0.026827577501535416,8684.0,1.0
4667,1.2433614570036298,97.1008,6.737874507904053,0.01660972274839878,0.02390342950820923,0.001953125,0.6307725310325623,0.021170128136873245,8671.0,0.0
4668,1.2439295389922336,97.1008,6.806036949157715,0.022147908806800842,0.029027948155999184,0.001953125,0.6342273950576782,0.023110777139663696,8691.0,0.0
4669,1.2361588569910964,97.1008,6.652192115783691,0.008873364888131618,0.03952751308679581,0.001953125,0.6221093535423279,0.019067639485001564,8817.0,1.0
4670,1.232643316994654,97.1008,6.664228439331055,0.009417842142283916,0.03284907341003418,0.001953125,0.6240834593772888,0.02017040364444256,8655.0,2.0
4671,1.2488233540061628,97.1008,6.76112174987793,0.014687360264360905,0.03612087666988373,0.001953125,0.6342419385910034,0.01898009330034256,8659.0,1.0
4672,1.250705664002453,97.1008,6.993598937988281,0.02380317822098732,0.04199513420462608,0.001953125,0.6537572741508484,0.02239571325480938,8671.0,0.0
4673,1.2459047860029386,97.1008,6.938309669494629,0.020694779232144356,0.03678720444440842,0.001953125,0.6448494791984558,0.0271657332777977,8807.0,0.0
4674,1.2541454349993728,97.1008,6.803975582122803,0.01209443248808384,0.040425367653369904,0.001953125,0.6347864866256714,0.024720650166273117,8723.0,0.0
4675,1.2532885240070755,97.1008,6.778722763061523,0.010498395189642906,0.039146631956100464,0.001953125,0.6362411975860596,0.01892918348312378,8638.0,0.0
4676,1.250496426000609,97.1008,7.004175662994385,0.01728959195315838,0.03869409114122391,0.001953125,0.6546667814254761,0.021838024258613586,8681.0,1.0
4677,1.2516307519981638,97.1008,6.973895072937012,0.011045370250940323,0.04630805179476738,0.001953125,0.651538610458374,0.0212397538125515,8812.0,0.0
4678,1.2501653319923207,97.1008,6.871370792388916,0.007338576018810272,0.03093535825610161,0.001953125,0.64452064037323,0.020360073074698448,8689.0,1.0
4679,1.2234407370124245,97.1008,6.950860023498535,0.011435736902058125,0.027126867324113846,0.001953125,0.654041051864624,0.01896597258746624,8637.0,0.0
4680,1.2219903689983767,97.1008,7.27173376083374,0.02100934274494648,0.025513026863336563,0.001953125,0.6802451014518738,0.025035066530108452,8646.0,0.0
4681,1.2229278890008572,97.1008,7.19331169128418,0.022648539394140244,0.024289680644869804,0.001953125,0.6666211485862732,0.030529355630278587,8852.0,0.0
4682,1.2345557219960028,97.1008,6.777978420257568,0.007081318646669388,0.020125767216086388,0.001953125,0.6356351375579834,0.02076428383588791,8700.0,0.0
4683,1.2400712740054587,97.1008,6.9020280838012695,0.013253878802061081,0.02825629524886608,0.001953125,0.6475034356117249,0.02092835120856762,8633.0,0.0
4684,1.248077458993066,97.1008,7.073916435241699,0.019172899425029755,0.01750953122973442,0.0009765625,0.663355827331543,0.02075011283159256,8674.0,0.0
4685,1.2411954669951228,97.1008,7.191079139709473,0.01905709132552147,0.028885403648018837,0.0009765625,0.6705750226974487,0.02325083129107952,8816.0,0.0
4686,1.2445957580057438,97.1008,6.845385551452637,0.005270915571600199,0.022477172315120697,0.0009765625,0.6431748270988464,0.018673116341233253,8694.0,0.0
4687,1.24339567500283,97.1008,6.984709739685059,0.00968463160097599,0.030339807271957397,0.0009765625,0.6565176248550415,0.019887518137693405,8636.0,0.0
4688,1.2385993170028087,97.1008,7.309673309326172,0.02321016788482666,0.024015620350837708,0.0009765625,0.6829450130462646,0.026874547824263573,8642.0,0.0
4689,1.2479067920066882,97.1008,7.295955181121826,0.023626627400517464,0.02892499603331089,0.0009765625,0.6768189668655396,0.028459250926971436,8843.0,0.0
4690,1.2462557130056666,97.1008,7.055798053741455,0.002135559218004346,0.03153282776474953,0.0009765625,0.6643904447555542,0.018229495733976364,8717.0,0.0
4691,1.2458094640023774,97.1008,7.031059265136719,0.00817064382135868,0.02228330262005329,0.0009765625,0.6603246331214905,0.020023997873067856,8667.0,0.0
4692,1.2430203310068464,97.1008,7.133377552032471,0.01847132295370102,0.04134009778499603,0.0009765625,0.670592725276947,0.02025417983531952,8636.0,0.0
4693,1.2814643629972124,97.1008,7.301403999328613,0.022233668714761734,0.03234877064824104,0.0009765625,0.6806410551071167,0.02325168251991272,8802.0,0.0
4694,1.2543336770031601,97.1008,6.785652160644531,0.006860640365630388,0.026541750878095627,0.0009765625,0.637196958065033,0.01782872900366783,8720.0,0.0
4695,1.251125196009525,97.1008,6.904345512390137,0.015193807892501354,0.02841818518936634,0.0009765625,0.646848201751709,0.02176154963672161,8631.0,0.0
4696,1.255605911006569,97.1008,7.217825412750244,0.026905961334705353,0.0314754918217659,0.0009765625,0.6725883483886719,0.028821825981140137,8662.0,0.0
4697,1.2427213659975678,97.1008,7.006046772003174,0.020788609981536865,0.03736622631549835,0.0009765625,0.6523625254631042,0.02407553419470787,8793.0,0.0
4698,1.2450672749982914,97.1008,6.847272872924805,0.00897401012480259,0.02234693244099617,0.0009765625,0.6411857008934021,0.020476017147302628,8750.0,0.0
4699,1.2467729679920012,97.1008,6.866275310516357,0.013723190873861313,0.0395972914993763,0.0009765625,0.645314633846283,0.01895303837954998,8661.0,0.0
4700,1.2473998600034975,97.1008,7.168582916259766,0.0214498620480299,0.02951100841164589,0.0009765625,0.6724725961685181,0.021834492683410645,8650.0,0.0
4701,1.2561723500111839,97.1008,7.193688869476318,0.02281803824007511,0.03413703665137291,0.0009765625,0.6727970838546753,0.021881014108657837,8724.0,1.0
4702,1.257800360006513,97.1008,6.704418182373047,0.010535484179854393,0.033132657408714294,0.0009765625,0.6263691186904907,0.020135726779699326,8785.0,0.0
4703,1.247900299000321,97.1008,6.812320709228516,0.015472880564630032,0.033129580318927765,0.0009765625,0.6368598937988281,0.024622034281492233,8634.0,0.0
4704,1.2581494319892954,97.1008,6.992646217346191,0.022248081862926483,0.03298698365688324,0.0009765625,0.6521385312080383,0.02697327733039856,8680.0,2.0
4705,1.2552078580047237,97.1008,6.902667999267578,0.017151154577732086,0.028780385851860046,0.0009765625,0.6457242369651794,0.02117834985256195,8713.0,1.0
4706,1.2674708980048308,97.1008,6.837740898132324,0.010299894958734512,0.03349842131137848,0.0009765625,0.6380051970481873,0.02109464630484581,8832.0,1.0
4707,1.2660528690030333,97.1008,6.786691665649414,0.004047531634569168,0.028156276792287827,0.0009765625,0.6377553343772888,0.018074633553624153,8638.0,1.0
4708,1.2632523250067607,97.1008,6.985707759857178,0.01246203575283289,0.03317822888493538,0.0009765625,0.6554201245307922,0.02079208754003048,8650.0,0.0
4709,1.2681988090043887,97.1008,7.0972418785095215,0.015709564089775085,0.027983106672763824,0.0009765625,0.6658909320831299,0.02020060084760189,8689.0,0.0
4710,1.2688135929929558,97.1008,7.11013650894165,0.012055352330207825,0.03512847051024437,0.0009765625,0.6638966798782349,0.023003412410616875,8810.0,0.0
4711,1.2576261020003585,97.1008,7.057531356811523,0.0160930585116148,0.029410237446427345,0.0009765625,0.6588116884231567,0.02742580696940422,8670.0,0.0
4712,1.2549945659993682,97.1008,7.087993621826172,0.01796315424144268,0.026071878150105476,0.0009765625,0.6645895838737488,0.022468185052275658,8691.0,0.0
4713,1.2837437740090536,97.1008,7.18380069732666,0.02268362045288086,0.02664789929986,0.0009765625,0.6742491722106934,0.021916091442108154,8652.0,1.0
4714,1.2875329870003043,97.1008,7.0413055419921875,0.018992319703102112,0.020778046920895576,0.0009765625,0.6566252708435059,0.02132539264857769,8834.0,0.0
4715,1.2747073960053967,97.1008,6.893517971038818,0.012172304093837738,0.03108265809714794,0.0009765625,0.6471883058547974,0.020572159439325333,8673.0,1.0
4716,1.2625620850012638,97.1008,6.930534839630127,0.013360477052628994,0.028206054121255875,0.0009765625,0.650810718536377,0.01954781636595726,8655.0,0.0
4717,1.252738857991062,97.1008,7.047192096710205,0.017691895365715027,0.02065574936568737,0.0009765625,0.66060471534729,0.021004026755690575,8647.0,0.0
4718,1.2498549739975715,97.1008,7.186578273773193,0.021095633506774902,0.032300688326358795,0.0009765625,0.6679908633232117,0.026377800852060318,8800.0,0.0
4719,1.245442967992858,97.1008,6.888418674468994,0.013351070694625378,0.03279188647866249,0.0009765625,0.642561137676239,0.026029571890830994,8715.0,0.0
4720,1.253364717005752,97.1008,6.816920280456543,0.008999573066830635,0.02499903179705143,0.0009765625,0.6401073932647705,0.01883288472890854,8679.0,1.0
4721,1.251358932000585,97.1008,7.068126678466797,0.015541380271315575,0.03183753415942192,0.0009765625,0.6625908613204956,0.02097952365875244,8672.0,0.0
4722,1.249796094998601,97.1008,7.15418815612793,0.015312799252569675,0.02884857729077339,0.0009765625,0.6678957939147949,0.02048332616686821,8782.0,0.0
4723,1.2484423010027967,97.1008,6.859378337860107,0.007300945930182934,0.04517550766468048,0.0009765625,0.6435428857803345,0.020106887444853783,8705.0,1.0
4724,1.2474177459953353,97.1008,6.863870143890381,0.009074626490473747,0.03493447229266167,0.0009765625,0.6458907723426819,0.017710544168949127,8658.0,0.0
4725,1.248146526995697,97.1008,7.050262928009033,0.017702780663967133,0.03630971163511276,0.0009765625,0.6607306003570557,0.021777156740427017,8636.0,0.0
4726,1.232384914997965,97.1008,7.150913715362549,0.023417983204126358,0.038461316376924515,0.0009765625,0.6617275476455688,0.029486365616321564,8787.0,2.0
4727,1.2431203089945484,97.1008,6.7733235359191895,0.005720002111047506,0.02797609567642212,0.0009765625,0.6320998072624207,0.02249251864850521,8767.0,0.0
4728,1.2475050600041868,97.1008,6.759317874908447,0.004600553773343563,0.03235641494393349,0.0009765625,0.634154736995697,0.019223157316446304,8641.0,0.0
4729,1.2402281709946692,97.1008,7.014069080352783,0.015010219067335129,0.023384956642985344,0.0009765625,0.6579830646514893,0.020139511674642563,8664.0,1.0
4730,1.2408935059938813,97.1008,7.192093849182129,0.020853934809565544,0.030694585293531418,0.0009765625,0.6718198657035828,0.022556442767381668,8740.0,0.0
4731,1.2483537780062761,97.1008,6.964262962341309,0.009817905724048615,0.025970008224248886,0.0009765625,0.6538125276565552,0.019180405884981155,8775.0,1.0
4732,1.2530720990034752,97.1008,6.952041149139404,0.006076367571949959,0.030592236667871475,0.0009765625,0.654001772403717,0.01855435222387314,8639.0,0.0
4733,1.2441127390047768,97.1008,7.2248992919921875,0.01678614318370819,0.024195024743676186,0.0009765625,0.677076518535614,0.02431040070950985,8633.0,1.0
4734,1.2423328699951526,97.1008,7.463099479675293,0.02055642381310463,0.030067557469010353,0.0009765625,0.694767951965332,0.02919541858136654,8751.0,0.0
4735,1.2473527410038514,97.1008,7.135113716125488,0.0024092195089906454,0.03341261297464371,0.0009765625,0.6692594289779663,0.020226430147886276,8809.0,1.0
4736,1.2530163670016918,97.1008,7.226230144500732,0.004249929450452328,0.029674924910068512,0.0009765625,0.679735541343689,0.020325852558016777,8664.0,0.0
4737,1.2417522969917627,97.1008,7.281954765319824,0.01165096927434206,0.024709859862923622,0.0009765625,0.6861364245414734,0.01865912228822708,8638.0,0.0
4738,1.2405856099940138,97.1008,7.549937725067139,0.01911715790629387,0.03926372155547142,0.0009765625,0.7084101438522339,0.022762279957532883,8701.0,1.0
4739,1.2366832719999366,97.1008,7.221462249755859,0.009175620973110199,0.03170048072934151,0.0009765625,0.678625762462616,0.01905345916748047,8817.0,0.0
4740,1.2716935520002153,97.1008,7.134203910827637,0.006812491454184055,0.027018483728170395,0.0009765625,0.6712211966514587,0.019763821735978127,8638.0,1.0
4741,1.2345538630033843,97.1008,7.336343765258789,0.0178544819355011,0.025904899463057518,0.0009765625,0.6869060397148132,0.026573050767183304,8636.0,0.0
4742,1.2262628879980184,97.1008,7.204262733459473,0.018719812855124474,0.030478620901703835,0.0009765625,0.671862781047821,0.02525576576590538,8745.0,2.0
4743,1.2257614020054461,97.1008,6.92901086807251,0.0071314298547804356,0.031214991584420204,0.0009765625,0.6477046012878418,0.0197678804397583,8811.0,0.0
4744,1.2450738129991805,97.1008,6.86279821395874,0.0014888494042679667,0.02094016596674919,0.0009765625,0.645781397819519,0.018589172512292862,8670.0,1.0
4745,1.245612461003475,97.1008,7.1126179695129395,0.0077765509486198425,0.02454235963523388,0.001953125,0.6689566373825073,0.01990111544728279,8633.0,1.0
4746,1.2490646009973716,97.1008,7.244929313659668,0.012558588758111,0.02384866029024124,0.001953125,0.6792387962341309,0.021228045225143433,8691.0,0.0
4747,1.2371381069970084,97.1008,7.111056327819824,0.009105363860726357,0.02875262126326561,0.001953125,0.6654447317123413,0.020152010023593903,8809.0,0.0
4748,1.2402535370056285,97.1008,6.948225498199463,0.005016006529331207,0.03346088156104088,0.001953125,0.6514363884925842,0.022538885474205017,8654.0,0.0
4749,1.2299103620025562,97.1008,7.138912677764893,0.013418326154351234,0.027089416980743408,0.001953125,0.6654459238052368,0.02731521800160408,8684.0,0.0
4750,1.229483279006672,97.1008,7.002408981323242,0.01275687851011753,0.03092840127646923,0.001953125,0.6555007100105286,0.02176155522465706,8684.0,0.0
4751,1.2301260200038087,97.1008,7.052225112915039,0.014787135645747185,0.029197419062256813,0.001953125,0.6567124724388123,0.023027783259749413,8810.0,0.0
4752,1.2255542130005779,97.1008,6.849240779876709,0.004894978366792202,0.036086663603782654,0.001953125,0.6441794633865356,0.018249081447720528,8685.0,0.0
4753,1.2355590609950013,97.1008,6.943528652191162,0.010510100051760674,0.02370690181851387,0.001953125,0.6507145166397095,0.021143358200788498,8656.0,1.0
4754,1.242327258005389,97.1008,7.033727645874023,0.012075815349817276,0.02836660109460354,0.001953125,0.6596624851226807,0.02027849853038788,8668.0,0.0
4755,1.2329544060048647,97.1008,7.094501495361328,0.013034049421548843,0.02330380491912365,0.001953125,0.6613122224807739,0.022702272981405258,8779.0,0.0
4756,1.2349569979996886,97.1008,7.044388771057129,0.009041478857398033,0.03476392850279808,0.001953125,0.6579798460006714,0.026197612285614014,8685.0,0.0
4757,1.2458686650061281,97.1008,7.064986228942871,0.010131580755114555,0.030241305008530617,0.001953125,0.6598645448684692,0.02493436262011528,8720.0,0.0
4758,1.2526083319971804,97.1008,7.078596591949463,0.009857291355729103,0.02718789130449295,0.001953125,0.6640706062316895,0.020151035860180855,8640.0,0.0
4759,1.2435730329889338,97.1008,7.115035057067871,0.012831000611186028,0.02579273097217083,0.001953125,0.663526713848114,0.02205020748078823,8794.0,0.0
4760,1.2466841899877181,97.1008,6.827949523925781,0.003596952650696039,0.025457175448536873,0.001953125,0.6405271291732788,0.01899777352809906,8707.0,0.0
4761,1.2694787329965038,97.1008,6.900013446807861,0.009216574020683765,0.029865756630897522,0.001953125,0.6468000411987305,0.019517812877893448,8677.0,0.0
4762,1.2397712300007697,97.1008,6.988608360290527,0.014962075278162956,0.02992384135723114,0.0029296875,0.6559673547744751,0.018933285027742386,8641.0,2.0
4763,1.247888341997168,97.1008,7.234338283538818,0.019776351749897003,0.0354340560734272,0.001953125,0.6744949221611023,0.024494651705026627,8738.0,1.0
4764,1.2535904810065404,97.1008,7.168075084686279,0.011974994093179703,0.029712822288274765,0.0029296875,0.6674652099609375,0.027026895433664322,8784.0,1.0
4765,1.2424959700001637,97.1008,6.994528293609619,0.006003614515066147,0.02777216210961342,0.0029296875,0.6562498807907104,0.019752873107790947,8671.0,0.0
4766,1.2437416820030194,97.1008,7.021520137786865,0.013594374060630798,0.03302474319934845,0.0029296875,0.6583812236785889,0.02037878893315792,8639.0,0.0
4767,1.2448112029960612,97.1008,7.031957626342773,0.014824108220636845,0.025358086451888084,0.0029296875,0.6576681137084961,0.020176608115434647,8735.0,0.0
4768,1.2456415750057204,97.1008,6.958742141723633,0.00728270411491394,0.03969733789563179,0.0029296875,0.6515171527862549,0.020338593050837517,8790.0,0.0
4769,1.265577325000777,97.1008,6.950640678405762,0.004774955566972494,0.0318763367831707,0.0029296875,0.6537004709243774,0.018088964745402336,8653.0,0.0
4770,1.2610150929976953,97.1008,7.107990741729736,0.011742576956748962,0.040714848786592484,0.0029296875,0.6677908301353455,0.020185593515634537,8639.0,0.0
4771,1.250166983998497,97.1008,7.362162113189697,0.02165822871029377,0.02861330471932888,0.0029296875,0.6861443519592285,0.02770473062992096,8683.0,0.0
4772,1.2536690949928015,97.1008,6.974128723144531,0.012801384553313255,0.03537328541278839,0.0029296875,0.6473621129989624,0.02627701684832573,8880.0,0.0
4773,1.2502103349979734,97.1008,6.733922481536865,0.0037972196005284786,0.02914389781653881,0.0029296875,0.6326030492782593,0.018040750175714493,8637.0,1.0
4774,1.2363539289945038,97.1008,6.944440841674805,0.012532828375697136,0.028478598222136497,0.0029296875,0.6513429284095764,0.020448319613933563,8665.0,0.0
4775,1.2307768400060013,97.1008,7.079740524291992,0.020126640796661377,0.03500302508473396,0.0029296875,0.6622727513313293,0.021365169435739517,8669.0,1.0
4776,1.2433356870024,97.1008,6.988101005554199,0.014227209612727165,0.020759249106049538,0.0029296875,0.6518171429634094,0.02179638296365738,8841.0,0.0
4777,1.2583085399965057,97.1008,6.722323417663574,0.008342966437339783,0.03597008436918259,0.0029296875,0.6317731738090515,0.01794729381799698,8642.0,1.0
4778,1.264031248007086,97.1008,6.999833106994629,0.02042160928249359,0.02602059207856655,0.001953125,0.6558196544647217,0.022929197177290916,8643.0,0.0
4779,1.2569230410008458,97.1008,7.325043678283691,0.032411299645900726,0.03686705231666565,0.001953125,0.6814918518066406,0.030089950188994408,8686.0,0.0
4780,1.2473671829939121,97.1008,7.103329181671143,0.019185323268175125,0.03173043206334114,0.001953125,0.6623408794403076,0.022527821362018585,8855.0,0.0
4781,1.2453225680073956,97.1008,6.838782787322998,0.009126176126301289,0.031931620091199875,0.0009765625,0.6425918340682983,0.01953873224556446,8653.0,0.0
4782,1.2503946460055886,97.1008,7.028255939483643,0.014282619580626488,0.032148122787475586,0.0009765625,0.6609328985214233,0.018818188458681107,8669.0,0.0
4783,1.2539353159954771,97.1008,7.189528465270996,0.021290041506290436,0.028181836009025574,0.0009765625,0.6739335060119629,0.022124549373984337,8668.0,0.0
4784,1.258102787003736,97.1008,7.058817386627197,0.01617511361837387,0.02121817134320736,0.0009765625,0.6583822965621948,0.02076076716184616,8818.0,0.0
4785,1.2342923969990807,97.1008,6.815786361694336,0.009091051295399666,0.024726351723074913,0.0009765625,0.6398550868034363,0.019142139703035355,8663.0,0.0
4786,1.216593881996232,97.1008,7.1367950439453125,0.019571378827095032,0.02860715240240097,0.0009765625,0.6680959463119507,0.02517988346517086,8641.0,0.0
4787,1.1921433940005954,97.1008,7.24240255355835,0.02633851021528244,0.022037388756871223,0.0009765625,0.6750203967094421,0.027555212378501892,8694.0,0.0
4788,1.2232509890018264,97.1008,6.993488311767578,0.019991157576441765,0.04009007662534714,0.001953125,0.6519849300384521,0.020975744351744652,8819.0,1.0
4789,1.210473922008532,97.1008,6.755085468292236,0.01306894700974226,0.02985626459121704,0.001953125,0.6322910785675049,0.019924761727452278,8712.0,0.0
4790,1.2111205919936765,97.1008,6.7956414222717285,0.016775643453001976,0.02467854879796505,0.001953125,0.6377061605453491,0.01901395618915558,8641.0,0.0
4791,1.208700647999649,97.1008,6.986367225646973,0.024996545165777206,0.029570160433650017,0.0009765625,0.65317702293396,0.022011026740074158,8674.0,0.0
4792,1.21235894599522,97.1008,6.964966773986816,0.021822739392518997,0.04294822737574577,0.0009765625,0.6496420502662659,0.020237009972333908,8776.0,0.0
4793,1.2166231860028347,97.1008,6.783431529998779,0.009310935623943806,0.030852103605866432,0.0009765625,0.6352271437644958,0.021201079711318016,8699.0,0.0
4794,1.2219310180080356,97.1008,7.005958557128906,0.017241941764950752,0.03698752820491791,0.0009765625,0.6531100869178772,0.02716010808944702,8668.0,0.0
4795,1.2072825990035199,97.1008,6.96997594833374,0.016572732478380203,0.036797698587179184,0.0009765625,0.6515984535217285,0.022106386721134186,8696.0,0.0
4796,1.2058310020074714,97.1008,6.974446773529053,0.016418393701314926,0.02563989907503128,0.0009765625,0.6504510641098022,0.02149931713938713,8743.0,0.0
4797,1.1938702189945616,97.1008,6.8644890785217285,0.007974851876497269,0.04418432340025902,0.0009765625,0.6435719728469849,0.018272429704666138,8759.0,0.0
4798,1.2057401789934374,97.1008,6.982605934143066,0.01077154278755188,0.02713649347424507,0.0009765625,0.6548751592636108,0.01953350007534027,8654.0,0.0
4799,1.2155570780014386,97.1008,7.115499973297119,0.017036346718668938,0.03396008163690567,0.0009765625,0.6689749956130981,0.018856050446629524,8657.0,0.0
4800,1.2029854669963242,97.1008,7.288218975067139,0.0235610269010067,0.023000121116638184,0.001953125,0.6828106641769409,0.02064923197031021,8712.0,1.0
4801,1.2129099810117623,97.1008,7.172799110412598,0.018363192677497864,0.031851306557655334,0.001953125,0.6709617376327515,0.023638194426894188,8765.0,2.0
4802,1.204340754004079,97.1008,7.215531349182129,0.01974661275744438,0.029976431280374527,0.001953125,0.674970269203186,0.02498803660273552,8687.0,0.0
4803,1.1980584499979159,97.1008,7.241158962249756,0.01819593831896782,0.02782316505908966,0.001953125,0.6813769340515137,0.018983379006385803,8672.0,0.0
4804,1.1944635399995605,97.1008,7.3649396896362305,0.023100044578313828,0.024367619305849075,0.001953125,0.6898406744003296,0.02195156179368496,8713.0,0.0
4805,1.204364117991645,97.1008,7.0435075759887695,0.0131056047976017,0.026088764891028404,0.001953125,0.6606398820877075,0.018788166344165802,8791.0,0.0
4806,1.2270939539885148,97.1008,7.080912113189697,0.011835540644824505,0.027800532057881355,0.0029296875,0.6650368571281433,0.019965028390288353,8655.0,1.0
4807,1.2164670450001722,97.1008,7.14549446105957,0.015431752428412437,0.02812442183494568,0.0029296875,0.6724828481674194,0.01827593520283699,8655.0,0.0
4808,1.2103305010095937,97.1008,7.3274688720703125,0.025193925946950912,0.03327138349413872,0.0029296875,0.6863950490951538,0.023126771673560143,8670.0,0.0
4809,1.225042507998296,97.1008,7.2848124504089355,0.023349186405539513,0.031140202656388283,0.0029296875,0.6764244437217712,0.028630455955863,8830.0,2.0
4810,1.2050361020083074,97.1008,6.949277877807617,0.014405286870896816,0.022154197096824646,0.0029296875,0.6506897211074829,0.021806716918945312,8697.0,1.0
4811,1.17487712399452,97.1008,6.9237542152404785,0.01874930039048195,0.029775550588965416,0.0029296875,0.6500556468963623,0.019799714908003807,8635.0,1.0
4812,1.1673403860040708,97.1008,7.087703704833984,0.025702569633722305,0.02683432400226593,0.0029296875,0.664036750793457,0.021023213863372803,8686.0,0.0
4813,1.1891084329981823,97.1008,7.043183326721191,0.020738888531923294,0.04104765132069588,0.0029296875,0.6562609076499939,0.022072669118642807,8825.0,0.0
4814,1.170930326989037,97.1008,6.698002338409424,0.010672422125935555,0.024327706545591354,0.0029296875,0.6278473734855652,0.018588297069072723,8669.0,0.0
4815,1.1735060780047206,97.1008,6.873406887054443,0.015921492129564285,0.032114043831825256,0.0029296875,0.6451518535614014,0.01907786913216114,8636.0,3.0
4816,1.1593600219930522,97.1008,7.071108818054199,0.025548838078975677,0.03183451667428017,0.0029296875,0.6596142053604126,0.025575071573257446,8650.0,0.0
4817,1.1660426000016741,97.1008,7.065751075744629,0.023746848106384277,0.032953325659036636,0.0029296875,0.6534788012504578,0.028692170977592468,8852.0,0.0
4818,1.1888369410007726,97.1008,6.627807140350342,0.008047596551477909,0.03437783941626549,0.0029296875,0.6209546327590942,0.018831023946404457,8699.0,0.0
4819,1.1767668030079221,97.1008,6.793876647949219,0.016746575012803078,0.022952986881136894,0.0029296875,0.6357281804084778,0.020089995115995407,8665.0,0.0
4820,1.1893272970046382,97.1008,6.9591898918151855,0.023490741848945618,0.030358340591192245,0.0029296875,0.6524842381477356,0.01922742836177349,8647.0,1.0
4821,1.218730423002853,97.1008,7.058181285858154,0.02339480072259903,0.028383003547787666,0.0029296875,0.6574885845184326,0.022174982354044914,8808.0,0.0
4822,1.2252946889930172,97.1008,6.741084098815918,0.010386599227786064,0.024249596521258354,0.0029296875,0.6333057880401611,0.017333578318357468,8706.0,1.0
4823,1.222425692001707,97.1008,6.861527442932129,0.015756480395793915,0.04157799109816551,0.0029296875,0.6433799266815186,0.020265907049179077,8636.0,0.0
4824,1.2220212709944462,97.1008,7.205108642578125,0.028061918914318085,0.03261305391788483,0.0029296875,0.6710132360458374,0.02824220061302185,8657.0,1.0
4825,1.2257297069882043,97.1008,7.101473808288574,0.025782806798815727,0.03578557074069977,0.0029296875,0.6594860553741455,0.02471214160323143,8836.0,2.0
4826,1.2225865720101865,97.1008,6.797962188720703,0.008811059407889843,0.026180550456047058,0.0029296875,0.6379958391189575,0.018206804990768433,8709.0,0.0
4827,1.2104595299897483,97.1008,6.95001220703125,0.015125916339457035,0.03592737764120102,0.0029296875,0.6522047519683838,0.018584882840514183,8662.0,1.0
4828,1.2128365719981957,97.1008,7.0963239669799805,0.02421877533197403,0.029181193560361862,0.0029296875,0.665824830532074,0.02051670476794243,8636.0,0.0
4829,1.2123241700028302,97.1008,7.021218776702881,0.024895472452044487,0.03708147257566452,0.001953125,0.655170202255249,0.021181782707571983,8789.0,0.0
4830,1.2119191740057431,97.1008,6.664252281188965,0.014003954827785492,0.04114548861980438,0.001953125,0.6240876317024231,0.018132437020540237,8734.0,0.0
4831,1.2109904190001544,97.1008,6.812119483947754,0.019118063151836395,0.03482379764318466,0.001953125,0.6368557214736938,0.022779375314712524,8632.0,1.0
4832,1.2163413639937062,97.1008,6.988991737365723,0.026822566986083984,0.04257959499955177,0.001953125,0.6495983600616455,0.02784099243581295,8683.0,0.0
4833,1.2125406790000852,97.1008,6.950279235839844,0.023997068405151367,0.027219653129577637,0.001953125,0.6474781036376953,0.022265221923589706,8752.0,0.0
4834,1.2195830650016433,97.1008,6.701699733734131,0.015453428961336613,0.03827968239784241,0.001953125,0.6244730353355408,0.020920485258102417,8795.0,0.0
4835,1.2167091769952094,97.1008,6.5237040519714355,0.011515621095895767,0.029140613973140717,0.001953125,0.6116380095481873,0.0173744335770607,8636.0,0.0
4836,1.2209090340038529,97.1008,6.836684226989746,0.021744539961218834,0.032502055168151855,0.001953125,0.639426589012146,0.020816924050450325,8649.0,0.0
4837,1.2316454670071835,97.1008,6.882359504699707,0.025047410279512405,0.03349529206752777,0.001953125,0.6423954367637634,0.020141620188951492,8711.0,0.0
4838,1.236377106004511,97.1008,6.799753189086914,0.01717955432832241,0.020743632689118385,0.001953125,0.6344352960586548,0.02037287876009941,8794.0,0.0
4839,1.2130153469915967,97.1008,6.818795204162598,0.01929757371544838,0.032262761145830154,0.001953125,0.6359689235687256,0.025197941809892654,8638.0,1.0
4840,1.2127392969996436,97.1008,6.901113986968994,0.025548404082655907,0.02596132457256317,0.001953125,0.6431153416633606,0.023627858608961105,8715.0,0.0
4841,1.2137059800006682,97.1008,6.8405938148498535,0.02626200020313263,0.03520889952778816,0.001953125,0.6384515762329102,0.02016117237508297,8673.0,0.0
4842,1.2236474380042637,97.1008,6.799478054046631,0.0200456865131855,0.028844257816672325,0.001953125,0.6339884996414185,0.01965625397861004,8838.0,0.0
4843,1.2195004870009143,97.1008,6.838987827301025,0.015349805355072021,0.022171396762132645,0.001953125,0.6422978639602661,0.018092921003699303,8640.0,0.0
4844,1.2127617720107082,97.1008,7.09682559967041,0.02025260217487812,0.029456667602062225,0.001953125,0.6666051745414734,0.018956003710627556,8672.0,1.0
4845,1.2093766199977836,97.1008,7.213334083557129,0.025255663320422173,0.01765301823616028,0.001953125,0.6771968603134155,0.019356725737452507,8662.0,0.0
4846,1.2041369039943675,97.1008,7.084414005279541,0.02332434058189392,0.02733476273715496,0.001953125,0.6604487895965576,0.023248527199029922,8814.0,0.0
4847,1.2116535829991335,97.1008,6.938650131225586,0.0188827496021986,0.02713806927204132,0.001953125,0.6470879912376404,0.025825917720794678,8696.0,0.0
4848,1.1780810610071057,97.1008,6.879000186920166,0.013840030878782272,0.026216667145490646,0.001953125,0.6453289985656738,0.01967807114124298,8665.0,0.0
4849,1.1753329640050652,97.1008,7.011440277099609,0.017552971839904785,0.03608433157205582,0.001953125,0.656234860420227,0.021754346787929535,8652.0,1.0
4850,1.1779197059950093,97.1008,6.94683837890625,0.01282157190144062,0.028987286612391472,0.001953125,0.6482101678848267,0.01950722001492977,8838.0,0.0
4851,1.1879058420017827,97.1008,6.760459899902344,0.007726394105702639,0.031579453498125076,0.001953125,0.6344417333602905,0.01951301284134388,8677.0,0.0
4852,1.2011857780016726,97.1008,6.834092617034912,0.013830941170454025,0.031745173037052155,0.001953125,0.6411699056625366,0.01818845048546791,8655.0,0.0
4853,1.184764196004835,97.1008,6.982421875,0.0223337821662426,0.02929418906569481,0.0009765625,0.6534827351570129,0.021259117871522903,8647.0,1.0
4854,1.189920056000119,97.1008,7.108109951019287,0.02389967069029808,0.026032833382487297,0.0009765625,0.6589504480361938,0.02761547826230526,8790.0,0.0
4855,1.203994696988957,97.1008,6.792618751525879,0.01394057460129261,0.019771764054894447,0.0009765625,0.6324032545089722,0.024204183369874954,8768.0,0.0
4856,1.2182574539911002,97.1008,6.784295558929443,0.013187184929847717,0.027083860710263252,0.0009765625,0.6362593770027161,0.01834378018975258,8635.0,0.0
4857,1.2160993500001496,97.1008,7.002744197845459,0.02128557488322258,0.022167664021253586,0.0009765625,0.6549367904663086,0.021009963005781174,8666.0,0.0
4858,1.215822305995971,97.1008,7.034261226654053,0.022462895140051842,0.03223531320691109,0.0009765625,0.6559705138206482,0.02136349305510521,8778.0,1.0
4859,1.2484869850013638,97.1008,6.775335788726807,0.012224486097693443,0.028551025316119194,0.0009765625,0.6343048214912415,0.01959301345050335,8748.0,1.0
4860,1.2089704169920878,97.1008,6.837851524353027,0.01433383859694004,0.028606312349438667,0.0009765625,0.6423666477203369,0.01766197569668293,8633.0,0.0
4861,1.2205178139993222,97.1008,7.171783447265625,0.024900902062654495,0.030038388445973396,0.001953125,0.671445369720459,0.023161832243204117,8631.0,0.0
4862,1.228734917996917,97.1008,7.364226341247559,0.030609410256147385,0.023692062124609947,0.001953125,0.6821708083152771,0.029868613928556442,8805.0,0.0
4863,1.221261530998163,97.1008,6.96201753616333,0.008690034039318562,0.03252296522259712,0.001953125,0.6524884700775146,0.020055176690220833,8762.0,0.0
4864,1.2132145739888074,97.1008,6.9394097328186035,0.008512485772371292,0.022040605545043945,0.001953125,0.6521713137626648,0.019302144646644592,8637.0,1.0
4865,1.2114182079967577,97.1008,7.124246120452881,0.016411054879426956,0.04277021065354347,0.001953125,0.6700727939605713,0.018449746072292328,8661.0,1.0
4866,1.2015341780061135,97.1008,7.284334182739258,0.023012228310108185,0.027994908392429352,0.0029296875,0.6804074048995972,0.021856043487787247,8740.0,1.0
4867,1.184325477006496,97.1008,6.984943389892578,0.009508809074759483,0.0300926323980093,0.0029296875,0.6561052799224854,0.01777948997914791,8790.0,0.0
4868,1.1861018060008064,97.1008,7.046024799346924,0.01119163166731596,0.02670581266283989,0.0029296875,0.6634556651115417,0.018212947994470596,8632.0,0.0
4869,1.1804890700004762,97.1008,7.374476432800293,0.02608061023056507,0.029484683647751808,0.001953125,0.6912249326705933,0.025013556703925133,8632.0,1.0
4870,1.1883935109945014,97.1008,7.435701847076416,0.031196415424346924,0.03619775548577309,0.001953125,0.6918512582778931,0.02703762613236904,8763.0,0.0
4871,1.187952585009043,97.1008,7.073686122894287,0.014560699462890625,0.026578737422823906,0.001953125,0.6635944247245789,0.018110426142811775,8810.0,0.0
4872,1.1795878840057412,97.1008,7.064059734344482,0.012875624001026154,0.034986983984708786,0.001953125,0.6638256311416626,0.018823496997356415,8666.0,2.0
4873,1.169487068997114,97.1008,7.152838706970215,0.01621074602007866,0.025896793231368065,0.001953125,0.673072338104248,0.01887897402048111,8628.0,1.0
4874,1.177430319992709,97.1008,7.290735721588135,0.01987011730670929,0.03575120121240616,0.001953125,0.6822234988212585,0.02228023111820221,8713.0,0.0
4875,1.1838723919936456,97.1008,6.999652862548828,0.010295774787664413,0.032180305570364,0.001953125,0.6549242734909058,0.018710847944021225,8810.0,0.0
4876,1.1854574030003278,97.1008,6.901702404022217,0.008629213087260723,0.03380987420678139,0.001953125,0.6473445296287537,0.021055519580841064,8637.0,0.0
4877,1.181984910988831,97.1008,7.113554000854492,0.019987471401691437,0.028892045840620995,0.001953125,0.6631357073783875,0.027565881609916687,8660.0,0.0
4878,1.1649662170093507,97.1008,7.091907501220703,0.021180810406804085,0.027618810534477234,0.001953125,0.6621185541152954,0.022974800318479538,8714.0,0.0
4879,1.1787920100032352,97.1008,6.944828510284424,0.014644033275544643,0.03572254255414009,0.001953125,0.6472791433334351,0.02139989286661148,8815.0,0.0
4880,1.1855521190009313,97.1008,6.710135459899902,0.008410793729126453,0.03323960676789284,0.001953125,0.6295669078826904,0.018233168870210648,8677.0,0.0
4881,1.1827964309923118,97.1008,6.898612976074219,0.015948059037327766,0.03646821156144142,0.001953125,0.6466612815856934,0.020478710532188416,8654.0,0.0
4882,1.2031351799960248,97.1008,6.978600978851318,0.0251898355782032,0.020176801830530167,0.001953125,0.6537183523178101,0.02010984905064106,8669.0,0.0
4883,1.226331047990243,97.1008,6.98584508895874,0.02373109757900238,0.038045406341552734,0.0029296875,0.6512009501457214,0.020651135593652725,8810.0,1.0
4884,1.2500106669904198,97.1008,6.889636993408203,0.019205007702112198,0.0282199177891016,0.0029296875,0.6444607973098755,0.02360154502093792,8662.0,0.0
4885,1.244483766000485,97.1008,6.99642276763916,0.025069307535886765,0.02654559351503849,0.0029296875,0.6531076431274414,0.025330528616905212,8685.0,0.0
4886,1.250334925003699,97.1008,7.017982482910156,0.02356577292084694,0.036563772708177567,0.0029296875,0.658338725566864,0.01942426711320877,8683.0,0.0
4887,1.2177816850016825,97.1008,7.0373759269714355,0.022261448204517365,0.03345414251089096,0.001953125,0.6556692123413086,0.021350841969251633,8821.0,0.0
4888,1.2316277449863264,97.1008,6.802915573120117,0.01000227965414524,0.030361928045749664,0.001953125,0.6397901773452759,0.01743430271744728,8675.0,0.0
4889,1.206417061999673,97.1008,7.039790153503418,0.01871909759938717,0.024342946708202362,0.0029296875,0.6611034274101257,0.019660890102386475,8656.0,0.0
4890,1.2269076939992374,97.1008,7.112880706787109,0.027972036972641945,0.025806615129113197,0.0029296875,0.6682647466659546,0.017890656366944313,8664.0,0.0
4891,1.2355381669913186,97.1008,7.2396345138549805,0.031213507056236267,0.02380373701453209,0.0029296875,0.6753205060958862,0.02224324643611908,8775.0,0.0
4892,1.2289130699937232,97.1008,7.05429220199585,0.022479355335235596,0.02805422618985176,0.0029296875,0.6579973697662354,0.02525290474295616,8730.0,0.0
4893,1.2223973220097832,97.1008,6.914372444152832,0.015409835614264011,0.023182302713394165,0.0029296875,0.6482259035110474,0.02004282921552658,8693.0,0.0
4894,1.2239063019951573,97.1008,6.907162666320801,0.019553443416953087,0.026347827166318893,0.0029296875,0.6481029987335205,0.01913769543170929,8639.0,0.0
4895,1.2430172839958686,97.1008,6.929832935333252,0.022833053022623062,0.030761893838644028,0.0029296875,0.6459019184112549,0.020387955009937286,8780.0,3.0
4896,1.25051279499894,97.1008,6.613336563110352,0.015110705979168415,0.027624586597085,0.0029296875,0.6187039613723755,0.019651751965284348,8742.0,0.0
4897,1.246544316993095,97.1008,6.613877296447754,0.013469437137246132,0.02371382899582386,0.0029296875,0.6200555562973022,0.017862185835838318,8654.0,0.0
4898,1.2486741350003285,97.1008,6.769704341888428,0.022018304094672203,0.030807532370090485,0.0029296875,0.6347997188568115,0.019081367179751396,8638.0,0.0
4899,1.2390869060036493,97.1008,6.957448482513428,0.029586512595415115,0.03288223221898079,0.0029296875,0.6460978984832764,0.02578764222562313,8722.0,0.0
4900,1.232645396987209,97.1008,6.811152458190918,0.019455980509519577,0.02117731049656868,0.0029296875,0.6334729790687561,0.025621136650443077,8807.0,0.0
4901,1.2330052210018039,97.1008,6.578839302062988,0.009303632192313671,0.02614583633840084,0.0029296875,0.6165165305137634,0.018373554572463036,8669.0,0.0
4902,1.2367850620066747,97.1008,6.80293607711792,0.016117295250296593,0.030129920691251755,0.0029296875,0.6361934542655945,0.020639855414628983,8664.0,0.0
4903,1.2291298630007077,97.1008,6.995046615600586,0.019134171307086945,0.03223099559545517,0.0029296875,0.6534141302108765,0.02052854746580124,8697.0,0.0
4904,1.2225791189994197,97.1008,6.743483066558838,0.015465376898646355,0.027979139238595963,0.0029296875,0.6290585398674011,0.020993929356336594,8797.0,2.0
4905,1.2181086779892212,97.1008,6.6122307777404785,0.013153270818293095,0.028207484632730484,0.0029296875,0.6202523112297058,0.017852813005447388,8663.0,0.0
4906,1.2205084209999768,97.1008,6.866896629333496,0.02050221711397171,0.036552347242832184,0.0029296875,0.6431399583816528,0.02145155891776085,8630.0,0.0
4907,1.2260926659946563,97.1008,7.153816223144531,0.03118526190519333,0.028298672288656235,0.0029296875,0.6637074947357178,0.02943570911884308,8699.0,0.0
4908,1.2510458739998285,97.1008,7.032958984375,0.018681876361370087,0.031185587868094444,0.0029296875,0.6546511054039001,0.02309921383857727,8862.0,1.0
4909,1.2202382850082358,97.1008,6.825219631195068,0.008166948333382607,0.03300507739186287,0.0029296875,0.6410157084465027,0.018345443531870842,8646.0,0.0
4910,1.228663741989294,97.1008,6.972861289978027,0.010855293832719326,0.026447832584381104,0.0029296875,0.6549071073532104,0.019138798117637634,8664.0,0.0
4911,1.2476751649955986,97.1008,7.159408092498779,0.01733378693461418,0.018057603389024734,0.0029296875,0.6702539324760437,0.021976035088300705,8658.0,0.0
4912,1.245195016002981,97.1008,6.960709095001221,0.01259109191596508,0.03302816301584244,0.0029296875,0.6495943069458008,0.020241886377334595,8847.0,0.0
4913,1.2300664840004174,97.1008,6.746642589569092,0.009785562753677368,0.02410094067454338,0.0029296875,0.6332985162734985,0.018072325736284256,8656.0,1.0
4914,1.2284736709989375,97.1008,6.987306594848633,0.020774029195308685,0.02323060855269432,0.0029296875,0.654265284538269,0.02338806912302971,8632.0,1.0
4915,1.2299138090020278,97.1008,7.171566486358643,0.026285750791430473,0.03156355023384094,0.0029296875,0.6673139333724976,0.028078515082597733,8700.0,0.0
4916,1.2268353899999056,97.1008,6.896274089813232,0.01743820495903492,0.033885616809129715,0.0029296875,0.6432099342346191,0.02058127336204052,8844.0,0.0
4917,1.226864950003801,97.1008,6.816959857940674,0.011314976029098034,0.017119942232966423,0.0029296875,0.6394801735877991,0.019137289375066757,8688.0,0.0
4918,1.2302787060034461,97.1008,6.856969356536865,0.013216046616435051,0.03746845945715904,0.0029296875,0.6445841193199158,0.017102299258112907,8639.0,0.0
4919,1.2282546909991652,97.1008,7.107858657836914,0.023203851655125618,0.021440111100673676,0.0029296875,0.6664361953735352,0.02107023261487484,8661.0,1.0
4920,1.230575947003672,97.1008,7.131669044494629,0.022103700786828995,0.03652537241578102,0.0029296875,0.6665021777153015,0.019677989184856415,8814.0,1.0
4921,1.2305060330108972,97.1008,6.990268707275391,0.014511734247207642,0.02080526575446129,0.0029296875,0.6569653749465942,0.019799482077360153,8673.0,1.0
4922,1.2321011150052072,97.1008,7.239350318908691,0.02588864602148533,0.03459100425243378,0.0029296875,0.6775843501091003,0.026582038030028343,8638.0,1.0
4923,1.2384908669919241,97.1008,7.299551010131836,0.030080415308475494,0.027068505063652992,0.0029296875,0.6824153661727905,0.024480333551764488,8723.0,0.0
4924,1.243664837005781,97.1008,7.070672035217285,0.024534614756703377,0.029460210353136063,0.0029296875,0.6596802473068237,0.021297995001077652,8779.0,0.0
4925,1.2412635060027242,97.1008,6.797748565673828,0.011201674118638039,0.03147190064191818,0.0029296875,0.6375154256820679,0.019261248409748077,8726.0,0.0
4926,1.250707223007339,97.1008,6.921918869018555,0.014278950169682503,0.03208246827125549,0.0029296875,0.6500728726387024,0.019724640995264053,8642.0,0.0
4927,1.2588352519960608,97.1008,7.077044486999512,0.018955742940306664,0.02924185059964657,0.0029296875,0.664101779460907,0.020650701597332954,8671.0,1.0
4928,1.2516420939937234,97.1008,7.1359076499938965,0.019160494208335876,0.024600451812148094,0.0029296875,0.6661250591278076,0.02094259485602379,8758.0,0.0
4929,1.2515304929984268,97.1008,7.027224540710449,0.014292445033788681,0.025204600766301155,0.0029296875,0.658073902130127,0.023187225684523582,8720.0,1.0
4930,1.2471956280060112,97.1008,7.110274791717529,0.019096599891781807,0.02698439545929432,0.0029296875,0.663558304309845,0.02714535966515541,8690.0,1.0
4931,1.2340458209946519,97.1008,6.976840972900391,0.015139997005462646,0.026223286986351013,0.0029296875,0.6541359424591064,0.020904159173369408,8669.0,0.0
4932,1.2313548829988576,97.1008,7.080249786376953,0.01867748610675335,0.031009120866656303,0.0029296875,0.660243034362793,0.022755175828933716,8746.0,0.0
4933,1.2348096180066932,97.1008,6.73305606842041,0.012100317515432835,0.025797951966524124,0.0029296875,0.6312072277069092,0.01800345443189144,8760.0,0.0
4934,1.2366983010142576,97.1008,6.7887067794799805,0.015721753239631653,0.026631053537130356,0.0029296875,0.6361724138259888,0.020041031762957573,8658.0,1.0
4935,1.2450290030101314,97.1008,6.823574542999268,0.022253576666116714,0.028509240597486496,0.0029296875,0.6401349306106567,0.01885545812547207,8656.0,0.0
4936,1.264759405006771,97.1008,6.9958815574646,0.029753264039754868,0.023240195587277412,0.0029296875,0.6523457765579224,0.022283241152763367,8698.0,1.0
4937,1.2381591070006834,97.1008,6.962859153747559,0.026313629001379013,0.027461471036076546,0.0029296875,0.6478632688522339,0.02635505422949791,8781.0,1.0
4938,1.2297636369912652,97.1008,6.8375139236450195,0.022565657272934914,0.024159397929906845,0.0029296875,0.6377496719360352,0.023834217339754105,8727.0,1.0
4939,1.2285049249912845,97.1008,6.937294006347656,0.02026268094778061,0.029185939580202103,0.0029296875,0.6516114473342896,0.018824223428964615,8630.0,1.0
4940,1.2293260550068226,97.1008,7.052957057952881,0.02555699273943901,0.02827220968902111,0.0029296875,0.6592516899108887,0.02137055993080139,8706.0,0.0
4941,1.226541611002176,97.1008,7.060091495513916,0.01781248115003109,0.02535736933350563,0.0029296875,0.6615793704986572,0.019867142662405968,8804.0,0.0
4942,1.223569398993277,97.1008,7.011503219604492,0.016878189519047737,0.029529541730880737,0.0029296875,0.6587170958518982,0.018905332311987877,8683.0,0.0
4943,1.2278785629896447,97.1008,7.121929168701172,0.021307963877916336,0.0308633204549551,0.0029296875,0.6704387068748474,0.01831328496336937,8634.0,0.0
4944,1.2244877119956072,97.1008,7.440654754638672,0.03066166490316391,0.034021876752376556,0.0029296875,0.6965894103050232,0.02479582093656063,8656.0,0.0
4945,1.2302691410004627,97.1008,7.368190288543701,0.02638375759124756,0.039297617971897125,0.0029296875,0.6841341853141785,0.02937033399939537,8861.0,0.0
4946,1.2356804209994152,97.1008,6.908380031585693,0.013302985578775406,0.024877706542611122,0.0029296875,0.6484391689300537,0.02013065665960312,8683.0,0.0
4947,1.2345117520017084,97.1008,6.942665100097656,0.0203855037689209,0.028206918388605118,0.00390625,0.651656985282898,0.02064891904592514,8637.0,1.0
4948,1.2190604000061285,97.1008,7.075931072235107,0.02352909930050373,0.0255920197814703,0.00390625,0.6635326743125916,0.020179029554128647,8676.0,0.0
4949,1.211565243997029,97.1008,6.9470953941345215,0.02049769088625908,0.027556227520108223,0.00390625,0.6464898586273193,0.022478517144918442,8829.0,0.0
4950,1.2195727369980887,97.1008,6.63023042678833,0.007914051413536072,0.029055505990982056,0.00390625,0.6217604875564575,0.018260788172483444,8683.0,0.0
4951,1.213582234995556,97.1008,6.786284923553467,0.011733025312423706,0.02386399544775486,0.00390625,0.6365244388580322,0.0198042131960392,8636.0,0.0
4952,1.2146175090019824,97.1008,7.103876113891602,0.01807951182126999,0.028360743075609207,0.00390625,0.6621174812316895,0.026987522840499878,8646.0,0.0
4953,1.215046244993573,97.1008,7.0996174812316895,0.015432994812726974,0.031227193772792816,0.00390625,0.6576884984970093,0.027367575094103813,8878.0,0.0
4954,1.2188346189941512,97.1008,6.806853294372559,0.0028557381592690945,0.03263378143310547,0.00390625,0.6393682956695557,0.017778592184185982,8683.0,0.0
4955,1.2220091429917375,97.1008,6.9214677810668945,0.009203888475894928,0.03247770294547081,0.00390625,0.6497108936309814,0.01959354802966118,8667.0,0.0
4956,1.2237740790005773,97.1008,7.031816005706787,0.01403101347386837,0.027921391651034355,0.00390625,0.6600693464279175,0.020256053656339645,8635.0,0.0
4957,1.2432335560006322,97.1008,7.088747024536133,0.01664651557803154,0.030175209045410156,0.00390625,0.6602270007133484,0.022446945309638977,8815.0,0.0
4958,1.246642605998204,97.1008,6.663200855255127,0.004420872777700424,0.02621351182460785,0.00390625,0.6257636547088623,0.01717166230082512,8706.0,1.0
4959,1.2262852459971327,97.1008,6.805424690246582,0.009266819804906845,0.03643940016627312,0.00390625,0.6381835341453552,0.021091056987643242,8639.0,0.0
4960,1.2165892539924243,97.1008,7.082576751708984,0.020986460149288177,0.027605384588241577,0.00390625,0.6594448089599609,0.027871355414390564,8670.0,0.0
4961,1.2293650200008415,97.1008,7.000931262969971,0.016809184104204178,0.029324879869818687,0.0048828125,0.6521035432815552,0.022872639819979668,8802.0,1.0
4962,1.2103055119951023,97.1008,6.843768119812012,0.006286873482167721,0.028457680717110634,0.0048828125,0.6426453590393066,0.019336869940161705,8729.0,0.0
4963,1.2045235330006108,97.1008,6.944863319396973,0.010262515395879745,0.03184372931718826,0.0048828125,0.6533336639404297,0.01790168508887291,8665.0,1.0
4964,1.2263591219962109,97.1008,7.1569085121154785,0.022163208574056625,0.02938806638121605,0.0048828125,0.6719739437103271,0.021094005554914474,8650.0,0.0
4965,1.225567162007792,97.1008,7.253459453582764,0.0253349170088768,0.030629806220531464,0.0048828125,0.6785478591918945,0.021351445466279984,8757.0,0.0
4966,1.2417832130013267,97.1008,6.840860843658447,0.011594228446483612,0.027745267376303673,0.0048828125,0.6414535641670227,0.019746696576476097,8749.0,0.0
4967,1.23633723500825,97.1008,6.9043354988098145,0.0158427432179451,0.025881195440888405,0.0048828125,0.645612895488739,0.024890681728720665,8637.0,0.0
4968,1.2338714550132863,97.1008,7.039192199707031,0.023970969021320343,0.025053590536117554,0.0048828125,0.6565653681755066,0.02690744958817959,8680.0,0.0
4969,1.227963716009981,97.1008,6.9986395835876465,0.024976268410682678,0.02854776754975319,0.0048828125,0.6536745429039001,0.021305963397026062,8735.0,0.0
4970,1.2236768699949607,97.1008,6.756872653961182,0.016588449478149414,0.026294132694602013,0.0048828125,0.6304569244384766,0.020882248878479004,8811.0,0.0
4971,1.2164503730018623,97.1008,6.76726770401001,0.012486832216382027,0.025723708793520927,0.0048828125,0.635374128818512,0.018783114850521088,8637.0,0.0
4972,1.2139861320029013,97.1008,6.941134452819824,0.02201169729232788,0.02217075228691101,0.0048828125,0.6500644683837891,0.021232418715953827,8661.0,0.0
4973,1.188313153994386,97.1008,7.072544097900391,0.023405589163303375,0.027893690392374992,0.0048828125,0.6626270413398743,0.02039201185107231,8685.0,0.0
4974,1.1807095870026387,97.1008,6.92701530456543,0.01765720546245575,0.029632020741701126,0.0048828125,0.645622968673706,0.022735867649316788,8800.0,1.0
4975,1.1949959240009775,97.1008,6.816150188446045,0.01923847384750843,0.028257425874471664,0.0048828125,0.6346144676208496,0.027160128578543663,8670.0,1.0
4976,1.2339981279947096,97.1008,6.8613409996032715,0.021265454590320587,0.030619187280535698,0.0048828125,0.6410509943962097,0.021800268441438675,8690.0,1.0
4977,1.2210070049914066,97.1008,6.998078346252441,0.023922845721244812,0.028773337602615356,0.0048828125,0.6550153493881226,0.021800223737955093,8658.0,1.0
4978,1.2158873480075272,97.1008,6.959967136383057,0.014321228489279747,0.032626427710056305,0.0048828125,0.6501771211624146,0.020173361524939537,8848.0,0.0
4979,1.220362270003534,97.1008,6.80122709274292,0.010611914098262787,0.030506646260619164,0.0048828125,0.6384121179580688,0.019718682393431664,8662.0,0.0
4980,1.2162996580009349,97.1008,6.958569526672363,0.014534002169966698,0.029540954157710075,0.00390625,0.6545583605766296,0.018679557368159294,8660.0,0.0
4981,1.2274102859955747,97.1008,7.123748302459717,0.023198042064905167,0.027303995564579964,0.00390625,0.6687431335449219,0.020676784217357635,8650.0,0.0
4982,1.2558160790067632,97.1008,7.200220108032227,0.028412871062755585,0.0276847742497921,0.0029296875,0.6701528429985046,0.026242375373840332,8809.0,0.0
4983,1.2444653470010962,97.1008,6.981191635131836,0.020907428115606308,0.02772168070077896,0.0029296875,0.6519355773925781,0.026317527517676353,8705.0,0.0
4984,1.235428457002854,97.1008,6.755002975463867,0.01780175045132637,0.028847044333815575,0.0029296875,0.6332072615623474,0.019192352890968323,8676.0,2.0
4985,1.2421541110088583,97.1008,6.917327404022217,0.02533426694571972,0.02742842398583889,0.00390625,0.6467232704162598,0.021767791360616684,8672.0,0.0
4986,1.2806751369935228,97.1008,6.787971019744873,0.022745387628674507,0.02138008549809456,0.00390625,0.6324285864830017,0.020455284044146538,8796.0,1.0
4987,1.2431127550080419,97.1008,6.57963228225708,0.016276825219392776,0.03805236518383026,0.00390625,0.6155362725257874,0.02037721872329712,8687.0,0.0
4988,1.2416343730001245,97.1008,6.672194957733154,0.013609042391180992,0.022780252620577812,0.00390625,0.6261543035507202,0.018053259700536728,8662.0,0.0
4989,1.2446655300009297,97.1008,6.94990348815918,0.022184554487466812,0.029850471764802933,0.00390625,0.6502610445022583,0.022415857762098312,8634.0,0.0
4990,1.2391516929928912,97.1008,7.06076717376709,0.028018511831760406,0.027175921946763992,0.00390625,0.6527409553527832,0.029602428898215294,8811.0,0.0
4991,1.2317616200016346,97.1008,6.745751857757568,0.015234317630529404,0.032289449125528336,0.00390625,0.6299077272415161,0.022197969257831573,8749.0,1.0
4992,1.2300928960030433,97.1008,6.831450462341309,0.014258992858231068,0.03140423446893692,0.00390625,0.6410143375396729,0.0193366389721632,8642.0,1.0
4993,1.2237687680026283,97.1008,6.9954681396484375,0.020021934062242508,0.030515844002366066,0.0029296875,0.6563048362731934,0.02028697542846203,8665.0,1.0
4994,1.2276142140035518,97.1008,7.120766639709473,0.02244112640619278,0.02471267245709896,0.0029296875,0.6630881428718567,0.022500669583678246,8784.0,1.0
4995,1.2194499319884926,97.1008,6.713038444519043,0.00858126487582922,0.042080219835042953,0.0029296875,0.6296291351318359,0.018425438553094864,8731.0,0.0
4996,1.2170619999960763,97.1008,6.704772472381592,0.010672405362129211,0.033102091401815414,0.0029296875,0.6296796202659607,0.018315190449357033,8642.0,2.0
4997,1.2306993180100108,97.1008,7.004827976226807,0.022757597267627716,0.029210509732365608,0.0029296875,0.655336320400238,0.024386808276176453,8630.0,0.0
4998,1.2364758670009905,97.1008,7.1972222328186035,0.028993722051382065,0.030427947640419006,0.0029296875,0.6671154499053955,0.028885822743177414,8792.0,1.0
4999,1.2173461299971677,97.1008,6.829030990600586,0.009703924879431725,0.029123244807124138,0.0029296875,0.6409327983856201,0.019480496644973755,8774.0,2.0
