iter,t_iter_s,peak_mem_mb,loss,vx,grad_norm,terrain_level,loss_v,loss_clear,loss_gproj,loss_tilt,tilt_frac_active,loss_fq,loss_fres,foot_res_abs_mean,foot_res_x_abs_mean,foot_res_y_abs_mean,loss_omega,loss_ctrl,loss_yaw,mean_abs_yaw_cmd,n_falls,n_timeouts,n_move_up,n_move_down,n_fall_height,n_fall_tilt,mean_base_h,min_base_h,mean_n_contact,mean_base_z,mean_foot_clear,min_foot_clear
0,2.772214627000011,109.332992,1.7078543901443481,0.09599044919013977,0.31972044706344604,2.4853515625,0.1662604659795761,0.0,0.0003313541819807142,0.0,0.0,2.1476689653354697e-06,4.3185364120290615e-06,0.0019357490818947554,0.0019357490818947554,0.0,0.2786090075969696,0.003691201563924551,2.7155452698934823e-05,0.0,0.0,0.0,0.0,0.0,0.0,0.0,0.3378715515136719,0.2961282432079315,2.9380696614583335,0.2569401264190674,0.019999583562215168,-0.10674601793289185
1,0.9242575559999864,114.45504,1.6517330408096313,0.10431043803691864,0.31074774265289307,2.4853515625,0.16046851873397827,0.0,0.0006914566038176417,0.0,0.0,2.2952719973545754e-06,3.724637281266041e-06,0.0016058310866355896,0.0016058310866355896,0.0,0.03055730275809765,0.013078628107905388,7.945085235405713e-05,0.0,0.0,0.0,0.0,0.0,0.0,0.0,0.33680808544158936,0.29284000396728516,3.8517252604166665,0.2558087309201558,0.02125570923089981,-0.07432025671005249
2,0.9242383570000072,114.45504,1.619261384010315,0.10871602594852448,0.3445700407028198,2.4853515625,0.15662303566932678,0.0,0.0008525339653715491,0.0,0.0,2.3293382582778577e-06,4.95234507980058e-06,0.0014703499618917704,0.0014703499618917704,0.0,0.01888139918446541,0.0516444593667984,0.00017002553795464337,0.0,0.0,0.0,0.0,0.0,0.0,0.0,0.33518195152282715,0.2916348874568939,3.8804117838541665,0.2540898521741231,0.0213191956281662,-0.02901829034090042
3,0.9268406670000218,114.45504,1.5140373706817627,0.12225319445133209,0.38058099150657654,2.4853515625,0.14545591175556183,0.0,0.00094855937641114,0.0,0.0,2.354390744585544e-06,7.466008355550002e-06,0.0018060836009681225,0.0018060836009681225,0.0,0.016108393669128418,0.12901154160499573,0.00029010872822254896,0.0,0.0,0.0,0.0,0.0,0.0,0.0,0.33521493275960285,0.2951657474040985,3.8669840494791665,0.2540225386619568,0.021266897519429524,-0.029107145965099335
4,0.9339476389999959,114.45504,1.3123689889907837,0.15022844076156616,0.3993873596191406,2.4853515625,0.12448450177907944,0.0,0.0009986083023250103,0.0,0.0,2.3333620902121766e-06,1.0993807336490136e-05,0.002290202770382166,0.002290202770382166,0.0,0.013411354273557663,0.26858511567115784,0.0004168218874838203,0.0,0.0,0.0,0.0,0.0,0.0,0.0,0.3356410264968872,0.2976453900337219,3.8640543619791665,0.2544607917467753,0.021220490336418152,-0.030566155910491943
5,0.927480973999991,114.45504,1.0460065603256226,0.19213658571243286,0.39080914855003357,2.4853515625,0.09664937108755112,0.0,0.0010227623861283064,0.0,0.0,2.45040769186744e-06,1.5381750927190296e-05,0.002783099189400673,0.002783099189400673,0.0,0.012439197860658169,0.5131634473800659,0.0005207739304751158,0.0,0.0,0.0,0.0,0.0,0.0,0.0,0.33578511079152423,0.30141741037368774,3.8707275390625,0.254604697227478,0.021168415745099384,-0.03845715522766113
6,0.9283361239999977,114.45504,0.7524908185005188,0.24791954457759857,0.34268060326576233,2.4853515625,0.0656619742512703,0.0,0.0010359552688896656,0.0,0.0,2.5519082100800006e-06,2.071496237476822e-05,0.003294649999588728,0.003294649999588728,0.0,0.01244351826608181,0.9230553507804871,0.0005872143665328622,0.0,0.0,0.0,0.0,0.0,0.0,0.0,0.3355549971262614,0.2989366054534912,3.8727213541666665,0.2543300191561381,0.021082093318303425,-0.047074198722839355
7,0.9375509930000021,114.45504,0.4851660430431366,0.316438764333725,0.244781032204628,2.4853515625,0.0363893024623394,0.0,0.001035449095070362,0.0,0.0,2.596913645902532e-06,2.719990698096808e-05,0.0038161748088896275,0.0038161748088896275,0.0,0.010696768760681152,1.5791124105453491,0.0006199395284056664,0.0,0.0,0.0,0.0,0.0,0.0,0.0,0.3347310622533162,0.29583653807640076,3.8650309244791665,0.2535677154858907,0.020985767245292664,-0.056146323680877686
8,0.9204412269999978,114.45504,0.3009127676486969,0.39302968978881836,0.10818726569414139,2.4853515625,0.014536825940012932,0.0,0.0010349861113354564,0.0,0.0,2.6540378712525126e-06,3.481341991573572e-05,0.0043584369122982025,0.0043584369122982025,0.0,0.010654482059180737,2.5931835174560547,0.0006260715890675783,0.0,0.0,0.0,0.0,0.0,0.0,0.0,0.3331645131111145,0.2915564179420471,3.8502604166666665,0.2519991397857666,0.02087979515393575,-0.06507694721221924
9,0.930505399999987,114.45504,0.24304483830928802,0.46844935417175293,0.07587134093046188,2.4853515625,0.004174515139311552,0.0,0.0010841814801096916,0.0,0.0,2.9076340979372617e-06,4.364890628494322e-05,0.004919328261166811,0.004919328261166811,0.0,0.015277962200343609,4.03364372253418,0.0006108144298195839,0.0,0.0,0.0,0.0,0.0,0.0,0.0,0.33021700382232666,0.28528642654418945,3.8162027994791665,0.24903170267740884,0.020768010367949803,-0.07337892055511475
10,0.9379047319999927,114.45504,0.2971915304660797,0.5259312391281128,0.19855692982673645,2.4853515625,0.0038196395616978407,0.0,0.0012746363645419478,0.0,0.0,3.246202595619252e-06,5.326131940819323e-05,0.005459242966026068,0.005459242966026068,0.0,0.032071348279714584,5.761773586273193,0.0005809455178678036,0.0,0.0,0.0,0.0,0.0,0.0,0.0,0.3250834544499715,0.27083534002304077,3.6497395833333335,0.2438454826672872,0.020619891583919525,-0.07723397016525269
11,0.935674874,114.45504,0.3840447664260864,0.5589005947113037,0.2691058814525604,2.4853515625,0.006513496860861778,0.0,0.001801412319764495,0.0,0.0,3.617423772084294e-06,6.230498547665775e-05,0.005910688545554876,0.005910688545554876,0.0,0.08503302186727524,7.360918998718262,0.0005480219260789454,0.0,0.0,0.0,0.0,0.0,0.0,0.0,0.31697330872217816,0.24986779689788818,3.2969156901041665,0.2357123295466105,0.020524380107720692,-0.0772891640663147
12,0.938010936000012,114.45504,0.4848642945289612,0.5893692374229431,0.3230718970298767,2.4853515625,0.011152790859341621,0.0,0.003368201432749629,0.0,0.0,3.987266609328799e-06,6.983372441027313e-05,0.006253717001527548,0.006253717001527548,0.0,0.2952098250389099,8.46311092376709,0.0005228209774941206,0.0,0.0,0.0,0.0,0.0,0.0,0.0,0.3062310218811035,0.2234659194946289,3.2156982421875,0.22504202524820963,0.02045667792359988,-0.07735145092010498
13,0.946557361999993,114.45504,0.6257708668708801,0.6295918226242065,0.39462944865226746,2.4853515625,0.020646538585424423,0.0,0.00791286863386631,0.0,0.0,4.514199190452928e-06,7.519586506532505e-05,0.006485552992671728,0.006485552992671728,0.0,0.7738644480705261,8.86909008026123,0.0005089910118840635,0.0,0.0,0.0,0.0,0.0,0.0,0.0,0.2940438787142436,0.20276810228824615,3.1822916666666665,0.21296109755833945,0.020339898765087128,-0.07741224765777588
14,0.9444469000000026,114.45504,0.8461157083511353,0.6696356534957886,0.47496119141578674,2.4853515625,0.0385628268122673,0.0,0.018479395657777786,0.0,0.0,5.102906925458228e-06,7.825266220606863e-05,0.0066048214212059975,0.0066048214212059975,0.0,1.4423813819885254,8.59495735168457,0.0005092496867291629,0.0,0.0,0.0,0.0,0.0,0.0,0.0,0.2803218960762024,0.200868621468544,3.1328125,0.19925234715143839,0.020310208201408386,-0.0773930549621582
15,0.929460846000012,114.45504,1.1382567882537842,0.6964329481124878,0.5208470225334167,2.4853515625,0.06448324769735336,0.0,0.0394580215215683,0.0,0.0,5.590294222201919e-06,7.897737668827176e-05,0.006601662375032902,0.006601662375032902,0.0,2.4870572090148926,7.76291036605835,0.0005306996172294021,0.0,0.0,0.0,0.0,0.0,0.0,0.0,0.2639204462369283,0.19663184881210327,3.0690104166666665,0.18276466925938925,0.0205454354484876,-0.07681834697723389
16,0.9371517939999876,114.45504,1.5486196279525757,0.7058930993080139,0.5179831385612488,2.4853515625,0.10040590167045593,0.0,0.07860324531793594,2.4014401134309082e-08,0.0008138021221384406,5.961544047750067e-06,7.69003527238965e-05,0.006455357186496258,0.006455357186496258,0.0,4.418682098388672,6.484960079193115,0.0006060393643565476,0.0,0.0,0.0,0.0,0.0,0.0,0.0,0.24464289347330728,0.18203920125961304,3.0131022135416665,0.16348892450332642,0.02063676342368126,-0.07592809200286865
17,0.9285610869999914,114.45504,2.3591129779815674,0.4629765748977661,0.3905435800552368,2.4853515625,0.17849516868591309,0.0,0.141879141330719,1.210865548273432e-06,0.0020345053635537624,6.201678843353875e-06,7.157950312830508e-05,0.0061658150516450405,0.0061658150516450405,0.0,4.655651569366455,4.954073905944824,0.0007677467074245214,0.0,0.0,0.0,0.0,0.0,0.0,0.0,0.2267383337020874,0.18958905339241028,1.8480224609375,0.14552940924962363,0.020584916075070698,-0.07422006130218506
18,0.9199281280000093,114.45504,5.4136786460876465,-0.15067943930625916,2.00813889503479,2.4853515625,0.4897794723510742,0.0,0.18394765257835388,8.705030268174596e-06,0.0045979819260537624,6.376866622304078e-06,6.423842569347471e-05,0.005800909362733364,0.005800909362733364,0.0,1.4969875812530518,3.9775314331054688,0.0010514971800148487,0.0,0.0,0.0,0.0,0.0,0.0,0.0,0.23421390851338705,0.18476200103759766,1.8670654296875,0.15292198459307352,0.02047433207432429,-0.0712478756904602
19,0.9132988539999758,114.45504,5.09013032913208,-0.15808337926864624,2.0491061210632324,2.4853515625,0.4599571228027344,0.0,0.23659738898277283,5.2804985898546875e-05,0.03955078125,6.385520009644097e-06,5.599678115686402e-05,0.005366900935769081,0.005366900935769081,0.0,2.849862575531006,3.1485679149627686,0.0015046087792143226,0.0,0.0,0.0,0.0,0.0,0.0,0.0,0.2483819524447123,0.17787933349609375,1.9469401041666667,0.1669748822848002,0.02049318328499794,-0.06798136234283447
20,0.922205138999999,114.45504,3.373121500015259,-0.026511505246162415,1.5360513925552368,2.4853515625,0.29022085666656494,0.0,0.2931467294692993,0.00033544900361448526,0.0916748046875,6.4286141423508525e-06,5.184998735785484e-05,0.0051209088414907455,0.0051209088414907455,0.0,1.3084676265716553,2.825082778930664,0.002120186574757099,0.0,0.0,0.0,0.0,0.0,0.0,0.0,0.257596492767334,0.1723400354385376,1.8503011067708333,0.1755131483078003,0.020532419284184773,-0.06403088569641113
21,0.9243045759999973,114.45504,2.7219419479370117,0.030644763261079788,0.47352322936058044,2.474609375,0.2256106734275818,0.0,0.31894004344940186,0.000804558745585382,0.6497802734375,5.971670816506958e-06,4.981312304153107e-05,0.004996643401682377,0.004996643401682377,0.0,0.3662211298942566,2.754842758178711,0.023178836330771446,0.0,11.0,0.0,0.0,11.0,0.0,11.0,0.2630271514256795,0.16731977462768555,1.7616373697916667,0.1803096135457357,0.020552538335323334,-0.05967229604721069
22,0.9295185039999865,114.45504,2.8752565383911133,0.01387682557106018,0.5003986358642578,2.4658203125,0.24084512889385223,0.0,0.3250815272331238,0.0009819602128118277,0.8493245840072632,5.445581336971372e-06,4.8587935452815145e-05,0.004905759356915951,0.004905759356915951,0.0,0.10663551092147827,2.798326015472412,0.017898375168442726,0.0,9.0,0.0,0.0,9.0,0.0,9.0,0.2655590573946635,0.18814079463481903,1.9014078776041667,0.18183044592539468,0.02057276914517085,-0.05555236339569092
23,0.9244810209999912,114.45504,3.109227418899536,-0.007782118394970894,0.9684931635856628,2.46484375,0.2636066675186157,0.0,0.32229769229888916,0.0009923543548211455,0.814697265625,5.433127626019996e-06,4.823203198611736e-05,0.004842652007937431,0.004842652007937431,0.0,0.08748593181371689,2.938891887664795,0.007218181621283293,0.0,1.0,0.0,0.0,1.0,0.0,1.0,0.26569583018620807,0.21398131549358368,1.9857991536458333,0.1813236872355143,0.0206044502556324,-0.05131465196609497
24,0.950359203000005,114.45504,3.18951416015625,-0.011561786755919456,0.7566015124320984,2.462890625,0.2705632150173187,0.0,0.31404778361320496,0.0009951965184882283,0.6006266474723816,5.44788326806156e-06,4.9076974391937256e-05,0.004833937622606754,0.004833937622606754,0.0,0.13128669559955597,3.219602108001709,0.006012779660522938,0.0,2.0,0.0,0.0,2.0,0.0,2.0,0.26384156942367554,0.21011260151863098,2.0259195963541665,0.17920639117558798,0.020625382661819458,-0.04557991027832031
25,0.9791059750000102,114.45504,3.179047107696533,-0.006198630202561617,0.7769730091094971,2.4609375,0.26837417483329773,0.0,0.30340540409088135,0.001039226888678968,0.21826171875,5.375949513108935e-06,5.0968199502676725e-05,0.004859943874180317,0.004859943874180317,0.0,0.14404915273189545,3.6327102184295654,0.00828219298273325,0.0,2.0,0.0,0.0,2.0,0.0,2.0,0.26106639703114826,0.20882225036621094,2.0326741536458335,0.17640918493270874,0.020651325583457947,-0.03954654932022095
26,0.9906185990000154,114.455552,3.0714471340179443,0.007689099293202162,0.950453519821167,2.4609375,0.2565537989139557,0.0,0.29271548986434937,0.00098336988594383,0.0889485701918602,5.3964354265190195e-06,5.361765215639025e-05,0.004895585589110851,0.004895585589110851,0.0,0.12830600142478943,4.183810710906982,0.006752628833055496,0.0,0.0,0.0,0.0,0.0,0.0,0.0,0.25844881931940716,0.20913293957710266,2.0332845052083335,0.17385204633076987,0.02064172054330508,-0.03323221206665039
27,1.0087321429999747,114.455552,2.8704676628112793,0.03168685734272003,0.6954383254051208,2.4599609375,0.2349317967891693,0.0,0.28480011224746704,0.00107368896715343,0.0823567733168602,5.394962045102147e-06,5.72236895095557e-05,0.0049523850902915,0.0049523850902915,0.0,0.12340053170919418,4.913015365600586,0.010032251477241516,0.0,1.0,0.0,0.0,1.0,0.0,1.0,0.2558778723080953,0.20877179503440857,2.0318196614583335,0.1713023583094279,0.020611306031545002,-0.036937594413757324
28,1.058449201000002,114.455552,2.758439540863037,0.046431489288806915,0.37466445565223694,2.458984375,0.22242707014083862,0.0,0.2778996229171753,0.0010815875139087439,0.0767415389418602,5.390747446654132e-06,6.171894347062334e-05,0.005119451321661472,0.005119451321661472,0.0,0.12088381499052048,5.843555450439453,0.0207682978361845,0.0,4.0,0.0,0.0,4.0,0.0,4.0,0.2540179491043091,0.20877337455749512,2.0334879557291665,0.16946901877721152,0.020604883631070454,-0.03686940670013428
29,1.08329003999998,114.455552,2.7656567096710205,0.04950735718011856,0.42922601103782654,2.4560546875,0.22142212092876434,0.0,0.27351298928260803,0.0010633810888975859,0.0738118514418602,5.315749149303883e-06,6.66181294946e-05,0.005410654004663229,0.005410654004663229,0.0,0.13010220229625702,6.924755096435547,0.022130485624074936,0.0,3.0,0.0,0.0,3.0,0.0,3.0,0.25291943550109863,0.20330798625946045,2.02783203125,0.16844270626703897,0.020557016134262085,-0.0345921516418457
30,1.085334099999983,114.455552,2.79399037361145,0.05029457062482834,0.33966606855392456,2.4521484375,0.2228163480758667,0.0,0.27049535512924194,0.0008218550938181579,0.0723470076918602,5.18964952789247e-06,7.164838461903855e-05,0.005710337311029434,0.005710337311029434,0.0,0.1703914850950241,8.192046165466309,0.013048368506133556,0.0,4.0,0.0,0.0,4.0,0.0,4.0,0.2525342106819153,0.19289714097976685,2.0189615885416665,0.16773649056752524,0.020489112784465153,-0.025602340698242188
31,1.085062659000016,114.455552,2.8188388347625732,0.047410860657691956,0.3405572474002838,2.4482421875,0.22387108206748962,0.0,0.26920586824417114,0.0006519874441437423,0.0689697265625,5.254528332443442e-06,7.614007336087525e-05,0.0059982589446008205,0.0059982589446008205,0.0,0.17527949810028076,9.555150032043457,0.012563376687467098,0.0,6.0,0.0,0.0,6.0,0.0,6.0,0.25242135922114056,0.19195556640625,2.0075276692708335,0.16740997632344565,0.02042458951473236,-0.014714866876602173
32,1.1001673659999938,114.455552,2.873305559158325,0.03705248981714249,0.3410494327545166,2.4453125,0.2284766137599945,0.0,0.26941177248954773,0.0006640007486566901,0.0677897185087204,5.2416498874663375e-06,7.961824303492904e-05,0.0062779635190963745,0.0062779635190963745,0.0,0.13034573197364807,10.929410934448242,0.00834169052541256,0.0,3.0,0.0,0.0,3.0,0.0,3.0,0.2523786226908366,0.19034159183502197,2.0069986979166665,0.16724552710851034,0.020417357484499615,-0.015169724822044373
33,1.1301380989999927,114.473984,2.8942530155181885,0.034612514078617096,0.5804362297058105,2.4443359375,0.22984465956687927,0.0,0.27003929018974304,0.0007428359240293503,0.0674235075712204,5.227076599112479e-06,8.146776235662401e-05,0.006525604985654354,0.006525604985654354,0.0,0.12996622920036316,12.156824111938477,0.012199200689792633,0.0,1.0,0.0,0.0,1.0,0.0,1.0,0.25240135192871094,0.1802668571472168,2.0133056640625,0.1671907901763916,0.02040650819738706,-0.015225529670715332
34,1.1118766499999992,114.473984,2.893847942352295,0.03476071357727051,0.35268861055374146,2.4384765625,0.22933588922023773,0.0,0.27039530873298645,0.0008428157307207584,0.0681966170668602,5.251570655673277e-06,8.227762009482831e-05,0.006743776611983776,0.006743776611983776,0.0,0.11536102741956711,13.480527877807617,0.021469544619321823,0.0,6.0,0.0,0.0,6.0,0.0,6.0,0.25241520007451373,0.19345611333847046,2.0233154296875,0.16708767414093018,0.020339056849479675,-0.02537093311548233
35,1.1030507109999803,114.473984,2.883469343185425,0.036041758954524994,0.2998674809932709,2.4326171875,0.2286383956670761,0.0,0.26717129349708557,0.0006200335337780416,0.0688069686293602,5.332155524229165e-06,8.12443540780805e-05,0.006902314722537994,0.006902314722537994,0.0,0.10263097286224365,14.545713424682617,0.010683148168027401,0.0,6.0,0.0,0.0,6.0,0.0,6.0,0.2529375950495402,0.1950119137763977,2.0436604817708335,0.16729247570037842,0.020287552227576573,-0.015426009893417358
36,1.1263314630000139,114.473984,2.8849868774414062,0.036514826118946075,0.3375335931777954,2.4306640625,0.22884413599967957,0.0,0.266948938369751,0.0006419481360353529,0.0711263045668602,5.496346602740232e-06,7.902049401309341e-05,0.0070205191150307655,0.0070205191150307655,0.0,0.11402656883001328,15.276995658874512,0.02079636976122856,0.0,3.0,0.0,0.0,3.0,0.0,3.0,0.2530894676844279,0.19200557470321655,2.0694580078125,0.16723255316416422,0.020274408161640167,-0.01713085174560547
37,1.1463135920000127,114.473984,2.8774211406707764,0.03673872724175453,0.24479259550571442,2.427734375,0.22835354506969452,0.0,0.2681052088737488,0.0007008055108599365,0.0704752653837204,5.6377157306997105e-06,7.734831888228655e-05,0.007143205963075161,0.007143205963075161,0.0,0.12401078641414642,15.99376106262207,0.01747911050915718,0.0,3.0,0.0,0.0,3.0,0.0,3.0,0.2534605065981547,0.19213563203811646,2.0989990234375,0.16747254133224487,0.0202848215897878,-0.019707947969436646
38,1.1578765000000146,114.473984,2.8541557788848877,0.03776425123214722,0.3253116011619568,2.42578125,0.2266453355550766,0.0,0.27077293395996094,0.0007034229929558933,0.0650634765625,5.6747207963780966e-06,7.596796785946935e-05,0.007241109386086464,0.007241109386086464,0.0,0.12913565337657928,16.468048095703125,0.012767549604177475,0.0,3.0,0.0,0.0,3.0,0.0,3.0,0.25452492634455365,0.19467304646968842,2.1300048828125,0.16834833224614462,0.020294231673081715,-0.012136757373809814
39,1.1429554410000264,114.473984,2.813305616378784,0.042299866676330566,0.3187624216079712,2.4228515625,0.22306101024150848,0.0,0.27604442834854126,0.0006474463734775782,0.06103515625,5.817511009809095e-06,7.52290288801305e-05,0.007313378155231476,0.007313378155231476,0.0,0.16294929385185242,16.93915367126465,0.018004655838012695,0.0,5.0,0.0,0.0,5.0,0.0,5.0,0.2564348181088765,0.19094708561897278,2.1594645182291665,0.1701011856396993,0.02031166727344195,-0.01214250922203064
40,1.1125924380000072,114.473984,2.7652747631073,0.04665355756878853,0.39734724164009094,2.4208984375,0.21879103779792786,0.0,0.28597602248191833,0.0006212731823325157,0.0832112655043602,5.892344233870972e-06,7.442518835887313e-05,0.007336816750466824,0.007336816750466824,0.0,0.21701833605766296,17.26678466796875,0.019702136516571045,0.0,3.0,0.0,0.0,3.0,0.0,3.0,0.25909727811813354,0.1919202208518982,2.1635335286458335,0.1726623773574829,0.020267941057682037,-0.019599497318267822
41,1.0645305360000066,114.473984,2.7438712120056152,0.04910130798816681,0.24066725373268127,2.41796875,0.21706847846508026,0.0,0.30038732290267944,0.0005986772594042122,0.3037109375,5.922887794440612e-06,7.439386536134407e-05,0.0073449453338980675,0.0073449453338980675,0.0,0.30594274401664734,17.66826820373535,0.013709841296076775,0.0,4.0,0.0,0.0,4.0,0.0,4.0,0.2627965609232585,0.20731225609779358,2.1334228515625,0.17632112900416055,0.02026793360710144,-0.014644652605056763
42,1.065430192000008,114.473984,2.7493433952331543,0.0474657341837883,0.5052791237831116,2.41796875,0.218077152967453,0.0,0.32051876187324524,0.0008546772296540439,0.7799072265625,5.857640644535422e-06,7.582570106023923e-05,0.007432432845234871,0.007432432845234871,0.0,0.3881934583187103,17.677406311035156,0.013151295483112335,0.0,0.0,0.0,0.0,0.0,0.0,0.0,0.2671387394269307,0.20646598935127258,2.08349609375,0.18056587378184,0.020280702660481136,-0.014396041631698608
43,1.0943285300000127,114.473984,2.7679522037506104,0.046101152896881104,0.53956538438797,2.4150390625,0.2195526361465454,0.0,0.3441731333732605,0.0015693295281380415,0.9068603515625,5.779225375590613e-06,7.869964611018077e-05,0.007581010460853577,0.007581010460853577,0.0,0.44892096519470215,17.990070343017578,0.017859525978565216,0.0,4.0,0.0,0.0,4.0,0.0,4.0,0.27173080046971637,0.20384061336517334,2.0330810546875,0.18502593040466309,0.02024303749203682,-0.014146506786346436
44,1.0506072670000037,114.473984,2.781702995300293,0.044120531529188156,0.3916003704071045,2.4140625,0.22088675200939178,0.0,0.36649882793426514,0.002525962656363845,0.9153646230697632,5.897150458622491e-06,8.010359306354076e-05,0.007664102129638195,0.007664102129638195,0.0,0.4441603124141693,17.962188720703125,0.023871516808867455,0.0,3.0,0.0,0.0,3.0,0.0,3.0,0.27628183364868164,0.20597213506698608,1.9935302734375,0.18952947854995728,0.02018477146824201,-0.013734966516494751
45,1.0267284509999968,114.473984,2.8057427406311035,0.04173840954899788,0.46426650881767273,2.41015625,0.22335076332092285,0.0,0.3884086012840271,0.00405185716226697,0.9243571162223816,5.906333171878941e-06,7.942988304421306e-05,0.0076574524864554405,0.0076574524864554405,0.0,0.4137957692146301,17.31648063659668,0.03962051123380661,0.0,5.0,0.0,0.0,5.0,0.0,5.0,0.28007662296295166,0.21038275957107544,1.9635823567708333,0.19324843088785806,0.020149100571870804,-0.03461221605539322
46,1.0290065570000024,114.473984,2.866603136062622,0.03390119597315788,0.4829460382461548,2.40625,0.23032322525978088,0.0,0.40487921237945557,0.0056547424755990505,0.92578125,5.939392849541036e-06,7.718177221249789e-05,0.007576882839202881,0.007576882839202881,0.0,0.33811160922050476,16.272808074951172,0.03152252361178398,0.0,5.0,0.0,0.0,5.0,0.0,5.0,0.28317930301030475,0.21431463956832886,1.9335123697916667,0.19619707266489664,0.02016283944249153,-0.033869341015815735
47,1.034775217999993,114.473984,2.9417364597320557,0.024985983967781067,0.39827868342399597,2.4013671875,0.23890875279903412,0.0,0.41454124450683594,0.006967130582779646,0.9205322265625,6.003654561936855e-06,7.364208431681618e-05,0.0074271089397370815,0.0074271089397370815,0.0,0.2796153426170349,14.97271728515625,0.033838432282209396,0.0,9.0,0.0,0.0,9.0,0.0,9.0,0.28527118762334186,0.21677696704864502,1.9141845703125,0.19806561867396036,0.02019333839416504,-0.034229956567287445
48,1.0235104889999889,114.473984,3.06162428855896,0.011849071830511093,0.4434186518192291,2.3955078125,0.2521757483482361,0.0,0.4171217083930969,0.007619689218699932,0.9133707880973816,6.11990071774926e-06,6.933434633538127e-05,0.007229246199131012,0.007229246199131012,0.0,0.24943912029266357,13.487726211547852,0.0276727806776762,0.0,6.0,0.0,0.0,6.0,0.0,6.0,0.28622323274612427,0.21659493446350098,1.9276529947916667,0.19854726394017538,0.020218377312024433,-0.03502991795539856
49,1.011311605000003,114.473984,3.180148124694824,5.309557309374213e-05,0.3763065040111542,2.3896484375,0.26540607213974,0.0,0.4167063236236572,0.008176954463124275,0.9090169668197632,6.307331204880029e-06,6.46543558104895e-05,0.007008346728980541,0.007008346728980541,0.0,0.26041120290756226,12.048398971557617,0.032050639390945435,0.0,6.0,0.0,0.0,6.0,0.0,6.0,0.28606613477071124,0.22086018323898315,1.9391682942708333,0.19801296790440878,0.020187762876351673,-0.03860308974981308
50,1.0486655650000216,114.473984,3.240377426147461,-0.005160707980394363,0.28245559334754944,2.3818359375,0.27273833751678467,0.0,0.4091213643550873,0.007923456840217113,0.9021810293197632,6.351925549097359e-06,5.9825277276104316e-05,0.0067578209564089775,0.0067578209564089775,0.0,0.27334293723106384,10.698331832885742,0.04066058248281479,0.0,11.0,0.0,0.0,11.0,0.0,11.0,0.28517383337020874,0.2161804437637329,1.9661458333333333,0.19692248106002808,0.020152310530344646,-0.038630858063697815
51,1.0243721360000109,114.473984,3.244140863418579,-0.006183117628097534,0.11062738299369812,2.373046875,0.27450892329216003,0.0,0.3980046212673187,0.0071764616295695305,0.8911539912223816,6.270421636145329e-06,5.580871948041022e-05,0.006518704351037741,0.006518704351037741,0.0,0.27582091093063354,9.656234741210938,0.03658664971590042,0.0,10.0,0.0,0.0,10.0,0.0,10.0,0.2840854326883952,0.20738613605499268,2.0069580078125,0.19570245345433554,0.02016189197699229,-0.03866254538297653
52,1.0354157339999972,114.473984,3.215686082839966,-0.004156684502959251,0.15298300981521606,2.3623046875,0.2729299068450928,0.0,0.3866865634918213,0.0063829077407717705,0.8834228515625,6.289021257543936e-06,5.240216705715284e-05,0.006294385530054569,0.006294385530054569,0.0,0.26907968521118164,8.746469497680664,0.047562479972839355,0.0,12.0,0.0,0.0,12.0,0.0,12.0,0.28302796681722003,0.20763695240020752,2.0331217447916665,0.19459939002990723,0.02018849054972331,-0.040203094482421875
53,1.0472554620000096,114.473984,3.1875946521759033,-0.0013020597398281097,0.05843304097652435,2.3515625,0.27076733112335205,0.0,0.37792491912841797,0.006047258153557777,0.8758138418197632,6.193428816914093e-06,5.0748778448905796e-05,0.006167193409055471,0.006167193409055471,0.0,0.264263778924942,8.27218246459961,0.0643811970949173,0.0,14.0,0.0,0.0,14.0,0.0,14.0,0.2820821801821391,0.21005210280418396,2.044677734375,0.1933820645014445,0.020198412239551544,-0.050728440284729004
54,1.0395548719999965,114.473984,3.140801429748535,0.0028277868404984474,0.09768969565629959,2.3408203125,0.26709476113319397,0.0,0.36829203367233276,0.005593129899352789,0.8631998896598816,6.1288283177418634e-06,4.912169970339164e-05,0.006045172922313213,0.006045172922313213,0.0,0.2536327540874481,7.741494655609131,0.05650542303919792,0.0,13.0,0.0,0.0,13.0,0.0,13.0,0.28168725967407227,0.2238178700208664,2.0746256510416665,0.1926361322402954,0.020214165250460308,-0.063160240650177
55,1.07773223800001,114.473984,3.0942022800445557,0.008863279595971107,0.13861139118671417,2.3349609375,0.26331424713134766,0.0,0.3611478805541992,0.005260794423520565,0.8524169921875,5.931323357799556e-06,4.793313564732671e-05,0.0059510935097932816,0.0059510935097932816,0.0,0.26387566328048706,7.478644371032715,0.05042440444231033,0.0,8.0,0.0,0.0,8.0,0.0,8.0,0.2813589970270793,0.21613958477973938,2.0819498697916665,0.1920407215754191,0.02024138594667117,-0.0767742395401001
56,1.05497157100001,114.473984,3.060425281524658,0.014590132981538773,0.09935935586690903,2.32421875,0.2600110173225403,0.0,0.3556448817253113,0.005026017781347036,0.8436686396598816,5.6819185374479275e-06,4.751989763462916e-05,0.005916103720664978,0.005916103720664978,0.0,0.28833457827568054,7.526423931121826,0.06037203595042229,0.0,16.0,0.0,0.0,16.0,0.0,16.0,0.28119975328445435,0.22130745649337769,2.1054280598958335,0.19190124670664468,0.020249339441458385,-0.07677048444747925
57,1.064277943999997,114.473984,3.0188114643096924,0.020795710384845734,0.13375376164913177,2.3154296875,0.25593096017837524,0.0,0.3512360453605652,0.0049581690691411495,0.8324788808822632,5.6669668992981315e-06,4.7339661250589415e-05,0.005907080136239529,0.005907080136239529,0.0,0.3178144097328186,7.700268745422363,0.05440382659435272,0.0,11.0,0.0,0.0,11.0,0.0,11.0,0.2813107967376709,0.2158663272857666,2.1147867838541665,0.19176308314005533,0.020274921009937923,-0.07670056819915771
58,1.013820930999998,114.473984,2.9773716926574707,0.027199365198612213,0.10494358837604523,2.3056640625,0.25152355432510376,0.0,0.3485196530818939,0.00503078056499362,0.8211669921875,5.539346147998003e-06,4.750158404931426e-05,0.005924360826611519,0.005924360826611519,0.0,0.35095593333244324,8.079614639282227,0.0453479140996933,0.0,12.0,0.0,0.0,12.0,0.0,12.0,0.28149527311325073,0.21768569946289062,2.1355387369791665,0.19177844127019247,0.020257291694482166,-0.07665443420410156
59,0.9947513959999981,114.473984,2.94975209236145,0.03362150490283966,0.10775307565927505,2.2998046875,0.24814701080322266,0.0,0.3489135205745697,0.00551262404769659,0.8112386465072632,5.5115842769737355e-06,4.804064519703388e-05,0.005969984456896782,0.005969984456896782,0.0,0.39563536643981934,8.530614852905273,0.051998578011989594,0.0,10.0,0.0,0.0,10.0,0.0,10.0,0.2814784049987793,0.22291114926338196,2.1394856770833335,0.19188652435938516,0.020228261748949688,-0.07662045955657959
60,1.0016822929999876,114.473984,2.934148073196411,0.03983554616570473,0.10963646322488785,2.29296875,0.24588274955749512,0.0,0.3501206338405609,0.006215938366949558,0.7999674677848816,5.5294599405897316e-06,4.8858230002224445e-05,0.006040164735168219,0.006040164735168219,0.0,0.44920778274536133,9.035699844360352,0.06326483190059662,0.0,13.0,0.0,0.0,13.0,0.0,13.0,0.28169286251068115,0.21734483540058136,2.1448974609375,0.19147493441899618,0.020267872760693233,-0.07659077644348145
61,1.013758136000007,114.473984,2.907644271850586,0.04667717218399048,0.09718779474496841,2.279296875,0.24262504279613495,0.0,0.3494422137737274,0.006748187821358442,0.7855224609375,5.501882242242573e-06,4.954953328706324e-05,0.006106644868850708,0.006106644868850708,0.0,0.49916911125183105,9.557860374450684,0.07173176109790802,0.0,17.0,0.0,0.0,17.0,0.0,17.0,0.2823888858159383,0.2129981964826584,2.1540934244791665,0.19192788998285928,0.020262931783994038,-0.07656270265579224
62,1.0444062439999868,114.473984,2.896456480026245,0.05125749856233597,0.09914394468069077,2.259765625,0.24124181270599365,0.0,0.35114288330078125,0.007687106728553772,0.76953125,5.6804087762429845e-06,4.9690053856465966e-05,0.006148211658000946,0.006148211658000946,0.0,0.5514460802078247,9.826995849609375,0.0928746685385704,0.0,22.0,0.0,0.0,22.0,0.0,22.0,0.2831545074780782,0.21942514181137085,2.1618245442708335,0.1921925942103068,0.020286404838164646,-0.07653927803039551
63,1.0290306149999822,114.473984,2.8660335540771484,0.05601438879966736,0.09893868118524551,2.244140625,0.23860633373260498,0.0,0.35106581449508667,0.008507899008691311,0.7506103515625,5.6931817198346835e-06,4.951799564878456e-05,0.006172248162329197,0.006172248162329197,0.0,0.5942501425743103,9.83969783782959,0.09149718284606934,0.0,21.0,0.0,0.0,21.0,0.0,21.0,0.28450967868169147,0.21494746208190918,2.1783854166666665,0.19334425528844199,0.02030321458975474,-0.07651513814926147
64,1.0120626649999735,114.473984,2.827238082885742,0.06447503715753555,0.1025530993938446,2.228515625,0.23493826389312744,0.0,0.3545358180999756,0.01001053862273693,0.7338053584098816,5.688346391252708e-06,4.953704046783969e-05,0.006204917095601559,0.006204917095601559,0.0,0.6812858581542969,9.60200023651123,0.10304385423660278,0.0,19.0,0.0,0.0,19.0,0.0,19.0,0.28550225496292114,0.2097111940383911,2.1920979817708335,0.19459362824757895,0.02036130925019582,-0.0764884352684021
65,1.0692652639999949,114.473984,2.7984957695007324,0.06907625496387482,0.09349437803030014,2.205078125,0.23296615481376648,0.0,0.3559083938598633,0.011666253209114075,0.7144775390625,5.7028300943784416e-06,4.891381831839681e-05,0.006180014461278915,0.006180014461278915,0.0,0.7410252094268799,8.995927810668945,0.10516547411680222,0.0,30.0,0.0,0.0,30.0,0.0,30.0,0.2870723406473796,0.21052002906799316,2.2008463541666665,0.19647294282913208,0.020397322873274486,-0.07646071910858154
66,1.1069301510000003,114.473984,2.7586917877197266,0.07400140166282654,0.08908446133136749,2.173828125,0.2304437756538391,0.0,0.3520852029323578,0.013141031377017498,0.6822916865348816,5.654262622556416e-06,4.7873960284050554e-05,0.006115186959505081,0.006115186959505081,0.0,0.7889286875724792,8.182635307312012,0.14220169186592102,0.0,38.0,0.0,0.0,38.0,0.0,38.0,0.2898782293001811,0.21186095476150513,2.224365234375,0.1990875800450643,0.020445274809996288,-0.07643651962280273
67,1.1190740389999974,114.473984,2.6947481632232666,0.08083430677652359,0.07624397426843643,2.1357421875,0.2261044681072235,0.0,0.34462201595306396,0.014498542062938213,0.6456705927848816,5.509007678483613e-06,4.646223896997981e-05,0.00601423904299736,0.00601423904299736,0.0,0.8345524668693542,7.236662864685059,0.14491741359233856,0.0,45.0,0.0,0.0,45.0,0.0,45.0,0.2932901581128438,0.2126995325088501,2.2626139322916665,0.20176446437835693,0.02050309379895528,-0.07641792297363281
68,1.078075044000002,114.473984,2.6235876083374023,0.08800442516803741,0.06377653032541275,2.095703125,0.22148412466049194,0.0,0.33162981271743774,0.015349185094237328,0.6034749746322632,5.254620191408321e-06,4.437362076714635e-05,0.005853804759681225,0.005853804759681225,0.0,0.8601889610290527,6.300494194030762,0.1630862057209015,0.0,54.0,0.0,0.0,54.0,0.0,54.0,0.29729050397872925,0.21305924654006958,2.3221435546875,0.20573407411575317,0.02054128795862198,-0.0764164924621582
69,1.0738718089999963,114.473984,2.5522959232330322,0.09476791322231293,0.053711358457803726,2.0458984375,0.2167060673236847,0.0,0.3127637505531311,0.015571624040603638,0.5561116933822632,5.00722489960026e-06,4.184386853012256e-05,0.005660391878336668,0.005660391878336668,0.0,0.8711687922477722,5.478478908538818,0.19702300429344177,0.0,61.0,0.0,0.0,61.0,0.0,61.0,0.30197209119796753,0.21325165033340454,2.4119466145833335,0.21232022841771445,0.020657584071159363,-0.0764346718788147
70,1.061516178000005,114.473984,2.488823652267456,0.09975013881921768,0.04577866196632385,1.99609375,0.21306383609771729,0.0,0.29290562868118286,0.015636011958122253,0.5082194209098816,4.78321226182743e-06,3.921941970475018e-05,0.005451105069369078,0.005451105069369078,0.0,0.8824097514152527,4.861617088317871,0.18857386708259583,0.0,61.0,0.0,0.0,61.0,0.0,61.0,0.30649469296137494,0.2136097550392151,2.4854329427083335,0.21846328179041544,0.020828566203514736,-0.07646489143371582
71,1.0502627059999838,114.473984,2.3841631412506104,0.10581102967262268,0.04153013601899147,1.951171875,0.20592550933361053,0.0,0.26400142908096313,0.01428450457751751,0.4526774287223816,4.657720637624152e-06,3.653521343949251e-05,0.0052216751500964165,0.0052216751500964165,0.0,0.8609572649002075,4.405115127563477,0.1544211208820343,0.0,58.0,0.0,0.0,58.0,0.0,58.0,0.31199846665064496,0.21398085355758667,2.5786946614583335,0.2253861427307129,0.020959700147310894,-0.07650089263916016
72,1.0255237199999954,114.473984,2.3176681995391846,0.11103259772062302,0.04001679643988609,1.912109375,0.20147570967674255,0.0,0.2465592920780182,0.014184495434165001,0.4107259213924408,4.497420832194621e-06,3.383830699021928e-05,0.004986077081412077,0.004986077081412077,0.0,0.9021835327148438,4.028630256652832,0.14714227616786957,0.0,54.0,0.0,0.0,54.0,0.0,54.0,0.3156694571177165,0.212540864944458,2.6329345703125,0.230166494846344,0.021040762464205425,-0.0765465497970581
73,1.0192019680000044,114.473984,2.2158634662628174,0.11612839996814728,0.040619976818561554,1.86328125,0.1944551169872284,0.0,0.2170841544866562,0.012288156896829605,0.3539632260799408,4.504332537180744e-06,3.1173192837741226e-05,0.004751971922814846,0.004751971922814846,0.0,0.8917099833488464,3.761108160018921,0.14310915768146515,0.0,66.0,0.0,0.0,66.0,0.0,66.0,0.320614496866862,0.20803126692771912,2.7454020182291665,0.23591665426890054,0.02113586664199829,-0.07661348581314087
74,1.0029800850000186,114.473984,2.1242926120758057,0.12111261487007141,0.04616832360625267,1.8232421875,0.18798121809959412,0.0,0.1918278932571411,0.010559860616922379,0.3118896484375,4.5188662625150755e-06,2.970452987938188e-05,0.004625575616955757,0.004625575616955757,0.0,0.8841211795806885,3.567250967025757,0.11026960611343384,0.0,54.0,0.0,0.0,54.0,0.0,54.0,0.32491793235143024,0.1981196105480194,2.8446451822916665,0.24124791224797568,0.02118883530298869,-0.07669287919998169
75,0.9992398650000212,114.473984,2.082676649093628,0.1177837997674942,0.04243854433298111,1.7841796875,0.1858886331319809,0.0,0.16770806908607483,0.008550739847123623,0.2744547724723816,4.516728495218558e-06,2.8763799491571262e-05,0.00453238096088171,0.00453238096088171,0.0,0.8289912939071655,3.432335615158081,0.11081301420927048,0.0,49.0,0.0,0.0,49.0,0.0,49.0,0.3289038936297099,0.19190263748168945,2.909423828125,0.24719732999801636,0.02124323199192683,-0.07678782939910889
76,1.0240859769999986,114.473984,2.043900966644287,0.11493877321481705,0.04644498601555824,1.7412109375,0.18389205634593964,0.0,0.1474291980266571,0.007027830928564072,0.2474365234375,4.355579221737571e-06,2.8357670089462772e-05,0.004473717883229256,0.004473717883229256,0.0,0.8166550397872925,3.321897506713867,0.10729321837425232,0.0,54.0,0.0,0.0,54.0,0.0,54.0,0.33229541778564453,0.1904931366443634,2.9691569010416665,0.25089675188064575,0.021363909045855205,-0.03411602973937988
77,1.0210697320000008,114.473984,2.0594794750213623,0.1075706034898758,0.056747082620859146,1.7236328125,0.18714889883995056,0.0,0.13337945938110352,0.006272661965340376,0.2228597104549408,4.343324690125883e-06,2.8453436243580654e-05,0.004451563581824303,0.004451563581824303,0.0,0.7858690023422241,3.2522077560424805,0.06798382103443146,0.0,26.0,0.0,0.0,26.0,0.0,26.0,0.33443109194437665,0.18924912810325623,3.019775390625,0.25244031349817914,0.021390199661254883,-0.03792119026184082
78,1.0338899209999965,114.473984,2.156212091445923,0.09100635349750519,0.05142869055271149,1.6923828125,0.19749665260314941,0.0,0.12454231828451157,0.006361581385135651,0.2066243588924408,4.3887216634175275e-06,2.8802545784856193e-05,0.00445498526096344,0.00445498526096344,0.0,0.7379878759384155,3.222759962081909,0.09818267822265625,0.0,35.0,0.0,0.0,35.0,0.0,35.0,0.3358350992202759,0.18775641918182373,3.0262858072916665,0.2536333004633586,0.02138174573580424,-0.07828778028488159
79,1.0435822919999964,114.473984,2.193577527999878,0.08302181959152222,0.07234006375074387,1.658203125,0.202845498919487,0.0,0.1084994301199913,0.00583500973880291,0.1747233122587204,4.252467988408171e-06,2.8512455173768103e-05,0.004414284601807594,0.004414284601807594,0.0,0.7210278511047363,3.189077138900757,0.08433308452367783,0.0,39.0,0.0,0.0,39.0,0.0,39.0,0.33752795060475665,0.1874372363090515,3.0717366536458335,0.2549777030944824,0.02141471952199936,-0.07812631130218506
80,1.0132761049999885,114.473984,2.210524559020996,0.07732830941677094,0.05320603772997856,1.6396484375,0.20623964071273804,0.0,0.09117849171161652,0.004542229697108269,0.1470540463924408,4.074029675393831e-06,2.7993326511932537e-05,0.0043593039736151695,0.0043593039736151695,0.0,0.6672250628471375,3.17490553855896,0.06148438900709152,0.0,29.0,0.0,0.0,29.0,0.0,29.0,0.3392360607783,0.19061368703842163,3.1310221354166665,0.25710896650950116,0.021339039007822674,-0.07798618078231812
81,1.019668045000003,114.473984,2.1807684898376465,0.08241632580757141,0.07929234951734543,1.6240234375,0.20383790135383606,0.0,0.08195679634809494,0.004166783299297094,0.130126953125,4.018189883936429e-06,2.7813444830826484e-05,0.004315151367336512,0.004315151367336512,0.0,0.6978005766868591,3.2045915126800537,0.07630042731761932,0.0,24.0,0.0,0.0,24.0,0.0,24.0,0.3397614161173503,0.1951490044593811,3.1363525390625,0.2574402292569478,0.021284041305383045,-0.11761438846588135
82,0.9935990989999937,114.473984,2.1000025272369385,0.09431162476539612,0.10078348964452744,1.6123046875,0.1963403820991516,0.0,0.07399574667215347,0.0036837905645370483,0.1170247420668602,4.0223471842182335e-06,2.8377220587572083e-05,0.0043595596216619015,0.0043595596216619015,0.0,0.730401873588562,3.3353240489959717,0.050738222897052765,0.0,18.0,0.0,0.0,18.0,0.0,18.0,0.3400485118230184,0.19691506028175354,3.1562906901041665,0.2575918436050415,0.021216005086898804,-0.11754977703094482
83,1.0063683380000157,114.473984,1.923559546470642,0.11882328242063522,0.12741440534591675,1.60546875,0.17916172742843628,0.0,0.06548593938350677,0.0030721749644726515,0.1033528670668602,4.006303697678959e-06,2.959385710710194e-05,0.004493707790970802,0.004493707790970802,0.0,0.7479372024536133,3.5466275215148926,0.03372706100344658,0.0,12.0,0.0,0.0,12.0,0.0,12.0,0.34003440539042157,0.20260459184646606,3.1617024739583335,0.257493535677592,0.02121518800656001,-0.11736059188842773
84,1.0188298319999944,114.473984,1.6918485164642334,0.15715622901916504,0.08150575309991837,1.5927734375,0.1557728499174118,0.0,0.06130949407815933,0.003025042824447155,0.0972493514418602,3.899875082424842e-06,3.132762140012346e-05,0.004671809729188681,0.004671809729188681,0.0,0.7791488170623779,3.840561866760254,0.039394017308950424,0.0,13.0,0.0,0.0,13.0,0.0,13.0,0.3395327726999919,0.20469248294830322,3.143798828125,0.25734488169352215,0.021145227054754894,-0.11736023426055908
85,1.0100914239999952,114.473984,1.4115219116210938,0.20759211480617523,0.06355217099189758,1.583984375,0.12787076830863953,0.0,0.05414479225873947,0.002529408549889922,0.08642578125,3.909182851202786e-06,3.298251249361783e-05,0.004823001567274332,0.004823001567274332,0.0,0.7767855525016785,4.163812160491943,0.03391950577497482,0.0,14.0,0.0,0.0,14.0,0.0,14.0,0.33934470017751056,0.20950549840927124,3.1124674479166665,0.2573195695877075,0.020744406928618748,-0.11737501621246338
86,0.9957710150000025,114.473984,1.1481335163116455,0.265411376953125,0.049086928367614746,1.57421875,0.10121878236532211,0.0,0.048717841506004333,0.002160153817385435,0.0755208358168602,3.979726898251101e-06,3.47484638041351e-05,0.004970081150531769,0.004970081150531769,0.0,0.7824286222457886,4.506324768066406,0.046456463634967804,0.0,13.0,0.0,0.0,13.0,0.0,13.0,0.3386447827021281,0.20107761025428772,3.0568440755208335,0.25644369920094806,0.02049913505713145,-0.11746978759765625
87,0.980455682000013,114.473984,0.9200758934020996,0.3316831886768341,0.03535511717200279,1.5712890625,0.07834651321172714,0.0,0.04380146786570549,0.0016991508891806006,0.0678304061293602,4.050815732625779e-06,3.721746179508045e-05,0.005164044443517923,0.005164044443517923,0.0,0.8110358715057373,4.875135898590088,0.025600336492061615,0.0,5.0,0.0,0.0,5.0,0.0,5.0,0.33768026034037274,0.18942084908485413,3.0448811848958335,0.2553363045056661,0.020483187089363735,-0.11762559413909912
88,0.9924329380000358,114.473984,0.802146315574646,0.39967864751815796,0.05165669694542885,1.568359375,0.06554803997278214,0.0,0.04346957802772522,0.0018770245369523764,0.0650227889418602,4.160766366112512e-06,4.033046934637241e-05,0.005406844429671764,0.005406844429671764,0.0,0.8962917327880859,5.310176849365234,0.025675024837255478,0.0,4.0,0.0,0.0,4.0,0.0,4.0,0.33605905373891193,0.18095335364341736,3.0073649088541665,0.2535080512364705,0.020676260193188984,-0.09724217653274536
89,1.00063179,114.473984,0.800412654876709,0.46467626094818115,0.06450113654136658,1.5634765625,0.06426121294498444,0.0,0.041910361498594284,0.0018163220956921577,0.0621744804084301,4.265772986400407e-06,4.374203126644716e-05,0.005622116383165121,0.005622116383165121,0.0,1.0197052955627441,5.866826057434082,0.03707636147737503,0.0,7.0,0.0,0.0,7.0,0.0,7.0,0.3346276680628459,0.18074238300323486,2.9637044270833335,0.25212806463241577,0.020712284992138546,-0.09743648767471313
90,0.9915480160000243,114.473984,0.8658271431922913,0.5271809101104736,0.07867291569709778,1.5595703125,0.0699000358581543,0.0,0.03973781317472458,0.0017197498818859458,0.0570882186293602,4.497951522353105e-06,4.6071072574704885e-05,0.00574861466884613,0.00574861466884613,0.0,1.170104742050171,6.270782470703125,0.028164861723780632,0.0,8.0,0.0,0.0,8.0,0.0,8.0,0.3330085476239522,0.18289843201637268,2.9087727864583335,0.2504868308703105,0.020521844426790874,-0.09704834222793579
91,1.014398687000039,114.473984,0.9843621850013733,0.5770279169082642,0.10608389973640442,1.5556640625,0.08104676008224487,0.0,0.0378803089261055,0.0014931894838809967,0.0513509139418602,4.650704795494676e-06,4.7865352826192975e-05,0.005838882178068161,0.005838882178068161,0.0,1.3450899124145508,6.442979335784912,0.02250288426876068,0.0,6.0,0.0,0.0,6.0,0.0,6.0,0.3309383988380432,0.19069957733154297,2.825927734375,0.24854971965154013,0.02034323289990425,-0.09737902879714966
92,1.0194035150000218,114.473984,1.0956552028656006,0.6113783121109009,0.1026657298207283,1.552734375,0.09144078940153122,0.0,0.03861067444086075,0.0014859726652503014,0.0489501953125,4.893617187917698e-06,4.9285761633655056e-05,0.005870194640010595,0.005870194640010595,0.0,1.52642822265625,6.402042388916016,0.024957358837127686,0.0,5.0,0.0,0.0,5.0,0.0,5.0,0.3280387918154399,0.202880859375,2.7745768229166665,0.24546533823013306,0.020302525411049526,-0.09740036725997925
93,0.9690263169999866,114.473984,1.146215796470642,0.6264650225639343,0.11321448534727097,1.546875,0.09606799483299255,0.0,0.03762838616967201,0.0011212807148694992,0.0430094413459301,5.142097052157624e-06,4.926515248371288e-05,0.005805891938507557,0.005805891938507557,0.0,1.7819727659225464,6.193726539611816,0.023584723472595215,0.0,6.0,0.0,0.0,6.0,0.0,6.0,0.3254174788792928,0.18292289972305298,2.7435302734375,0.24297322829564413,0.020083636045455933,-0.1176605224609375
94,0.960556137000026,114.473984,1.2094626426696777,0.6303679943084717,0.0833483636379242,1.5419921875,0.10172419250011444,0.0,0.039425432682037354,0.0009071052772924304,0.0399576835334301,5.343494194676168e-06,4.838678796659224e-05,0.005756883881986141,0.005756883881986141,0.0,2.1411237716674805,5.9100141525268555,0.029132377356290817,0.0,6.0,0.0,0.0,6.0,0.0,6.0,0.32295769453048706,0.1822124719619751,2.7227783203125,0.24065480629603067,0.019777470578749973,-0.11741745471954346
95,0.956397136000021,114.473984,1.2841830253601074,0.6307603120803833,0.12200683355331421,1.541015625,0.10840354859828949,0.0,0.0434781089425087,0.0008469460299238563,0.0379638671875,5.7076167649938725e-06,4.767513746628538e-05,0.005719463806599379,0.005719463806599379,0.0,2.5316672325134277,5.585229873657227,0.028145750984549522,0.0,2.0,0.0,0.0,2.0,0.0,2.0,0.32122039794921875,0.1768956184387207,2.6584065755208335,0.23921926816304526,0.019328133513530094,-0.11738729476928711
96,0.961972655000011,114.473984,1.3697800636291504,0.6217941641807556,0.11317332088947296,1.5390625,0.11629977822303772,0.0,0.049020104110240936,0.0008403656538575888,0.0389404296875,6.164922524476424e-06,4.6664001274621114e-05,0.005662599112838507,0.005662599112838507,0.0,2.908510208129883,5.227046012878418,0.035761795938014984,0.0,2.0,0.0,0.0,2.0,0.0,2.0,0.31966211398442584,0.1766170859336853,2.5965983072916665,0.23770962158838907,0.018572477002938587,-0.11734592914581299
97,0.9681652890000123,114.473984,1.4533125162124634,0.6010779142379761,0.08370703458786011,1.53515625,0.12420357763767242,0.0,0.0553024522960186,0.0007843586499802768,0.0390218123793602,6.654455773968948e-06,4.5460670662578195e-05,0.005589637439697981,0.005589637439697981,0.0,3.2018380165100098,4.89975643157959,0.0508648082613945,0.0,6.0,0.0,0.0,6.0,0.0,6.0,0.3183063467343648,0.18036383390426636,2.5373128255208335,0.2364148497581482,0.018014283229907353,-0.11729276180267334
98,0.9443425320000074,114.473984,1.540906548500061,0.5725165605545044,0.13607071340084076,1.5341796875,0.13244393467903137,0.0,0.06601530313491821,0.0008844718104228377,0.0448404960334301,7.114894742699107e-06,4.433200228959322e-05,0.005524258129298687,0.005524258129298687,0.0,3.541184902191162,4.647342681884766,0.0570271871984005,0.0,1.0,0.0,0.0,1.0,0.0,1.0,0.3167465726534526,0.19057899713516235,2.5111490885416665,0.23484855890274048,0.017535554865996044,-0.11725068092346191
99,0.9431624119999924,114.473984,1.6484899520874023,0.5300017595291138,0.06260496377944946,1.53125,0.1423298567533493,0.0,0.08149563521146774,0.0011045688297599554,0.0706787109375,7.506680958613288e-06,4.3978579924441874e-05,0.005494448821991682,0.005494448821991682,0.0,3.7320659160614014,4.579030513763428,0.07716859877109528,0.0,6.0,0.0,0.0,6.0,0.0,6.0,0.3155634005864461,0.18420439958572388,2.47998046875,0.23381314675013223,0.017088344941536587,-0.11735546588897705
100,0.9595515120000186,114.473984,1.7598061561584473,0.48358675837516785,0.043406225740909576,1.521484375,0.15243923664093018,0.0,0.09870511293411255,0.0013724744785577059,0.1011149138212204,7.766631824779324e-06,4.4329404772724956e-05,0.005509642418473959,0.005509642418473959,0.0,3.721982479095459,4.620095729827881,0.11211594194173813,0.0,12.0,0.0,0.0,12.0,0.0,12.0,0.31619032224019367,0.1841799020767212,2.438720703125,0.23385409514109293,0.017165058602889378,-0.09939038753509521
101,1.0075312669999903,114.473984,1.840305209159851,0.4376409649848938,0.06005930155515671,1.5185546875,0.15965303778648376,0.0,0.11724114418029785,0.0019188987789675593,0.1253255307674408,7.956335139169823e-06,4.491448635235429e-05,0.005550615023821592,0.005550615023821592,0.0,3.6516518592834473,4.72810697555542,0.1097838431596756,0.0,7.0,0.0,0.0,7.0,0.0,7.0,0.31783413887023926,0.1937912404537201,2.3682047526041665,0.23508856693903604,0.0171705757578214,-0.09896260499954224
102,0.9840076529999919,114.473984,1.9355829954147339,0.39774593710899353,0.03481943532824516,1.5029296875,0.1675674319267273,0.0,0.1384212076663971,0.0033174040727317333,0.1605631560087204,8.21562935016118e-06,4.5155888074077666e-05,0.005562739446759224,0.005562739446759224,0.0,3.628952980041504,4.984737396240234,0.15540306270122528,0.0,25.0,0.0,0.0,25.0,0.0,25.0,0.31908384958902997,0.19360005855560303,2.2774658203125,0.23635639746983847,0.017694448431332905,-0.09918975830078125
103,0.9710054969999646,114.473984,2.011157989501953,0.36145108938217163,0.043926265090703964,1.490234375,0.17478671669960022,0.0,0.15322279930114746,0.004462914075702429,0.181884765625,8.368727321794722e-06,4.446353705134243e-05,0.005489286966621876,0.005489286966621876,0.0,3.5806643962860107,5.144986629486084,0.14977583289146423,0.0,21.0,0.0,0.0,21.0,0.0,21.0,0.3202361265818278,0.1945967972278595,2.2393798828125,0.23716280857721964,0.01804327468077342,-0.09927266836166382
104,0.9435764500000232,114.473984,2.098702907562256,0.32773756980895996,0.050350017845630646,1.47265625,0.18273833394050598,0.0,0.16873157024383545,0.005966939032077789,0.2009684294462204,8.495509973727167e-06,4.355402779765427e-05,0.005417639389634132,0.005417639389634132,0.0,3.4982192516326904,5.198233604431152,0.17533914744853973,0.0,24.0,0.0,0.0,24.0,0.0,24.0,0.3201334873835246,0.19699126482009888,2.2057291666666665,0.23614488045374551,0.018321567525466282,-0.09824424982070923
105,0.984047898999961,114.473984,2.2494254112243652,0.28894251585006714,0.056238096207380295,1.4501953125,0.19698533415794373,0.0,0.18550989031791687,0.008326604962348938,0.2132568359375,8.491552762279753e-06,4.2418942030053586e-05,0.005350022576749325,0.005350022576749325,0.0,3.406841993331909,5.082391738891602,0.20937317609786987,0.0,34.0,0.0,0.0,34.0,0.0,34.0,0.3194941282272339,0.19694244861602783,2.1828206380208335,0.23418758312861124,0.018671107788880665,-0.11718714237213135
106,1.0051456269999903,114.473984,2.33514666557312,0.26681840419769287,0.05795683339238167,1.4189453125,0.2056628167629242,0.0,0.19190280139446259,0.009207922965288162,0.2322184294462204,8.453584086964838e-06,4.0833325329003856e-05,0.005277907010167837,0.005277907010167837,0.0,3.22480845451355,4.704489707946777,0.2372596263885498,0.0,51.0,0.0,0.0,51.0,0.0,51.0,0.3190629283587138,0.20125025510787964,2.223876953125,0.23449567953745523,0.018832872311274212,-0.1171255111694336
107,1.006924094999988,114.473984,2.420776844024658,0.25313788652420044,0.05915394797921181,1.3857421875,0.21486040949821472,0.0,0.18819782137870789,0.007919887080788612,0.2389729917049408,8.235262612288352e-06,3.999833279522136e-05,0.005278909578919411,0.005278909578919411,0.0,3.007129669189453,4.2454142570495605,0.2556535005569458,0.0,51.0,0.0,0.0,51.0,0.0,51.0,0.31830225388209027,0.19838690757751465,2.2828776041666665,0.2350582480430603,0.018689869592587154,-0.11721611022949219
108,1.0132523210000386,114.473984,2.56134033203125,0.2300282120704651,0.07132083922624588,1.3642578125,0.22984127700328827,0.0,0.18824946880340576,0.007269429974257946,0.2554931640625,8.136104952427559e-06,3.907753125531599e-05,0.00523706478998065,0.00523706478998065,0.0,2.794807195663452,3.748220205307007,0.23587357997894287,0.0,46.0,0.0,0.0,46.0,0.0,46.0,0.3170960545539856,0.20052462816238403,2.3429361979166665,0.23437406619389853,0.018692093590895336,-0.117301344871521
109,1.042050697000036,114.473984,2.6848549842834473,0.19964919984340668,0.0637834370136261,1.322265625,0.24245908856391907,0.0,0.18724143505096436,0.007847840897738934,0.2566325068473816,7.88971647125436e-06,3.722062683664262e-05,0.005126643925905228,0.005126643925905228,0.0,2.6112959384918213,3.2051563262939453,0.28351759910583496,0.0,63.0,0.0,0.0,63.0,0.0,63.0,0.3167436122894287,0.17958223819732666,2.4255777994791665,0.2349278132120768,0.018825814127922058,-0.09800797700881958
110,1.0140844790000187,114.473984,2.7004599571228027,0.1690414547920227,0.05487645044922829,1.28515625,0.24619722366333008,0.0,0.17250566184520721,0.0072402311488986015,0.24462890625,7.351565272983862e-06,3.395782914594747e-05,0.0049028657376766205,0.0049028657376766205,0.0,2.2453880310058594,2.5695958137512207,0.2662760615348816,0.0,63.0,0.0,0.0,63.0,0.0,63.0,0.31810667117436725,0.1820586919784546,2.5282389322916665,0.23684080441792807,0.019205473363399506,-0.09785479307174683
111,1.0282181119999905,114.473984,2.61611270904541,0.15092971920967102,0.05466804653406143,1.251953125,0.24040672183036804,0.0,0.15558359026908875,0.00659809960052371,0.2167154997587204,6.9890261329419445e-06,3.035530971828848e-05,0.0046195825561881065,0.0046195825561881065,0.0,1.9282525777816772,2.029287815093994,0.21650266647338867,0.0,60.0,0.0,0.0,60.0,0.0,60.0,0.3198285500208537,0.18456482887268066,2.6552734375,0.23826034863789877,0.01927256832520167,-0.09776216745376587
112,0.9606774779999796,114.473984,2.5021719932556152,0.1422380954027176,0.05212156102061272,1.2275390625,0.23121914267539978,0.0,0.14036448299884796,0.005774087738245726,0.1925455778837204,6.676896646240493e-06,2.6992918719770387e-05,0.00433300482109189,0.00433300482109189,0.0,1.6810061931610107,1.6571407318115234,0.18856003880500793,0.0,46.0,0.0,0.0,46.0,0.0,46.0,0.32195067405700684,0.18455475568771362,2.7393391927083335,0.2401261329650879,0.01927447443207105,-0.09785133600234985
113,0.9693009200000233,114.473984,2.3536458015441895,0.1455688774585724,0.0702124759554863,1.2021484375,0.21703609824180603,0.0,0.13411879539489746,0.006085348781198263,0.1938883513212204,6.2696472014067695e-06,2.4648808903293684e-05,0.004110976122319698,0.004110976122319698,0.0,1.6263914108276367,1.4357872009277344,0.18955807387828827,0.0,38.0,0.0,0.0,38.0,0.0,38.0,0.32290567954381305,0.18879276514053345,2.7959391276041665,0.2413323720296224,0.0192927581568559,-0.09763485193252563
114,0.9806469879999895,114.473984,2.2130205631256104,0.1430930197238922,0.06633257120847702,1.181640625,0.20402243733406067,0.0,0.12422060966491699,0.006134237162768841,0.179443359375,5.84355802857317e-06,2.295912418048829e-05,0.003939480986446142,0.003939480986446142,0.0,1.5084766149520874,1.3496803045272827,0.17424246668815613,0.0,37.0,0.0,0.0,37.0,0.0,37.0,0.3244504928588867,0.193423330783844,2.8421223958333335,0.24405171473821005,0.019535844524701435,-0.09752672910690308
115,0.9757433770000148,114.473984,2.0663044452667236,0.1492064893245697,0.04388710856437683,1.1640625,0.18983885645866394,0.0,0.11853860318660736,0.006637656595557928,0.1703287810087204,5.52254914509831e-06,2.178600334445946e-05,0.0037536323070526123,0.0037536323070526123,0.0,1.4309196472167969,1.3422467708587646,0.17003431916236877,0.0,37.0,0.0,0.0,37.0,0.0,37.0,0.325978418191274,0.19347155094146729,2.8856201171875,0.2465737263361613,0.01952262595295906,-0.09786731004714966
116,0.9742790579999792,114.473984,1.9098747968673706,0.1546947956085205,0.06556711345911026,1.1484375,0.17572014033794403,0.0,0.10543940961360931,0.0058873794041574,0.15576171875,5.314697318681283e-06,2.0636682165786624e-05,0.0035480400547385216,0.0035480400547385216,0.0,1.2586885690689087,1.3329042196273804,0.1373269408941269,0.0,29.0,0.0,0.0,29.0,0.0,29.0,0.3282403349876404,0.19374334812164307,2.9500732421875,0.24990214904149374,0.01962339257200559,-0.09773021936416626
117,0.9753463939999847,114.473984,1.7616373300552368,0.1661069691181183,0.05305212736129761,1.126953125,0.16184088587760925,0.0,0.09384946525096893,0.005476301070302725,0.1368815153837204,5.118199624121189e-06,1.9941926439059898e-05,0.0033824783749878407,0.0033824783749878407,0.0,1.1243752241134644,1.360202670097351,0.12913742661476135,0.0,35.0,0.0,0.0,35.0,0.0,35.0,0.33024559418360394,0.1856919527053833,2.9965006510416665,0.25246747334798175,0.01957394431034724,-0.09756487607955933
118,0.9830123070000241,114.473984,1.6453356742858887,0.17933273315429688,0.04176996275782585,1.10546875,0.15060929954051971,0.0,0.0833744928240776,0.005248263478279114,0.1184895858168602,4.902048203803133e-06,1.9219589376007207e-05,0.0032536897342652082,0.0032536897342652082,0.0,1.0342893600463867,1.4024676084518433,0.1481153964996338,0.0,34.0,0.0,0.0,34.0,0.0,34.0,0.3319670557975769,0.18458259105682373,3.060791015625,0.2537974913914998,0.01947852596640587,-0.09759253263473511
119,0.9273873960000287,114.473984,1.4943431615829468,0.1933971643447876,0.038932204246520996,1.091796875,0.13681893050670624,0.0,0.066585011780262,0.003839669283479452,0.0919596403837204,4.6780774027865846e-06,1.818453529267572e-05,0.0031515914015471935,0.0031515914015471935,0.0,0.9488381743431091,1.4561512470245361,0.11196701228618622,0.0,26.0,0.0,0.0,26.0,0.0,26.0,0.3338663975397746,0.1850869059562683,3.1434326171875,0.2563764254252116,0.019476130604743958,-0.09760195016860962
120,0.9134826260000182,114.473984,1.3897348642349243,0.20592524111270905,0.03850415721535683,1.083984375,0.12629863619804382,0.0,0.060948118567466736,0.0035261164885014296,0.08544921875,4.522667950368486e-06,1.8092399841407314e-05,0.0031699161045253277,0.0031699161045253277,0.0,0.9770932197570801,1.5827348232269287,0.10163873434066772,0.0,14.0,0.0,0.0,14.0,0.0,14.0,0.3344426949818929,0.18703186511993408,3.1837158203125,0.25716765721638996,0.019436753044525783,-0.0975986123085022
121,0.918551831000002,114.473984,1.2707761526107788,0.2189762145280838,0.04979472979903221,1.0703125,0.11467757821083069,0.0,0.05380139872431755,0.0029774659778922796,0.0732014998793602,4.334736786404392e-06,1.817693919292651e-05,0.0032081003300845623,0.0032081003300845623,0.0,0.9910297393798828,1.7260901927947998,0.09055332839488983,0.0,21.0,0.0,0.0,21.0,0.0,21.0,0.3350185950597127,0.18421804904937744,3.1773274739583335,0.25874239206314087,0.019536907474199932,-0.09767836332321167
122,0.9260600239999803,114.473984,1.2084150314331055,0.22439861297607422,0.09387107938528061,1.0654296875,0.10846998542547226,0.0,0.04906307905912399,0.002550083212554455,0.0620931014418602,4.312565124564571e-06,1.9162405806127936e-05,0.0033237775787711143,0.0033237775787711143,0.0,0.9948868155479431,1.9152511358261108,0.07723759859800339,0.0,6.0,0.0,0.0,6.0,0.0,6.0,0.3351716200510661,0.1818116307258606,3.19287109375,0.2593824068705241,0.019534456233183544,-0.09777754545211792
123,0.9470452439999804,114.473984,1.146740198135376,0.23695021867752075,0.05835939571261406,1.0625,0.10175647586584091,0.0,0.048712342977523804,0.002570861717686057,0.0593668632209301,4.3278246266709175e-06,2.0846066036028787e-05,0.0034888009540736675,0.0034888009540736675,0.0,1.0583791732788086,2.1764450073242188,0.0896529108285904,0.0,9.0,0.0,0.0,9.0,0.0,9.0,0.3348362445831299,0.18181675672531128,3.2144775390625,0.2591949899991353,0.019605154792467754,-0.0978432297706604
124,0.9595927799999799,114.473984,1.092800259590149,0.24805381894111633,0.06719587743282318,1.0576171875,0.09593412280082703,0.0,0.04661574959754944,0.002382298931479454,0.0565999373793602,4.407802407513373e-06,2.288399264216423e-05,0.0036406058352440596,0.0036406058352440596,0.0,1.1042194366455078,2.463273525238037,0.09364132583141327,0.0,11.0,0.0,0.0,11.0,0.0,11.0,0.33440128962198895,0.18317359685897827,3.2137044270833335,0.25882065296173096,0.01952207460999489,-0.097872793674469
125,0.972610842999984,114.473984,1.0430543422698975,0.25895562767982483,0.08239567279815674,1.0517578125,0.09061852097511292,0.0,0.04263382405042648,0.0018023152370005846,0.0533040389418602,4.375265689304797e-06,2.5182174795190804e-05,0.0038351125549525023,0.0038351125549525023,0.0,1.144158124923706,2.8038296699523926,0.09052550792694092,0.0,8.0,0.0,0.0,8.0,0.0,8.0,0.33451751867930096,0.18339836597442627,3.2005615234375,0.2591045101483663,0.019520369668801624,-0.09785622358322144
126,0.9438986440000008,114.473984,0.9592417478561401,0.2813411056995392,0.044933635741472244,1.048828125,0.08128717541694641,0.0,0.042846452444791794,0.0017388025298714638,0.0530598983168602,4.391006314108381e-06,2.829647382895928e-05,0.004094181582331657,0.004094181582331657,0.0,1.2332887649536133,3.263484477996826,0.09262394905090332,0.0,4.0,0.0,0.0,4.0,0.0,4.0,0.3339537779490153,0.1826411485671997,3.1899007161458335,0.25887608528137207,0.019529494146505993,-0.09797602891921997
127,0.9499558410000191,114.473984,0.8763718008995056,0.3054388165473938,0.056177768856287,1.0439453125,0.07182189077138901,0.0,0.04399007558822632,0.0018031116342172027,0.0516357421875,4.496257588471053e-06,3.1991221476346254e-05,0.004403207451105118,0.004403207451105118,0.0,1.3164575099945068,3.845473051071167,0.10098402202129364,0.0,6.0,0.0,0.0,6.0,0.0,6.0,0.3328129053115845,0.18061870336532593,3.1583251953125,0.25788333018620807,0.01961567501227061,-0.09807378053665161
128,0.9619336370000156,114.473984,0.8229600787162781,0.3292141854763031,0.03401411697268486,1.0400390625,0.06543464958667755,0.0,0.043850865215063095,0.0017359971534460783,0.0523681640625,4.575673301587813e-06,3.637436020653695e-05,0.004759049974381924,0.004759049974381924,0.0,1.4010331630706787,4.575913906097412,0.102332204580307,0.0,6.0,0.0,0.0,6.0,0.0,6.0,0.331520140171051,0.18048417568206787,3.1343994140625,0.25642824172973633,0.0196572703619798,-0.09807318449020386
129,0.9774011469999664,114.473984,0.8215935230255127,0.3459872305393219,0.04245735704898834,1.0361328125,0.06424327194690704,0.0,0.04521023482084274,0.0017541975248605013,0.0540771484375,4.712988356914138e-06,4.065901885041967e-05,0.0050772991962730885,0.0050772991962730885,0.0,1.5023168325424194,5.324822425842285,0.09672113507986069,0.0,4.0,0.0,0.0,4.0,0.0,4.0,0.32984121640523273,0.18102288246154785,3.1107177734375,0.2551376223564148,0.019603279729684193,-0.09805494546890259
130,1.0575627530000133,114.473984,0.8528187274932861,0.362240195274353,0.04945550486445427,1.0322265625,0.06626935303211212,0.0,0.04801888391375542,0.0018540158635005355,0.054931640625,4.82110681332415e-06,4.387221997603774e-05,0.005311418324708939,0.005311418324708939,0.0,1.5613434314727783,5.958963394165039,0.10960113257169724,0.0,9.0,0.0,0.0,9.0,0.0,9.0,0.32806185881296795,0.1839788556098938,3.0629069010416665,0.2536923090616862,0.019815908124049503,-0.09798568487167358
131,0.9803604819999805,114.473984,0.8694947361946106,0.377584308385849,0.0619783028960228,1.025390625,0.06735426187515259,0.0,0.047066595405340195,0.0012881295988336205,0.0540364608168602,4.795434506377205e-06,4.4573167542694137e-05,0.005381022579967976,0.005381022579967976,0.0,1.5138347148895264,6.397519588470459,0.11327280849218369,0.0,11.0,0.0,0.0,11.0,0.0,11.0,0.32698331276575726,0.1759171485900879,3.0052897135416665,0.25259286165237427,0.019836436957120895,-0.09824401140213013
132,0.9783613990000504,114.473984,0.9119032621383667,0.3963649570941925,0.062377311289310455,1.025390625,0.07101044058799744,0.0,0.051187288016080856,0.0012974230339750648,0.0590006522834301,4.989976787328487e-06,4.5020191464573145e-05,0.005460299551486969,0.005460299551486969,0.0,1.4906060695648193,6.7730512619018555,0.08957259356975555,0.0,1.0,0.0,0.0,1.0,0.0,1.0,0.3255200982093811,0.17773491144180298,2.927734375,0.2512765129407247,0.01956670234600703,-0.09812992811203003
133,0.9808245689999922,114.473984,0.9715588688850403,0.41869083046913147,0.07084517180919647,1.0205078125,0.07578694075345993,0.0,0.05811944603919983,0.001657470129430294,0.0669352263212204,5.134694220032543e-06,4.548629658529535e-05,0.005522539373487234,0.005522539373487234,0.0,1.5218223333358765,7.170293807983398,0.09504799544811249,0.0,6.0,0.0,0.0,6.0,0.0,6.0,0.32394973436991376,0.17766910791397095,2.83544921875,0.24991140762964884,0.019653142740329105,-0.09808570146560669
134,1.010500740999987,114.473984,1.0432864427566528,0.4398386776447296,0.07260501384735107,1.017578125,0.08198478072881699,0.0,0.06558619439601898,0.002047676593065262,0.0740559920668602,5.281329322315287e-06,4.539517613011412e-05,0.0055648754350841045,0.0055648754350841045,0.0,1.608250617980957,7.461650848388672,0.10594579577445984,0.0,6.0,0.0,0.0,6.0,0.0,6.0,0.3222592274347941,0.17540115118026733,2.7386474609375,0.24846609433492026,0.019649519274632137,-0.09812527894973755
135,1.02843601699999,114.473984,1.1234633922576904,0.45675477385520935,0.07344776391983032,1.013671875,0.08962202072143555,0.0,0.07108469307422638,0.0022025336511433125,0.0785319060087204,5.355939720175229e-06,4.4281208829488605e-05,0.005536319222301245,0.005536319222301245,0.0,1.6971583366394043,7.518154144287109,0.0969906896352768,0.0,11.0,0.0,0.0,11.0,0.0,11.0,0.3204607168833415,0.1730136275291443,2.6552734375,0.24695992469787598,0.01942453905940056,-0.09811025857925415
136,0.9966139470000144,114.473984,1.197266697883606,0.4720625877380371,0.07266329228878021,1.005859375,0.09659915417432785,0.0,0.07778574526309967,0.0026106606237590313,0.0858154296875,5.482533197209705e-06,4.169261228526011e-05,0.005393452011048794,0.005393452011048794,0.0,1.812422513961792,7.321905136108398,0.10032700002193451,0.0,10.0,0.0,0.0,10.0,0.0,10.0,0.31842827796936035,0.17290335893630981,2.5992024739583335,0.24498913685480753,0.019363563507795334,-0.0981338620185852
137,0.9778428959999701,114.473984,1.3325365781784058,0.48209434747695923,0.06362336128950119,0.998046875,0.11000439524650574,0.0,0.08305077254772186,0.0028611337766051292,0.0933024138212204,5.609944309981074e-06,3.804872540058568e-05,0.005183039233088493,0.005183039233088493,0.0,1.9185075759887695,6.9315080642700195,0.09734781086444855,0.0,14.0,0.0,0.0,14.0,0.0,14.0,0.3174932797749837,0.1740899682044983,2.5533040364583335,0.24354471762975058,0.019110570351282757,-0.09800165891647339
138,0.9523910589999787,114.473984,1.4742778539657593,0.49528753757476807,0.06531768292188644,0.9921875,0.12423773854970932,0.0,0.0842844694852829,0.002390205627307296,0.0977376326918602,5.8104051277041435e-06,3.4924370993394405e-05,0.004960940685123205,0.004960940685123205,0.0,2.128293514251709,6.540086269378662,0.10561951994895935,0.0,18.0,0.0,0.0,18.0,0.0,18.0,0.3173609177271525,0.17950278520584106,2.5611165364583335,0.24320910374323526,0.018741970260938007,-0.09810394048690796
139,0.9702119849999917,114.473984,1.6373625993728638,0.49913322925567627,0.05990108475089073,0.9794921875,0.14016364514827728,0.0,0.09144546091556549,0.002577417064458132,0.1075846403837204,5.946877990936628e-06,3.290373570052907e-05,0.004832351114600897,0.004832351114600897,0.0,2.342622756958008,6.287532806396484,0.11533668637275696,0.0,22.0,0.0,0.0,22.0,0.0,22.0,0.3176366090774536,0.18324613571166992,2.4905192057291665,0.24332976341247559,0.01871841276685397,-0.09794527292251587
140,0.9511732489999645,114.473984,1.7317365407943726,0.503739058971405,0.05562102794647217,0.9638671875,0.14964079856872559,0.0,0.09226681292057037,0.002185204764828086,0.109130859375,5.98249607719481e-06,3.0883686122251675e-05,0.00468729343265295,0.00468729343265295,0.0,2.5584359169006348,6.049014091491699,0.12503492832183838,0.0,24.0,0.0,0.0,24.0,0.0,24.0,0.3191858132680257,0.18866252899169922,2.4180094401041665,0.24474934736887613,0.018874992926915485,-0.09809309244155884
141,0.9558572079999976,114.473984,1.8228946924209595,0.5021990537643433,0.0465535931289196,0.951171875,0.15882991254329681,0.0,0.09625041484832764,0.002170933410525322,0.1199951171875,6.1025330069242045e-06,2.850295823009219e-05,0.004515961743891239,0.004515961743891239,0.0,2.7125327587127686,5.735646724700928,0.13377678394317627,0.0,24.0,0.0,0.0,24.0,0.0,24.0,0.32034212350845337,0.18141603469848633,2.3704427083333335,0.24568633238474527,0.018902072062095005,-0.09797650575637817
142,0.9382957669999996,114.473984,1.908513069152832,0.5005850791931152,0.042113546282052994,0.9453125,0.16797006130218506,0.0,0.1014060229063034,0.002445613732561469,0.1291910856962204,6.32158753433032e-06,2.632388896017801e-05,0.004338455386459827,0.004338455386459827,0.0,2.843592405319214,5.301624774932861,0.11076194047927856,0.0,13.0,0.0,0.0,13.0,0.0,13.0,0.320249080657959,0.18004345893859863,2.3660074869791665,0.24521778027216592,0.018673232446114223,-0.09770733118057251
143,0.9705074370000375,114.473984,1.966455340385437,0.4991898536682129,0.03650582209229469,0.939453125,0.1734333038330078,0.0,0.11113806068897247,0.003325812052935362,0.1404622495174408,6.475826012319885e-06,2.449694693495985e-05,0.0041757309809327126,0.0041757309809327126,0.0,2.968365430831909,4.867403030395508,0.13246947526931763,0.0,22.0,0.0,0.0,22.0,0.0,22.0,0.3190506299336751,0.175642728805542,2.3496907552083335,0.24425405263900757,0.018415365368127823,-0.0977516770362854
144,0.9971330589999639,114.473984,1.9932618141174316,0.4914308786392212,0.030036212876439095,0.9267578125,0.17622599005699158,0.0,0.11462842673063278,0.003521041478961706,0.1376953125,6.7107607719663065e-06,2.3101927581592463e-05,0.004060983657836914,0.004060983657836914,0.0,3.118783950805664,4.491570472717285,0.1393154114484787,0.0,29.0,0.0,0.0,29.0,0.0,29.0,0.31822502613067627,0.17531341314315796,2.3619791666666665,0.24334565798441568,0.018161416053771973,-0.09834915399551392
145,1.0044255459999931,114.473984,1.994282841682434,0.4865376353263855,0.027071932330727577,0.9189453125,0.17629387974739075,0.0,0.1181400716304779,0.0035396076273173094,0.1352946013212204,6.905920599820092e-06,2.1404950530268252e-05,0.003878610907122493,0.003878610907122493,0.0,3.3282899856567383,4.122502326965332,0.14182338118553162,0.0,26.0,0.0,0.0,26.0,0.0,26.0,0.3172688881556193,0.17669111490249634,2.3839518229166665,0.24230186144510904,0.017803334941466648,-0.09826451539993286
146,1.0205513840000435,114.473984,1.9998997449874878,0.4794275760650635,0.022920195013284683,0.9052734375,0.1767568588256836,0.0,0.12097018957138062,0.003572163637727499,0.1269938200712204,6.934178145456826e-06,2.0395658793859184e-05,0.003781974781304598,0.003781974781304598,0.0,3.421163320541382,3.8851077556610107,0.15141724050045013,0.0,37.0,0.0,0.0,37.0,0.0,37.0,0.31633104880650836,0.1787658929824829,2.3589274088541665,0.2418148716290792,0.01798047497868538,-0.09810608625411987
147,0.9845393410000156,114.473984,2.0175349712371826,0.4668574333190918,0.023731432855129242,0.8896484375,0.1782110184431076,0.0,0.12834285199642181,0.0034681193064898252,0.130126953125,6.981026672292501e-06,1.9631033865152858e-05,0.003710163524374366,0.003710163524374366,0.0,3.566969633102417,3.657209873199463,0.14384403824806213,0.0,27.0,0.0,0.0,27.0,0.0,27.0,0.315595547358195,0.18096375465393066,2.3168131510416665,0.24035163720448813,0.017881251871585846,-0.09801667928695679
148,1.005533110999977,114.473984,2.093963861465454,0.4388427138328552,0.030420036986470222,0.8798828125,0.1847323626279831,0.0,0.1437186747789383,0.0033655534498393536,0.1605631560087204,7.084903245413443e-06,1.9283859728602692e-05,0.00366569752804935,0.00366569752804935,0.0,3.8410377502441406,3.445798397064209,0.1575375497341156,0.0,19.0,0.0,0.0,19.0,0.0,19.0,0.3140859206517537,0.18511611223220825,2.2696533203125,0.23800905545552573,0.017681560168663662,-0.0979967713356018
149,1.038782552999976,114.473984,2.1783270835876465,0.3944973349571228,0.0364290252327919,0.8662109375,0.1923706829547882,0.0,0.16105543076992035,0.003870151937007904,0.2109781950712204,7.1225913416128606e-06,1.8928887584479526e-05,0.00359846162609756,0.00359846162609756,0.0,3.907627820968628,3.216785430908203,0.1611853837966919,0.0,30.0,0.0,0.0,30.0,0.0,30.0,0.313412606716156,0.17494463920593262,2.22802734375,0.23698397477467856,0.017915329585472744,-0.09790760278701782
150,1.0138932030000092,114.473984,2.2094614505767822,0.3517338037490845,0.01901019923388958,0.8408203125,0.1945144385099411,0.0,0.178889200091362,0.0052874451503157616,0.2503662109375,7.129518053261563e-06,1.8842498320736922e-05,0.003565872088074684,0.003565872088074684,0.0,3.8167872428894043,2.98488712310791,0.2173771858215332,0.0,48.0,0.0,0.0,48.0,0.0,48.0,0.31371229887008667,0.18259596824645996,2.2210286458333335,0.23652076721191406,0.01822531968355179,-0.09787923097610474
151,0.996185507000007,114.473984,2.1637160778045654,0.31960755586624146,0.01972752809524536,0.806640625,0.19101372361183167,0.0,0.17793767154216766,0.005926851183176041,0.2488199919462204,7.006062332948204e-06,1.8116668798029423e-05,0.003470531664788723,0.003470531664788723,0.0,3.4062681198120117,2.745849370956421,0.22190868854522705,0.0,65.0,0.0,0.0,65.0,0.0,65.0,0.31538339455922443,0.18543016910552979,2.2872721354166665,0.23741447925567627,0.01835370808839798,-0.09809547662734985
152,1.0188187589999984,114.473984,2.0458836555480957,0.3003413677215576,0.02508738450706005,0.7802734375,0.1805737018585205,0.0,0.16852864623069763,0.005989615805447102,0.2467447966337204,6.657815447397297e-06,1.7419497453374788e-05,0.00340941920876503,0.00340941920876503,0.0,2.894493818283081,2.571143865585327,0.24407923221588135,0.0,66.0,0.0,0.0,66.0,0.0,66.0,0.317426860332489,0.18833386898040771,2.385009765625,0.24023266633351645,0.01837522288163503,-0.09793931245803833
153,1.012904743999968,114.473984,1.926519751548767,0.2885477542877197,0.02002185955643654,0.7578125,0.17033235728740692,0.0,0.15698522329330444,0.005924865137785673,0.2323404997587204,6.5782405727077276e-06,1.7041513274307363e-05,0.003360593458637595,0.003360593458637595,0.0,2.492123603820801,2.4664812088012695,0.21823734045028687,0.0,56.0,0.0,0.0,56.0,0.0,56.0,0.3195784091949463,0.19014108180999756,2.47509765625,0.24382710456848145,0.01834632083773613,-0.09799104928970337
154,1.006063030000007,114.473984,1.8177473545074463,0.28705042600631714,0.024318600073456764,0.7353515625,0.16021353006362915,0.0,0.14891694486141205,0.006211846135556698,0.2196858823299408,6.434217993955826e-06,1.7072567061404698e-05,0.003324265591800213,0.003324265591800213,0.0,2.2867848873138428,2.380944013595581,0.23922185599803925,0.0,58.0,0.0,0.0,58.0,0.0,58.0,0.3214333454767863,0.18802779912948608,2.5461832682291665,0.2462461789449056,0.018391783038775127,-0.09807974100112915
155,1.0236438270000008,114.473984,1.6549882888793945,0.2954525351524353,0.02255655825138092,0.7109375,0.14591377973556519,0.0,0.1322786659002304,0.005178058985620737,0.19384765625,6.302444489847403e-06,1.6474397853016853e-05,0.003235006472095847,0.003235006472095847,0.0,2.0412650108337402,2.2225193977355957,0.1983891725540161,0.0,54.0,0.0,0.0,54.0,0.0,54.0,0.32272883256276447,0.1861562728881836,2.6092936197916665,0.2493338386217753,0.018483543147643406,-0.09813481569290161
156,1.0246569880000038,114.473984,1.497851014137268,0.30885353684425354,0.01755417324602604,0.69140625,0.13144755363464355,0.0,0.11949364840984344,0.004411232657730579,0.1748860776424408,6.095257958804723e-06,1.5735749911982566e-05,0.0031380101572722197,0.0031380101572722197,0.0,1.925305724143982,2.0727880001068115,0.17219913005828857,0.0,44.0,0.0,0.0,44.0,0.0,44.0,0.3234592080116272,0.18616431951522827,2.6824951171875,0.2510680357615153,0.01847001661856969,-0.09786421060562134
157,1.018437156999994,114.473984,1.3950169086456299,0.3152884840965271,0.02327680215239525,0.6787109375,0.12220948189496994,0.0,0.11227035522460938,0.0042496332898736,0.1695963591337204,5.970048277958995e-06,1.5338842786150053e-05,0.003085783449932933,0.003085783449932933,0.0,1.7530131340026855,1.9330642223358154,0.13434424996376038,0.0,32.0,0.0,0.0,32.0,0.0,32.0,0.3234427571296692,0.186876118183136,2.7428385416666665,0.2514350612958272,0.018689407656590145,-0.09819656610488892
158,1.0227561639999863,114.473984,1.3232520818710327,0.32236039638519287,0.02803533896803856,0.6669921875,0.11522558331489563,0.0,0.10916972160339355,0.004413792863488197,0.1705729216337204,5.80130790694966e-06,1.5599252947140485e-05,0.0031068844255059958,0.0031068844255059958,0.0,1.679560661315918,1.9058911800384521,0.12456376850605011,0.0,25.0,0.0,0.0,25.0,0.0,25.0,0.3235146204630534,0.18756026029586792,2.7709554036458335,0.2518296440442403,0.018711547056833904,-0.09806019067764282
159,1.028657910999982,114.473984,1.264678955078125,0.3289622664451599,0.015289727598428726,0.65625,0.10939978063106537,0.0,0.10451662540435791,0.004586602561175823,0.1570231169462204,5.5744799283274915e-06,1.6611684259260073e-05,0.0032168696634471416,0.0032168696634471416,0.0,1.589316725730896,1.959154486656189,0.14394459128379822,0.0,32.0,0.0,0.0,32.0,0.0,32.0,0.3236869176228841,0.18482345342636108,2.7728271484375,0.2530234456062317,0.018473166972398758,-0.09802943468093872
160,1.0376621099999852,114.473984,1.1692947149276733,0.3376845121383667,0.011907500214874744,0.640625,0.10088368505239487,0.0,0.09146237373352051,0.003699628636240959,0.1281331479549408,5.19812374477624e-06,1.6876818335731514e-05,0.0032645035535097122,0.0032645035535097122,0.0,1.4978015422821045,1.9523757696151733,0.13472861051559448,0.0,38.0,0.0,0.0,38.0,0.0,38.0,0.32452209790547687,0.18611937761306763,2.7674153645833335,0.25397278865178424,0.01892584313948949,-0.09794694185256958
161,1.0126378699999918,114.473984,1.0990372896194458,0.34597715735435486,0.020351212471723557,0.62890625,0.09456793963909149,0.0,0.08272106945514679,0.0033850199542939663,0.1124674528837204,5.020411208533915e-06,1.7334346921416e-05,0.0033152082469314337,0.0033152082469314337,0.0,1.5033864974975586,1.9430640935897827,0.10991557687520981,0.0,23.0,0.0,0.0,23.0,0.0,23.0,0.32492975393931073,0.1889714002609253,2.8240966796875,0.25461500883102417,0.019232258200645447,-0.09791570901870728
162,1.010250244999952,114.473984,1.0495750904083252,0.35217827558517456,0.01221778430044651,0.62109375,0.09008663892745972,0.0,0.0764959454536438,0.002709249733015895,0.0977376326918602,4.910713414574275e-06,1.7772023056750186e-05,0.003371679689735174,0.003371679689735174,0.0,1.4848532676696777,1.9346263408660889,0.09805572032928467,0.0,24.0,0.0,0.0,24.0,0.0,24.0,0.32523441314697266,0.19436204433441162,2.8673909505208335,0.25480695565541583,0.019281502813100815,-0.09788733720779419
163,0.963120785000001,114.473984,0.9672417044639587,0.36077791452407837,0.016360988840460777,0.6123046875,0.08189218491315842,0.0,0.07370364665985107,0.0021992174442857504,0.0959879606962204,4.770201485371217e-06,1.8016760805039667e-05,0.003425560425966978,0.003425560425966978,0.0,1.4785492420196533,1.9328593015670776,0.11277572810649872,0.0,20.0,0.0,0.0,20.0,0.0,20.0,0.3251063823699951,0.19402241706848145,2.8705240885416665,0.25520124038060504,0.019245925048987072,-0.0979347825050354
164,0.9611063659999672,114.473984,0.9310835003852844,0.3624979257583618,0.025103891268372536,0.6044921875,0.07844210416078568,0.0,0.07088003307580948,0.001922201132401824,0.0913492888212204,4.7037437980179675e-06,1.8359785826760344e-05,0.0034871548414230347,0.0034871548414230347,0.0,1.4315075874328613,1.966404676437378,0.09309764951467514,0.0,17.0,0.0,0.0,17.0,0.0,17.0,0.32499967018763226,0.19428104162216187,2.8917236328125,0.25549527009328205,0.019326927761236828,-0.09798485040664673
165,0.9620874430000299,114.473984,0.9438400268554688,0.3595852851867676,0.03006644919514656,0.6015625,0.07938826084136963,0.0,0.0723927915096283,0.0020893800538033247,0.0948893278837204,4.786321824212791e-06,1.956762935151346e-05,0.0036069885827600956,0.0036069885827600956,0.0,1.4643110036849976,2.0886390209198,0.08579530566930771,0.0,11.0,0.0,0.0,11.0,0.0,11.0,0.32486311594645184,0.19644641876220703,2.878173828125,0.255199392636617,0.019344699879487354,-0.09804660081863403
166,0.9685397389999935,114.473984,0.9668557047843933,0.35685500502586365,0.01224404014647007,0.5966796875,0.08112575113773346,0.0,0.0745706558227539,0.0023909220471978188,0.0941162109375,4.839822850044584e-06,2.08059573196806e-05,0.003743420820683241,0.003743420820683241,0.0,1.5072498321533203,2.242698907852173,0.10133242607116699,0.0,15.0,0.0,0.0,15.0,0.0,15.0,0.32504936059316,0.19570386409759521,2.874755859375,0.25516225894292194,0.01933065926035245,-0.0981176495552063
167,0.954565166000009,114.473984,0.9833788871765137,0.3551997244358063,0.0182806309312582,0.5927734375,0.08274316042661667,0.0,0.07201024889945984,0.0022401839960366488,0.0908203125,4.8534143388678785e-06,2.1500067305169068e-05,0.0038349987007677555,0.0038349987007677555,0.0,1.5441950559616089,2.3583779335021973,0.09660790860652924,0.0,16.0,0.0,0.0,16.0,0.0,16.0,0.32528334856033325,0.19569474458694458,2.8480224609375,0.25571566820144653,0.01916133612394333,-0.09827488660812378
168,0.9727252680000333,114.473984,1.0009541511535645,0.3503044843673706,0.015085527673363686,0.5791015625,0.08422449231147766,0.0,0.07092582434415817,0.0021964265033602715,0.0904947966337204,4.896238351648208e-06,2.231241887784563e-05,0.003919788170605898,0.003919788170605898,0.0,1.5881810188293457,2.4803614616394043,0.1136501356959343,0.0,17.0,0.0,0.0,17.0,0.0,17.0,0.32511188586552936,0.19513601064682007,2.8553059895833335,0.25596412022908527,0.019115866472323734,-0.09835702180862427
169,0.9658057470000472,114.473984,1.0632855892181396,0.33486443758010864,0.02137640118598938,0.5732421875,0.09049023687839508,0.0,0.06918901205062866,0.0022625660058110952,0.0811767578125,4.951707524014637e-06,2.3207769118016586e-05,0.004000782500952482,0.004000782500952482,0.0,1.5776838064193726,2.5890166759490967,0.1263754963874817,0.0,18.0,0.0,0.0,18.0,0.0,18.0,0.32510656118392944,0.19485872983932495,2.8628336588541665,0.2557838360468547,0.019026437153418858,-0.09836035966873169
170,0.9748397459999865,114.473984,1.10890531539917,0.32660871744155884,0.03135475888848305,0.568359375,0.09519784152507782,0.0,0.06625337898731232,0.0021267440170049667,0.0738525390625,4.911995347356424e-06,2.4141369067365304e-05,0.004111159592866898,0.004111159592866898,0.0,1.5020488500595093,2.7262654304504395,0.12343288958072662,0.0,17.0,0.0,0.0,17.0,0.0,17.0,0.3254138032595317,0.1938357949256897,2.8770345052083335,0.2557724912961324,0.01893729716539383,-0.09835273027420044
171,0.9809909919999882,114.473984,1.1292908191680908,0.32816803455352783,0.02159402333199978,0.564453125,0.09752456843852997,0.0,0.060584407299757004,0.001580552663654089,0.0666910856962204,4.844726390729193e-06,2.5014393031597137e-05,0.004203139804303646,0.004203139804303646,0.0,1.3832767009735107,2.922902822494507,0.11841036379337311,0.0,16.0,0.0,0.0,16.0,0.0,16.0,0.3257097403208415,0.19381964206695557,2.8866373697916665,0.25639965136845905,0.018900296340386074,-0.098285973072052
172,0.9422127370000339,114.473984,1.134713053703308,0.335676908493042,0.033803217113018036,0.5625,0.0978257954120636,0.0,0.061577945947647095,0.0014351451536640525,0.0660807341337204,4.9716513785824645e-06,2.621220119181089e-05,0.004329631105065346,0.004329631105065346,0.0,1.370391607284546,3.1798038482666016,0.11403494328260422,0.0,6.0,0.0,0.0,6.0,0.0,6.0,0.3257095217704773,0.19443649053573608,2.8581949869791665,0.25649182001749676,0.01882997651894887,-0.09820514917373657
173,0.9384393689999797,114.473984,1.163763403892517,0.33880162239074707,0.027308696880936623,0.55859375,0.10024480521678925,0.0,0.06452736258506775,0.0015310689341276884,0.074951171875,5.0493426897446625e-06,2.801484333758708e-05,0.004466388840228319,0.004466388840228319,0.0,1.3807551860809326,3.49514102935791,0.11816662549972534,0.0,8.0,0.0,0.0,8.0,0.0,8.0,0.3259742657343547,0.19661206007003784,2.80078125,0.2568045457204183,0.018889162689447403,-0.09815055131912231
174,0.9336085429999912,114.473984,1.193689227104187,0.3451208174228668,0.02449643984436989,0.556640625,0.10260038077831268,0.0,0.06759937107563019,0.0017593962838873267,0.0773112028837204,5.142759619047865e-06,2.948461042251438e-05,0.0045745884999632835,0.0045745884999632835,0.0,1.3718589544296265,3.805408477783203,0.12411337345838547,0.0,8.0,0.0,0.0,8.0,0.0,8.0,0.3261754314104716,0.20013636350631714,2.7703857421875,0.25705615679423016,0.018809369454781216,-0.09813195466995239
175,0.944028099000036,114.473984,1.2013022899627686,0.3565855026245117,0.017249176278710365,0.55078125,0.10313014686107635,0.0,0.06689244508743286,0.0017524262657389045,0.0762939453125,5.246561613603262e-06,3.076390567002818e-05,0.004659855738282204,0.004659855738282204,0.0,1.4060863256454468,4.06433629989624,0.1263342946767807,0.0,13.0,0.0,0.0,13.0,0.0,13.0,0.32630016406377155,0.20215624570846558,2.7608642578125,0.25744760036468506,0.01883068432410558,-0.09821802377700806
176,0.9277153790000057,114.473984,1.204413890838623,0.3722531199455261,0.03395610302686691,0.5458984375,0.10330051183700562,0.0,0.06618700176477432,0.0017973410431295633,0.0806884765625,5.343267730495427e-06,3.196535908500664e-05,0.004748934879899025,0.004748934879899025,0.0,1.49689519405365,4.2285075187683105,0.12279361486434937,0.0,16.0,0.0,0.0,16.0,0.0,16.0,0.32655008633931476,0.20177286863327026,2.7587076822916665,0.2573779225349426,0.01902841528256734,-0.09816700220108032
177,0.964952081999968,114.473984,1.223739504814148,0.380977064371109,0.029788384214043617,0.541015625,0.10509135574102402,0.0,0.06424175202846527,0.0017418591305613518,0.0822347030043602,5.366845471144188e-06,3.3217314921785146e-05,0.004851575009524822,0.004851575009524822,0.0,1.540101408958435,4.343436241149902,0.12463389337062836,0.0,11.0,0.0,0.0,11.0,0.0,11.0,0.3267666498819987,0.20069986581802368,2.757568359375,0.25756460428237915,0.01908131316304207,-0.09827250242233276
178,0.9757429430000002,114.473984,1.23520827293396,0.3872533440589905,0.03274553269147873,0.53515625,0.10567574203014374,0.0,0.0655340701341629,0.0020829790737479925,0.0797932967543602,5.32751528226072e-06,3.542518970789388e-05,0.005017155781388283,0.005017155781388283,0.0,1.585311770439148,4.541031837463379,0.1421816647052765,0.0,17.0,0.0,0.0,17.0,0.0,17.0,0.32678218682607013,0.19953835010528564,2.73095703125,0.25780169169108075,0.01896681139866511,-0.09836679697036743
179,0.9520980419999887,114.473984,1.2325475215911865,0.396732896566391,0.031719133257865906,0.529296875,0.10560508817434311,0.0,0.0629747286438942,0.0019315219251438975,0.0753173828125,5.301088094711304e-06,3.666606789920479e-05,0.005143027752637863,0.005143027752637863,0.0,1.676177978515625,4.590392112731934,0.13781213760375977,0.0,14.0,0.0,0.0,14.0,0.0,14.0,0.3271206219991048,0.1992550492286682,2.7108561197916665,0.25827741622924805,0.019120524326960247,-0.09810346364974976
180,0.9316234470000495,114.473984,1.2148698568344116,0.4105070233345032,0.031019072979688644,0.5224609375,0.10357620567083359,0.0,0.06280948966741562,0.0018853982910513878,0.0741373747587204,5.313303972798167e-06,3.818714321823791e-05,0.005310674197971821,0.005310674197971821,0.0,1.7867902517318726,4.570668697357178,0.14702488481998444,0.0,16.0,0.0,0.0,16.0,0.0,16.0,0.3264685074488322,0.19954681396484375,2.6798909505208335,0.2577864130338033,0.019132419178883236,-0.09799724817276001
181,0.9368472439999778,114.473984,1.221645712852478,0.41883552074432373,0.030857501551508904,0.5166015625,0.1040932834148407,0.0,0.06361144781112671,0.0017340978374704719,0.0786946639418602,5.443447207653662e-06,3.964114875998348e-05,0.0054359519854187965,0.0054359519854187965,0.0,1.8377702236175537,4.53988790512085,0.13899995386600494,0.0,10.0,0.0,0.0,10.0,0.0,10.0,0.3250715931256612,0.198469340801239,2.6650797526041665,0.2565429409344991,0.01923898234963417,-0.0983157753944397
182,0.9584440589999872,114.473984,1.2288768291473389,0.41685596108436584,0.02576739713549614,0.5146484375,0.10457879304885864,0.0,0.06599778681993484,0.0017834824975579977,0.0785725936293602,5.579399839916732e-06,4.071275907335803e-05,0.005499910097569227,0.005499910097569227,0.0,1.8664617538452148,4.443763732910156,0.14803063869476318,0.0,9.0,0.0,0.0,9.0,0.0,9.0,0.32330723603566486,0.19471895694732666,2.64404296875,0.25437941153844196,0.019272418071826298,-0.09818726778030396
183,0.9291933039999662,114.473984,1.2470638751983643,0.409262478351593,0.021007640287280083,0.5126953125,0.10597026348114014,0.0,0.06869930028915405,0.0019694194197654724,0.0748697966337204,5.6948838391690515e-06,4.1956598579417914e-05,0.005599427968263626,0.005599427968263626,0.0,1.964686632156372,4.380404472351074,0.1546792984008789,0.0,11.0,0.0,0.0,11.0,0.0,11.0,0.32161078850428265,0.1934744119644165,2.6504720052083335,0.25275540351867676,0.019279760619004566,-0.09804445505142212
184,0.9343858579999846,114.473984,1.2440639734268188,0.40554699301719666,0.019773559644818306,0.51171875,0.10500159114599228,0.0,0.07305020093917847,0.0021734656766057014,0.0746663436293602,5.8416790125193074e-06,4.350558447185904e-05,0.005703341215848923,0.005703341215848923,0.0,2.0957694053649902,4.3982696533203125,0.169948548078537,0.0,10.0,0.0,0.0,10.0,0.0,10.0,0.32039586702982586,0.1889575719833374,2.6581624348958335,0.25129614273707074,0.019223652780056,-0.09794145822525024
185,0.9279093519999719,114.473984,1.2268725633621216,0.4037579894065857,0.02557188645005226,0.5068359375,0.10298512876033783,0.0,0.07673390209674835,0.0021399862598627806,0.0738525390625,5.97896178078372e-06,4.4793116103392094e-05,0.005756221245974302,0.005756221245974302,0.0,2.186830520629883,4.4129791259765625,0.1642855554819107,0.0,10.0,0.0,0.0,10.0,0.0,10.0,0.3195138176282247,0.18897199630737305,2.6193440755208335,0.2503255605697632,0.019160617142915726,-0.09797793626785278
186,0.9418738719999737,114.473984,1.2620906829833984,0.39759039878845215,0.03541232645511627,0.50390625,0.10573597997426987,0.0,0.08329960703849792,0.0024110565427690744,0.081787109375,6.026630217093043e-06,4.646939487429336e-05,0.005809619557112455,0.005809619557112455,0.0,2.314337968826294,4.459270477294922,0.18290269374847412,0.0,12.0,0.0,0.0,12.0,0.0,12.0,0.3187794287999471,0.19284731149673462,2.5737711588541665,0.24961316585540771,0.018755853176116943,-0.09810477495193481
187,0.9140473970000471,114.473984,1.3008240461349487,0.388313889503479,0.025029616430401802,0.5,0.10915671288967133,0.0,0.08935379236936569,0.0024453941732645035,0.09033203125,6.150070475996472e-06,4.714221722679213e-05,0.005837933160364628,0.005837933160364628,0.0,2.3755977153778076,4.448158264160156,0.18715552985668182,0.0,10.0,0.0,0.0,10.0,0.0,10.0,0.3182691733042399,0.1936550736427307,2.5477701822916665,0.24893136819203696,0.018460700909296673,-0.09814709424972534
188,0.9389595449999888,114.473984,1.3651783466339111,0.3727198541164398,0.03830023109912872,0.498046875,0.11521223187446594,0.0,0.09530708193778992,0.002356087090447545,0.1040852889418602,6.259572728595231e-06,4.673208968597464e-05,0.005796189419925213,0.005796189419925213,0.0,2.387855291366577,4.337305068969727,0.21023234724998474,0.0,15.0,0.0,0.0,15.0,0.0,15.0,0.31764185428619385,0.1950758695602417,2.56103515625,0.24827802181243896,0.01855917026599248,-0.09813958406448364
189,0.9429501260000279,114.473984,1.434810996055603,0.3553735315799713,0.041366737335920334,0.494140625,0.12159198522567749,0.0,0.10422730445861816,0.002750861458480358,0.110107421875,6.3390630202775355e-06,4.6177399781299755e-05,0.005742594134062529,0.005742594134062529,0.0,2.3789334297180176,4.233352184295654,0.22194711863994598,0.0,13.0,0.0,0.0,13.0,0.0,13.0,0.3169177571932475,0.19979780912399292,2.5618896484375,0.24762940406799316,0.018739371250073116,-0.09816282987594604
190,1.0030551759999753,114.473984,1.4598172903060913,0.3505368232727051,0.020576369017362595,0.4921875,0.12340375036001205,0.0,0.11365707963705063,0.002996040042489767,0.1319987028837204,6.411749382095877e-06,4.530317892204039e-05,0.005665646865963936,0.005665646865963936,0.0,2.364515781402588,4.221141338348389,0.239704892039299,0.0,14.0,0.0,0.0,14.0,0.0,14.0,0.3167341947555542,0.20458480715751648,2.5461018880208335,0.24747149149576822,0.01871631294488907,-0.09827989339828491
191,0.9886735330000533,114.473984,1.4846152067184448,0.3480224609375,0.01568561978638172,0.486328125,0.12552112340927124,0.0,0.12048590183258057,0.00342492270283401,0.14794921875,6.380054401233792e-06,4.4560671085491776e-05,0.005617779679596424,0.005617779679596424,0.0,2.2822320461273193,4.258150100708008,0.24018537998199463,0.0,21.0,0.0,0.0,21.0,0.0,21.0,0.317397673924764,0.2023141086101532,2.5034993489583335,0.2482090393702189,0.018742213646570843,-0.09829813241958618
192,0.9468081079999706,114.473984,1.5040876865386963,0.3474067449569702,0.018810031935572624,0.478515625,0.12713323533535004,0.0,0.12531259655952454,0.0039108372293412685,0.163330078125,6.351495358103421e-06,4.376290235086344e-05,0.005570876412093639,0.005570876412093639,0.0,2.252836227416992,4.23609733581543,0.24411296844482422,0.0,16.0,0.0,0.0,16.0,0.0,16.0,0.3186318675676982,0.1981564164161682,2.482177734375,0.24888948599497476,0.018877276529868443,-0.09727054834365845
193,0.9415546180000547,114.473984,1.5308774709701538,0.3430115580558777,0.022369783371686935,0.4677734375,0.1293134093284607,0.0,0.13168779015541077,0.004663714207708836,0.1813558042049408,6.205805220815819e-06,4.39487885159906e-05,0.0055170124396681786,0.0055170124396681786,0.0,2.2287166118621826,4.228355407714844,0.2571827471256256,0.0,19.0,0.0,0.0,19.0,0.0,19.0,0.319250226020813,0.19786962866783142,2.4789225260416665,0.24931514263153076,0.019079316407442093,-0.09736508131027222
194,0.9769749269999579,114.473984,1.5594226121902466,0.338234007358551,0.027863435447216034,0.4619140625,0.1315331757068634,0.0,0.13954219222068787,0.006053369492292404,0.1961263120174408,6.260213012865279e-06,4.504936805460602e-05,0.005506641231477261,0.005506641231477261,0.0,2.2256789207458496,4.237418174743652,0.2946242094039917,0.0,24.0,0.0,0.0,24.0,0.0,24.0,0.31934332847595215,0.20059004426002502,2.4982096354166665,0.24953375260035196,0.0190578227241834,-0.09749525785446167
195,0.9705481990000067,114.473984,1.563359260559082,0.3279428482055664,0.022337667644023895,0.451171875,0.13230746984481812,0.0,0.1389114409685135,0.006820246577262878,0.19287109375,6.242036761250347e-06,4.475259629543871e-05,0.005423068068921566,0.005423068068921566,0.0,2.12796950340271,4.094605922698975,0.297410786151886,0.0,31.0,0.0,0.0,31.0,0.0,31.0,0.319782555103302,0.19888576865196228,2.5150960286458335,0.2498916188875834,0.019092977046966553,-0.09752160310745239
196,1.0517586390000133,114.473984,1.5462467670440674,0.31861597299575806,0.020496191456913948,0.443359375,0.13142287731170654,0.0,0.13230006396770477,0.006861498113721609,0.1796468198299408,6.1177611314633396e-06,4.319275467423722e-05,0.005283626727759838,0.005283626727759838,0.0,1.9505914449691772,3.844177007675171,0.2953464388847351,0.0,39.0,0.0,0.0,39.0,0.0,39.0,0.3204970757166545,0.19824311137199402,2.5772298177083335,0.25116197268168133,0.019046998272339504,-0.09763175249099731
197,1.0529471159999844,114.473984,1.4687888622283936,0.3200998604297638,0.015282786451280117,0.4306640625,0.12465333938598633,0.0,0.12179160118103027,0.006393256597220898,0.1652425229549408,5.902176781091839e-06,4.134230766794644e-05,0.005166042596101761,0.005166042596101761,0.0,1.8235032558441162,3.5676887035369873,0.31017714738845825,0.0,41.0,0.0,0.0,41.0,0.0,41.0,0.3213111360867818,0.19560450315475464,2.6351318359375,0.2521520455678304,0.019215861956278484,-0.09748023748397827
198,0.9669955969999933,114.473984,1.3897536993026733,0.31706148386001587,0.012286740355193615,0.419921875,0.11798916757106781,0.0,0.10874223709106445,0.005408233962953091,0.1462809294462204,5.721441084460821e-06,3.923759504687041e-05,0.00502284849062562,0.00502284849062562,0.0,1.721200942993164,3.3035836219787598,0.3065544068813324,0.0,42.0,0.0,0.0,42.0,0.0,42.0,0.32183889547983807,0.19412672519683838,2.6850992838541665,0.2526508569717407,0.019156772643327713,-0.09745901823043823
199,0.9762429730000122,114.473984,1.331120252609253,0.31302374601364136,0.03925644978880882,0.408203125,0.11337822675704956,0.0,0.09847003221511841,0.0040801032446324825,0.1329752653837204,5.646640602208208e-06,3.67567190551199e-05,0.0048728515394032,0.0048728515394032,0.0,1.6386808156967163,3.0491302013397217,0.27035975456237793,0.0,23.0,0.0,0.0,23.0,0.0,23.0,0.32188816865285236,0.1961025595664978,2.7572021484375,0.25316786766052246,0.019024033099412918,-0.09817558526992798
200,0.9931373449999796,114.473984,1.2336475849151611,0.3185262084007263,0.011561502702534199,0.4052734375,0.10460144281387329,0.0,0.09353794902563095,0.0038144364953041077,0.1331380307674408,5.616089765680954e-06,3.497377474559471e-05,0.004746468272060156,0.004746468272060156,0.0,1.608036994934082,2.8742339611053467,0.2278498262166977,0.0,23.0,0.0,0.0,23.0,0.0,23.0,0.3220091660817464,0.1957215815782547,2.7783203125,0.253307580947876,0.018932325144608814,-0.09813922643661499
201,0.9820536799999786,114.473984,1.1706137657165527,0.3237738609313965,0.020227156579494476,0.4013671875,0.09867659211158752,0.0,0.09069779515266418,0.0037852309178560972,0.1300862729549408,5.563354989135405e-06,3.338655369589105e-05,0.004647420719265938,0.004647420719265938,0.0,1.5437777042388916,2.70027494430542,0.23566174507141113,0.0,19.0,0.0,0.0,19.0,0.0,19.0,0.3216406504313151,0.19628867506980896,2.80908203125,0.25320597489674884,0.019007743646701176,-0.09809237718582153
202,0.9659270750000246,114.473984,1.1346616744995117,0.33251476287841797,0.015857335180044174,0.3974609375,0.09508313983678818,0.0,0.08829127997159958,0.004061738029122353,0.1236165389418602,5.5870323194540106e-06,3.2325449865311384e-05,0.0045546842738986015,0.0045546842738986015,0.0,1.5166444778442383,2.616474151611328,0.2515726089477539,0.0,23.0,0.0,0.0,23.0,0.0,23.0,0.32160454988479614,0.19620665907859802,2.8330078125,0.25345611572265625,0.018941428512334824,-0.09788602590560913
203,0.9506697580000036,114.473984,1.0750439167022705,0.34262362122535706,0.016186991706490517,0.38671875,0.08986561000347137,0.0,0.08183684200048447,0.0036226827651262283,0.1167399138212204,5.5537966545671225e-06,3.0772291211178526e-05,0.004459473770111799,0.004459473770111799,0.0,1.4292958974838257,2.5851712226867676,0.2266741394996643,0.0,22.0,0.0,0.0,22.0,0.0,22.0,0.32241406043370563,0.194696843624115,2.8397623697916665,0.25445584456125897,0.018931899219751358,-0.09775668382644653
204,0.9871262020000131,114.473984,1.0329253673553467,0.35540449619293213,0.01921866275370121,0.3818359375,0.08601653575897217,0.0,0.07965298742055893,0.0036556697450578213,0.1094563826918602,5.5495670494565275e-06,2.986974868690595e-05,0.004432705231010914,0.004432705231010914,0.0,1.4139447212219238,2.6430435180664062,0.2158350944519043,0.0,16.0,0.0,0.0,16.0,0.0,16.0,0.32331383228302,0.1898062825202942,2.8535563151041665,0.2556915481885274,0.01891649638613065,-0.09770387411117554
205,0.9715313489999744,114.473984,0.9903402924537659,0.3730579614639282,0.013741628266870975,0.3740234375,0.08253611624240875,0.0,0.07360871881246567,0.0034077554009854794,0.0965169295668602,5.410739959188504e-06,2.864293310267385e-05,0.004372851923108101,0.004372851923108101,0.0,1.3748277425765991,2.657154083251953,0.1891936957836151,0.0,24.0,0.0,0.0,24.0,0.0,24.0,0.3249720335006714,0.18831604719161987,2.8497314453125,0.2572986880938212,0.018693594882885616,-0.09821540117263794
206,0.9576972700000397,114.473984,0.9455395936965942,0.39302533864974976,0.018968509510159492,0.3720703125,0.07840199023485184,0.0,0.06837884336709976,0.002940407721325755,0.086181640625,5.3149556151765864e-06,2.7462530852062628e-05,0.004314255900681019,0.004314255900681019,0.0,1.3514602184295654,2.6504945755004883,0.17535904049873352,0.0,17.0,0.0,0.0,17.0,0.0,17.0,0.32572031021118164,0.18886351585388184,2.8684895833333335,0.2580595811208089,0.0185923104484876,-0.09822100400924683
207,0.9673004539999965,114.473984,0.9461297988891602,0.4083389639854431,0.02710036374628544,0.3681640625,0.07836960256099701,0.0,0.06875882297754288,0.003323002252727747,0.0859375,5.350589162844699e-06,2.679885619727429e-05,0.004274426959455013,0.004274426959455013,0.0,1.3116891384124756,2.6379191875457764,0.18135075271129608,0.0,12.0,0.0,0.0,12.0,0.0,12.0,0.32549933592478436,0.19434237480163574,2.8489990234375,0.25812198718388873,0.018753275275230408,-0.09821754693984985
208,0.97314274200005,114.473984,0.9222452044487,0.42296698689460754,0.030215714126825333,0.3623046875,0.07636508345603943,0.0,0.06558000296354294,0.003056863322854042,0.086181640625,5.388769750425126e-06,2.6359150069765747e-05,0.004261652939021587,0.004261652939021587,0.0,1.3185948133468628,2.572883367538452,0.1590975821018219,0.0,19.0,0.0,0.0,19.0,0.0,19.0,0.32509976625442505,0.19816121459007263,2.8644205729166665,0.25800546010335285,0.01874809463818868,-0.09817200899124146
209,0.9864891159999729,114.473984,0.9027297496795654,0.42609718441963196,0.02656043879687786,0.357421875,0.07457681000232697,0.0,0.06010143458843231,0.0022041010670363903,0.0787760466337204,5.32275498699164e-06,2.6180819986620918e-05,0.004266371484845877,0.004266371484845877,0.0,1.2876381874084473,2.5622849464416504,0.1710311621427536,0.0,17.0,0.0,0.0,17.0,0.0,17.0,0.3242667317390442,0.1980678141117096,2.8645833333333335,0.2575477957725525,0.018840640783309937,-0.09798508882522583
210,0.977923130000022,114.473984,0.9109399318695068,0.4183865189552307,0.02442792057991028,0.35546875,0.0755748301744461,0.0,0.05897717922925949,0.0021379413083195686,0.076171875,5.260480065771844e-06,2.7122345272800885e-05,0.004371262155473232,0.004371262155473232,0.0,1.281379222869873,2.6352028846740723,0.14524224400520325,0.0,9.0,0.0,0.0,9.0,0.0,9.0,0.323192040125529,0.18634766340255737,2.851806640625,0.2571811079978943,0.018848679959774017,-0.09805196523666382
211,1.0058665289999453,114.473984,0.9356883764266968,0.40150904655456543,0.024294188246130943,0.349609375,0.07780037820339203,0.0,0.058567896485328674,0.002406525192782283,0.0702718123793602,5.311570475896588e-06,2.8232399927219376e-05,0.004452139139175415,0.004452139139175415,0.0,1.3548271656036377,2.7024857997894287,0.16465266048908234,0.0,16.0,0.0,0.0,16.0,0.0,16.0,0.32204413414001465,0.18471592664718628,2.853515625,0.2560744881629944,0.0191205528875192,-0.09777837991714478
212,0.9627277609999965,114.473984,0.9562112092971802,0.3802639842033386,0.02351006492972374,0.3466796875,0.0800061747431755,0.0,0.054819606244564056,0.0020101468544453382,0.058837890625,5.330671683623223e-06,2.8219918021932244e-05,0.004457708448171616,0.004457708448171616,0.0,1.3605045080184937,2.7712602615356445,0.15710686147212982,0.0,13.0,0.0,0.0,13.0,0.0,13.0,0.3216477036476135,0.18567973375320435,2.8817545572916665,0.2552347183227539,0.01916179433465004,-0.09781867265701294
213,0.98180069,114.473984,0.9539451003074646,0.3623032867908478,0.06888826936483383,0.341796875,0.07962285727262497,0.0,0.05495024472475052,0.001971334218978882,0.0590006522834301,5.38295444130199e-06,2.8178503271192312e-05,0.004461223259568214,0.004461223259568214,0.0,1.3997607231140137,2.822600841522217,0.1652831882238388,0.0,13.0,0.0,0.0,13.0,0.0,13.0,0.3211764097213745,0.19524210691452026,2.8960367838541665,0.2547008196512858,0.019025137027104694,-0.09823137521743774
214,0.9682746290000068,114.473984,0.9784001708030701,0.3485647141933441,0.0700913742184639,0.33984375,0.08224601298570633,0.0,0.05233607813715935,0.0014686491340398788,0.0614420585334301,5.4351548897102475e-06,2.735875386861153e-05,0.004402664490044117,0.004402664490044117,0.0,1.38087797164917,2.8704710006713867,0.1643151044845581,0.0,9.0,0.0,0.0,9.0,0.0,9.0,0.32123661041259766,0.19649434089660645,2.9157307942708335,0.2550710638364156,0.01891327773531278,-0.09808272123336792
215,0.9452224909999813,114.473984,0.9543890953063965,0.35404735803604126,0.052980124950408936,0.3369140625,0.07973667979240417,0.0,0.05319683253765106,0.0014587342739105225,0.0643717497587204,5.470955329656135e-06,2.695558941923082e-05,0.0043450333178043365,0.0043450333178043365,0.0,1.3510711193084717,3.026455879211426,0.15872396528720856,0.0,6.0,0.0,0.0,6.0,0.0,6.0,0.321913222471873,0.19400477409362793,2.9156087239583335,0.2560131351153056,0.018811742464701336,-0.09798437356948853
216,0.9611953319999884,114.473984,0.9481170773506165,0.36815834045410156,0.013247583992779255,0.3349609375,0.07884255051612854,0.0,0.054180216044187546,0.0016752261435613036,0.065673828125,5.531348051590612e-06,2.6778430765261874e-05,0.004320537205785513,0.004320537205785513,0.0,1.2630438804626465,3.2972609996795654,0.18039155006408691,0.0,11.0,0.0,0.0,11.0,0.0,11.0,0.32387399673461914,0.19488877058029175,2.8396809895833335,0.2578325668970744,0.018688663840293884,-0.09780651330947876
217,0.9835006980000003,114.473984,0.9212589263916016,0.39722687005996704,0.04535682126879692,0.3330078125,0.0764864832162857,0.0,0.05266057699918747,0.0014516226947307587,0.065185546875,5.559610144700855e-06,2.6729878300102428e-05,0.004279572982341051,0.004279572982341051,0.0,1.2061713933944702,3.4782187938690186,0.16418537497520447,0.0,9.0,0.0,0.0,9.0,0.0,9.0,0.3260852098464966,0.18880552053451538,2.821044921875,0.2598077456156413,0.01867218315601349,-0.09777933359146118
218,0.9602016750000075,114.473984,0.9283804297447205,0.42392343282699585,0.06362546980381012,0.330078125,0.07714036107063293,0.0,0.05277657508850098,0.0014814219903200865,0.0618896484375,5.611880624201149e-06,2.7578484150581062e-05,0.004309026524424553,0.004309026524424553,0.0,1.1645615100860596,3.58892822265625,0.17309710383415222,0.0,11.0,0.0,0.0,11.0,0.0,11.0,0.3273441791534424,0.18922221660614014,2.8047281901041665,0.26134119431177777,0.01859124004840851,-0.0976610779762268
219,0.9629388690000269,114.473984,0.9422059655189514,0.44469088315963745,0.089891217648983,0.3291015625,0.07848068326711655,0.0,0.05423012003302574,0.0016807075589895248,0.0663248747587204,5.717053682019468e-06,2.845907147275284e-05,0.00437694787979126,0.00437694787979126,0.0,1.1486613750457764,3.647974729537964,0.16424760222434998,0.0,4.0,0.0,0.0,4.0,0.0,4.0,0.3277584711710612,0.19405287504196167,2.7657877604166665,0.26175544659296673,0.018526334315538406,-0.09829133749008179
220,0.9601271629999815,114.473984,0.9756622910499573,0.45100098848342896,0.06984520703554153,0.326171875,0.08194218575954437,0.0,0.05400599166750908,0.0016802814789116383,0.0673421248793602,5.763474291597959e-06,2.936825876531657e-05,0.004461133386939764,0.004461133386939764,0.0,1.1511931419372559,3.582791805267334,0.16811154782772064,0.0,13.0,0.0,0.0,13.0,0.0,13.0,0.3274548848470052,0.19723612070083618,2.7489420572916665,0.26147164901097614,0.018764924257993698,-0.09826594591140747
221,0.9415198489999739,114.473984,0.9590440392494202,0.444997638463974,0.06272152066230774,0.3212890625,0.08020775020122528,0.0,0.054967306554317474,0.0017966758459806442,0.0748697966337204,5.7971515161625575e-06,2.9907998396083713e-05,0.004516168497502804,0.004516168497502804,0.0,1.2002840042114258,3.481952667236328,0.16663113236427307,0.0,7.0,0.0,0.0,7.0,0.0,7.0,0.3262589971224467,0.19058436155319214,2.7565511067708335,0.26043544212977093,0.018774397671222687,-0.09801989793777466
222,0.9492704740000022,114.473984,0.9046023488044739,0.42347487807273865,0.021366572007536888,0.318359375,0.07485087215900421,0.0,0.054103605449199677,0.0016316415276378393,0.0762125700712204,5.845503437740263e-06,3.093990380875766e-05,0.004601658787578344,0.004601658787578344,0.0,1.245198130607605,3.404801845550537,0.15861067175865173,0.0,9.0,0.0,0.0,9.0,0.0,9.0,0.32401514053344727,0.18789136409759521,2.787109375,0.25831858317057294,0.01862546180685361,-0.09835392236709595
223,0.9751457899999991,114.473984,0.9122785925865173,0.382694810628891,0.045407913625240326,0.3154296875,0.07512430846691132,0.0,0.057793229818344116,0.0020836929325014353,0.0777994841337204,5.892306944588199e-06,3.277604264440015e-05,0.00474564079195261,0.00474564079195261,0.0,1.3358863592147827,3.4498813152313232,0.16193249821662903,0.0,11.0,0.0,0.0,11.0,0.0,11.0,0.32161490122477215,0.1883857250213623,2.7898356119791665,0.25623999039332074,0.01869173472126325,-0.09821540117263794
224,0.9723944759999767,114.473984,1.0037853717803955,0.3305058479309082,0.08664994686841965,0.3134765625,0.08439825475215912,0.0,0.05651405453681946,0.0016700010746717453,0.0721028670668602,5.954266725893831e-06,3.368345642229542e-05,0.004828853532671928,0.004828853532671928,0.0,1.3397573232650757,3.4483561515808105,0.1675315499305725,0.0,13.0,0.0,0.0,13.0,0.0,13.0,0.3206553061803182,0.19302302598953247,2.8236897786458335,0.2552490234375,0.018790792673826218,-0.09809619188308716
225,0.9445196109999756,114.473984,1.135567545890808,0.28101107478141785,0.1568746566772461,0.310546875,0.09787194430828094,0.0,0.05471351742744446,0.0014384532114490867,0.0648600310087204,5.982904895063257e-06,3.368453690200113e-05,0.004848683252930641,0.004848683252930641,0.0,1.3211873769760132,3.4007375240325928,0.1580529361963272,0.0,9.0,0.0,0.0,9.0,0.0,9.0,0.32142696777979535,0.19623428583145142,2.8412679036458335,0.25599485635757446,0.018873029698928196,-0.09803122282028198
226,0.933200026999998,114.473984,1.2019174098968506,0.25783461332321167,0.18763114511966705,0.3095703125,0.10439782589673996,0.0,0.05459203943610191,0.0015455655520781875,0.0647786483168602,6.054263849364361e-06,3.3275544410571456e-05,0.004780912771821022,0.004780912771821022,0.0,1.4302403926849365,3.4409303665161133,0.16176247596740723,0.0,8.0,0.0,0.0,8.0,0.0,8.0,0.32348724206288654,0.19296598434448242,2.8548177083333335,0.257861852645874,0.018970664590597153,-0.09803789854049683
227,0.9171138500000211,114.473984,1.1479934453964233,0.264056921005249,0.03903549909591675,0.30859375,0.09891377389431,0.0,0.052319735288619995,0.001550210639834404,0.0603841170668602,6.105322427174542e-06,3.258006472606212e-05,0.0046664513647556305,0.0046664513647556305,0.0,1.5135514736175537,3.6095645427703857,0.1675691306591034,0.0,10.0,0.0,0.0,10.0,0.0,10.0,0.3265545964241028,0.1868407130241394,2.8201497395833335,0.26055649916330975,0.01898972938458125,-0.09807330369949341
228,0.9149760630000401,114.473984,1.0156172513961792,0.2970826029777527,0.08530665934085846,0.30859375,0.08563707768917084,0.0,0.04935413599014282,0.0013852780684828758,0.0581868514418602,6.165998456708621e-06,3.1740415579406545e-05,0.004551301244646311,0.004551301244646311,0.0,1.4539092779159546,3.7140445709228516,0.18322423100471497,0.0,7.0,0.0,0.0,7.0,0.0,7.0,0.32880276441574097,0.18258357048034668,2.8333333333333335,0.2626895109812419,0.01910544807712237,-0.0981397032737732
229,0.9301089730000172,114.473984,0.9160394668579102,0.3329888880252838,0.040149085223674774,0.30859375,0.075423464179039,0.0,0.0483878068625927,0.0012262675445526838,0.0574544295668602,6.303461759671336e-06,3.2198044209508225e-05,0.0045339204370975494,0.0045339204370975494,0.0,1.2657787799835205,3.995426654815674,0.19765615463256836,0.0,6.0,0.0,0.0,6.0,0.0,6.0,0.3301742672920227,0.18255072832107544,2.8616129557291665,0.2638290325800578,0.01912134885787964,-0.09818857908248901
230,0.9021775159999947,114.473984,0.8497352004051208,0.36832427978515625,0.05032015219330788,0.3076171875,0.06859341263771057,0.0,0.0486418679356575,0.0010695039527490735,0.0597330741584301,6.391735951183364e-06,3.339915565447882e-05,0.00459576491266489,0.00459576491266489,0.0,1.0812981128692627,4.406641960144043,0.20043960213661194,0.0,5.0,0.0,0.0,5.0,0.0,5.0,0.33146558205286664,0.18453764915466309,2.8482666015625,0.26496758063634235,0.019256170839071274,-0.09772425889968872
231,0.9094898430000171,114.473984,0.8514724373817444,0.4081648290157318,0.09229475259780884,0.306640625,0.0685039609670639,0.0,0.05150570720434189,0.001149380928836763,0.060791015625,6.429869245039299e-06,3.5658937122207135e-05,0.004708599299192429,0.004708599299192429,0.0,1.0494743585586548,4.7558207511901855,0.19581258296966553,0.0,3.0,0.0,0.0,3.0,0.0,3.0,0.3324283758799235,0.19015145301818848,2.7825520833333335,0.2658343513806661,0.019170230875412624,-0.09776848554611206
232,0.936106513000027,114.473984,0.8883886337280273,0.44986289739608765,0.10977689176797867,0.306640625,0.07155822962522507,0.0,0.05426519736647606,0.0013254213845357299,0.0586344413459301,6.475489499280229e-06,3.733586345333606e-05,0.0048100147396326065,0.0048100147396326065,0.0,1.1755831241607666,4.857137680053711,0.20594686269760132,0.0,8.0,0.0,0.0,8.0,0.0,8.0,0.3321400086085002,0.1941615343093872,2.7318522135416665,0.2656768163045247,0.019227830072244007,-0.09748774766921997
233,0.9974456200000077,114.473984,0.9926088452339172,0.4752752482891083,0.1169888973236084,0.302734375,0.08177924156188965,0.0,0.05511700361967087,0.0013333619572222233,0.0564371757209301,6.448983185691759e-06,3.755630677915178e-05,0.004830820020288229,0.004830820020288229,0.0,1.323167324066162,4.747525215148926,0.19595496356487274,0.0,10.0,0.0,0.0,10.0,0.0,10.0,0.33035804828008014,0.18760234117507935,2.7328287760416665,0.2640964388847351,0.01913902908563614,-0.09763675928115845
234,1.017991123999991,114.473984,1.0382239818572998,0.4882373809814453,0.13765345513820648,0.30078125,0.08590023964643478,0.0,0.0570063516497612,0.0011198280844837427,0.0578206405043602,6.495898560388014e-06,3.6366596759762615e-05,0.004780211485922337,0.004780211485922337,0.0,1.4555963277816772,4.497602462768555,0.20007437467575073,0.0,9.0,0.0,0.0,9.0,0.0,9.0,0.326904296875,0.18876808881759644,2.7531331380208335,0.2608679135640462,0.018928917745749157,-0.09781748056411743
235,0.9928607399999692,114.473984,1.0566264390945435,0.47978079319000244,0.16276411712169647,0.2998046875,0.08734476566314697,0.0,0.06172166392207146,0.0010091799777001143,0.0621744804084301,6.623787157877814e-06,3.5008117265533656e-05,0.004747903905808926,0.004747903905808926,0.0,1.5761792659759521,4.337615489959717,0.18505936861038208,0.0,5.0,0.0,0.0,5.0,0.0,5.0,0.3234218756357829,0.1847597360610962,2.7356770833333335,0.257237176100413,0.018626237908999126,-0.09814518690109253
236,0.9666585890000192,114.473984,1.0683215856552124,0.4609934091567993,0.08802405744791031,0.298828125,0.08750945329666138,0.0,0.07130227237939835,0.0012466870248317719,0.0684000700712204,6.675006261502858e-06,3.570213448256254e-05,0.0048447828739881516,0.0048447828739881516,0.0,1.8172996044158936,4.2563700675964355,0.18537577986717224,0.0,6.0,0.0,0.0,6.0,0.0,6.0,0.3204145034154256,0.18482297658920288,2.6741129557291665,0.25405969222386676,0.01876914252837499,-0.09821552038192749
237,0.9560019549999765,114.473984,1.1163256168365479,0.4327632188796997,0.04935586825013161,0.2958984375,0.09097293019294739,0.0,0.08438573777675629,0.001668284647166729,0.079833984375,6.790742190787569e-06,3.7066987715661526e-05,0.004992005415260792,0.004992005415260792,0.0,2.1351516246795654,4.2348175048828125,0.20209476351737976,0.0,10.0,0.0,0.0,10.0,0.0,10.0,0.31783246994018555,0.18792355060577393,2.6109212239583335,0.2513201634089152,0.018760602921247482,-0.09804314374923706
238,0.9685963139999672,114.473984,1.1774744987487793,0.4020426869392395,0.03350958600640297,0.294921875,0.09584730863571167,0.0,0.09449164569377899,0.0014578942209482193,0.085205078125,6.824159754614811e-06,3.724628550116904e-05,0.005094544962048531,0.005094544962048531,0.0,2.5269486904144287,4.20418643951416,0.21836182475090027,0.0,18.0,0.0,0.0,18.0,0.0,18.0,0.3160337408383687,0.1921558380126953,2.5426839192708335,0.24928955237070718,0.018806856125593185,-0.09843379259109497
239,0.9437577670000223,114.473984,1.2618286609649658,0.3684990406036377,0.046097565442323685,0.29296875,0.10247428715229034,0.0,0.11179153621196747,0.0014526773011311889,0.1116943359375,6.923445653228555e-06,3.752504926524125e-05,0.005197835620492697,0.005197835620492697,0.0,2.918376922607422,4.192183017730713,0.23767629265785217,0.0,11.0,0.0,0.0,11.0,0.0,11.0,0.3133504390716553,0.19070297479629517,2.4712320963541665,0.2463570237159729,0.018720475335915882,-0.09841305017471313
240,0.9528581790000317,114.473984,1.4571915864944458,0.32547247409820557,0.047871630638837814,0.2900390625,0.12060224264860153,0.0,0.13038940727710724,0.0017678154399618506,0.137939453125,6.9477514443860855e-06,3.741724867722951e-05,0.005235504359006882,0.005235504359006882,0.0,3.1164321899414062,4.192693710327148,0.2418781965970993,0.0,16.0,0.0,0.0,16.0,0.0,16.0,0.3106602231661479,0.1844877004623413,2.4163818359375,0.24385762214660645,0.018805811802546184,-0.09818536043167114
241,0.9569298729999787,114.473984,1.6259124279022217,0.2956761121749878,0.05847245082259178,0.2880859375,0.13581125438213348,0.0,0.15109746158123016,0.002509935526177287,0.1794840544462204,6.909871444804594e-06,3.802924766205251e-05,0.005311513319611549,0.005311513319611549,0.0,3.276853322982788,4.149000644683838,0.28449511528015137,0.0,20.0,0.0,0.0,20.0,0.0,20.0,0.30803940693537396,0.17769759893417358,2.3861083984375,0.24167710542678833,0.018866586188475292,-0.09799987077713013
242,0.9776436800000283,114.473984,1.8510358333587646,0.25554877519607544,0.10959786176681519,0.283203125,0.15729354321956635,0.0,0.1693113148212433,0.0034831881057471037,0.2178955078125,6.843441951787099e-06,3.842976730084047e-05,0.005337828304618597,0.005337828304618597,0.0,3.138265609741211,4.092403411865234,0.3178780674934387,0.0,22.0,0.0,0.0,22.0,0.0,22.0,0.30676211913426715,0.17714959383010864,2.3329264322916665,0.24061733484268188,0.01884760583440463,-0.0980256199836731
243,1.0437587889999804,114.473984,2.0392513275146484,0.2217181921005249,0.07865311950445175,0.27734375,0.17538905143737793,0.0,0.1849309802055359,0.004623571876436472,0.26025390625,6.778381703043124e-06,3.897507122019306e-05,0.005377157591283321,0.005377157591283321,0.0,2.9006595611572266,4.035970211029053,0.35698291659355164,0.0,33.0,0.0,0.0,33.0,0.0,33.0,0.30758752425511676,0.1792309284210205,2.3051350911458335,0.2413402001063029,0.018939480185508728,-0.09771698713302612
244,0.9957129950000194,114.473984,2.1158063411712646,0.19844558835029602,0.07815539836883545,0.2734375,0.18322138488292694,0.0,0.1923355758190155,0.005541175603866577,0.2849934995174408,6.738667252648156e-06,3.926162753487006e-05,0.005338258575648069,0.005338258575648069,0.0,2.547361135482788,3.939946174621582,0.34808850288391113,0.0,33.0,0.0,0.0,33.0,0.0,33.0,0.3099939425786336,0.187336266040802,2.3094482421875,0.24427143732706705,0.01898556078473727,-0.09769171476364136
245,1.008191657999987,114.473984,2.127197027206421,0.1846180260181427,0.07364939898252487,0.2685546875,0.1847314089536667,0.0,0.20186644792556763,0.007001269608736038,0.3085123896598816,6.6368388615956064e-06,3.985958392149769e-05,0.005343185272067785,0.005343185272067785,0.0,2.2713191509246826,3.9643988609313965,0.3388443887233734,0.0,32.0,0.0,0.0,32.0,0.0,32.0,0.31265048185984295,0.1912614405155182,2.2945963541666665,0.24759312470753989,0.018918611109256744,-0.09770351648330688
246,1.0421737770000163,114.473984,2.0802109241485596,0.1819154918193817,0.051227372139692307,0.2587890625,0.18068480491638184,0.0,0.20336461067199707,0.008436968550086021,0.3147786557674408,6.387837402144214e-06,4.0069025999400765e-05,0.005308791995048523,0.005308791995048523,0.0,2.01735782623291,3.9457225799560547,0.3477058410644531,0.0,46.0,0.0,0.0,46.0,0.0,46.0,0.3156830469767253,0.19157946109771729,2.3253580729166665,0.2509446938832601,0.018894869834184647,-0.09834784269332886
247,1.0828678039999886,114.473984,1.9266040325164795,0.19668427109718323,0.04542327672243118,0.251953125,0.16671225428581238,0.0,0.189705491065979,0.00833681970834732,0.2898356318473816,6.2430635807686485e-06,3.885302794515155e-05,0.00516728637740016,0.00516728637740016,0.0,1.7887204885482788,3.744121551513672,0.3580162227153778,0.0,66.0,0.0,0.0,66.0,0.0,66.0,0.3186768690745036,0.19224318861961365,2.3817545572916665,0.2550336718559265,0.01899776980280876,-0.09819275140762329
248,1.0903858099999866,114.473984,1.7708914279937744,0.20677153766155243,0.04238536208868027,0.2451171875,0.15302494168281555,0.0,0.1757349818944931,0.008121125400066376,0.2709147334098816,6.215765097294934e-06,3.649638529168442e-05,0.00495195621624589,0.00495195621624589,0.0,1.6175198554992676,3.498560905456543,0.3090941607952118,0.0,48.0,0.0,0.0,48.0,0.0,48.0,0.32047808170318604,0.19172170758247375,2.4560546875,0.2575221657752991,0.01907133807738622,-0.0980340838432312
249,1.0794987999999535,114.473984,1.6682393550872803,0.2074451893568039,0.056292735040187836,0.2392578125,0.14449600875377655,0.0,0.15878456830978394,0.00796763226389885,0.244140625,6.066896730771987e-06,3.458482387941331e-05,0.004796478897333145,0.004796478897333145,0.0,1.431330680847168,3.30890154838562,0.28491756319999695,0.0,51.0,0.0,0.0,51.0,0.0,51.0,0.32213757435480755,0.19727730751037598,2.5414632161458335,0.259555180867513,0.019110064953565598,-0.09794384241104126
250,1.0051493259999802,114.473984,1.5601166486740112,0.21945086121559143,0.03693459928035736,0.2314453125,0.1349431276321411,0.0,0.1386648565530777,0.007175893522799015,0.2123209685087204,5.841825895913644e-06,3.3447544410591945e-05,0.004686280619353056,0.004686280619353056,0.0,1.3107545375823975,3.1915359497070312,0.2837793231010437,0.0,52.0,0.0,0.0,52.0,0.0,52.0,0.32402416070302326,0.1971137523651123,2.66162109375,0.26131705443064374,0.019381355494260788,-0.09787541627883911
251,1.0141406570000413,114.473984,1.4036203622817993,0.24171414971351624,0.027427876368165016,0.2216796875,0.12101688235998154,0.0,0.11687278747558594,0.005724640563130379,0.1782633513212204,5.583374786510831e-06,3.23828098771628e-05,0.0045994482934474945,0.0045994482934474945,0.0,1.1966578960418701,3.128086805343628,0.2502661347389221,0.0,43.0,0.0,0.0,43.0,0.0,43.0,0.3256182074546814,0.19670265913009644,2.7568359375,0.26299208402633667,0.01960054909189542,-0.0983009934425354
252,1.0191941589999942,114.473984,1.2635842561721802,0.2727392315864563,0.020231736823916435,0.2138671875,0.10834284871816635,0.0,0.0988241657614708,0.004648756701499224,0.1464436948299408,5.480746949615423e-06,3.163354631396942e-05,0.004521051421761513,0.004521051421761513,0.0,1.1114782094955444,3.078892469406128,0.23155921697616577,0.0,35.0,0.0,0.0,35.0,0.0,35.0,0.32668358087539673,0.19727230072021484,2.8345947265625,0.26412783066431683,0.019479119529326756,-0.09827309846878052
253,0.9801050570000029,114.473984,1.1411799192428589,0.3079455494880676,0.021968863904476166,0.2109375,0.09695446491241455,0.0,0.0870639905333519,0.00410645455121994,0.1222330778837204,5.425621566246264e-06,3.071907121920958e-05,0.004443011712282896,0.004443011712282896,0.0,1.0767536163330078,3.023268461227417,0.1988573670387268,0.0,24.0,0.0,0.0,24.0,0.0,24.0,0.3268442153930664,0.19093942642211914,2.8882649739583335,0.2646017869313558,0.019315964231888454,-0.09820955991744995
254,1.0257567319999907,114.473984,1.0316317081451416,0.3485596477985382,0.029192877933382988,0.2099609375,0.08621188253164291,0.0,0.07568396627902985,0.0034090380650013685,0.102294921875,5.364074240787886e-06,2.9880826332373545e-05,0.004386535845696926,0.004386535845696926,0.0,1.0827007293701172,2.948209762573242,0.22519367933273315,0.0,29.0,0.0,0.0,29.0,0.0,29.0,0.32638134558995563,0.1885436773300171,2.9591064453125,0.26423152287801105,0.019430533051490784,-0.09796649217605591
255,0.9756709879999903,114.473984,0.9299691319465637,0.38388776779174805,0.03529193997383118,0.2060546875,0.07680165767669678,0.0,0.06439808011054993,0.002299909247085452,0.0871175155043602,5.310932010615943e-06,2.8864797059213743e-05,0.004343455191701651,0.004343455191701651,0.0,1.0896828174591064,2.883391857147217,0.19283568859100342,0.0,19.0,0.0,0.0,19.0,0.0,19.0,0.3256883422533671,0.18876445293426514,3.0239664713541665,0.2634546160697937,0.01940225064754486,-0.09806329011917114
256,0.9907730979999769,114.473984,0.8748105764389038,0.41102269291877747,0.051176875829696655,0.2001953125,0.07141036540269852,0.0,0.05954953283071518,0.001720743952319026,0.079345703125,5.278157914290205e-06,2.8108286642236635e-05,0.0043259793892502785,0.0043259793892502785,0.0,1.0975055694580078,2.884932518005371,0.17921102046966553,0.0,12.0,0.0,0.0,12.0,0.0,12.0,0.3246859908103943,0.18877917528152466,3.0353597005208335,0.2621937394142151,0.01930942013859749,-0.09816449880599976
257,0.9711627789999966,114.473984,0.8534979224205017,0.4282091557979584,0.055741842836141586,0.19921875,0.06882454454898834,0.0,0.05996861308813095,0.0017612781375646591,0.076171875,5.2971363402321e-06,2.7901489374926314e-05,0.0043249428272247314,0.0043249428272247314,0.0,1.1517775058746338,2.9496307373046875,0.1797081083059311,0.0,6.0,0.0,0.0,6.0,0.0,6.0,0.32336439689000446,0.18921422958374023,3.0059000651041665,0.2611699104309082,0.01914885143438975,-0.09768182039260864
258,0.9750985839999657,114.473984,0.8258576989173889,0.4395531117916107,0.06115690991282463,0.1962890625,0.0656234622001648,0.0,0.060470692813396454,0.0016928197583183646,0.0711669921875,5.292352398100775e-06,2.7751288143917918e-05,0.004342366941273212,0.004342366941273212,0.0,1.2882187366485596,2.963576078414917,0.1755705177783966,0.0,12.0,0.0,0.0,12.0,0.0,12.0,0.3219484289487203,0.19009041786193848,2.9818115234375,0.25998189051946,0.01904480780164401,-0.0977213978767395
259,0.9734088229999998,114.473984,0.8116344213485718,0.44305163621902466,0.07146638631820679,0.1953125,0.0636913850903511,0.0,0.06374342739582062,0.001820867881178856,0.07080078125,5.344858436728828e-06,2.747082180576399e-05,0.00432032672688365,0.00432032672688365,0.0,1.4639921188354492,2.9214630126953125,0.18241620063781738,0.0,5.0,0.0,0.0,5.0,0.0,5.0,0.3200131456057231,0.19058406352996826,2.9495035807291665,0.25816665093104046,0.018971167504787445,-0.09819048643112183
260,1.0164107440000407,114.473984,0.8196753859519958,0.4338762164115906,0.05206852778792381,0.1923828125,0.06375104188919067,0.0,0.06913922727108002,0.0019202170660719275,0.073974609375,5.45700459042564e-06,2.7548107027541846e-05,0.004335906356573105,0.004335906356573105,0.0,1.6510646343231201,2.903991222381592,0.18574421107769012,0.0,9.0,0.0,0.0,9.0,0.0,9.0,0.3178408145904541,0.19131028652191162,2.916748046875,0.2563655575116475,0.018915222336848576,-0.09809893369674683
261,1.0045327740000403,114.473984,0.8461079001426697,0.4199717044830322,0.03055942803621292,0.19140625,0.06578563153743744,0.0,0.07317806780338287,0.0018753779586404562,0.07763671875,5.479335413838271e-06,2.8257241865503602e-05,0.004390672780573368,0.004390672780573368,0.0,1.8660720586776733,2.9611880779266357,0.1984018087387085,0.0,12.0,0.0,0.0,12.0,0.0,12.0,0.3161933620770772,0.1905243992805481,2.8750406901041665,0.2551037271817525,0.01908682907621066,-0.09783750772476196
262,1.0437223819999986,114.473984,0.9006934762001038,0.40058600902557373,0.02008664980530739,0.189453125,0.07069254666566849,0.0,0.07923553884029388,0.0018898905254900455,0.0838216170668602,5.499125109054148e-06,2.996264083776623e-05,0.004501229152083397,0.004501229152083397,0.0,2.056917190551758,3.0626325607299805,0.2006547451019287,0.0,15.0,0.0,0.0,15.0,0.0,15.0,0.31490256388982135,0.19222456216812134,2.810546875,0.2541237473487854,0.019092919925848644,-0.09803766012191772
263,1.0035213710000335,114.473984,0.9689328670501709,0.3783828914165497,0.02255845256149769,0.189453125,0.07680188119411469,0.0,0.08737333118915558,0.0020198416896164417,0.092041015625,5.498458449437749e-06,3.213284071534872e-05,0.0046432726085186005,0.0046432726085186005,0.0,2.2023470401763916,3.217374324798584,0.19846010208129883,0.0,10.0,0.0,0.0,10.0,0.0,10.0,0.3140512903531392,0.19921797513961792,2.7508138020833335,0.2536276976267497,0.018857448051373165,-0.09811908006668091
264,0.9875806260000104,114.473984,1.080915093421936,0.35226744413375854,0.014331182464957237,0.1875,0.08680121600627899,0.0,0.09756030142307281,0.0020723845809698105,0.1148681640625,5.50114191355533e-06,3.5095494240522385e-05,0.004845863673835993,0.004845863673835993,0.0,2.2626664638519287,3.4775447845458984,0.2348557561635971,0.0,16.0,0.0,0.0,16.0,0.0,16.0,0.3134529987970988,0.19273322820663452,2.677001953125,0.2532069484392802,0.01896097386876742,-0.09822219610214233
265,0.9916184580000049,114.473984,1.2172046899795532,0.32030734419822693,0.04261382296681404,0.1845703125,0.09981600940227509,0.0,0.10706134885549545,0.0023076513316482306,0.1444905698299408,5.5086420616135e-06,3.6965990148019046e-05,0.00496580358594656,0.00496580358594656,0.0,2.258492946624756,3.650442123413086,0.23722228407859802,0.0,14.0,0.0,0.0,14.0,0.0,14.0,0.3135680556297302,0.1913301944732666,2.6185709635416665,0.25336988766988117,0.01889661078651746,-0.09803086519241333
266,0.9981267279999884,114.473984,1.3398855924606323,0.2932007312774658,0.05938934162259102,0.18359375,0.11140620708465576,0.0,0.11872255802154541,0.0032287973444908857,0.168701171875,5.5145442274806555e-06,3.85860403184779e-05,0.005068234167993069,0.005068234167993069,0.0,2.184976816177368,3.818531036376953,0.2441309094429016,0.0,10.0,0.0,0.0,10.0,0.0,10.0,0.314051349957784,0.19118082523345947,2.6065266927083335,0.2536513606707255,0.018768942604462307,-0.09796112775802612
267,1.034771295999974,114.473984,1.3997658491134644,0.2786916494369507,0.01658792234957218,0.1767578125,0.1167193278670311,0.0,0.12789058685302734,0.00434450525790453,0.1794840544462204,5.455736754811369e-06,3.9892747736303136e-05,0.005150049924850464,0.005150049924850464,0.0,2.054183006286621,4.014605522155762,0.2768923044204712,0.0,29.0,0.0,0.0,29.0,0.0,29.0,0.31563101212183636,0.19418662786483765,2.5887451171875,0.2546319166819255,0.018780348201592762,-0.09789472818374634
268,1.0048962109999593,114.473984,1.3985575437545776,0.2788342535495758,0.017387382686138153,0.1728515625,0.11743845790624619,0.0,0.1252404898405075,0.004718455485999584,0.1647135466337204,5.325199708750006e-06,3.892013774020597e-05,0.005117688328027725,0.005117688328027725,0.0,1.8635176420211792,4.080699443817139,0.2818518280982971,0.0,37.0,0.0,0.0,37.0,0.0,37.0,0.3177626331647237,0.19450144469738007,2.5960693359375,0.2565150459607442,0.018978219479322433,-0.09808224439620972
269,0.9932629560000237,114.473984,1.3523766994476318,0.28994014859199524,0.037677664309740067,0.166015625,0.11355187743902206,0.0,0.11923833936452866,0.0045452844351530075,0.1565755307674408,5.318423063727096e-06,3.7337020330596715e-05,0.005028742365539074,0.005028742365539074,0.0,1.6800216436386108,4.048725605010986,0.29232466220855713,0.0,37.0,0.0,0.0,37.0,0.0,37.0,0.3192442059516907,0.19372975826263428,2.5791015625,0.2585121790568034,0.01902166133125623,-0.09785348176956177
270,1.0000383300000522,114.473984,1.2999491691589355,0.3001026511192322,0.015319693833589554,0.1630859375,0.10897940397262573,0.0,0.11126168817281723,0.0040926458314061165,0.1516927182674408,5.2158356993459165e-06,3.616708272602409e-05,0.004951604641973972,0.004951604641973972,0.0,1.4597532749176025,3.998506546020508,0.29901987314224243,0.0,44.0,0.0,0.0,44.0,0.0,44.0,0.3205118378003438,0.19130563735961914,2.5887044270833335,0.2601088484128316,0.01900435487429301,-0.09795063734054565
271,0.9828681879999976,114.473984,1.2312759160995483,0.3122592568397522,0.013955043628811836,0.16015625,0.10337138175964355,0.0,0.1038556694984436,0.0035825162194669247,0.1438395231962204,5.102880095364526e-06,3.4476510336389765e-05,0.004825849086046219,0.004825849086046219,0.0,1.2424886226654053,3.8420424461364746,0.2517646253108978,0.0,18.0,0.0,0.0,18.0,0.0,18.0,0.3216801881790161,0.18922877311706543,2.5888264973958335,0.26139289140701294,0.01906941458582878,-0.09810930490493774
272,0.978776885000002,114.473984,1.1266473531723022,0.3363918364048004,0.019508110359311104,0.1572265625,0.0932566449046135,0.0,0.10229772329330444,0.003556134644895792,0.1435953825712204,5.119012257637223e-06,3.335361179779284e-05,0.004738078452646732,0.004738078452646732,0.0,1.2670178413391113,3.6503524780273438,0.24299471080303192,0.0,22.0,0.0,0.0,22.0,0.0,22.0,0.32180511951446533,0.189197838306427,2.5841878255208335,0.26140133539835614,0.01913919672369957,-0.09787946939468384
273,0.9811078170000087,114.473984,1.0643298625946045,0.34746381640434265,0.014260071329772472,0.1513671875,0.08748787641525269,0.0,0.09603526443243027,0.0031716942321509123,0.134765625,5.097937446407741e-06,3.29539216181729e-05,0.0046821474097669125,0.0046821474097669125,0.0,1.3150403499603271,3.520691394805908,0.24590253829956055,0.0,31.0,0.0,0.0,31.0,0.0,31.0,0.32157474756240845,0.19304537773132324,2.6396077473958335,0.2614765167236328,0.019034501165151596,-0.09771865606307983
274,0.980139945000019,114.473984,1.0421737432479858,0.35304775834083557,0.020032918080687523,0.150390625,0.0856197327375412,0.0,0.09069095551967621,0.0029892046004533768,0.1291910856962204,5.0477365221013315e-06,3.259343793615699e-05,0.0046391794458031654,0.0046391794458031654,0.0,1.4185398817062378,3.489351272583008,0.23982250690460205,0.0,16.0,0.0,0.0,16.0,0.0,16.0,0.32152116298675537,0.20052871108055115,2.7427571614583335,0.2615874807039897,0.01900864640871684,-0.0974239706993103
275,0.9745861699999523,114.473984,1.0476244688034058,0.35399800539016724,0.013786221854388714,0.1494140625,0.08591215312480927,0.0,0.09123089164495468,0.003823395585641265,0.1326904296875,5.017847797716968e-06,3.309100429760292e-05,0.00465427665039897,0.00465427665039897,0.0,1.5108938217163086,3.4988207817077637,0.2517535388469696,0.0,23.0,0.0,0.0,23.0,0.0,23.0,0.3216843605041504,0.1984407603740692,2.7698974609375,0.26162676016489667,0.01895974079767863,-0.09761422872543335
276,0.9824167909999915,114.473984,1.0296807289123535,0.3575882315635681,0.01797313243150711,0.1455078125,0.08466397225856781,0.0,0.08251576870679855,0.003587463404983282,0.1145833358168602,4.896183781966101e-06,3.272620961070061e-05,0.0046090357936918736,0.0046090357936918736,0.0,1.4802360534667969,3.4296231269836426,0.2486744225025177,0.0,25.0,0.0,0.0,25.0,0.0,25.0,0.32279916604359943,0.19797730445861816,2.81103515625,0.2631100614865621,0.01891050860285759,-0.09756535291671753
277,0.9901614909999807,114.473984,1.0160014629364014,0.3630415201187134,0.015530251897871494,0.14453125,0.08367303013801575,0.0,0.07662203907966614,0.0032954555936157703,0.1076253280043602,4.834440915146843e-06,3.2666634069755673e-05,0.00461334316059947,0.00461334316059947,0.0,1.5012829303741455,3.4391913414001465,0.23181983828544617,0.0,17.0,0.0,0.0,17.0,0.0,17.0,0.3234820564587911,0.19803082942962646,2.8469645182291665,0.26416097084681195,0.019124877949555714,-0.09815448522567749
278,0.972493596999982,114.473984,1.0052002668380737,0.36660128831863403,0.01415299717336893,0.1435546875,0.08275792747735977,0.0,0.07228075712919235,0.003220037091523409,0.1005859375,4.836137122765649e-06,3.255566844018176e-05,0.004620926454663277,0.004620926454663277,0.0,1.4447543621063232,3.4158363342285156,0.23126988112926483,0.0,20.0,0.0,0.0,20.0,0.0,20.0,0.3236959973971049,0.19885629415512085,2.8385416666666665,0.2647525866826375,0.01913248747587204,-0.09812527894973755
279,0.982936905000031,114.473984,0.9908949136734009,0.36706334352493286,0.021233323961496353,0.142578125,0.08151429891586304,0.0,0.06454212963581085,0.002390149747952819,0.0882568359375,4.827966222364921e-06,3.1443421903532e-05,0.004572004545480013,0.004572004545480013,0.0,1.3848838806152344,3.3258063793182373,0.26317667961120605,0.0,22.0,0.0,0.0,22.0,0.0,22.0,0.32324204842249554,0.19983911514282227,2.86279296875,0.2644808093706767,0.019128722449143726,-0.09791296720504761
280,0.9719442489999892,114.473984,0.9488554000854492,0.3679063618183136,0.016951926052570343,0.142578125,0.07776308059692383,0.0,0.061026912182569504,0.0021619615145027637,0.079345703125,4.78087849842268e-06,3.0438186513492838e-05,0.0045075854286551476,0.0045075854286551476,0.0,1.306680679321289,3.152451992034912,0.2484326809644699,0.0,11.0,0.0,0.0,11.0,0.0,11.0,0.32248828808466595,0.20098185539245605,2.9143473307291665,0.26376213630040485,0.019035762796799343,-0.09777408838272095
281,1.0007982300000435,114.473984,0.8912869095802307,0.36860406398773193,0.024432914331555367,0.142578125,0.07217681407928467,0.0,0.05827297270298004,0.0020863255485892296,0.0725504606962204,4.790452749148244e-06,2.9525734134949744e-05,0.004431618843227625,0.004431618843227625,0.0,1.2808973789215088,2.9974098205566406,0.25835537910461426,0.0,10.0,0.0,0.0,10.0,0.0,10.0,0.3219306866327922,0.19902914762496948,2.9243570963541665,0.2632284959157308,0.018968667834997177,-0.09774154424667358
282,0.9644831240000258,114.473984,0.8524458408355713,0.3691619634628296,0.007493908517062664,0.140625,0.06845080107450485,0.0,0.054949432611465454,0.001654613297432661,0.065673828125,4.915623321721796e-06,2.8757680411217734e-05,0.004385871347039938,0.004385871347039938,0.0,1.307471513748169,2.9570541381835938,0.2694050669670105,0.0,13.0,0.0,0.0,13.0,0.0,13.0,0.32207290331522626,0.19534730911254883,2.9554850260416665,0.2633153994878133,0.019017621874809265,-0.09787720441818237
283,0.9656849770000235,114.473984,0.8503832221031189,0.36727431416511536,0.047185033559799194,0.140625,0.06839890778064728,0.0,0.05449646711349487,0.0015261465450748801,0.0628255233168602,4.958713816449745e-06,2.929080801550299e-05,0.004456311464309692,0.004456311464309692,0.0,1.3230981826782227,3.070481777191162,0.2488739937543869,0.0,4.0,0.0,0.0,4.0,0.0,4.0,0.3222735524177551,0.19360870122909546,2.9548746744791665,0.2636665900548299,0.019166407485802967,-0.09769541025161743
284,1.0064857189999543,114.473984,0.87626051902771,0.3643181622028351,0.02482009306550026,0.140625,0.07053548097610474,0.0,0.05805697292089462,0.00188251375220716,0.06640625,5.0321477829129435e-06,3.0968600185588e-05,0.004612413700670004,0.004612413700670004,0.0,1.3151237964630127,3.2673873901367188,0.26607340574264526,0.0,8.0,0.0,0.0,8.0,0.0,8.0,0.3225432833035787,0.18883705139160156,2.9246012369791665,0.2638058662414551,0.019180405884981155,-0.09783118963241577
285,0.9851620080000316,114.473984,0.8433089852333069,0.369015634059906,0.021611718460917473,0.140625,0.06723672151565552,0.0,0.058960042893886566,0.0017969891196116805,0.067626953125,5.0985481720999815e-06,3.1787047191755846e-05,0.004700069315731525,0.004700069315731525,0.0,1.290529489517212,3.399670362472534,0.2603984475135803,0.0,7.0,0.0,0.0,7.0,0.0,7.0,0.32338953018188477,0.18865972757339478,2.9016520182291665,0.264249324798584,0.019205658386150997,-0.09788113832473755
286,0.9960544249999543,114.473984,0.8277355432510376,0.3755638599395752,0.019480101764202118,0.140625,0.06565842032432556,0.0,0.06068527698516846,0.0017197703709825873,0.0749918669462204,5.141365363670047e-06,3.1430579838342965e-05,0.004670946858823299,0.004670946858823299,0.0,1.2689393758773804,3.4244918823242188,0.25890886783599854,0.0,7.0,0.0,0.0,7.0,0.0,7.0,0.3237842122713725,0.1913909912109375,2.8616536458333335,0.26453230778376263,0.01934618130326271,-0.09768325090408325
287,1.017667964999987,114.473984,0.8199107050895691,0.38375329971313477,0.03738788515329361,0.140625,0.06462837755680084,0.0,0.0637005865573883,0.002078811638057232,0.0793050155043602,5.195626727072522e-06,3.1298397516366094e-05,0.004626710899174213,0.004626710899174213,0.0,1.3115456104278564,3.3808581829071045,0.2652301490306854,0.0,4.0,0.0,0.0,4.0,0.0,4.0,0.32363810141881305,0.18877708911895752,2.83984375,0.26438496510187787,0.019325851152340572,-0.09770852327346802
288,1.0171914879999804,114.473984,0.8296758532524109,0.38808250427246094,0.03478977456688881,0.140625,0.06553707271814346,0.0,0.0627225860953331,0.002046419307589531,0.0815836638212204,5.174052603251766e-06,3.206749170203693e-05,0.0046740947291255,0.0046740947291255,0.0,1.341768741607666,3.4176788330078125,0.2701911926269531,0.0,18.0,0.0,0.0,18.0,0.0,18.0,0.32383304834365845,0.19360452890396118,2.8449300130208335,0.2645654280980428,0.019249379634857178,-0.09785670042037964
289,1.006828358000007,114.473984,0.8348418474197388,0.3950120210647583,0.03336165100336075,0.1396484375,0.0657183825969696,0.0,0.06194894760847092,0.002010514959692955,0.08056640625,5.2041482376807835e-06,3.2723561162129045e-05,0.0047149076126515865,0.0047149076126515865,0.0,1.3813737630844116,3.517690658569336,0.28289878368377686,0.0,10.0,0.0,0.0,10.0,0.0,10.0,0.32382986942927044,0.19826239347457886,2.8492024739583335,0.26447461048762005,0.019092867771784466,-0.09810858964920044
290,0.9316014560000099,114.473984,0.8375270962715149,0.3990240693092346,0.032080214470624924,0.138671875,0.0659727081656456,0.0,0.060875214636325836,0.001958077074959874,0.0729166716337204,5.209370556258364e-06,3.3816897484939545e-05,0.0047722770832479,0.0047722770832479,0.0,1.434469223022461,3.6652889251708984,0.2807188928127289,0.0,13.0,0.0,0.0,13.0,0.0,13.0,0.3234792153040568,0.20062828063964844,2.8435872395833335,0.2646148403485616,0.01909593865275383,-0.09812456369400024
291,0.9613716829999817,114.473984,0.8352375030517578,0.39731383323669434,0.029922885820269585,0.1376953125,0.06554479897022247,0.0,0.05876480042934418,0.001905363518744707,0.0670979842543602,5.134913863003021e-06,3.43183746736031e-05,0.004801847971975803,0.004801847971975803,0.0,1.4823682308197021,3.734313488006592,0.30297911167144775,0.0,21.0,0.0,0.0,21.0,0.0,21.0,0.32290856043497723,0.2025229036808014,2.84326171875,0.2643052140871684,0.019021439055601757,-0.0979951024055481
292,0.9512240810000208,114.473984,0.8210245966911316,0.39035022258758545,0.015486483462154865,0.1376953125,0.06434263288974762,0.0,0.05651700496673584,0.001537449425086379,0.058349609375,5.18744855071418e-06,3.355754233780317e-05,0.004752188455313444,0.004752188455313444,0.0,1.5164802074432373,3.6612327098846436,0.29395005106925964,0.0,10.0,0.0,0.0,10.0,0.0,10.0,0.32217570145924884,0.19518104195594788,2.8519287109375,0.26333898305892944,0.018977041045824688,-0.0981174111366272
293,0.9490254439999717,114.473984,0.8309853076934814,0.3734476864337921,0.029317885637283325,0.13671875,0.06507335603237152,0.0,0.058097269386053085,0.0014385986141860485,0.0573323592543602,5.260189027467277e-06,3.3282376534771174e-05,0.004735511727631092,0.004735511727631092,0.0,1.564772367477417,3.5595455169677734,0.30289769172668457,0.0,11.0,0.0,0.0,11.0,0.0,11.0,0.32086002826690674,0.19214439392089844,2.8610432942708335,0.2622911334037781,0.01918717473745346,-0.0978657603263855
294,0.9835535349999986,114.473984,0.868820071220398,0.35403960943222046,0.055069129914045334,0.1357421875,0.0687098354101181,0.0,0.060245901346206665,0.0012798183597624302,0.0646158903837204,5.3197054512565956e-06,3.363487121532671e-05,0.004778276663273573,0.004778276663273573,0.0,1.608983039855957,3.5282816886901855,0.2970615029335022,0.0,6.0,0.0,0.0,6.0,0.0,6.0,0.3202228943506877,0.19469404220581055,2.8836669921875,0.26152459780375165,0.0193571075797081,-0.09771162271499634
295,0.9850608919999786,114.473984,0.9288598895072937,0.33866870403289795,0.03280030936002731,0.1357421875,0.07399473339319229,0.0,0.06512212753295898,0.001595888752490282,0.0737711638212204,5.4564070524065755e-06,3.514437048579566e-05,0.00487296050414443,0.00487296050414443,0.0,1.619246482849121,3.6977498531341553,0.32018792629241943,0.0,11.0,0.0,0.0,11.0,0.0,11.0,0.32056790590286255,0.1890203356742859,2.8860677083333335,0.26154545942942303,0.019492389013369877,-0.0977364182472229
296,0.980742795000026,114.473984,0.9470208287239075,0.33264732360839844,0.013454359024763107,0.1357421875,0.0755956768989563,0.0,0.06504734605550766,0.0013713830849155784,0.0721028670668602,5.480261734192027e-06,3.655560431070626e-05,0.004966224543750286,0.004966224543750286,0.0,1.6540639400482178,3.9252402782440186,0.3265984058380127,0.0,13.0,0.0,0.0,13.0,0.0,13.0,0.3218391338984172,0.18911463022232056,2.8590494791666665,0.262787401676178,0.01960766687989235,-0.09759336709976196
297,0.9528697979999947,114.473984,0.9374580383300781,0.3361390233039856,0.015836011618375778,0.1337890625,0.07450887560844421,0.0,0.06744473427534103,0.0013911148998886347,0.0751546248793602,5.4816841839056e-06,3.8619044062215835e-05,0.0050857230089604855,0.0050857230089604855,0.0,1.7210516929626465,4.053993225097656,0.32494276762008667,0.0,10.0,0.0,0.0,10.0,0.0,10.0,0.32310489813486737,0.1911502480506897,2.81982421875,0.2640041510264079,0.019573543220758438,-0.09759002923965454
298,0.9639762680000104,114.473984,0.9282270073890686,0.3411353826522827,0.010446775704622269,0.1328125,0.07326079905033112,0.0,0.07054495811462402,0.0014866048004478216,0.0853678435087204,5.500251972989645e-06,3.9734972233418375e-05,0.005127113312482834,0.005127113312482834,0.0,1.7024972438812256,4.129664897918701,0.3320116698741913,0.0,12.0,0.0,0.0,12.0,0.0,12.0,0.3235517541567485,0.19289952516555786,2.79833984375,0.26457715034484863,0.019345770279566448,-0.09807676076889038
299,0.9881313540000178,114.473984,0.9155818223953247,0.34721770882606506,0.015029523521661758,0.1328125,0.07222393155097961,0.0,0.07261451333761215,0.0015355926007032394,0.0889485701918602,5.5813288781791925e-06,3.94698727177456e-05,0.005106122232973576,0.005106122232973576,0.0,1.6744105815887451,4.08160400390625,0.3160189688205719,0.0,10.0,0.0,0.0,10.0,0.0,10.0,0.32353291908899945,0.1962682604789734,2.7702229817708335,0.26454611619313556,0.01926376422246297,-0.09783679246902466
300,1.0570566509999821,114.473984,0.9399963021278381,0.34858494997024536,0.02000792883336544,0.1298828125,0.07449312508106232,0.0,0.07572333514690399,0.0018473465461283922,0.0940755233168602,5.622908702207496e-06,3.9431564800906926e-05,0.005094156134873629,0.005094156134873629,0.0,1.5750434398651123,4.043960094451904,0.3340925872325897,0.0,15.0,0.0,0.0,15.0,0.0,15.0,0.3231309453646342,0.19599926471710205,2.7602132161458335,0.26452259222666424,0.01933986817797025,-0.09776479005813599
301,0.9819884249999973,114.473984,0.9513558149337769,0.3502553701400757,0.024838678538799286,0.12890625,0.07584810256958008,0.0,0.0739421546459198,0.00180092453956604,0.0878499373793602,5.6508943089284e-06,3.8794831198174506e-05,0.005043884739279747,0.005043884739279747,0.0,1.5197075605392456,4.012202262878418,0.3406144976615906,0.0,20.0,0.0,0.0,20.0,0.0,20.0,0.32333866755167645,0.19589555263519287,2.7541910807291665,0.26461978753407794,0.019395217299461365,-0.09780150651931763
302,0.9765325900000335,114.473984,0.9552966952323914,0.3516879379749298,0.01781018078327179,0.1279296875,0.07648660987615585,0.0,0.07301711291074753,0.0015794280916452408,0.0832926481962204,5.665305252477992e-06,3.881720476783812e-05,0.00505814328789711,0.00505814328789711,0.0,1.4667775630950928,3.9464244842529297,0.33387136459350586,0.0,17.0,0.0,0.0,17.0,0.0,17.0,0.3229487935702006,0.19678109884262085,2.7737223307291665,0.26461323102315265,0.01946549117565155,-0.09778791666030884
303,0.9910776189999524,114.473984,0.9622772932052612,0.34907686710357666,0.012191962450742722,0.126953125,0.07716458290815353,0.0,0.07361894845962524,0.0016613313928246498,0.086181640625,5.702408088836819e-06,3.934159394702874e-05,0.0051065171137452126,0.0051065171137452126,0.0,1.451443076133728,3.946415662765503,0.32946866750717163,0.0,16.0,0.0,0.0,16.0,0.0,16.0,0.3223593831062317,0.19360440969467163,2.7798258463541665,0.2644740343093872,0.01937338337302208,-0.0976833701133728
304,0.9757326469999725,114.473984,0.9807268977165222,0.34243518114089966,0.04392248019576073,0.126953125,0.0788218080997467,0.0,0.07506208121776581,0.0016551518347114325,0.0889485701918602,5.7274992286693305e-06,3.918890070053749e-05,0.005104472860693932,0.005104472860693932,0.0,1.4964008331298828,3.895662307739258,0.3321130871772766,0.0,9.0,0.0,0.0,9.0,0.0,9.0,0.32187074422836304,0.19079941511154175,2.7928873697916665,0.26408857107162476,0.01935119554400444,-0.09774762392044067
305,0.9902745150000101,114.473984,0.9838568568229675,0.3414856791496277,0.024347014725208282,0.126953125,0.07871460914611816,0.0,0.07886552065610886,0.0019469570834189653,0.0977376326918602,5.795723609480774e-06,3.9435621147276834e-05,0.005121405702084303,0.005121405702084303,0.0,1.5956284999847412,3.9129161834716797,0.340019553899765,0.0,10.0,0.0,0.0,10.0,0.0,10.0,0.3213984767595927,0.19011569023132324,2.7998860677083335,0.2633357048034668,0.019388236105442047,-0.09813421964645386
306,1.0138470140000209,114.473984,0.9895412921905518,0.3403412401676178,0.012839284725487232,0.125,0.07902055978775024,0.0,0.07985147833824158,0.0019235465442761779,0.1011556014418602,5.819739271828439e-06,3.9848280721344054e-05,0.00512612983584404,0.00512612983584404,0.0,1.6740484237670898,3.876401424407959,0.3511774241924286,0.0,16.0,0.0,0.0,16.0,0.0,16.0,0.321065088113149,0.1916954517364502,2.815673828125,0.26277408997217816,0.019475565602382023,-0.09797006845474243
307,1.0149158219999777,114.473984,1.0170701742172241,0.33446961641311646,0.01691683940589428,0.1240234375,0.08168428391218185,0.0,0.08047844469547272,0.001860233023762703,0.1066487655043602,5.799096470582299e-06,4.0079983591567725e-05,0.005112796556204557,0.005112796556204557,0.0,1.674646258354187,3.8139522075653076,0.3526209592819214,0.0,15.0,0.0,0.0,15.0,0.0,15.0,0.3212502797444661,0.1883988380432129,2.8102213541666665,0.26308274269104004,0.019467532634735107,-0.09787565469741821
308,0.9994583530000227,114.473984,1.0046513080596924,0.3378533720970154,0.015544017776846886,0.1220703125,0.08059516549110413,0.0,0.08039318770170212,0.001918480615131557,0.1094156950712204,5.777255410066573e-06,3.998935790150426e-05,0.005081798415631056,0.005081798415631056,0.0,1.6205546855926514,3.7730064392089844,0.3562164008617401,0.0,16.0,0.0,0.0,16.0,0.0,16.0,0.3220951159795125,0.1882951855659485,2.8055013020833335,0.2637492020924886,0.019388025005658466,-0.09779232740402222
309,1.005364544000031,114.473984,0.9829742312431335,0.34528350830078125,0.016682250425219536,0.12109375,0.07833415269851685,0.0,0.07977882772684097,0.0020847846753895283,0.1064453125,5.786033852928085e-06,3.9855396607890725e-05,0.005073242820799351,0.005073242820799351,0.0,1.5691112279891968,3.7823009490966797,0.37361758947372437,0.0,20.0,0.0,0.0,20.0,0.0,20.0,0.32243309418360394,0.18964415788650513,2.8051350911458335,0.2640047073364258,0.01942838355898857,-0.09782248735427856
310,0.9960495450000053,114.473984,0.9622055292129517,0.34708523750305176,0.01663609966635704,0.12109375,0.07662820816040039,0.0,0.07498541474342346,0.0017725661164149642,0.1015625,5.768854862253647e-06,3.99562377424445e-05,0.005077758803963661,0.005077758803963661,0.0,1.5123413801193237,3.79116153717041,0.3740719258785248,0.0,18.0,0.0,0.0,18.0,0.0,18.0,0.32237184047698975,0.18717312812805176,2.8141276041666665,0.2641841769218445,0.019538986186186474,-0.09786838293075562
311,0.985277568000015,114.473984,0.9494808912277222,0.3491379916667938,0.030041998252272606,0.1201171875,0.07536688446998596,0.0,0.0756794735789299,0.0018083996837958694,0.1027425155043602,5.7632787502370775e-06,4.00122044084128e-05,0.005071880295872688,0.005071880295872688,0.0,1.5102046728134155,3.6937148571014404,0.3677019476890564,0.0,11.0,0.0,0.0,11.0,0.0,11.0,0.3220001856486003,0.18660861253738403,2.8305257161458335,0.26376424233118695,0.01950019101301829,-0.09786611795425415
312,0.9546709219999912,114.473984,0.9348294138908386,0.3496928811073303,0.010321216657757759,0.119140625,0.07411014288663864,0.0,0.07425439357757568,0.0016789546934887767,0.0968017578125,5.774250439571915e-06,3.95491297240369e-05,0.00504105631262064,0.00504105631262064,0.0,1.496355414390564,3.6730666160583496,0.3659683167934418,0.0,15.0,0.0,0.0,15.0,0.0,15.0,0.3218239148457845,0.18802505731582642,2.8455403645833335,0.26363255580266315,0.0194401058057944,-0.09783655405044556
313,0.954140319999965,114.473984,0.9216330051422119,0.3523031771183014,0.030328957363963127,0.1181640625,0.07293689996004105,0.0,0.07154824584722519,0.0014965413138270378,0.0876057967543602,5.767884431406856e-06,3.898318391293287e-05,0.005012704990804195,0.005012704990804195,0.0,1.46968412399292,3.624910354614258,0.3828410506248474,0.0,23.0,0.0,0.0,23.0,0.0,23.0,0.3220451275507609,0.18968862295150757,2.8533121744791665,0.26380252838134766,0.01938932140668233,-0.09792524576187134
314,0.9478595670000232,114.473984,0.9003504514694214,0.35535532236099243,0.01872299797832966,0.1171875,0.07121612131595612,0.0,0.06808541715145111,0.0010536254849284887,0.0909016951918602,5.6979761211550795e-06,3.8799524190835655e-05,0.0050107198767364025,0.0050107198767364025,0.0,1.5147416591644287,3.554187774658203,0.36455148458480835,0.0,12.0,0.0,0.0,12.0,0.0,12.0,0.3226621349652608,0.1912718415260315,2.8439127604166665,0.26413124799728394,0.019373028228680294,-0.0979648232460022
315,0.954443786000013,114.473984,0.8984891772270203,0.35445284843444824,0.019913380965590477,0.1162109375,0.07080875337123871,0.0,0.06997803598642349,0.0012189646949991584,0.092041015625,5.708079697797075e-06,3.963600465795025e-05,0.005070258863270283,0.005070258863270283,0.0,1.5890049934387207,3.5247600078582764,0.36691784858703613,0.0,12.0,0.0,0.0,12.0,0.0,12.0,0.3226439555486043,0.19435828924179077,2.8436686197916665,0.2638595501581828,0.019390491147836048,-0.0976300835609436
316,0.969477200999961,114.473984,0.9290698170661926,0.3448452949523926,0.016392869874835014,0.1162109375,0.0735795646905899,0.0,0.07223179936408997,0.0015163638163357973,0.0910237655043602,5.717246494896244e-06,4.039102350361645e-05,0.005124919582158327,0.005124919582158327,0.0,1.6159919500350952,3.543376922607422,0.3786761164665222,0.0,9.0,0.0,0.0,9.0,0.0,9.0,0.32251713673273724,0.20560908317565918,2.8315022786458335,0.2637215256690979,0.019454921285311382,-0.09881049394607544
317,0.9993015350000292,114.473984,0.9598767757415771,0.3338852524757385,0.007862783968448639,0.115234375,0.07629838585853577,0.0,0.07313761115074158,0.0017500290414318442,0.0867106169462204,5.708370736101642e-06,4.0833125240169466e-05,0.005140091758221388,0.005140091758221388,0.0,1.6397446393966675,3.598256826400757,0.3998226821422577,0.0,20.0,0.0,0.0,20.0,0.0,20.0,0.3223189314206441,0.2115553915500641,2.8094482421875,0.26368778944015503,0.019528536746899288,-0.09873610734939575
318,0.9887387670000294,114.473984,0.9771929979324341,0.32475268840789795,0.021884195506572723,0.1142578125,0.07821677625179291,0.0,0.07191099226474762,0.0016640679677948356,0.0832926481962204,5.669352503900882e-06,4.038739643874578e-05,0.0051236841827631,0.0051236841827631,0.0,1.6450022459030151,3.6450228691101074,0.3869095742702484,0.0,16.0,0.0,0.0,16.0,0.0,16.0,0.3217890461285909,0.20947933197021484,2.8389892578125,0.2635578711827596,0.019645531972249348,-0.09803181886672974
319,1.0267152079999846,114.473984,0.9624692797660828,0.3219004273414612,0.05140155181288719,0.1123046875,0.07688265293836594,0.0,0.07206850498914719,0.001514275441877544,0.083740234375,5.572033842327073e-06,3.924204793293029e-05,0.005041254684329033,0.005041254684329033,0.0,1.6527193784713745,3.5535197257995605,0.37851619720458984,0.0,11.0,0.0,0.0,11.0,0.0,11.0,0.3213922381401062,0.1996477246284485,2.8629964192708335,0.26353704929351807,0.01953285684188207,-0.09772008657455444
320,1.0534007210000027,114.473984,0.9685229659080505,0.3207091987133026,0.028935587033629417,0.1123046875,0.0770844966173172,0.0,0.07260247319936752,0.001582648605108261,0.0850423201918602,5.531315764528699e-06,3.9234462747117504e-05,0.005031791049987078,0.005031791049987078,0.0,1.6703109741210938,3.6757559776306152,0.39948591589927673,0.0,14.0,0.0,0.0,14.0,0.0,14.0,0.3213765819867452,0.19505488872528076,2.866943359375,0.2640299399693807,0.01942221199472745,-0.09780174493789673
321,1.0275337869999817,114.473984,0.9482583403587341,0.3272539973258972,0.015381312929093838,0.1123046875,0.07508166134357452,0.0,0.07223104685544968,0.00162306462880224,0.08984375,5.556791620620061e-06,3.9056172681739554e-05,0.005041902419179678,0.005041902419179678,0.0,1.6263177394866943,3.874413251876831,0.3884722888469696,0.0,14.0,0.0,0.0,14.0,0.0,14.0,0.3222038944562276,0.1947917342185974,2.8496500651041665,0.26488155126571655,0.01934543376167615,-0.0980718731880188
322,0.9844915639999954,114.473984,0.9410303235054016,0.33713197708129883,0.02917395904660225,0.1123046875,0.07430914044380188,0.0,0.0716424509882927,0.0014675867278128862,0.0908203125,5.5458340284531005e-06,3.9358976209769025e-05,0.005092616192996502,0.005092616192996502,0.0,1.5631603002548218,4.102214813232422,0.3821873068809509,0.0,9.0,0.0,0.0,9.0,0.0,9.0,0.32330991824467975,0.1929299235343933,2.8045247395833335,0.26611918210983276,0.019397298494974773,-0.09832459688186646
323,1.0176431729999535,114.473984,0.9502611756324768,0.3491653501987457,0.03911982849240303,0.111328125,0.07470925897359848,0.0,0.0736289992928505,0.0016251056222245097,0.0942789763212204,5.53621521248715e-06,4.0037739381659776e-05,0.005168468691408634,0.005168468691408634,0.0,1.4871705770492554,4.298489570617676,0.40668925642967224,0.0,14.0,0.0,0.0,14.0,0.0,14.0,0.32374781370162964,0.20138978958129883,2.7686767578125,0.26673142115275067,0.019425267974535625,-0.09836727380752563
324,1.0007524399999852,114.473984,0.9576727747917175,0.3580392003059387,0.04258117452263832,0.1103515625,0.07544884085655212,0.0,0.07296866178512573,0.001336989225819707,0.0926920622587204,5.519661499420181e-06,3.997956810053438e-05,0.005159192718565464,0.005159192718565464,0.0,1.4411067962646484,4.3910064697265625,0.3969162404537201,0.0,6.0,0.0,0.0,6.0,0.0,6.0,0.32326797644297284,0.20187747478485107,2.7409261067708335,0.2664387623469035,0.019298500070969265,-0.09832984209060669
325,0.9850848009999709,114.473984,0.9747974872589111,0.36154818534851074,0.04005955159664154,0.1103515625,0.07661637663841248,0.0,0.07839102298021317,0.0017253377009183168,0.0967203825712204,5.638883067149436e-06,4.131499008508399e-05,0.005220399238169193,0.005220399238169193,0.0,1.4844669103622437,4.377717018127441,0.42070460319519043,0.0,11.0,0.0,0.0,11.0,0.0,11.0,0.3221488396326701,0.202335923910141,2.7281494140625,0.2652364174524943,0.019288353621959686,-0.09814828634262085
326,0.9565741510000407,114.473984,1.0057040452957153,0.3561505079269409,0.03740429878234863,0.1103515625,0.0795353353023529,0.0,0.08042602241039276,0.0018651988357305527,0.0986328125,5.669158326782053e-06,4.226258533890359e-05,0.0052351574413478374,0.0052351574413478374,0.0,1.5112203359603882,4.339471340179443,0.4197922646999359,0.0,8.0,0.0,0.0,8.0,0.0,8.0,0.32108648618062335,0.19680005311965942,2.7408447265625,0.26420068740844727,0.019234397759040196,-0.09798961877822876
327,0.9409674000000336,114.473984,1.0211963653564453,0.34936267137527466,0.02493765577673912,0.1103515625,0.08088959753513336,0.0,0.08362933248281479,0.0019614635966718197,0.1043701171875,5.6603139455546625e-06,4.348973379819654e-05,0.005322761833667755,0.005322761833667755,0.0,1.567434549331665,4.326007843017578,0.4105297029018402,0.0,10.0,0.0,0.0,10.0,0.0,10.0,0.32033981879552204,0.1920904964208603,2.7558186848958335,0.2635454138120015,0.019334647804498672,-0.0979040265083313
328,1.0090033779999885,114.473984,1.0550857782363892,0.33288875222206116,0.018519101664423943,0.1103515625,0.08403176069259644,0.0,0.08489251136779785,0.001975809223949909,0.1029459685087204,5.6343396863667294e-06,4.425820952747017e-05,0.005408314056694508,0.005408314056694508,0.0,1.652164340019226,4.266646862030029,0.4160662591457367,0.0,18.0,0.0,0.0,18.0,0.0,18.0,0.32021117210388184,0.19153444468975067,2.7372233072916665,0.26338215668996173,0.01950147623817126,-0.09782034158706665
329,1.0019373299999756,114.473984,1.077993392944336,0.315716028213501,0.03351111337542534,0.1103515625,0.08625970780849457,0.0,0.08421000093221664,0.0017768841935321689,0.0986735075712204,5.569334462052211e-06,4.4988930312683806e-05,0.005489698611199856,0.005489698611199856,0.0,1.7619718313217163,4.208728790283203,0.41659530997276306,0.0,16.0,0.0,0.0,16.0,0.0,16.0,0.3201051155726115,0.19244176149368286,2.7357584635416665,0.2637743353843689,0.019472529490788777,-0.09786087274551392
330,1.0099150170000257,114.473984,1.1113687753677368,0.30169615149497986,0.0562138631939888,0.1103515625,0.08918889611959457,0.0,0.08823733031749725,0.001993078738451004,0.1078287810087204,5.671999588230392e-06,4.6117667807266116e-05,0.005562033504247665,0.005562033504247665,0.0,1.9011647701263428,4.218142032623291,0.4231768250465393,0.0,9.0,0.0,0.0,9.0,0.0,9.0,0.3200070858001709,0.19576609134674072,2.7282307942708335,0.2635605533917745,0.019339092075824738,-0.09803634881973267
331,1.0358557200000291,114.473984,1.1583647727966309,0.28971147537231445,0.018738294020295143,0.1103515625,0.09363874047994614,0.0,0.08954044431447983,0.0019298106199130416,0.1126708984375,5.705716375814518e-06,4.70664344902616e-05,0.005616240203380585,0.005616240203380585,0.0,1.9326808452606201,4.395384788513184,0.43428587913513184,0.0,20.0,0.0,0.0,20.0,0.0,20.0,0.3201638658841451,0.20749855041503906,2.712158203125,0.2639083464940389,0.019261618455251057,-0.09819895029067993
332,1.0044052340000462,114.473984,1.1816517114639282,0.2852446436882019,0.030433570966124535,0.1103515625,0.09592255204916,0.0,0.09088134765625,0.002039496088400483,0.1233317106962204,5.70255724596791e-06,4.706773324869573e-05,0.00557712372392416,0.00557712372392416,0.0,1.891061544418335,4.331000804901123,0.44858869910240173,0.0,19.0,0.0,0.0,19.0,0.0,19.0,0.3202701012293498,0.2125367522239685,2.6946207682291665,0.2643049160639445,0.01926678294936816,-0.09823101758956909
333,1.0363829789999954,114.473984,1.176340937614441,0.28528571128845215,0.06355700641870499,0.1083984375,0.09561824053525925,0.0,0.08906902372837067,0.0020805245731025934,0.1230875700712204,5.735090780945029e-06,4.537665154202841e-05,0.005468141287565231,0.005468141287565231,0.0,1.7538483142852783,4.301017761230469,0.4439084231853485,0.0,13.0,0.0,0.0,13.0,0.0,13.0,0.3204046090443929,0.210639089345932,2.7103678385416665,0.264753798643748,0.01918575291832288,-0.09825211763381958
334,1.0410156379999762,114.473984,1.1892342567443848,0.2870870530605316,0.01573898270726204,0.1083984375,0.09704166650772095,0.0,0.08848930895328522,0.0023025486152619123,0.118408203125,5.717761723644799e-06,4.532395541900769e-05,0.00545905064791441,0.00545905064791441,0.0,1.6165317296981812,4.404752254486084,0.4377956986427307,0.0,19.0,0.0,0.0,19.0,0.0,19.0,0.32094401121139526,0.21182340383529663,2.6979166666666665,0.2655489444732666,0.019294926275809605,-0.09759610891342163
335,1.046185830000013,114.473984,1.1361865997314453,0.30405551195144653,0.018162596970796585,0.107421875,0.09208905696868896,0.0,0.08579260110855103,0.00227906322106719,0.1153971403837204,5.683095423592022e-06,4.500661452766508e-05,0.005423316732048988,0.005423316732048988,0.0,1.5319408178329468,4.376031875610352,0.43472903966903687,0.0,17.0,0.0,0.0,17.0,0.0,17.0,0.32188141345977783,0.21733392775058746,2.7155354817708335,0.26643017927805585,0.019460341582695644,-0.0975843071937561
336,1.017462566000006,114.473984,1.1181738376617432,0.3140803277492523,0.01429256983101368,0.107421875,0.09077131748199463,0.0,0.08496185392141342,0.0022801316808909178,0.1131591796875,5.64490255783312e-06,4.527510463958606e-05,0.005430960096418858,0.005430960096418858,0.0,1.4439939260482788,4.3148698806762695,0.40305399894714355,0.0,15.0,0.0,0.0,15.0,0.0,15.0,0.32196978727976483,0.21200090646743774,2.721435546875,0.2666672666867574,0.019415659209092457,-0.09759300947189331
337,1.0111661710000135,114.473984,1.0840699672698975,0.3247244656085968,0.017123868688941002,0.107421875,0.0875106081366539,0.0,0.08447620272636414,0.00215835846029222,0.1101481169462204,5.660042916133534e-06,4.4602165871765465e-05,0.005402195267379284,0.005402195267379284,0.0,1.3700802326202393,4.252786159515381,0.40659159421920776,0.0,14.0,0.0,0.0,14.0,0.0,14.0,0.3217520515124003,0.20298250019550323,2.7357584635416665,0.2664906581242879,0.019283290952444077,-0.09766823053359985
338,1.0246219140000221,114.473984,1.0798810720443726,0.32678282260894775,0.01584899239242077,0.1064453125,0.08749043941497803,0.0,0.08369817584753036,0.002029731869697571,0.1107177734375,5.6892886277637444e-06,4.3999192712362856e-05,0.005356411449611187,0.005356411449611187,0.0,1.3288459777832031,4.12930154800415,0.3968348503112793,0.0,16.0,0.0,0.0,16.0,0.0,16.0,0.32148945331573486,0.19293546676635742,2.7438557942708335,0.26615562041600543,0.019340592126051586,-0.09827381372451782
339,1.0547837289999507,114.473984,1.0435773134231567,0.3310815095901489,0.01594793051481247,0.1064453125,0.08423595875501633,0.0,0.0824064388871193,0.001946887350641191,0.1125081405043602,5.654927917930763e-06,4.31687876698561e-05,0.005285702180117369,0.005285702180117369,0.0,1.307777762413025,3.9737422466278076,0.36730659008026123,0.0,11.0,0.0,0.0,11.0,0.0,11.0,0.32106014092763263,0.19798195362091064,2.7772216796875,0.2658143639564514,0.019321295122305553,-0.09822827577590942
340,1.0801428639999813,114.473984,1.0206665992736816,0.3354417085647583,0.022706173360347748,0.10546875,0.08193712681531906,0.0,0.08141159266233444,0.00197526509873569,0.116455078125,5.6819944802555256e-06,4.3050771637354046e-05,0.005274455528706312,0.005274455528706312,0.0,1.3570173978805542,3.948134183883667,0.3697693347930908,0.0,17.0,0.0,0.0,17.0,0.0,17.0,0.3206443786621094,0.20262974500656128,2.7911376953125,0.26543442408243817,0.01927535484234492,-0.09806376695632935
341,1.045817167999985,114.473984,1.0047036409378052,0.33640730381011963,0.028420915827155113,0.10546875,0.08045929670333862,0.0,0.07807256281375885,0.0017829348798841238,0.1099039763212204,5.63131834496744e-06,4.324141627876088e-05,0.0053290752694010735,0.0053290752694010735,0.0,1.4436359405517578,3.9304466247558594,0.36489829421043396,0.0,17.0,0.0,0.0,17.0,0.0,17.0,0.32044623295466107,0.20177072286605835,2.8119303385416665,0.26520554224650067,0.01936671882867813,-0.0981476902961731
342,1.0220988499999635,114.473984,1.0007556676864624,0.3338765501976013,0.023217108100652695,0.103515625,0.08000697940587997,0.0,0.07609406113624573,0.0016187805449590087,0.1033121794462204,5.645915280183544e-06,4.3553736759349704e-05,0.005387338809669018,0.005387338809669018,0.0,1.5516542196273804,3.8767290115356445,0.37512367963790894,0.0,14.0,0.0,0.0,14.0,0.0,14.0,0.3201105793317159,0.2016335129737854,2.8384195963541665,0.26464184125264484,0.019524938116470974,-0.09815305471420288
343,1.0684967610000058,114.473984,1.0197895765304565,0.3267804980278015,0.021474337205290794,0.103515625,0.08153651654720306,0.0,0.0766129195690155,0.0018053323728963733,0.1077473983168602,5.675817192241084e-06,4.413345595821738e-05,0.0053903451189398766,0.0053903451189398766,0.0,1.6749331951141357,3.8020429611206055,0.4002222716808319,0.0,15.0,0.0,0.0,15.0,0.0,15.0,0.31956855456034344,0.19549864530563354,2.8594156901041665,0.263780156771342,0.01958310231566429,-0.09810858964920044
344,1.021251609999922,114.473984,1.0374830961227417,0.3170722424983978,0.020627332851290703,0.103515625,0.0836593359708786,0.0,0.07295013964176178,0.0016334326937794685,0.1060384139418602,5.583377060247585e-06,4.418631942826323e-05,0.005388852208852768,0.005388852208852768,0.0,1.6836323738098145,3.8402514457702637,0.3859601616859436,0.0,13.0,0.0,0.0,13.0,0.0,13.0,0.31976648171742755,0.18716132640838623,2.88134765625,0.26405908664067584,0.019594646990299225,-0.09804373979568481
345,1.0323000449999427,114.473984,1.015413522720337,0.3166918456554413,0.06478975713253021,0.103515625,0.0813392698764801,0.0,0.07383989542722702,0.001897182664833963,0.1051839217543602,5.568761025642743e-06,4.4203501602169126e-05,0.005362536758184433,0.005362536758184433,0.0,1.737605094909668,3.767167568206787,0.3914552628993988,0.0,9.0,0.0,0.0,9.0,0.0,9.0,0.31969569126764935,0.17456269264221191,2.8662516276041665,0.26402515172958374,0.019637497762839,-0.09789162874221802
346,1.0726358959999516,114.473984,1.0098037719726562,0.31779518723487854,0.018347973003983498,0.103515625,0.0802369937300682,0.0,0.07195887714624405,0.0020370776765048504,0.0974528044462204,5.508747562998906e-06,4.377777804620564e-05,0.005364562850445509,0.005364562850445509,0.0,1.7094653844833374,3.939380645751953,0.44171619415283203,0.0,21.0,0.0,0.0,21.0,0.0,21.0,0.32033499081929523,0.1704179048538208,2.86865234375,0.26467249790827435,0.019536815583705902,-0.09787982702255249
347,1.0400029989999666,114.473984,0.9824039936065674,0.32428520917892456,0.03406798839569092,0.103515625,0.07811173796653748,0.0,0.06661862879991531,0.0016136540798470378,0.0853678435087204,5.423307811724953e-06,4.2019932152470574e-05,0.005301287397742271,0.005301287397742271,0.0,1.6452430486679077,4.040068626403809,0.41797375679016113,0.0,9.0,0.0,0.0,9.0,0.0,9.0,0.3217473030090332,0.17308884859085083,2.8330078125,0.2660346031188965,0.019446531931559246,-0.09791606664657593
348,1.0559363209999901,114.473984,0.9664794206619263,0.3352339267730713,0.01635589823126793,0.103515625,0.07589417695999146,0.0,0.0684606283903122,0.0017553623765707016,0.0855712890625,5.4916540648264345e-06,4.278943742974661e-05,0.005322131793946028,0.005322131793946028,0.0,1.6790168285369873,4.304610729217529,0.446053683757782,0.0,12.0,0.0,0.0,12.0,0.0,12.0,0.322151521841685,0.17803651094436646,2.7969156901041665,0.26638758182525635,0.01932894190152486,-0.09744149446487427
349,1.0485669920000191,114.473984,0.9647864699363708,0.3431541323661804,0.018143905326724052,0.103515625,0.07563383877277374,0.0,0.06946635246276855,0.001744842971675098,0.0832112655043602,5.470445103128441e-06,4.3940977775491774e-05,0.005383701529353857,0.005383701529353857,0.0,1.6786779165267944,4.478843688964844,0.4447633624076843,0.0,8.0,0.0,0.0,8.0,0.0,8.0,0.3225523034731547,0.18217670917510986,2.7904459635416665,0.2665519118309021,0.01931648577253024,-0.09747081995010376
