iter,t_iter_s,peak_mem_mb,loss,vx,grad_norm,terrain_level,loss_v,loss_clear,n_falls,n_timeouts
0,0.7926477490000252,2.221056,1.6688196659088135,0.09679216891527176,0.6992163062095642,nan,0.16269396245479584,0.0,0.0,0.0
1,0.4593138220000128,3.266048,1.4652783870697021,0.1243354007601738,0.6384987235069275,nan,0.14146220684051514,0.0,0.0,0.0
2,0.46924287100000583,3.266048,1.2004691362380981,0.16400688886642456,0.6051492094993591,nan,0.1134587749838829,0.0,0.0,0.0
3,0.45371003100001417,3.266048,0.8238898515701294,0.22894838452339172,0.5342466235160828,nan,0.07425488531589508,0.0,0.0,0.0
4,0.4409328790000018,3.266048,0.4452775716781616,0.3170485496520996,0.29914310574531555,nan,0.034362152218818665,0.0,0.0,0.0
5,0.4411495049999985,3.266048,0.1980697363615036,0.41944921016693115,0.1041078194975853,nan,0.007493168115615845,0.0,0.0,0.0
6,0.4433781289999388,3.266048,0.1689295470714569,0.5212054252624512,0.19345977902412415,nan,0.0014605519827455282,0.0,0.0,0.0
7,0.4435340869999891,3.266048,0.3076516389846802,0.5916156768798828,0.37005355954170227,nan,0.009058243595063686,0.0,0.0,0.0
8,0.4432396989999461,3.266048,0.41547247767448425,0.6142115592956543,0.42217227816581726,nan,0.013866121880710125,0.0,0.0,0.0
9,0.4423438050000641,3.266048,0.481673002243042,0.62586909532547,0.40281808376312256,nan,0.017131108790636063,0.0,0.0,0.0
10,0.4499638690000438,3.266048,0.5702933669090271,0.6482120752334595,0.5135508179664612,nan,0.023400157690048218,0.0,0.0,0.0
11,0.44246725899995454,3.266048,0.6408584117889404,0.6725289821624756,0.567777693271637,nan,0.030806604772806168,0.0,0.0,0.0
12,0.4497157339999376,3.266048,0.7051748037338257,0.6893361806869507,0.5650051832199097,nan,0.03632326051592827,0.0,0.0,0.0
13,0.4491300699999101,3.266048,0.8337586522102356,0.7096378207206726,0.5727007389068604,nan,0.04427994787693024,0.0,0.0,0.0
14,0.45596126499992806,3.266048,1.1715656518936157,0.6089587211608887,0.35824084281921387,nan,0.06844373047351837,0.0,0.0,0.0
15,0.4484117190000916,3.266048,5.13698673248291,-0.18002821505069733,2.647369146347046,nan,0.47164636850357056,0.0,0.0,0.0
16,0.45102540499999577,3.266048,5.203169345855713,-0.18787193298339844,2.8286967277526855,nan,0.47612184286117554,0.0,0.0,0.0
17,0.4507486830000289,3.266048,3.25724196434021,-0.030587213113904,2.069443941116333,nan,0.2848435044288635,0.0,0.0,0.0
18,0.4498590130000366,3.266048,2.469240665435791,0.048853885382413864,1.4818345308303833,nan,0.20577731728553772,0.0,0.0,0.0
19,0.44916786500004946,3.266048,2.6921627521514893,0.02675425447523594,1.483551025390625,nan,0.2264949530363083,0.0,0.0,0.0
20,0.45395315300004313,3.266048,2.9495270252227783,0.0010629469761624932,1.5933641195297241,nan,0.25153228640556335,0.0,0.0,0.0
21,0.4676483679999137,3.266048,3.1187655925750732,-0.016438908874988556,1.5527970790863037,nan,0.26909881830215454,0.0,0.0,0.0
22,0.4994683969999869,3.266048,3.1646721363067627,-0.02018478326499462,1.3470966815948486,nan,0.27282875776290894,0.0,0.0,0.0
23,0.4668089610000834,3.266048,3.033360719680786,-0.008110743016004562,1.2689826488494873,nan,0.26021549105644226,0.0,0.0,0.0
24,0.46419659699995464,3.266048,2.8757290840148926,0.00737209664657712,1.1769238710403442,nan,0.24455921351909637,0.0,0.0,0.0
25,0.4779420280000295,3.266048,2.80207896232605,0.014855777844786644,1.1668959856033325,nan,0.23701773583889008,0.0,0.0,0.0
26,0.457103820000043,3.266048,2.8118038177490234,0.01510818675160408,1.1718661785125732,nan,0.23661568760871887,0.0,0.0,0.0
27,0.483577435999905,3.266048,2.8485403060913086,0.011076689697802067,1.2652621269226074,nan,0.24030721187591553,0.0,0.0,0.0
28,0.4868491580000409,3.266048,2.9356462955474854,0.004023730754852295,1.286221981048584,nan,0.24717411398887634,0.0,0.0,0.0
29,0.45842435099996237,3.266048,3.0236964225769043,-0.0030407211743295193,1.3572633266448975,nan,0.2541767358779907,0.0,0.0,0.0
30,0.46210556899995936,3.266048,3.1159353256225586,-0.010786897502839565,1.3329415321350098,nan,0.26211756467819214,0.0,0.0,0.0
31,0.4707684349999681,3.266048,3.19748854637146,-0.015862755477428436,0.9831507205963135,nan,0.2679139971733093,0.0,0.0,0.0
32,0.49625104500000816,3.266048,3.25887131690979,-0.017726263031363487,0.7775411009788513,nan,0.27094799280166626,0.0,0.0,0.0
33,0.4517110240000193,3.266048,3.0736732482910156,0.006090686656534672,0.7678465843200684,nan,0.24934391677379608,0.0,0.0,0.0
34,0.44618027400008486,3.266048,2.8745222091674805,0.03302866593003273,0.6362050771713257,nan,0.22611495852470398,0.0,0.0,0.0
35,0.4424098079999794,3.266048,2.7773051261901855,0.04880703613162041,0.6273883581161499,nan,0.21240019798278809,0.0,0.0,0.0
36,0.45430319000001873,3.266048,2.821563720703125,0.047506578266620636,0.42955151200294495,nan,0.21386584639549255,0.0,0.0,0.0
37,0.45326221199991323,3.266048,2.9754581451416016,0.03191971778869629,0.33688342571258545,nan,0.2280183732509613,0.0,0.0,0.0
38,0.49911996599996655,3.266048,3.0525896549224854,0.021789569407701492,0.35490602254867554,nan,0.23618698120117188,0.0,0.0,0.0
39,0.4977319560000524,3.266048,3.0724937915802,0.01687363162636757,0.3962744176387787,nan,0.23909907042980194,0.0,0.0,0.0
40,0.5021598480000193,3.266048,3.092411518096924,0.012156731449067593,0.4944131374359131,nan,0.2418198585510254,0.0,0.0,0.0
41,0.4619425280000087,3.266048,3.0474820137023926,0.014486832544207573,0.5624294877052307,nan,0.2382487952709198,0.0,0.0,0.0
42,0.4875312709999662,3.266048,2.9964263439178467,0.017286229878664017,0.45235416293144226,nan,0.2345215082168579,0.0,0.0,0.0
43,0.467876044000036,3.266048,2.9501259326934814,0.019422711804509163,0.7262027263641357,nan,0.23185572028160095,0.0,0.0,0.0
44,0.44446808500003954,3.266048,2.9044127464294434,0.022000672295689583,0.8363096714019775,nan,0.22904233634471893,0.0,0.0,0.0
45,0.44511179500000253,3.266048,2.8716025352478027,0.02429746277630329,0.8675726652145386,nan,0.22680121660232544,0.0,0.0,0.0
46,0.4412399230000119,3.266048,2.861812114715576,0.025313887745141983,0.6350818276405334,nan,0.2260209172964096,0.0,0.0,0.0
47,0.4393822669999281,3.266048,2.83027720451355,0.028062794357538223,0.3978978395462036,nan,0.22385536134243011,0.0,0.0,0.0
48,0.4419660979999662,3.266048,2.81744122505188,0.029976624995470047,0.1879168152809143,nan,0.22279661893844604,0.0,0.0,0.0
49,0.47198231599998053,3.266048,2.7957465648651123,0.03227200731635094,0.6048031449317932,nan,0.22195641696453094,0.0,0.0,0.0
50,0.48906272600004286,3.266048,2.809176206588745,0.03233523666858673,0.6935275793075562,nan,0.22412824630737305,0.0,0.0,0.0
51,0.46778821600003084,3.266048,2.8564884662628174,0.031308017671108246,0.7008482813835144,nan,0.22864249348640442,0.0,0.0,0.0
52,0.458690549000039,3.266048,2.9438090324401855,0.029289793223142624,0.6368102431297302,nan,0.23565727472305298,0.0,0.0,0.0
53,0.44358792899993205,3.266048,3.0378923416137695,0.02690396085381508,0.7400953769683838,nan,0.24491862952709198,0.0,0.0,0.0
54,0.4622053450000294,3.266048,3.173532485961914,0.024649707600474358,0.33603009581565857,nan,0.25651127099990845,0.0,0.0,0.0
55,0.4751351000001023,3.266048,3.3416264057159424,0.023527998477220535,0.21505747735500336,nan,0.27084749937057495,0.0,0.0,0.0
56,0.47739678799996454,3.266048,3.4219884872436523,0.02061179280281067,0.1956130415201187,nan,0.27989229559898376,0.0,1.0,0.0
57,0.4970649130000311,3.26656,3.637253761291504,0.02106403186917305,0.2357342690229416,nan,0.29839852452278137,0.0,0.0,0.0
58,0.46096136100004514,3.26656,3.793692111968994,0.02132060006260872,0.26990213990211487,nan,0.31017133593559265,0.0,3.0,0.0
59,0.43925534599998173,3.26656,3.064011573791504,0.028988085687160492,0.27939140796661377,nan,0.25938236713409424,0.0,3.0,0.0
60,0.46768138300001283,3.26656,2.7798967361450195,0.06021808460354805,0.3588213324546814,nan,0.2332775592803955,0.0,0.0,0.0
61,0.46243739800002004,3.26656,2.489180088043213,0.08742319047451019,0.15911410748958588,nan,0.20474116504192352,0.0,3.0,0.0
62,0.45874508299993977,3.26656,2.0717570781707764,0.10990066826343536,0.2758229970932007,nan,0.17531971633434296,0.0,0.0,0.0
63,0.477387742000019,3.26656,1.9314441680908203,0.13298991322517395,0.1867487132549286,nan,0.16196154057979584,0.0,1.0,0.0
64,0.47672503100000085,3.26656,1.8189536333084106,0.15282200276851654,0.24427662789821625,nan,0.15396110713481903,0.0,0.0,0.0
65,0.4611890509999057,3.26656,1.6806344985961914,0.1660347282886505,0.18676085770130157,nan,0.142564594745636,0.0,2.0,0.0
66,0.45138519500005714,3.26656,1.4155501127243042,0.18617507815361023,0.3782538175582886,nan,0.12136827409267426,0.0,0.0,0.0
67,0.45202265199998237,3.26656,1.3472623825073242,0.20261326432228088,0.36922958493232727,nan,0.11329041421413422,0.0,0.0,0.0
68,0.4540932449999673,3.26656,1.3051793575286865,0.21399646997451782,0.39200881123542786,nan,0.10872175544500351,0.0,0.0,0.0
69,0.4603204759999926,3.26656,1.2831536531448364,0.22406145930290222,0.3269617259502411,nan,0.10405412316322327,0.0,0.0,0.0
70,0.4580693950000523,3.26656,1.3187494277954102,0.22553758323192596,0.26998820900917053,nan,0.10593893378973007,0.0,0.0,0.0
71,0.4612769269999717,3.26656,1.407279372215271,0.2190326750278473,0.2538087069988251,nan,0.11246820539236069,0.0,0.0,0.0
72,0.45681421699998737,3.26656,1.4386135339736938,0.21190354228019714,0.1283910572528839,nan,0.11210399121046066,0.0,1.0,0.0
73,0.4574574340000481,3.26656,1.2897663116455078,0.21694718301296234,0.2307741641998291,nan,0.09950204193592072,0.0,0.0,0.0
74,0.4615701100000251,3.26656,1.281109094619751,0.222097247838974,0.2375727742910385,nan,0.09715025871992111,0.0,0.0,0.0
75,0.45666951900000186,3.26656,1.2787507772445679,0.2311404049396515,0.24159899353981018,nan,0.0947956070303917,0.0,0.0,0.0
76,0.4796812059998956,3.26656,1.2545945644378662,0.2490578591823578,0.3065098822116852,nan,0.08983643352985382,0.0,0.0,0.0
77,0.47468623300005675,3.26656,1.1969822645187378,0.27499067783355713,0.3340393900871277,nan,0.08193166553974152,0.0,0.0,0.0
78,0.46638572300003034,3.26656,1.1205039024353027,0.3057233393192291,0.3096717298030853,nan,0.07371967285871506,0.0,0.0,0.0
79,0.47355066700004045,3.26656,1.068042278289795,0.3271920084953308,0.2670355439186096,nan,0.06880296021699905,0.0,1.0,0.0
80,0.45435837299999093,3.26656,0.8059971928596497,0.36875617504119873,0.24977317452430725,nan,0.04487535357475281,0.0,0.0,0.0
81,0.45675637600004393,3.26656,0.7809325456619263,0.41307464241981506,0.2810172438621521,nan,0.041353173553943634,0.0,0.0,0.0
82,0.4593606399999999,3.26656,0.942043125629425,0.4233933687210083,0.2730266749858856,nan,0.05380631610751152,0.0,0.0,0.0
83,0.4558933570000363,3.26656,1.1157922744750977,0.44543182849884033,0.36335110664367676,nan,0.0657794401049614,0.0,0.0,0.0
84,0.45474953600000845,3.26656,1.6485978364944458,0.3405674695968628,0.16531169414520264,nan,0.11137090623378754,0.0,1.0,0.0
85,0.4538397649999979,3.26656,1.9911209344863892,0.2840059995651245,0.2928585112094879,nan,0.1447625458240509,0.0,3.0,0.0
86,0.42183372199997393,3.26656,2.2521920204162598,0.19101077318191528,0.2603367269039154,nan,0.18126988410949707,0.0,6.0,0.0
87,0.44091530399998646,3.26656,1.919184923171997,0.15303151309490204,0.4199729263782501,nan,0.16855643689632416,0.0,3.0,0.0
88,0.4309002090000149,3.26656,1.1943447589874268,0.22049450874328613,0.5012778043746948,nan,0.10785792768001556,0.0,2.0,0.0
89,0.4426024409999627,3.26656,0.6790165901184082,0.32920560240745544,0.44609400629997253,nan,0.05823146924376488,0.0,0.0,0.0
90,0.45820560300001034,3.26656,0.41094595193862915,0.4114554524421692,0.3190527856349945,nan,0.03183042258024216,0.0,0.0,0.0
91,0.45673976000000494,3.26656,0.27527180314064026,0.49105602502822876,0.19086451828479767,nan,0.017792271450161934,0.0,0.0,0.0
92,0.4587985320000598,3.26656,0.27111029624938965,0.5618616342544556,0.2033919095993042,nan,0.01631566882133484,0.0,0.0,0.0
93,0.46207111300009274,3.26656,0.3736588954925537,0.6159546971321106,0.26944220066070557,nan,0.024729788303375244,0.0,0.0,0.0
94,0.4578135919999795,3.26656,0.46875160932540894,0.6324722766876221,0.2934647798538208,nan,0.03355680778622627,0.0,0.0,0.0
95,0.4750042849999545,3.26656,0.37614020705223083,0.581891655921936,0.2011643350124359,nan,0.024096127599477768,0.0,0.0,0.0
96,0.44814211599998544,3.26656,0.4126026928424835,0.4992038607597351,0.19008229672908783,nan,0.026491288095712662,0.0,0.0,0.0
97,0.4484474930000033,3.26656,0.6724387407302856,0.416812002658844,0.38247305154800415,nan,0.05209456384181976,0.0,0.0,0.0
98,0.45125079000001733,3.26656,1.0382007360458374,0.343380331993103,0.5215921998023987,nan,0.0884295105934143,0.0,0.0,0.0
99,0.44861843000001045,3.26656,1.4983190298080444,0.2714992165565491,0.7693551778793335,nan,0.13384951651096344,0.0,0.0,0.0
100,0.4445740559999649,3.26656,2.052604913711548,0.19620101153850555,1.0406862497329712,nan,0.18982172012329102,0.0,0.0,0.0
101,0.44344073799993566,3.26656,2.6808066368103027,0.1242673471570015,1.2068613767623901,nan,0.2532308101654053,0.0,0.0,0.0
102,0.450002067000014,3.26656,3.2364110946655273,0.07335077226161957,1.0874146223068237,nan,0.30915606021881104,0.0,0.0,0.0
103,0.45242071900008796,3.26656,3.6622021198272705,0.03272736072540283,1.0481185913085938,nan,0.3515666425228119,0.0,0.0,0.0
104,0.4444434920000049,3.26656,3.8206799030303955,0.01886524260044098,1.0384126901626587,nan,0.3668195903301239,0.0,0.0,0.0
105,0.4439329319999388,3.26656,3.556251287460327,0.0539347343146801,0.8065168261528015,nan,0.3398638665676117,0.0,0.0,0.0
106,0.4477492590000338,3.26656,3.0308921337127686,0.12460769712924957,0.5494315028190613,nan,0.28700968623161316,0.0,0.0,0.0
107,0.4506230959999584,3.26656,2.539048433303833,0.19369757175445557,0.5347350239753723,nan,0.23647835850715637,0.0,0.0,0.0
108,0.4491555970000718,3.26656,2.0733954906463623,0.2606974244117737,0.48003894090652466,nan,0.18945717811584473,0.0,0.0,0.0
109,0.4429476389999536,3.26656,1.6794865131378174,0.3161731958389282,0.5234018564224243,nan,0.14910127222537994,0.0,0.0,0.0
110,0.4522847289999845,3.26656,1.433071494102478,0.3565089702606201,0.44830670952796936,nan,0.12322144955396652,0.0,0.0,0.0
111,0.45831443400004446,3.26656,1.375547170639038,0.3843643069267273,0.3787257969379425,nan,0.11504125595092773,0.0,0.0,0.0
112,0.45166422900001635,3.26656,1.4139788150787354,0.39874717593193054,0.2411695420742035,nan,0.11527858674526215,0.0,0.0,0.0
113,0.45165723100001287,3.26656,1.5780413150787354,0.4143153429031372,0.262172132730484,nan,0.1293913722038269,0.0,0.0,0.0
114,0.4513228899999149,3.26656,1.8802274465560913,0.4281094968318939,0.37479421496391296,nan,0.15737754106521606,0.0,0.0,0.0
115,0.4541849429999729,3.26656,2.138840913772583,0.42464661598205566,0.46983930468559265,nan,0.1783972978591919,0.0,2.0,0.0
116,0.4490473829999928,3.26656,1.8906869888305664,0.36112695932388306,0.2690725326538086,nan,0.1629967987537384,0.0,1.0,0.0
117,0.46846185200001855,3.26656,1.4329209327697754,0.3920210003852844,0.1839902698993683,nan,0.11813211441040039,0.0,1.0,0.0
118,0.47802807499999744,3.26656,1.2943700551986694,0.4216204881668091,0.18411442637443542,nan,0.10436787456274033,0.0,0.0,0.0
119,0.46979988600003253,3.26656,1.4591668844223022,0.4266856908798218,0.2696497142314911,nan,0.12037968635559082,0.0,0.0,0.0
120,0.4544048919999568,3.26656,1.5138155221939087,0.4558544158935547,0.2667381465435028,nan,0.12407191842794418,0.0,0.0,0.0
121,0.46828359999994973,3.26656,1.472542643547058,0.44467228651046753,0.14640478789806366,nan,0.12183699011802673,0.0,1.0,0.0
122,0.4556770730000608,3.26656,1.3846694231033325,0.4553329348564148,0.1667092740535736,nan,0.11000530421733856,0.0,0.0,0.0
123,0.45538990200009266,3.26656,1.6318550109863281,0.39006099104881287,0.1717715859413147,nan,0.13258805871009827,0.0,0.0,0.0
124,0.45837706800000433,3.26656,1.6890119314193726,0.399588406085968,0.2735508680343628,nan,0.13393855094909668,0.0,0.0,0.0
125,0.46308315800001765,3.26656,1.5705212354660034,0.46251729130744934,0.2754743993282318,nan,0.12159855663776398,0.0,0.0,0.0
126,0.460734580999997,3.26656,1.6736680269241333,0.46745508909225464,0.2551764249801636,nan,0.12928679585456848,0.0,0.0,0.0
127,0.4495967160000873,3.26656,1.8672986030578613,0.43635648488998413,0.2024727314710617,nan,0.15041206777095795,0.0,1.0,0.0
128,0.4643811339999502,3.26656,1.8004966974258423,0.4341338276863098,0.3897465169429779,nan,0.1476992815732956,0.0,0.0,0.0
129,0.4704374389999657,3.26656,1.8080880641937256,0.43804556131362915,0.2866595387458801,nan,0.14635837078094482,0.0,0.0,0.0
130,0.4672613000000183,3.26656,1.8637114763259888,0.44303303956985474,0.2546609938144684,nan,0.15103080868721008,0.0,1.0,0.0
131,0.45590108600003987,3.26656,2.160912275314331,0.4145091772079468,0.13124459981918335,nan,0.17713211476802826,0.0,2.0,0.0
132,0.46499717699998655,3.26656,2.1626288890838623,0.3960585594177246,0.30180826783180237,nan,0.17919546365737915,0.0,0.0,0.0
133,0.47362275199998294,3.26656,2.2076261043548584,0.35166656970977783,0.2859598398208618,nan,0.18237194418907166,0.0,1.0,0.0
134,0.47317898699998295,3.26656,2.064366340637207,0.33528774976730347,0.22681275010108948,nan,0.1676924228668213,0.0,2.0,0.0
135,0.5048174350000636,3.26656,1.8305354118347168,0.3969339430332184,0.2103586047887802,nan,0.1463618278503418,0.0,2.0,0.0
136,0.4733694529999184,3.26656,1.5229589939117432,0.4542147219181061,0.17684116959571838,nan,0.1212625503540039,0.0,3.0,0.0
137,0.49639332100002775,3.26656,1.4038889408111572,0.47034546732902527,0.20089773833751678,nan,0.118273064494133,0.0,0.0,0.0
138,0.47138446900009967,3.26656,1.7361276149749756,0.42317911982536316,0.41513797640800476,nan,0.15006330609321594,0.0,0.0,0.0
139,0.4730153140000084,3.26656,1.7171722650527954,0.4643622934818268,0.2868580222129822,nan,0.1481539011001587,0.0,2.0,0.0
140,0.46030159099996126,3.26656,1.47524094581604,0.4977162778377533,0.25634363293647766,nan,0.12797090411186218,0.0,2.0,0.0
141,0.45435441999995874,3.26656,1.3988653421401978,0.5449529886245728,0.3017890155315399,nan,0.12551894783973694,0.0,0.0,0.0
142,0.46119483699999364,3.26656,1.3987581729888916,0.5740900635719299,0.198076993227005,nan,0.1231222078204155,0.0,0.0,0.0
143,0.45787432099996295,3.26656,1.458785891532898,0.568403959274292,0.2913060188293457,nan,0.12571091949939728,0.0,1.0,0.0
144,0.45355423500006964,3.26656,1.20084810256958,0.6032460927963257,0.1728419065475464,nan,0.1033400297164917,0.0,0.0,0.0
145,0.4591808420000234,3.26656,1.1412651538848877,0.6193749904632568,0.1559380143880844,nan,0.09406741708517075,0.0,0.0,0.0
146,0.48736137000003055,3.26656,1.3384162187576294,0.5910980701446533,0.15708231925964355,nan,0.10879398882389069,0.0,1.0,0.0
147,0.4812815249999858,3.26656,1.1308860778808594,0.5285025835037231,0.17288917303085327,nan,0.08774949610233307,0.0,0.0,0.0
148,0.5048743960001048,3.26656,1.3695944547653198,0.43686729669570923,0.24591414630413055,nan,0.1084185242652893,0.0,0.0,0.0
149,0.44686782999997376,3.26656,1.462538719177246,0.42053911089897156,0.16386954486370087,nan,0.1135912537574768,0.0,3.0,0.0
150,0.508744679000074,3.26656,1.5345982313156128,0.3834366500377655,0.2499314844608307,nan,0.127671480178833,0.0,2.0,0.0
151,0.4922664079999777,3.26656,1.629608154296875,0.30351775884628296,0.29508325457572937,nan,0.14379236102104187,0.0,1.0,0.0
152,0.4889080840000588,3.26656,1.611649751663208,0.2943059504032135,0.4709375202655792,nan,0.14133581519126892,0.0,0.0,0.0
153,0.4580607960000407,3.26656,1.763196587562561,0.2479727864265442,0.3775385618209839,nan,0.1571781188249588,0.0,1.0,0.0
154,0.43106997699999283,3.26656,1.6814790964126587,0.22364211082458496,0.26663637161254883,nan,0.15466533601284027,0.0,2.0,0.0
155,0.45390063199999986,3.26656,1.4271308183670044,0.25073161721229553,0.5000023245811462,nan,0.1311635971069336,0.0,0.0,0.0
156,0.4539774160000434,3.26656,1.3101650476455688,0.23344072699546814,0.3663567006587982,nan,0.11811177432537079,0.0,0.0,0.0
157,0.45701113699999496,3.26656,1.1463382244110107,0.26397132873535156,0.3165920674800873,nan,0.10028545558452606,0.0,1.0,0.0
158,0.4873572019999983,3.26656,0.9070569276809692,0.30885177850723267,0.23096761107444763,nan,0.07810486853122711,0.0,0.0,0.0
159,0.4568142740000667,3.26656,0.8119626045227051,0.35790520906448364,0.13182882964611053,nan,0.06733760237693787,0.0,1.0,0.0
160,0.48410309200005486,3.26656,0.8766465187072754,0.3907896876335144,0.14719583094120026,nan,0.07474591583013535,0.0,0.0,0.0
161,0.4610909159999892,3.26656,0.8869796991348267,0.4423057734966278,0.13860562443733215,nan,0.07576420158147812,0.0,0.0,0.0
162,0.4490774569999303,3.26656,0.910717248916626,0.47804754972457886,0.19289253652095795,nan,0.07785118371248245,0.0,0.0,0.0
163,0.44792270999994344,3.26656,0.8825424313545227,0.4955417513847351,0.12855033576488495,nan,0.07183166593313217,0.0,0.0,0.0
164,0.4509688719999758,3.26656,0.7598220705986023,0.498319149017334,0.15338234603405,nan,0.05766379088163376,0.0,0.0,0.0
165,0.4520103909999307,3.26656,0.6446013450622559,0.49319010972976685,0.12679456174373627,nan,0.04464476555585861,0.0,0.0,0.0
166,0.46042873499993675,3.26656,0.5815287828445435,0.478349506855011,0.1508162021636963,nan,0.038322653621435165,0.0,0.0,0.0
167,0.4759889229999317,3.26656,0.6792958974838257,0.4425600469112396,0.12506720423698425,nan,0.044058751314878464,0.0,1.0,0.0
168,0.47133294700006445,3.26656,0.7581886053085327,0.39829978346824646,0.26501530408859253,nan,0.0563972070813179,0.0,0.0,0.0
169,0.46950039600005766,3.26656,0.8021209239959717,0.4080270230770111,0.2234112024307251,nan,0.059983015060424805,0.0,0.0,0.0
170,0.48342950699998255,3.26656,0.8950343728065491,0.42474132776260376,0.12949039041996002,nan,0.06689941138029099,0.0,0.0,0.0
171,0.508239857000035,3.26656,1.0253468751907349,0.44971799850463867,0.1173156276345253,nan,0.07617056369781494,0.0,0.0,0.0
172,0.49995980100004545,3.26656,1.1619529724121094,0.48853665590286255,0.15635956823825836,nan,0.0832885205745697,0.0,0.0,0.0
173,0.5031121350000376,3.26656,1.5745741128921509,0.4035826623439789,0.14463482797145844,nan,0.11857419461011887,0.0,0.0,0.0
174,0.4400041079999255,3.26656,2.1202025413513184,0.3005158305168152,0.10569600760936737,nan,0.16902832686901093,0.0,4.0,0.0
175,0.4465771190000396,3.26656,1.6139456033706665,0.35121840238571167,0.12593644857406616,nan,0.12928453087806702,0.0,1.0,0.0
176,0.45402526499992746,3.26656,1.1914020776748657,0.39961761236190796,0.11618923395872116,nan,0.0916881188750267,0.0,0.0,0.0
177,0.4467797669999527,3.26656,1.2394819259643555,0.40305954217910767,0.11554276943206787,nan,0.09785990417003632,0.0,1.0,0.0
178,0.45965493999995033,3.26656,1.067059874534607,0.4169062674045563,0.20034565031528473,nan,0.08037452399730682,0.0,0.0,0.0
179,0.4553799870000148,3.26656,0.9495283961296082,0.4944060444831848,0.18862837553024292,nan,0.06853577494621277,0.0,0.0,0.0
180,0.45941156499998215,3.26656,1.013029932975769,0.5454686880111694,0.17446018755435944,nan,0.07534002512693405,0.0,0.0,0.0
181,0.45544085699998504,3.26656,1.212650179862976,0.5512781143188477,0.1743815839290619,nan,0.09099239110946655,0.0,1.0,0.0
182,0.46930019000001266,3.26656,1.290656566619873,0.5479554533958435,0.1526625156402588,nan,0.10539014637470245,0.0,0.0,0.0
183,0.44493374199998925,3.26656,1.169563889503479,0.5715984106063843,0.12536633014678955,nan,0.09610148519277573,0.0,2.0,0.0
184,0.4829625249999481,3.26656,1.002808690071106,0.6378955841064453,0.24859729409217834,nan,0.08365025371313095,0.0,0.0,0.0
185,0.499620144000005,3.26656,1.212064504623413,0.7059894800186157,0.24445433914661407,nan,0.10217446088790894,0.0,0.0,0.0
186,0.5014934259999109,3.26656,1.6883577108383179,0.7679505348205566,0.2853882312774658,nan,0.14851564168930054,0.0,0.0,0.0
187,0.4738724759999968,3.26656,2.044973850250244,0.7972201704978943,0.3735553026199341,nan,0.18283502757549286,0.0,0.0,0.0
188,0.5003456550000465,3.26656,2.1323821544647217,0.8025628924369812,0.33141186833381653,nan,0.1887504905462265,0.0,0.0,0.0
189,0.48907599999995455,3.26656,2.4715099334716797,0.6921056509017944,0.32636362314224243,nan,0.2187839150428772,0.0,0.0,0.0
190,0.49081352199993944,3.26656,2.697052001953125,0.5954575538635254,0.4905961751937866,nan,0.2372705638408661,0.0,0.0,0.0
191,0.4996992510000382,3.26656,2.69130277633667,0.5758399963378906,0.3002209961414337,nan,0.22705993056297302,0.0,2.0,0.0
192,0.48543518500002847,3.26656,2.449554204940796,0.5948381423950195,0.22452759742736816,nan,0.2090979665517807,0.0,0.0,0.0
193,0.49650212099993496,3.26656,2.253572702407837,0.4832199811935425,0.44949615001678467,nan,0.18451151251792908,0.0,0.0,0.0
194,0.4876900489999798,3.26656,2.4294097423553467,0.38124966621398926,0.1735837459564209,nan,0.2035938799381256,0.0,2.0,0.0
195,0.47422973599998386,3.26656,2.080387830734253,0.28012484312057495,0.1366407722234726,nan,0.16643357276916504,0.0,4.0,0.0
196,0.4912398239999902,3.26656,1.9847816228866577,0.2395213395357132,0.43290677666664124,nan,0.17444932460784912,0.0,0.0,0.0
197,0.4882765400000153,3.26656,1.6318976879119873,0.2841857671737671,0.2850741446018219,nan,0.14082780480384827,0.0,3.0,0.0
198,0.4603413670000691,3.26656,1.624644160270691,0.2351481169462204,0.3068428933620453,nan,0.14525415003299713,0.0,2.0,0.0
199,0.48672337899995455,3.26656,1.4612804651260376,0.25195664167404175,0.4683355987071991,nan,0.13457560539245605,0.0,0.0,0.0
200,0.48008393400004934,3.26656,1.3573307991027832,0.24964003264904022,0.29936209321022034,nan,0.12232517451047897,0.0,0.0,0.0
201,0.4481902989999753,3.26656,1.2259212732315063,0.22813008725643158,0.15247595310211182,nan,0.10942742228507996,0.0,1.0,0.0
202,0.45057060099998125,3.26656,0.8830702304840088,0.28925472497940063,0.15724588930606842,nan,0.07755805552005768,0.0,1.0,0.0
203,0.447955726000032,3.26656,0.7291889190673828,0.3452874720096588,0.15153004229068756,nan,0.06474071741104126,0.0,0.0,0.0
204,0.469000058000006,3.26656,0.6208504438400269,0.38907167315483093,0.14250126481056213,nan,0.053476691246032715,0.0,0.0,0.0
205,0.45953109399999903,3.26656,0.5169225335121155,0.41180741786956787,0.14948830008506775,nan,0.043070729821920395,0.0,0.0,0.0
206,0.49750913899993066,3.26656,0.5041317939758301,0.4157600998878479,0.13817954063415527,nan,0.041339050978422165,0.0,0.0,0.0
207,0.48866058500004783,3.26656,0.5150299072265625,0.42619091272354126,0.14821933209896088,nan,0.04161353036761284,0.0,0.0,0.0
208,0.4784988000000112,3.26656,0.46110326051712036,0.43366220593452454,0.12990649044513702,nan,0.035536911338567734,0.0,0.0,0.0
209,0.45465045999992526,3.26656,0.41834142804145813,0.4583665728569031,0.08683320879936218,nan,0.030342167243361473,0.0,0.0,0.0
210,0.44899461600005,3.26656,0.44631022214889526,0.48861777782440186,0.11346250772476196,nan,0.03079204261302948,0.0,0.0,0.0
211,0.4485196289999749,3.26656,0.478340208530426,0.5007817149162292,0.13008518517017365,nan,0.033270761370658875,0.0,0.0,0.0
212,0.44908295699997325,3.26656,0.5672081112861633,0.482671320438385,0.1491881161928177,nan,0.03990117460489273,0.0,0.0,0.0
213,0.4548191720000432,3.26656,0.7211264371871948,0.47544142603874207,0.1537599265575409,nan,0.05108116194605827,0.0,0.0,0.0
214,0.45858334599995487,3.26656,0.8465346097946167,0.4773505926132202,0.1682693213224411,nan,0.058862775564193726,0.0,0.0,0.0
215,0.4587325799999462,3.26656,0.9928295016288757,0.5017526149749756,0.18660448491573334,nan,0.06683674454689026,0.0,0.0,0.0
216,0.46688215099993613,3.26656,1.215320110321045,0.5149749517440796,0.20868916809558868,nan,0.08458780497312546,0.0,1.0,0.0
217,0.44789925899999616,3.26656,1.4495071172714233,0.46581703424453735,0.13577526807785034,nan,0.10344527661800385,0.0,3.0,0.0
218,0.4687418459999435,3.26656,1.4030218124389648,0.4233853816986084,0.19135846197605133,nan,0.11053094267845154,0.0,2.0,0.0
219,0.4611864280000191,3.26656,1.2739025354385376,0.4041218161582947,0.19490493834018707,nan,0.10233601927757263,0.0,1.0,0.0
220,0.45960789600007956,3.26656,1.1531283855438232,0.3911610245704651,0.15328240394592285,nan,0.09143149852752686,0.0,0.0,0.0
221,0.4452101780000248,3.26656,1.1093353033065796,0.3525584638118744,0.13213875889778137,nan,0.08991515636444092,0.0,1.0,0.0
222,0.45248320400003195,3.26656,0.8372246623039246,0.3948354125022888,0.09299972653388977,nan,0.06351110339164734,0.0,1.0,0.0
223,0.45287561500003903,3.26656,0.6228407621383667,0.4255768060684204,0.0765661746263504,nan,0.0441916286945343,0.0,1.0,0.0
224,0.45322983599999134,3.26656,0.5435918569564819,0.443228155374527,0.06150074303150177,nan,0.04102753847837448,0.0,0.0,0.0
225,0.45486700900005417,3.26656,0.5738855004310608,0.5156824588775635,0.11950544267892838,nan,0.04294098913669586,0.0,0.0,0.0
226,0.46106758100006573,3.26656,0.8409050107002258,0.5055371522903442,0.27509239315986633,nan,0.06712377816438675,0.0,0.0,0.0
227,0.4657396030000882,3.26656,0.7525561451911926,0.49784383177757263,0.2428859919309616,nan,0.058493852615356445,0.0,0.0,0.0
228,0.4584926469999573,3.26656,0.5373294949531555,0.5091481804847717,0.13252577185630798,nan,0.037097446620464325,0.0,0.0,0.0
229,0.4611210560000245,3.26656,0.47663426399230957,0.5269747972488403,0.17899230122566223,nan,0.030158624053001404,0.0,0.0,0.0
230,0.5508088309999266,3.26656,0.47285565733909607,0.5555589199066162,0.23351366817951202,nan,0.02967069111764431,0.0,0.0,0.0
231,0.6763129750000871,3.26656,0.6716306805610657,0.5494047403335571,0.25278061628341675,nan,0.048664748668670654,0.0,0.0,0.0
232,0.4666694530000086,3.26656,0.6355009078979492,0.5212172865867615,0.11466644704341888,nan,0.046778999269008636,0.0,1.0,0.0
233,0.446165059000009,3.26656,0.6341133117675781,0.4932763874530792,0.08763153851032257,nan,0.04533953219652176,0.0,0.0,0.0
234,0.4482693070000323,3.26656,0.7481666803359985,0.4777914881706238,0.13904349505901337,nan,0.055124521255493164,0.0,0.0,0.0
235,0.4536638149999135,3.26656,0.8338565230369568,0.47438788414001465,0.14914429187774658,nan,0.06227211281657219,0.0,0.0,0.0
236,0.45657479299995885,3.26656,1.124091625213623,0.41733628511428833,0.18113446235656738,nan,0.08908327668905258,0.0,0.0,0.0
237,0.46192030199995315,3.26656,1.198461890220642,0.41446441411972046,0.14599964022636414,nan,0.09453272819519043,0.0,0.0,0.0
238,0.45548841300001186,3.26656,1.4340295791625977,0.38186341524124146,0.1285889446735382,nan,0.11591406911611557,0.0,0.0,0.0
239,0.45499224899992896,3.26656,1.5307939052581787,0.3501642942428589,0.2333478331565857,nan,0.12340568006038666,0.0,0.0,0.0
240,0.455783983999936,3.26656,1.8879743814468384,0.26364684104919434,0.2633644938468933,nan,0.15936926007270813,0.0,1.0,0.0
241,0.4587486829999534,3.26656,1.691542148590088,0.26564058661460876,0.2835678160190582,nan,0.13686560094356537,0.0,0.0,0.0
242,0.46318799599998783,3.26656,1.7543524503707886,0.23623856902122498,0.39887556433677673,nan,0.1448671519756317,0.0,1.0,0.0
243,0.456412255000032,3.26656,1.9485849142074585,0.22234337031841278,0.40139418840408325,nan,0.1565752476453781,0.0,1.0,0.0
244,0.4680026440000802,3.26656,1.8842393159866333,0.23418530821800232,0.40787678956985474,nan,0.15380458533763885,0.0,0.0,0.0
245,0.4418267559999549,3.26656,1.5616825819015503,0.28375232219696045,0.15331794321537018,nan,0.1239122673869133,0.0,3.0,0.0
246,0.44489095800008727,3.26656,1.0009827613830566,0.3313008248806,0.16570991277694702,nan,0.08114084601402283,0.0,1.0,0.0
247,0.4633443399999351,3.26656,0.9065138697624207,0.3900001049041748,0.237423375248909,nan,0.06874258816242218,0.0,0.0,0.0
248,0.46747310499995365,3.26656,1.1474521160125732,0.3820430636405945,0.2761922776699066,nan,0.08826498687267303,0.0,0.0,0.0
249,0.4167982230000007,3.26656,1.0672779083251953,0.382889986038208,0.10593678802251816,nan,0.08360796421766281,0.0,3.0,0.0
250,0.44996440100010204,3.26656,0.5356123447418213,0.42107874155044556,0.13638228178024292,nan,0.04402589052915573,0.0,0.0,0.0
251,0.4520289539999567,3.26656,0.35581666231155396,0.4772176146507263,0.12082502245903015,nan,0.025463730096817017,0.0,0.0,0.0
252,0.4593684599999506,3.26656,0.3993557393550873,0.5262060761451721,0.17724661529064178,nan,0.027215730398893356,0.0,0.0,0.0
253,0.45879928099998324,3.26656,0.5106524229049683,0.5563369393348694,0.1793704628944397,nan,0.038184814155101776,0.0,0.0,0.0
254,0.4593012429999135,3.26656,0.5542990565299988,0.5858162641525269,0.1796227991580963,nan,0.04072348028421402,0.0,0.0,0.0
255,0.4597650309999608,3.26656,0.7292693257331848,0.5496909022331238,0.17396444082260132,nan,0.055812738835811615,0.0,0.0,0.0
256,0.45860728900004233,3.26656,0.8341454267501831,0.5570096969604492,0.19109952449798584,nan,0.06533819437026978,0.0,0.0,0.0
257,0.46120055699998375,3.26656,0.8480082154273987,0.563954770565033,0.23566006124019623,nan,0.06422515958547592,0.0,0.0,0.0
258,0.570575187999907,3.26656,0.8137004375457764,0.5522177219390869,0.23692961037158966,nan,0.057903289794921875,0.0,0.0,0.0
259,0.6778466610001033,3.26656,0.8490781784057617,0.5048978924751282,0.11166048794984818,nan,0.05948656052350998,0.0,0.0,0.0
260,0.44033709400002863,3.26656,0.9989569187164307,0.4148189425468445,0.06396754831075668,nan,0.07807164639234543,0.0,2.0,0.0
261,0.4518057210000279,3.26656,1.0291409492492676,0.39977553486824036,0.14321427047252655,nan,0.08169404417276382,0.0,0.0,0.0
262,0.45541528700005074,3.26656,1.2273472547531128,0.35966891050338745,0.16215883195400238,nan,0.09970921277999878,0.0,0.0,0.0
263,0.4380431289999933,3.26656,1.2096537351608276,0.3569674491882324,0.11815116554498672,nan,0.09939738363027573,0.0,1.0,0.0
264,0.490055444999939,3.26656,1.2816863059997559,0.3235247731208801,0.12844118475914001,nan,0.10602989047765732,0.0,0.0,0.0
265,0.5173126729999922,3.26656,1.209579586982727,0.3700851798057556,0.19179905951023102,nan,0.09930168092250824,0.0,0.0,0.0
266,0.5097283720000405,3.26656,1.167526125907898,0.43052273988723755,0.159461110830307,nan,0.09359407424926758,0.0,0.0,0.0
267,0.49323680100008005,3.26656,1.2945514917373657,0.42201173305511475,0.13108035922050476,nan,0.10287004709243774,0.0,0.0,0.0
268,0.4876519309999594,3.26656,1.5400593280792236,0.45651865005493164,0.2303529530763626,nan,0.1191743016242981,0.0,1.0,0.0
269,0.45108813399997416,3.26656,1.8071331977844238,0.3437528908252716,0.178312748670578,nan,0.1527160108089447,0.0,1.0,0.0
270,0.45620838399997865,3.26656,1.69822359085083,0.33122190833091736,0.18316680192947388,nan,0.144535094499588,0.0,1.0,0.0
271,0.46203840700002274,3.26656,1.5232709646224976,0.33980119228363037,0.15014885365962982,nan,0.12859371304512024,0.0,1.0,0.0
272,0.4711450029999469,3.26656,1.3893375396728516,0.3653237223625183,0.2514096200466156,nan,0.11609037220478058,0.0,0.0,0.0
273,0.4719815579999249,3.268608,1.3639910221099854,0.35181480646133423,0.1814742088317871,nan,0.1088658794760704,0.0,1.0,0.0
274,0.4560744430000341,3.268608,0.9122382998466492,0.3845977187156677,0.09061435610055923,nan,0.07850073277950287,0.0,2.0,0.0
275,0.4569629110000051,3.268608,0.5573790073394775,0.43918442726135254,0.13555747270584106,nan,0.043754756450653076,0.0,0.0,0.0
276,0.45719154599999,3.268608,0.4258657991886139,0.5083330869674683,0.1630934625864029,nan,0.028150193393230438,0.0,0.0,0.0
277,0.4601596379999364,3.268608,0.5188164114952087,0.5791064500808716,0.20679792761802673,nan,0.03527095168828964,0.0,0.0,0.0
278,0.4627733659999649,3.268608,0.854077160358429,0.617466390132904,0.3178664445877075,nan,0.06590545177459717,0.0,0.0,0.0
279,0.4633814920000532,3.268608,1.3294602632522583,0.605543315410614,0.3741948902606964,nan,0.11216603219509125,0.0,1.0,0.0
280,0.46555916800002706,3.268608,1.1325937509536743,0.5963963270187378,0.3513614535331726,nan,0.09504856914281845,0.0,0.0,0.0
281,0.4629524889999175,3.268608,1.0026799440383911,0.5571926236152649,0.1516602486371994,nan,0.08125748485326767,0.0,0.0,0.0
282,0.46406010999999125,3.268608,0.8854983448982239,0.5617827773094177,0.11627979576587677,nan,0.0658433809876442,0.0,0.0,0.0
283,0.5628565069999922,3.268608,0.8546954989433289,0.5497041940689087,0.09264708310365677,nan,0.0636076033115387,0.0,1.0,0.0
284,0.679989159999991,3.268608,0.8588439226150513,0.4683486819267273,0.1149255558848381,nan,0.06502573937177658,0.0,0.0,0.0
285,0.46820824699989316,3.268608,0.7233673334121704,0.44385915994644165,0.195316344499588,nan,0.04987334460020065,0.0,0.0,0.0
286,0.4566403280000486,3.268608,0.7378931641578674,0.4331056773662567,0.27503135800361633,nan,0.05000099539756775,0.0,0.0,0.0
287,0.444916461000048,3.268608,0.9172059893608093,0.40821078419685364,0.25421425700187683,nan,0.06847378611564636,0.0,1.0,0.0
288,0.4579420200000186,3.268608,1.1985818147659302,0.33561402559280396,0.42666324973106384,nan,0.09815522283315659,0.0,0.0,0.0
289,0.45974541500004307,3.268608,1.3652130365371704,0.297798752784729,0.3824268579483032,nan,0.11327795684337616,0.0,0.0,0.0
290,0.4643589840000004,3.268608,1.4744505882263184,0.2512843608856201,0.27657783031463623,nan,0.12594369053840637,0.0,2.0,0.0
291,0.44830571099998906,3.268608,1.4670042991638184,0.23333680629730225,0.2520337700843811,nan,0.1266191005706787,0.0,1.0,0.0
292,0.466952157000037,3.268608,1.2891851663589478,0.27717792987823486,0.2574906647205353,nan,0.10377824306488037,0.0,1.0,0.0
293,0.453229624999949,3.268608,1.146168828010559,0.30141907930374146,0.26113104820251465,nan,0.09781255573034286,0.0,0.0,0.0
294,0.4472341119999328,3.268608,0.8464753031730652,0.36723196506500244,0.11890165507793427,nan,0.06710188090801239,0.0,1.0,0.0
295,0.46180965799999285,3.268608,0.7387577295303345,0.39529159665107727,0.09346067160367966,nan,0.060010284185409546,0.0,0.0,0.0
296,0.4622412810000469,3.268608,0.8289576172828674,0.3906984031200409,0.09292857348918915,nan,0.06861598789691925,0.0,0.0,0.0
297,0.4608978129999741,3.268608,0.8463692665100098,0.42930465936660767,0.12132780253887177,nan,0.06821548193693161,0.0,0.0,0.0
298,0.46049782600005074,3.268608,0.9035935997962952,0.4910438060760498,0.16141356527805328,nan,0.07143813371658325,0.0,0.0,0.0
299,0.460504463999996,3.268608,1.089781403541565,0.48889443278312683,0.26961466670036316,nan,0.08826099336147308,0.0,0.0,0.0
300,0.4500920139998925,3.268608,1.1396632194519043,0.4963158965110779,0.20118765532970428,nan,0.0911509320139885,0.0,1.0,0.0
301,0.4483557539999765,3.268608,0.9318060874938965,0.5111161470413208,0.17037585377693176,nan,0.07295620441436768,0.0,1.0,0.0
302,0.4621609329999501,3.268608,0.8313195109367371,0.5261431932449341,0.26462313532829285,nan,0.0670318454504013,0.0,0.0,0.0
303,0.466117244999964,3.268608,0.8219097852706909,0.5560764074325562,0.2117609679698944,nan,0.06523361802101135,0.0,0.0,0.0
304,0.46642382400000315,3.268608,0.859259307384491,0.5712674856185913,0.26441794633865356,nan,0.06740205734968185,0.0,0.0,0.0
305,0.4636214839999866,3.268608,1.041451096534729,0.5378887057304382,0.21877548098564148,nan,0.08368492126464844,0.0,0.0,0.0
306,0.46266556599994146,3.268608,1.0068843364715576,0.5412516593933105,0.2625579833984375,nan,0.07922228425741196,0.0,0.0,0.0
307,0.44913495299999795,3.268608,1.0595754384994507,0.4991689622402191,0.2079012095928192,nan,0.0798708125948906,0.0,1.0,0.0
308,0.46287030300004517,3.268608,1.0540822744369507,0.4453725814819336,0.09530505537986755,nan,0.0837753415107727,0.0,0.0,0.0
309,0.4404754639999737,3.268608,1.1178944110870361,0.3850100040435791,0.10750378668308258,nan,0.09012582898139954,0.0,1.0,0.0
310,0.443518819000019,3.268608,0.931254506111145,0.37375131249427795,0.18517950177192688,nan,0.07724075019359589,0.0,1.0,0.0
311,0.4509111689999372,3.268608,0.8432256579399109,0.35395294427871704,0.2754378020763397,nan,0.06841783225536346,0.0,0.0,0.0
312,0.45089124400010405,3.268608,0.873649001121521,0.32705894112586975,0.33577051758766174,nan,0.0705953985452652,0.0,0.0,0.0
313,0.45101093099992795,3.268608,0.9729658961296082,0.30469611287117004,0.35430285334587097,nan,0.07907316833734512,0.0,0.0,0.0
314,0.45251013500001136,3.268608,1.040680170059204,0.30438530445098877,0.2954254448413849,nan,0.08447828888893127,0.0,0.0,0.0
315,0.45368655300012506,3.268608,1.1742453575134277,0.2845395803451538,0.20000028610229492,nan,0.09631597995758057,0.0,1.0,0.0
316,0.44633380000004763,3.268608,1.1270382404327393,0.259460985660553,0.23204177618026733,nan,0.09637068957090378,0.0,1.0,0.0
317,0.4533997349999481,3.268608,0.9575742483139038,0.2928706407546997,0.219171404838562,nan,0.07926034927368164,0.0,0.0,0.0
318,0.45443085800002336,3.268608,0.83146733045578,0.323402464389801,0.2050418257713318,nan,0.06541386991739273,0.0,0.0,0.0
319,0.4584290139998757,3.268608,0.6750994324684143,0.37228894233703613,0.1232788935303688,nan,0.04875200241804123,0.0,0.0,0.0
320,0.45632637500011697,3.268608,0.6595959067344666,0.3897641897201538,0.08024190366268158,nan,0.050688281655311584,0.0,1.0,0.0
321,0.4567233360000955,3.268608,0.583892822265625,0.4331062436103821,0.07925276458263397,nan,0.044141050428152084,0.0,0.0,0.0
322,0.45693268499985606,3.268608,0.6339111328125,0.4805678129196167,0.17733851075172424,nan,0.04778636246919632,0.0,0.0,0.0
323,0.464911943000061,3.268608,0.7332197427749634,0.5430402159690857,0.3521825075149536,nan,0.05681512877345085,0.0,0.0,0.0
324,0.4561207210001612,3.268608,0.8760930299758911,0.5898803472518921,0.3698699474334717,nan,0.0696951299905777,0.0,0.0,0.0
325,0.457254396000053,3.268608,0.8954188227653503,0.5980612635612488,0.4159318208694458,nan,0.07070548832416534,0.0,0.0,0.0
326,0.5482781200000773,3.268608,0.8506231904029846,0.5869578719139099,0.39633098244667053,nan,0.06511076539754868,0.0,0.0,0.0
327,0.6754300159998365,3.268608,0.7968176007270813,0.5858017206192017,0.2530485987663269,nan,0.05856438726186752,0.0,0.0,0.0
328,0.4855366049998793,3.268608,0.8467482924461365,0.6101840138435364,0.29427266120910645,nan,0.06069222092628479,0.0,0.0,0.0
329,0.4398293389999708,3.268608,0.9270004630088806,0.6073435544967651,0.1818382740020752,nan,0.06821499019861221,0.0,1.0,0.0
330,0.4541035170000214,3.268608,0.9108685255050659,0.5876939296722412,0.1867983490228653,nan,0.0674344077706337,0.0,0.0,0.0
331,0.4570909760000177,3.268608,1.0086939334869385,0.5431193113327026,0.16339367628097534,nan,0.07512237131595612,0.0,0.0,0.0
332,0.4593480220000856,3.268608,1.097764015197754,0.4925217032432556,0.26064324378967285,nan,0.08133591711521149,0.0,0.0,0.0
333,0.46913917999995647,3.268608,1.088491439819336,0.42452526092529297,0.14218008518218994,nan,0.07973220944404602,0.0,0.0,0.0
334,0.4646347360001073,3.268608,1.0441566705703735,0.4235173165798187,0.1395769715309143,nan,0.07236029207706451,0.0,0.0,0.0
335,0.4533162000000175,3.268608,1.134118676185608,0.3832256495952606,0.14723333716392517,nan,0.0819576159119606,0.0,2.0,0.0
336,0.44790959400006614,3.268608,1.4807898998260498,0.3046964406967163,0.2723865211009979,nan,0.11696483194828033,0.0,1.0,0.0
337,0.45738074099995174,3.268608,1.37309730052948,0.27215850353240967,0.2968517243862152,nan,0.10945363342761993,0.0,1.0,0.0
338,0.4509110609999425,3.268608,1.5953667163848877,0.20724274218082428,0.36155492067337036,nan,0.13128036260604858,0.0,2.0,0.0
339,0.4624915950000741,3.268608,1.5821685791015625,0.2006722390651703,0.619278609752655,nan,0.13635635375976562,0.0,0.0,0.0
340,0.4527998089999983,3.268608,1.2278317213058472,0.2451218217611313,0.3442673087120056,nan,0.104365274310112,0.0,1.0,0.0
341,0.46154724500001976,3.268608,1.1015156507492065,0.2626311480998993,0.2906895875930786,nan,0.09088419377803802,0.0,0.0,0.0
342,0.46005623399992146,3.268608,0.7625919580459595,0.3323061168193817,0.20035836100578308,nan,0.05726814270019531,0.0,0.0,0.0
343,0.4554270070000257,3.268608,0.5710519552230835,0.40047234296798706,0.1335161179304123,nan,0.03904363512992859,0.0,0.0,0.0
344,0.45165715000007367,3.268608,0.5908185243606567,0.44191640615463257,0.08495285362005234,nan,0.04422492906451225,0.0,1.0,0.0
345,0.45418046100007814,3.268608,0.586291491985321,0.4778461158275604,0.15871793031692505,nan,0.04471305012702942,0.0,0.0,0.0
346,0.4588784739999028,3.268608,0.5539365410804749,0.5299779176712036,0.24892838299274445,nan,0.041501522064208984,0.0,0.0,0.0
347,0.4619534850000946,3.268608,0.550534188747406,0.5640639066696167,0.2508264482021332,nan,0.03996085375547409,0.0,0.0,0.0
348,0.45705925499987643,3.268608,0.6779834628105164,0.5513174533843994,0.2280336171388626,nan,0.05080653354525566,0.0,1.0,0.0
349,0.44954343699987476,3.268608,0.6190796494483948,0.5466872453689575,0.27823784947395325,nan,0.04769951105117798,0.0,0.0,0.0
350,0.4606663709998884,3.268608,0.45076704025268555,0.5445317029953003,0.17387212812900543,nan,0.029849302023649216,0.0,0.0,0.0
351,0.463127004999933,3.268608,0.36041030287742615,0.5272136330604553,0.1472165882587433,nan,0.019975289702415466,0.0,0.0,0.0
352,0.45753283700014435,3.268608,0.3937060236930847,0.5041287541389465,0.12136994302272797,nan,0.0218336321413517,0.0,0.0,0.0
353,0.4618477009998969,3.268608,0.46500837802886963,0.46932724118232727,0.1052175983786583,nan,0.027964599430561066,0.0,0.0,0.0
354,0.4647532989999945,3.268608,0.733203649520874,0.40559327602386475,0.13653334975242615,nan,0.05343493074178696,0.0,0.0,0.0
355,0.4637527740001133,3.268608,0.7664174437522888,0.4041127562522888,0.11568418145179749,nan,0.05510909482836723,0.0,0.0,0.0
356,0.4632521480000378,3.268608,0.7146821022033691,0.40587103366851807,0.16625741124153137,nan,0.047761403024196625,0.0,0.0,0.0
357,0.46306924499981506,3.268608,0.8599745631217957,0.3746515214443207,0.13956433534622192,nan,0.06055271625518799,0.0,0.0,0.0
358,0.44839328299985937,3.268608,0.894003689289093,0.3528757393360138,0.07830563187599182,nan,0.06379788368940353,0.0,2.0,0.0
359,0.45983676299988474,3.268608,0.9799834489822388,0.2951228618621826,0.23907655477523804,nan,0.08034072816371918,0.0,0.0,0.0
360,0.44960654700003033,3.268608,0.794032871723175,0.30867379903793335,0.16057756543159485,nan,0.064995676279068,0.0,1.0,0.0
361,0.4492230930000005,3.268608,0.7113146781921387,0.3165386915206909,0.14428101480007172,nan,0.056652218103408813,0.0,0.0,0.0
362,0.4503620469999987,3.268608,0.6595399379730225,0.33776819705963135,0.25955796241760254,nan,0.05056176334619522,0.0,0.0,0.0
363,0.45057245900011367,3.268608,0.7082823514938354,0.3516864478588104,0.20430311560630798,nan,0.05483124777674675,0.0,0.0,0.0
364,0.4565712369999346,3.268608,0.7793490290641785,0.3669309914112091,0.10252008587121964,nan,0.06034346669912338,0.0,0.0,0.0
365,0.4622720270001537,3.268608,0.7694240808486938,0.38813090324401855,0.09623674303293228,nan,0.05814792960882187,0.0,0.0,0.0
366,0.46046725499991226,3.268608,0.7515329122543335,0.41500717401504517,0.16812844574451447,nan,0.056178800761699677,0.0,0.0,0.0
367,0.4633723699998882,3.268608,0.7491763830184937,0.45882105827331543,0.11184435337781906,nan,0.05569370090961456,0.0,0.0,0.0
368,0.4664043899999797,3.268608,0.8802891969680786,0.4688938558101654,0.21310190856456757,nan,0.06590655446052551,0.0,0.0,0.0
369,0.4609333579999202,3.268608,1.2576571702957153,0.4016631841659546,0.21114976704120636,nan,0.09996368736028671,0.0,0.0,0.0
370,0.4614360900000065,3.268608,1.0154459476470947,0.4150460362434387,0.2199593186378479,nan,0.07545929402112961,0.0,0.0,0.0
371,0.46371223400001327,3.268608,0.9032626748085022,0.4124278426170349,0.20254935324192047,nan,0.06322424113750458,0.0,0.0,0.0
372,0.44358223600011115,3.268608,0.8975414633750916,0.4191739559173584,0.14141055941581726,nan,0.06477798521518707,0.0,2.0,0.0
373,0.46079913200014744,3.268608,0.7384018301963806,0.41380876302719116,0.206773042678833,nan,0.055130284279584885,0.0,0.0,0.0
374,0.4633779380001215,3.268608,0.6725489497184753,0.41511934995651245,0.16875530779361725,nan,0.047134026885032654,0.0,0.0,0.0
375,0.46646187400006056,3.268608,0.7304044961929321,0.4113750457763672,0.20831570029258728,nan,0.05177890509366989,0.0,0.0,0.0
376,0.4544208439999693,3.268608,0.7375221848487854,0.4095258414745331,0.10541050136089325,nan,0.05370434373617172,0.0,1.0,0.0
377,0.4499146469997868,3.268608,0.7619670629501343,0.40644508600234985,0.11984606832265854,nan,0.05586810037493706,0.0,0.0,0.0
378,0.46084531500014236,3.268608,0.8296041488647461,0.3868827223777771,0.09028679877519608,nan,0.06015480309724808,0.0,1.0,0.0
379,0.45579244000009567,3.268608,0.7652214765548706,0.3599969148635864,0.15044192969799042,nan,0.058801837265491486,0.0,0.0,0.0
380,0.45649197500006267,3.268608,0.7194984555244446,0.37427473068237305,0.12194827944040298,nan,0.05413958430290222,0.0,0.0,0.0
381,0.45616249299996525,3.268608,0.743371844291687,0.388477623462677,0.10716462880373001,nan,0.05525793880224228,0.0,0.0,0.0
382,0.4553554490000806,3.268608,0.8364063501358032,0.38731691241264343,0.16734491288661957,nan,0.06346621364355087,0.0,0.0,0.0
383,0.45308490399997936,3.268608,0.8710674047470093,0.3794545531272888,0.14011597633361816,nan,0.0652216374874115,0.0,0.0,0.0
384,0.45457321100002446,3.268608,0.8158348798751831,0.38843095302581787,0.1740134209394455,nan,0.0576903335750103,0.0,0.0,0.0
385,0.46356486099989525,3.268608,0.7393286824226379,0.42260658740997314,0.1307714879512787,nan,0.04969410225749016,0.0,0.0,0.0
386,0.4622665069998675,3.268608,0.65676349401474,0.4274410009384155,0.13668562471866608,nan,0.04033755883574486,0.0,0.0,0.0
387,0.46334755199995925,3.268608,0.7054809331893921,0.43321287631988525,0.23854294419288635,nan,0.043362222611904144,0.0,0.0,0.0
388,0.4646843750001608,3.268608,0.7756447196006775,0.44199350476264954,0.1432388573884964,nan,0.050059057772159576,0.0,1.0,0.0
389,0.4364324929999839,3.268608,0.8193586468696594,0.4308314025402069,0.10818088799715042,nan,0.05853379890322685,0.0,2.0,0.0
390,0.4589259909998873,3.268608,0.7697969079017639,0.39877235889434814,0.1920875608921051,nan,0.057473234832286835,0.0,0.0,0.0
391,0.4374665739999273,3.268608,0.6219635009765625,0.38708996772766113,0.09846857190132141,nan,0.0479779951274395,0.0,2.0,0.0
392,0.4571817070000179,3.268608,0.3560906946659088,0.437175452709198,0.12301905453205109,nan,0.021940162405371666,0.0,0.0,0.0
393,0.45811974200000805,3.268608,0.2817944288253784,0.4911457896232605,0.18632206320762634,nan,0.014064702205359936,0.0,0.0,0.0
394,0.458463398000049,3.268608,0.32798072695732117,0.54478919506073,0.3029690682888031,nan,0.018478993326425552,0.0,0.0,0.0
395,0.45942203000004156,3.268608,0.39720648527145386,0.564865231513977,0.27364468574523926,nan,0.024200797080993652,0.0,0.0,0.0
396,0.46007413699999233,3.268608,0.5550356507301331,0.5226430296897888,0.14959716796875,nan,0.038193896412849426,0.0,0.0,0.0
397,0.4589319219999197,3.268608,0.6082950830459595,0.4868660569190979,0.10500094294548035,nan,0.04319925233721733,0.0,0.0,0.0
398,0.4622948709998127,3.268608,0.4478570520877838,0.47331199049949646,0.10176984965801239,nan,0.0277424156665802,0.0,0.0,0.0
399,0.4621469050000542,3.268608,0.5899197459220886,0.40838196873664856,0.06412456184625626,nan,0.04281890392303467,0.0,1.0,0.0
400,0.4589823179999257,3.268608,0.46760115027427673,0.4136574864387512,0.1249672919511795,nan,0.03154595196247101,0.0,0.0,0.0
401,0.46217969899998934,3.268608,0.3678969144821167,0.4061198830604553,0.20611166954040527,nan,0.02275063470005989,0.0,0.0,0.0
402,0.4557931159999953,3.268608,0.43079328536987305,0.38756632804870605,0.17670641839504242,nan,0.02979600988328457,0.0,1.0,0.0
403,0.45475218899991887,3.268608,0.40204164385795593,0.38062021136283875,0.21643947064876556,nan,0.027950866147875786,0.0,0.0,0.0
404,0.4550196899999719,3.268608,0.40941524505615234,0.38542574644088745,0.22233541309833527,nan,0.02800990268588066,0.0,0.0,0.0
405,0.45706894999989345,3.268608,0.4243946969509125,0.3999156057834625,0.14216621220111847,nan,0.030317893251776695,0.0,0.0,0.0
406,0.4537694640000609,3.268608,0.4180699586868286,0.4286367893218994,0.08548962324857712,nan,0.02872675284743309,0.0,0.0,0.0
407,0.45207405999985895,3.268608,0.37647515535354614,0.45512670278549194,0.09021279960870743,nan,0.024697311222553253,0.0,0.0,0.0
408,0.4582674810001208,3.268608,0.3294645845890045,0.47669732570648193,0.16331592202186584,nan,0.019546400755643845,0.0,0.0,0.0
409,0.4568931189999148,3.268608,0.30952537059783936,0.48749440908432007,0.196516215801239,nan,0.017572877928614616,0.0,0.0,0.0
410,0.45887096499996005,3.268608,0.3432115614414215,0.471035361289978,0.1320972740650177,nan,0.020529765635728836,0.0,0.0,0.0
411,0.45856896099985534,3.268608,0.37822458148002625,0.46206778287887573,0.11626116186380386,nan,0.024169597774744034,0.0,0.0,0.0
412,0.45638344199983294,3.268608,0.39015451073646545,0.4539552927017212,0.11108200252056122,nan,0.024901937693357468,0.0,0.0,0.0
413,0.4556079880001107,3.268608,0.35758763551712036,0.45356762409210205,0.07367056608200073,nan,0.02066708169877529,0.0,0.0,0.0
414,0.4545533649998106,3.268608,0.34614667296409607,0.4454481601715088,0.07989189773797989,nan,0.019554583355784416,0.0,0.0,0.0
415,0.5553577149999,3.268608,0.3739415407180786,0.43883681297302246,0.06387074291706085,nan,0.0212007574737072,0.0,0.0,0.0
416,0.6751707179998903,3.268608,0.4417613744735718,0.4118640422821045,0.11213631927967072,nan,0.02711954340338707,0.0,0.0,0.0
417,0.46668196799987527,3.268608,0.5481823086738586,0.3809761106967926,0.2104834020137787,nan,0.03549325466156006,0.0,0.0,0.0
418,0.4518097319999015,3.268608,0.5985623598098755,0.3625484108924866,0.15668326616287231,nan,0.03982943296432495,0.0,0.0,0.0
419,0.4571099239999512,3.268608,0.5742589235305786,0.37128520011901855,0.09949921816587448,nan,0.03517156466841698,0.0,0.0,0.0
420,0.45998784799985515,3.268608,0.5196728110313416,0.3997763693332672,0.056657690554857254,nan,0.027932746335864067,0.0,0.0,0.0
421,0.4458478209999157,3.268608,0.5933048129081726,0.4000198245048523,0.05351069197058678,nan,0.03550305962562561,0.0,1.0,0.0
422,0.4541235780000079,3.268608,0.5699626803398132,0.4232216477394104,0.12376765161752701,nan,0.03364270552992821,0.0,0.0,0.0
423,0.45674351800016666,3.268608,0.5690258145332336,0.4470249116420746,0.10895311832427979,nan,0.03219131380319595,0.0,0.0,0.0
424,0.4607494229999247,3.268608,0.602493405342102,0.451393187046051,0.07500253617763519,nan,0.03372357413172722,0.0,1.0,0.0
425,0.4631619470001169,3.268608,0.8579185009002686,0.37242215871810913,0.13158340752124786,nan,0.06092226505279541,0.0,0.0,0.0
426,0.4629962730000443,3.268608,0.957278311252594,0.3720017969608307,0.20929956436157227,nan,0.06904415786266327,0.0,0.0,0.0
427,0.45977107299995623,3.268608,0.9884170889854431,0.3732806146144867,0.07457859814167023,nan,0.06676468253135681,0.0,3.0,0.0
428,0.45871830700002647,3.268608,0.7246437072753906,0.38369521498680115,0.14251597225666046,nan,0.05413578078150749,0.0,0.0,0.0
429,0.4400547230000029,3.268608,0.515900194644928,0.39399194717407227,0.07352565228939056,nan,0.03520364314317703,0.0,1.0,0.0
430,0.45564679099993555,3.268608,0.3608335256576538,0.4168820083141327,0.14222313463687897,nan,0.02032364532351494,0.0,0.0,0.0
431,0.4571959490001518,3.268608,0.2810913324356079,0.43892648816108704,0.1055663526058197,nan,0.01290779747068882,0.0,0.0,0.0
432,0.46112644199979513,3.268608,0.2899845242500305,0.4788866341114044,0.11618594825267792,nan,0.01283339224755764,0.0,0.0,0.0
433,0.46044388800009983,3.268608,0.33883804082870483,0.5032749772071838,0.19155573844909668,nan,0.017289264127612114,0.0,0.0,0.0
434,0.45783790300015426,3.268608,0.3859473764896393,0.5043246746063232,0.20883023738861084,nan,0.020885922014713287,0.0,0.0,0.0
435,0.46696649399996204,3.268608,0.40337762236595154,0.48204505443573,0.11452688276767731,nan,0.022711530327796936,0.0,1.0,0.0
436,0.45512674299993705,3.268608,0.40301477909088135,0.4480593502521515,0.11039429903030396,nan,0.024959905073046684,0.0,0.0,0.0
437,0.4540233850000277,3.268608,0.3723163902759552,0.45061397552490234,0.1275637447834015,nan,0.022380217909812927,0.0,0.0,0.0
438,0.4517031109999152,3.268608,0.35485604405403137,0.44909608364105225,0.11516131460666656,nan,0.021030036732554436,0.0,0.0,0.0
439,0.4519748590000745,3.268608,0.3780316114425659,0.43988659977912903,0.1330239623785019,nan,0.02308519184589386,0.0,0.0,0.0
440,0.4537816600000042,3.268608,0.39897194504737854,0.42510950565338135,0.1440734565258026,nan,0.025589104741811752,0.0,0.0,0.0
441,0.45492623799987086,3.268608,0.4637620747089386,0.4051694869995117,0.16237793862819672,nan,0.031109396368265152,0.0,0.0,0.0
442,0.4533973899999637,3.268608,0.502193808555603,0.40010979771614075,0.17220841348171234,nan,0.03433447703719139,0.0,0.0,0.0
443,0.45411648599997534,3.268608,0.4748806953430176,0.4069899916648865,0.1992335021495819,nan,0.029978208243846893,0.0,0.0,0.0
444,0.456204845000002,3.268608,0.413335919380188,0.41399580240249634,0.15609323978424072,nan,0.022777751088142395,0.0,0.0,0.0
445,0.46611065499996585,3.268608,0.37975260615348816,0.41317498683929443,0.17471648752689362,nan,0.01760232448577881,0.0,0.0,0.0
446,0.44874225399985335,3.268608,0.5594537258148193,0.3899657130241394,0.06838011741638184,nan,0.035437554121017456,0.0,1.0,0.0
447,0.45448764399998254,3.268608,0.4057787358760834,0.418337345123291,0.07670314610004425,nan,0.023307453840970993,0.0,0.0,0.0
448,0.4535082779998447,3.268608,0.2954363226890564,0.4479358196258545,0.06577616184949875,nan,0.013003076426684856,0.0,0.0,0.0
449,0.4545545129999482,3.268608,0.2749261260032654,0.46730467677116394,0.0731993243098259,nan,0.010867904871702194,0.0,0.0,0.0
450,0.4533492800001113,3.268608,0.3064938485622406,0.4839656949043274,0.15619409084320068,nan,0.013126449659466743,0.0,0.0,0.0
451,0.4540860489998977,3.268608,0.3361423909664154,0.49081769585609436,0.15486395359039307,nan,0.01570204459130764,0.0,0.0,0.0
452,0.45247206699991693,3.268608,0.37890639901161194,0.4839119017124176,0.18431925773620605,nan,0.018682245165109634,0.0,0.0,0.0
453,0.4586262320001424,3.268608,0.3982120752334595,0.464077889919281,0.17985999584197998,nan,0.02035824954509735,0.0,0.0,0.0
454,0.4531586349999088,3.268608,0.425149530172348,0.453590452671051,0.22791528701782227,nan,0.021562840789556503,0.0,0.0,0.0
455,0.4534147449999182,3.268608,0.401506632566452,0.45523884892463684,0.22660063207149506,nan,0.01889706775546074,0.0,0.0,0.0
456,0.45735959799981174,3.268608,0.4359400272369385,0.45309579372406006,0.1769544929265976,nan,0.02077312208712101,0.0,0.0,0.0
457,0.45768636900015736,3.268608,0.5164012908935547,0.4372837543487549,0.10883460193872452,nan,0.027302375063300133,0.0,0.0,0.0
458,0.4525199090001024,3.268608,0.5944184064865112,0.40467754006385803,0.09312579035758972,nan,0.03263647109270096,0.0,0.0,0.0
459,0.45224247999999534,3.268608,0.7008920907974243,0.376232385635376,0.11172307282686234,nan,0.04231398552656174,0.0,0.0,0.0
460,0.45795178799994574,3.268608,0.8266919851303101,0.345684289932251,0.08736587315797806,nan,0.05391524359583855,0.0,0.0,0.0
461,0.4559259539998948,3.268608,1.0625289678573608,0.3089747130870819,0.155151829123497,nan,0.0772995576262474,0.0,0.0,0.0
462,0.4612332739998237,3.268608,0.8750549554824829,0.327625036239624,0.3171180486679077,nan,0.05980274826288223,0.0,0.0,0.0
463,0.46014109699990513,3.268608,0.7144426703453064,0.34914514422416687,0.34636709094047546,nan,0.04357989877462387,0.0,0.0,0.0
464,0.45908475000010185,3.268608,0.6099650263786316,0.37764662504196167,0.29730555415153503,nan,0.03329237923026085,0.0,0.0,0.0
465,0.46057840399998895,3.268608,0.6058998107910156,0.4033859372138977,0.2278544157743454,nan,0.03140094131231308,0.0,0.0,0.0
466,0.4619413559998975,3.268608,0.6714296340942383,0.4112204909324646,0.17829804122447968,nan,0.03719822317361832,0.0,0.0,0.0
467,0.43737566799995875,3.268608,0.8681440949440002,0.37092533707618713,0.06788843870162964,nan,0.05986861512064934,0.0,2.0,0.0
468,0.46513071000003947,3.268608,0.6624353528022766,0.40287429094314575,0.09738636016845703,nan,0.042089492082595825,0.0,0.0,0.0
469,0.46328062899988254,3.268608,0.6424930095672607,0.4181590676307678,0.11910870671272278,nan,0.038513049483299255,0.0,0.0,0.0
470,0.465911363000032,3.268608,0.6056568026542664,0.4376189112663269,0.16944767534732819,nan,0.03388006240129471,0.0,0.0,0.0
471,0.4648092390000329,3.268608,0.569796085357666,0.45113223791122437,0.12061618268489838,nan,0.02886664867401123,0.0,0.0,0.0
472,0.46700132599994504,3.268608,0.6622743606567383,0.4339257776737213,0.1611505150794983,nan,0.036237336695194244,0.0,0.0,0.0
473,0.46480628100016474,3.268608,0.9213607311248779,0.39273950457572937,0.19452430307865143,nan,0.06373488903045654,0.0,2.0,0.0
474,0.46721575199990184,3.268608,0.7170068025588989,0.43839678168296814,0.19715391099452972,nan,0.0459989532828331,0.0,1.0,0.0
475,0.45839455700001963,3.268608,0.4916295111179352,0.49127233028411865,0.20995423197746277,nan,0.02879449352622032,0.0,0.0,0.0
476,0.4594286369999736,3.268608,0.40307021141052246,0.5128710269927979,0.18090371787548065,nan,0.01981506496667862,0.0,0.0,0.0
477,0.45737156900008813,3.268608,0.32726532220840454,0.5066617727279663,0.2350694239139557,nan,0.011651208624243736,0.0,0.0,0.0
478,0.4589061919998585,3.268608,0.29830536246299744,0.5046359300613403,0.1681840866804123,nan,0.008958663791418076,0.0,0.0,0.0
479,0.45773217299984026,3.268608,0.31143349409103394,0.5026430487632751,0.16287852823734283,nan,0.011132461950182915,0.0,0.0,0.0
480,0.456954468000049,3.268608,0.3570058345794678,0.4944148659706116,0.1448061615228653,nan,0.014501318335533142,0.0,0.0,0.0
481,0.45739905599998565,3.268608,0.4458982050418854,0.49518924951553345,0.2252473682165146,nan,0.02210608869791031,0.0,0.0,0.0
482,0.4510996789999808,3.268608,0.5468797087669373,0.4897608160972595,0.1875292956829071,nan,0.029116062447428703,0.0,0.0,0.0
483,0.4522841119999157,3.268608,0.6221964955329895,0.47689157724380493,0.09056934714317322,nan,0.03336489573121071,0.0,0.0,0.0
484,0.4563464010000189,3.268608,0.8443165421485901,0.4388929009437561,0.09747672826051712,nan,0.0516437292098999,0.0,0.0,0.0
485,0.458735827000055,3.268608,1.1933293342590332,0.3768290877342224,0.11510128527879715,nan,0.08334022015333176,0.0,0.0,0.0
486,0.4559132940000836,3.268608,1.2093955278396606,0.37780842185020447,0.09603213518857956,nan,0.08665250241756439,0.0,1.0,0.0
487,0.4565596679999544,3.268608,1.06808340549469,0.3960721790790558,0.09728092700242996,nan,0.07337098568677902,0.0,1.0,0.0
488,0.45752022000010584,3.268608,1.4029591083526611,0.3016514182090759,0.23631338775157928,nan,0.10398626327514648,0.0,0.0,0.0
489,0.460461382999938,3.268608,1.4773284196853638,0.2792164087295532,0.16371601819992065,nan,0.11006736755371094,0.0,0.0,0.0
490,0.4409362629999123,3.268608,1.2307724952697754,0.3006618022918701,0.07686108350753784,nan,0.08780473470687866,0.0,2.0,0.0
491,0.4323009390000152,3.268608,1.0250047445297241,0.3218133747577667,0.10359344631433487,nan,0.07634885609149933,0.0,2.0,0.0
492,0.4466889549998996,3.268608,0.8135614395141602,0.353341281414032,0.23737579584121704,nan,0.0590539276599884,0.0,0.0,0.0
493,0.45528801799991925,3.268608,0.6963498592376709,0.37915703654289246,0.30119654536247253,nan,0.0460178405046463,0.0,0.0,0.0
494,0.4590272880000157,3.268608,0.7803422808647156,0.3533324599266052,0.2924306392669678,nan,0.05144273862242699,0.0,0.0,0.0
495,0.446867857999905,3.268608,0.9349215030670166,0.3411816358566284,0.16023507714271545,nan,0.06310650706291199,0.0,1.0,0.0
496,0.4381085019999773,3.268608,0.769713282585144,0.38757964968681335,0.11665398627519608,nan,0.05288606509566307,0.0,1.0,0.0
497,0.45272824900007436,3.268608,0.5815358757972717,0.43446803092956543,0.13265733420848846,nan,0.03295375406742096,0.0,0.0,0.0
498,0.44276059100002385,3.268608,0.585532009601593,0.4274885058403015,0.134067565202713,nan,0.035666324198246,0.0,1.0,0.0
499,0.4550341970000318,3.268608,0.5394028425216675,0.46996474266052246,0.25845208764076233,nan,0.03127366304397583,0.0,0.0,0.0
500,0.457302054000138,3.268608,0.5725799798965454,0.5109899044036865,0.1574500948190689,nan,0.032716304063797,0.0,0.0,0.0
501,0.45679572199992435,3.268608,0.7176043391227722,0.5225969552993774,0.16325871646404266,nan,0.04078342020511627,0.0,1.0,0.0
502,0.4451123930000449,3.268608,0.7900569438934326,0.46851009130477905,0.17005157470703125,nan,0.054523300379514694,0.0,1.0,0.0
503,0.4594666230000257,3.268608,0.93122398853302,0.43423694372177124,0.23725903034210205,nan,0.06944236159324646,0.0,0.0,0.0
504,0.4567793450000863,3.268608,0.8616750240325928,0.4480137825012207,0.14809615910053253,nan,0.060747839510440826,0.0,2.0,0.0
505,0.4583824789999653,3.268608,0.526581346988678,0.4700208008289337,0.2987889349460602,nan,0.03427744656801224,0.0,0.0,0.0
506,0.4480613609998727,3.268608,0.4295597970485687,0.46202459931373596,0.14369623363018036,nan,0.0276784710586071,0.0,1.0,0.0
507,0.4442577340000753,3.268608,0.3202736973762512,0.4575890898704529,0.18621401488780975,nan,0.019662287086248398,0.0,0.0,0.0
508,0.45280270299986114,3.268608,0.2527216970920563,0.4625857174396515,0.11796574294567108,nan,0.012421111576259136,0.0,0.0,0.0
509,0.45056260899991685,3.268608,0.2501251995563507,0.44232112169265747,0.14889244735240936,nan,0.011506772600114346,0.0,0.0,0.0
510,0.45006540700001096,3.268608,0.30835387110710144,0.4119471609592438,0.23401306569576263,nan,0.01658589392900467,0.0,0.0,0.0
511,0.44550436100007573,3.268608,0.39555367827415466,0.3773602843284607,0.4924057722091675,nan,0.0245500560849905,0.0,0.0,0.0
512,0.4583208519998152,3.268608,0.3907073140144348,0.369099885225296,0.508040189743042,nan,0.024691803380846977,0.0,0.0,0.0
513,0.4488311550001072,3.268608,0.341122031211853,0.38002267479896545,0.3329165279865265,nan,0.019533148035407066,0.0,0.0,0.0
514,0.4482220579998284,3.268608,0.34483346343040466,0.3987768292427063,0.12692564725875854,nan,0.018061775714159012,0.0,0.0,0.0
515,0.44624282400013726,3.268608,0.39666035771369934,0.402859628200531,0.08999460935592651,nan,0.022078033536672592,0.0,0.0,0.0
516,0.4475128860001405,3.268608,0.4135967195034027,0.4161923825740814,0.07734271138906479,nan,0.023030251264572144,0.0,0.0,0.0
517,0.4475507429999652,3.268608,0.39972326159477234,0.4389469027519226,0.100959911942482,nan,0.020840561017394066,0.0,0.0,0.0
518,0.45327572900009727,3.268608,0.3768720328807831,0.4586210250854492,0.14620067179203033,nan,0.019146975129842758,0.0,0.0,0.0
519,0.4563761120000436,3.268608,0.4217909872531891,0.4534967839717865,0.15356577932834625,nan,0.024315670132637024,0.0,0.0,0.0
520,0.4485017849999622,3.268608,0.6161105632781982,0.42097336053848267,0.13031381368637085,nan,0.04184340685606003,0.0,0.0,0.0
521,0.4542704309999408,3.268608,0.559140682220459,0.43821004033088684,0.15452830493450165,nan,0.03589564561843872,0.0,0.0,0.0
522,0.4564471849998881,3.268608,0.5911409258842468,0.4578644037246704,0.1796441376209259,nan,0.036526378244161606,0.0,0.0,0.0
523,0.4583375419999811,3.268608,0.6551722288131714,0.4645831286907196,0.22131532430648804,nan,0.03988846763968468,0.0,0.0,0.0
524,0.4523443739999493,3.268608,0.8090100288391113,0.4320552349090576,0.20315144956111908,nan,0.053968966007232666,0.0,1.0,0.0
525,0.46128820600006293,3.268608,0.8772984147071838,0.4186214804649353,0.19829480350017548,nan,0.060407787561416626,0.0,0.0,0.0
526,0.4608276080000451,3.268608,1.2592685222625732,0.31223809719085693,0.2194174975156784,nan,0.09713520854711533,0.0,0.0,0.0
527,0.4585176360001242,3.268608,1.2688804864883423,0.29448163509368896,0.10251037776470184,nan,0.09763883054256439,0.0,0.0,0.0
528,0.45772058799980186,3.268608,1.1341593265533447,0.3068937659263611,0.1112794280052185,nan,0.08319827914237976,0.0,0.0,0.0
529,0.4436369840000225,3.268608,1.0600347518920898,0.3060108423233032,0.10247227549552917,nan,0.07790286839008331,0.0,1.0,0.0
530,0.4562422190001598,3.268608,0.9202683568000793,0.326302707195282,0.10212171077728271,nan,0.06321750581264496,0.0,1.0,0.0
531,0.453055286000108,3.268608,1.0700873136520386,0.31875890493392944,0.22760723531246185,nan,0.0786522626876831,0.0,0.0,0.0
532,0.4272876779998569,3.268608,0.9004718065261841,0.35001587867736816,0.04255056008696556,nan,0.06402784585952759,0.0,2.0,0.0
533,0.45494208100012656,3.268608,1.0630956888198853,0.3195093274116516,0.16236968338489532,nan,0.08042291551828384,0.0,0.0,0.0
534,0.45679230299992923,3.268608,0.9505504965782166,0.3459826707839966,0.1519910842180252,nan,0.06822551786899567,0.0,0.0,0.0
535,0.45081615899994176,3.268608,0.8126986026763916,0.3891947567462921,0.0976305902004242,nan,0.05566088482737541,0.0,1.0,0.0
536,0.46168800600003124,3.268608,0.898383617401123,0.3801414966583252,0.0824810117483139,nan,0.06108313798904419,0.0,1.0,0.0
537,0.4595439360000455,3.268608,1.024800181388855,0.34802529215812683,0.09623033553361893,nan,0.0755450427532196,0.0,0.0,0.0
538,0.4554712379999728,3.268608,0.9633342027664185,0.3343698978424072,0.057458486407995224,nan,0.07328104972839355,0.0,2.0,0.0
539,0.4585328750001736,3.268608,0.6162042617797852,0.3798602223396301,0.09295705705881119,nan,0.0429658405482769,0.0,0.0,0.0
540,0.45119850000014594,3.268608,0.5811671018600464,0.4053320586681366,0.06910460442304611,nan,0.03862856701016426,0.0,1.0,0.0
541,0.4576604230001067,3.268608,0.6459141969680786,0.40574878454208374,0.10867556929588318,nan,0.04532923549413681,0.0,0.0,0.0
542,0.4577083950000542,3.268608,0.6339539885520935,0.4186629056930542,0.0843002200126648,nan,0.044238895177841187,0.0,1.0,0.0
543,0.448268495000093,3.268608,0.47190627455711365,0.4365389347076416,0.06405460834503174,nan,0.030830420553684235,0.0,0.0,0.0
544,0.45567643799995494,3.268608,0.36375677585601807,0.46895354986190796,0.10630229115486145,nan,0.02018911764025688,0.0,0.0,0.0
545,0.45986060199993517,3.268608,0.4431588351726532,0.4639853835105896,0.15862157940864563,nan,0.027795251458883286,0.0,0.0,0.0
546,0.45618542800002615,3.268608,0.5312713384628296,0.44729048013687134,0.10698195546865463,nan,0.0347365140914917,0.0,0.0,0.0
547,0.4621293479999622,3.268608,0.710670530796051,0.39505964517593384,0.12926965951919556,nan,0.04989577829837799,0.0,0.0,0.0
548,0.44867240999997193,3.268608,0.9518968462944031,0.3116586208343506,0.0970824584364891,nan,0.07639065384864807,0.0,1.0,0.0
549,0.4596916529999362,3.268608,0.8112782835960388,0.3243463337421417,0.23857542872428894,nan,0.06335243582725525,0.0,0.0,0.0
550,0.45188630400002694,3.268608,0.6027273535728455,0.369650274515152,0.11376668512821198,nan,0.04234497994184494,0.0,2.0,0.0
551,0.4486708029999136,3.268608,0.36339786648750305,0.4056042432785034,0.14131633937358856,nan,0.023444764316082,0.0,0.0,0.0
552,0.4498217319999185,3.268608,0.29205629229545593,0.43105608224868774,0.15465541183948517,nan,0.01635614223778248,0.0,0.0,0.0
553,0.44876765000003616,3.268608,0.3001680374145508,0.44141751527786255,0.0912487581372261,nan,0.01639462634921074,0.0,0.0,0.0
554,0.4495038110001133,3.268608,0.33798477053642273,0.46545425057411194,0.06714201718568802,nan,0.01953839883208275,0.0,0.0,0.0
555,0.45081107199985126,3.268608,0.36676478385925293,0.4740057587623596,0.12928073108196259,nan,0.02285187505185604,0.0,0.0,0.0
556,0.450567749999891,3.268608,0.3511289954185486,0.4703146517276764,0.09801643341779709,nan,0.01997540518641472,0.0,0.0,0.0
557,0.4503864280000016,3.268608,0.34467414021492004,0.4829005002975464,0.14585839211940765,nan,0.01845232956111431,0.0,0.0,0.0
558,0.4507050289998915,3.268608,0.33281347155570984,0.47906365990638733,0.15380072593688965,nan,0.01752682775259018,0.0,0.0,0.0
559,0.44902222499990785,3.268608,0.3528059422969818,0.4661513566970825,0.06945943087339401,nan,0.019457902759313583,0.0,0.0,0.0
560,0.45032842299997355,3.268608,0.3560822606086731,0.4549632668495178,0.06824341416358948,nan,0.019594242796301842,0.0,0.0,0.0
561,0.4506939059999695,3.268608,0.34217965602874756,0.4514329731464386,0.06278621405363083,nan,0.018260380253195763,0.0,0.0,0.0
562,0.4528778090000287,3.268608,0.3353767693042755,0.45122450590133667,0.06412151455879211,nan,0.017721226438879967,0.0,0.0,0.0
563,0.45587650400011626,3.268608,0.3156052529811859,0.4682120084762573,0.08216050267219543,nan,0.013475267216563225,0.0,0.0,0.0
564,0.4608770770000774,3.268608,0.36568284034729004,0.466826468706131,0.0794183760881424,nan,0.012206613086163998,0.0,1.0,0.0
565,0.45585417600000255,3.268608,0.37144359946250916,0.4473893940448761,0.08078353106975555,nan,0.021548157557845116,0.0,0.0,0.0
566,0.45516888299994207,3.268608,0.30258744955062866,0.46458005905151367,0.0856756940484047,nan,0.014563645236194134,0.0,0.0,0.0
567,0.46189100100014,3.268608,0.31141459941864014,0.4679878056049347,0.09166542440652847,nan,0.014459764584898949,0.0,0.0,0.0
568,0.4580285509998703,3.268608,0.43564701080322266,0.43571141362190247,0.11231820285320282,nan,0.025830423459410667,0.0,0.0,0.0
569,0.4543704370000796,3.268608,0.5153161287307739,0.42123210430145264,0.05164191126823425,nan,0.030900567770004272,0.0,1.0,0.0
570,0.45567775599988636,3.268608,0.3361140787601471,0.445140540599823,0.07943040132522583,nan,0.015782976523041725,0.0,0.0,0.0
571,0.4582772809999369,3.268608,0.3970717191696167,0.44241440296173096,0.11613324284553528,nan,0.021337611600756645,0.0,0.0,0.0
572,0.457602204000068,3.268608,0.6972629427909851,0.4017214775085449,0.08782576769590378,nan,0.0491475909948349,0.0,0.0,0.0
573,0.45760773599999993,3.268608,0.6790328621864319,0.40909117460250854,0.10857947170734406,nan,0.04657667130231857,0.0,0.0,0.0
574,0.4352560679999442,3.268608,0.49512192606925964,0.4143162667751312,0.05638648569583893,nan,0.031055321916937828,0.0,1.0,0.0
575,0.45156896499997856,3.268608,0.34368911385536194,0.43681955337524414,0.06559763103723526,nan,0.017979715019464493,0.0,0.0,0.0
576,0.45008309200011354,3.268608,0.290046751499176,0.4739694595336914,0.08408593386411667,nan,0.01098411064594984,0.0,0.0,0.0
577,0.4502908560000378,3.268608,0.3288746774196625,0.48882198333740234,0.10976085066795349,nan,0.014340342953801155,0.0,1.0,0.0
578,0.4500296150001759,3.268608,0.24183683097362518,0.47679245471954346,0.08522070199251175,nan,0.011280926875770092,0.0,0.0,0.0
579,0.44946372000003976,3.268608,0.19767609238624573,0.4878939986228943,0.06379576772451401,nan,0.006459678988903761,0.0,0.0,0.0
580,0.4484252219999689,3.268608,0.19547976553440094,0.4930124878883362,0.04381965473294258,nan,0.00593763729557395,0.0,0.0,0.0
581,0.4509245599999758,3.268608,0.20712696015834808,0.4900137484073639,0.054702531546354294,nan,0.007517330348491669,0.0,0.0,0.0
582,0.45061119900015,3.268608,0.2058921754360199,0.4700107276439667,0.08195506781339645,nan,0.006707748398184776,0.0,0.0,0.0
583,0.4518933450001441,3.268608,0.2121436893939972,0.4622606337070465,0.11387946456670761,nan,0.005679041147232056,0.0,0.0,0.0
584,0.4511696970000685,3.268608,0.2194998413324356,0.46267592906951904,0.07900521904230118,nan,0.006425000261515379,0.0,0.0,0.0
585,0.4591667539998525,3.268608,0.24505946040153503,0.46371132135391235,0.04794066399335861,nan,0.007896569557487965,0.0,0.0,0.0
586,0.44830642600004467,3.268608,0.27694171667099,0.461609423160553,0.06570079922676086,nan,0.009869685396552086,0.0,0.0,0.0
587,0.450716138999951,3.268608,0.317007452249527,0.459231972694397,0.05440722033381462,nan,0.013267211616039276,0.0,0.0,0.0
588,0.44997907600009057,3.268608,0.32405948638916016,0.45839279890060425,0.06670036911964417,nan,0.014555204659700394,0.0,0.0,0.0
589,0.45058602800008885,3.268608,0.35312172770500183,0.45027947425842285,0.07784774899482727,nan,0.01521131582558155,0.0,0.0,0.0
590,0.45052848800014544,3.268608,0.40506458282470703,0.41841936111450195,0.05545352026820183,nan,0.01953301392495632,0.0,0.0,0.0
591,0.48342080499992335,3.268608,0.4476931393146515,0.4051106870174408,0.05369964614510536,nan,0.024073109030723572,0.0,0.0,0.0
592,0.45075587199994516,3.268608,0.47631072998046875,0.40192437171936035,0.053424179553985596,nan,0.02536831423640251,0.0,0.0,0.0
593,0.45120122399998763,3.268608,0.5402024388313293,0.38587379455566406,0.10737726837396622,nan,0.030181467533111572,0.0,0.0,0.0
594,0.4493013349999728,3.268608,0.5792357325553894,0.3723081648349762,0.13177019357681274,nan,0.03304151073098183,0.0,0.0,0.0
595,0.4494905920000747,3.268608,0.5618248581886292,0.37851396203041077,0.14804059267044067,nan,0.029824238270521164,0.0,0.0,0.0
596,0.45077894900009596,3.268608,0.5706647038459778,0.38429486751556396,0.09106654673814774,nan,0.028486426919698715,0.0,0.0,0.0
597,0.4517157679999855,3.268608,0.5430647730827332,0.4069862365722656,0.09829409420490265,nan,0.025458645075559616,0.0,0.0,0.0
598,0.455874748000042,3.268608,0.573919951915741,0.42408621311187744,0.10105456411838531,nan,0.02663184329867363,0.0,0.0,0.0
599,0.4593606759999602,3.268608,0.6518153548240662,0.41937538981437683,0.12689709663391113,nan,0.033491648733615875,0.0,0.0,0.0
600,0.46164203900002576,3.268608,0.7494032979011536,0.42130202054977417,0.11737538129091263,nan,0.04210355877876282,0.0,0.0,0.0
601,0.46298933200000647,3.268608,0.7892524003982544,0.408519446849823,0.10434970259666443,nan,0.0450613871216774,0.0,0.0,0.0
602,0.45534398399991005,3.268608,0.6993489265441895,0.4160645306110382,0.15274176001548767,nan,0.036251965910196304,0.0,1.0,0.0
603,0.44243871300000137,3.268608,0.8255537152290344,0.37651923298835754,0.09373354911804199,nan,0.05317607522010803,0.0,1.0,0.0
604,0.4549863249999362,3.268608,0.6592557430267334,0.3968743681907654,0.12706826627254486,nan,0.03702668845653534,0.0,0.0,0.0
605,0.45954834899998787,3.268608,0.6557332277297974,0.4089236259460449,0.11523406207561493,nan,0.03372858092188835,0.0,0.0,0.0
606,0.45964039600016804,3.268608,0.68425452709198,0.41302239894866943,0.15732890367507935,nan,0.03494744747877121,0.0,0.0,0.0
607,0.4581020500002069,3.268608,0.721099317073822,0.4086749851703644,0.11496808379888535,nan,0.0370091050863266,0.0,0.0,0.0
608,0.4571573770001578,3.268608,0.7089636325836182,0.39990901947021484,0.08732522279024124,nan,0.03600716218352318,0.0,0.0,0.0
609,0.46162748299980194,3.268608,0.7170184850692749,0.40422356128692627,0.10617613792419434,nan,0.03526165336370468,0.0,0.0,0.0
610,0.45076921899999434,3.268608,0.6180096864700317,0.40278005599975586,0.089932881295681,nan,0.03087599202990532,0.0,1.0,0.0
611,0.4525707880000027,3.268608,0.5084123611450195,0.41845300793647766,0.11347467452287674,nan,0.02003229409456253,0.0,0.0,0.0
612,0.4509253579999495,3.268608,0.5006457567214966,0.44514650106430054,0.10833447426557541,nan,0.018385663628578186,0.0,0.0,0.0
613,0.45216456800017113,3.268608,0.5613583326339722,0.44485706090927124,0.09378241747617722,nan,0.023710407316684723,0.0,0.0,0.0
614,0.45320301299989296,3.268608,0.6263542771339417,0.40823984146118164,0.09596402943134308,nan,0.030382834374904633,0.0,0.0,0.0
615,0.4498362950000683,3.268608,0.6377376914024353,0.38959407806396484,0.10213885456323624,nan,0.030332088470458984,0.0,0.0,0.0
616,0.4521588499999325,3.268608,0.6006425619125366,0.39006662368774414,0.08751537650823593,nan,0.02471490204334259,0.0,0.0,0.0
617,0.4514768730000469,3.268608,0.584010124206543,0.3994182348251343,0.18875785171985626,nan,0.02131466567516327,0.0,0.0,0.0
618,0.4587680370000271,3.268608,0.6574238538742065,0.40325409173965454,0.17244485020637512,nan,0.024383431300520897,0.0,0.0,0.0
619,0.4632437080001637,3.268608,0.78452467918396,0.40977174043655396,0.09735091775655746,nan,0.03324552997946739,0.0,0.0,0.0
620,0.4630515150001884,3.268608,0.9878051280975342,0.392665296792984,0.11426138132810593,nan,0.04901248961687088,0.0,0.0,0.0
621,0.4568357850000666,3.268608,1.4322724342346191,0.29852476716041565,0.15955805778503418,nan,0.08962322771549225,0.0,0.0,0.0
622,0.4516073449999567,3.268608,1.7116641998291016,0.25174134969711304,0.2204887717962265,nan,0.11618976294994354,0.0,1.0,0.0
623,0.4564957929999309,3.268608,1.1476801633834839,0.3046388030052185,0.153281569480896,nan,0.06647060811519623,0.0,1.0,0.0
624,0.44432477800000925,3.268608,0.8685011267662048,0.3536694049835205,0.11395521461963654,nan,0.040673479437828064,0.0,1.0,0.0
625,0.4618869270000232,3.268608,0.8897774815559387,0.3623813986778259,0.07827062159776688,nan,0.04272140562534332,0.0,0.0,0.0
626,0.4624445490001108,3.268608,1.1112838983535767,0.3371970057487488,0.1088155135512352,nan,0.06330274045467377,0.0,0.0,0.0
627,0.4507595569998557,3.268608,1.1487106084823608,0.3333870768547058,0.07542864978313446,nan,0.07149840891361237,0.0,1.0,0.0
628,0.45318609000014476,3.268608,0.9185934066772461,0.3771023154258728,0.09068609029054642,nan,0.05371536314487457,0.0,1.0,0.0
629,0.46092580599997746,3.268608,0.7648797631263733,0.40715521574020386,0.10784626007080078,nan,0.038408972322940826,0.0,0.0,0.0
630,0.4634183910000047,3.268608,0.8351715803146362,0.40317535400390625,0.09062458574771881,nan,0.043033476918935776,0.0,0.0,0.0
631,0.46609939899985875,3.268608,1.1493748426437378,0.39556530117988586,0.11320235580205917,nan,0.07075075805187225,0.0,0.0,0.0
632,0.4653384630000801,3.268608,1.2709029912948608,0.3977944254875183,0.10293981432914734,nan,0.07910957932472229,0.0,0.0,0.0
633,0.4666957419999562,3.268608,1.4417214393615723,0.35549867153167725,0.06907133758068085,nan,0.09169451892375946,0.0,1.0,0.0
634,0.4625060979999489,3.268608,1.4685027599334717,0.3154308795928955,0.08058571070432663,nan,0.09824317693710327,0.0,0.0,0.0
635,0.4507082889999765,3.268608,1.2475640773773193,0.3517293334007263,0.06888993829488754,nan,0.07742001861333847,0.0,1.0,0.0
636,0.462041261999957,3.268608,1.1405901908874512,0.39386749267578125,0.13072066009044647,nan,0.06564521789550781,0.0,0.0,0.0
637,0.46660865800004103,3.268608,1.4722412824630737,0.33169588446617126,0.0785234123468399,nan,0.09567558020353317,0.0,2.0,0.0
638,0.4647033470000679,3.268608,1.2479710578918457,0.30635130405426025,0.08925557136535645,nan,0.08311094343662262,0.0,0.0,0.0
639,0.46071997299986833,3.268608,0.9759929180145264,0.34707337617874146,0.11496664583683014,nan,0.05769563838839531,0.0,1.0,0.0
640,0.4515237710002111,3.268608,0.7381607890129089,0.39882221817970276,0.07204987853765488,nan,0.038940295577049255,0.0,0.0,0.0
641,0.4559978229999615,3.268608,0.6290082335472107,0.42486637830734253,0.08081597834825516,nan,0.02920857071876526,0.0,0.0,0.0
642,0.44621053300011226,3.268608,0.7035802602767944,0.408930242061615,0.0864865630865097,nan,0.04183882474899292,0.0,1.0,0.0
643,0.450395078000156,3.268608,0.5886682271957397,0.4321117401123047,0.0961792841553688,nan,0.03266365826129913,0.0,0.0,0.0
644,0.4581335699999727,3.268608,0.5158360004425049,0.4527527987957001,0.08974994719028473,nan,0.025885537266731262,0.0,0.0,0.0
645,0.45926647800001774,3.268608,0.5001358985900879,0.4734521210193634,0.10271146148443222,nan,0.024288315325975418,0.0,0.0,0.0
646,0.4608766189999187,3.268608,0.6391206383705139,0.44555962085723877,0.12552784383296967,nan,0.03752879053354263,0.0,0.0,0.0
647,0.4588097430000744,3.268608,0.7769913673400879,0.419746458530426,0.1476183831691742,nan,0.050253726541996,0.0,0.0,0.0
648,0.4598525220001193,3.268608,0.8306498527526855,0.411843478679657,0.12351685762405396,nan,0.0555436834692955,0.0,0.0,0.0
649,0.44113848200004213,3.268608,1.1758532524108887,0.367159366607666,0.06924948841333389,nan,0.0924084410071373,0.0,1.0,0.0
650,0.45760734800001046,3.268608,0.999779999256134,0.3887908160686493,0.07436580955982208,nan,0.07826115936040878,0.0,0.0,0.0
651,0.4399961379999695,3.268608,0.6176263689994812,0.3921506404876709,0.04414704814553261,nan,0.04782041907310486,0.0,1.0,0.0
652,0.45077758800016454,3.268608,0.485958069562912,0.40292292833328247,0.23632141947746277,nan,0.03462866693735123,0.0,0.0,0.0
653,0.44943568600001527,3.268608,0.4292098581790924,0.41041576862335205,0.13997621834278107,nan,0.02867436781525612,0.0,0.0,0.0
654,0.4514174119999552,3.268608,0.4161640405654907,0.41335833072662354,0.08057092130184174,nan,0.027193820104002953,0.0,0.0,0.0
655,0.45116985000004206,3.268608,0.45643261075019836,0.42031073570251465,0.12816299498081207,nan,0.030757931992411613,0.0,0.0,0.0
656,0.45379269200020644,3.268608,0.4741317927837372,0.4247768819332123,0.07682289928197861,nan,0.03189751133322716,0.0,0.0,0.0
657,0.45131392999996933,3.268608,0.48843783140182495,0.4321815073490143,0.10371403396129608,nan,0.03401461988687515,0.0,0.0,0.0
658,0.45421085199996014,3.268608,0.47329843044281006,0.4443429410457611,0.1711512953042984,nan,0.03130357712507248,0.0,0.0,0.0
659,0.45701364800015654,3.268608,0.4901311695575714,0.44113296270370483,0.15534090995788574,nan,0.03221213445067406,0.0,0.0,0.0
660,0.47155774599991673,3.268608,0.5741503238677979,0.42580193281173706,0.15187972784042358,nan,0.040053319185972214,0.0,0.0,0.0
661,0.46702788399989004,3.268608,0.6736022233963013,0.41223952174186707,0.1532517522573471,nan,0.04923183470964432,0.0,0.0,0.0
662,0.4683974769998258,3.268608,0.7063321471214294,0.40184924006462097,0.10171184688806534,nan,0.05252625048160553,0.0,0.0,0.0
663,0.46792665600014516,3.268608,0.7329837083816528,0.4027111828327179,0.11601029336452484,nan,0.05549055337905884,0.0,0.0,0.0
664,0.4720117009999285,3.268608,0.5242636799812317,0.4053718149662018,0.12653818726539612,nan,0.038535118103027344,0.0,1.0,0.0
665,0.47226915800001734,3.268608,0.45446544885635376,0.39915215969085693,0.3124507963657379,nan,0.030900433659553528,0.0,0.0,0.0
666,0.4943453800001407,3.268608,0.46676602959632874,0.4023684859275818,0.32425200939178467,nan,0.031942643225193024,0.0,0.0,0.0
667,0.46657152600005247,3.268608,0.4648010730743408,0.42009085416793823,0.2190234363079071,nan,0.03246033191680908,0.0,0.0,0.0
668,0.4885483660000318,3.268608,0.43440020084381104,0.43132030963897705,0.17865651845932007,nan,0.02919449657201767,0.0,0.0,0.0
669,0.5002067149998766,3.268608,0.42937254905700684,0.4448551535606384,0.08176660537719727,nan,0.02709197998046875,0.0,0.0,0.0
670,0.5063045379999949,3.268608,0.4555067718029022,0.45309722423553467,0.11719287931919098,nan,0.029724951833486557,0.0,1.0,0.0
671,0.5042088339998827,3.268608,0.3020431101322174,0.48466381430625916,0.11583501100540161,nan,0.015726972371339798,0.0,0.0,0.0
672,0.4631589550001536,3.268608,0.34472358226776123,0.49745282530784607,0.13924428820610046,nan,0.018635155633091927,0.0,0.0,0.0
673,0.4783075909999752,3.268608,0.4250463545322418,0.49652454257011414,0.24599863588809967,nan,0.02548883482813835,0.0,0.0,0.0
674,0.48544854900001155,3.268608,0.4526689350605011,0.5025533437728882,0.314595103263855,nan,0.028558075428009033,0.0,0.0,0.0
675,0.4914063419998911,3.268608,0.5521127581596375,0.46874338388442993,0.30412718653678894,nan,0.03796415030956268,0.0,0.0,0.0
676,0.5408378920001269,3.268608,0.5741755366325378,0.4641435742378235,0.2004520744085312,nan,0.04005642607808113,0.0,0.0,0.0
677,0.5705374169999686,3.268608,0.40879207849502563,0.4787658452987671,0.07634377479553223,nan,0.024463413283228874,0.0,0.0,0.0
678,0.5497961490000307,3.268608,0.2960832417011261,0.4779236316680908,0.11787374317646027,nan,0.013688882812857628,0.0,0.0,0.0
679,0.5187586680001459,3.268608,0.3544102907180786,0.4521356225013733,0.24108077585697174,nan,0.018673542886972427,0.0,0.0,0.0
680,0.4797538010000153,3.268608,0.39662301540374756,0.4039342701435089,0.18689008057117462,nan,0.024633660912513733,0.0,1.0,0.0
681,0.4870173940000768,3.268608,0.327624648809433,0.391181081533432,0.18286827206611633,nan,0.01878471113741398,0.0,0.0,0.0
682,0.4911744980001913,3.268608,0.3782541751861572,0.376043438911438,0.12917426228523254,nan,0.022421058267354965,0.0,0.0,0.0
683,0.47670051699992655,3.268608,0.4289085865020752,0.366729199886322,0.075739786028862,nan,0.026502322405576706,0.0,0.0,0.0
684,0.47372145600002113,3.268608,0.3992287218570709,0.38501209020614624,0.08785251528024673,nan,0.021944746375083923,0.0,0.0,0.0
685,0.6122261250000065,3.268608,0.3976149559020996,0.40671566128730774,0.08791977167129517,nan,0.0207805335521698,0.0,0.0,0.0
686,0.6787064689999625,3.268608,0.36512839794158936,0.4267358183860779,0.12162193655967712,nan,0.018599005416035652,0.0,0.0,0.0
687,0.47939349000012044,3.268608,0.3604157567024231,0.43191081285476685,0.07755440473556519,nan,0.01940174214541912,0.0,0.0,0.0
688,0.5266543159998491,3.268608,0.34641367197036743,0.4295482933521271,0.16175517439842224,nan,0.01828017085790634,0.0,0.0,0.0
689,0.5172330329999113,3.268608,0.3049505352973938,0.4383391737937927,0.19743140041828156,nan,0.014441264793276787,0.0,0.0,0.0
690,0.5246097869999176,3.268608,0.2800213694572449,0.47094494104385376,0.21118050813674927,nan,0.012427102774381638,0.0,0.0,0.0
691,0.5483485350000592,3.268608,0.2753679156303406,0.48429468274116516,0.34108296036720276,nan,0.009610507637262344,0.0,0.0,0.0
692,0.5225624669999434,3.268608,0.2650507986545563,0.4884290099143982,0.22671040892601013,nan,0.008120065554976463,0.0,0.0,0.0
693,0.539340626000012,3.268608,0.24223408102989197,0.4947250485420227,0.14340275526046753,nan,0.007120651192963123,0.0,0.0,0.0
694,0.526793434999945,3.268608,0.2354019582271576,0.4877811074256897,0.10030592232942581,nan,0.00714714452624321,0.0,0.0,0.0
695,0.5150562240000909,3.268608,0.2649022340774536,0.4761841297149658,0.1413547545671463,nan,0.009726207703351974,0.0,0.0,0.0
696,0.5476373899998634,3.268608,0.2612588405609131,0.460593581199646,0.1740168035030365,nan,0.009354636073112488,0.0,0.0,0.0
697,0.5444622439999875,3.268608,0.2732384204864502,0.44825392961502075,0.17699694633483887,nan,0.008820663206279278,0.0,0.0,0.0
698,0.5299924009998449,3.268608,0.3635334074497223,0.43125224113464355,0.17854447662830353,nan,0.015171798877418041,0.0,0.0,0.0
699,0.5146859880001102,3.268608,0.45346784591674805,0.40624523162841797,0.0683165043592453,nan,0.02178853750228882,0.0,0.0,0.0
700,0.5038083629999619,3.268608,0.47229623794555664,0.3885061740875244,0.09776145219802856,nan,0.02340584248304367,0.0,0.0,0.0
701,0.5215052690000448,3.268608,0.39943456649780273,0.4160306751728058,0.1487841010093689,nan,0.01627621427178383,0.0,0.0,0.0
702,0.5354167979999147,3.268608,0.3446325957775116,0.4550858736038208,0.2247140258550644,nan,0.01096506416797638,0.0,0.0,0.0
703,0.5108094070001243,3.268608,0.36147332191467285,0.46513381600379944,0.12415099889039993,nan,0.014069681987166405,0.0,0.0,0.0
704,0.493768037999871,3.268608,0.38704708218574524,0.4647824764251709,0.11137959361076355,nan,0.016536159440875053,0.0,0.0,0.0
705,0.5056288519999725,3.268608,0.4279176592826843,0.4319755434989929,0.09991125762462616,nan,0.01933412067592144,0.0,0.0,0.0
706,0.6685795289999987,3.268608,0.4920777678489685,0.39422452449798584,0.11011438816785812,nan,0.025570303201675415,0.0,0.0,0.0
707,0.5905571839998629,3.268608,0.5430647134780884,0.3768957257270813,0.08940943330526352,nan,0.029232602566480637,0.0,0.0,0.0
708,0.4813431430000037,3.268608,0.5675767660140991,0.3791666626930237,0.0845504030585289,nan,0.029647907242178917,0.0,0.0,0.0
709,0.5002387420001924,3.268608,0.5926395058631897,0.3769933581352234,0.09141349792480469,nan,0.031076079234480858,0.0,0.0,0.0
710,0.5271614260000206,3.268608,0.6739897131919861,0.37433645129203796,0.1588096171617508,nan,0.03640606254339218,0.0,0.0,0.0
711,0.5005620570000247,3.268608,0.7816013097763062,0.3629071116447449,0.09271673858165741,nan,0.04401230067014694,0.0,0.0,0.0
712,0.48444077800013474,3.268608,0.9021474719047546,0.3437754511833191,0.06564716249704361,nan,0.05356348678469658,0.0,0.0,0.0
713,0.4915735990000485,3.268608,1.1489814519882202,0.28877153992652893,0.0894644632935524,nan,0.07644221186637878,0.0,0.0,0.0
714,0.49933430700002646,3.268608,1.1394740343093872,0.3024598956108093,0.11410249769687653,nan,0.08093118667602539,0.0,1.0,0.0
715,0.4782506590001958,3.268608,0.8842688202857971,0.36398646235466003,0.16327136754989624,nan,0.0572444312274456,0.0,0.0,0.0
716,0.5109692940000059,3.268608,0.7999158501625061,0.4184042513370514,0.12671105563640594,nan,0.04900501295924187,0.0,0.0,0.0
717,0.48248299400006545,3.268608,0.7963034510612488,0.45822322368621826,0.17556782066822052,nan,0.0477508082985878,0.0,0.0,0.0
718,0.4896285429999807,3.268608,0.8019054532051086,0.48189985752105713,0.2846730053424835,nan,0.046754252165555954,0.0,0.0,0.0
719,0.4996894680000423,3.268608,1.1142712831497192,0.4031175971031189,0.2949659526348114,nan,0.07746651768684387,0.0,0.0,0.0
720,0.44657169700008126,3.268608,0.8175448775291443,0.4123058319091797,0.12190429121255875,nan,0.0527627095580101,0.0,2.0,0.0
721,0.4753812569999809,3.268608,0.5331624746322632,0.4408620595932007,0.13519690930843353,nan,0.025619283318519592,0.0,0.0,0.0
722,0.4842916719999266,3.268608,0.5002734661102295,0.4545186161994934,0.06364093720912933,nan,0.021159863099455833,0.0,0.0,0.0
723,0.48275770599980206,3.268608,0.5693448781967163,0.45068830251693726,0.08662296086549759,nan,0.024905182421207428,0.0,0.0,0.0
724,0.485579271000006,3.268608,0.7067135572433472,0.4370870888233185,0.1937696784734726,nan,0.036137983202934265,0.0,0.0,0.0
725,0.48660830299991176,3.268608,0.8482827544212341,0.3889884054660797,0.19547423720359802,nan,0.04805824160575867,0.0,0.0,0.0
726,0.48794925600009265,3.268608,0.9338636994361877,0.3777942657470703,0.1766187697649002,nan,0.055392809212207794,0.0,0.0,0.0
727,0.46888500499994734,3.268608,0.862932026386261,0.3784219026565552,0.15199442207813263,nan,0.050681762397289276,0.0,1.0,0.0
728,0.48421582999981183,3.268608,0.8897906541824341,0.3518770933151245,0.29971030354499817,nan,0.054501138627529144,0.0,0.0,0.0
729,0.47443082399991,3.268608,0.8550328016281128,0.3515332043170929,0.2001938670873642,nan,0.05422135442495346,0.0,1.0,0.0
730,0.4805938829999832,3.268608,0.8236840963363647,0.3421446681022644,0.23134106397628784,nan,0.053160976618528366,0.0,0.0,0.0
731,0.4830950660000326,3.268608,0.663475513458252,0.36949652433395386,0.22543492913246155,nan,0.03846966102719307,0.0,0.0,0.0
732,0.4669992240001193,3.268608,0.6009849905967712,0.3701099157333374,0.2030007541179657,nan,0.03611886501312256,0.0,1.0,0.0
733,0.4733753540001544,3.268608,0.47728392481803894,0.39769744873046875,0.21788667142391205,nan,0.023832915350794792,0.0,0.0,0.0
734,0.4797588710000582,3.268608,0.41363874077796936,0.468842089176178,0.259115993976593,nan,0.01777593046426773,0.0,0.0,0.0
735,0.4829471239997929,3.268608,0.4680117964744568,0.5230696797370911,0.21456696093082428,nan,0.022539597004652023,0.0,0.0,0.0
736,0.4824965909999719,3.268608,0.596978485584259,0.5255692601203918,0.3444523811340332,nan,0.03253045305609703,0.0,0.0,0.0
737,0.514577356000018,3.268608,0.6405371427536011,0.4946776032447815,0.24261410534381866,nan,0.03749174252152443,0.0,1.0,0.0
738,0.4970865230000072,3.268608,0.4463260769844055,0.5169364809989929,0.30424827337265015,nan,0.01896485686302185,0.0,0.0,0.0
739,0.49595274200009953,3.268608,0.525520920753479,0.49366918206214905,0.11405313014984131,nan,0.027007265016436577,0.0,0.0,0.0
740,0.4813537890001953,3.268608,0.5695642232894897,0.4765627384185791,0.15809378027915955,nan,0.030245449393987656,0.0,0.0,0.0
741,0.49124462600002516,3.268608,0.5319271087646484,0.462167888879776,0.12599192559719086,nan,0.026395117864012718,0.0,0.0,0.0
742,0.49529940599995825,3.268608,0.5547689199447632,0.4497959613800049,0.17168255150318146,nan,0.02506965771317482,0.0,0.0,0.0
743,0.4857736860001296,3.268608,0.8629502058029175,0.39391183853149414,0.13412480056285858,nan,0.05422511324286461,0.0,0.0,0.0
744,0.464089968000053,3.268608,0.9174752831459045,0.35765066742897034,0.16459986567497253,nan,0.06356926262378693,0.0,1.0,0.0
745,0.4842235799999344,3.268608,0.7566342949867249,0.3540121614933014,0.19375166296958923,nan,0.050592243671417236,0.0,0.0,0.0
746,0.48808761400005096,3.268608,0.7362452745437622,0.3457636535167694,0.27271777391433716,nan,0.04861701652407646,0.0,0.0,0.0
747,0.47592907599982937,3.268608,0.6726376414299011,0.350704550743103,0.2641347646713257,nan,0.04640939086675644,0.0,1.0,0.0
748,0.47460936799984665,3.268608,0.5943042039871216,0.3629094064235687,0.21924374997615814,nan,0.04085667058825493,0.0,0.0,0.0
749,0.4751556870000968,3.268608,0.5470102429389954,0.3817259669303894,0.2985267639160156,nan,0.03481407091021538,0.0,0.0,0.0
750,0.4808295160000853,3.268608,0.5901338458061218,0.383415549993515,0.3098410964012146,nan,0.03845544159412384,0.0,0.0,0.0
751,0.47702873200000795,3.268608,0.5761885046958923,0.4003381133079529,0.16117681562900543,nan,0.03544041886925697,0.0,0.0,0.0
752,0.4762321719999818,3.268608,0.544902503490448,0.42641180753707886,0.16030125319957733,nan,0.03156661614775658,0.0,0.0,0.0
753,0.475962311000103,3.268608,0.5507800579071045,0.4456470012664795,0.19351857900619507,nan,0.031320735812187195,0.0,0.0,0.0
754,0.47656168499997875,3.268608,0.48664727807044983,0.45882418751716614,0.18322598934173584,nan,0.025106430053710938,0.0,0.0,0.0
755,0.47368695000000116,3.268608,0.41445082426071167,0.4833725392818451,0.2063193917274475,nan,0.01625746861100197,0.0,0.0,0.0
756,0.47359143300013784,3.268608,0.4097374975681305,0.4940565228462219,0.23014025390148163,nan,0.014740637503564358,0.0,0.0,0.0
757,0.4767539240001497,3.268608,0.4511060118675232,0.49261289834976196,0.26492956280708313,nan,0.018512766808271408,0.0,0.0,0.0
758,0.47540836899997885,3.268608,0.5099479556083679,0.4835244119167328,0.21422570943832397,nan,0.02304798923432827,0.0,0.0,0.0
759,0.47868550200018944,3.268608,0.5455144643783569,0.4842919111251831,0.11828573793172836,nan,0.025344407185912132,0.0,0.0,0.0
760,0.4780191530001048,3.268608,0.7502941489219666,0.4508481025695801,0.17855769395828247,nan,0.04478904604911804,0.0,0.0,0.0
761,0.47946237700011807,3.268608,0.7379264235496521,0.46065568923950195,0.10578685998916626,nan,0.043282248079776764,0.0,0.0,0.0
762,0.4730332419999286,3.268608,0.6372826099395752,0.4769451916217804,0.1327533721923828,nan,0.035862915217876434,0.0,1.0,0.0
763,0.48662601899991387,3.268608,0.7337968349456787,0.4175109267234802,0.10716817528009415,nan,0.04883212968707085,0.0,1.0,0.0
764,0.4877932009999313,3.268608,0.6602315902709961,0.3827357888221741,0.1110425740480423,nan,0.045452576130628586,0.0,1.0,0.0
765,0.5065079080000032,3.268608,0.5769755840301514,0.3976022005081177,0.23024976253509521,nan,0.03889288753271103,0.0,0.0,0.0
766,0.4947180090000529,3.268608,0.5199213624000549,0.43486109375953674,0.3017352521419525,nan,0.03226103633642197,0.0,0.0,0.0
767,0.4843385990000115,3.268608,0.5180115103721619,0.4679654836654663,0.21844948828220367,nan,0.030312534421682358,0.0,0.0,0.0
768,0.49076983899999505,3.268608,0.6106992363929749,0.4549540877342224,0.21041442453861237,nan,0.03631695732474327,0.0,0.0,0.0
769,0.5037373979998847,3.268608,0.8204733729362488,0.42004477977752686,0.17096027731895447,nan,0.05443177372217178,0.0,0.0,0.0
770,0.49742272200001025,3.268608,1.2285128831863403,0.3261006474494934,0.09771104902029037,nan,0.09594585746526718,0.0,1.0,0.0
771,0.5089705899999899,3.268608,1.1144939661026,0.32751646637916565,0.10634420812129974,nan,0.08888846635818481,0.0,0.0,0.0
772,0.5010047109999505,3.268608,0.8612222075462341,0.360319048166275,0.10203447192907333,nan,0.06094580888748169,0.0,2.0,0.0
773,0.5026756089998798,3.268608,0.8453677296638489,0.33987098932266235,0.09954103082418442,nan,0.06641923636198044,0.0,0.0,0.0
774,0.4967444169999453,3.268608,0.6128218770027161,0.40040433406829834,0.0927530899643898,nan,0.04448448866605759,0.0,0.0,0.0
775,0.509677892000127,3.268608,0.4825361669063568,0.43687939643859863,0.1065712571144104,nan,0.03234759718179703,0.0,1.0,0.0
776,0.49432533699996384,3.268608,0.31548941135406494,0.48299121856689453,0.1742963343858719,nan,0.01750333420932293,0.0,0.0,0.0
777,0.47455636199993023,3.268608,0.3956848680973053,0.48483046889305115,0.19959788024425507,nan,0.026058461517095566,0.0,1.0,0.0
778,0.4921832870002163,3.268608,0.35220712423324585,0.5035433769226074,0.23990418016910553,nan,0.021387998014688492,0.0,0.0,0.0
779,0.4757136839998566,3.268608,0.3559066653251648,0.5138642191886902,0.30714887380599976,nan,0.022530486807227135,0.0,0.0,0.0
780,0.47605012000008173,3.268608,0.35034996271133423,0.4933290481567383,0.2149297595024109,nan,0.023087039589881897,0.0,0.0,0.0
781,0.5635174340000049,3.268608,0.26535937190055847,0.4743189215660095,0.055929381400346756,nan,0.01403316855430603,0.0,0.0,0.0
782,0.7200133869998808,3.268608,0.22253647446632385,0.4629148840904236,0.09856315702199936,nan,0.008934574201703072,0.0,0.0,0.0
783,0.5152172860000519,3.268608,0.19375181198120117,0.44932717084884644,0.1234959065914154,nan,0.006807125173509121,0.0,0.0,0.0
784,0.4822251089999554,3.268608,0.2272440642118454,0.4371824562549591,0.17351408302783966,nan,0.009560806676745415,0.0,0.0,0.0
785,0.4914472039999964,3.268608,0.277078241109848,0.42126819491386414,0.22851161658763885,nan,0.01336613204330206,0.0,0.0,0.0
786,0.49476193000009516,3.268608,0.32686346769332886,0.401547372341156,0.16170017421245575,nan,0.01823696680366993,0.0,0.0,0.0
787,0.49275218399998266,3.268608,0.3713465631008148,0.39848992228507996,0.12833331525325775,nan,0.02279629558324814,0.0,0.0,0.0
788,0.48722785100017063,3.268608,0.37082791328430176,0.4110274314880371,0.13053378462791443,nan,0.02194972150027752,0.0,0.0,0.0
789,0.499561187999916,3.268608,0.3474920690059662,0.4230547249317169,0.10420797765254974,nan,0.020026862621307373,0.0,0.0,0.0
790,0.47667094000007637,3.268608,0.35807812213897705,0.4215325713157654,0.09412680566310883,nan,0.020901983603835106,0.0,0.0,0.0
791,0.47028841800010923,3.268608,0.33216825127601624,0.4345884621143341,0.11247135698795319,nan,0.01742524467408657,0.0,0.0,0.0
792,0.4930414870000277,3.268608,0.35430407524108887,0.44274815917015076,0.08166515827178955,nan,0.01940450817346573,0.0,0.0,0.0
793,0.4691197839999859,3.268608,0.34092774987220764,0.42848116159439087,0.09010029584169388,nan,0.01856217533349991,0.0,0.0,0.0
794,0.47030052499985686,3.268608,0.304617702960968,0.4261621832847595,0.0562557689845562,nan,0.01417236402630806,0.0,0.0,0.0
795,0.4701127230000566,3.268608,0.2733953893184662,0.45033472776412964,0.08360996097326279,nan,0.009918991476297379,0.0,0.0,0.0
796,0.46648042299989356,3.268608,0.27995598316192627,0.46312442421913147,0.1468002051115036,nan,0.011177977547049522,0.0,0.0,0.0
797,0.46903395999993336,3.268608,0.3202633559703827,0.4584444761276245,0.13714993000030518,nan,0.01431549247354269,0.0,0.0,0.0
798,0.46705548199997793,3.268608,0.336789071559906,0.4445217251777649,0.08090922981500626,nan,0.014322318136692047,0.0,0.0,0.0
799,0.48766301399996337,3.268608,0.3839898109436035,0.4353281259536743,0.09936641156673431,nan,0.0192219577729702,0.0,0.0,0.0
800,0.5041028430000551,3.268608,0.38771575689315796,0.435976505279541,0.10608217120170593,nan,0.020444132387638092,0.0,0.0,0.0
801,0.4751526059999378,3.268608,0.3468662202358246,0.44668394327163696,0.07040246576070786,nan,0.016029760241508484,0.0,0.0,0.0
802,0.4740948619999017,3.268608,0.35439416766166687,0.44253337383270264,0.1217639148235321,nan,0.017041489481925964,0.0,0.0,0.0
803,0.4915351610000016,3.268608,0.45154625177383423,0.42727214097976685,0.06459653377532959,nan,0.026373570784926414,0.0,0.0,0.0
804,0.49924942200004807,3.268608,0.4963971972465515,0.4287005364894867,0.07683182507753372,nan,0.030058976262807846,0.0,0.0,0.0
805,0.4981338830000368,3.268608,0.4974983036518097,0.42291611433029175,0.07834026962518692,nan,0.030582115054130554,0.0,0.0,0.0
806,0.4770702970001821,3.268608,0.5141648054122925,0.4232754707336426,0.10722748935222626,nan,0.03311264514923096,0.0,0.0,0.0
807,0.513154262999933,3.268608,0.45047521591186523,0.4148239195346832,0.14399327337741852,nan,0.026021357625722885,0.0,0.0,0.0
808,0.5212163759999839,3.268608,0.4270758330821991,0.42266812920570374,0.11296133697032928,nan,0.023454448208212852,0.0,0.0,0.0
809,0.4818313410000883,3.268608,0.43279096484184265,0.4452552795410156,0.09745679050683975,nan,0.024686865508556366,0.0,0.0,0.0
810,0.4760385879999376,3.268608,0.4200791120529175,0.4490238130092621,0.07085126638412476,nan,0.023393746465444565,0.0,0.0,0.0
811,0.4888149250000424,3.268608,0.3578854203224182,0.44877368211746216,0.10652008652687073,nan,0.016074243932962418,0.0,0.0,0.0
812,0.4800039670001297,3.268608,0.31730011105537415,0.4581948220729828,0.07634953409433365,nan,0.012364218942821026,0.0,0.0,0.0
813,0.4742051159998937,3.268608,0.34483054280281067,0.4867921769618988,0.15507227182388306,nan,0.015116258524358273,0.0,0.0,0.0
814,0.4812879470000553,3.268608,0.3880745768547058,0.49758970737457275,0.15839657187461853,nan,0.019671311601996422,0.0,0.0,0.0
815,0.48121551700000964,3.268608,0.37552276253700256,0.5003077387809753,0.0864880383014679,nan,0.017734631896018982,0.0,0.0,0.0
816,0.48335818700002164,3.268608,0.4414161443710327,0.45747148990631104,0.09302060306072235,nan,0.02313985489308834,0.0,0.0,0.0
817,0.4854954850000013,3.268608,0.4990178346633911,0.4427618384361267,0.1296602189540863,nan,0.027707790955901146,0.0,0.0,0.0
818,0.5043660119999913,3.268608,0.4898167550563812,0.4483841061592102,0.13893218338489532,nan,0.02621740661561489,0.0,0.0,0.0
819,0.4706950150000466,3.268608,0.5342657566070557,0.417723685503006,0.07090901583433151,nan,0.035726398229599,0.0,1.0,0.0
820,0.4725526180000088,3.268608,0.4743821918964386,0.4101158082485199,0.10509715229272842,nan,0.02992216870188713,0.0,0.0,0.0
821,0.4728193349999401,3.268608,0.45890799164772034,0.4153825044631958,0.15549035370349884,nan,0.02805989980697632,0.0,0.0,0.0
822,0.4830009909999262,3.268608,0.48877155780792236,0.4259773790836334,0.10248825699090958,nan,0.03133152425289154,0.0,0.0,0.0
823,0.4747520749999694,3.268608,0.5365967750549316,0.4207272529602051,0.15552784502506256,nan,0.03540351614356041,0.0,0.0,0.0
824,0.618542601999934,3.268608,0.5347100496292114,0.4123152792453766,0.11323875933885574,nan,0.03388942778110504,0.0,0.0,0.0
825,0.6307737829999951,3.268608,0.4937687814235687,0.43002763390541077,0.09349576383829117,nan,0.03018958680331707,0.0,0.0,0.0
826,0.4843137170000773,3.268608,0.4468171000480652,0.44207844138145447,0.06030772998929024,nan,0.025723984465003014,0.0,0.0,0.0
827,0.5024326939999355,3.268608,0.371128648519516,0.45231297612190247,0.052989471703767776,nan,0.01891336962580681,0.0,0.0,0.0
828,0.4892885639999349,3.268608,0.29907530546188354,0.4729614853858948,0.07822734862565994,nan,0.011891532689332962,0.0,0.0,0.0
829,0.4791245730000355,3.268608,0.2612884044647217,0.4725601077079773,0.060512725263834,nan,0.008429205976426601,0.0,0.0,0.0
830,0.48038797300000624,3.268608,0.2685464918613434,0.4717848300933838,0.05053435266017914,nan,0.00819728709757328,0.0,0.0,0.0
831,0.47825763299988466,3.268608,0.2667531371116638,0.48394179344177246,0.08444617688655853,nan,0.008020083419978619,0.0,0.0,0.0
832,0.4797775059998912,3.268608,0.24146103858947754,0.5053133964538574,0.11328811198472977,nan,0.006500893272459507,0.0,0.0,0.0
833,0.4918077929999072,3.268608,0.24041926860809326,0.49950385093688965,0.12679548561573029,nan,0.006041727960109711,0.0,0.0,0.0
834,0.48416483800019705,3.268608,0.2150118052959442,0.4955263137817383,0.08157237619161606,nan,0.0032358686439692974,0.0,0.0,0.0
835,0.4803581490000397,3.268608,0.21304327249526978,0.4979988932609558,0.07864437997341156,nan,0.0038596573285758495,0.0,0.0,0.0
836,0.4806074279999848,3.268608,0.22705194354057312,0.4860556125640869,0.04257768392562866,nan,0.00482497364282608,0.0,0.0,0.0
837,0.4811509419998856,3.268608,0.23904496431350708,0.46526095271110535,0.12858985364437103,nan,0.004790391772985458,0.0,0.0,0.0
838,0.4816007829999762,3.268608,0.26360559463500977,0.45300543308258057,0.10350309312343597,nan,0.006896234583109617,0.0,0.0,0.0
839,0.4818981620001068,3.268608,0.29727596044540405,0.4487166702747345,0.10415773093700409,nan,0.009896943345665932,0.0,0.0,0.0
840,0.6348887469998772,3.268608,0.30977246165275574,0.44645237922668457,0.07358472794294357,nan,0.010405069217085838,0.0,0.0,0.0
841,0.6117182109999248,3.268608,0.29429924488067627,0.4569897949695587,0.04644918069243431,nan,0.009065236896276474,0.0,0.0,0.0
842,0.4701393670000016,3.268608,0.2953134775161743,0.45270970463752747,0.05273059383034706,nan,0.009170684032142162,0.0,0.0,0.0
843,0.47369550500002333,3.268608,0.33841371536254883,0.43741559982299805,0.10190195590257645,nan,0.012542004697024822,0.0,0.0,0.0
844,0.47327712999981486,3.268608,0.3754913806915283,0.4313867390155792,0.05684293061494827,nan,0.01652873121201992,0.0,0.0,0.0
845,0.4750666709999223,3.268608,0.38152340054512024,0.43656980991363525,0.07081446051597595,nan,0.017064400017261505,0.0,0.0,0.0
846,0.4738332960000662,3.268608,0.4269161522388458,0.4216623306274414,0.05204901099205017,nan,0.02106199786067009,0.0,0.0,0.0
847,0.47363079600017954,3.268608,0.46262669563293457,0.41463494300842285,0.050221871584653854,nan,0.023764565587043762,0.0,0.0,0.0
848,0.4740740849999838,3.268608,0.43195974826812744,0.4147452116012573,0.09226053208112717,nan,0.021236862987279892,0.0,0.0,0.0
849,0.47285367199992834,3.268608,0.446349173784256,0.4194732904434204,0.06802128255367279,nan,0.02213534340262413,0.0,0.0,0.0
850,0.47177931300007003,3.268608,0.5363707542419434,0.4171507656574249,0.05871007591485977,nan,0.02967897057533264,0.0,0.0,0.0
851,0.4686511279999195,3.268608,0.5969834923744202,0.40850961208343506,0.10285758227109909,nan,0.0351380929350853,0.0,0.0,0.0
852,0.4723626949999016,3.268608,0.6460211277008057,0.38943618535995483,0.09034068137407303,nan,0.039487458765506744,0.0,0.0,0.0
853,0.47100437199992484,3.268608,0.6706840395927429,0.3851478695869446,0.07689202576875687,nan,0.04133608192205429,0.0,0.0,0.0
854,0.4708723969999937,3.268608,0.5651099681854248,0.4191579520702362,0.09023644775152206,nan,0.03097599372267723,0.0,0.0,0.0
855,0.4703060629999527,3.268608,0.5349662899971008,0.43755418062210083,0.051578033715486526,nan,0.02900085225701332,0.0,0.0,0.0
856,0.4688189490000241,3.268608,0.48388031125068665,0.44629645347595215,0.10185974091291428,nan,0.023545045405626297,0.0,0.0,0.0
857,0.47650242499980777,3.268608,0.4488909840583801,0.4546028971672058,0.08905822038650513,nan,0.020288413390517235,0.0,0.0,0.0
858,0.4787228610000511,3.268608,0.49369382858276367,0.44490307569503784,0.09078285843133926,nan,0.024520685896277428,0.0,0.0,0.0
859,0.4786147649999748,3.268608,0.5011580586433411,0.41738688945770264,0.08823462575674057,nan,0.024779705330729485,0.0,0.0,0.0
860,0.45248919000005117,3.268608,0.423495352268219,0.4269142150878906,0.0639418512582779,nan,0.017291609197854996,0.0,1.0,0.0
861,0.469129071999987,3.268608,0.3469979763031006,0.44467729330062866,0.04931381717324257,nan,0.010600650683045387,0.0,0.0,0.0
862,0.47264028199992936,3.268608,0.3264662027359009,0.4572179317474365,0.07189851254224777,nan,0.007197127677500248,0.0,0.0,0.0
863,0.4774489870001162,3.268608,0.30486083030700684,0.483551025390625,0.07389113306999207,nan,0.003787107765674591,0.0,0.0,0.0
864,0.4719529630001489,3.268608,0.3294265866279602,0.5060762166976929,0.12484211474657059,nan,0.006356719881296158,0.0,0.0,0.0
865,0.4748523480000131,3.268608,0.3896372318267822,0.503791093826294,0.10585521161556244,nan,0.012424694374203682,0.0,0.0,0.0
866,0.48152506199994605,3.268608,0.4511796832084656,0.47746747732162476,0.12426286190748215,nan,0.016569970175623894,0.0,0.0,0.0
867,0.47960433200000807,3.268608,0.7115939855575562,0.42226898670196533,0.13755014538764954,nan,0.04128555580973625,0.0,0.0,0.0
868,0.4736574629998813,3.268608,0.6400123238563538,0.43794187903404236,0.0814695879817009,nan,0.03823543339967728,0.0,1.0,0.0
869,0.4677920910000921,3.268608,0.3491046726703644,0.46758168935775757,0.16024719178676605,nan,0.015087294392287731,0.0,0.0,0.0
870,0.4719285690000561,3.268608,0.2740871012210846,0.4748389720916748,0.16641362011432648,nan,0.008107742294669151,0.0,0.0,0.0
871,0.4686991890000627,3.268608,0.24046939611434937,0.47299712896347046,0.09044601023197174,nan,0.005078715272247791,0.0,0.0,0.0
872,0.4684434959999635,3.268608,0.23204636573791504,0.47860008478164673,0.12838785350322723,nan,0.0036681515630334616,0.0,0.0,0.0
873,0.4712032889999591,3.268608,0.22151705622673035,0.483040452003479,0.06684698164463043,nan,0.0029299468733370304,0.0,0.0,0.0
874,0.4696366520001902,3.268608,0.21322683990001678,0.5001869201660156,0.05383889004588127,nan,0.003685794537886977,0.0,0.0,0.0
875,0.4685304729998734,3.268608,0.21173310279846191,0.511398196220398,0.06247619166970253,nan,0.00298774940893054,0.0,0.0,0.0
876,0.47147635200008153,3.268608,0.21529850363731384,0.5025104284286499,0.07544270902872086,nan,0.003004309721291065,0.0,0.0,0.0
877,0.4684842579999895,3.268608,0.22075209021568298,0.4986153244972229,0.07291752099990845,nan,0.003483385546132922,0.0,0.0,0.0
878,0.47207902299987836,3.268608,0.2129599004983902,0.48232781887054443,0.07099823653697968,nan,0.0032035913318395615,0.0,0.0,0.0
879,0.47046153399992363,3.268608,0.2154022455215454,0.4753182530403137,0.10245049744844437,nan,0.0033049273770302534,0.0,0.0,0.0
880,0.47155195400000594,3.268608,0.20966076850891113,0.4931182861328125,0.09719204902648926,nan,0.003458484774455428,0.0,0.0,0.0
881,0.4703153149998798,3.268608,0.20120878517627716,0.4975629150867462,0.09811166673898697,nan,0.0033234423026442528,0.0,0.0,0.0
882,0.4702840520001246,3.268608,0.20628106594085693,0.4883408546447754,0.13220439851284027,nan,0.003150044707581401,0.0,0.0,0.0
883,0.47161978799999815,3.268608,0.21064239740371704,0.483401358127594,0.11514084041118622,nan,0.003317778930068016,0.0,0.0,0.0
884,0.4720286680001209,3.268608,0.20429480075836182,0.48090213537216187,0.09284482151269913,nan,0.002910285023972392,0.0,0.0,0.0
885,0.47211651899988283,3.268608,0.2093340903520584,0.46981754899024963,0.08057799935340881,nan,0.0034794050734490156,0.0,0.0,0.0
886,0.4715941260001273,3.268608,0.2157023847103119,0.4763309955596924,0.07385957986116409,nan,0.0034898119047284126,0.0,0.0,0.0
887,0.470345750999968,3.268608,0.19645419716835022,0.49659207463264465,0.12488868087530136,nan,0.002731907647103071,0.0,0.0,0.0
888,0.469477205999965,3.268608,0.19946131110191345,0.5113504528999329,0.08849401026964188,nan,0.002652399940416217,0.0,0.0,0.0
889,0.4690919979998398,3.268608,0.20689673721790314,0.506496787071228,0.048157699406147,nan,0.0024397671222686768,0.0,0.0,0.0
890,0.46872156199992787,3.268608,0.210198312997818,0.5016849040985107,0.06534149497747421,nan,0.0026092042680829763,0.0,0.0,0.0
891,0.472436056999868,3.268608,0.20582781732082367,0.48677951097488403,0.0653626024723053,nan,0.002815813757479191,0.0,0.0,0.0
892,0.47021340300011616,3.268608,0.22652992606163025,0.475045382976532,0.07642246037721634,nan,0.004177210386842489,0.0,0.0,0.0
893,0.47184120399992935,3.268608,0.2272305190563202,0.4732343256473541,0.0809689462184906,nan,0.004398259334266186,0.0,0.0,0.0
894,0.46864094900001874,3.268608,0.21463543176651,0.4671597480773926,0.09009969979524612,nan,0.0035134449135512114,0.0,0.0,0.0
895,0.46953508100000363,3.268608,0.24062828719615936,0.4593279957771301,0.1301441341638565,nan,0.004636629484593868,0.0,0.0,0.0
896,0.4688903409999057,3.268608,0.2528117895126343,0.46339118480682373,0.05109862610697746,nan,0.005651641171425581,0.0,0.0,0.0
897,0.46848616800002674,3.268608,0.2616767883300781,0.4518318772315979,0.048774488270282745,nan,0.0070518567226827145,0.0,0.0,0.0
898,0.4711050519999844,3.268608,0.3056493401527405,0.43355733156204224,0.038773518055677414,nan,0.011121422052383423,0.0,0.0,0.0
899,0.47144369700004063,3.268608,0.31969738006591797,0.4378262758255005,0.061431221663951874,nan,0.01117057166993618,0.0,0.0,0.0
900,0.47415164799986087,3.268608,0.3078165650367737,0.43973228335380554,0.06084337830543518,nan,0.011297154240310192,0.0,0.0,0.0
901,0.4723370030001206,3.268608,0.2944362461566925,0.4533582925796509,0.0651317909359932,nan,0.00931200198829174,0.0,0.0,0.0
902,0.4706525110000257,3.268608,0.3109518885612488,0.4765777587890625,0.1328456550836563,nan,0.009881271980702877,0.0,0.0,0.0
903,0.46991714499995396,3.268608,0.3150589168071747,0.4760282337665558,0.10320672392845154,nan,0.010742179118096828,0.0,0.0,0.0
904,0.47031403599999067,3.268608,0.3230177164077759,0.44252994656562805,0.09634357690811157,nan,0.012289101257920265,0.0,0.0,0.0
905,0.47057504500003233,3.268608,0.3308018445968628,0.4341079294681549,0.09886034578084946,nan,0.012031590566039085,0.0,0.0,0.0
906,0.47094211800003905,3.268608,0.3722315728664398,0.4470156729221344,0.10440526157617569,nan,0.01605655997991562,0.0,0.0,0.0
907,0.46981283199988866,3.268608,0.4528962969779968,0.43921178579330444,0.0742444097995758,nan,0.02496754378080368,0.0,0.0,0.0
908,0.47149223300016274,3.268608,0.4399977922439575,0.42723578214645386,0.075304314494133,nan,0.02262703701853752,0.0,0.0,0.0
909,0.4709918609999022,3.268608,0.3631783723831177,0.43181711435317993,0.13061809539794922,nan,0.01584847830235958,0.0,0.0,0.0
910,0.47105799500013745,3.268608,0.3256341218948364,0.43528351187705994,0.15627239644527435,nan,0.012843186967074871,0.0,0.0,0.0
911,0.47260144999995646,3.268608,0.3284807801246643,0.4216783046722412,0.10082920640707016,nan,0.01317971758544445,0.0,0.0,0.0
912,0.47196041699999114,3.268608,0.3004276752471924,0.4289994537830353,0.09482813626527786,nan,0.010640299879014492,0.0,0.0,0.0
913,0.4710438500001146,3.268608,0.2836914360523224,0.44376739859580994,0.041890788823366165,nan,0.010908673517405987,0.0,0.0,0.0
914,0.4695459160000155,3.268608,0.2582586407661438,0.4746902883052826,0.18128007650375366,nan,0.007119916379451752,0.0,0.0,0.0
915,0.4707184779999807,3.268608,0.20243391394615173,0.5017980337142944,0.19905689358711243,nan,0.0015360236866399646,0.0,0.0,0.0
916,0.4715085850000378,3.268608,0.21681654453277588,0.5000837445259094,0.0771588459610939,nan,0.0025234920904040337,0.0,0.0,0.0
917,0.4714806739998494,3.268608,0.21989858150482178,0.490553081035614,0.07571390271186829,nan,0.0033717984333634377,0.0,0.0,0.0
918,0.6598024999998415,3.268608,0.23260346055030823,0.4747008681297302,0.07393240928649902,nan,0.004418955184519291,0.0,0.0,0.0
919,0.5826876819999143,3.268608,0.217204287648201,0.4757411479949951,0.07828376442193985,nan,0.003682803362607956,0.0,0.0,0.0
920,0.4734173800000008,3.268608,0.21362018585205078,0.47214868664741516,0.07606076449155807,nan,0.004309582524001598,0.0,0.0,0.0
921,0.47083922999991046,3.268608,0.2269313633441925,0.47317519783973694,0.06269605457782745,nan,0.0048376875929534435,0.0,0.0,0.0
922,0.47014560599996,3.268608,0.23743221163749695,0.47070059180259705,0.08780521899461746,nan,0.0055319154635071754,0.0,0.0,0.0
923,0.47145826899986787,3.268608,0.22039875388145447,0.4677775204181671,0.09240546077489853,nan,0.004676826298236847,0.0,0.0,0.0
924,0.47165123600007064,3.268608,0.20481280982494354,0.47378501296043396,0.06554342806339264,nan,0.003943846561014652,0.0,0.0,0.0
925,0.4737751859997843,3.268608,0.21296225488185883,0.4769916832447052,0.10938689112663269,nan,0.0048578521236777306,0.0,0.0,0.0
926,0.4745969040000091,3.268608,0.17580237984657288,0.49569135904312134,0.08800635486841202,nan,0.0027457675896584988,0.0,0.0,0.0
927,0.4735053340000377,3.268608,0.16988886892795563,0.5049060583114624,0.06975112855434418,nan,0.0022452054545283318,0.0,0.0,0.0
928,0.4742746769998121,3.268608,0.19869661331176758,0.499494343996048,0.09937820583581924,nan,0.004286047071218491,0.0,0.0,0.0
929,0.4727934150000692,3.268608,0.20017674565315247,0.4979281723499298,0.12235421687364578,nan,0.004273781552910805,0.0,0.0,0.0
930,0.472056916000156,3.268608,0.1715788096189499,0.49987056851387024,0.1770462542772293,nan,0.0021856576204299927,0.0,0.0,0.0
931,0.4725599539999621,3.268608,0.18382450938224792,0.4960691034793854,0.12552021443843842,nan,0.002830349374562502,0.0,0.0,0.0
932,0.472097592999944,3.268608,0.19574815034866333,0.49529242515563965,0.08534323424100876,nan,0.004083495121449232,0.0,0.0,0.0
933,0.4762179560000277,3.268608,0.18602354824543,0.4818298816680908,0.06738561391830444,nan,0.004244821146130562,0.0,0.0,0.0
934,0.4723289610001302,3.268608,0.20151375234127045,0.47176989912986755,0.12291209399700165,nan,0.004895671270787716,0.0,0.0,0.0
935,0.4700902499998847,3.268608,0.22646820545196533,0.4606146216392517,0.13727092742919922,nan,0.006832885555922985,0.0,0.0,0.0
936,0.46859709000000294,3.268608,0.23804889619350433,0.4425108730792999,0.17280669510364532,nan,0.007848188281059265,0.0,0.0,0.0
937,0.4709029890000238,3.268608,0.2585335969924927,0.42685645818710327,0.15270568430423737,nan,0.009612489491701126,0.0,0.0,0.0
938,0.46961689999989176,3.268608,0.265524685382843,0.43868449330329895,0.10872030258178711,nan,0.00913403369486332,0.0,0.0,0.0
939,0.46984163299998727,3.268608,0.256390243768692,0.4530356824398041,0.06460534781217575,nan,0.009718760848045349,0.0,0.0,0.0
940,0.5378714870000749,3.268608,0.2346849888563156,0.46862637996673584,0.07069087773561478,nan,0.00746573694050312,0.0,0.0,0.0
941,0.6770495439998285,3.268608,0.20642730593681335,0.4868168830871582,0.09256716817617416,nan,0.004000743851065636,0.0,0.0,0.0
942,0.5092715640000733,3.268608,0.21370574831962585,0.49633604288101196,0.086581751704216,nan,0.00474192388355732,0.0,0.0,0.0
943,0.473654310000029,3.268608,0.2121085822582245,0.4713706970214844,0.06410698592662811,nan,0.0051143718883395195,0.0,0.0,0.0
944,0.4728680819998772,3.268608,0.2429427206516266,0.4579085111618042,0.10835135728120804,nan,0.007089357823133469,0.0,0.0,0.0
945,0.4715201839999281,3.268608,0.2495419681072235,0.4520334005355835,0.08096645772457123,nan,0.007124267518520355,0.0,0.0,0.0
946,0.4707984789999955,3.268608,0.2700759172439575,0.42685651779174805,0.11183439195156097,nan,0.009790847077965736,0.0,0.0,0.0
947,0.47176708300003156,3.268608,0.32578766345977783,0.42322421073913574,0.17301183938980103,nan,0.012798359617590904,0.0,0.0,0.0
948,0.4787121169999864,3.268608,0.44247865676879883,0.40856361389160156,0.06904376298189163,nan,0.022608421742916107,0.0,0.0,0.0
949,0.4707134169998426,3.268608,0.6341224312782288,0.3698945641517639,0.08322513103485107,nan,0.04003304988145828,0.0,0.0,0.0
950,0.4718586869998944,3.268608,0.7670706510543823,0.3353976309299469,0.15016716718673706,nan,0.05165596306324005,0.0,0.0,0.0
951,0.47739053899999817,3.268608,0.7496331334114075,0.3313451409339905,0.1633480042219162,nan,0.047466009855270386,0.0,0.0,0.0
952,0.4705126580001888,3.268608,0.8455667495727539,0.30693382024765015,0.11533258855342865,nan,0.05965907499194145,0.0,0.0,0.0
953,0.47235120800019104,3.268608,0.8171302080154419,0.3214132785797119,0.08694286644458771,nan,0.05779595300555229,0.0,0.0,0.0
954,0.47163944199996877,3.268608,0.6931809186935425,0.3700961470603943,0.14362768828868866,nan,0.047014616429805756,0.0,0.0,0.0
955,0.46814473799986445,3.268608,0.7079455852508545,0.3977557420730591,0.09613753110170364,nan,0.05004306137561798,0.0,0.0,0.0
956,0.47219437199987624,3.268608,0.7316201329231262,0.40373384952545166,0.07607010006904602,nan,0.05354353040456772,0.0,0.0,0.0
957,0.46850012699997023,3.268608,0.6041210293769836,0.4029204845428467,0.11319596320390701,nan,0.039814963936805725,0.0,0.0,0.0
958,0.4733225389998097,3.268608,0.497737318277359,0.4194251298904419,0.1107349544763565,nan,0.02860480174422264,0.0,0.0,0.0
959,0.46757847000003494,3.268608,0.3835080862045288,0.43681177496910095,0.13591323792934418,nan,0.017735987901687622,0.0,0.0,0.0
960,0.4664530459999696,3.268608,0.33160141110420227,0.4477255344390869,0.08227192610502243,nan,0.01109161227941513,0.0,0.0,0.0
961,0.4660538550001547,3.268608,0.30871057510375977,0.4673556089401245,0.12115783989429474,nan,0.007672381587326527,0.0,0.0,0.0
962,0.47085673200012934,3.268608,0.30668216943740845,0.48371607065200806,0.07648170739412308,nan,0.007098723202943802,0.0,0.0,0.0
963,0.47237563899989254,3.268608,0.3864213228225708,0.47077906131744385,0.06559545546770096,nan,0.01355031132698059,0.0,0.0,0.0
964,0.4776728330000424,3.268608,0.650286853313446,0.4407442808151245,0.12238501757383347,nan,0.03830603510141373,0.0,0.0,0.0
965,0.5888499210000191,3.268608,1.0336285829544067,0.385721892118454,0.10354890674352646,nan,0.0760439932346344,0.0,0.0,0.0
966,0.6809724049999204,3.268608,0.9710680246353149,0.4088704586029053,0.10907626897096634,nan,0.06897343695163727,0.0,0.0,0.0
967,0.4782906279999679,3.268608,0.8844460248947144,0.4357556104660034,0.09816363453865051,nan,0.05956967920064926,0.0,0.0,0.0
968,0.47708261600018886,3.268608,0.8224618434906006,0.4567659795284271,0.1423264741897583,nan,0.05276662856340408,0.0,0.0,0.0
969,0.45715595299998313,3.268608,0.6305979490280151,0.4476671814918518,0.09092829376459122,nan,0.039718084037303925,0.0,2.0,0.0
970,0.4695544539999901,3.268608,0.32660138607025146,0.4454384446144104,0.072939433157444,nan,0.01419470738619566,0.0,0.0,0.0
971,0.47055950000003577,3.268608,0.2586805522441864,0.44710665941238403,0.11100246757268906,nan,0.007915514521300793,0.0,0.0,0.0
972,0.4703671730001133,3.268608,0.2588162422180176,0.45556074380874634,0.08087140321731567,nan,0.010122599080204964,0.0,0.0,0.0
973,0.4695351259999825,3.268608,0.2559264302253723,0.47049659490585327,0.06715591251850128,nan,0.010412044823169708,0.0,0.0,0.0
974,0.4677911479998329,3.268608,0.23160052299499512,0.49206283688545227,0.061398692429065704,nan,0.007636412978172302,0.0,0.0,0.0
975,0.4686692089999269,3.268608,0.22511863708496094,0.5046848058700562,0.07795068621635437,nan,0.0066764624789357185,0.0,0.0,0.0
976,0.4677828489998319,3.268608,0.2369714379310608,0.482991099357605,0.04412052035331726,nan,0.007033051457256079,0.0,0.0,0.0
977,0.4658324370000173,3.268608,0.27983108162879944,0.46738409996032715,0.07284391671419144,nan,0.010672053322196007,0.0,0.0,0.0
978,0.4697704820000581,3.268608,0.31012997031211853,0.47075504064559937,0.07441370189189911,nan,0.013769487850368023,0.0,0.0,0.0
979,0.46968356600018524,3.268608,0.3189745247364044,0.4850265383720398,0.05884937569499016,nan,0.014212633483111858,0.0,0.0,0.0
980,0.4712272500000836,3.268608,0.29536399245262146,0.5082986950874329,0.1641090363264084,nan,0.011206410825252533,0.0,0.0,0.0
981,0.47673091800015754,3.268608,0.30546316504478455,0.5082531571388245,0.06959797441959381,nan,0.01154478918761015,0.0,0.0,0.0
982,0.4738607140000113,3.268608,0.7521127462387085,0.41593945026397705,0.09246896952390671,nan,0.05392518639564514,0.0,0.0,0.0
983,0.4787273190001997,3.268608,0.4993118345737457,0.4270656704902649,0.05281474068760872,nan,0.02975691482424736,0.0,0.0,0.0
984,0.46874730199988335,3.268608,0.42620107531547546,0.42340201139450073,0.0659981444478035,nan,0.02431229129433632,0.0,1.0,0.0
985,0.471944694000058,3.268608,0.31542208790779114,0.44004833698272705,0.04325342923402786,nan,0.013901851139962673,0.0,1.0,0.0
986,0.4701028220001717,3.268608,0.23957155644893646,0.451191246509552,0.09680721908807755,nan,0.009796209633350372,0.0,0.0,0.0
987,0.4724121260001084,3.268608,0.1881161332130432,0.46913450956344604,0.07551565021276474,nan,0.0044332826510071754,0.0,0.0,0.0
988,0.4713800019999326,3.268608,0.18136601150035858,0.4870989918708801,0.05659571290016174,nan,0.003129278076812625,0.0,0.0,0.0
989,0.46908215099983863,3.268608,0.19237184524536133,0.4873279929161072,0.07107895612716675,nan,0.003401637775823474,0.0,0.0,0.0
990,0.47186274099999537,3.268608,0.18953733146190643,0.48370158672332764,0.08088748157024384,nan,0.0030129626393318176,0.0,0.0,0.0
991,0.4703014130000156,3.268608,0.17534619569778442,0.49175992608070374,0.1083952933549881,nan,0.0022665271535515785,0.0,0.0,0.0
992,0.46997412799987615,3.268608,0.1766819953918457,0.49320685863494873,0.05542191490530968,nan,0.00213663000613451,0.0,0.0,0.0
993,0.4677638840000782,3.268608,0.1747581958770752,0.4890916347503662,0.04844670370221138,nan,0.0018453676020726562,0.0,0.0,0.0
994,0.5733503450001081,3.268608,0.20152443647384644,0.4800080955028534,0.04921955242753029,nan,0.003942238166928291,0.0,0.0,0.0
995,0.6750039630001083,3.268608,0.24458877742290497,0.4556576609611511,0.07753157615661621,nan,0.006987364497035742,0.0,0.0,0.0
996,0.47881968399997277,3.268608,0.3088173270225525,0.4248946011066437,0.07912809401750565,nan,0.012417063117027283,0.0,0.0,0.0
997,0.47102493700003834,3.268608,0.3144141137599945,0.4213252365589142,0.07413330674171448,nan,0.012621305882930756,0.0,0.0,0.0
998,0.4705518849998498,3.268608,0.25624924898147583,0.44382405281066895,0.0522829107940197,nan,0.007775006350129843,0.0,0.0,0.0
999,0.46947297800011256,3.268608,0.2303941249847412,0.47805577516555786,0.03595015034079552,nan,0.005573145113885403,0.0,0.0,0.0
