iter,t_iter_s,peak_mem_mb,loss,vx,grad_norm,terrain_level,loss_v,loss_clear,loss_gproj,loss_omega,loss_ctrl,loss_yaw,mean_abs_yaw_cmd,n_falls,n_timeouts,n_move_up,n_move_down,n_fall_height,n_fall_tilt,mean_base_h,min_base_h,mean_n_contact,mean_base_z,mean_foot_clear,min_foot_clear
0,2.7895087769999805,63.989248,1.7409253120422363,0.09232635796070099,0.6791853308677673,2.4853515625,0.16930866241455078,0.0,0.00035176798701286316,0.32438454031944275,0.01828191615641117,2.7146928914589807e-05,0.0,0.0,0.0,0.0,0.0,0.0,0.0,0.33798694610595703,0.29612886905670166,2.910888671875,0.2570555607477824,0.01996548722187678,-0.10674947500228882
1,0.8846839359999876,64.61696,1.600109338760376,0.11172682046890259,0.617409348487854,2.4853515625,0.15484443306922913,0.0,0.0007640851545147598,0.04411384090781212,0.06437908858060837,8.07131000328809e-05,0.0,0.0,0.0,0.0,0.0,0.0,0.0,0.33717505137125653,0.29278677701950073,3.8634033203125,0.2561742266019185,0.021237261593341827,-0.07311517000198364
2,0.8874271219999912,64.61696,1.3402684926986694,0.1479610949754715,0.5911343693733215,2.4853515625,0.1277868151664734,0.0,0.000871263793669641,0.04756830632686615,0.23302285373210907,0.00018445307796355337,0.0,0.0,0.0,0.0,0.0,0.0,0.0,0.33592283725738525,0.2924298048019409,3.8941650390625,0.25480834643046063,0.02129340171813965,-0.053086817264556885
3,0.8887738200000115,64.61696,0.9369432330131531,0.2123541533946991,0.5051178932189941,2.4853515625,0.08592518419027328,0.0,0.0009708655416034162,0.04997697472572327,0.6071029901504517,0.00035641234717331827,0.0,0.0,0.0,0.0,0.0,0.0,0.0,0.33644453684488934,0.29633334279060364,3.8752034505208335,0.2552608847618103,0.021223405996958416,-0.02929852157831192
4,0.8917603820000011,64.61696,0.5224953889846802,0.30144813656806946,0.3217664659023285,2.4853515625,0.04219059273600578,0.0,0.0011342428624629974,0.0397132970392704,1.2897906303405762,0.0006048086797818542,0.0,0.0,0.0,0.0,0.0,0.0,0.0,0.3372487227121989,0.30290067195892334,3.8653564453125,0.25606395800908405,0.021144730349381764,-0.03415638208389282
5,0.8913539820000267,64.61696,0.24785374104976654,0.40786510705947876,0.11313291639089584,2.4853515625,0.011290396563708782,0.0,0.0012293198378756642,0.025741513818502426,2.364058494567871,0.0008998278062790632,0.0,0.0,0.0,0.0,0.0,0.0,0.0,0.3371915817260742,0.2994287312030792,3.8564453125,0.25598857800165814,0.021012286345163982,-0.04385501146316528
6,0.8959175199999834,64.61696,0.21118777990341187,0.5135650634765625,0.1901194304227829,2.4853515625,0.003250915091484785,0.0,0.0011748136021196842,0.031910479068756104,3.801748752593994,0.0011677057482302189,0.0,0.0,0.0,0.0,0.0,0.0,0.0,0.33545172214508057,0.29361492395401,3.8471272786458335,0.25427889823913574,0.020876300831635792,-0.05419290065765381
7,0.8908081570000093,64.61696,0.3374805450439453,0.5913927555084229,0.3784489333629608,2.4853515625,0.011253107339143753,0.0,0.001140620093792677,0.07203756272792816,4.930233478546143,0.0013084750389680266,0.0,0.0,0.0,0.0,0.0,0.0,0.0,0.33108486731847125,0.2846464514732361,3.7530517578125,0.24986581007639566,0.02071952571471532,-0.06368440389633179
8,0.895793239000028,64.61696,0.43157151341438293,0.6185346841812134,0.4458778500556946,2.4853515625,0.01678020879626274,0.0,0.0015282267704606056,0.164314866065979,5.350795269012451,0.0012782963458448648,0.0,0.0,0.0,0.0,0.0,0.0,0.0,0.3227815628051758,0.2627839744091034,3.2799072265625,0.24152827262878418,0.020569544285535812,-0.06899940967559814
9,0.8802205310000204,64.61696,0.493692547082901,0.6297153234481812,0.45166003704071045,2.4853515625,0.01949925348162651,0.0,0.00332725141197443,0.4695354104042053,5.223481178283691,0.001172088086605072,0.0,0.0,0.0,0.0,0.0,0.0,0.0,0.31128044923146564,0.251420259475708,3.2164306640625,0.23006155093510947,0.020497754216194153,-0.07299643754959106
10,0.8936530139999945,64.61696,0.5816193222999573,0.6498783826828003,0.5326811671257019,2.4853515625,0.025019345805048943,0.0,0.009061967954039574,1.0850499868392944,4.725124359130859,0.0011273829732090235,0.0,0.0,0.0,0.0,0.0,0.0,0.0,0.2989051342010498,0.24269570410251617,3.1943766276041665,0.2177403966585795,0.020402982831001282,-0.07424700260162354
11,0.900403161999975,64.61696,0.6898902654647827,0.6686977744102478,0.5782802700996399,2.4853515625,0.03314339369535446,0.0,0.02268967032432556,1.9611258506774902,4.001177787780762,0.0012345518916845322,0.0,0.0,0.0,0.0,0.0,0.0,0.0,0.2859525481859843,0.22725212574005127,3.2024739583333335,0.20485005776087442,0.02050447091460228,-0.07423222064971924
12,0.8786583499999949,64.61696,0.8302198648452759,0.6702771782875061,0.5484727025032043,2.4853515625,0.04420458897948265,0.0,0.05055171251296997,3.5161352157592773,3.1561827659606934,0.0015932002570480108,0.0,0.0,0.0,0.0,0.0,0.0,0.0,0.2721291383107503,0.21646375954151154,3.1955159505208335,0.1909454862276713,0.02068444217244784,-0.07373368740081787
13,0.8505289739999853,64.61696,1.071831226348877,0.6558310389518738,0.44307273626327515,2.4853515625,0.0637679472565651,0.0,0.10396420210599899,6.271008491516113,2.2677536010742188,0.0023290717508643866,0.0,0.0,0.0,0.0,0.0,0.0,0.0,0.25746039549509686,0.2009676843881607,2.2216389973958335,0.17636523644129434,0.020682545999685924,-0.07080453634262085
14,0.885973024000009,64.61696,1.6840460300445557,0.48800069093704224,0.5629072785377502,2.4853515625,0.12097209692001343,0.0,0.1932898461818695,7.377374172210693,1.4478542804718018,0.003636159934103489,0.0,0.0,0.0,0.0,0.0,0.0,0.0,0.24496384461720785,0.21796387434005737,1.7911376953125,0.1637883186340332,0.020609937608242035,-0.06500744819641113
15,0.902491418000011,64.61696,4.856314182281494,-0.12166635692119598,2.953040599822998,2.4853515625,0.44342827796936035,0.0,0.2673151195049286,3.228391170501709,1.0281823873519897,0.005127402953803539,0.0,0.0,0.0,0.0,0.0,0.0,0.0,0.2569120526313782,0.20355498790740967,1.7665608723958333,0.17545578877131143,0.020550875614086788,-0.05745744705200195
16,0.8751748669999984,64.61696,4.791454792022705,-0.14141026139259338,1.2077561616897583,2.4755859375,0.4350162744522095,0.0,0.3569159507751465,5.723435401916504,0.7523466944694519,0.03321925923228264,0.0,10.0,0.0,0.0,10.0,0.0,10.0,0.27651957670847577,0.19604241847991943,1.836669921875,0.19422626495361328,0.020638267199198406,-0.05083584785461426
17,0.8807936169999948,64.61696,3.1520891189575195,-0.013326664455235004,0.7417371273040771,2.46484375,0.2738347053527832,0.0,0.4313892722129822,1.9953922033309937,0.6256205439567566,0.03141985461115837,0.0,16.0,0.0,0.0,16.0,0.0,16.0,0.28947365283966064,0.22521233558654785,1.2510986328125,0.20580893754959106,0.020747312655051548,-0.046151816844940186
18,0.890915935999999,64.61696,2.514815092086792,0.052011094987392426,0.5347581505775452,2.45703125,0.21061824262142181,0.0,0.4675198793411255,0.6598939895629883,0.5618559718132019,0.031183158978819847,0.0,11.0,0.0,0.0,11.0,0.0,11.0,0.2965521216392517,0.2334551215171814,1.2464599609375,0.2119641105333964,0.020770738522211712,-0.04169577360153198
19,0.9479766899999902,64.61696,2.715151309967041,0.032960787415504456,0.3488026559352875,2.44140625,0.2304147332906723,0.0,0.48072654008865356,0.2930150032043457,0.5471142530441284,0.04460310935974121,0.0,17.0,0.0,0.0,17.0,0.0,17.0,0.3002057671546936,0.23367032408714294,1.5496419270833333,0.2148167888323466,0.02063445746898651,-0.041563987731933594
20,0.9219792549999966,64.61696,2.9337589740753174,0.011308451183140278,0.7240245938301086,2.4365234375,0.25234055519104004,0.0,0.48361635208129883,0.17848722636699677,0.5643792152404785,0.032709017395973206,0.0,5.0,0.0,0.0,5.0,0.0,5.0,0.30122506618499756,0.24114321172237396,1.7989908854166667,0.21518989404042563,0.02054455627997716,-0.04188024252653122
21,0.9793064159999858,64.61696,3.0840885639190674,-0.002993972972035408,0.7358338832855225,2.43359375,0.26726996898651123,0.0,0.4783881902694702,0.19311635196208954,0.625665009021759,0.03057245910167694,0.0,4.0,0.0,0.0,4.0,0.0,4.0,0.30019787947336835,0.2406722456216812,1.9668375651041667,0.21397270758946738,0.0205155611038208,-0.04226997494697571
22,0.9846713560000069,64.61696,3.103140115737915,-0.00470357108861208,0.8963185548782349,2.431640625,0.26890116930007935,0.0,0.467913955450058,0.21775035560131073,0.7205299139022827,0.03989862650632858,0.0,2.0,0.0,0.0,2.0,0.0,2.0,0.29834314187367755,0.24060837924480438,2.013916015625,0.21194424231847128,0.02048523724079132,-0.04297703504562378
23,0.9973129530000051,64.61696,3.0237228870391846,0.0026637159753590822,0.864132821559906,2.4306640625,0.26093044877052307,0.0,0.4562798738479614,0.20240876078605652,0.8626319169998169,0.042187921702861786,0.0,2.0,0.0,0.0,2.0,0.0,2.0,0.29627352952957153,0.24656139314174652,2.0273030598958335,0.20992952585220337,0.020464243988196056,-0.05980175733566284
24,0.9539121319999992,64.61696,2.8893795013427734,0.016192032024264336,0.38066133856773376,2.4267578125,0.2473297119140625,0.0,0.44607099890708923,0.17937520146369934,1.0794068574905396,0.04858382046222687,0.0,5.0,0.0,0.0,5.0,0.0,5.0,0.2943997581799825,0.23523448407649994,2.0332438151041665,0.20783215761184692,0.020414660374323528,-0.07689273357391357
25,0.9809054410000044,64.61696,2.7933778762817383,0.025249432772397995,0.3475930094718933,2.4228515625,0.2374342381954193,0.0,0.4377470016479492,0.1509840339422226,1.3850178718566895,0.06207267567515373,0.0,6.0,0.0,0.0,6.0,0.0,6.0,0.2932826280593872,0.22881600260734558,2.0262451171875,0.20652141173680624,0.020347844809293747,-0.07687711715698242
26,0.979010623999983,64.61696,2.7647042274475098,0.026955800130963326,0.41201579570770264,2.4189453125,0.23433713614940643,0.0,0.4325107932090759,0.12950032949447632,1.8104604482650757,0.05440407991409302,0.0,5.0,0.0,0.0,5.0,0.0,5.0,0.2928741176923116,0.22915908694267273,2.0040283203125,0.20591471592585245,0.020263226081927616,-0.07679224014282227
27,1.020051412000015,64.61696,2.755162239074707,0.027779534459114075,0.6069177985191345,2.416015625,0.23275384306907654,0.0,0.4310484826564789,0.1243625208735466,2.4121246337890625,0.06295376271009445,0.0,4.0,0.0,0.0,4.0,0.0,4.0,0.29271847009658813,0.2306632697582245,1.974609375,0.20559444030125937,0.020218926171461742,-0.07674145698547363
28,1.032250934999979,64.61696,2.7723612785339355,0.027428751811385155,0.43583473563194275,2.4130859375,0.23335140943527222,0.0,0.4309881627559662,0.12170140445232391,3.273066282272339,0.06170876324176788,0.0,3.0,0.0,0.0,3.0,0.0,3.0,0.29254255692164105,0.2316468060016632,1.9252115885416667,0.20522896448771158,0.02013682449857394,-0.07671713829040527
29,1.0078173299999946,64.61696,2.81384015083313,0.024784406647086143,0.4842126965522766,2.41015625,0.23623065650463104,0.0,0.4288594126701355,0.11694295704364777,4.440482139587402,0.06205310672521591,0.0,3.0,0.0,0.0,3.0,0.0,3.0,0.29226799805959064,0.23220893740653992,1.9088948567708333,0.20464758078257242,0.020105404158433277,-0.07671838998794556
30,1.0760185890000002,64.61696,2.8864269256591797,0.02007225528359413,0.6157909631729126,2.40625,0.24152283370494843,0.0,0.4253755509853363,0.14536888897418976,5.960391998291016,0.0719475969672203,0.0,4.0,0.0,0.0,4.0,0.0,4.0,0.29138052463531494,0.22059091925621033,1.9120686848958333,0.20362075169881186,0.020051271965106327,-0.07673722505569458
31,1.032571579000006,64.61696,2.939509391784668,0.017693091183900833,0.5097670555114746,2.404296875,0.24480536580085754,0.0,0.417510449886322,0.19915227591991425,7.928378105163574,0.07022877037525177,0.0,2.0,0.0,0.0,2.0,0.0,2.0,0.29020418723424274,0.22093495726585388,1.9087320963541667,0.2021273970603943,0.020014934241771698,-0.07676422595977783
32,1.0279763099999855,64.61696,2.968989133834839,0.019783440977334976,0.32540708780288696,2.4013671875,0.2452477663755417,0.0,0.4068732261657715,0.2795505225658417,10.297658920288086,0.07417526841163635,0.0,4.0,0.0,0.0,4.0,0.0,4.0,0.28804053862889606,0.21257536113262177,1.94677734375,0.19986063241958618,0.020004282395044964,-0.07680189609527588
33,0.981078660999998,64.61696,2.9154880046844482,0.03085492178797722,0.18243151903152466,2.3994140625,0.23763611912727356,0.0,0.39160317182540894,0.36642834544181824,12.805023193359375,0.0734543651342392,0.0,3.0,0.0,0.0,3.0,0.0,3.0,0.28521456321080524,0.21239179372787476,2.0057373046875,0.19704415400822958,0.020015545189380646,-0.07684320211410522
34,0.9974178280000103,64.61696,2.8055381774902344,0.05007524788379669,0.2150004357099533,2.392578125,0.2243131399154663,0.0,0.37645667791366577,0.4650138318538666,15.186785697937012,0.08505137264728546,0.0,7.0,0.0,0.0,7.0,0.0,7.0,0.28160075346628827,0.22086098790168762,2.0771484375,0.19337157408396402,0.019990491370360058,-0.07688498497009277
35,1.0592195790000005,64.61696,2.734208106994629,0.06485198438167572,0.27623122930526733,2.3896484375,0.21547949314117432,0.0,0.3622909188270569,0.5251235961914062,16.862464904785156,0.08946304023265839,0.0,5.0,0.0,0.0,5.0,0.0,5.0,0.27807817856470746,0.22261282801628113,2.113525390625,0.18975563844045004,0.01999182129899661,-0.07692223787307739
36,1.0324332689999949,64.61696,2.7832276821136475,0.06550048291683197,0.25730884075164795,2.3828125,0.2194821834564209,0.0,0.35395121574401855,0.5263604521751404,17.739482879638672,0.08855020254850388,0.0,9.0,0.0,0.0,9.0,0.0,9.0,0.27526424328486127,0.22727090120315552,2.1407877604166665,0.18682308991750082,0.01997295394539833,-0.07695513963699341
37,1.018533724000008,64.61696,2.8860151767730713,0.05827160179615021,0.2525812089443207,2.37890625,0.22938042879104614,0.0,0.35377320647239685,0.5245175361633301,17.829078674316406,0.0953657254576683,0.0,6.0,0.0,0.0,6.0,0.0,6.0,0.27335729201634723,0.22369197010993958,2.1409505208333335,0.18496092160542807,0.01992303008834521,-0.07698309421539307
38,1.0400508529999968,64.61696,2.9286367893218994,0.057537417858839035,0.2841302156448364,2.3720703125,0.23354074358940125,0.0,0.3614808917045593,0.5721248984336853,17.314952850341797,0.11976345628499985,0.0,8.0,0.0,0.0,8.0,0.0,8.0,0.2723198135693868,0.22331243753433228,2.1086832682291665,0.18379650513331094,0.01997825379172961,-0.07701385021209717
39,1.08148730100001,64.61696,2.885892391204834,0.06335907429456711,0.3010978102684021,2.359375,0.23003819584846497,0.0,0.3722107410430908,0.6619120836257935,16.378278732299805,0.11722248792648315,0.0,13.0,0.0,0.0,13.0,0.0,13.0,0.27237502733866376,0.22062857449054718,2.0764973958333335,0.1840300957361857,0.0200333334505558,-0.07704603672027588
40,1.0597693379999953,64.61696,2.8468425273895264,0.06865987181663513,0.23411451280117035,2.3427734375,0.227297842502594,0.0,0.3842847943305969,0.762033224105835,15.155725479125977,0.13796573877334595,0.0,18.0,0.0,0.0,18.0,0.0,18.0,0.2736383080482483,0.20971748232841492,2.0694986979166665,0.18549458185831705,0.02006186544895172,-0.07707732915878296
41,1.080085677999989,64.61696,2.824464797973633,0.07200902700424194,0.20762501657009125,2.326171875,0.22655129432678223,0.0,0.3982086181640625,0.8557776212692261,13.602938652038574,0.15495124459266663,0.0,20.0,0.0,0.0,20.0,0.0,20.0,0.275765856107076,0.20946261286735535,2.0552571614583335,0.18766363461812338,0.0201528196533521,-0.07710760831832886
42,1.0785058339999978,64.61696,2.7938246726989746,0.07493120431900024,0.18567761778831482,2.298828125,0.22558127343654633,0.0,0.4066386818885803,0.944502055644989,11.953104972839355,0.19522014260292053,0.0,35.0,0.0,0.0,35.0,0.0,35.0,0.2794983983039856,0.2279689908027649,2.0660400390625,0.1910737156867981,0.02032116676370303,-0.07714492082595825
43,1.0748945310000124,64.61696,2.7583463191986084,0.07983552664518356,0.16243599355220795,2.2548828125,0.22449088096618652,0.0,0.4092462658882141,1.0436978340148926,10.26031494140625,0.22566190361976624,0.0,53.0,0.0,0.0,53.0,0.0,53.0,0.2843328317006429,0.21144062280654907,2.1024576822916665,0.19590367873509726,0.020458679646253586,-0.07715713977813721
44,1.070350478000023,64.61696,2.7161009311676025,0.08661839365959167,0.14571085572242737,2.2158203125,0.223288893699646,0.0,0.4057673215866089,1.1563947200775146,8.629796028137207,0.23478750884532928,0.0,48.0,0.0,0.0,48.0,0.0,48.0,0.28971779346466064,0.2118965983390808,2.1566162109375,0.20097899436950684,0.020530569056669872,-0.02874314785003662
45,1.069391994,64.61696,2.7133522033691406,0.087073914706707,0.11179155111312866,2.158203125,0.22563819587230682,0.0,0.39640045166015625,1.2439827919006348,7.1872406005859375,0.2913249135017395,0.0,74.0,0.0,0.0,74.0,0.0,74.0,0.29550355672836304,0.21431267261505127,2.2091878255208335,0.20795168479283652,0.020584475249052048,-0.050827741622924805
46,1.0923592860000042,64.61696,2.644010543823242,0.09045718610286713,0.09048314392566681,2.091796875,0.22364020347595215,0.0,0.36646026372909546,1.2708286046981812,5.881869316101074,0.2423451542854309,0.0,81.0,0.0,0.0,81.0,0.0,81.0,0.30363577604293823,0.21671634912490845,2.3479410807291665,0.21747201681137085,0.020662352442741394,-0.07396435737609863
47,1.067150870000006,64.61696,2.5795226097106934,0.0952470600605011,0.061123888939619064,2.0146484375,0.22026237845420837,0.0,0.3339407444000244,1.2388509511947632,4.83299446105957,0.30357974767684937,0.0,98.0,0.0,0.0,98.0,0.0,98.0,0.310948650042216,0.2189585566520691,2.479736328125,0.22438551982243857,0.020758784065643947,-0.09490346908569336
48,1.060146498999984,64.61696,2.4983932971954346,0.09695632755756378,0.05513090267777443,1.93359375,0.21604356169700623,0.0,0.29274868965148926,1.1354811191558838,4.005549430847168,0.3126508295536041,0.0,103.0,0.0,0.0,103.0,0.0,103.0,0.3182717760403951,0.2208235263824463,2.6139322916666665,0.23207910855611166,0.020898329714934032,-0.0969194769859314
49,1.0809958119999976,64.61696,2.360934257507324,0.09472529590129852,0.059945620596408844,1.8447265625,0.2084343135356903,0.0,0.23070362210273743,0.871039867401123,3.312631368637085,0.2536099851131439,0.0,117.0,0.0,0.0,117.0,0.0,117.0,0.3270621697107951,0.22239011526107788,2.7930908203125,0.24280192454655966,0.021012000739574432,-0.09676855802536011
50,1.0859812399999953,64.61696,2.1596696376800537,0.10052303969860077,0.06723526120185852,1.78515625,0.19432155787944794,0.0,0.1659182608127594,0.5793046951293945,2.7721078395843506,0.18716385960578918,0.0,82.0,0.0,0.0,82.0,0.0,82.0,0.3345312674840291,0.22402077913284302,3.0221761067708335,0.25091004371643066,0.021135717630386353,-0.09661334753036499
51,1.057228720000012,64.61696,2.0054447650909424,0.109693743288517,0.06831450015306473,1.7333984375,0.1826956570148468,0.0,0.1222536712884903,0.45323461294174194,2.4477858543395996,0.15742048621177673,0.0,66.0,0.0,0.0,66.0,0.0,66.0,0.3390032847722371,0.22632098197937012,3.1680908203125,0.2564915418624878,0.021281898021697998,-0.09650945663452148
52,1.0152229800000043,64.61696,1.8961608409881592,0.11472836881875992,0.08109399676322937,1.7119140625,0.17523181438446045,0.0,0.09025757014751434,0.3415275514125824,2.2230019569396973,0.07503948360681534,0.0,29.0,0.0,0.0,29.0,0.0,29.0,0.34151124954223633,0.22870025038719177,3.2913411458333335,0.260240117708842,0.02128446102142334,-0.09638696908950806
53,1.0093338519999975,64.61696,1.8812329769134521,0.114861860871315,0.093538798391819,1.6982421875,0.17489460110664368,0.0,0.07756228744983673,0.2992386221885681,2.115647792816162,0.06953566521406174,0.0,23.0,0.0,0.0,23.0,0.0,23.0,0.3417035738627116,0.21504390239715576,3.3262532552083335,0.2606383164723714,0.021211219330628712,-0.0962972640991211
54,1.0107342869999911,64.61696,1.8627065420150757,0.11492817848920822,0.1735077202320099,1.6845703125,0.1740831434726715,0.0,0.06395561993122101,0.26809054613113403,2.0698163509368896,0.0386103019118309,0.0,18.0,0.0,0.0,18.0,0.0,18.0,0.34183013439178467,0.20919281244277954,3.379638671875,0.26143862803777057,0.02119464675585429,-0.09623557329177856
55,1.0274006369999995,64.61696,1.848923921585083,0.11626560986042023,0.10657998919487,1.669921875,0.17261934280395508,0.0,0.055792033672332764,0.26982519030570984,2.1260993480682373,0.0480196587741375,0.0,20.0,0.0,0.0,20.0,0.0,20.0,0.3413051764170329,0.2075824737548828,3.3994547526041665,0.26120301087697345,0.021251256267229717,-0.09619760513305664
56,0.9911660740000059,64.61696,1.7944090366363525,0.12113066017627716,0.2712065279483795,1.6650390625,0.16744038462638855,0.0,0.0460449680685997,0.2882601022720337,2.21673846244812,0.02798449620604515,0.0,8.0,0.0,0.0,8.0,0.0,8.0,0.34093205134073895,0.20560789108276367,3.4439697265625,0.2613709171613057,0.021188390751679737,-0.09617739915847778
57,0.9981788730000005,64.61696,1.7319508790969849,0.13086581230163574,0.14257246255874634,1.6591796875,0.1605498492717743,0.0,0.0420573353767395,0.3421057462692261,2.462496280670166,0.03174351155757904,0.0,9.0,0.0,0.0,9.0,0.0,9.0,0.3402537902196248,0.20528161525726318,3.4484049479166665,0.26061638196309406,0.021089290579160053,-0.0961693525314331
58,0.9943577650000179,64.61696,1.619198203086853,0.14624753594398499,0.11987224966287613,1.6494140625,0.14891652762889862,0.0,0.03600640594959259,0.40230244398117065,2.7791829109191895,0.027226440608501434,0.0,12.0,0.0,0.0,12.0,0.0,12.0,0.33971182505289715,0.18979650735855103,3.4567057291666665,0.2602059841156006,0.021183133125305176,-0.09617149829864502
59,1.0077971050000087,64.61696,1.4813271760940552,0.1652722805738449,0.22140832245349884,1.6435546875,0.13488662242889404,0.0,0.03103674203157425,0.45519864559173584,3.139843702316284,0.01771920919418335,0.0,7.0,0.0,0.0,7.0,0.0,7.0,0.33921881516774494,0.18303579092025757,3.4549560546875,0.2598728934923808,0.021160433689753216,-0.09617376327514648
60,0.9729271230000052,64.61696,1.3380485773086548,0.18621987104415894,0.10907185822725296,1.6396484375,0.11978601664304733,0.0,0.02769937925040722,0.5202476978302002,3.6423327922821045,0.021346356719732285,0.0,5.0,0.0,0.0,5.0,0.0,5.0,0.33851659297943115,0.17376917600631714,3.4257405598958335,0.2591509421666463,0.02106795956691106,-0.09617477655410767
61,0.9803732130000071,64.61696,1.1901017427444458,0.2112814486026764,0.14497196674346924,1.634765625,0.10382352769374847,0.0,0.025237485766410828,0.6092122793197632,4.249712944030762,0.026317451149225235,0.0,6.0,0.0,0.0,6.0,0.0,6.0,0.33758699893951416,0.1700339913368225,3.3753255208333335,0.2583707571029663,0.021037573615709942,-0.09617525339126587
62,0.9595118209999782,64.61696,1.0575501918792725,0.23759548366069794,0.15509271621704102,1.6328125,0.0894143208861351,0.0,0.023542387410998344,0.7359170913696289,5.037954807281494,0.01808452606201172,0.0,2.0,0.0,0.0,2.0,0.0,2.0,0.3363300561904907,0.16878366470336914,3.3277180989583335,0.2572368383407593,0.0210744043191274,-0.09617370367050171
63,0.958498805000005,64.61696,0.9669175744056702,0.25985097885131836,0.1128566563129425,1.6328125,0.07856979966163635,0.0,0.023393679410219193,0.8927386999130249,6.049410820007324,0.0246585663408041,0.0,2.0,0.0,0.0,2.0,0.0,2.0,0.3346107403437297,0.16876208782196045,3.2853190104166665,0.25559906164805096,0.021054198344548542,-0.09617847204208374
64,0.9900561390000178,64.61696,0.9045833945274353,0.2774896025657654,0.10273189842700958,1.6298828125,0.07041561603546143,0.0,0.023974260315299034,1.0935391187667847,7.222965240478516,0.02731793187558651,0.0,4.0,0.0,0.0,4.0,0.0,4.0,0.3326075077056885,0.16990405321121216,3.2296956380208335,0.25353825092315674,0.021038015683492024,-0.09618526697158813
65,0.9832567159999996,64.61696,0.8537821173667908,0.29417884349823,0.13392306864261627,1.62890625,0.06365430355072021,0.0,0.025230957195162773,1.3742241859436035,8.407305717468262,0.031296826899051666,0.0,1.0,0.0,0.0,1.0,0.0,1.0,0.3303436040878296,0.17299902439117432,3.1781819661458335,0.2513297001520793,0.0208929181098938,-0.09762459993362427
66,0.9494416590000014,64.61696,0.8293054103851318,0.31079354882240295,0.16001182794570923,1.6259765625,0.0595015250146389,0.0,0.028388775885105133,1.6783246994018555,9.569883346557617,0.04139160364866257,0.0,3.0,0.0,0.0,3.0,0.0,3.0,0.3277702331542969,0.1793050765991211,3.1341145833333335,0.24865996837615967,0.020856693387031555,-0.09749561548233032
67,0.9580828820000136,64.61696,0.8410841822624207,0.3304472863674164,0.18949049711227417,1.625,0.05867481231689453,0.0,0.03483259677886963,2.0409507751464844,10.593549728393555,0.05872897431254387,0.0,1.0,0.0,0.0,1.0,0.0,1.0,0.32480931282043457,0.18585628271102905,3.0588785807291665,0.24573769172032675,0.020867424706617992,-0.0974845290184021
68,0.9787134470000183,64.652288,0.8953772187232971,0.34725087881088257,0.16389983892440796,1.623046875,0.06206236407160759,0.0,0.04447516053915024,2.3798890113830566,11.491376876831055,0.06833165138959885,0.0,2.0,0.0,0.0,2.0,0.0,2.0,0.3209266662597656,0.18272477388381958,2.9711100260416665,0.2417899171511332,0.02098714808622996,-0.09626752138137817
69,0.930917375000007,64.652288,0.983206570148468,0.36884188652038574,0.14425908029079437,1.62109375,0.06886573135852814,0.0,0.057709433138370514,2.698054790496826,12.194990158081055,0.08532144874334335,0.0,2.0,0.0,0.0,2.0,0.0,2.0,0.3162006338437398,0.1815110445022583,2.8723551432291665,0.23710827032725015,0.021027646958827972,-0.09629255533218384
70,0.9695851970000149,64.652288,1.1207257509231567,0.3940841257572174,0.13494722545146942,1.6181640625,0.08031037449836731,0.0,0.07728859782218933,2.972015380859375,12.705476760864258,0.10861323773860931,0.0,3.0,0.0,0.0,3.0,0.0,3.0,0.31033233801523846,0.18106722831726074,2.7133382161458335,0.23120391368865967,0.02099090814590454,-0.09633088111877441
71,0.9438415660000032,64.652288,1.2992897033691406,0.42537370324134827,0.1325790137052536,1.6162109375,0.09559707343578339,0.0,0.10399240255355835,3.253722667694092,12.981285095214844,0.12915489077568054,0.0,2.0,0.0,0.0,2.0,0.0,2.0,0.3036253849665324,0.18214112520217896,2.5634765625,0.22425156831741333,0.020904851456483204,-0.09637999534606934
72,0.9496201419999863,64.652288,1.4903115034103394,0.4619485139846802,0.12775513529777527,1.6142578125,0.11163780093193054,0.0,0.1405300498008728,3.675119400024414,13.06592082977295,0.1460316777229309,0.0,3.0,0.0,0.0,3.0,0.0,3.0,0.2960261106491089,0.18406087160110474,2.4141845703125,0.21677561601003012,0.020862107475598652,-0.09709125757217407
73,0.9539165529999991,64.652288,1.7749762535095215,0.43042731285095215,0.12140391021966934,1.6083984375,0.13688695430755615,0.0,0.18623924255371094,3.929292678833008,12.929095268249512,0.1683942973613739,0.0,6.0,0.0,0.0,6.0,0.0,6.0,0.2894529104232788,0.18171250820159912,2.2068277994791665,0.2103001077969869,0.020739828546841938,-0.09706145524978638
74,0.9927245220000032,64.652288,2.235429286956787,0.32740262150764465,0.11281789094209671,1.603515625,0.18030111491680145,0.0,0.2383943796157837,3.786109447479248,12.60450553894043,0.20584961771965027,0.0,6.0,0.0,0.0,6.0,0.0,6.0,0.2876155773798625,0.18206220865249634,1.9997151692708333,0.2084688345591227,0.02071874588727951,-0.09683758020401001
75,0.9426367089999985,64.652288,2.5811450481414795,0.23813769221305847,0.14030109345912933,1.59375,0.2127196043729782,0.0,0.2920264005661011,3.8628439903259277,12.186233520507812,0.2478935420513153,0.0,11.0,0.0,0.0,11.0,0.0,11.0,0.29106255372365314,0.18039900064468384,1.8214111328125,0.2115988532702128,0.020839301248391468,-0.09682565927505493
76,0.9499126240000066,64.652288,2.5896546840667725,0.20286953449249268,0.12246517091989517,1.5751953125,0.21109095215797424,0.0,0.3448452949523926,4.143317222595215,11.616996765136719,0.32909971475601196,0.0,27.0,0.0,0.0,27.0,0.0,27.0,0.2967307170232137,0.17761558294296265,1.69970703125,0.2166329026222229,0.020794192949930828,-0.09709960222244263
77,1.0041114050000033,64.652288,2.5554375648498535,0.1912427544593811,0.12881968915462494,1.5244140625,0.20673274993896484,0.0,0.37397143244743347,4.255640029907227,10.830187797546387,0.4856903553009033,0.0,88.0,0.0,0.0,88.0,0.0,88.0,0.302712341149648,0.17762255668640137,1.6812337239583333,0.2222918470700582,0.021054789423942566,-0.0960877537727356
78,1.0205797190000112,64.652288,2.5497989654541016,0.18821078538894653,0.1326783448457718,1.4326171875,0.2083580195903778,0.0,0.36313748359680176,4.199808597564697,9.554086685180664,0.5712422728538513,0.0,142.0,0.0,0.0,142.0,0.0,142.0,0.30941178401311237,0.17945027351379395,1.7706705729166667,0.22969961166381836,0.021295179923375446,-0.09609359502792358
79,1.0272720460000073,64.652288,2.5417964458465576,0.1840324103832245,0.1290934532880783,1.3447265625,0.213181734085083,0.0,0.31971675157546997,3.7121944427490234,7.833437919616699,0.538234293460846,0.0,139.0,0.0,0.0,139.0,0.0,139.0,0.3165552616119385,0.18371719121932983,1.9850260416666667,0.2386982043584188,0.021396321554978687,-0.09588909149169922
80,1.003563258000014,64.652288,2.440441608428955,0.1820068359375,0.1226428672671318,1.2685546875,0.20872537791728973,0.0,0.2646943926811218,3.3774781227111816,6.715907096862793,0.5064232349395752,0.0,135.0,0.0,0.0,135.0,0.0,135.0,0.32338519891103107,0.18347930908203125,2.1730143229166665,0.24540998538335165,0.021495995422204334,-0.08292460441589355
81,0.9771466130000022,64.652288,2.128157138824463,0.19511084258556366,0.11238018423318863,1.1806640625,0.18423882126808167,0.0,0.19313383102416992,3.026625633239746,6.119508266448975,0.42065149545669556,0.0,142.0,0.0,0.0,142.0,0.0,142.0,0.33033911387125653,0.18007493019104004,2.3334554036458335,0.2530541817347209,0.02164542426665624,-0.0767095685005188
82,0.9867949510000074,64.652288,1.7221745252609253,0.23590829968452454,0.10073833912611008,1.11328125,0.14871081709861755,0.0,0.1376456916332245,2.76094388961792,5.625855445861816,0.3557609021663666,0.0,103.0,0.0,0.0,103.0,0.0,103.0,0.3343384663263957,0.17692381143569946,2.4855143229166665,0.2589482267697652,0.02168448269367218,-0.11534202098846436
83,0.9988639869999929,64.652288,1.292399287223816,0.28992488980293274,0.08905012160539627,1.064453125,0.1118270754814148,0.0,0.07802855968475342,2.2398617267608643,5.003242492675781,0.21050666272640228,0.0,91.0,0.0,0.0,91.0,0.0,91.0,0.33685489495595294,0.17577606439590454,2.5926920572916665,0.2633461356163025,0.021657022337118786,-0.11453139781951904
84,0.9480240909999793,64.652288,0.9657221436500549,0.34877321124076843,0.07223934680223465,1.05078125,0.08279671519994736,0.0,0.04669521376490593,1.9329605102539062,4.249179363250732,0.11794188618659973,0.0,34.0,0.0,0.0,34.0,0.0,34.0,0.33729076385498047,0.17668163776397705,2.7108968098958335,0.2653793692588806,0.021675919493039448,-0.11677122116088867
85,0.9086880679999751,64.652288,0.7787215113639832,0.4050791263580322,0.0731971338391304,1.041015625,0.06547437608242035,0.0,0.03643777221441269,1.8162339925765991,3.5332159996032715,0.08639882504940033,0.0,15.0,0.0,0.0,15.0,0.0,15.0,0.33646512031555176,0.18115770816802979,2.7754720052083335,0.2653091549873352,0.02165042608976364,-0.1167677640914917
86,0.9154376850000006,64.652288,0.6920616626739502,0.4534243047237396,0.06220422312617302,1.03515625,0.05693916603922844,0.0,0.03524453938007355,1.8534730672836304,3.005155086517334,0.08854466676712036,0.0,8.0,0.0,0.0,8.0,0.0,8.0,0.3352615038553874,0.1871277093887329,2.8572591145833335,0.26442108551661175,0.021629010637601215,-0.11675631999969482
87,0.8701259370000116,64.652288,0.6676834225654602,0.49572473764419556,0.041959118098020554,1.0302734375,0.05445202440023422,0.0,0.03597687929868698,1.846908450126648,2.656322479248047,0.0851493701338768,0.0,8.0,0.0,0.0,8.0,0.0,8.0,0.3341685930887858,0.1979188621044159,2.8852945963541665,0.2632315556208293,0.02153228720029195,-0.11685717105865479
88,0.8988739099999918,64.652288,0.7035563588142395,0.5307425260543823,0.06624295562505722,1.0283203125,0.057496681809425354,0.0,0.040478721261024475,1.8689584732055664,2.35085391998291,0.08087986707687378,0.0,5.0,0.0,0.0,5.0,0.0,5.0,0.33237844705581665,0.1910143494606018,2.8813069661458335,0.2612096667289734,0.021529562771320343,-0.11697745323181152
89,0.9110651359999906,64.652288,0.7830875515937805,0.5476586222648621,0.07134296000003815,1.0244140625,0.06493847072124481,0.0,0.04392803832888603,1.8823250532150269,2.0551929473876953,0.07186146080493927,0.0,7.0,0.0,0.0,7.0,0.0,7.0,0.3299998641014099,0.18323278427124023,2.8808186848958335,0.25863413016001385,0.021435921390851338,-0.09609520435333252
90,0.890580344,64.652288,0.8667886257171631,0.5495123863220215,0.0740501806139946,1.01953125,0.07270874828100204,0.0,0.048142801970243454,2.0070343017578125,1.731053113937378,0.06415202468633652,0.0,7.0,0.0,0.0,7.0,0.0,7.0,0.3269660274187724,0.1827496886253357,2.8507486979166665,0.25572027762730914,0.021144896745681763,-0.0960855484008789
91,0.890378123000005,64.652288,1.0121911764144897,0.5330398678779602,0.11712151765823364,1.0185546875,0.08582377433776855,0.0,0.05875223129987717,2.301776647567749,1.449000597000122,0.05952337384223938,0.0,1.0,0.0,0.0,1.0,0.0,1.0,0.3227606813112895,0.18320322036743164,2.8094889322916665,0.2516380548477173,0.020886458456516266,-0.09607440233230591
92,0.9732975249999924,64.652288,1.1943881511688232,0.4988955855369568,0.11073573678731918,1.015625,0.10204186290502548,0.0,0.07539170235395432,2.6342411041259766,1.276957392692566,0.06806948781013489,0.0,3.0,0.0,0.0,3.0,0.0,3.0,0.318406879901886,0.18475252389907837,2.7244466145833335,0.24716379245122275,0.020594532291094463,-0.09706073999404907
93,0.9597430079999754,64.652288,1.389606237411499,0.45913878083229065,0.1059894859790802,1.0087890625,0.11972224712371826,0.0,0.09533193707466125,2.9503283500671387,1.2018139362335205,0.06527501344680786,0.0,9.0,0.0,0.0,9.0,0.0,9.0,0.3147051731745402,0.18736326694488525,2.6016031901041665,0.24370825290679932,0.020545509954293568,-0.09706789255142212
94,0.8809495330000061,64.652288,1.5672166347503662,0.40707772970199585,0.11842119693756104,1.005859375,0.1359294056892395,0.0,0.11846292018890381,3.088740110397339,1.1916803121566772,0.0707753449678421,0.0,6.0,0.0,0.0,6.0,0.0,6.0,0.3121298948923747,0.18682962656021118,2.4938557942708335,0.24109615882237753,0.020434685051441193,-0.09363895654678345
95,0.9277600280000229,64.652288,1.6627182960510254,0.3733714818954468,0.10315071791410446,0.998046875,0.1435774564743042,0.0,0.1444176435470581,3.1802308559417725,1.2223247289657593,0.10887818038463593,0.0,16.0,0.0,0.0,16.0,0.0,16.0,0.30995382865269977,0.18692058324813843,2.3942464192708335,0.23860909541447958,0.020451543231805164,-0.09604829549789429
96,0.9352504490000229,64.652288,1.7124261856079102,0.33644402027130127,0.05660906806588173,0.984375,0.14747354388237,0.0,0.16413596272468567,3.0707316398620605,1.258453369140625,0.13652025163173676,0.0,40.0,0.0,0.0,40.0,0.0,40.0,0.30893335739771527,0.1870405673980713,2.3274332682291665,0.23683440685272217,0.02043977752327919,-0.09604597091674805
97,0.9488244460000033,64.652288,1.6986126899719238,0.3148840665817261,0.05410774424672127,0.9599609375,0.14555159211158752,0.0,0.17393240332603455,2.874432325363159,1.3217785358428955,0.18590283393859863,0.0,52.0,0.0,0.0,52.0,0.0,52.0,0.3090067307154338,0.18488258123397827,2.313232421875,0.23654133081436157,0.02029080068071683,-0.09604382514953613
98,0.970254222000051,64.652288,1.6378666162490845,0.30660873651504517,0.04934553802013397,0.9345703125,0.13956397771835327,0.0,0.17521792650222778,2.6413674354553223,1.4705060720443726,0.19461259245872498,0.0,54.0,0.0,0.0,54.0,0.0,54.0,0.30955787499745685,0.18214714527130127,2.3456624348958335,0.23744668563206991,0.020295333117246628,-0.09604412317276001
99,1.0053439600000047,64.652288,1.5864500999450684,0.29724234342575073,0.043989650905132294,0.9130859375,0.13470947742462158,0.0,0.1788349747657776,2.4345295429229736,1.6601924896240234,0.17481307685375214,0.0,42.0,0.0,0.0,42.0,0.0,42.0,0.3097200393676758,0.18133848905563354,2.3802083333333335,0.23795652389526367,0.0202861949801445,-0.0960456132888794
100,0.9996268470000018,64.652288,1.5738452672958374,0.27853143215179443,0.04495393484830856,0.888671875,0.13375365734100342,0.0,0.18207572400569916,2.2665772438049316,1.8844364881515503,0.16406387090682983,0.0,56.0,0.0,0.0,56.0,0.0,56.0,0.3105381727218628,0.18192648887634277,2.4129231770833335,0.23860744635264078,0.02044623593489329,-0.09604144096374512
101,0.994925894000005,64.652288,1.5555137395858765,0.2731209993362427,0.04418152943253517,0.8720703125,0.1318148374557495,0.0,0.19099843502044678,2.2477920055389404,2.10103178024292,0.13596779108047485,0.0,36.0,0.0,0.0,36.0,0.0,36.0,0.31117647886276245,0.1745409369468689,2.4527994791666665,0.23964673280715942,0.02042018622159958,-0.09749490022659302
102,0.9972718150000333,64.652288,1.5787920951843262,0.26192596554756165,0.04441803693771362,0.8544921875,0.13349857926368713,0.0,0.20034363865852356,2.169435501098633,2.27475905418396,0.1515101045370102,0.0,41.0,0.0,0.0,41.0,0.0,41.0,0.3125339150428772,0.18076419830322266,2.4547119140625,0.2413406769434611,0.020438375572363537,-0.09746986627578735
103,1.0207630570000106,64.652288,1.605285406112671,0.2505960464477539,0.04511191323399544,0.8310546875,0.1361902803182602,0.0,0.1972697377204895,2.053041458129883,2.473444938659668,0.1641840636730194,0.0,59.0,0.0,0.0,59.0,0.0,59.0,0.31457386414210003,0.1807149052619934,2.4818522135416665,0.24486931165059408,0.020388246824343998,-0.09741336107254028
104,1.0310118120000311,64.652288,1.5765331983566284,0.24527612328529358,0.056787438690662384,0.7900390625,0.13330909609794617,0.0,0.18581801652908325,1.880256175994873,2.740013837814331,0.22232064604759216,0.0,76.0,0.0,0.0,76.0,0.0,76.0,0.3168930212656657,0.18143212795257568,2.5522867838541665,0.24731351931889853,0.02037421241402626,-0.09735971689224243
105,1.0015884729999698,64.652288,1.493916392326355,0.2493695616722107,0.05564141273498535,0.76953125,0.12727177143096924,0.0,0.160939022898674,1.6876850128173828,2.976579189300537,0.12690719962120056,0.0,50.0,0.0,0.0,50.0,0.0,50.0,0.3194267551104228,0.18225157260894775,2.6578776041666665,0.25082717339197796,0.020386554300785065,-0.09735172986984253
106,0.9847572079999622,64.652288,1.4208656549453735,0.2624437212944031,0.0494769886136055,0.7431640625,0.12015669047832489,0.0,0.14824770390987396,1.6901655197143555,3.1324939727783203,0.14839601516723633,0.0,53.0,0.0,0.0,53.0,0.0,53.0,0.32010944684346515,0.18340694904327393,2.7333170572916665,0.2519111633300781,0.02042798822124799,-0.09738308191299438
107,0.970392975999971,64.652288,1.3617780208587646,0.26858001947402954,0.03937768563628197,0.720703125,0.11493086069822311,0.0,0.13284628093242645,1.6784470081329346,3.17679762840271,0.14915913343429565,0.0,46.0,0.0,0.0,46.0,0.0,46.0,0.32052592436472577,0.18626177310943604,2.8126627604166665,0.2525201241175334,0.020583329101403553,-0.09748655557632446
108,0.9876817800000026,64.652288,1.2717009782791138,0.27759480476379395,0.0353044755756855,0.701171875,0.10710041970014572,0.0,0.11759954690933228,1.6307017803192139,3.0992636680603027,0.14105312526226044,0.0,43.0,0.0,0.0,43.0,0.0,43.0,0.3214636246363322,0.18424999713897705,2.8741048177083335,0.25371988614400226,0.020839268962542217,-0.09765821695327759
109,0.9723869709999917,64.652288,1.157303810119629,0.2942295968532562,0.036519646644592285,0.6875,0.09670673310756683,0.0,0.10312414169311523,1.642788290977478,3.0407466888427734,0.1252167671918869,0.0,31.0,0.0,0.0,31.0,0.0,31.0,0.32225602865219116,0.18447208404541016,2.9334716796875,0.2548007567723592,0.020880105594793957,-0.09600174427032471
110,0.9943621090000079,64.652288,1.0632672309875488,0.3089534044265747,0.030323855578899384,0.671875,0.0878496766090393,0.0,0.09408009052276611,1.6684954166412354,3.049846649169922,0.11773037910461426,0.0,35.0,0.0,0.0,35.0,0.0,35.0,0.32285094261169434,0.18259698152542114,2.9344482421875,0.25581302245457965,0.02079791948199272,-0.09600335359573364
111,0.9960235009999678,64.652288,1.007092833518982,0.3177625238895416,0.03153021261096001,0.6611328125,0.0827079489827156,0.0,0.08299915492534637,1.6871240139007568,3.1223182678222656,0.11526288837194443,0.0,21.0,0.0,0.0,21.0,0.0,21.0,0.32357070843378705,0.1781686544418335,2.9291178385416665,0.25741084416707355,0.02082229033112526,-0.0960041880607605
112,0.986426009000013,64.652288,0.9848639965057373,0.3258358836174011,0.031084870919585228,0.650390625,0.08053715527057648,0.0,0.0833858996629715,1.7866485118865967,3.264982223510742,0.08519923686981201,0.0,15.0,0.0,0.0,15.0,0.0,15.0,0.32315518458684284,0.17772483825683594,2.9003092447916665,0.2572744886080424,0.020790255318085354,-0.09600472450256348
113,1.00701022100003,64.652288,1.0031741857528687,0.3315136432647705,0.03254016488790512,0.6435546875,0.08195018023252487,0.0,0.08387432992458344,1.8988769054412842,3.367410659790039,0.11076711118221283,0.0,17.0,0.0,0.0,17.0,0.0,17.0,0.32271180550257367,0.178117573261261,2.8757731119791665,0.2567368547121684,0.020737779637177784,-0.09600615501403809
114,0.9606491750000146,64.652288,1.0368058681488037,0.337190181016922,0.028830235823988914,0.63671875,0.0849299281835556,0.0,0.08574219793081284,1.9736218452453613,3.466449499130249,0.1217464804649353,0.0,13.0,0.0,0.0,13.0,0.0,13.0,0.3220932086308797,0.18174749612808228,2.8379720052083335,0.25603751341501874,0.020787778000036877,-0.09601092338562012
115,1.0005081429999905,64.652288,1.0709024667739868,0.3441910743713379,0.02916300855576992,0.6259765625,0.08795353770256042,0.0,0.08667179197072983,2.0367603302001953,3.5699234008789062,0.1268155872821808,0.0,23.0,0.0,0.0,23.0,0.0,23.0,0.32169288396835327,0.17840898036956787,2.7921956380208335,0.25579748551050824,0.020904431740442913,-0.07778316736221313
116,0.9591714960000104,64.652288,1.0936037302017212,0.3493615984916687,0.02901986800134182,0.6171875,0.09009522199630737,0.0,0.08488130569458008,1.9889953136444092,3.661362409591675,0.14014898240566254,0.0,23.0,0.0,0.0,23.0,0.0,23.0,0.3214495778083801,0.1778484582901001,2.7294108072916665,0.25609761476516724,0.02105981359879176,-0.07767832279205322
117,0.9469634280000037,64.652288,1.094510555267334,0.3545704782009125,0.03133688494563103,0.611328125,0.09046439826488495,0.0,0.08089610189199448,1.907583475112915,3.7903528213500977,0.1264479011297226,0.0,19.0,0.0,0.0,19.0,0.0,19.0,0.32130388418833417,0.17788034677505493,2.6946614583333335,0.2561518947283427,0.021277432640393574,-0.07758796215057373
118,0.9686142530000552,64.652288,1.1088813543319702,0.3602394759654999,0.0276071485131979,0.6044921875,0.09164758771657944,0.0,0.08370595425367355,1.908782720565796,4.057430744171143,0.12020173668861389,0.0,12.0,0.0,0.0,12.0,0.0,12.0,0.3203279177347819,0.17903226613998413,2.6620279947916665,0.25521765152613324,0.02129720151424408,-0.07752656936645508
119,0.9538704899999857,64.652288,1.1214523315429688,0.3675535023212433,0.029099663719534874,0.5986328125,0.09239906072616577,0.0,0.08926402032375336,1.952134132385254,4.280831813812256,0.12791955471038818,0.0,15.0,0.0,0.0,15.0,0.0,15.0,0.3192995587984721,0.18147456645965576,2.6056315104166665,0.2541709939638774,0.021214442948500317,-0.07764673233032227
120,0.963410500000009,64.652288,1.1342027187347412,0.3788437247276306,0.031739674508571625,0.59375,0.093207448720932,0.0,0.09842272847890854,2.056394100189209,4.398802757263184,0.11047457158565521,0.0,9.0,0.0,0.0,9.0,0.0,9.0,0.31833134094874066,0.1819201111793518,2.5560709635416665,0.253493070602417,0.021196089684963226,-0.0777396559715271
121,0.9765732490000119,64.652288,1.1455965042114258,0.3917716145515442,0.030649418011307716,0.587890625,0.09319751709699631,0.0,0.10969092696905136,2.201746940612793,4.482943058013916,0.12881071865558624,0.0,15.0,0.0,0.0,15.0,0.0,15.0,0.31750253836313885,0.18281906843185425,2.5143229166666665,0.2526762882868449,0.02122506747643153,-0.06337827444076538
122,0.9703767080000034,64.652288,1.2095242738723755,0.3887263536453247,0.025899376720190048,0.5810546875,0.09850168228149414,0.0,0.1212385892868042,2.323751926422119,4.557085990905762,0.14565807580947876,0.0,18.0,0.0,0.0,18.0,0.0,18.0,0.3168061375617981,0.17458677291870117,2.466552734375,0.252327561378479,0.021128627161184948,-0.06334531307220459
123,0.9509327979999966,64.652288,1.3024911880493164,0.3776520788669586,0.028517236933112144,0.5732421875,0.10713034123182297,0.0,0.1305764764547348,2.43338942527771,4.674695014953613,0.1448313444852829,0.0,21.0,0.0,0.0,21.0,0.0,21.0,0.31653128067652386,0.17348653078079224,2.4517822265625,0.25206494331359863,0.02108692874511083,-0.0732991099357605
124,0.9762061760000051,64.652288,1.4365025758743286,0.3641980290412903,0.027639560401439667,0.564453125,0.11968942731618881,0.0,0.1396034210920334,2.4869942665100098,4.8851318359375,0.16796109080314636,0.0,35.0,0.0,0.0,35.0,0.0,35.0,0.3164396683375041,0.17446589469909668,2.4384358723958335,0.251935879389445,0.02104205886522929,-0.07324224710464478
125,0.9717745750000404,64.652288,1.51131010055542,0.3585803210735321,0.030767720192670822,0.5537109375,0.12664979696273804,0.0,0.14237141609191895,2.4904162883758545,5.047723293304443,0.2080574482679367,0.0,40.0,0.0,0.0,40.0,0.0,40.0,0.3164293169975281,0.17828679084777832,2.4395751953125,0.2520085374514262,0.02095879117647807,-0.07782155275344849
126,0.9561377429999993,64.652288,1.5788240432739258,0.34930986166000366,0.028175193816423416,0.541015625,0.13393014669418335,0.0,0.13883894681930542,2.4152579307556152,4.978071212768555,0.19195353984832764,0.0,41.0,0.0,0.0,41.0,0.0,41.0,0.31660981973012287,0.18422383069992065,2.4469401041666665,0.25214044253031415,0.02085430423418681,-0.07767635583877563
127,0.9746636639999906,64.652288,1.6103336811065674,0.3423558175563812,0.029496902599930763,0.5244140625,0.1374395191669464,0.0,0.13678306341171265,2.3721675872802734,4.731996536254883,0.20180615782737732,0.0,41.0,0.0,0.0,41.0,0.0,41.0,0.3171084721883138,0.18601346015930176,2.4507242838541665,0.2528275052706401,0.020847052335739136,-0.07751959562301636
128,0.9546213579999971,64.652288,1.579702377319336,0.3494266867637634,0.027956055477261543,0.5087890625,0.13478213548660278,0.0,0.13367044925689697,2.3627543449401855,4.466400146484375,0.20123621821403503,0.0,43.0,0.0,0.0,43.0,0.0,43.0,0.3174751202265422,0.18766111135482788,2.4411214192708335,0.25315093994140625,0.020921699702739716,-0.07736861705780029
129,0.9719901250000476,64.652288,1.562562108039856,0.3555094599723816,0.027298448607325554,0.4921875,0.13354945182800293,0.0,0.13141004741191864,2.393038272857666,4.239620208740234,0.18822774291038513,0.0,38.0,0.0,0.0,38.0,0.0,38.0,0.31789660453796387,0.18842709064483643,2.4402669270833335,0.25407129526138306,0.021050674219926197,-0.0772247314453125
130,0.9443301200000178,64.652288,1.5492950677871704,0.36048591136932373,0.0250149667263031,0.4853515625,0.13271676003932953,0.0,0.13135144114494324,2.47766375541687,4.049184799194336,0.16900770366191864,0.0,31.0,0.0,0.0,31.0,0.0,31.0,0.3187541166941325,0.1873500943183899,2.4330240885416665,0.2553207278251648,0.020969117681185406,-0.09771472215652466
131,0.9308216359999619,64.652288,1.50108802318573,0.37252235412597656,0.0222065057605505,0.47265625,0.12789347767829895,0.0,0.13298708200454712,2.5968432426452637,3.857323408126831,0.17900364100933075,0.0,34.0,0.0,0.0,34.0,0.0,34.0,0.31928910811742145,0.1872212290763855,2.4266764322916665,0.25607234239578247,0.02089037497838338,-0.09762293100357056
132,0.9184928919999606,64.652288,1.49368155002594,0.3818919062614441,0.02270207554101944,0.4638671875,0.12717095017433167,0.0,0.1373131424188614,2.6351382732391357,3.645137310028076,0.1644791066646576,0.0,24.0,0.0,0.0,24.0,0.0,24.0,0.31948328018188477,0.18779146671295166,2.4304606119791665,0.25661178429921466,0.02096281200647354,-0.09739774465560913
133,0.9252331399999889,64.652288,1.5080692768096924,0.3954215347766876,0.02161342278122902,0.4541015625,0.1277262270450592,0.0,0.1499444842338562,2.7802042961120605,3.431957960128784,0.18368975818157196,0.0,27.0,0.0,0.0,27.0,0.0,27.0,0.31871261199315387,0.18203014135360718,2.4138590494791665,0.25604252020517987,0.020949554940064747,-0.09729224443435669
134,0.9558864880000328,64.652288,1.5799821615219116,0.3932318687438965,0.024846693500876427,0.4423828125,0.13398729264736176,0.0,0.15866348147392273,2.832425594329834,3.288205623626709,0.2103705108165741,0.0,33.0,0.0,0.0,33.0,0.0,33.0,0.3177404006322225,0.17915815114974976,2.4031168619791665,0.25527604420979816,0.020821357766787212,-0.09716683626174927
135,0.9634653150000076,64.652288,1.6043328046798706,0.39193376898765564,0.018782636150717735,0.4267578125,0.1362377405166626,0.0,0.1575181484222412,2.7394015789031982,3.1704394817352295,0.23972511291503906,0.0,44.0,0.0,0.0,44.0,0.0,44.0,0.31780576705932617,0.17932724952697754,2.4174397786458335,0.2557194232940674,0.020795907825231552,-0.0970725417137146
136,0.9710421780000047,64.652288,1.5642555952072144,0.3941032290458679,0.01797756925225258,0.41015625,0.13273796439170837,0.0,0.15146297216415405,2.7085378170013428,3.0269336700439453,0.23821616172790527,0.0,55.0,0.0,0.0,55.0,0.0,55.0,0.31794238090515137,0.1815403699874878,2.4512939453125,0.2561383644739787,0.020852426687876385,-0.09701257944107056
137,0.9190352360000134,64.652288,1.5198254585266113,0.39715734124183655,0.014647397212684155,0.40234375,0.1293138861656189,0.0,0.1480768769979477,2.7017722129821777,2.882887601852417,0.18257975578308105,0.0,26.0,0.0,0.0,26.0,0.0,26.0,0.3175697724024455,0.18269336223602295,2.4894612630208335,0.25567569335301715,0.020827052493890125,-0.09700900316238403
138,0.9312008829999741,64.652288,1.5438748598098755,0.39379966259002686,0.01514759473502636,0.3876953125,0.13136407732963562,0.0,0.1511307656764984,2.668246030807495,2.7686686515808105,0.18512234091758728,0.0,37.0,0.0,0.0,37.0,0.0,37.0,0.3163796663284302,0.18280023336410522,2.5067952473958335,0.2548641761144002,0.0208543265859286,-0.09709984064102173
139,0.9702788799999666,64.652288,1.5583058595657349,0.38116270303726196,0.013812129385769367,0.373046875,0.13278765976428986,0.0,0.1530272662639618,2.6653077602386475,2.6452248096466064,0.1755722612142563,0.0,42.0,0.0,0.0,42.0,0.0,42.0,0.3150789539019267,0.1847996711730957,2.5354410807291665,0.25359006722768146,0.02078016723195712,-0.0972486138343811
140,0.9467142849999846,64.652288,1.5326037406921387,0.3694750666618347,0.013690036721527576,0.36328125,0.1302107870578766,0.0,0.14846713840961456,2.599506139755249,2.539604902267456,0.20046687126159668,0.0,46.0,0.0,0.0,46.0,0.0,46.0,0.31509671608606976,0.1862410306930542,2.5434163411458335,0.25414315859476727,0.020699909577767055,-0.0973861813545227
141,0.9575611440000102,64.652288,1.4421799182891846,0.3681647777557373,0.011028428561985493,0.3427734375,0.1224440261721611,0.0,0.1396355926990509,2.4997310638427734,2.4340927600860596,0.1674322932958603,0.0,56.0,0.0,0.0,56.0,0.0,56.0,0.3155769507090251,0.18652015924453735,2.5657552083333335,0.2548188964525859,0.020836626489957173,-0.09744793176651001
142,0.9577042160000246,64.652288,1.3960402011871338,0.3607129454612732,0.011724007315933704,0.3330078125,0.1189345046877861,0.0,0.1281200647354126,2.410879135131836,2.311631917953491,0.13966131210327148,0.0,40.0,0.0,0.0,40.0,0.0,40.0,0.31549259026845294,0.1892203688621521,2.6064453125,0.2550138632456462,0.02100675304730733,-0.0974765419960022
143,0.9433767919999809,64.652288,1.3803390264511108,0.3475883901119232,0.012193849310278893,0.3232421875,0.11737354844808578,0.0,0.12674832344055176,2.3753721714019775,2.2493577003479004,0.15435895323753357,0.0,36.0,0.0,0.0,36.0,0.0,36.0,0.3151453137397766,0.1864866018295288,2.6311848958333335,0.25508324305216473,0.020834632217884064,-0.09747380018234253
144,0.9505183009999882,64.652288,1.3333202600479126,0.34299731254577637,0.02410491555929184,0.3115234375,0.11320684850215912,0.0,0.12437828630208969,2.3013458251953125,2.200523853302002,0.14182326197624207,0.0,39.0,0.0,0.0,39.0,0.0,39.0,0.3148834904034932,0.18398118019104004,2.6602783203125,0.25502848625183105,0.02080720414717992,-0.0972777009010315
145,0.9612918710000145,64.652288,1.2964308261871338,0.33785536885261536,0.025769861415028572,0.302734375,0.1098594069480896,0.0,0.1217828243970871,2.189382553100586,2.1856369972229004,0.1338067352771759,0.0,37.0,0.0,0.0,37.0,0.0,37.0,0.31518226861953735,0.18418103456497192,2.6865641276041665,0.25572043657302856,0.02082406481107076,-0.09717971086502075
146,0.975170807999973,64.652288,1.2457947731018066,0.3422749936580658,0.01876191794872284,0.291015625,0.10516457259654999,0.0,0.11464916169643402,2.045788288116455,2.162130117416382,0.14648222923278809,0.0,43.0,0.0,0.0,43.0,0.0,43.0,0.31603898604710895,0.1838194727897644,2.7424723307291665,0.25700398286183673,0.02069903040925662,-0.097126305103302
147,0.9783366320000368,64.652288,1.2316111326217651,0.3444192111492157,0.02215166576206684,0.28515625,0.10397660732269287,0.0,0.11426465213298798,1.9633868932724,2.21372127532959,0.1245332583785057,0.0,26.0,0.0,0.0,26.0,0.0,26.0,0.3167155981063843,0.18391019105911255,2.7649739583333335,0.2580719788869222,0.020723674446344376,-0.09708207845687866
148,0.9722195090000127,64.652288,1.1932026147842407,0.3492271304130554,0.01583980768918991,0.2734375,0.10024212300777435,0.0,0.11237041652202606,1.933363437652588,2.2460930347442627,0.13758878409862518,0.0,32.0,0.0,0.0,32.0,0.0,32.0,0.3179238637288411,0.18548977375030518,2.7622884114583335,0.2596821188926697,0.020929788549741108,-0.09706336259841919
149,0.9747030690000429,64.652288,1.1394999027252197,0.35212552547454834,0.02761783078312874,0.2685546875,0.09535687416791916,0.0,0.1058187484741211,1.8586304187774658,2.2723376750946045,0.13691160082817078,0.0,36.0,0.0,0.0,36.0,0.0,36.0,0.31968212127685547,0.18715333938598633,2.77587890625,0.2614564696947734,0.020856318374474842,-0.09709519147872925
150,0.9759258149999823,64.652288,1.0878008604049683,0.3604278564453125,0.016845086589455605,0.2646484375,0.09072130173444748,0.0,0.10233722627162933,1.8120784759521484,2.346132516860962,0.10995497554540634,0.0,25.0,0.0,0.0,25.0,0.0,25.0,0.32057732343673706,0.18717306852340698,2.7993570963541665,0.2622077862421672,0.020858806868394215,-0.09716564416885376
151,1.0040639480000095,64.652288,1.0659399032592773,0.36872008442878723,0.018082238733768463,0.2578125,0.08848637342453003,0.0,0.09848068654537201,1.771490454673767,2.4270529747009277,0.12830841541290283,0.0,28.0,0.0,0.0,28.0,0.0,28.0,0.3213848074277242,0.18844759464263916,2.821044921875,0.2632717688878377,0.020872506002585094,-0.09728962182998657
152,1.040608891999966,64.652288,1.043411374092102,0.3781077265739441,0.017601734027266502,0.25390625,0.08647714555263519,0.0,0.0935165137052536,1.7559142112731934,2.4765758514404297,0.13015979528427124,0.0,33.0,0.0,0.0,33.0,0.0,33.0,0.3223002552986145,0.19406342506408691,2.8265380859375,0.26420843601226807,0.020783834159374237,-0.09743648767471313
153,0.9822144749999779,64.652288,1.0145175457000732,0.3842233419418335,0.018584638833999634,0.2490234375,0.08381762355566025,0.0,0.08524340391159058,1.774470329284668,2.5199623107910156,0.1391991376876831,0.0,26.0,0.0,0.0,26.0,0.0,26.0,0.3231665293375651,0.19399595260620117,2.8592936197916665,0.2645373543103536,0.020842512448628742,-0.09761983156204224
154,0.9525516169999833,64.652288,1.0172648429870605,0.3860633373260498,0.01729351468384266,0.248046875,0.08430515229701996,0.0,0.0836438536643982,1.8618698120117188,2.6136255264282227,0.11354947090148926,0.0,16.0,0.0,0.0,16.0,0.0,16.0,0.32299723227818805,0.19294026494026184,2.8502197265625,0.2641727328300476,0.020915600160757702,-0.09778231382369995
155,0.9735625789999744,64.652288,1.041080355644226,0.38280433416366577,0.01723163016140461,0.2431640625,0.08627031743526459,0.0,0.08212687075138092,1.9095189571380615,2.7106921672821045,0.138403058052063,0.0,26.0,0.0,0.0,26.0,0.0,26.0,0.3226824204126994,0.1910741925239563,2.852294921875,0.263874630133311,0.02101464569568634,-0.09780329465866089
156,0.9700686250000103,64.652288,1.084384560585022,0.3763650357723236,0.020620912313461304,0.240234375,0.09060622751712799,0.0,0.07960963249206543,1.883880376815796,2.8120484352111816,0.1452745795249939,0.0,18.0,0.0,0.0,18.0,0.0,18.0,0.32238147656122845,0.18631619215011597,2.8509521484375,0.2637203534444173,0.02104577173789342,-0.09683352708816528
157,0.9175854860000072,64.652288,1.078480839729309,0.382368803024292,0.01797042414546013,0.2353515625,0.09035184979438782,0.0,0.07598697394132614,1.9131121635437012,2.899143934249878,0.12676948308944702,0.0,20.0,0.0,0.0,20.0,0.0,20.0,0.32224321365356445,0.18474453687667847,2.855224609375,0.2637314399083455,0.02110777546962102,-0.09691816568374634
158,0.9920144199999754,64.652288,1.0889438390731812,0.38285595178604126,0.016846733167767525,0.228515625,0.09127914905548096,0.0,0.07387574762105942,1.8933956623077393,2.9927196502685547,0.14445528388023376,0.0,20.0,0.0,0.0,20.0,0.0,20.0,0.3217105468114217,0.1851176619529724,2.8434244791666665,0.2637265721956889,0.020996734499931335,-0.09775620698928833
159,1.015906832999974,64.652288,1.118222713470459,0.37923967838287354,0.017223482951521873,0.2236328125,0.094468854367733,0.0,0.07154034823179245,1.8635907173156738,3.028465986251831,0.1479751318693161,0.0,14.0,0.0,0.0,14.0,0.0,14.0,0.3219093879063924,0.18619763851165771,2.8378499348958335,0.26434534788131714,0.02099797377983729,-0.09772807359695435
160,0.9380999879999763,64.652288,1.1324291229248047,0.3812386393547058,0.019446833059191704,0.21875,0.09586787223815918,0.0,0.07449881732463837,1.835712194442749,3.133542537689209,0.14272069931030273,0.0,10.0,0.0,0.0,10.0,0.0,10.0,0.3218146165211995,0.1864711046218872,2.8315022786458335,0.2644578019777934,0.0209097887078921,-0.09765678644180298
161,0.953270687999975,64.652288,1.1718007326126099,0.3868008852005005,0.01698342338204384,0.2158203125,0.09942746162414551,0.0,0.07771758735179901,1.8185882568359375,3.2460527420043945,0.16105440258979797,0.0,13.0,0.0,0.0,13.0,0.0,13.0,0.3218723734219869,0.18910843133926392,2.8108723958333335,0.264480193456014,0.02091391384601593,-0.09761518239974976
162,0.9538684870000225,64.652288,1.1892187595367432,0.397159218788147,0.022918274626135826,0.212890625,0.10093327611684799,0.0,0.07992078363895416,1.8119258880615234,3.365044116973877,0.15654568374156952,0.0,13.0,0.0,0.0,13.0,0.0,13.0,0.32188574473063153,0.19463127851486206,2.7781168619791665,0.2645116647084554,0.021054133772850037,-0.09757715463638306
163,0.9643601010000111,64.652288,1.2366206645965576,0.39905184507369995,0.01913263648748398,0.2099609375,0.105430006980896,0.0,0.08259879052639008,1.8001163005828857,3.4734225273132324,0.171624094247818,0.0,18.0,0.0,0.0,18.0,0.0,18.0,0.32193954785664874,0.19472414255142212,2.729736328125,0.26472659905751544,0.02107977122068405,-0.09763878583908081
164,0.9862025330000392,64.652288,1.254541039466858,0.3986499309539795,0.01880941353738308,0.208984375,0.10757141560316086,0.0,0.0801391750574112,1.773411750793457,3.4966325759887695,0.16876155138015747,0.0,21.0,0.0,0.0,21.0,0.0,21.0,0.3225956956545512,0.19486254453659058,2.69580078125,0.26516632239023846,0.021175240476926167,-0.09758323431015015
165,0.9717685929999789,64.652288,1.2579323053359985,0.3965919613838196,0.021517548710107803,0.2041015625,0.10837003588676453,0.0,0.07905478775501251,1.7668702602386475,3.477520704269409,0.1515451967716217,0.0,15.0,0.0,0.0,15.0,0.0,15.0,0.3229278524716695,0.19888991117477417,2.7000325520833335,0.2651685873667399,0.021082691848278046,-0.09750038385391235
166,1.001281017999986,64.652288,1.2607028484344482,0.3950045108795166,0.03870810195803642,0.2021484375,0.10818110406398773,0.0,0.0827726423740387,1.84812331199646,3.4478626251220703,0.16999565064907074,0.0,15.0,0.0,0.0,15.0,0.0,15.0,0.32254157463709515,0.20597615838050842,2.6917317708333335,0.26453928152720135,0.0209766427675883,-0.09752529859542847
167,0.9934018640000204,64.652288,1.2472398281097412,0.39799678325653076,0.024800680577754974,0.1982421875,0.1068558394908905,0.0,0.08439519256353378,1.8697397708892822,3.397317886352539,0.14902500808238983,0.0,11.0,0.0,0.0,11.0,0.0,11.0,0.3222973346710205,0.20462021231651306,2.7022705078125,0.264151136080424,0.020974139372507732,-0.09757143259048462
168,0.9735649430000421,64.652288,1.2420185804367065,0.4030314087867737,0.02053130604326725,0.1943359375,0.10610740631818771,0.0,0.08557243645191193,1.8803966045379639,3.363921642303467,0.15845566987991333,0.0,19.0,0.0,0.0,19.0,0.0,19.0,0.32249120871225995,0.20459425449371338,2.6959228515625,0.2645237048467,0.021044336259365082,-0.09699112176895142
169,0.9418232529999955,64.652288,1.229123830795288,0.40403351187705994,0.021071206778287888,0.19140625,0.10454225540161133,0.0,0.08457698673009872,1.864804744720459,3.3436801433563232,0.18494141101837158,0.0,21.0,0.0,0.0,21.0,0.0,21.0,0.32277488708496094,0.19857263565063477,2.6885172526041665,0.2647672692934672,0.02103884518146515,-0.09691792726516724
170,0.9372113549999881,64.652288,1.2040672302246094,0.400177925825119,0.01875385455787182,0.1904296875,0.10258273780345917,0.0,0.08068913221359253,1.899986743927002,3.258744716644287,0.16623347997665405,0.0,16.0,0.0,0.0,16.0,0.0,16.0,0.32325583696365356,0.1920899748802185,2.7015380859375,0.2650767167409261,0.021011052032311756,-0.09868437051773071
171,0.945725374999995,64.652288,1.179011344909668,0.3963025212287903,0.015963435173034668,0.1845703125,0.10027216374874115,0.0,0.07979080080986023,1.9744203090667725,3.148250102996826,0.15461087226867676,0.0,18.0,0.0,0.0,18.0,0.0,18.0,0.32314109802246094,0.19207704067230225,2.7313232421875,0.26488139231999713,0.02084130048751831,-0.09868210554122925
172,0.9335906210000076,64.652288,1.1720330715179443,0.3879659175872803,0.01609017141163349,0.1806640625,0.09936515986919403,0.0,0.08165793120861053,2.074272632598877,3.0585267543792725,0.15827971696853638,0.0,14.0,0.0,0.0,14.0,0.0,14.0,0.32256444295247394,0.19180864095687866,2.7423095703125,0.2641224463780721,0.02084383616844813,-0.09857040643692017
173,0.9044801190000271,64.652288,1.209130883216858,0.3743286430835724,0.03102646954357624,0.1796875,0.10254840552806854,0.0,0.0880841314792633,2.1257119178771973,3.0297954082489014,0.16423848271369934,0.0,9.0,0.0,0.0,9.0,0.0,9.0,0.3217419385910034,0.19176983833312988,2.7195231119791665,0.26316283146540326,0.020804064969221752,-0.0984453558921814
174,0.9070835750000015,64.652288,1.2385425567626953,0.36199647188186646,0.028083326295018196,0.177734375,0.10480176657438278,0.0,0.09451989829540253,2.165286064147949,3.026503562927246,0.1836002916097641,0.0,13.0,0.0,0.0,13.0,0.0,13.0,0.3212742805480957,0.19477713108062744,2.7007242838541665,0.2629159490267436,0.020844702919324238,-0.09684520959854126
175,0.8988030389999722,64.652288,1.2990325689315796,0.3430304229259491,0.02734837308526039,0.1728515625,0.11020251363515854,0.0,0.10026733577251434,2.1243503093719482,3.08302640914917,0.20624755322933197,0.0,20.0,0.0,0.0,20.0,0.0,20.0,0.321140189965566,0.19676589965820312,2.6798909505208335,0.2629183530807495,0.020885979135831196,-0.09681707620620728
176,0.8978708239999946,64.652288,1.2999794483184814,0.3384806215763092,0.03541291877627373,0.1708984375,0.11053268611431122,0.0,0.10261905193328857,2.107093334197998,3.088137626647949,0.1732771396636963,0.0,15.0,0.0,0.0,15.0,0.0,15.0,0.32134459416071576,0.19676369428634644,2.6650390625,0.26331061124801636,0.020968871812025707,-0.09677165746688843
177,0.9158485710000264,64.652288,1.3179302215576172,0.3353469669818878,0.013067742809653282,0.1650390625,0.11182640492916107,0.0,0.1053440123796463,2.034811496734619,3.1476409435272217,0.2196824550628662,0.0,26.0,0.0,0.0,26.0,0.0,26.0,0.3214104374249776,0.1965787410736084,2.6798909505208335,0.2633485396703084,0.0210758571823438,-0.0967901349067688
178,0.903744463999999,64.652288,1.3097409009933472,0.33787399530410767,0.014350233599543571,0.1650390625,0.11127935349941254,0.0,0.10760802030563354,1.9345316886901855,3.198286771774292,0.17868292331695557,0.0,16.0,0.0,0.0,16.0,0.0,16.0,0.3213491638501485,0.1970270872116089,2.6774495442708335,0.2637309233347575,0.020970856149991352,-0.09682375192642212
179,0.9239097349999952,64.652288,1.2679519653320312,0.33962559700012207,0.018768716603517532,0.162109375,0.10700809955596924,0.0,0.10768000781536102,1.7363693714141846,3.1678693294525146,0.1984792947769165,0.0,27.0,0.0,0.0,27.0,0.0,27.0,0.3217177788416545,0.2031072974205017,2.6737467447916665,0.264338215192159,0.02087593326965968,-0.09687739610671997
180,0.9188607930000217,64.652288,1.2192680835723877,0.34749263525009155,0.018881728872656822,0.15625,0.10232894122600555,0.0,0.10656958818435669,1.6113603115081787,3.082029342651367,0.20541489124298096,0.0,21.0,0.0,0.0,21.0,0.0,21.0,0.3221449851989746,0.2006034553050995,2.6837158203125,0.265178640683492,0.020782737682263058,-0.09695106744766235
181,0.9228307419999737,64.652288,1.1689149141311646,0.3601617217063904,0.0220150426030159,0.15625,0.09732487052679062,0.0,0.10838188976049423,1.5780977010726929,3.0468788146972656,0.18962296843528748,0.0,14.0,0.0,0.0,14.0,0.0,14.0,0.32173873980840045,0.19762995839118958,2.6966552734375,0.26540980736414593,0.020800648878018062,-0.09705740213394165
182,0.9366447019999669,64.652288,1.1596484184265137,0.36346668004989624,0.021496325731277466,0.1533203125,0.09602639079093933,0.0,0.11332055181264877,1.6192954778671265,3.0692813396453857,0.18834547698497772,0.0,18.0,0.0,0.0,18.0,0.0,18.0,0.32114813725153607,0.1976172924041748,2.6970621744791665,0.2649465600649516,0.020743141571680706,-0.09706002473831177
183,0.9346587070000396,64.652288,1.1680388450622559,0.36505642533302307,0.020096205174922943,0.1513671875,0.09626160562038422,0.0,0.11726145446300507,1.65086030960083,3.0555315017700195,0.22317199409008026,0.0,21.0,0.0,0.0,21.0,0.0,21.0,0.32087254524230957,0.19748365879058838,2.681640625,0.2647146979967753,0.02079220364491145,-0.09674376249313354
184,0.9350937439999711,64.652288,1.1406657695770264,0.37228384613990784,0.022584376856684685,0.1494140625,0.09380348771810532,0.0,0.11443784832954407,1.7272670269012451,2.989975929260254,0.21584057807922363,0.0,27.0,0.0,0.0,27.0,0.0,27.0,0.3211503823598226,0.1964329481124878,2.6829020182291665,0.2650868892669678,0.020809882630904514,-0.09910279512405396
185,0.9314284429999589,64.652288,1.0961720943450928,0.3787029981613159,0.01984969526529312,0.1474609375,0.08948296308517456,0.0,0.10957024991512299,1.8158769607543945,2.9384925365448,0.223713681101799,0.0,27.0,0.0,0.0,27.0,0.0,27.0,0.32121121883392334,0.19577562808990479,2.7019856770833335,0.2653980255126953,0.020827655990918476,-0.09906679391860962
186,0.9498230769999623,64.652288,1.120288610458374,0.37116342782974243,0.016624869778752327,0.142578125,0.09195373952388763,0.0,0.10976611822843552,1.928675889968872,2.969247341156006,0.21342715620994568,0.0,21.0,0.0,0.0,21.0,0.0,21.0,0.3209946354230245,0.19462066888809204,2.6827392578125,0.26514969269434613,0.020799223333597183,-0.09894663095474243
187,0.9594237640000074,64.652288,1.1763180494308472,0.354464054107666,0.01460688840597868,0.1396484375,0.09709000587463379,0.0,0.10997648537158966,2.0230045318603516,2.9875686168670654,0.26201778650283813,0.0,30.0,0.0,0.0,30.0,0.0,30.0,0.3209826747576396,0.1945551633834839,2.6630859375,0.26513447364171344,0.02089379479487737,-0.09725910425186157
188,1.005644569000026,64.652288,1.189589500427246,0.34020546078681946,0.015818944200873375,0.13671875,0.09918373823165894,0.0,0.10393624007701874,2.0231785774230957,3.009324789047241,0.24036137759685516,0.0,29.0,0.0,0.0,29.0,0.0,29.0,0.32111916939417523,0.19519633054733276,2.69091796875,0.265200396378835,0.020839912196000416,-0.0972633957862854
189,1.018723351999995,64.652288,1.2113085985183716,0.3262920379638672,0.037669405341148376,0.134765625,0.10184802860021591,0.0,0.10056361556053162,1.9367483854293823,3.071810245513916,0.220422625541687,0.0,23.0,0.0,0.0,23.0,0.0,23.0,0.32127994298934937,0.19510751962661743,2.7039388020833335,0.2654954195022583,0.020862219234307606,-0.09726625680923462
190,0.9953646630000321,64.652288,1.2223520278930664,0.31718897819519043,0.01629451848566532,0.1337890625,0.10331076383590698,0.0,0.09854438155889511,1.8220361471176147,3.152848243713379,0.20376479625701904,0.0,19.0,0.0,0.0,19.0,0.0,19.0,0.3217510978380839,0.19526821374893188,2.7139485677083335,0.26590166489283246,0.020865661402543385,-0.0976148247718811
191,1.0165689629999974,64.652288,1.230221152305603,0.31664153933525085,0.014646471478044987,0.12890625,0.10384273529052734,0.0,0.0968160629272461,1.703078269958496,3.212782621383667,0.24393895268440247,0.0,32.0,0.0,0.0,32.0,0.0,32.0,0.3223995566368103,0.19794875383377075,2.6866861979166665,0.26661747694015503,0.02092672884464264,-0.09749561548233032
192,1.0507294079999951,64.652288,1.1974902153015137,0.3254580497741699,0.035852208733558655,0.126953125,0.10153698921203613,0.0,0.0919421911239624,1.5889556407928467,3.168945789337158,0.19532454013824463,0.0,14.0,0.0,0.0,14.0,0.0,14.0,0.3232085704803467,0.2026544213294983,2.687255859375,0.2675717870394389,0.021113527317841847,-0.09744387865066528
193,1.0591025030000196,64.652288,1.194561243057251,0.3391151428222656,0.024034107103943825,0.1220703125,0.10125767439603806,0.0,0.09076468646526337,1.5144304037094116,3.1459388732910156,0.2020484209060669,0.0,20.0,0.0,0.0,20.0,0.0,20.0,0.3236404061317444,0.20417451858520508,2.6968587239583335,0.26788278420766193,0.020947871108849842,-0.09754830598831177
194,1.063820614000008,64.652288,1.181206226348877,0.35163983702659607,0.025148555636405945,0.1201171875,0.09985826909542084,0.0,0.0904255211353302,1.45060133934021,3.14967679977417,0.20672838389873505,0.0,20.0,0.0,0.0,20.0,0.0,20.0,0.32386980454126996,0.2031530737876892,2.697021484375,0.26822833220163983,0.020817217727502186,-0.09762102365493774
195,1.094410329000027,64.652288,1.1446850299835205,0.365723580121994,0.020112883299589157,0.1181640625,0.09660720825195312,0.0,0.08965027332305908,1.404862403869629,3.1834006309509277,0.18619303405284882,0.0,14.0,0.0,0.0,14.0,0.0,14.0,0.3238101402918498,0.19964280724525452,2.6999104817708335,0.2685688336690267,0.02091395854949951,-0.09739428758621216
196,1.0783531860000153,64.652288,1.1065037250518799,0.38105928897857666,0.020780159160494804,0.1181640625,0.09254245460033417,0.0,0.08847644925117493,1.42191481590271,3.192835569381714,0.20574483275413513,0.0,19.0,0.0,0.0,19.0,0.0,19.0,0.3234785199165344,0.19681701064109802,2.7161458333333335,0.2684954007466634,0.021028933425744373,-0.09763568639755249
197,1.0104014120000215,64.652288,1.0862091779708862,0.3903716802597046,0.03591876104474068,0.1171875,0.09068021178245544,0.0,0.08865238726139069,1.4694228172302246,3.2007017135620117,0.18441949784755707,0.0,12.0,0.0,0.0,12.0,0.0,12.0,0.32312623659769696,0.196760356426239,2.72900390625,0.26805071036020917,0.021027247111002605,-0.09759265184402466
198,0.9601308009999912,64.652288,1.0822356939315796,0.3933909833431244,0.025640225037932396,0.1162109375,0.09023582190275192,0.0,0.08970820903778076,1.471116065979004,3.2207725048065186,0.18469612300395966,0.0,18.0,0.0,0.0,18.0,0.0,18.0,0.32255303859710693,0.19681060314178467,2.7545166015625,0.2672926187515259,0.020950138568878174,-0.09751993417739868
199,0.9433979780000072,64.652288,1.0599558353424072,0.3945143222808838,0.03387778252363205,0.11328125,0.08791002631187439,0.0,0.0898054838180542,1.502738356590271,3.160625457763672,0.19149820506572723,0.0,13.0,0.0,0.0,13.0,0.0,13.0,0.3221397598584493,0.19470107555389404,2.744873046875,0.2668246030807495,0.020963447789351147,-0.0976528525352478
200,0.9623159760000135,64.652288,1.0534734725952148,0.3876885771751404,0.03178036957979202,0.11328125,0.08721014112234116,0.0,0.09040337800979614,1.534501552581787,3.0938003063201904,0.1884191483259201,0.0,14.0,0.0,0.0,14.0,0.0,14.0,0.32191882530848187,0.19722872972488403,2.7571207682291665,0.2667705217997233,0.020996764302253723,-0.09776526689529419
201,0.9875235780000367,64.652288,1.0245025157928467,0.3805304169654846,0.01888308860361576,0.109375,0.08429121226072311,0.0,0.0890958234667778,1.5616817474365234,3.040369749069214,0.2131483256816864,0.0,26.0,0.0,0.0,26.0,0.0,26.0,0.32244424025217694,0.19668233394622803,2.7969156901041665,0.2673044999440511,0.020951025187969208,-0.09777718782424927
202,0.998057609,64.652288,1.0007195472717285,0.3663523495197296,0.023135129362344742,0.1064453125,0.08290822803974152,0.0,0.08098363876342773,1.528385877609253,2.9852700233459473,0.18122506141662598,0.0,23.0,0.0,0.0,23.0,0.0,23.0,0.32403337955474854,0.19709360599517822,2.8034261067708335,0.268918255964915,0.021030517915884655,-0.09734469652175903
203,0.9861263519999852,64.652288,1.0035403966903687,0.354625403881073,0.01826336793601513,0.103515625,0.08332639932632446,0.0,0.07768607139587402,1.5638301372528076,3.0589587688446045,0.18310856819152832,0.0,24.0,0.0,0.0,24.0,0.0,24.0,0.32542945941289264,0.19865751266479492,2.7765706380208335,0.2706416845321655,0.021013731757799785,-0.09775406122207642
204,0.9694112810000206,64.652288,1.009143352508545,0.34784018993377686,0.03229270130395889,0.1025390625,0.08463197946548462,0.0,0.0692247748374939,1.5088026523590088,3.1252315044403076,0.17098486423492432,0.0,23.0,0.0,0.0,23.0,0.0,23.0,0.3268904685974121,0.2024114727973938,2.768798828125,0.2724926471710205,0.02106613665819168,-0.09766417741775513
205,0.983216423999977,64.652288,1.0101147890090942,0.3489614725112915,0.031277041882276535,0.1025390625,0.08485519886016846,0.0,0.06579972058534622,1.4624097347259521,3.221001386642456,0.1721200793981552,0.0,17.0,0.0,0.0,17.0,0.0,17.0,0.3274276852607727,0.2043553590774536,2.7716471354166665,0.2732260624567668,0.0211589311559995,-0.09753149747848511
206,0.9716144970000187,64.652288,0.9956006407737732,0.358165442943573,0.08131304383277893,0.1015625,0.08339231461286545,0.0,0.06624379009008408,1.4150569438934326,3.2565667629241943,0.16499406099319458,0.0,8.0,0.0,0.0,8.0,0.0,8.0,0.32718952496846515,0.20284676551818848,2.7867431640625,0.27309632301330566,0.021184787154197693,-0.09764105081558228
207,0.9900144520000254,64.652288,0.9604954123497009,0.3784160614013672,0.053777799010276794,0.1005859375,0.07963636517524719,0.0,0.06846721470355988,1.3596190214157104,3.3307809829711914,0.15677033364772797,0.0,13.0,0.0,0.0,13.0,0.0,13.0,0.3265687823295593,0.1937795877456665,2.8076985677083335,0.2724364995956421,0.02119111269712448,-0.09771186113357544
208,1.0400143630000116,64.652288,0.9226513504981995,0.40084323287010193,0.050335586071014404,0.09765625,0.07588789612054825,0.0,0.06501585245132446,1.2796517610549927,3.316077709197998,0.16445352137088776,0.0,16.0,0.0,0.0,16.0,0.0,16.0,0.32617159684499103,0.18953198194503784,2.8021240234375,0.27233366171518963,0.02115553120772044,-0.097461998462677
209,1.0190246409999872,64.652288,0.8857769966125488,0.42067092657089233,0.05907386541366577,0.09765625,0.07209927588701248,0.0,0.06710883975028992,1.3240077495574951,3.3164491653442383,0.15474705398082733,0.0,7.0,0.0,0.0,7.0,0.0,7.0,0.3250048557917277,0.1898956298828125,2.7957356770833335,0.27150607109069824,0.020979526142279308,-0.09747272729873657
210,0.963977194999984,64.652288,0.8775208592414856,0.4228711724281311,0.04348313808441162,0.0966796875,0.07111123949289322,0.0,0.07074665278196335,1.3824450969696045,3.4430644512176514,0.1454015076160431,0.0,9.0,0.0,0.0,9.0,0.0,9.0,0.3239601453145345,0.1948455572128296,2.7563883463541665,0.2704359491666158,0.020954372982184093,-0.097667396068573
211,0.9857074380000199,64.652288,0.891677737236023,0.40865305066108704,0.06231217086315155,0.0966796875,0.07191880792379379,0.0,0.07816097140312195,1.4660228490829468,3.6466259956359863,0.15133818984031677,0.0,5.0,0.0,0.0,5.0,0.0,5.0,0.32274778683980304,0.1960005760192871,2.7189127604166665,0.2693646351496379,0.020920224487781525,-0.09763187170028687
212,0.9831794790000004,64.652288,0.9154099822044373,0.3844209611415863,0.03603016585111618,0.09375,0.0737040564417839,0.0,0.08381529897451401,1.5859222412109375,3.7752203941345215,0.16702990233898163,0.0,16.0,0.0,0.0,16.0,0.0,16.0,0.32253990570704144,0.19542157649993896,2.7227376302083335,0.26888740062713623,0.020867993434270222,-0.09766918420791626
213,0.9507920730000023,64.652288,0.9271553754806519,0.35952603816986084,0.060864631086587906,0.0927734375,0.07490716874599457,0.0,0.0872369036078453,1.6769025325775146,3.713292121887207,0.15461166203022003,0.0,11.0,0.0,0.0,11.0,0.0,11.0,0.323062260945638,0.19540107250213623,2.7354329427083335,0.26950109004974365,0.02087973803281784,-0.09777432680130005
214,0.9728517010000246,64.652288,0.9573093056678772,0.3405833840370178,0.09304053336381912,0.091796875,0.077590212225914,0.0,0.09082520008087158,1.7587002515792847,3.6099812984466553,0.16946546733379364,0.0,18.0,0.0,0.0,18.0,0.0,18.0,0.32378260294596356,0.19654804468154907,2.7659098307291665,0.27047574520111084,0.020860008895397186,-0.09746915102005005
215,0.9717830029999845,64.652288,0.9954596757888794,0.3318754732608795,0.06167124956846237,0.0908203125,0.08111651241779327,0.0,0.09150167554616928,1.7320802211761475,3.5573477745056152,0.18819843232631683,0.0,23.0,0.0,0.0,23.0,0.0,23.0,0.325095276037852,0.19744426012039185,2.7855631510416665,0.27188338836034137,0.02087834229071935,-0.09740763902664185
216,0.9729016430000001,64.652288,1.0000520944595337,0.3350012004375458,0.03743230551481247,0.0888671875,0.08178942650556564,0.0,0.08112630993127823,1.6159452199935913,3.6055305004119873,0.2185530662536621,0.0,33.0,0.0,0.0,33.0,0.0,33.0,0.3269639213879903,0.1993435025215149,2.7731526692708335,0.2742527325948079,0.020885929465293884,-0.0976671576499939
217,1.0143574409999587,64.652288,0.9178506135940552,0.3533090353012085,0.04674286022782326,0.0869140625,0.07489381730556488,0.0,0.0682462528347969,1.5404255390167236,3.6143224239349365,0.18222157657146454,0.0,23.0,0.0,0.0,23.0,0.0,23.0,0.32895320653915405,0.2014751434326172,2.7935384114583335,0.2762282093365987,0.020989172160625458,-0.09770065546035767
218,0.9898299609999981,64.652288,0.8455018401145935,0.3730470538139343,0.055259931832551956,0.0859375,0.06828959286212921,0.0,0.06387123465538025,1.4328744411468506,3.571164131164551,0.1551799476146698,0.0,9.0,0.0,0.0,9.0,0.0,9.0,0.32961515585581463,0.20553237199783325,2.7851969401041665,0.27690539757410687,0.02098832776149114,-0.0975378155708313
219,0.9749648260000185,64.652288,0.8067768812179565,0.3855118751525879,0.045681875199079514,0.0830078125,0.06459694355726242,0.0,0.061771370470523834,1.3352830410003662,3.5673959255218506,0.16316913068294525,0.0,15.0,0.0,0.0,15.0,0.0,15.0,0.3293536305427551,0.2116602063179016,2.7819010416666665,0.2767256498336792,0.020972512662410736,-0.09747964143753052
220,0.972253754999997,64.652288,0.7866503596305847,0.39226633310317993,0.049248941242694855,0.08203125,0.062723807990551,0.0,0.058546822518110275,1.256333589553833,3.5370938777923584,0.16800229251384735,0.0,17.0,0.0,0.0,17.0,0.0,17.0,0.32834072907765705,0.2104998230934143,2.8000895182291665,0.2761998176574707,0.0209693710009257,-0.09757012128829956
221,0.9823700209999515,64.652288,0.8031185269355774,0.3895372152328491,0.07807327061891556,0.08203125,0.06455277651548386,0.0,0.05746769905090332,1.2880057096481323,3.504143714904785,0.16026613116264343,0.0,9.0,0.0,0.0,9.0,0.0,9.0,0.3269442915916443,0.20956680178642273,2.7960611979166665,0.27508840958277386,0.020925598839918774,-0.09741312265396118
222,0.944778145999976,64.652288,0.8535382747650146,0.37715944647789,0.04847608134150505,0.0810546875,0.06945889443159103,0.0,0.06014252454042435,1.3176329135894775,3.5692763328552246,0.14878249168395996,0.0,9.0,0.0,0.0,9.0,0.0,9.0,0.3251818021138509,0.20922261476516724,2.7987060546875,0.27360570430755615,0.020957887172698975,-0.09742492437362671
223,0.927947195999991,64.652288,0.8780686855316162,0.35907912254333496,0.07490748167037964,0.0810546875,0.07165858894586563,0.0,0.06265850365161896,1.323730707168579,3.633754253387451,0.1506020724773407,0.0,8.0,0.0,0.0,8.0,0.0,8.0,0.3238859971364339,0.20386075973510742,2.7767740885416665,0.2724504868189494,0.020951494574546814,-0.09742110967636108
224,0.9256197660000112,64.652288,0.8953335285186768,0.341976523399353,0.03820347413420677,0.078125,0.07315920293331146,0.0,0.06348676979541779,1.324472427368164,3.6806745529174805,0.16156892478466034,0.0,14.0,0.0,0.0,14.0,0.0,14.0,0.32350850105285645,0.19502735137939453,2.7516276041666665,0.2720861832300822,0.020909433563550312,-0.09740716218948364
225,0.9416146209999852,64.652288,0.8782569766044617,0.3353860378265381,0.06201150640845299,0.0771484375,0.071489118039608,0.0,0.06244379281997681,1.413469672203064,3.646730899810791,0.1532793492078781,0.0,16.0,0.0,0.0,16.0,0.0,16.0,0.3243224223454793,0.18831151723861694,2.7269287109375,0.2724901835123698,0.02081042155623436,-0.09744399785995483
226,0.9517471579999892,64.652288,0.8607425689697266,0.3332945704460144,0.10905472934246063,0.0771484375,0.06978553533554077,0.0,0.061114080250263214,1.5147221088409424,3.5923380851745605,0.14182478189468384,0.0,5.0,0.0,0.0,5.0,0.0,5.0,0.3253096143404643,0.18579277396202087,2.7243245442708335,0.27319590250651044,0.02077244222164154,-0.09750121831893921
227,0.9414435559999674,64.652288,0.8572206497192383,0.34254083037376404,0.0343586690723896,0.0751953125,0.06852231919765472,0.0,0.06590093672275543,1.5222315788269043,3.7864990234375,0.15454842150211334,0.0,6.0,0.0,0.0,6.0,0.0,6.0,0.3259384036064148,0.18658162653446198,2.7448323567708335,0.2736035982767741,0.020833695928255718,-0.09747415781021118
228,0.9418779810000046,64.652288,0.8462069034576416,0.36376285552978516,0.053604889661073685,0.07421875,0.06709496676921844,0.0,0.06601199507713318,1.4238475561141968,4.007482528686523,0.16565696895122528,0.0,13.0,0.0,0.0,13.0,0.0,13.0,0.32659997542699176,0.19319553673267365,2.7325846354166665,0.2741577426592509,0.020710657040278118,-0.09723073244094849
229,0.9343540610000218,64.652288,0.8665287494659424,0.38892751932144165,0.06925936043262482,0.0732421875,0.06858159601688385,0.0,0.06845875084400177,1.3672298192977905,4.225741863250732,0.17070892453193665,0.0,8.0,0.0,0.0,8.0,0.0,8.0,0.32608020305633545,0.20818880200386047,2.7347412109375,0.2738288442293803,0.020727636913458507,-0.09722310304641724
230,0.9268174370000111,64.652288,0.9074856042861938,0.40836793184280396,0.07997427880764008,0.0703125,0.07259689271450043,0.0,0.06854543089866638,1.3240458965301514,4.319059371948242,0.1832486093044281,0.0,15.0,0.0,0.0,15.0,0.0,15.0,0.32491358121236164,0.21489115059375763,2.7345784505208335,0.272577961285909,0.02077422042687734,-0.09723430871963501
231,0.9385100829999828,64.652288,0.9616810083389282,0.414500892162323,0.10244335979223251,0.0693359375,0.07779228687286377,0.0,0.07059529423713684,1.355717420578003,4.270014762878418,0.1952524185180664,0.0,13.0,0.0,0.0,13.0,0.0,13.0,0.32284796237945557,0.21346087753772736,2.7125651041666665,0.2706266442934672,0.020759617288907368,-0.09729987382888794
232,0.9279555690000052,64.652288,0.9512386322021484,0.41093090176582336,0.07069971412420273,0.0693359375,0.07692679762840271,0.0,0.07121764123439789,1.3794317245483398,4.097134113311768,0.19225144386291504,0.0,10.0,0.0,0.0,10.0,0.0,10.0,0.32077109813690186,0.2128874808549881,2.7255452473958335,0.26872311035792035,0.020841084420681,-0.09740108251571655
233,0.9037852769999972,64.652288,0.93410325050354,0.39440029859542847,0.0520862452685833,0.0693359375,0.07528035342693329,0.0,0.07345259189605713,1.4654531478881836,3.9883718490600586,0.17639648914337158,0.0,9.0,0.0,0.0,9.0,0.0,9.0,0.3190181454022725,0.20914848148822784,2.7263590494791665,0.26692179838816327,0.02086291213830312,-0.09748178720474243
234,0.9967806029999906,64.652288,0.9166356325149536,0.3696972727775574,0.048912521451711655,0.068359375,0.07326836884021759,0.0,0.07696836441755295,1.6047614812850952,3.9809584617614746,0.19040191173553467,0.0,18.0,0.0,0.0,18.0,0.0,18.0,0.31776148080825806,0.20795707404613495,2.7199300130208335,0.26593732833862305,0.020744307587544124,-0.09748917818069458
235,1.0215974999999844,64.652288,0.9377474188804626,0.34266236424446106,0.07778601348400116,0.068359375,0.07529383897781372,0.0,0.08088923990726471,1.77168869972229,4.058688163757324,0.16344322264194489,0.0,10.0,0.0,0.0,10.0,0.0,10.0,0.3177749514579773,0.2047722339630127,2.7092692057291665,0.2659682631492615,0.02062806487083435,-0.09748131036758423
236,1.0096490240000549,64.652288,0.9823235869407654,0.324413001537323,0.10252009332180023,0.068359375,0.07901693880558014,0.0,0.08944237232208252,1.9380477666854858,4.160290718078613,0.17386579513549805,0.0,10.0,0.0,0.0,10.0,0.0,10.0,0.31859638293584186,0.20882898569107056,2.6901448567708335,0.2666776378949483,0.020598535736401875,-0.09751302003860474
237,0.9848519149999788,64.652288,1.0141350030899048,0.31763768196105957,0.0564032718539238,0.068359375,0.08177859336137772,0.0,0.09613572061061859,1.9952247142791748,4.146597862243652,0.17312666773796082,0.0,10.0,0.0,0.0,10.0,0.0,10.0,0.32000939051310223,0.20266294479370117,2.6953531901041665,0.2680600881576538,0.020714407165845234,-0.09757763147354126
238,0.9991693000000055,64.652288,1.008674144744873,0.32575613260269165,0.0451374389231205,0.0673828125,0.08062794804573059,0.0,0.09938199818134308,2.05410099029541,4.042971611022949,0.19942890107631683,0.0,19.0,0.0,0.0,19.0,0.0,19.0,0.3216541012128194,0.1951637864112854,2.67138671875,0.26974205176035565,0.020742610096931458,-0.0976610779762268
239,0.9525910760000329,64.652288,1.0061142444610596,0.33971351385116577,0.05199166387319565,0.0654296875,0.08059324324131012,0.0,0.09714382886886597,1.9079898595809937,3.8776779174804688,0.21341030299663544,0.0,17.0,0.0,0.0,17.0,0.0,17.0,0.3230420748392741,0.19412505626678467,2.6637776692708335,0.27116096019744873,0.020763083050648373,-0.09778958559036255
240,0.984877670000003,64.652288,0.9838173389434814,0.35460567474365234,0.057892221957445145,0.064453125,0.07877018302679062,0.0,0.09336650371551514,1.6913001537322998,3.8013930320739746,0.2097940891981125,0.0,24.0,0.0,0.0,24.0,0.0,24.0,0.32336477438608807,0.19465619325637817,2.6620686848958335,0.27170751492182416,0.020733455816904705,-0.0977519154548645
241,0.9572897959999978,64.652288,0.97121661901474,0.3639478087425232,0.059299536049366,0.064453125,0.07794660329818726,0.0,0.09132792800664902,1.531299352645874,3.739515781402588,0.20082888007164001,0.0,19.0,0.0,0.0,19.0,0.0,19.0,0.323191503683726,0.19645720720291138,2.6656087239583335,0.2716940641403198,0.020808354020118713,-0.0974927544593811
242,0.96153888799995,64.652288,0.9629620313644409,0.36889320611953735,0.04723620414733887,0.0634765625,0.07726271450519562,0.0,0.09126263856887817,1.4905459880828857,3.6469027996063232,0.20299534499645233,0.0,18.0,0.0,0.0,18.0,0.0,18.0,0.3224347035090129,0.19877594709396362,2.6702880859375,0.2711043357849121,0.020798104504744213,-0.09782129526138306
243,0.9909530529999984,64.652288,0.9801077842712402,0.3622745871543884,0.02848459966480732,0.0625,0.07881921529769897,0.0,0.09451310336589813,1.5042877197265625,3.533356189727783,0.21636879444122314,0.0,20.0,0.0,0.0,20.0,0.0,20.0,0.3212803403536479,0.2032334804534912,2.6966145833333335,0.2702224055926005,0.02081532155474027,-0.09777826070785522
244,0.9704999799999996,64.652288,0.97486811876297,0.35052037239074707,0.025533197447657585,0.060546875,0.07836675643920898,0.0,0.09528045356273651,1.590723991394043,3.3445839881896973,0.19760826230049133,0.0,20.0,0.0,0.0,20.0,0.0,20.0,0.3204519748687744,0.2108362317085266,2.6969401041666665,0.26934367418289185,0.020767424255609512,-0.09768003225326538
245,0.9662010060000057,64.652288,0.9735695719718933,0.3382878601551056,0.02324739471077919,0.060546875,0.07811582088470459,0.0,0.09765873849391937,1.6613168716430664,3.2065138816833496,0.2022002637386322,0.0,20.0,0.0,0.0,20.0,0.0,20.0,0.31929677724838257,0.2138342261314392,2.7335611979166665,0.2684193054835002,0.020575304826100666,-0.0976143479347229
246,0.9536046960000135,64.652288,1.0078692436218262,0.31927940249443054,0.04618870094418526,0.060546875,0.08173549175262451,0.0,0.10088954865932465,1.638658881187439,3.083434581756592,0.1941172331571579,0.0,18.0,0.0,0.0,18.0,0.0,18.0,0.3186057011286418,0.2135370969772339,2.72265625,0.26806368430455524,0.020571061720450718,-0.0976380705833435
247,0.9831669289999923,64.652288,1.016511082649231,0.3059055209159851,0.041625987738370895,0.0556640625,0.0824342593550682,0.0,0.10372050851583481,1.707703948020935,2.991330623626709,0.19212740659713745,0.0,23.0,0.0,0.0,23.0,0.0,23.0,0.3189352552096049,0.20863384008407593,2.738525390625,0.26851552724838257,0.020588606595993042,-0.0975070595741272
248,0.9612080829999741,64.652288,0.9921466112136841,0.3041438162326813,0.05936262384057045,0.0556640625,0.07981771230697632,0.0,0.10460595786571503,1.849538803100586,2.9990038871765137,0.20777611434459686,0.0,20.0,0.0,0.0,20.0,0.0,20.0,0.31992069880167645,0.20121675729751587,2.7363688151041665,0.26976996660232544,0.020532617966334026,-0.09749895334243774
249,0.9298520419999932,64.652288,0.9957704544067383,0.3029589056968689,0.038566213101148605,0.0546875,0.08002972602844238,0.0,0.10623027384281158,1.927621841430664,3.1116750240325928,0.20722894370555878,0.0,16.0,0.0,0.0,16.0,0.0,16.0,0.32061974207560223,0.19341301918029785,2.7259928385416665,0.2705104748408,0.020581598083178203,-0.09765583276748657
250,0.955866025999967,64.652288,0.9900113940238953,0.30922988057136536,0.026027576997876167,0.0537109375,0.07947450876235962,0.0,0.10441504418849945,1.8978006839752197,3.2238805294036865,0.20518557727336884,0.0,27.0,0.0,0.0,27.0,0.0,27.0,0.32144854466120404,0.18805772066116333,2.720703125,0.27133842309316,0.02058161919315656,-0.09761756658554077
251,0.9787526929999899,64.652288,0.9978439807891846,0.3190728425979614,0.023188471794128418,0.052734375,0.08042151480913162,0.0,0.09632952511310577,1.7261409759521484,3.441173553466797,0.21914076805114746,0.0,29.0,0.0,0.0,29.0,0.0,29.0,0.32198596000671387,0.1880553960800171,2.7659912109375,0.27193893988927204,0.020630590617656708,-0.09760028123855591
252,0.9823889479999934,64.652288,0.9967451691627502,0.3306232690811157,0.031808286905288696,0.052734375,0.08069949597120285,0.0,0.09151491522789001,1.5369949340820312,3.6233088970184326,0.22318248450756073,0.0,25.0,0.0,0.0,25.0,0.0,25.0,0.3219725688298543,0.22766700387001038,2.764404296875,0.27193963527679443,0.02070298542579015,-0.09766596555709839
253,1.0284870059999776,64.652288,0.9970065951347351,0.342592716217041,0.035409536212682724,0.0517578125,0.08100207895040512,0.0,0.08815371245145798,1.404457449913025,3.7185473442077637,0.21049875020980835,0.0,20.0,0.0,0.0,20.0,0.0,20.0,0.3212987581888835,0.22485068440437317,2.7669270833333335,0.2713964382807414,0.020846205453077953,-0.09768301248550415
254,0.9969034309999643,64.652288,0.9635846018791199,0.359393835067749,0.03828219696879387,0.05078125,0.07799816131591797,0.0,0.08604004979133606,1.343398094177246,3.7345032691955566,0.18601664900779724,0.0,13.0,0.0,0.0,13.0,0.0,13.0,0.3204526702562968,0.2150888741016388,2.7693277994791665,0.27030110359191895,0.020986621578534443,-0.09728342294692993
255,0.9955552760000046,64.652288,0.9576871395111084,0.36943086981773376,0.03365752100944519,0.05078125,0.0769650936126709,0.0,0.08910481631755829,1.3832921981811523,3.672804594039917,0.19523197412490845,0.0,11.0,0.0,0.0,11.0,0.0,11.0,0.31881485382715863,0.21404604613780975,2.7441813151041665,0.26834503809611004,0.020921185612678528,-0.09727722406387329
256,0.9701449649999745,64.652288,0.9670360684394836,0.36962780356407166,0.02900741994380951,0.05078125,0.07752213627099991,0.0,0.09270032495260239,1.424155592918396,3.583035945892334,0.18777883052825928,0.0,11.0,0.0,0.0,11.0,0.0,11.0,0.31706945101420086,0.2156629115343094,2.7293294270833335,0.2663370569547017,0.020797920723756153,-0.09729379415512085
257,0.9638220280000382,64.652288,0.9963894486427307,0.3626309037208557,0.018790042027831078,0.05078125,0.0799081027507782,0.0,0.09713868796825409,1.5691975355148315,3.547905445098877,0.1997877061367035,0.0,19.0,0.0,0.0,19.0,0.0,19.0,0.31563156843185425,0.21131691336631775,2.7246500651041665,0.2645290493965149,0.02074534073472023,-0.09736889600753784
258,1.0068518990000257,64.652288,1.0273758172988892,0.3477823734283447,0.013777601532638073,0.05078125,0.0829484686255455,0.0,0.09695860743522644,1.724379301071167,3.574061870574951,0.19158947467803955,0.0,21.0,0.0,0.0,21.0,0.0,21.0,0.3148931662241618,0.21104870736598969,2.72314453125,0.2637680967648824,0.0207145760456721,-0.09747892618179321
259,0.9883413000000019,64.652288,1.0442906618118286,0.33040761947631836,0.03630267456173897,0.05078125,0.08475589752197266,0.0,0.09843073785305023,1.774248480796814,3.486806631088257,0.180648535490036,0.0,15.0,0.0,0.0,15.0,0.0,15.0,0.3147961099942525,0.21068693697452545,2.7421061197916665,0.26392696301142377,0.0206852729121844,-0.09758633375167847
260,1.0101160440000285,64.652288,1.0561336278915405,0.31878188252449036,0.06741273403167725,0.05078125,0.08557236194610596,0.0,0.10455798357725143,1.81248939037323,3.509270191192627,0.1857464760541916,0.0,16.0,0.0,0.0,16.0,0.0,16.0,0.31498785813649494,0.20995298027992249,2.7249348958333335,0.2642438809076945,0.020566965142885845,-0.09747952222824097
261,1.0156320009999718,64.652288,1.0418643951416016,0.3159298300743103,0.01053753960877657,0.0498046875,0.08392005413770676,0.0,0.1052057296037674,1.7600691318511963,3.6035735607147217,0.20664438605308533,0.0,32.0,0.0,0.0,32.0,0.0,32.0,0.3160133163134257,0.20981146395206451,2.7071940104166665,0.2652284502983093,0.02065858617424965,-0.09746915102005005
262,1.0225764539999886,64.652288,1.023573875427246,0.3179255723953247,0.015646643936634064,0.0498046875,0.08268551528453827,0.0,0.10022526234388351,1.6177518367767334,3.6226491928100586,0.21005356311798096,0.0,30.0,0.0,0.0,30.0,0.0,30.0,0.31713342666625977,0.20428651571273804,2.6981608072916665,0.26645125945409137,0.020701815684636433,-0.09747177362442017
263,1.0105224980000003,64.652288,0.9943674206733704,0.3253534138202667,0.012964251451194286,0.048828125,0.0799492821097374,0.0,0.09957855939865112,1.583709716796875,3.6387686729431152,0.19880065321922302,0.0,17.0,0.0,0.0,17.0,0.0,17.0,0.3176037669181824,0.19961240887641907,2.6843668619791665,0.2669002612431844,0.020799919962882996,-0.09759074449539185
264,0.9607736109999792,64.652288,0.9711474180221558,0.33362460136413574,0.011930098757147789,0.0478515625,0.07781583070755005,0.0,0.09988930076360703,1.559823989868164,3.6643710136413574,0.19150277972221375,0.0,22.0,0.0,0.0,22.0,0.0,22.0,0.3178631862004598,0.19788873195648193,2.6809895833333335,0.2673397461573283,0.02095465858777364,-0.09758692979812622
265,0.947786705999988,64.652288,0.9602328538894653,0.3406233787536621,0.012793031521141529,0.046875,0.07676919549703598,0.0,0.10165755450725555,1.5314925909042358,3.609318256378174,0.19144611060619354,0.0,20.0,0.0,0.0,20.0,0.0,20.0,0.31771691640218097,0.19754010438919067,2.6740315755208335,0.2676248947779338,0.0209883451461792,-0.09767943620681763
266,0.9428722709999988,64.652288,0.9584972262382507,0.3456796705722809,0.008969562128186226,0.046875,0.07650585472583771,0.0,0.10377450287342072,1.485184669494629,3.5120227336883545,0.18789422512054443,0.0,16.0,0.0,0.0,16.0,0.0,16.0,0.31789936621983844,0.1963014006614685,2.6943766276041665,0.267960786819458,0.020913603405157726,-0.09772282838821411
267,1.007755531999976,64.652288,0.9680842757225037,0.351041316986084,0.013782940804958344,0.0458984375,0.07696717977523804,0.0,0.10708149522542953,1.458324670791626,3.5149917602539062,0.21225634217262268,0.0,23.0,0.0,0.0,23.0,0.0,23.0,0.31803590059280396,0.19664251804351807,2.6949869791666665,0.26825233300526935,0.020971742769082386,-0.09741336107254028
268,0.9803645410000286,64.652288,0.9472566246986389,0.3546975553035736,0.023527558892965317,0.044921875,0.07559629529714584,0.0,0.1015663892030716,1.421935796737671,3.5055434703826904,0.1910734623670578,0.0,24.0,0.0,0.0,24.0,0.0,24.0,0.31891196966171265,0.196437269449234,2.708984375,0.2694408694903056,0.02099406470855077,-0.09738761186599731
269,0.9835454049999726,64.652288,0.9326435327529907,0.3573421239852905,0.019291630014777184,0.0439453125,0.0742451548576355,0.0,0.09768617153167725,1.400045394897461,3.433628797531128,0.20760735869407654,0.0,29.0,0.0,0.0,29.0,0.0,29.0,0.31954340140024823,0.20153439044952393,2.7208658854166665,0.27000627915064496,0.020993463695049286,-0.09773606061935425
270,1.0427412489999597,64.652288,0.8995739817619324,0.35893791913986206,0.012341630645096302,0.0439453125,0.07159402966499329,0.0,0.09477516263723373,1.4150689840316772,3.335921287536621,0.1714639961719513,0.0,14.0,0.0,0.0,14.0,0.0,14.0,0.3197551767031352,0.20224109292030334,2.7753499348958335,0.2701401313145955,0.02105012784401576,-0.09765225648880005
271,1.0857070959999646,64.652288,0.9035230278968811,0.35287195444107056,0.012393881566822529,0.041015625,0.0719594806432724,0.0,0.094170480966568,1.4444955587387085,3.278927803039551,0.18869774043560028,0.0,22.0,0.0,0.0,22.0,0.0,22.0,0.31955524285634357,0.20130428671836853,2.7736409505208335,0.27007224162419635,0.021115278204282124,-0.0975685715675354
272,0.9731216769999946,64.652288,0.9109634757041931,0.3435438275337219,0.011045470833778381,0.0400390625,0.07325185835361481,0.0,0.08836440742015839,1.3844473361968994,3.157594680786133,0.17941680550575256,0.0,26.0,0.0,0.0,26.0,0.0,26.0,0.3198479612668355,0.20133888721466064,2.783203125,0.2705559730529785,0.02102489521106084,-0.09764379262924194
273,0.9858016109999994,64.652288,0.8838568329811096,0.33963242173194885,0.021030107513070107,0.0390625,0.07112136483192444,0.0,0.08316726237535477,1.3571137189865112,3.026022434234619,0.1696477234363556,0.0,19.0,0.0,0.0,19.0,0.0,19.0,0.32018152872721356,0.2044161558151245,2.8409016927083335,0.27073697249094647,0.021009691059589386,-0.09764689207077026
274,1.0249283439999886,64.652288,0.8888964056968689,0.33527740836143494,0.015420173294842243,0.037109375,0.07155436277389526,0.0,0.08149959146976471,1.3685874938964844,3.0211944580078125,0.18745063245296478,0.0,21.0,0.0,0.0,21.0,0.0,21.0,0.3200889031092326,0.20955617725849152,2.8663736979166665,0.27047568559646606,0.021074521044890087,-0.09750670194625854
275,1.0128529509999566,64.652288,0.8919503688812256,0.33009156584739685,0.0258859321475029,0.037109375,0.07239483296871185,0.0,0.07559310644865036,1.3512217998504639,3.045548439025879,0.1637020707130432,0.0,16.0,0.0,0.0,16.0,0.0,16.0,0.3206443190574646,0.20888860523700714,2.8778889973958335,0.2708931565284729,0.02111739416917165,-0.09761852025985718
276,1.0415931819999855,64.652288,0.8924199342727661,0.3302987813949585,0.06388825923204422,0.037109375,0.07225745916366577,0.0,0.07707306742668152,1.3780068159103394,3.062121868133545,0.16559617221355438,0.0,9.0,0.0,0.0,9.0,0.0,9.0,0.32087190945943195,0.20833756029605865,2.8956705729166665,0.2709541320800781,0.021114247540632885,-0.0975688099861145
277,1.0537217649999775,64.652288,0.8760265707969666,0.337456613779068,0.021380923688411713,0.037109375,0.07064460217952728,0.0,0.07558025419712067,1.3699339628219604,3.175614833831787,0.17636756598949432,0.0,18.0,0.0,0.0,18.0,0.0,18.0,0.32157327731450397,0.20512458682060242,2.902587890625,0.2714463273684184,0.02115660657485326,-0.09757429361343384
278,1.0249762519999877,64.652288,0.8475812077522278,0.35210728645324707,0.015222765505313873,0.037109375,0.06803470849990845,0.0,0.07348089665174484,1.2694474458694458,3.2325267791748047,0.1638651192188263,0.0,14.0,0.0,0.0,14.0,0.0,14.0,0.3220587571461995,0.2036609649658203,2.8816731770833335,0.2719425559043884,0.021213846902052563,-0.09763997793197632
279,1.0430130739999868,64.652288,0.818962574005127,0.3737752437591553,0.03342930227518082,0.037109375,0.06519003212451935,0.0,0.07165440917015076,1.1916625499725342,3.2557244300842285,0.1658550500869751,0.0,14.0,0.0,0.0,14.0,0.0,14.0,0.3224167426427205,0.203687384724617,2.8738606770833335,0.27207112312316895,0.021162231763203938,-0.09766894578933716
280,1.0691593729999909,64.652288,0.7914895415306091,0.3962037265300751,0.049572497606277466,0.0361328125,0.06238537281751633,0.0,0.0708453506231308,1.1818134784698486,3.28840970993042,0.175906240940094,0.0,16.0,0.0,0.0,16.0,0.0,16.0,0.32253090540568036,0.20217253267765045,2.862548828125,0.27214521169662476,0.02111017455657323,-0.09726101160049438
281,1.0818929369999637,64.652288,0.7948914170265198,0.4087408185005188,0.060534071177244186,0.0361328125,0.06285436451435089,0.0,0.06929238140583038,1.1606802940368652,3.364251136779785,0.17215418815612793,0.0,16.0,0.0,0.0,16.0,0.0,16.0,0.32234450181325275,0.20203107595443726,2.8500162760416665,0.2721408208211263,0.021110691130161285,-0.09725385904312134
282,1.0265537589999667,64.652288,0.7774579524993896,0.4100602865219116,0.053515560925006866,0.0361328125,0.061336856335401535,0.0,0.06717956811189651,1.1430797576904297,3.3750176429748535,0.15498468279838562,0.0,11.0,0.0,0.0,11.0,0.0,11.0,0.32181328535079956,0.2034395933151245,2.847900390625,0.27157342433929443,0.021102418502171833,-0.09725433588027954
283,1.0021860909999987,64.652288,0.75318843126297,0.4011353850364685,0.023204922676086426,0.0361328125,0.05885472893714905,0.0,0.06841090321540833,1.1877139806747437,3.3662924766540527,0.14598001539707184,0.0,10.0,0.0,0.0,10.0,0.0,10.0,0.3206845720609029,0.19937720894813538,2.8609212239583335,0.27032585938771564,0.0211173618833224,-0.09731942415237427
284,1.034461728999986,64.652288,0.7663844227790833,0.37913745641708374,0.015005885623395443,0.0361328125,0.05998712033033371,0.0,0.07085918635129929,1.2886463403701782,3.3197245597839355,0.1468365490436554,0.0,10.0,0.0,0.0,10.0,0.0,10.0,0.31923822561899823,0.19933736324310303,2.8677571614583335,0.26884132623672485,0.02101089557011922,-0.09740787744522095
285,1.0042113719999861,64.652288,0.7850127220153809,0.35251384973526,0.06074509024620056,0.0361328125,0.06206343695521355,0.0,0.06885822117328644,1.3198050260543823,3.244946002960205,0.14854922890663147,0.0,20.0,0.0,0.0,20.0,0.0,20.0,0.31895657380421955,0.2014666199684143,2.8988444010416665,0.2684851884841919,0.021040260791778564,-0.09751945734024048
286,0.9798875800000246,64.652288,0.8113966584205627,0.3276742994785309,0.04607663303613663,0.0361328125,0.06507730484008789,0.0,0.06761827319860458,1.3246151208877563,3.1848082542419434,0.13135835528373718,0.0,10.0,0.0,0.0,10.0,0.0,10.0,0.3193807005882263,0.20681381225585938,2.9457194010416665,0.2688647508621216,0.021015581985314686,-0.09751397371292114
287,0.9707044439999777,64.652288,0.8153718113899231,0.31858277320861816,0.09669271856546402,0.0361328125,0.06528572738170624,0.0,0.06604918092489243,1.4215682744979858,3.171126127243042,0.1553521603345871,0.0,15.0,0.0,0.0,15.0,0.0,15.0,0.32026708126068115,0.2167578786611557,2.9667154947916665,0.27011241515477497,0.02104147771994273,-0.09743326902389526
288,0.963950465000039,64.652288,0.7945157885551453,0.32278764247894287,0.05932821333408356,0.0361328125,0.06338699162006378,0.0,0.06531205028295517,1.4732983112335205,3.263627529144287,0.13309407234191895,0.0,10.0,0.0,0.0,10.0,0.0,10.0,0.32170156637827557,0.21395012736320496,2.9299723307291665,0.27174349625905353,0.02103433758020401,-0.09742814302444458
289,0.9598442299999874,64.652288,0.7736087441444397,0.3418562114238739,0.012973347678780556,0.0361328125,0.0610056035220623,0.0,0.06395958364009857,1.3922632932662964,3.424647331237793,0.1584070324897766,0.0,15.0,0.0,0.0,15.0,0.0,15.0,0.32318371534347534,0.20739924907684326,2.8577473958333335,0.2733963330586751,0.021121129393577576,-0.09746164083480835
290,0.939447083999994,64.652288,0.7212157249450684,0.3727913498878479,0.03561077639460564,0.0361328125,0.05605673789978027,0.0,0.06218356639146805,1.2815780639648438,3.553086042404175,0.1404067873954773,0.0,11.0,0.0,0.0,11.0,0.0,11.0,0.32397913932800293,0.20256353914737701,2.8515218098958335,0.27416837215423584,0.021158506472905476,-0.09752064943313599
291,0.9776682849999929,64.652288,0.7197254300117493,0.3981080949306488,0.06184600666165352,0.0361328125,0.055849939584732056,0.0,0.06135635823011398,1.2155358791351318,3.5789077281951904,0.15641126036643982,0.0,11.0,0.0,0.0,11.0,0.0,11.0,0.3241325219472249,0.2022179514169693,2.8023681640625,0.2744537790616353,0.02102869252363841,-0.09760338068008423
292,0.9238161559999867,64.652288,0.7162347435951233,0.42039138078689575,0.07492581009864807,0.0361328125,0.055588409304618835,0.0,0.06246966868638992,1.1633895635604858,3.465587615966797,0.15513795614242554,0.0,7.0,0.0,0.0,7.0,0.0,7.0,0.3236011068026225,0.20876319706439972,2.8049723307291665,0.2739974856376648,0.02095739295085271,-0.09765726327896118
293,0.94645389599998,64.652288,0.7030145525932312,0.43331730365753174,0.06848043203353882,0.03515625,0.05418767035007477,0.0,0.06367845833301544,1.2040451765060425,3.3377482891082764,0.15457552671432495,0.0,13.0,0.0,0.0,13.0,0.0,13.0,0.32243021329243976,0.20783410966396332,2.81640625,0.2729947566986084,0.02101045350233714,-0.09731417894363403
294,0.9706452160000367,64.652288,0.7113470435142517,0.42645809054374695,0.05084119364619255,0.03515625,0.05498862266540527,0.0,0.06532508879899979,1.3024286031723022,3.2978038787841797,0.13742507994174957,0.0,6.0,0.0,0.0,6.0,0.0,6.0,0.3206697305043538,0.20753851532936096,2.8320719401041665,0.27134724458058673,0.021068943043549854,-0.09730726480484009
295,0.9614308320000191,64.652288,0.7316343784332275,0.3987850546836853,0.0188650730997324,0.03515625,0.05642233416438103,0.0,0.07134922593832016,1.431731939315796,3.223128080368042,0.14237219095230103,0.0,6.0,0.0,0.0,6.0,0.0,6.0,0.31836410363515216,0.20870552957057953,2.864501953125,0.26918335755666095,0.020969703793525696,-0.09729582071304321
296,0.9657157760000246,64.652288,0.7709445953369141,0.3620670735836029,0.06449931114912033,0.0341796875,0.059896595776081085,0.0,0.07562299072742462,1.515097975730896,3.18025279045105,0.14813704788684845,0.0,14.0,0.0,0.0,14.0,0.0,14.0,0.3171406189600627,0.2019324004650116,2.8916015625,0.2680473327636719,0.020934584240118664,-0.09735089540481567
297,0.9573377399999572,64.652288,0.8317025899887085,0.3309045433998108,0.107630155980587,0.0341796875,0.06580570340156555,0.0,0.07647685706615448,1.5733880996704102,3.246965169906616,0.14755579829216003,0.0,12.0,0.0,0.0,12.0,0.0,12.0,0.31732475757598877,0.2011968493461609,2.8895263671875,0.2687617341677348,0.021021368602911632,-0.09742754697799683
298,0.9506062469999961,64.652288,0.8757161498069763,0.31744861602783203,0.12306155264377594,0.0341796875,0.06968531012535095,0.0,0.08050236850976944,1.6719176769256592,3.4381117820739746,0.14985205233097076,0.0,9.0,0.0,0.0,9.0,0.0,9.0,0.31824668248494464,0.20251023769378662,2.8755696614583335,0.27017730474472046,0.020999545852343243,-0.09753257036209106
299,0.9539046609999673,64.652288,0.9020566940307617,0.31753379106521606,0.02072998322546482,0.033203125,0.07169103622436523,0.0,0.08093402534723282,1.7270835638046265,3.742299795150757,0.17409776151180267,0.0,17.0,0.0,0.0,17.0,0.0,17.0,0.320039967695872,0.2048766016960144,2.8387858072916665,0.2721740206082662,0.02104540914297104,-0.09755319356918335
300,0.930755830999999,64.652288,0.8564509749412537,0.34014466404914856,0.04302773252129555,0.033203125,0.06714701652526855,0.0,0.07617174088954926,1.7835667133331299,4.059293270111084,0.16799038648605347,0.0,17.0,0.0,0.0,17.0,0.0,17.0,0.3222656846046448,0.20076298713684082,2.7852783203125,0.2741573651631673,0.021062612533569336,-0.09747058153152466
301,0.9334426159999794,64.652288,0.8073530197143555,0.3666204512119293,0.0516340471804142,0.033203125,0.06239566206932068,0.0,0.0742705762386322,1.6610965728759766,4.225982666015625,0.16672730445861816,0.0,10.0,0.0,0.0,10.0,0.0,10.0,0.3231721719106038,0.21391639113426208,2.7452392578125,0.2746046781539917,0.02113756537437439,-0.09746032953262329
302,0.9917789979999725,64.652288,0.8045545816421509,0.3772151470184326,0.0531252883374691,0.033203125,0.06195005774497986,0.0,0.07551512122154236,1.4838743209838867,4.329559326171875,0.1850249469280243,0.0,10.0,0.0,0.0,10.0,0.0,10.0,0.3224249680836995,0.21543122828006744,2.7325032552083335,0.2736869653065999,0.02086115876833598,-0.09749943017959595
303,0.996504084000037,64.652288,0.8286831974983215,0.3791147768497467,0.0468025766313076,0.033203125,0.06394018977880478,0.0,0.07996836304664612,1.4426705837249756,4.383854866027832,0.19529742002487183,0.0,5.0,0.0,0.0,5.0,0.0,5.0,0.32078369458516437,0.2165592461824417,2.7500406901041665,0.2720518310864766,0.020726468414068222,-0.09750252962112427
304,1.023888129999989,64.652288,0.9049137830734253,0.37040624022483826,0.043839480727910995,0.033203125,0.07082265615463257,0.0,0.08785149455070496,1.5044854879379272,4.4634480476379395,0.21648304164409637,0.0,9.0,0.0,0.0,9.0,0.0,9.0,0.3192083438237508,0.2076932042837143,2.7500813802083335,0.2705358862876892,0.020619139075279236,-0.09754949808120728
305,0.9781980070000031,64.652288,0.952964186668396,0.35766109824180603,0.025902168825268745,0.033203125,0.07538247108459473,0.0,0.09520920366048813,1.6096830368041992,4.372653961181641,0.2028682827949524,0.0,7.0,0.0,0.0,7.0,0.0,7.0,0.31818556785583496,0.20646904408931732,2.7056070963541665,0.26963454484939575,0.020564147581656773,-0.09760266542434692
306,1.0098011399999791,64.652288,1.0191117525100708,0.3369506597518921,0.02180360071361065,0.033203125,0.08125926554203033,0.0,0.1027732715010643,1.6889557838439941,4.306357383728027,0.2116672843694687,0.0,19.0,0.0,0.0,19.0,0.0,19.0,0.3174578348795573,0.20434464514255524,2.6680094401041665,0.26900970935821533,0.020537450909614563,-0.09728795289993286
307,0.9909693509999897,64.652288,1.03037428855896,0.3214624524116516,0.016573457047343254,0.033203125,0.08214417099952698,0.0,0.10649624466896057,1.7391536235809326,4.309110164642334,0.2030288428068161,0.0,16.0,0.0,0.0,16.0,0.0,16.0,0.3175448775291443,0.2035270482301712,2.641845703125,0.2691763440767924,0.020666732142368954,-0.09727424383163452
308,0.98125496199998,64.652288,1.069172739982605,0.3032732605934143,0.04441278800368309,0.033203125,0.0855860561132431,0.0,0.11332007497549057,1.8632946014404297,4.2424211502075195,0.19608095288276672,0.0,10.0,0.0,0.0,10.0,0.0,10.0,0.3173060218493144,0.20429342985153198,2.6135660807291665,0.2689326008160909,0.020725317299365997,-0.09756273031234741
309,1.0423716900000386,64.652288,1.1226770877838135,0.28484174609184265,0.024907181039452553,0.033203125,0.09066437929868698,0.0,0.118618443608284,2.0063719749450684,4.163636207580566,0.2155391424894333,0.0,31.0,0.0,0.0,31.0,0.0,31.0,0.31728265682856244,0.20372965931892395,2.6309407552083335,0.2690073053042094,0.02083573987086614,-0.09752923250198364
310,1.0220836159999749,64.652288,1.1448041200637817,0.27392318844795227,0.05553734675049782,0.0322265625,0.09336066246032715,0.0,0.11517170071601868,1.9368995428085327,4.038585186004639,0.22031065821647644,0.0,28.0,0.0,0.0,28.0,0.0,28.0,0.3178713321685791,0.20325419306755066,2.6642659505208335,0.2695135871569316,0.020814699431260426,-0.09747093915939331
311,1.0164319539999838,64.652288,1.1364185810089111,0.27376362681388855,0.03305874764919281,0.0322265625,0.09309481829404831,0.0,0.11110910028219223,1.8089097738265991,3.9309263229370117,0.21914201974868774,0.0,30.0,0.0,0.0,30.0,0.0,30.0,0.31810325384140015,0.2039095163345337,2.6811116536458335,0.2699729800224304,0.020864926278591156,-0.09750300645828247
312,1.015740070999982,64.652288,1.1251729726791382,0.2778712213039398,0.0549752451479435,0.0302734375,0.09266193211078644,0.0,0.10280438512563705,1.6405928134918213,3.8136022090911865,0.21546873450279236,0.0,26.0,0.0,0.0,26.0,0.0,26.0,0.3184863527615865,0.20767858624458313,2.6714680989583335,0.2707013090451558,0.020906932651996613,-0.09751921892166138
313,1.0057320239999967,64.652288,1.0984994173049927,0.2902035415172577,0.02050246298313141,0.0302734375,0.08993789553642273,0.0,0.09967273473739624,1.4964320659637451,3.9945685863494873,0.21345767378807068,0.0,21.0,0.0,0.0,21.0,0.0,21.0,0.3188885450363159,0.2072313129901886,2.6781412760416665,0.27107683817545575,0.020939538876215618,-0.09746962785720825
314,0.9945150520000539,64.652288,1.0413053035736084,0.3105365037918091,0.016493987292051315,0.0283203125,0.08444578945636749,0.0,0.09524115175008774,1.3861640691757202,4.150805473327637,0.20691609382629395,0.0,15.0,0.0,0.0,15.0,0.0,15.0,0.31952444712320965,0.20711268484592438,2.6669108072916665,0.2717327078183492,0.020998115340868633,-0.09747189283370972
315,1.064046463000011,64.652288,1.01481032371521,0.32983314990997314,0.026521069929003716,0.0283203125,0.08174964785575867,0.0,0.09749280661344528,1.3516731262207031,4.222673416137695,0.19480769336223602,0.0,12.0,0.0,0.0,12.0,0.0,12.0,0.3189994891484578,0.2083682268857956,2.6376953125,0.2714309295018514,0.020929589867591858,-0.097506582736969
316,1.0443892040000264,64.652288,1.0051190853118896,0.34606698155403137,0.04494762793183327,0.0283203125,0.08036409318447113,0.0,0.10112454742193222,1.3120179176330566,4.176138877868652,0.20713531970977783,0.0,12.0,0.0,0.0,12.0,0.0,12.0,0.3182319402694702,0.21188917756080627,2.6322021484375,0.27066274483998615,0.020917827884356182,-0.09756094217300415
317,1.045025000999999,64.652288,0.9811892509460449,0.3611219525337219,0.05654071643948555,0.0283203125,0.07776881754398346,0.0,0.10170699656009674,1.3295271396636963,4.074955940246582,0.21137063205242157,0.0,19.0,0.0,0.0,19.0,0.0,19.0,0.31743717193603516,0.2143438458442688,2.6439208984375,0.26986167828241986,0.02091451237599055,-0.09765440225601196
318,1.0193148219999557,64.652288,0.961094081401825,0.36921292543411255,0.05063897371292114,0.02734375,0.0759723111987114,0.0,0.09955909103155136,1.345724105834961,3.910602331161499,0.20357227325439453,0.0,20.0,0.0,0.0,20.0,0.0,20.0,0.31679050127665204,0.2147614061832428,2.6659749348958335,0.2693910201390584,0.020941585302352905,-0.0977063775062561
319,0.9813685439999631,64.652288,0.993579626083374,0.36282119154930115,0.043954841792583466,0.02734375,0.07921385765075684,0.0,0.09905489534139633,1.3592431545257568,3.8734424114227295,0.19707226753234863,0.0,16.0,0.0,0.0,16.0,0.0,16.0,0.31601272026697796,0.2122391015291214,2.6913655598958335,0.2688521146774292,0.02099216729402542,-0.09737497568130493
320,0.9739215820000027,64.652288,1.0054020881652832,0.3531080484390259,0.022996608167886734,0.02734375,0.08020098507404327,0.0,0.09917330741882324,1.5168449878692627,3.9148061275482178,0.19623053073883057,0.0,23.0,0.0,0.0,23.0,0.0,23.0,0.3151029149691264,0.1973656415939331,2.715087890625,0.26783279577891034,0.020975629488627117,-0.09735339879989624
321,0.9630607679999912,64.652288,1.036045789718628,0.3325599730014801,0.02182781882584095,0.0263671875,0.08293230831623077,0.0,0.1005668044090271,1.6197923421859741,3.8719029426574707,0.22206167876720428,0.0,18.0,0.0,0.0,18.0,0.0,18.0,0.3144141435623169,0.1984383463859558,2.7467447916666665,0.2670356233914693,0.020943688849608105,-0.09763282537460327
322,0.9732815279999727,64.652288,1.0585600137710571,0.31485816836357117,0.017317118123173714,0.0263671875,0.08560650050640106,0.0,0.09992961585521698,1.6818115711212158,3.7961325645446777,0.1977977156639099,0.0,18.0,0.0,0.0,18.0,0.0,18.0,0.31422452131907147,0.2049909383058548,2.7673746744791665,0.26701198021570843,0.020932411154111225,-0.0975831151008606
323,0.98738414099995,64.652288,1.0599167346954346,0.3032272458076477,0.024828974157571793,0.0263671875,0.08582103252410889,0.0,0.09697173535823822,1.7044332027435303,3.7049713134765625,0.2226918637752533,0.0,28.0,0.0,0.0,28.0,0.0,28.0,0.31490443150202435,0.2040613889694214,2.7846272786458335,0.2676101326942444,0.02109519640604655,-0.09747761487960815
324,0.9898204429999851,64.652288,1.0602561235427856,0.2952684760093689,0.0986279621720314,0.0263671875,0.0861707255244255,0.0,0.09583034366369247,1.6992435455322266,3.6925487518310547,0.21293407678604126,0.0,11.0,0.0,0.0,11.0,0.0,11.0,0.31590447823206586,0.20965448021888733,2.7784016927083335,0.26874156792958576,0.021138861775398254,-0.0974913239479065
325,0.9684861549999937,64.652288,1.0563087463378906,0.2940766513347626,0.018065473064780235,0.0263671875,0.08557991683483124,0.0,0.09676911681890488,1.7090198993682861,3.783310890197754,0.23610632121562958,0.0,19.0,0.0,0.0,19.0,0.0,19.0,0.31713088353474933,0.1811842918395996,2.7699381510416665,0.2697875698407491,0.021187891562779743,-0.09743314981460571
326,0.9599663810000152,64.652288,1.0548179149627686,0.29524582624435425,0.017777463421225548,0.0263671875,0.08559572696685791,0.0,0.09394559264183044,1.6659536361694336,4.0190324783325195,0.24307656288146973,0.0,20.0,0.0,0.0,20.0,0.0,20.0,0.318830410639445,0.17976891994476318,2.7398681640625,0.27163495620091754,0.021214023232460022,-0.09737938642501831
327,0.9799594360000015,64.652288,1.0216470956802368,0.30413299798965454,0.014679359272122383,0.0263671875,0.08245699107646942,0.0,0.09352707862854004,1.5814704895019531,4.133187770843506,0.24474292993545532,0.0,13.0,0.0,0.0,13.0,0.0,13.0,0.31998952229817706,0.20724745094776154,2.7066650390625,0.2728351553281148,0.02133610596259435,-0.09734708070755005
328,0.9917711379999901,64.652288,0.9739092588424683,0.3189992904663086,0.013946788385510445,0.0263671875,0.0781501978635788,0.0,0.09151877462863922,1.4365694522857666,4.069709300994873,0.24236682057380676,0.0,18.0,0.0,0.0,18.0,0.0,18.0,0.3203492760658264,0.20037762820720673,2.7084147135416665,0.27345309654871625,0.021206893026828766,-0.09733253717422485
329,1.0023809609999716,64.652288,0.9375897645950317,0.33513420820236206,0.011525727808475494,0.0263671875,0.07446001470088959,0.0,0.09334957599639893,1.3521528244018555,3.9547719955444336,0.24573282897472382,0.0,11.0,0.0,0.0,11.0,0.0,11.0,0.31963805357615155,0.1975141316652298,2.7099609375,0.2730372945467631,0.02113702396551768,-0.09733551740646362
330,0.9906328639999629,64.652288,0.923333466053009,0.3509077727794647,0.021523552015423775,0.0263671875,0.07280077785253525,0.0,0.0962030291557312,1.2943544387817383,3.8916726112365723,0.24192802608013153,0.0,8.0,0.0,0.0,8.0,0.0,8.0,0.31908299525578815,0.19259262084960938,2.7213948567708335,0.2724682092666626,0.021121539175510406,-0.09737509489059448
331,1.010745371999974,64.652288,0.9551635980606079,0.3601919710636139,0.04458554834127426,0.0263671875,0.07549445331096649,0.0,0.0991097241640091,1.2547980546951294,3.8806939125061035,0.26221537590026855,0.0,18.0,0.0,0.0,18.0,0.0,18.0,0.318886677424113,0.19251728057861328,2.7123209635416665,0.27241963148117065,0.02109724034865697,-0.09742408990859985
332,0.9694689440000275,64.652288,0.9506955742835999,0.36583858728408813,0.0395500585436821,0.0263671875,0.07558228075504303,0.0,0.09622615575790405,1.2269997596740723,3.860534429550171,0.23229840397834778,0.0,16.0,0.0,0.0,16.0,0.0,16.0,0.31939228375752765,0.19312459230422974,2.6993001302083335,0.273249348004659,0.02114510287841161,-0.09719055891036987
333,0.9614247260000184,64.652288,0.991070032119751,0.3586274981498718,0.02724459394812584,0.0263671875,0.07931609451770782,0.0,0.09752808511257172,1.2764496803283691,3.8727996349334717,0.236170694231987,0.0,14.0,0.0,0.0,14.0,0.0,14.0,0.318256934483846,0.1952260136604309,2.7328694661458335,0.2725385824839274,0.021214244266351063,-0.09718793630599976
334,0.9698836050000068,64.652288,0.9825862646102905,0.34927353262901306,0.01444325502961874,0.0263671875,0.07839226722717285,0.0,0.09784766286611557,1.392214298248291,3.7461161613464355,0.2280501127243042,0.0,18.0,0.0,0.0,18.0,0.0,18.0,0.3172345956166585,0.20029538869857788,2.7489013671875,0.2716508706410726,0.02123750497897466,-0.09716111421585083
335,0.9656532490000131,64.652288,1.0033067464828491,0.33259522914886475,0.02042817510664463,0.0263671875,0.08051403611898422,0.0,0.0967087596654892,1.4249210357666016,3.6201043128967285,0.23322904109954834,0.0,14.0,0.0,0.0,14.0,0.0,14.0,0.31660618384679157,0.2076472043991089,2.798583984375,0.2708657582600911,0.02118766059478124,-0.09722179174423218
336,0.9953312690000189,64.652288,1.0155386924743652,0.3205839991569519,0.007379027549177408,0.0263671875,0.08175837248563766,0.0,0.09351237863302231,1.4983848333358765,3.5367226600646973,0.24790023267269135,0.0,22.0,0.0,0.0,22.0,0.0,22.0,0.3163671890894572,0.20572829246520996,2.8498128255208335,0.2705794374148051,0.0210665762424469,-0.09730082750320435
337,0.9902438479999773,64.652288,1.0077624320983887,0.31417739391326904,0.015851054340600967,0.0263671875,0.08138807117938995,0.0,0.089340940117836,1.5528039932250977,3.5060648918151855,0.2299988567829132,0.0,14.0,0.0,0.0,14.0,0.0,14.0,0.316791037718455,0.20653566718101501,2.8429768880208335,0.2707944909731547,0.020999679962793987,-0.0974002480506897
338,1.0088387910000165,64.652288,0.9956114292144775,0.30944541096687317,0.02822515368461609,0.0263671875,0.08019881695508957,0.0,0.08832226693630219,1.57182776927948,3.5068397521972656,0.24872231483459473,0.0,19.0,0.0,0.0,19.0,0.0,19.0,0.3175894816716512,0.2057841718196869,2.83154296875,0.27135823170344037,0.020980256299177807,-0.09743934869766235
339,0.9815169029999993,64.652288,0.982556164264679,0.3056291937828064,0.07105213403701782,0.0263671875,0.07910661399364471,0.0,0.08693064749240875,1.6011466979980469,3.597029447555542,0.24196287989616394,0.0,12.0,0.0,0.0,12.0,0.0,12.0,0.31841357549031574,0.20753711462020874,2.8446044921875,0.27195829153060913,0.02098650981982549,-0.09741944074630737
340,1.0021678539999925,64.652288,0.9679648280143738,0.3084133267402649,0.011811559088528156,0.0263671875,0.07742853462696075,0.0,0.08574296534061432,1.6272401809692383,3.802492141723633,0.25667834281921387,0.0,19.0,0.0,0.0,19.0,0.0,19.0,0.3191365599632263,0.2079017460346222,2.8163248697916665,0.2724745472272237,0.020951454838116963,-0.09740990400314331
341,1.0081119559999934,64.652288,0.9512284398078918,0.31432151794433594,0.03822442889213562,0.0263671875,0.07602372765541077,0.0,0.08375915139913559,1.520554542541504,3.869670867919922,0.2582818269729614,0.0,11.0,0.0,0.0,11.0,0.0,11.0,0.319645623366038,0.20521779358386993,2.8025716145833335,0.27299439907073975,0.021019478638966877,-0.09745901823043823
342,1.0770718400000305,64.652288,0.92845618724823,0.32453954219818115,0.021102910861372948,0.025390625,0.07390861958265305,0.0,0.08223900198936462,1.4295047521591187,3.89731764793396,0.26009708642959595,0.0,19.0,0.0,0.0,19.0,0.0,19.0,0.32008341948191327,0.20206843316555023,2.7796630859375,0.2732458710670471,0.021145994464556377,-0.09750181436538696
343,1.0388563000000204,64.652288,0.8930696249008179,0.34024572372436523,0.023541759699583054,0.025390625,0.0706520602107048,0.0,0.07921726256608963,1.372912883758545,3.9747605323791504,0.24558620154857635,0.0,11.0,0.0,0.0,11.0,0.0,11.0,0.3204866449038188,0.19933860003948212,2.8037923177083335,0.2737380067507426,0.02118596186240514,-0.09757524728775024
344,1.038033052000003,64.652288,0.8722341060638428,0.3596205711364746,0.048352744430303574,0.025390625,0.06831511855125427,0.0,0.07728052884340286,1.336747407913208,4.112394332885742,0.2539730370044708,0.0,16.0,0.0,0.0,16.0,0.0,16.0,0.3206441601117452,0.1997382938861847,2.8087972005208335,0.27417564392089844,0.02123486002286275,-0.09766536951065063
345,1.022463684999991,64.652288,0.8560507297515869,0.37765222787857056,0.06022858992218971,0.025390625,0.06689764559268951,0.0,0.07532025873661041,1.2970613241195679,4.193182945251465,0.23008593916893005,0.0,9.0,0.0,0.0,9.0,0.0,9.0,0.3207767804463704,0.20351549983024597,2.7839762369791665,0.2743467489878337,0.021363553901513416,-0.09738880395889282
346,1.0572490309999694,64.652288,0.8875885009765625,0.38153964281082153,0.061248619109392166,0.025390625,0.069610096514225,0.0,0.07723839581012726,1.3015892505645752,4.2516188621521,0.24592743813991547,0.0,11.0,0.0,0.0,11.0,0.0,11.0,0.32003114620844525,0.2076978236436844,2.7518717447916665,0.2733892997105916,0.021367574731508892,-0.0973777174949646
347,1.0418715659999975,64.652288,0.8979426622390747,0.3791882395744324,0.04897440969944,0.025390625,0.0705270767211914,0.0,0.07776328921318054,1.3652691841125488,4.112566947937012,0.2444649189710617,0.0,12.0,0.0,0.0,12.0,0.0,12.0,0.31880412499109906,0.2011820673942566,2.7847493489583335,0.2718772490819295,0.02132752537727356,-0.09761244058609009
348,1.0361066039999969,64.652288,0.9067690372467041,0.3628336191177368,0.016248714178800583,0.025390625,0.07166508585214615,0.0,0.07631351798772812,1.3882973194122314,3.8614165782928467,0.24425145983695984,0.0,13.0,0.0,0.0,13.0,0.0,13.0,0.3173820972442627,0.19491046667099,2.80810546875,0.2707602183024089,0.021170151730378468,-0.0975753664970398
349,1.101246935000006,64.652288,0.9166592359542847,0.34347984194755554,0.031952496618032455,0.025390625,0.0725443959236145,0.0,0.07803668826818466,1.4569380283355713,3.625279188156128,0.2516462504863739,0.0,11.0,0.0,0.0,11.0,0.0,11.0,0.3158682584762573,0.1949765384197235,2.855224609375,0.2693275610605876,0.02101453145345052,-0.09747582674026489
350,1.0126211290000242,64.652288,0.9680195450782776,0.3216373920440674,0.044917549937963486,0.025390625,0.07757076621055603,0.0,0.07824055850505829,1.5053050518035889,3.6207520961761475,0.2587175667285919,0.0,15.0,0.0,0.0,15.0,0.0,15.0,0.31578709681828815,0.1963512897491455,2.876708984375,0.269028107325236,0.02107906589905421,-0.09753662347793579
351,0.9981669250000209,64.652288,1.012382984161377,0.3062439560890198,0.07713223993778229,0.0244140625,0.0818331316113472,0.0,0.07861664146184921,1.5665664672851562,3.7324705123901367,0.2687358856201172,0.0,15.0,0.0,0.0,15.0,0.0,15.0,0.3171590367952983,0.1959913969039917,2.8541259765625,0.27014772097269696,0.021178774535655975,-0.09754663705825806
352,0.9695693720000236,64.652288,0.9945241212844849,0.3024999499320984,0.0140410540625453,0.0234375,0.0803401991724968,0.0,0.07702028006315231,1.5666903257369995,3.8502700328826904,0.26169151067733765,0.0,14.0,0.0,0.0,14.0,0.0,14.0,0.3191813826560974,0.19595012068748474,2.8297119140625,0.2722349564234416,0.02121196190516154,-0.0973847508430481
353,0.9846999160000109,64.652288,0.9345441460609436,0.31386691331863403,0.04146270081400871,0.0234375,0.07430862635374069,0.0,0.07711902260780334,1.5747579336166382,3.848787784576416,0.2823336124420166,0.0,14.0,0.0,0.0,14.0,0.0,14.0,0.3205571373303731,0.2128940224647522,2.7655029296875,0.27378429969151813,0.021249649425347645,-0.09735280275344849
354,0.9848558319999938,64.652288,0.8771882653236389,0.3297823667526245,0.03933942690491676,0.0234375,0.0689462274312973,0.0,0.07766138762235641,1.5157546997070312,3.8610782623291016,0.26650965213775635,0.0,13.0,0.0,0.0,13.0,0.0,13.0,0.32110806306203205,0.2108117640018463,2.766845703125,0.27435920635859173,0.0212030162413915,-0.09731942415237427
355,0.9649433880000515,64.652288,0.8237936496734619,0.3461504876613617,0.011251445859670639,0.0234375,0.06403009593486786,0.0,0.07671752572059631,1.3732690811157227,3.7630043029785156,0.2476106733083725,0.0,12.0,0.0,0.0,12.0,0.0,12.0,0.3209002614021301,0.20907898247241974,2.7880859375,0.2742849985758464,0.02113039791584015,-0.09731799364089966
356,0.9728951050000205,64.652288,0.8370927572250366,0.36034801602363586,0.01992601342499256,0.0234375,0.06524696201086044,0.0,0.07877649366855621,1.2960796356201172,3.8443191051483154,0.24685674905776978,0.0,9.0,0.0,0.0,9.0,0.0,9.0,0.32068967819213867,0.2070254385471344,2.8068440755208335,0.2740069429079692,0.021185954411824543,-0.09734851121902466
357,1.0134602219999351,64.652288,0.8488972783088684,0.3836439847946167,0.048193689435720444,0.0234375,0.06602095812559128,0.0,0.08023303002119064,1.2890214920043945,4.009435653686523,0.27147823572158813,0.0,13.0,0.0,0.0,13.0,0.0,13.0,0.3210286498069763,0.19785122573375702,2.761474609375,0.2742527921994527,0.02120458831389745,-0.09739667177200317
358,0.9843445939999356,64.652288,0.8686981201171875,0.39863526821136475,0.058226894587278366,0.0224609375,0.06815816462039948,0.0,0.07860608398914337,1.286707878112793,4.050610542297363,0.24945871531963348,0.0,14.0,0.0,0.0,14.0,0.0,14.0,0.3210901419321696,0.2136673927307129,2.7362060546875,0.27437031269073486,0.021203070878982544,-0.09713548421859741
359,0.9296530319999192,64.652288,0.875548779964447,0.4022674560546875,0.05701398476958275,0.0224609375,0.06874745339155197,0.0,0.07891435921192169,1.291847825050354,3.9238638877868652,0.2456856071949005,0.0,11.0,0.0,0.0,11.0,0.0,11.0,0.3198719422022502,0.2139531970024109,2.7565104166666665,0.27338242530822754,0.02118144929409027,-0.09713631868362427
360,0.9653974660000131,64.652288,0.8803698420524597,0.3929394483566284,0.04293479025363922,0.0224609375,0.06903725117444992,0.0,0.07819584012031555,1.3493993282318115,3.8138043880462646,0.24631790816783905,0.0,13.0,0.0,0.0,13.0,0.0,13.0,0.3183829188346863,0.21370872855186462,2.8024088541666665,0.27196717262268066,0.02118808776140213,-0.09711533784866333
361,0.9416864490000307,64.652288,0.8819634318351746,0.3747662305831909,0.015574195422232151,0.0224609375,0.0694570541381836,0.0,0.0775475800037384,1.3997976779937744,3.5756125450134277,0.24088524281978607,0.0,9.0,0.0,0.0,9.0,0.0,9.0,0.31766871611277264,0.2074335813522339,2.8448486328125,0.27080756425857544,0.021213874220848083,-0.09712463617324829
362,0.9700962309999568,64.652288,0.8643060326576233,0.3593175411224365,0.01842435449361801,0.0224609375,0.06752078980207443,0.0,0.07848593592643738,1.5245035886764526,3.4450411796569824,0.2518581748008728,0.0,17.0,0.0,0.0,17.0,0.0,17.0,0.31713102261225384,0.2064872533082962,2.8712158203125,0.2701362371444702,0.021126727263132732,-0.09716874361038208
363,0.9719562210000277,64.652288,0.8538447618484497,0.3459232747554779,0.03877094388008118,0.0224609375,0.0666607916355133,0.0,0.07683037221431732,1.6557579040527344,3.4465012550354004,0.24349145591259003,0.0,7.0,0.0,0.0,7.0,0.0,7.0,0.31751803557078045,0.205494686961174,2.8868408203125,0.2705206076304118,0.021132782101631165,-0.09725219011306763
364,1.0036607829999866,64.652288,0.8885344862937927,0.32973021268844604,0.04140586033463478,0.0224609375,0.06945448368787766,0.0,0.07781674712896347,1.7998054027557373,3.4851460456848145,0.2892470359802246,0.0,16.0,0.0,0.0,16.0,0.0,16.0,0.31791192293167114,0.2110692709684372,2.8369547526041665,0.27103956540425617,0.021096547444661457,-0.09729844331741333
365,0.9627539350000234,64.652288,0.9080243706703186,0.3192403316497803,0.06607704609632492,0.021484375,0.071367047727108,0.0,0.07765107601881027,1.9237264394760132,3.644310712814331,0.2822575271129608,0.0,12.0,0.0,0.0,12.0,0.0,12.0,0.3189071814219157,0.20767319202423096,2.8295084635416665,0.27189014355341595,0.021209776401519775,-0.09715479612350464
366,0.9905234760000212,64.652288,0.909240186214447,0.31793212890625,0.008896084502339363,0.021484375,0.0710083544254303,0.0,0.07692205905914307,1.9623377323150635,3.8584322929382324,0.32012006640434265,0.0,14.0,0.0,0.0,14.0,0.0,14.0,0.32006581624348956,0.21081802248954773,2.8001708984375,0.27298025290171307,0.02130688726902008,-0.09731990098953247
367,1.027548877000072,64.652288,0.9204295873641968,0.3207464814186096,0.053610481321811676,0.021484375,0.07206875085830688,0.0,0.07833563536405563,1.8694324493408203,4.039714813232422,0.32415688037872314,0.0,10.0,0.0,0.0,10.0,0.0,10.0,0.32035086552302044,0.20471785962581635,2.7740071614583335,0.27343519528706867,0.021292736132939655,-0.09732502698898315
368,1.0189979930000845,64.652288,0.9380393028259277,0.32431095838546753,0.019025294110178947,0.021484375,0.07344812899827957,0.0,0.07969649881124496,1.6957111358642578,4.181272506713867,0.3571521043777466,0.0,12.0,0.0,0.0,12.0,0.0,12.0,0.32048306862513226,0.20355503261089325,2.7518717447916665,0.27355702718098956,0.02123810847600301,-0.0974394679069519
369,1.012249605000079,64.652288,0.9078419208526611,0.3354918360710144,0.03791803494095802,0.021484375,0.07017834484577179,0.0,0.08177734166383743,1.5534032583236694,4.412646770477295,0.3594458997249603,0.0,10.0,0.0,0.0,10.0,0.0,10.0,0.32067517439524335,0.20282967388629913,2.7451578776041665,0.273836612701416,0.02115857849518458,-0.09745866060256958
370,1.019931018999955,64.652288,0.9133048057556152,0.34825626015663147,0.0308179073035717,0.021484375,0.07061608135700226,0.0,0.08424411714076996,1.4580433368682861,4.561957359313965,0.3493461012840271,0.0,10.0,0.0,0.0,10.0,0.0,10.0,0.32072311639785767,0.19612155854701996,2.6718343098958335,0.27394763628641766,0.021196889380613964,-0.09750598669052124
371,0.9790466040000183,64.652288,0.9465128779411316,0.3566915988922119,0.04327341541647911,0.021484375,0.07365312427282333,0.0,0.08757725358009338,1.3956049680709839,4.596327781677246,0.338155597448349,0.0,10.0,0.0,0.0,10.0,0.0,10.0,0.320194939772288,0.19760172069072723,2.6473388671875,0.2736772100130717,0.021196352938810985,-0.09759122133255005
372,0.9547670010000502,64.652288,0.9625142812728882,0.3605455756187439,0.043922100216150284,0.021484375,0.07498959451913834,0.0,0.09182160347700119,1.4134849309921265,4.541886806488037,0.3306736350059509,0.0,9.0,0.0,0.0,9.0,0.0,9.0,0.319113810857137,0.19972118735313416,2.6436767578125,0.272624135017395,0.021238361795743305,-0.09769576787948608
373,0.9722353449999446,64.652288,0.9943059086799622,0.35556864738464355,0.037768203765153885,0.0205078125,0.077493816614151,0.0,0.0963648185133934,1.5013655424118042,4.5037760734558105,0.34244221448898315,0.0,10.0,0.0,0.0,10.0,0.0,10.0,0.31727681557337445,0.19763332605361938,2.6636149088541665,0.27098772923151654,0.021219030022621155,-0.09783655405044556
374,0.9599238430000696,64.652288,1.0409753322601318,0.34337329864501953,0.026415040716528893,0.0205078125,0.08172612637281418,0.0,0.10163667052984238,1.6504132747650146,4.352384567260742,0.3506542146205902,0.0,15.0,0.0,0.0,15.0,0.0,15.0,0.31556791067123413,0.19101357460021973,2.6927083333333335,0.2694259484608968,0.0212323193748792,-0.09807616472244263
375,0.9907126150000067,64.652288,1.0825748443603516,0.3262486159801483,0.014353828504681587,0.0205078125,0.08569621294736862,0.0,0.10443724691867828,1.7418464422225952,4.143877983093262,0.3519442081451416,0.0,17.0,0.0,0.0,17.0,0.0,17.0,0.3145752549171448,0.18375402688980103,2.6973876953125,0.2687305212020874,0.021165646612644196,-0.09825760126113892
376,0.9726516709999942,64.652288,1.1307499408721924,0.30619168281555176,0.024784700945019722,0.0205078125,0.09064897149801254,0.0,0.10839217901229858,1.7558915615081787,4.043879985809326,0.344207227230072,0.0,16.0,0.0,0.0,16.0,0.0,16.0,0.31458548704783124,0.1792946457862854,2.6923421223958335,0.2688569625218709,0.021082229912281036,-0.09834319353103638
377,0.9648665459999393,64.652288,1.1739118099212646,0.2893522381782532,0.014905653893947601,0.0205078125,0.09479757398366928,0.0,0.10876834392547607,1.7759904861450195,4.067914962768555,0.3592139482498169,0.0,25.0,0.0,0.0,25.0,0.0,25.0,0.3151286840438843,0.179304838180542,2.6815999348958335,0.26973579327265423,0.021212215224901836,-0.07767355442047119
378,0.9974781160000248,64.652288,1.183305263519287,0.27988457679748535,0.02067374996840954,0.0205078125,0.09605785459280014,0.0,0.10479241609573364,1.7337329387664795,4.070374488830566,0.3617219626903534,0.0,27.0,0.0,0.0,27.0,0.0,27.0,0.316179096698761,0.18418699502944946,2.6668701171875,0.2707178791364034,0.02113768458366394,-0.09838026762008667
379,1.0052912959999958,64.652288,1.1732817888259888,0.27581191062927246,0.01744299754500389,0.0205078125,0.09556087106466293,0.0,0.10215920209884644,1.7247629165649414,3.9586291313171387,0.3518616855144501,0.0,16.0,0.0,0.0,16.0,0.0,16.0,0.3166605035463969,0.19576287269592285,2.6632893880208335,0.27102184295654297,0.021213645736376446,-0.09824162721633911
380,1.005610049999973,64.652288,1.1548715829849243,0.27687758207321167,0.06396004557609558,0.0205078125,0.09378351271152496,0.0,0.10469727218151093,1.741646647453308,3.8306498527526855,0.35641202330589294,0.0,16.0,0.0,0.0,16.0,0.0,16.0,0.31633563836415607,0.20757246017456055,2.6978352864583335,0.27067017555236816,0.021296150982379913,-0.09807556867599487
381,0.9906403610000325,64.652288,1.1333158016204834,0.2762482166290283,0.016471559181809425,0.0205078125,0.09197821468114853,0.0,0.1018405482172966,1.6089351177215576,3.7120585441589355,0.36026903986930847,0.0,28.0,0.0,0.0,28.0,0.0,28.0,0.31663020451863605,0.20932644605636597,2.7234700520833335,0.27126868565877277,0.021253598233064015,-0.09797388315200806
382,0.967082118999997,64.652288,1.0557973384857178,0.29067766666412354,0.027272578328847885,0.0205078125,0.08501054346561432,0.0,0.09790240973234177,1.4683263301849365,3.626082181930542,0.33960044384002686,0.0,19.0,0.0,0.0,19.0,0.0,19.0,0.31761103868484497,0.20509183406829834,2.7390950520833335,0.2725271979967753,0.021211422979831696,-0.09784835577011108
383,0.9703120599999693,64.652288,1.0109210014343262,0.3082805573940277,0.01891234517097473,0.0205078125,0.08090455085039139,0.0,0.09428006410598755,1.3455257415771484,3.5946316719055176,0.3411542773246765,0.0,18.0,0.0,0.0,18.0,0.0,18.0,0.31832802295684814,0.19838082790374756,2.72265625,0.27325743436813354,0.021193673213322956,-0.09773629903793335
384,0.9696408430000929,64.652288,0.9697332382202148,0.3281373083591461,0.030410487204790115,0.01953125,0.07695122808218002,0.0,0.09421314299106598,1.3043427467346191,3.6379964351654053,0.32815834879875183,0.0,11.0,0.0,0.0,11.0,0.0,11.0,0.3187473217646281,0.19784730672836304,2.7209879557291665,0.2736494739850362,0.02119908481836319,-0.09831410646438599
385,1.0078077840000788,64.652288,0.9569857716560364,0.34566211700439453,0.020511159673333168,0.0185546875,0.07537748664617538,0.0,0.09311302751302719,1.2621437311172485,3.696911573410034,0.3451845645904541,0.0,22.0,0.0,0.0,22.0,0.0,22.0,0.318585733572642,0.1945045292377472,2.71875,0.27357979615529376,0.021167762577533722,-0.09830385446548462
386,0.9855674030000046,64.652288,0.9070048332214355,0.36542871594429016,0.043516211211681366,0.0185546875,0.07098454982042313,0.0,0.08657875657081604,1.237101435661316,3.766554594039917,0.3058754801750183,0.0,18.0,0.0,0.0,18.0,0.0,18.0,0.318629523118337,0.18956300616264343,2.7708333333333335,0.2738783359527588,0.021253861486911774,-0.09822899103164673
387,0.9811045650000096,64.652288,0.8865281343460083,0.3783598244190216,0.04685703665018082,0.0185546875,0.06922900676727295,0.0,0.0838833600282669,1.2162790298461914,3.6521594524383545,0.3067018687725067,0.0,13.0,0.0,0.0,13.0,0.0,13.0,0.3182145555814107,0.18802008032798767,2.7986246744791665,0.27372509241104126,0.021247240404287975,-0.09810048341751099
388,0.9695197190000044,64.652288,0.8603488206863403,0.3871092200279236,0.04623982310295105,0.0185546875,0.0667993575334549,0.0,0.0792536735534668,1.2469031810760498,3.4785430431365967,0.31329554319381714,0.0,18.0,0.0,0.0,18.0,0.0,18.0,0.3180558880170186,0.18801140785217285,2.8592122395833335,0.27332623799641925,0.021142855286598206,-0.0979967713356018
389,0.9715178870000045,64.652288,0.8292366862297058,0.3876616060733795,0.027648653835058212,0.0185546875,0.06424503773450851,0.0,0.07511760294437408,1.3108408451080322,3.310253858566284,0.2928585410118103,0.0,9.0,0.0,0.0,9.0,0.0,9.0,0.31781838337580365,0.19172713160514832,2.8941243489583335,0.2726389169692993,0.021035512288411457,-0.09805136919021606
390,0.9800107649999745,64.652288,0.8449358344078064,0.3759952187538147,0.018320471048355103,0.0185546875,0.06532960385084152,0.0,0.07685770094394684,1.444136381149292,3.3307864665985107,0.3080279529094696,0.0,7.0,0.0,0.0,7.0,0.0,7.0,0.3173150221506755,0.19763091206550598,2.8852945963541665,0.27211445569992065,0.021034151315689087,-0.09813505411148071
391,0.9727112780000198,64.652288,0.8709673881530762,0.36147332191467285,0.01377144269645214,0.0185546875,0.0673966109752655,0.0,0.08022907376289368,1.560394525527954,3.4426026344299316,0.3278794288635254,0.0,8.0,0.0,0.0,8.0,0.0,8.0,0.3170585831006368,0.1989249736070633,2.8597005208333335,0.2717267672220866,0.02106441557407379,-0.09799379110336304
392,0.9558115309999948,64.652288,0.9219846725463867,0.339826762676239,0.02481643296778202,0.0185546875,0.07206406444311142,0.0,0.08162692189216614,1.6581430435180664,3.616626739501953,0.3396477699279785,0.0,12.0,0.0,0.0,12.0,0.0,12.0,0.3171100417772929,0.20027093589305878,2.84521484375,0.2720063328742981,0.02112104743719101,-0.09797054529190063
393,0.991398424999943,64.652288,0.9716600179672241,0.32253509759902954,0.058578815311193466,0.0185546875,0.07660467177629471,0.0,0.08333941549062729,1.830474615097046,3.798851490020752,0.34614336490631104,0.0,12.0,0.0,0.0,12.0,0.0,12.0,0.3173138499259949,0.2011975795030594,2.8494059244791665,0.2721328139305115,0.021201093991597492,-0.09806865453720093
394,0.9784440579999227,64.652288,0.9927485585212708,0.310587078332901,0.011854622513055801,0.0185546875,0.07871177047491074,0.0,0.0801980197429657,1.8492307662963867,3.9798965454101562,0.34878358244895935,0.0,16.0,0.0,0.0,16.0,0.0,16.0,0.31817273298899335,0.2036105990409851,2.8490397135416665,0.27295976877212524,0.021140870948632557,-0.09824544191360474
395,0.9478575250000176,64.652288,0.9757974147796631,0.30808165669441223,0.010204849764704704,0.0185546875,0.07730777561664581,0.0,0.07751525938510895,1.8069419860839844,4.062032699584961,0.35306721925735474,0.0,17.0,0.0,0.0,17.0,0.0,17.0,0.3194845716158549,0.2071463167667389,2.8317057291666665,0.2743237813313802,0.021133869886398315,-0.09829145669937134
396,0.9522757429999729,64.652288,0.9346871376037598,0.3138364255428314,0.01711546629667282,0.0185546875,0.07355548441410065,0.0,0.07343050837516785,1.6989740133285522,4.107145309448242,0.3668842017650604,0.0,18.0,0.0,0.0,18.0,0.0,18.0,0.3209170897801717,0.2045016884803772,2.7879638671875,0.27557869752248126,0.021101790169874828,-0.09729641675949097
397,0.9219732159999694,64.652288,0.9220980405807495,0.3186158835887909,0.021178871393203735,0.0185546875,0.07277445495128632,0.0,0.07171733677387238,1.5532033443450928,4.272745132446289,0.3350468575954437,0.0,7.0,0.0,0.0,7.0,0.0,7.0,0.32179415225982666,0.2023671567440033,2.7584635416666665,0.27633023262023926,0.021008439362049103,-0.09719735383987427
398,0.9385970690000249,64.652288,0.9175155162811279,0.32456356287002563,0.029803143814206123,0.0185546875,0.07211051136255264,0.0,0.0746006891131401,1.4286874532699585,4.338025093078613,0.3435714840888977,0.0,9.0,0.0,0.0,9.0,0.0,9.0,0.32173337539037067,0.20223848521709442,2.7122395833333335,0.2763833999633789,0.021088960270086925,-0.09823733568191528
399,0.9507638410000254,64.652288,0.9279429912567139,0.33140677213668823,0.01641845516860485,0.017578125,0.07295569777488708,0.0,0.07725337892770767,1.354064702987671,4.521695137023926,0.33438700437545776,0.0,7.0,0.0,0.0,7.0,0.0,7.0,0.3214595913887024,0.2016642987728119,2.7034912109375,0.27597254514694214,0.021190812190373737,-0.09815722703933716
400,0.9742423509999298,64.652288,0.9381839632987976,0.3408486843109131,0.03319679573178291,0.017578125,0.07358887791633606,0.0,0.08020472526550293,1.3010032176971436,4.529576301574707,0.3471141755580902,0.0,9.0,0.0,0.0,9.0,0.0,9.0,0.32070090373357135,0.20384511351585388,2.6912841796875,0.2752372622489929,0.021209696928660076,-0.09791237115859985
401,0.9831487390000575,64.652288,0.9540302157402039,0.34830039739608765,0.032316941767930984,0.017578125,0.07492651045322418,0.0,0.08309639990329742,1.2893942594528198,4.429183483123779,0.3375452160835266,0.0,4.0,0.0,0.0,4.0,0.0,4.0,0.3195090691248576,0.19905109703540802,2.6924641927083335,0.27411480744679767,0.02119677762190501,-0.0977213978767395
402,0.9878504890000386,64.652288,0.9774876832962036,0.3493313789367676,0.03828725963830948,0.017578125,0.07685484737157822,0.0,0.08470930904150009,1.2937304973602295,4.340638160705566,0.3522193431854248,0.0,11.0,0.0,0.0,11.0,0.0,11.0,0.3185717264811198,0.1990174502134323,2.7161051432291665,0.27315040429433185,0.021191813051700592,-0.09761244058609009
403,1.00133842799994,64.652288,0.9723418354988098,0.350585401058197,0.036094844341278076,0.017578125,0.07605215907096863,0.0,0.08549901843070984,1.405335783958435,4.275447845458984,0.3632512092590332,0.0,16.0,0.0,0.0,16.0,0.0,16.0,0.31816500425338745,0.20298472046852112,2.7194417317708335,0.2726453940073649,0.021295403440793354,-0.09758144617080688
404,1.0247040379999817,64.652288,0.9741867780685425,0.3449521064758301,0.015207760035991669,0.017578125,0.07664503157138824,0.0,0.08414270728826523,1.492734670639038,4.196351051330566,0.34032854437828064,0.0,14.0,0.0,0.0,14.0,0.0,14.0,0.3183138569196065,0.20596888661384583,2.7329508463541665,0.27246501048405963,0.021316930651664734,-0.09763795137405396
405,0.9645112890000291,64.652288,0.9948582649230957,0.3335117995738983,0.031683411449193954,0.017578125,0.07827185839414597,0.0,0.08751659095287323,1.591734766960144,4.156496047973633,0.35516899824142456,0.0,6.0,0.0,0.0,6.0,0.0,6.0,0.31748272975285846,0.2046642005443573,2.7393798828125,0.2717684308687846,0.021237810452779133,-0.09763175249099731
406,0.9834655399999974,64.652288,1.0363713502883911,0.3180857300758362,0.01563296839594841,0.017578125,0.08211348950862885,0.0,0.09089173376560211,1.6411309242248535,4.1339335441589355,0.36548542976379395,0.0,17.0,0.0,0.0,17.0,0.0,17.0,0.316840926806132,0.20460689067840576,2.7579752604166665,0.2713264226913452,0.021372074882189434,-0.09760409593582153
407,1.0052674070000194,64.652288,1.0322788953781128,0.3089887499809265,0.03567786514759064,0.017578125,0.08177098631858826,0.0,0.08957332372665405,1.6859476566314697,3.98835825920105,0.3785496652126312,0.0,19.0,0.0,0.0,19.0,0.0,19.0,0.31717371940612793,0.20017403364181519,2.7786051432291665,0.27175746361414593,0.02131161590417226,-0.09759277105331421
408,1.0226223879999452,64.652288,1.0328940153121948,0.3043297827243805,0.03949897363781929,0.017578125,0.08212213963270187,0.0,0.08692069351673126,1.7002878189086914,3.983485698699951,0.3658298850059509,0.0,19.0,0.0,0.0,19.0,0.0,19.0,0.31751394271850586,0.20125702023506165,2.7810872395833335,0.2724191149075826,0.02129114915927251,-0.09759336709976196
409,1.000343963999967,64.652288,1.0229690074920654,0.3075637221336365,0.08286084234714508,0.017578125,0.08106301724910736,0.0,0.08799074590206146,1.688124418258667,4.012355804443359,0.3666813373565674,0.0,7.0,0.0,0.0,7.0,0.0,7.0,0.3178056478500366,0.20612014830112457,2.7547200520833335,0.2726033926010132,0.02123960355917613,-0.09763365983963013
410,0.980561654999974,64.652288,1.0228862762451172,0.31449365615844727,0.025833236053586006,0.017578125,0.08066698908805847,0.0,0.09020330756902695,1.6784875392913818,4.309663772583008,0.37886446714401245,0.0,19.0,0.0,0.0,19.0,0.0,19.0,0.31819993257522583,0.20218145847320557,2.7629801432291665,0.27294377485911053,0.021298334002494812,-0.0976521372795105
411,0.965076100000033,64.652288,1.0259286165237427,0.3207704722881317,0.012059240601956844,0.017578125,0.0814027190208435,0.0,0.08566422760486603,1.598726511001587,4.490420818328857,0.36080020666122437,0.0,19.0,0.0,0.0,19.0,0.0,19.0,0.31876975297927856,0.20180931687355042,2.7447102864583335,0.273681898911794,0.021151793499787647,-0.09760576486587524
412,0.9721569230000568,64.652288,1.0059882402420044,0.33249014616012573,0.020328808575868607,0.0166015625,0.07956143468618393,0.0,0.08307638019323349,1.4950960874557495,4.553861141204834,0.3628203272819519,0.0,21.0,0.0,0.0,21.0,0.0,21.0,0.31925249099731445,0.203583225607872,2.7370198567708335,0.27402544021606445,0.021157508095105488,-0.09761887788772583
413,0.9797147289999657,64.652288,0.9592288136482239,0.34595873951911926,0.03771089389920235,0.0166015625,0.07580341398715973,0.0,0.07793010026216507,1.3527320623397827,4.435521125793457,0.3264211416244507,0.0,19.0,0.0,0.0,19.0,0.0,19.0,0.31950972477595013,0.20265482366085052,2.736572265625,0.2747752070426941,0.02130342771609624,-0.09765201807022095
414,1.0245901650000633,64.652288,0.8961462378501892,0.3645545244216919,0.02610943652689457,0.0166015625,0.06979501992464066,0.0,0.07493443787097931,1.258613109588623,4.191420555114746,0.3249831199645996,0.0,12.0,0.0,0.0,12.0,0.0,12.0,0.31894270579020184,0.19899556040763855,2.7677001953125,0.2743256092071533,0.021348342299461365,-0.0976530909538269
415,1.1309396560000096,64.652288,0.86744225025177,0.37550580501556396,0.027021413668990135,0.0166015625,0.06687784194946289,0.0,0.07529285550117493,1.2585686445236206,4.058999538421631,0.3163800835609436,0.0,11.0,0.0,0.0,11.0,0.0,11.0,0.3180360198020935,0.1988944709300995,2.7999267578125,0.2730390230814616,0.02137831598520279,-0.0976153016090393
416,1.0009052550000206,64.652288,0.8567891716957092,0.37751320004463196,0.028978927060961723,0.0166015625,0.0658765360713005,0.0,0.07401489466428757,1.3234407901763916,3.94618558883667,0.32002758979797363,0.0,14.0,0.0,0.0,14.0,0.0,14.0,0.31748918692270917,0.20102538168430328,2.8376871744791665,0.2723058859507243,0.021433268984158833,-0.09756237268447876
417,1.0021728000000394,64.652288,0.8492937684059143,0.3720778822898865,0.018601270392537117,0.0166015625,0.06537794321775436,0.0,0.0725703090429306,1.3837478160858154,3.8526453971862793,0.31823641061782837,0.0,12.0,0.0,0.0,12.0,0.0,12.0,0.31701870759328205,0.1971227526664734,2.8468831380208335,0.2719759742418925,0.021409342686335247,-0.09763294458389282
418,0.9992695139999341,64.652288,0.8251221179962158,0.36198413372039795,0.02321935072541237,0.015625,0.06319579482078552,0.0,0.06934952735900879,1.448360800743103,3.7189884185791016,0.32632455229759216,0.0,15.0,0.0,0.0,15.0,0.0,15.0,0.31706509987513226,0.19666001200675964,2.8921712239583335,0.27179084221522015,0.021338154872258503,-0.09773856401443481
419,0.9702072499999304,64.652288,0.8123100399971008,0.3507782220840454,0.01895751617848873,0.015625,0.061863772571086884,0.0,0.07071864604949951,1.5018413066864014,3.6502137184143066,0.3295968770980835,0.0,8.0,0.0,0.0,8.0,0.0,8.0,0.3169042666753133,0.1985519528388977,2.9132080078125,0.2715734640757243,0.021334268152713776,-0.09783059358596802
420,0.9735942030000615,64.652288,0.8277831673622131,0.3414402902126312,0.0677047073841095,0.015625,0.06301312893629074,0.0,0.07371553778648376,1.6193971633911133,3.647425413131714,0.3475024402141571,0.0,8.0,0.0,0.0,8.0,0.0,8.0,0.3174815575281779,0.2054956555366516,2.90283203125,0.27199918031692505,0.02128152052561442,-0.09790855646133423
421,0.9657829919999585,64.652288,0.8395227789878845,0.33905044198036194,0.01750173605978489,0.015625,0.06363464891910553,0.0,0.07591207325458527,1.7216715812683105,3.841153621673584,0.36461782455444336,0.0,13.0,0.0,0.0,13.0,0.0,13.0,0.31873146692911786,0.20547854900360107,2.8913981119791665,0.27306928237279254,0.021306137243906658,-0.0980108380317688
422,0.9753238969999529,64.652288,0.8476923704147339,0.3432573080062866,0.025390081107616425,0.0146484375,0.06421279907226562,0.0,0.07619376480579376,1.7782211303710938,4.039895534515381,0.37102383375167847,0.0,13.0,0.0,0.0,13.0,0.0,13.0,0.3203384081522624,0.2079729437828064,2.8253580729166665,0.27459462483723956,0.021279186010360718,-0.09809821844100952
423,0.9870896560000801,64.652288,0.8483608961105347,0.3486422300338745,0.012360119260847569,0.0146484375,0.06447085738182068,0.0,0.07557129114866257,1.683279275894165,4.2045135498046875,0.380958616733551,0.0,11.0,0.0,0.0,11.0,0.0,11.0,0.321677565574646,0.2090155929327011,2.7910563151041665,0.27581451336542767,0.021278018752733868,-0.09808593988418579
424,1.0399679509999942,64.652288,0.8363855481147766,0.356261670589447,0.04299607500433922,0.0146484375,0.06322875618934631,0.0,0.0754212960600853,1.547560691833496,4.299271583557129,0.39144429564476013,0.0,15.0,0.0,0.0,15.0,0.0,15.0,0.3217402696609497,0.20978675782680511,2.7690022786458335,0.2760546803474426,0.02134178082148234,-0.09807044267654419
425,1.0362163610000152,64.652288,0.8434009552001953,0.36330312490463257,0.0322425551712513,0.0146484375,0.06402989476919174,0.0,0.07554326951503754,1.4721930027008057,4.259600639343262,0.38985952734947205,0.0,11.0,0.0,0.0,11.0,0.0,11.0,0.32132601737976074,0.20757614076137543,2.7545572916666665,0.27577491601308185,0.021419639388720196,-0.0978575348854065
426,1.0139571119999573,64.652288,0.8757006525993347,0.36274129152297974,0.031158315017819405,0.0146484375,0.06741838157176971,0.0,0.07589893043041229,1.3877496719360352,4.174533843994141,0.38718828558921814,0.0,15.0,0.0,0.0,15.0,0.0,15.0,0.3209882775942485,0.20775072276592255,2.7600504557291665,0.2753547628720601,0.02138343205054601,-0.09773927927017212
427,0.9954631169999857,64.652288,0.8744820952415466,0.3608217239379883,0.024767398834228516,0.0146484375,0.06771687418222427,0.0,0.07427952438592911,1.360537052154541,4.035316467285156,0.36390775442123413,0.0,12.0,0.0,0.0,12.0,0.0,12.0,0.32059725125630695,0.19432666897773743,2.7616373697916665,0.2750778595606486,0.021440414090951283,-0.0976606011390686
428,0.9878366589999814,64.652288,0.8782829642295837,0.35398805141448975,0.04814805090427399,0.0146484375,0.06810148060321808,0.0,0.07368515431880951,1.3655035495758057,3.8691909313201904,0.36450251936912537,0.0,13.0,0.0,0.0,13.0,0.0,13.0,0.32007505496342975,0.19228114187717438,2.7934977213541665,0.27456313371658325,0.021433802942434948,-0.09763568639755249
429,0.9855337389999477,64.652288,0.8697012066841125,0.34936630725860596,0.021112091839313507,0.0146484375,0.06700475513935089,0.0,0.07335028052330017,1.4409421682357788,3.867340564727783,0.37667831778526306,0.0,14.0,0.0,0.0,14.0,0.0,14.0,0.31956714391708374,0.1989937424659729,2.8484293619791665,0.2739797830581665,0.021382403870423634,-0.097714364528656
430,0.9361882189999733,64.652288,0.8740197420120239,0.3436034321784973,0.007489102426916361,0.0146484375,0.06746187806129456,0.0,0.07300227880477905,1.5053260326385498,3.9402358531951904,0.36386021971702576,0.0,10.0,0.0,0.0,10.0,0.0,10.0,0.3189030687014262,0.20036107301712036,2.8389078776041665,0.2736512025197347,0.021481941143671673,-0.09790068864822388
431,0.923393013000009,64.652288,0.8882396221160889,0.34159383177757263,0.01111758965998888,0.0146484375,0.06850997358560562,0.0,0.07641928642988205,1.5912660360336304,4.019854545593262,0.36152195930480957,0.0,6.0,0.0,0.0,6.0,0.0,6.0,0.31842992703119916,0.20047160983085632,2.8230387369791665,0.2732797861099243,0.021501426895459492,-0.09790712594985962
432,0.9613454609999508,64.652288,0.9267638325691223,0.33904844522476196,0.020412525162100792,0.015625,0.07185398042201996,0.0,0.08055289089679718,1.6418209075927734,4.1438984870910645,0.38003402948379517,0.0,9.0,0.0,1.0,8.0,0.0,9.0,0.3181946078936259,0.19923344254493713,2.8074544270833335,0.2728229761123657,0.02153780311346054,-0.0980105996131897
433,0.9941667829999687,64.652288,0.9208800196647644,0.34359514713287354,0.016443153843283653,0.015625,0.07082770019769669,0.0,0.08223767578601837,1.625840425491333,4.1895599365234375,0.402080237865448,0.0,7.0,0.0,0.0,7.0,0.0,7.0,0.3180631399154663,0.1988471895456314,2.7711181640625,0.27255229155222577,0.021508067846298218,-0.09815853834152222
434,1.0373979940000027,64.652288,0.9328386187553406,0.3447268307209015,0.01441270112991333,0.015625,0.0716485008597374,0.0,0.08446253836154938,1.6103355884552002,4.19257926940918,0.4100075662136078,0.0,14.0,0.0,0.0,14.0,0.0,14.0,0.31756989161173504,0.1992177516222,2.7565511067708335,0.27207692464192706,0.021532508234182995,-0.09834319353103638
435,1.0032142649999969,64.652288,0.9541937112808228,0.34350883960723877,0.017036816105246544,0.015625,0.07342050969600677,0.0,0.08525161445140839,1.5756607055664062,4.206331253051758,0.42706960439682007,0.0,13.0,0.0,0.0,13.0,0.0,13.0,0.3170206546783447,0.20405957102775574,2.7633056640625,0.2716621557871501,0.021507007380326588,-0.09765726327896118
436,0.9849455329999728,64.652288,0.9378404021263123,0.34568995237350464,0.017597945407032967,0.015625,0.07201671600341797,0.0,0.08405697345733643,1.5443204641342163,4.12681770324707,0.4347671866416931,0.0,15.0,0.0,0.0,15.0,0.0,15.0,0.316835621992747,0.21180862188339233,2.7699381510416665,0.2717643976211548,0.021514010926087696,-0.09837442636489868
437,1.0382878340000161,64.652288,0.9374148845672607,0.3440999388694763,0.0202289167791605,0.015625,0.07250221073627472,0.0,0.08290742337703705,1.488783836364746,4.046670913696289,0.4127436876296997,0.0,16.0,0.0,0.0,16.0,0.0,16.0,0.3167389432589213,0.20756486058235168,2.7908528645833335,0.27170610427856445,0.02148108681042989,-0.0983542799949646
438,0.9931863739999471,64.652288,0.9465638995170593,0.3430408537387848,0.017227133736014366,0.015625,0.07353987544775009,0.0,0.08407112210988998,1.4978965520858765,3.967855453491211,0.3957782983779907,0.0,9.0,0.0,0.0,9.0,0.0,9.0,0.31651222705841064,0.20718467235565186,2.801513671875,0.2716076374053955,0.021475295225779217,-0.09812575578689575
439,0.9456807679999883,64.652288,0.956070601940155,0.3421124815940857,0.01046889927238226,0.015625,0.07439684122800827,0.0,0.08612234890460968,1.5248702764511108,3.9455466270446777,0.3928994834423065,0.0,15.0,0.0,0.0,15.0,0.0,15.0,0.31658544143040973,0.20155233144760132,2.77294921875,0.27186455329259235,0.02149688204129537,-0.09797292947769165
440,0.9334557240000549,64.652288,0.9379533529281616,0.3421885371208191,0.03379901126027107,0.015625,0.07277458161115646,0.0,0.08691994845867157,1.5540943145751953,3.8549365997314453,0.37738656997680664,0.0,10.0,0.0,0.0,10.0,0.0,10.0,0.3166171908378601,0.19748783111572266,2.7703043619791665,0.27210338910420734,0.02146119127670924,-0.09794968366622925
441,0.9601984859999675,64.652288,0.9666798710823059,0.33689796924591064,0.046132370829582214,0.015625,0.07509741187095642,0.0,0.09121018648147583,1.6391103267669678,3.9459846019744873,0.388408362865448,0.0,11.0,0.0,0.0,11.0,0.0,11.0,0.3163926998774211,0.19296136498451233,2.794677734375,0.27187997102737427,0.021480247378349304,-0.09781032800674438
442,0.9823448890000464,64.652288,0.9541254639625549,0.33702510595321655,0.011654681526124477,0.015625,0.0738743469119072,0.0,0.09181807935237885,1.6367509365081787,4.20814847946167,0.3659815788269043,0.0,17.0,0.0,0.0,17.0,0.0,17.0,0.3168928225835164,0.19458502531051636,2.7957356770833335,0.2726396918296814,0.02152956525484721,-0.09777861833572388
443,1.0005762839999761,64.652288,0.9410922527313232,0.34588173031806946,0.02602171152830124,0.015625,0.0725274533033371,0.0,0.0900602787733078,1.61350417137146,4.331052780151367,0.38074028491973877,0.0,19.0,0.0,0.0,19.0,0.0,19.0,0.31771095593770343,0.1982334852218628,2.7975260416666665,0.27335158983866376,0.021586380898952484,-0.0981479287147522
444,0.9731642699999838,64.652288,0.9332637786865234,0.35186198353767395,0.0368427038192749,0.015625,0.07187829911708832,0.0,0.08739453554153442,1.544792890548706,4.277282238006592,0.39082545042037964,0.0,15.0,0.0,0.0,15.0,0.0,15.0,0.3184579610824585,0.19972524046897888,2.7759195963541665,0.27392446994781494,0.02160173902908961,-0.09808129072189331
445,1.0056615190000002,64.652288,0.9223173260688782,0.3564268946647644,0.030551455914974213,0.015625,0.0708501935005188,0.0,0.08557616174221039,1.4369888305664062,4.255692481994629,0.4034857451915741,0.0,15.0,0.0,0.0,15.0,0.0,15.0,0.31889675060908,0.2013993263244629,2.7626953125,0.2744407057762146,0.021632519861062367,-0.09789150953292847
446,0.9825320789999523,64.652288,0.8996702432632446,0.3606542944908142,0.033302027732133865,0.015625,0.06906075775623322,0.0,0.08318275213241577,1.3961281776428223,4.039555072784424,0.4045949876308441,0.0,14.0,0.0,0.0,14.0,0.0,14.0,0.31906574964523315,0.206170916557312,2.7538248697916665,0.2745487689971924,0.02166903018951416,-0.09793096780776978
447,0.9833813320000218,64.652288,0.8949096202850342,0.3573886454105377,0.01523541659116745,0.015625,0.06877818703651428,0.0,0.08219338208436966,1.362217664718628,3.8370490074157715,0.40948018431663513,0.0,13.0,0.0,0.0,13.0,0.0,13.0,0.3186503251393636,0.20045915246009827,2.7616780598958335,0.27403996388117474,0.02169051021337509,-0.09756308794021606
448,1.0296427529999619,64.652288,0.9137070775032043,0.3469752073287964,0.014155221171677113,0.015625,0.07066917419433594,0.0,0.08256494998931885,1.3782742023468018,3.758307456970215,0.4086161255836487,0.0,11.0,0.0,0.0,11.0,0.0,11.0,0.3179616332054138,0.20253676176071167,2.7998453776041665,0.27328693866729736,0.02170654634634654,-0.09744364023208618
449,1.0116811600000801,64.652288,0.9276642799377441,0.3350582420825958,0.03508944436907768,0.015625,0.07224948704242706,0.0,0.08308766037225723,1.4100927114486694,3.683922529220581,0.4068745970726013,0.0,17.0,0.0,0.0,17.0,0.0,17.0,0.3178783655166626,0.20523177087306976,2.8191324869791665,0.2730508844057719,0.021647979815800984,-0.0973702073097229
450,0.9597147350000341,64.652288,0.9401249289512634,0.32630792260169983,0.03627019375562668,0.015625,0.07365732640028,0.0,0.08208250999450684,1.4512861967086792,3.673488140106201,0.39667028188705444,0.0,9.0,0.0,0.0,9.0,0.0,9.0,0.3181351224581401,0.20475554466247559,2.8402099609375,0.2730625470479329,0.02159835894902547,-0.0973082184791565
451,0.9822123989999909,64.652288,0.9347617626190186,0.3247065544128418,0.011529150418937206,0.015625,0.0733153447508812,0.0,0.08057120442390442,1.4619168043136597,3.6891276836395264,0.37014031410217285,0.0,16.0,0.0,0.0,16.0,0.0,16.0,0.31859930356343585,0.20995090901851654,2.8598225911458335,0.27335604031880695,0.02156080553929011,-0.09717339277267456
452,0.9944493859999284,64.652288,0.9053033590316772,0.3321351110935211,0.01578458584845066,0.015625,0.07023411989212036,0.0,0.0801190659403801,1.499945044517517,3.6931848526000977,0.38686859607696533,0.0,13.0,0.0,0.0,13.0,0.0,13.0,0.31892557938893634,0.2100692093372345,2.8314208984375,0.27359702189763385,0.021556027233600616,-0.09710317850112915
453,0.9722181189999901,64.652288,0.8858401775360107,0.33834928274154663,0.008914180099964142,0.015625,0.06875359266996384,0.0,0.07815124094486237,1.4623799324035645,3.675461530685425,0.35670480132102966,0.0,11.0,0.0,0.0,11.0,0.0,11.0,0.31906123956044513,0.20963847637176514,2.8391927083333335,0.27368485927581787,0.021623661120732624,-0.09716790914535522
454,0.9604519600000003,64.652288,0.9015953540802002,0.3397258222103119,0.01754075102508068,0.0146484375,0.07038935273885727,0.0,0.07649609446525574,1.448105812072754,3.703298330307007,0.35654205083847046,0.0,13.0,0.0,0.0,13.0,0.0,13.0,0.31942135095596313,0.1957867592573166,2.84912109375,0.2737247546513875,0.02168375998735428,-0.09704726934432983
455,0.944060420000028,64.652288,0.886534571647644,0.347665935754776,0.011578250676393509,0.0146484375,0.06882929801940918,0.0,0.07621478289365768,1.4846724271774292,3.699310302734375,0.36930543184280396,0.0,11.0,0.0,0.0,11.0,0.0,11.0,0.3193792899449666,0.19357477128505707,2.8690185546875,0.2736397385597229,0.021652681132157642,-0.09697359800338745
456,0.9491223210000044,64.652288,0.8845877051353455,0.3546822667121887,0.012533189728856087,0.0146484375,0.06867064535617828,0.0,0.07557006925344467,1.4937610626220703,3.746290922164917,0.37261128425598145,0.0,12.0,0.0,0.0,12.0,0.0,12.0,0.31921613216400146,0.19356364011764526,2.8746744791666665,0.2734941045443217,0.02166292816400528,-0.09699314832687378
457,0.9298803850000468,64.652288,0.8687899112701416,0.3623868227005005,0.014594069682061672,0.013671875,0.06705140322446823,0.0,0.07555242627859116,1.5043907165527344,3.748847484588623,0.37222838401794434,0.0,9.0,0.0,0.0,9.0,0.0,9.0,0.31908390919367474,0.19395679235458374,2.8760986328125,0.27328598499298096,0.0215982918938001,-0.09700387716293335
458,0.9433085130000336,64.652288,0.8549584150314331,0.3675044775009155,0.023049848154187202,0.013671875,0.06553635001182556,0.0,0.07338522374629974,1.5180675983428955,3.925999402999878,0.37534356117248535,0.0,14.0,0.0,0.0,14.0,0.0,14.0,0.3191335399945577,0.19668813049793243,2.8572591145833335,0.27333231767018634,0.02160441627105077,-0.09697633981704712
459,0.9626279550000163,64.652288,0.8622699975967407,0.3690243661403656,0.041414473205804825,0.013671875,0.06622634828090668,0.0,0.07327547669410706,1.482555866241455,3.951049566268921,0.3783397674560547,0.0,15.0,0.0,0.0,15.0,0.0,15.0,0.3192388415336609,0.19934611022472382,2.8340657552083335,0.27364633480707806,0.021602441867192585,-0.09694939851760864
460,1.035773830999915,64.652288,0.8561614751815796,0.3677351176738739,0.028135577216744423,0.013671875,0.06544966995716095,0.0,0.0733812004327774,1.505067229270935,3.93945574760437,0.38510221242904663,0.0,6.0,0.0,0.0,6.0,0.0,6.0,0.31875606377919513,0.19843028485774994,2.8236490885416665,0.27330748240152997,0.021541717151800793,-0.09696286916732788
461,1.0059405649999462,64.652288,0.8473217487335205,0.3657177984714508,0.021451512351632118,0.013671875,0.06406830251216888,0.0,0.07629259675741196,1.5353540182113647,3.9697556495666504,0.4049583375453949,0.0,10.0,0.0,0.0,10.0,0.0,10.0,0.3178615967432658,0.19611172378063202,2.8184000651041665,0.27269699176152545,0.021463314692179363,-0.09702104330062866
462,0.9726811720000796,64.652288,0.8660769462585449,0.35745030641555786,0.022328536957502365,0.013671875,0.06582508981227875,0.0,0.07719316333532333,1.5908502340316772,4.0069732666015625,0.3978579044342041,0.0,11.0,0.0,0.0,11.0,0.0,11.0,0.31735946734746295,0.2037402242422104,2.8105875651041665,0.27237717310587567,0.02149578183889389,-0.0970502495765686
463,0.9872147739999946,64.652288,0.8981322050094604,0.34458035230636597,0.009232732467353344,0.013671875,0.06885960698127747,0.0,0.07943308353424072,1.6520075798034668,3.9735770225524902,0.40034669637680054,0.0,7.0,0.0,0.0,7.0,0.0,7.0,0.3171399037043254,0.19855205714702606,2.8079020182291665,0.2721929947535197,0.021484302977720898,-0.09702688455581665
464,0.9744638210000858,64.652288,0.9438187479972839,0.3308609127998352,0.018387405201792717,0.013671875,0.07310673594474792,0.0,0.08257894217967987,1.709557056427002,3.991318464279175,0.4063890874385834,0.0,9.0,0.0,0.0,9.0,0.0,9.0,0.3170925776163737,0.19815680384635925,2.7777506510416665,0.2720553477605184,0.021548648675282795,-0.09700542688369751
465,0.984485702000029,64.652288,0.9994950890541077,0.3168613016605377,0.04442192241549492,0.013671875,0.07857119292020798,0.0,0.08472959697246552,1.7268108129501343,4.0736165046691895,0.39515233039855957,0.0,12.0,0.0,0.0,12.0,0.0,12.0,0.31733312209447223,0.19901041686534882,2.7665201822916665,0.27238625288009644,0.021495995422204334,-0.09701114892959595
466,0.9879892519999203,64.652288,1.0342791080474854,0.30684608221054077,0.03881870582699776,0.013671875,0.08208447694778442,0.0,0.08446723222732544,1.6470659971237183,4.136347770690918,0.4055737853050232,0.0,13.0,0.0,0.0,13.0,0.0,13.0,0.3181600173314412,0.20360210537910461,2.7816162109375,0.27305277188618976,0.021414682269096375,-0.09707170724868774
467,0.9699470440000368,64.652288,1.0262874364852905,0.30894312262535095,0.0460401251912117,0.013671875,0.08132146298885345,0.0,0.08685022592544556,1.576186180114746,4.196322917938232,0.39229685068130493,0.0,9.0,0.0,0.0,9.0,0.0,9.0,0.318389356136322,0.2047959715127945,2.77880859375,0.27356914679209393,0.021418511867523193,-0.09715718030929565
468,0.9592532120000214,64.652288,0.9962457418441772,0.3207138776779175,0.025948232039809227,0.013671875,0.07817544043064117,0.0,0.0883009284734726,1.5050467252731323,4.307976245880127,0.3977452516555786,0.0,13.0,0.0,0.0,13.0,0.0,13.0,0.31859493255615234,0.2012982964515686,2.7539876302083335,0.27419857184092206,0.021471043427785236,-0.09726446866989136
469,1.0218103930000098,64.652288,0.977666974067688,0.3316282331943512,0.01966136507689953,0.013671875,0.07665452361106873,0.0,0.08602341264486313,1.4041041135787964,4.236204147338867,0.3932608962059021,0.0,17.0,0.0,0.0,17.0,0.0,17.0,0.3188691933949788,0.20029768347740173,2.7278238932291665,0.2749822537104289,0.021494120359420776,-0.09737008810043335
470,0.9748887939999804,64.652288,0.9375631809234619,0.3454464077949524,0.014037350192666054,0.013671875,0.07296936213970184,0.0,0.08678671717643738,1.3123877048492432,4.028840065002441,0.3758091628551483,0.0,8.0,0.0,0.0,8.0,0.0,8.0,0.3187105655670166,0.20091316103935242,2.7207845052083335,0.27454062302907306,0.021401040256023407,-0.09751325845718384
471,0.9830280340000854,64.652288,0.9367102980613708,0.3540557026863098,0.030284473672509193,0.013671875,0.07268574833869934,0.0,0.08653860539197922,1.257246732711792,4.063058853149414,0.3965972363948822,0.0,14.0,0.0,0.0,14.0,0.0,14.0,0.3179916739463806,0.20473289489746094,2.728515625,0.273928423722585,0.02138989915450414,-0.09771651029586792
472,0.9677034140000842,64.652288,0.9468181133270264,0.3576297163963318,0.019392700865864754,0.0146484375,0.07359758019447327,0.0,0.0874243825674057,1.3146158456802368,3.949127674102783,0.4025254249572754,0.0,11.0,0.0,1.0,10.0,0.0,11.0,0.3172047932942708,0.21137657761573792,2.7381998697916665,0.273146132628123,0.021302223205566406,-0.09791821241378784
473,0.9663718130000234,64.652288,0.9372367262840271,0.35907018184661865,0.01739278994500637,0.0146484375,0.07251490652561188,0.0,0.08783408254384995,1.4307785034179688,3.9344687461853027,0.4020475745201111,0.0,10.0,0.0,0.0,10.0,0.0,10.0,0.3166077136993408,0.21210946142673492,2.7969156901041665,0.2722368041674296,0.021275050938129425,-0.09809476137161255
474,0.9542786199999682,64.652288,0.9468141198158264,0.3545713424682617,0.020192010328173637,0.0146484375,0.073030985891819,0.0,0.08936971426010132,1.5461797714233398,3.9459054470062256,0.41564029455184937,0.0,11.0,0.0,0.0,11.0,0.0,11.0,0.31572159131368,0.20796646177768707,2.8285725911458335,0.27138503392537433,0.021281349162260692,-0.09823721647262573
475,0.9463717600000336,64.652288,0.963145911693573,0.3471810221672058,0.008008620701730251,0.0146484375,0.07446382939815521,0.0,0.09005403518676758,1.5975606441497803,4.029679775238037,0.4080631732940674,0.0,10.0,0.0,0.0,10.0,0.0,10.0,0.3153045177459717,0.19817882776260376,2.8295084635416665,0.27104465166727704,0.02122635394334793,-0.09824758768081665
476,1.0001704030000838,64.652288,0.9532851576805115,0.3467752933502197,0.012473070062696934,0.0146484375,0.07293394953012466,0.0,0.0930151492357254,1.6510696411132812,4.0549798011779785,0.4220185875892639,0.0,10.0,0.0,0.0,10.0,0.0,10.0,0.3147609829902649,0.19021373987197876,2.8246256510416665,0.2705996036529541,0.021258932848771412,-0.09804564714431763
477,1.1123124660000485,64.652288,0.9683200120925903,0.3411562740802765,0.019513171166181564,0.0146484375,0.07440656423568726,0.0,0.0912461131811142,1.683526873588562,4.12750244140625,0.4213677644729614,0.0,14.0,0.0,0.0,14.0,0.0,14.0,0.31496395667394,0.1890782117843628,2.8141276041666665,0.2709582249323527,0.02122040092945099,-0.09788399934768677
478,0.9972358830000303,64.652288,0.9819314479827881,0.3359415531158447,0.03132106736302376,0.0146484375,0.07586567848920822,0.0,0.08889955282211304,1.723874568939209,4.1619954109191895,0.4287451207637787,0.0,17.0,0.0,0.0,17.0,0.0,17.0,0.3155424992243449,0.18899869918823242,2.7716878255208335,0.27140535910924274,0.021274844805399578,-0.09773808717727661
479,1.035293638999974,64.652288,0.9854758381843567,0.33063989877700806,0.024350566789507866,0.0146484375,0.07650867849588394,0.0,0.08777698129415512,1.7713232040405273,4.087152481079102,0.42205557227134705,0.0,12.0,0.0,1.0,11.0,0.0,12.0,0.31574984391530353,0.20661740005016327,2.7521158854166665,0.27152029673258465,0.02134218066930771,-0.09763985872268677
480,0.9787514060000149,64.652288,0.9983386397361755,0.3263811469078064,0.022702651098370552,0.0146484375,0.07791319489479065,0.0,0.08495697379112244,1.8181159496307373,4.0673980712890625,0.4301694333553314,0.0,16.0,0.0,0.0,16.0,0.0,16.0,0.315751572450002,0.20027600228786469,2.781494140625,0.2715105017026265,0.02121614416440328,-0.09753233194351196
481,0.9882060219999858,64.652288,1.0096651315689087,0.32333582639694214,0.03748583793640137,0.0146484375,0.07905200123786926,0.0,0.08603765815496445,1.8444074392318726,4.143823146820068,0.41863590478897095,0.0,11.0,0.0,0.0,11.0,0.0,11.0,0.31570887565612793,0.19513073563575745,2.8121337890625,0.2714571754137675,0.02127900222937266,-0.09751993417739868
482,0.9721464689999948,64.652288,0.9997952580451965,0.32463669776916504,0.017380250617861748,0.0146484375,0.07798878848552704,0.0,0.08725851029157639,1.7662532329559326,4.17779541015625,0.41799935698509216,0.0,13.0,0.0,0.0,13.0,0.0,13.0,0.3161824146906535,0.19345276057720184,2.8024495442708335,0.2718544403711955,0.02137800306081772,-0.09760981798171997
483,0.9877857590000758,64.652288,0.9712220430374146,0.33174365758895874,0.020681731402873993,0.0146484375,0.07535262405872345,0.0,0.08484575152397156,1.6495347023010254,4.144126892089844,0.42754802107810974,0.0,16.0,0.0,0.0,16.0,0.0,16.0,0.31742719809214276,0.2025199830532074,2.7968343098958335,0.2729177276293437,0.021517830590407055,-0.09771758317947388
484,1.0000351370000544,64.652288,0.9576777815818787,0.34133192896842957,0.012632792815566063,0.0146484375,0.07401729375123978,0.0,0.08549918979406357,1.5653364658355713,4.16377067565918,0.4310761094093323,0.0,14.0,0.0,0.0,14.0,0.0,14.0,0.3178190390268962,0.20407670736312866,2.7340494791666665,0.27340928713480633,0.021517152587572735,-0.09779506921768188
485,0.9869988149999926,64.652288,0.9270057678222656,0.3497737646102905,0.023636028170585632,0.0146484375,0.07136302441358566,0.0,0.08646340668201447,1.4884145259857178,4.069234371185303,0.4033679962158203,0.0,7.0,0.0,0.0,7.0,0.0,7.0,0.31777435541152954,0.2062002569437027,2.7165934244791665,0.2736935615539551,0.021435879170894623,-0.0978589653968811
486,0.9715395670000362,64.652288,0.9454924464225769,0.3499941825866699,0.023778464645147324,0.0146484375,0.07305990159511566,0.0,0.08912742137908936,1.4182952642440796,4.025145530700684,0.40959274768829346,0.0,17.0,0.0,0.0,17.0,0.0,17.0,0.31718140840530396,0.20720112323760986,2.7080078125,0.2731182972590129,0.021426349878311157,-0.0978962779045105
487,0.9476515179999296,64.652288,0.9625741243362427,0.3476049304008484,0.0185354296118021,0.0146484375,0.07489804178476334,0.0,0.08921870589256287,1.4193861484527588,3.8845248222351074,0.4091779589653015,0.0,11.0,0.0,0.0,11.0,0.0,11.0,0.3163439830144246,0.20994211733341217,2.7403971354166665,0.2723708351453145,0.02141515662272771,-0.09792059659957886
488,0.9619786570000315,64.652288,0.9631633758544922,0.34656989574432373,0.01057817880064249,0.0146484375,0.07476716488599777,0.0,0.0915536880493164,1.4610651731491089,3.847640037536621,0.4066947102546692,0.0,14.0,0.0,0.0,14.0,0.0,14.0,0.31557323535283405,0.1980854570865631,2.7887776692708335,0.27156710624694824,0.021472498774528503,-0.09734588861465454
489,0.9676893539999583,64.652288,0.957194447517395,0.3413166403770447,0.016110440716147423,0.0146484375,0.0740877091884613,0.0,0.08929210901260376,1.4692052602767944,3.8917198181152344,0.419992059469223,0.0,22.0,0.0,0.0,22.0,0.0,22.0,0.3156537214914958,0.19896283745765686,2.8122965494791665,0.27198898792266846,0.02151014655828476,-0.0978814959526062
490,0.9495754470000293,64.652288,0.9447682499885559,0.33468377590179443,0.006643510889261961,0.0146484375,0.07355199754238129,0.0,0.0858432874083519,1.4830071926116943,3.8351612091064453,0.3776991367340088,0.0,11.0,0.0,0.0,11.0,0.0,11.0,0.31648023923238117,0.19914647936820984,2.8081868489583335,0.27301184336344403,0.021486937999725342,-0.09776383638381958
491,0.9722560249999788,64.652288,0.9545713067054749,0.3298490345478058,0.04540880769491196,0.0146484375,0.07422569394111633,0.0,0.0877523273229599,1.54536771774292,3.792184829711914,0.39971062541007996,0.0,15.0,0.0,0.0,15.0,0.0,15.0,0.31640193859736127,0.19901566207408905,2.7870686848958335,0.27331680059432983,0.021414726972579956,-0.09767061471939087
492,0.9841037280000364,64.652288,0.9547374248504639,0.32757291197776794,0.035487592220306396,0.0146484375,0.07408511638641357,0.0,0.08742165565490723,1.6019515991210938,3.878072738647461,0.40709587931632996,0.0,15.0,0.0,0.0,15.0,0.0,15.0,0.3162788550059001,0.20036230981349945,2.8123372395833335,0.2735581596692403,0.021388764182726543,-0.09760576486587524
493,1.050353303999941,64.652288,0.9379581809043884,0.3318473696708679,0.01179635152220726,0.0146484375,0.07235968112945557,0.0,0.08698318898677826,1.6457040309906006,3.9804065227508545,0.4072175920009613,0.0,11.0,0.0,0.0,11.0,0.0,11.0,0.3160850207010905,0.2023705542087555,2.8168131510416665,0.27354151010513306,0.02128269026676814,-0.0975525975227356
494,1.0771582370000488,64.652288,0.9604007601737976,0.3349555432796478,0.021125176921486855,0.0146484375,0.07446601986885071,0.0,0.0883544385433197,1.6654243469238281,4.109687805175781,0.3980962634086609,0.0,11.0,0.0,0.0,11.0,0.0,11.0,0.3161709705988566,0.2018570601940155,2.7843831380208335,0.2738534212112427,0.02130051205555598,-0.0975373387336731
495,1.0530637539999361,64.652288,0.9433162212371826,0.3439847528934479,0.02019459381699562,0.013671875,0.07264944911003113,0.0,0.08740676939487457,1.6386363506317139,4.191692352294922,0.41294223070144653,0.0,21.0,0.0,0.0,21.0,0.0,21.0,0.31675195693969727,0.2003503143787384,2.7694091796875,0.2741662859916687,0.021410989264647167,-0.09753650426864624
496,1.067050227999971,64.652288,0.9519575834274292,0.3472580909729004,0.02182672917842865,0.013671875,0.07374250143766403,0.0,0.0849800854921341,1.5663613080978394,4.193403720855713,0.41223403811454773,0.0,12.0,0.0,0.0,12.0,0.0,12.0,0.31761401891708374,0.20069792866706848,2.7664388020833335,0.2746294140815735,0.02139373371998469,-0.09750932455062866
497,1.0547685530000308,64.652288,0.9459077715873718,0.3488236665725708,0.03978447616100311,0.013671875,0.07345902174711227,0.0,0.08405184000730515,1.5303106307983398,4.13260555267334,0.39507246017456055,0.0,16.0,0.0,0.0,16.0,0.0,16.0,0.31808992226918537,0.2026481330394745,2.784423828125,0.2746359507242839,0.021369156738122303,-0.09753924608230591
498,0.9917963950000512,64.652288,0.9429609775543213,0.3486917018890381,0.012842191383242607,0.013671875,0.07352225482463837,0.0,0.08204195648431778,1.4474077224731445,3.9810829162597656,0.39833563566207886,0.0,14.0,0.0,0.0,14.0,0.0,14.0,0.318317174911499,0.2076236605644226,2.7781168619791665,0.2746322949727376,0.021374841531117756,-0.09762316942214966
499,0.9926158540000642,64.652288,0.9585720896720886,0.3436014652252197,0.00713318632915616,0.013671875,0.07519978284835815,0.0,0.08204644918441772,1.4330158233642578,3.9011600017547607,0.39633846282958984,0.0,16.0,0.0,0.0,16.0,0.0,16.0,0.31785696744918823,0.20397129654884338,2.7979329427083335,0.2741012175877889,0.021286363403002422,-0.09770864248275757
500,0.9998564080000278,64.652288,0.9612549543380737,0.3362656533718109,0.010578282177448273,0.013671875,0.07552173733711243,0.0,0.08160252869129181,1.4515464305877686,3.808992385864258,0.39840418100357056,0.0,15.0,0.0,0.0,15.0,0.0,15.0,0.3176705042521159,0.2095363736152649,2.8194986979166665,0.27370264132817584,0.021331332623958588,-0.09780853986740112
501,0.9639716720000706,64.652288,0.9600576758384705,0.33194059133529663,0.03102690912783146,0.013671875,0.07548606395721436,0.0,0.08172607421875,1.4394824504852295,3.7928924560546875,0.3867100477218628,0.0,9.0,0.0,0.0,9.0,0.0,9.0,0.3176470398902893,0.1999872326850891,2.8247884114583335,0.2734769582748413,0.02145523577928543,-0.09747368097305298
502,0.9650723060000246,64.652288,0.9613110423088074,0.3323996067047119,0.020672673359513283,0.013671875,0.07530185580253601,0.0,0.08469095081090927,1.5235202312469482,3.827432155609131,0.389174222946167,0.0,10.0,0.0,0.0,10.0,0.0,10.0,0.3174223105112712,0.1972864866256714,2.8127848307291665,0.27316993474960327,0.021429116527239483,-0.09719806909561157
503,0.973019450000038,64.652288,0.9523283839225769,0.3357771337032318,0.014193851500749588,0.013671875,0.07433044910430908,0.0,0.08567583560943604,1.5314905643463135,3.8333845138549805,0.3848726451396942,0.0,12.0,0.0,0.0,12.0,0.0,12.0,0.31747615337371826,0.20124994218349457,2.7931722005208335,0.27330313126246136,0.021390716234842937,-0.09773236513137817
504,0.998256328000025,64.652288,0.962073564529419,0.3361615538597107,0.021989429369568825,0.013671875,0.07540294528007507,0.0,0.08446377515792847,1.4741404056549072,3.9163360595703125,0.37514957785606384,0.0,13.0,0.0,0.0,13.0,0.0,13.0,0.31778766711552936,0.20468981564044952,2.7803955078125,0.27376975615819293,0.021376967430114746,-0.09765154123306274
505,1.0094829449999452,64.652288,0.940451979637146,0.3427709937095642,0.014027222990989685,0.013671875,0.07333743572235107,0.0,0.08267903327941895,1.4331889152526855,3.9744298458099365,0.3820415139198303,0.0,14.0,0.0,0.0,14.0,0.0,14.0,0.3179657459259033,0.2089345008134842,2.7982584635416665,0.27408166726430255,0.021486821273962658,-0.09754472970962524
506,1.0380355020000707,64.652288,0.9028344750404358,0.351272851228714,0.03167146071791649,0.013671875,0.06990267336368561,0.0,0.07869820296764374,1.4018361568450928,3.999070644378662,0.3764997720718384,0.0,15.0,0.0,0.0,15.0,0.0,15.0,0.31813520193099976,0.20821809768676758,2.8514811197916665,0.27446802457173664,0.021471314132213593,-0.0975983738899231
507,1.051930107999965,64.652288,0.8855000734329224,0.35744619369506836,0.015586835332214832,0.0126953125,0.06834986060857773,0.0,0.07720953226089478,1.3848785161972046,3.962827205657959,0.37296292185783386,0.0,13.0,1.0,0.0,14.0,0.0,13.0,0.3183988332748413,0.20253974199295044,2.8268636067708335,0.2746742566426595,0.021582295497258503,-0.09770208597183228
508,0.9892974299999651,64.652288,0.8804924488067627,0.3593369126319885,0.013569029048085213,0.0126953125,0.06800694763660431,0.0,0.07711862772703171,1.4198930263519287,3.9226977825164795,0.3647325038909912,0.0,6.0,0.0,0.0,6.0,0.0,6.0,0.3183807134628296,0.19900894165039062,2.833251953125,0.27451860904693604,0.021571633716424305,-0.09748393297195435
509,1.0004905939999844,64.652288,0.9030277132987976,0.35439950227737427,0.01867026276886463,0.0126953125,0.07002580910921097,0.0,0.0783911794424057,1.474220633506775,3.8810195922851562,0.3760080933570862,0.0,11.0,0.0,0.0,11.0,0.0,11.0,0.31803280115127563,0.19903019070625305,2.8430989583333335,0.27396947145462036,0.02161008616288503,-0.09749704599380493
510,1.006391305999955,64.652288,0.9036593437194824,0.34830522537231445,0.008698905818164349,0.0126953125,0.07010587304830551,0.0,0.07801888883113861,1.5042407512664795,3.899043560028076,0.37622690200805664,0.0,11.0,0.0,0.0,11.0,0.0,11.0,0.318190058072408,0.2002200484275818,2.8543701171875,0.27376846472422284,0.02159396807352702,-0.0975300669670105
511,1.0068852379999953,64.652288,0.8784914016723633,0.3449056148529053,0.009333018213510513,0.0126953125,0.067754827439785,0.0,0.0766899511218071,1.4997767210006714,3.873612880706787,0.3761252760887146,0.0,15.0,0.0,0.0,15.0,0.0,15.0,0.3186311523119609,0.19662827253341675,2.8197021484375,0.2740236322085063,0.021570031841595966,-0.09760195016860962
512,0.9816935640000111,64.652288,0.8981912136077881,0.3377149701118469,0.08243510872125626,0.013671875,0.06978382170200348,0.0,0.0769680067896843,1.5924543142318726,3.886806011199951,0.3580200672149658,0.0,6.0,0.0,1.0,5.0,0.0,6.0,0.31869014104207355,0.19551385939121246,2.8377685546875,0.2738138437271118,0.02167696754137675,-0.09770470857620239
513,0.9991954789999227,64.652288,0.9250928163528442,0.33283939957618713,0.010617726482450962,0.013671875,0.07199105620384216,0.0,0.07878029346466064,1.7039086818695068,4.092577934265137,0.3605784773826599,0.0,11.0,0.0,0.0,11.0,0.0,11.0,0.3184052109718323,0.19760380685329437,2.8385416666666665,0.2736692428588867,0.021718400220076244,-0.09778386354446411
514,1.0420642829999451,64.652288,0.9169259667396545,0.3373798131942749,0.03165621683001518,0.013671875,0.07112779468297958,0.0,0.07551344484090805,1.7168684005737305,4.301788330078125,0.3647257685661316,0.0,19.0,0.0,0.0,19.0,0.0,19.0,0.3187684615453084,0.20359379053115845,2.8326009114583335,0.2741665840148926,0.021622431774934132,-0.09728509187698364
515,1.0511512620000758,64.652288,0.9113709926605225,0.34401604533195496,0.027367787435650826,0.013671875,0.07072286307811737,0.0,0.07294058054685593,1.6798970699310303,4.30515718460083,0.36391204595565796,0.0,14.0,0.0,0.0,14.0,0.0,14.0,0.3190797170003255,0.20822080969810486,2.8033447265625,0.27431434392929077,0.021563291549682617,-0.09720474481582642
516,1.0308227379999835,64.652288,0.9219865202903748,0.3475953936576843,0.02137085236608982,0.013671875,0.07184477150440216,0.0,0.07166310399770737,1.58489990234375,4.300080299377441,0.36425668001174927,0.0,9.0,0.0,0.0,9.0,0.0,9.0,0.31916054089864093,0.20356300473213196,2.80126953125,0.27436278263727826,0.021406076848506927,-0.09771782159805298
517,0.9794132750000699,64.652288,0.9332490563392639,0.34910333156585693,0.016171341761946678,0.013671875,0.07270985841751099,0.0,0.07428223639726639,1.5372709035873413,4.31190299987793,0.3717171549797058,0.0,10.0,0.0,0.0,10.0,0.0,10.0,0.31894073883692425,0.20324081182479858,2.784912109375,0.27404727538426715,0.021453080077966053,-0.09761542081832886
518,1.0065848400000732,64.652288,0.9474857449531555,0.34418097138404846,0.023651976138353348,0.013671875,0.07433691620826721,0.0,0.07421021163463593,1.4254248142242432,4.239785194396973,0.36292776465415955,0.0,10.0,0.0,0.0,10.0,0.0,10.0,0.318559209505717,0.20408882200717926,2.7770589192708335,0.2738890250523885,0.021350058416525524,-0.09750336408615112
519,1.0094594380000217,64.652288,0.9397252202033997,0.3411708474159241,0.018066613003611565,0.013671875,0.07370895147323608,0.0,0.07450222969055176,1.351550817489624,4.167329788208008,0.3667323589324951,0.0,13.0,0.0,0.0,13.0,0.0,13.0,0.318192462126414,0.20129892230033875,2.7978108723958335,0.2738410234451294,0.021301443378130596,-0.09739905595779419
520,0.9702341939999997,64.652288,0.9214215278625488,0.3392772674560547,0.05331864580512047,0.013671875,0.07188592851161957,0.0,0.07542886584997177,1.341874599456787,4.0860795974731445,0.3720332980155945,0.0,8.0,0.0,0.0,8.0,0.0,8.0,0.31768622001012164,0.20574796199798584,2.7981770833333335,0.2735785444577535,0.02134299526611964,-0.09735065698623657
521,0.9953906490000008,64.652288,0.9070919156074524,0.33944714069366455,0.01771903596818447,0.0126953125,0.07026012986898422,0.0,0.0770840272307396,1.3741787672042847,4.057742118835449,0.3831685483455658,0.0,13.0,0.0,0.0,13.0,0.0,13.0,0.31751493612925213,0.20674236118793488,2.8283284505208335,0.27324144045511883,0.021294057369232178,-0.0973697304725647
522,0.9901652220000869,64.652288,0.9272738099098206,0.33851683139801025,0.02505546249449253,0.0126953125,0.07186867296695709,0.0,0.07870088517665863,1.440718412399292,4.231369972229004,0.38578617572784424,0.0,6.0,0.0,0.0,6.0,0.0,6.0,0.3177641232808431,0.20485612750053406,2.8087972005208335,0.2735195557276408,0.021373589833577473,-0.09738951921463013
523,1.0333679110000276,64.652288,0.930163562297821,0.3445349931716919,0.02716071903705597,0.0126953125,0.07182718813419342,0.0,0.08000822365283966,1.5294374227523804,4.507522106170654,0.38626086711883545,0.0,14.0,0.0,0.0,14.0,0.0,14.0,0.31860852241516113,0.19975772500038147,2.7806396484375,0.2741617163022359,0.021417456368605297,-0.09743362665176392
524,1.002051583000025,64.652288,0.9273235201835632,0.3490522801876068,0.0292141642421484,0.013671875,0.07157774269580841,0.0,0.08049683272838593,1.5443776845932007,4.5952558517456055,0.38417479395866394,0.0,11.0,0.0,1.0,10.0,0.0,11.0,0.31957195202509564,0.20462670922279358,2.740234375,0.27495276927948,0.021442604561646778,-0.09747284650802612
525,0.9752875200000517,64.652288,0.9242387413978577,0.3523358702659607,0.02804836817085743,0.013671875,0.07104697078466415,0.0,0.08171872794628143,1.5561025142669678,4.637232303619385,0.38797521591186523,0.0,8.0,0.0,0.0,8.0,0.0,8.0,0.31958816448847455,0.19566084444522858,2.730712890625,0.27503148714701336,0.02144801119963328,-0.09753936529159546
526,0.988875587999928,64.652288,0.9143404960632324,0.35485583543777466,0.02568190172314644,0.013671875,0.06990581005811691,0.0,0.08355478942394257,1.574663519859314,4.637380123138428,0.38331693410873413,0.0,9.0,0.0,0.0,9.0,0.0,9.0,0.3189910650253296,0.1877535581588745,2.7316487630208335,0.2745566765467326,0.02151357630888621,-0.09765821695327759
527,0.9988243469999816,64.652288,0.9562420845031738,0.3496076166629791,0.03574327751994133,0.013671875,0.07401739060878754,0.0,0.08558368682861328,1.5174520015716553,4.6399760246276855,0.3889768123626709,0.0,15.0,0.0,0.0,15.0,0.0,15.0,0.31846115986506146,0.18855494260787964,2.7303466796875,0.27395858367284137,0.02156544973452886,-0.09767144918441772
528,1.0352067200000192,64.652288,0.9794334769248962,0.3436552882194519,0.01269006822258234,0.013671875,0.07633602619171143,0.0,0.08546014875173569,1.4982556104660034,4.489269256591797,0.3998030424118042,0.0,9.0,0.0,0.0,9.0,0.0,9.0,0.31853216886520386,0.20340991020202637,2.7216389973958335,0.27382534742355347,0.02149723470211029,-0.09722155332565308
529,1.0529489259999991,64.652288,0.9746065735816956,0.3395623564720154,0.027804464101791382,0.0126953125,0.0758485421538353,0.0,0.08297859877347946,1.4952545166015625,4.447047233581543,0.413094699382782,0.0,20.0,1.0,0.0,21.0,0.0,20.0,0.3187137444814046,0.20321306586265564,2.73193359375,0.27442745367685956,0.02158423016468684,-0.09717744588851929
530,1.0362269490000244,64.652288,0.9736379384994507,0.333538293838501,0.019698016345500946,0.0126953125,0.0761779397726059,0.0,0.08322308957576752,1.4972047805786133,4.263463020324707,0.39209938049316406,0.0,10.0,0.0,0.0,10.0,0.0,10.0,0.31856157382329303,0.20692984759807587,2.736572265625,0.27457257111867267,0.021480364104111988,-0.015072568319737911
531,1.0162934020000876,64.652288,0.9740768074989319,0.3269646167755127,0.03886406496167183,0.0126953125,0.07629570364952087,0.0,0.08560600876808167,1.4759998321533203,4.099547863006592,0.3863353431224823,0.0,10.0,0.0,0.0,10.0,0.0,10.0,0.31832651297251385,0.2086348533630371,2.7532145182291665,0.2745712598164876,0.021398864686489105,-0.06357783079147339
532,1.0218615669999735,64.652288,0.9757868647575378,0.32150909304618835,0.033522848039865494,0.0126953125,0.07635952532291412,0.0,0.08720968663692474,1.4933745861053467,4.114156246185303,0.384063184261322,0.0,12.0,0.0,0.0,12.0,0.0,12.0,0.3181034525235494,0.20540104806423187,2.7746988932291665,0.2744572361310323,0.021389370163281757,-0.06349152326583862
533,0.9738311039999417,64.652288,0.9835450053215027,0.31982383131980896,0.022381776943802834,0.0126953125,0.07702081650495529,0.0,0.08793073892593384,1.4990897178649902,4.1219377517700195,0.3936806917190552,0.0,10.0,0.0,0.0,10.0,0.0,10.0,0.3180842995643616,0.20379364490509033,2.7654622395833335,0.27454471588134766,0.02147211879491806,-0.0634271502494812
534,0.9866248669999322,64.652288,0.9720715284347534,0.32482653856277466,0.011576870456337929,0.0126953125,0.07579599320888519,0.0,0.08782412111759186,1.5391645431518555,4.1467742919921875,0.3934903144836426,0.0,12.0,0.0,0.0,12.0,0.0,12.0,0.31774234771728516,0.2045944482088089,2.7830810546875,0.27414025863011676,0.021537380913893383,-0.06334829330444336
535,1.0477008219999107,64.652288,0.9459182620048523,0.33551621437072754,0.02047824114561081,0.0126953125,0.07285962998867035,0.0,0.0870741456747055,1.5783467292785645,4.178100109100342,0.41427916288375854,0.0,16.0,0.0,0.0,16.0,0.0,16.0,0.31732072432835895,0.20733210444450378,2.7980550130208335,0.2734865148862203,0.02162800480922063,-0.06328564882278442
536,0.971468490999996,64.652288,0.9467744827270508,0.3411795496940613,0.02324533648788929,0.013671875,0.07301770895719528,0.0,0.08391410112380981,1.5661914348602295,4.297432899475098,0.41484493017196655,0.0,20.0,0.0,1.0,19.0,0.0,20.0,0.3171367843945821,0.20788970589637756,2.8187662760416665,0.2733581264813741,0.02153250326712926,-0.06334638595581055
537,0.9530439459999798,64.652288,0.9280197620391846,0.34816133975982666,0.024807412177324295,0.013671875,0.07180675864219666,0.0,0.07925638556480408,1.5174816846847534,4.288560390472412,0.38913822174072266,0.0,15.0,0.0,0.0,15.0,0.0,15.0,0.31776314973831177,0.19725054502487183,2.8033447265625,0.27419809500376385,0.02155131349960963,-0.06344634294509888
538,0.978253900000027,64.652288,0.8915687203407288,0.35611575841903687,0.02332100085914135,0.013671875,0.06855200976133347,0.0,0.07600437849760056,1.4360488653182983,4.282500267028809,0.38095760345458984,0.0,15.0,0.0,0.0,15.0,0.0,15.0,0.31796789169311523,0.19356626272201538,2.8138020833333335,0.2746424674987793,0.021555498242378235,-0.06353753805160522
539,1.0025102050000214,64.652288,0.8831717371940613,0.358073890209198,0.02972806990146637,0.013671875,0.0680360198020935,0.0,0.07475587725639343,1.4096424579620361,4.285836219787598,0.36393555998802185,0.0,6.0,0.0,0.0,6.0,0.0,6.0,0.31844083468119305,0.1974361687898636,2.8140869140625,0.27468107144037884,0.021581582725048065,-0.06368863582611084
540,1.0042470270000194,64.652288,0.8964328765869141,0.3565692603588104,0.03175076097249985,0.013671875,0.06908957660198212,0.0,0.07569484412670135,1.4287971258163452,4.21826171875,0.3881201446056366,0.0,16.0,0.0,0.0,16.0,0.0,16.0,0.3182317614555359,0.204743430018425,2.8048095703125,0.274314284324646,0.021504359940687817,-0.06375879049301147
541,1.0179319430000078,64.652288,0.8981203436851501,0.3513409197330475,0.036216989159584045,0.013671875,0.06954479217529297,0.0,0.07436282187700272,1.4190657138824463,4.149677276611328,0.3715144991874695,0.0,6.0,0.0,0.0,6.0,0.0,6.0,0.3180757761001587,0.2103639841079712,2.8134765625,0.27427347501118976,0.021485750873883564,-0.06378382444381714
542,1.0122279079999998,64.652288,0.90140700340271,0.35067540407180786,0.029692616313695908,0.0126953125,0.0694529116153717,0.0,0.0763094499707222,1.4988372325897217,4.233489036560059,0.38542670011520386,0.0,12.0,0.0,0.0,12.0,0.0,12.0,0.3182440400123596,0.20300734043121338,2.8258056640625,0.27423866589864093,0.021537070473035175,-0.06378597021102905
543,1.0089379190000045,64.652288,0.920202374458313,0.34656986594200134,0.0211020614951849,0.0126953125,0.07136702537536621,0.0,0.07578030973672867,1.5762566328048706,4.303739547729492,0.3747501075267792,0.0,12.0,0.0,0.0,12.0,0.0,12.0,0.31875346104304,0.2011062651872635,2.8169352213541665,0.27480552593866986,0.021494731307029724,-0.0637509822845459
544,1.0000051659999372,64.652288,0.9416083097457886,0.337583065032959,0.021217158064246178,0.0126953125,0.07339092344045639,0.0,0.07741871476173401,1.633423089981079,4.268191814422607,0.3798935115337372,0.0,10.0,0.0,0.0,10.0,0.0,10.0,0.3192396362622579,0.19584044814109802,2.7696126302083335,0.27527765432993573,0.021276521186033886,-0.06351619958877563
545,1.0015588009999874,64.652288,0.9520791172981262,0.3283001780509949,0.02025703527033329,0.0126953125,0.0741586685180664,0.0,0.07881966233253479,1.7533535957336426,4.236987113952637,0.3956071138381958,0.0,12.0,0.0,0.0,12.0,0.0,12.0,0.3195289373397827,0.19544346630573273,2.7676188151041665,0.27549614508946735,0.021342093745867412,-0.06342488527297974
546,1.0140444950000074,64.652288,0.9801130890846252,0.3139927387237549,0.021134214475750923,0.0126953125,0.07734500616788864,0.0,0.07839798927307129,1.7647943496704102,4.215778350830078,0.36333805322647095,0.0,14.0,0.0,0.0,14.0,0.0,14.0,0.3197589914004008,0.19603364169597626,2.7439778645833335,0.2759719689687093,0.021366223692893982,-0.06338298320770264
547,1.0023632810000436,64.652288,0.9664373397827148,0.3087849020957947,0.013014363124966621,0.0126953125,0.07619599997997284,0.0,0.07649639248847961,1.7112016677856445,4.127163887023926,0.37905389070510864,0.0,15.0,0.0,0.0,15.0,0.0,15.0,0.32046425342559814,0.1981598436832428,2.7628580729166665,0.27651768922805786,0.021327915290991466,-0.06334370374679565
548,0.9880563859999256,64.652288,0.9494742155075073,0.30870696902275085,0.01721322536468506,0.013671875,0.07493505626916885,0.0,0.07489436864852905,1.6029633283615112,3.988905429840088,0.3750450611114502,0.0,14.0,0.0,1.0,13.0,0.0,14.0,0.32060853640238446,0.20325221121311188,2.7741292317708335,0.27693017323811847,0.021285608410835266,-0.06330090761184692
549,0.9354198089999954,64.652288,0.9244430661201477,0.314209908246994,0.10574433207511902,0.0146484375,0.07222600281238556,0.0,0.07715930789709091,1.5576412677764893,3.9484286308288574,0.39218831062316895,0.0,7.0,0.0,1.0,6.0,0.0,7.0,0.320475955804189,0.21032209694385529,2.7685139973958335,0.27691717942555744,0.021344542503356934,-0.06331461668014526
550,1.010945171000003,64.652288,0.920484721660614,0.32625365257263184,0.017423303797841072,0.0146484375,0.07155890762805939,0.0,0.08121068775653839,1.4795618057250977,4.122814178466797,0.39246866106987,0.0,7.0,0.0,0.0,7.0,0.0,7.0,0.3206423719724019,0.20981265604496002,2.767333984375,0.27679697672526044,0.021383399764696758,-0.06338411569595337
551,1.0504910299999892,64.652288,0.9399244785308838,0.34044337272644043,0.01596035622060299,0.0146484375,0.07316066324710846,0.0,0.08562203496694565,1.414878249168396,4.309623718261719,0.39104199409484863,0.0,7.0,0.0,0.0,7.0,0.0,7.0,0.32103214661280316,0.20756861567497253,2.7220052083333335,0.27687446276346844,0.02141002317269643,-0.06350380182266235
552,1.056927748000021,64.652288,0.952841579914093,0.35596638917922974,0.05220020189881325,0.0146484375,0.07383590191602707,0.0,0.08672961592674255,1.3392605781555176,4.546581268310547,0.4226246774196625,0.0,24.0,0.0,0.0,24.0,0.0,24.0,0.32114378611246747,0.20428483188152313,2.6979573567708335,0.2771313786506653,0.021510891616344452,-0.06362742185592651
553,1.0169121569999788,64.652288,0.9229376912117004,0.37341615557670593,0.06352793425321579,0.0146484375,0.07143183052539825,0.0,0.0799839198589325,1.2840981483459473,4.502965927124023,0.3972555100917816,0.0,14.0,0.0,0.0,14.0,0.0,14.0,0.3211145003636678,0.20348167419433594,2.6947021484375,0.2770760456720988,0.021632857620716095,-0.06372672319412231
554,1.050072665000016,64.652288,0.8869646191596985,0.38361597061157227,0.055255353450775146,0.0146484375,0.06801310181617737,0.0,0.07789553701877594,1.335222601890564,4.2455573081970215,0.4041357934474945,0.0,14.0,0.0,0.0,14.0,0.0,14.0,0.32018889983495075,0.20519126951694489,2.74072265625,0.27579965194066364,0.021456070244312286,-0.06375426054000854
555,1.011189427999966,64.652288,0.8778700232505798,0.3775297999382019,0.03359878808259964,0.0146484375,0.06738177686929703,0.0,0.07723985612392426,1.3991525173187256,4.022778511047363,0.384163498878479,0.0,11.0,0.0,0.0,11.0,0.0,11.0,0.3187333345413208,0.20662830770015717,2.7833251953125,0.2741886377334595,0.02141404648621877,-0.06377559900283813
556,0.9824967170000036,64.652288,0.8979088664054871,0.35967206954956055,0.027147680521011353,0.0146484375,0.06949754059314728,0.0,0.07513771951198578,1.4914319515228271,3.9348819255828857,0.3864814043045044,0.0,20.0,0.0,0.0,20.0,0.0,20.0,0.3182932734489441,0.20851439237594604,2.8084716796875,0.27360496918360394,0.021321117877960205,-0.06376039981842041
557,0.9502871630000982,64.652288,0.9001259207725525,0.34290874004364014,0.028023097664117813,0.0146484375,0.0698327124118805,0.0,0.07379817962646484,1.5911080837249756,3.7941958904266357,0.3909848630428314,0.0,14.0,0.0,0.0,14.0,0.0,14.0,0.3181331555048625,0.21130569279193878,2.8071695963541665,0.2736626863479614,0.021250618000825245,-0.06358009576797485
558,0.9417025909999666,64.652288,0.9154573082923889,0.32646870613098145,0.023445872589945793,0.015625,0.07145453244447708,0.0,0.07188025861978531,1.7005729675292969,3.789261817932129,0.382077157497406,0.0,15.0,0.0,1.0,14.0,0.0,15.0,0.317806343237559,0.19849225878715515,2.83837890625,0.27361486355463666,0.02127224951982498,-0.06346148252487183
559,0.9539667220000183,64.652288,0.9458023905754089,0.30890047550201416,0.058237433433532715,0.015625,0.07449783384799957,0.0,0.07120569795370102,1.7856206893920898,3.729612350463867,0.380155086517334,0.0,13.0,0.0,0.0,13.0,0.0,13.0,0.3176109194755554,0.1975264698266983,2.8523763020833335,0.27342047293980914,0.021317094564437866,-0.06339138746261597
560,0.9717221060000156,64.652288,0.9666967988014221,0.29733899235725403,0.03424839302897453,0.015625,0.07661490887403488,0.0,0.07182732969522476,1.84609055519104,3.7362866401672363,0.37396955490112305,0.0,8.0,0.0,0.0,8.0,0.0,8.0,0.317920724550883,0.19755205512046814,2.8540445963541665,0.2736450433731079,0.02139897644519806,-0.06334280967712402
561,0.9845320440000478,64.652288,0.965652346611023,0.2978655695915222,0.05229315161705017,0.015625,0.07629905641078949,0.0,0.07290614396333694,1.867362380027771,3.7243919372558594,0.3941335082054138,0.0,10.0,0.0,0.0,10.0,0.0,10.0,0.3186068932215373,0.1997905820608139,2.832275390625,0.2742568850517273,0.021383869151274364,-0.07507452368736267
562,0.9686200359999475,64.652288,0.9288714528083801,0.30831366777420044,0.02418665401637554,0.015625,0.07260017096996307,0.0,0.07095321267843246,1.7953224182128906,3.894287109375,0.4014483392238617,0.0,17.0,0.0,0.0,17.0,0.0,17.0,0.3197404940923055,0.2014089971780777,2.8107503255208335,0.275280237197876,0.021351685126622517,-0.07514781504869461
563,0.9599997100000337,64.652288,0.8979130983352661,0.32178783416748047,0.048979252576828,0.015625,0.06977131962776184,0.0,0.06864573061466217,1.6404666900634766,4.061258316040039,0.4006182551383972,0.0,9.0,0.0,0.0,9.0,0.0,9.0,0.32058576742808026,0.20193921029567719,2.8014322916666665,0.2762518723805745,0.02138509104649226,-0.06872023642063141
564,0.9913070229999903,64.652288,0.8967297077178955,0.3374013900756836,0.019608426839113235,0.0166015625,0.0692548155784607,0.0,0.07084673643112183,1.5182998180389404,4.348430156707764,0.414293110370636,0.0,10.0,0.0,1.0,9.0,0.0,10.0,0.3206271727879842,0.20892249047756195,2.7926025390625,0.276622474193573,0.021523078282674152,-0.0634811520576477
565,1.0017408559999694,64.652288,0.9294948577880859,0.3521882891654968,0.04675540328025818,0.0166015625,0.07217010110616684,0.0,0.07393236458301544,1.3747854232788086,4.625981330871582,0.40883469581604004,0.0,8.0,0.0,0.0,8.0,0.0,8.0,0.3204847574234009,0.20969785749912262,2.7613118489583335,0.2765490214029948,0.02152475466330846,-0.0635690689086914
566,0.9383763200000885,64.652288,0.9456348419189453,0.3663368821144104,0.06802355498075485,0.017578125,0.07369370758533478,0.0,0.0750434473156929,1.2475007772445679,4.672184467315674,0.4157731533050537,0.0,11.0,1.0,1.0,11.0,0.0,11.0,0.3210113048553467,0.21049590408802032,2.7084147135416665,0.2770267327626546,0.02146759380896886,-0.06369143724441528
567,0.957507889999988,64.652288,0.9469382166862488,0.3740280568599701,0.0689091607928276,0.017578125,0.07382752746343613,0.0,0.07927369326353073,1.223314642906189,4.44504976272583,0.40736886858940125,0.0,5.0,0.0,0.0,5.0,0.0,5.0,0.3203584353129069,0.20728428661823273,2.6938069661458335,0.276388684908549,0.02137753615776698,-0.06369167566299438
568,0.9679260320000367,64.652288,0.9222722053527832,0.37211573123931885,0.04058267921209335,0.017578125,0.07135044038295746,0.0,0.08091026544570923,1.2619397640228271,4.202068328857422,0.39819544553756714,0.0,11.0,0.0,0.0,11.0,0.0,11.0,0.3195374409357707,0.20727834105491638,2.721923828125,0.27526456117630005,0.02137113610903422,-0.06367278099060059
569,0.9487717730000895,64.652288,0.9188605546951294,0.3586099445819855,0.026508772745728493,0.017578125,0.070762500166893,0.0,0.0839284285902977,1.477597951889038,4.131258964538574,0.3934471607208252,0.0,10.0,0.0,0.0,10.0,0.0,10.0,0.3183577259381612,0.19296669960021973,2.775634765625,0.2741652727127075,0.021384239196777344,-0.06364190578460693
570,0.9375853249999864,64.652288,0.9475845694541931,0.33784720301628113,0.045887239277362823,0.017578125,0.07343347370624542,0.0,0.08828979730606079,1.6818313598632812,4.087738990783691,0.39151424169540405,0.0,9.0,0.0,0.0,9.0,0.0,9.0,0.3175930380821228,0.18647055327892303,2.7593587239583335,0.27374515930811566,0.021429558595021565,-0.06347161531448364
571,0.9554956539999466,64.652288,0.9835386276245117,0.32086309790611267,0.02556658163666725,0.017578125,0.07646413147449493,0.0,0.09115942567586899,1.8849738836288452,4.24290132522583,0.40856921672821045,0.0,16.0,0.0,0.0,16.0,0.0,16.0,0.3175765474637349,0.19962859153747559,2.7579752604166665,0.27394233147303265,0.021429769694805145,-0.06331640481948853
572,0.9511201510000546,64.652288,0.9987740516662598,0.3107525408267975,0.07165409624576569,0.0185546875,0.07739591598510742,0.0,0.09575480222702026,2.081076145172119,4.298560619354248,0.4219633936882019,0.0,11.0,0.0,1.0,10.0,0.0,11.0,0.31781287988026935,0.1981542408466339,2.7121175130208335,0.2741682529449463,0.021454448501269024,-0.06319683790206909
573,0.9379880899999762,64.652288,1.045894742012024,0.30261534452438354,0.021071504801511765,0.01953125,0.08148381114006042,0.0,0.09782224893569946,2.1439337730407715,4.510737419128418,0.4406033456325531,0.0,18.0,0.0,1.0,17.0,0.0,18.0,0.3183041413625081,0.19727715849876404,2.694091796875,0.27460338672002155,0.02153295526901881,-0.06307631731033325
574,0.9584335280000005,64.652288,1.1079233884811401,0.2939170002937317,0.022076629102230072,0.0205078125,0.08680641651153564,0.0,0.10027189552783966,2.0542685985565186,4.6323442459106445,0.49714362621307373,0.0,18.0,0.0,1.0,17.0,0.0,18.0,0.3182864586512248,0.19858402013778687,2.6501057942708335,0.27443023522694904,0.021549356480439503,-0.062965989112854
575,0.9629996090000077,64.652288,1.115454077720642,0.2952590584754944,0.024779483675956726,0.0205078125,0.08769331872463226,0.0,0.10012833774089813,1.902139663696289,4.765145778656006,0.48395490646362305,0.0,14.0,1.0,0.0,15.0,0.0,14.0,0.3181680639584859,0.19374647736549377,2.6634928385416665,0.274067481358846,0.021571194132169087,-0.06295675039291382
576,0.9782356590000063,64.652288,1.1470890045166016,0.29560285806655884,0.02055993117392063,0.0205078125,0.09098386019468307,0.0,0.09888502210378647,1.7023438215255737,4.772602081298828,0.5089205503463745,0.0,23.0,0.0,1.0,22.0,0.0,23.0,0.31786831219991046,0.19229751825332642,2.6498209635416665,0.27400986353556317,0.02169724057118098,-0.06318658590316772
577,1.022215908000021,64.652288,1.1210895776748657,0.30421122908592224,0.02180890366435051,0.0205078125,0.08883895725011826,0.0,0.09458819031715393,1.5380747318267822,4.719456672668457,0.49671119451522827,0.0,16.0,0.0,0.0,16.0,0.0,16.0,0.31763341029485065,0.1949809342622757,2.6537679036458335,0.2740432818730672,0.02178032696247101,-0.06318116188049316
578,1.0459444229999235,64.652288,1.0690045356750488,0.31527405977249146,0.029671598225831985,0.0205078125,0.08422794938087463,0.0,0.09441497176885605,1.4217323064804077,4.484784126281738,0.4694136083126068,0.0,17.0,0.0,0.0,17.0,0.0,17.0,0.3174704909324646,0.1994510143995285,2.6730143229166665,0.2734449903170268,0.021700769662857056,-0.06305879354476929
579,1.0473252350000166,64.652288,1.0207884311676025,0.32988399267196655,0.0234878808259964,0.0205078125,0.07932969927787781,0.0,0.09464943408966064,1.3437542915344238,4.3654866218566895,0.46391189098358154,0.0,16.0,0.0,0.0,16.0,0.0,16.0,0.316999872525533,0.20203153789043427,2.6829020182291665,0.27296342452367145,0.02166784058014552,-0.06294113397598267
580,1.04364555199993,64.652288,0.9960770010948181,0.34045636653900146,0.019792061299085617,0.0205078125,0.0768539309501648,0.0,0.09392600506544113,1.2432396411895752,4.228908061981201,0.4732182025909424,0.0,16.0,0.0,0.0,16.0,0.0,16.0,0.3165336052576701,0.2013336420059204,2.6962890625,0.27253178755442303,0.021628710130850475,-0.06289106607437134
581,0.9838079770000832,64.652288,0.988660454750061,0.3482876420021057,0.019910505041480064,0.0205078125,0.07620150595903397,0.0,0.09457507729530334,1.3102550506591797,4.051211357116699,0.4494856595993042,0.0,9.0,0.0,0.0,9.0,0.0,9.0,0.31602970759073895,0.19951631128787994,2.7161865234375,0.2717990080515544,0.021590324739615124,-0.06284338235855103
582,1.0539297340000076,64.652288,1.0010230541229248,0.3517689108848572,0.030389226973056793,0.0205078125,0.07714688777923584,0.0,0.09715265035629272,1.4531171321868896,4.161750793457031,0.45966577529907227,0.0,17.0,0.0,0.0,17.0,0.0,17.0,0.31555600961049396,0.1978898048400879,2.7596028645833335,0.271260142326355,0.021519129474957783,-0.06286484003067017
583,1.0672177619999275,64.652288,0.9733423590660095,0.3538919687271118,0.040291473269462585,0.0205078125,0.07470598816871643,0.0,0.09682314097881317,1.5600271224975586,4.140773773193359,0.4508417546749115,0.0,21.0,0.0,0.0,21.0,0.0,21.0,0.3156617283821106,0.20214137434959412,2.779052734375,0.27157052357991535,0.021505254010359447,-0.06295144557952881
584,1.1208986749999212,64.652288,0.9573293328285217,0.3483929932117462,0.019759558141231537,0.021484375,0.07371775805950165,0.0,0.09313337504863739,1.636339545249939,4.069199562072754,0.4361119270324707,0.0,21.0,0.0,1.0,20.0,0.0,21.0,0.3164202769597371,0.20533597469329834,2.8065999348958335,0.2724039554595947,0.021468661725521088,-0.06260406970977783
585,1.0927229940000416,64.652288,0.9355315566062927,0.34235429763793945,0.015369942411780357,0.0205078125,0.0714455097913742,0.0,0.08977442979812622,1.7654327154159546,4.037702560424805,0.46017807722091675,0.0,21.0,0.0,0.0,21.0,0.0,21.0,0.316942830880483,0.2063804566860199,2.8389485677083335,0.27278228600819904,0.02143268535534541,-0.06239229440689087
586,1.06439874900002,64.652288,0.9252769947052002,0.3348117470741272,0.017557790502905846,0.0205078125,0.07046204060316086,0.0,0.08755330741405487,1.819425106048584,4.043032646179199,0.46181315183639526,0.0,20.0,0.0,0.0,20.0,0.0,20.0,0.3177243073781331,0.20912021398544312,2.8307698567708335,0.27350902557373047,0.021420163412888844,-0.06220823526382446
587,1.0716837190000206,64.652288,0.9453672170639038,0.3241950571537018,0.037476059049367905,0.021484375,0.07269527018070221,0.0,0.08586563169956207,1.870333194732666,3.913945198059082,0.46921300888061523,0.0,20.0,0.0,1.0,19.0,0.0,20.0,0.3186180392901103,0.21296869218349457,2.8121744791666665,0.27420129378636676,0.021505388120810192,-0.06214350461959839
588,1.0585088539999106,64.652288,0.9753966927528381,0.3164685368537903,0.027695994824171066,0.0205078125,0.07554049789905548,0.0,0.08541759103536606,1.9277175664901733,3.974423885345459,0.47959253191947937,0.0,19.0,0.0,0.0,19.0,0.0,19.0,0.31915493806203205,0.2068450152873993,2.8057047526041665,0.2747820218404134,0.02139481157064438,-0.062036097049713135
589,1.0757248119999758,64.652288,0.9888063073158264,0.3127192258834839,0.04517239332199097,0.0205078125,0.07725527882575989,0.0,0.0823158472776413,1.8937119245529175,3.9739110469818115,0.48603367805480957,0.0,18.0,0.0,0.0,18.0,0.0,18.0,0.32011208931605023,0.2058526575565338,2.797119140625,0.2760162353515625,0.02135841300090154,-0.06195211410522461
590,0.9508721250000463,64.652288,0.9798544645309448,0.31690624356269836,0.06843586266040802,0.01953125,0.07668928802013397,0.0,0.08301553130149841,1.81636643409729,4.005726337432861,0.46828755736351013,0.0,7.0,0.0,0.0,7.0,0.0,7.0,0.32108718156814575,0.20796363055706024,2.7825113932291665,0.27688876787821454,0.021336719393730164,-0.06202280521392822
591,0.9387871820000555,64.652288,0.9665475487709045,0.33139723539352417,0.012026905082166195,0.0185546875,0.07498713582754135,0.0,0.08821650594472885,1.743483304977417,4.213708400726318,0.4632527232170105,0.0,8.0,0.0,0.0,8.0,0.0,8.0,0.32132355372111004,0.2084605097770691,2.7576904296875,0.2770911455154419,0.021333413819471996,-0.05912548303604126
592,0.9526984999999968,64.652288,0.9717190265655518,0.3455464839935303,0.048797521740198135,0.0205078125,0.07519565522670746,0.0,0.08824034035205841,1.5561044216156006,4.456967353820801,0.476756751537323,0.0,26.0,0.0,2.0,24.0,0.0,26.0,0.32221728563308716,0.21173156797885895,2.7044270833333335,0.27801501750946045,0.021356577674547832,-0.062027156352996826
593,1.0029593360000035,64.652288,0.9777447581291199,0.35812148451805115,0.049483902752399445,0.0205078125,0.07620713114738464,0.0,0.08599164336919785,1.371813178062439,4.542869567871094,0.45688268542289734,0.0,11.0,0.0,0.0,11.0,0.0,11.0,0.3229931791623433,0.21243010461330414,2.6760660807291665,0.27862205108006793,0.02136701097091039,-0.061916887760162354
594,0.9928091869999207,64.652288,0.9750872850418091,0.365918904542923,0.05340248718857765,0.0205078125,0.07624153792858124,0.0,0.08642467111349106,1.251775860786438,4.357581615447998,0.43485507369041443,0.0,12.0,0.0,0.0,12.0,0.0,12.0,0.3224625587463379,0.20681996643543243,2.6888427734375,0.2781524658203125,0.02146301418542862,-0.061989545822143555
595,0.987573416000032,64.652288,0.9745398759841919,0.3647635579109192,0.04929151386022568,0.0205078125,0.07615397870540619,0.0,0.0851285457611084,1.253476619720459,4.244514465332031,0.44045013189315796,0.0,21.0,0.0,0.0,21.0,0.0,21.0,0.32149895032246906,0.19933728873729706,2.6986897786458335,0.27725154161453247,0.021515977879365284,-0.06204599142074585
596,0.9626296970000112,64.652288,0.9527733325958252,0.3542332351207733,0.020498594269156456,0.0205078125,0.07462488114833832,0.0,0.08122676610946655,1.2893781661987305,3.9259934425354004,0.4184149503707886,0.0,15.0,0.0,0.0,15.0,0.0,15.0,0.3204499085744222,0.19896413385868073,2.759033203125,0.2760413885116577,0.021543289224306744,-0.06212872266769409
597,0.9600584469999376,64.652288,0.9731723666191101,0.33475878834724426,0.01676240749657154,0.0205078125,0.07684845477342606,0.0,0.07803253084421158,1.3507336378097534,3.7308509349823,0.42810821533203125,0.0,18.0,0.0,0.0,18.0,0.0,18.0,0.31962643067042035,0.20156900584697723,2.8109130859375,0.2753254969914754,0.02150150140126546,-0.06222468614578247
598,0.9356044720000227,64.652288,0.9407930970191956,0.3231830596923828,0.013781718909740448,0.0205078125,0.07434168457984924,0.0,0.07379504293203354,1.4349297285079956,3.662407398223877,0.3844492435455322,0.0,15.0,0.0,0.0,15.0,0.0,15.0,0.3195008635520935,0.20229120552539825,2.8396402994791665,0.2755138079325358,0.021494875351587932,-0.06233114004135132
599,0.9188518959999783,64.652288,0.9571447372436523,0.3090495467185974,0.10022985190153122,0.021484375,0.0758657455444336,0.0,0.07413563132286072,1.5558173656463623,3.644883632659912,0.3936614990234375,0.0,8.0,0.0,1.0,7.0,0.0,8.0,0.3196069002151489,0.20243683457374573,2.8105875651041665,0.2754984100659688,0.021472302575906117,-0.0623469352722168
600,0.9159801230000539,64.652288,0.9934898614883423,0.2977803647518158,0.09688388556241989,0.021484375,0.07895918190479279,0.0,0.07509375363588333,1.7283239364624023,3.7779061794281006,0.4178089499473572,0.0,13.0,0.0,0.0,13.0,0.0,13.0,0.31976427634557086,0.2070619761943817,2.8343912760416665,0.2754262884457906,0.021524106462796528,-0.06237870454788208
601,0.9217467029999398,64.652288,0.9861975312232971,0.2997063994407654,0.0179364625364542,0.021484375,0.07744556665420532,0.0,0.07601289451122284,1.851288080215454,4.212141036987305,0.4398948550224304,0.0,12.0,0.0,0.0,12.0,0.0,12.0,0.31960906585057575,0.20466510951519012,2.8406982421875,0.27553027868270874,0.021685709555943806,-0.062346041202545166
602,0.9395135580000442,64.652288,0.9206532835960388,0.31676822900772095,0.01810690388083458,0.021484375,0.07073655724525452,0.0,0.07398895174264908,1.866273283958435,4.53343391418457,0.4484656751155853,0.0,16.0,0.0,0.0,16.0,0.0,16.0,0.3200607895851135,0.20087319612503052,2.818359375,0.27586523691813153,0.021669022738933563,-0.0623166561126709
603,0.9595635350000293,64.652288,0.8865333795547485,0.3330751657485962,0.02186506800353527,0.0224609375,0.06732568144798279,0.0,0.07105931639671326,1.7650775909423828,4.70529317855835,0.45439451932907104,0.0,13.0,0.0,1.0,12.0,0.0,13.0,0.3202011783917745,0.19963334500789642,2.7834065755208335,0.2759592930475871,0.021602720022201538,-0.06233566999435425
604,0.9689672960000735,64.652288,0.8913170695304871,0.34699946641921997,0.028779368847608566,0.021484375,0.06768272817134857,0.0,0.07235085964202881,1.6629136800765991,4.800812721252441,0.44656404852867126,0.0,6.0,0.0,0.0,6.0,0.0,6.0,0.31996214389801025,0.20198367536067963,2.7505289713541665,0.2756721576054891,0.021605268120765686,-0.06237155199050903
605,1.0064401590000216,64.652288,0.8922911286354065,0.36265435814857483,0.053492385894060135,0.021484375,0.06731557101011276,0.0,0.07524938136339188,1.5472410917282104,4.852609634399414,0.46539947390556335,0.0,11.0,0.0,0.0,11.0,0.0,11.0,0.31985632578531903,0.2046833336353302,2.7091064453125,0.27538957198460895,0.021423997978369396,-0.0764549970626831
606,1.019670820999977,64.652288,0.9146779775619507,0.37112003564834595,0.05907629802823067,0.021484375,0.0695701614022255,0.0,0.07790196686983109,1.3770051002502441,4.791029930114746,0.45998844504356384,0.0,7.0,0.0,0.0,7.0,0.0,7.0,0.31961506605148315,0.20490717887878418,2.7240804036458335,0.27521483103434247,0.021298902730147045,-0.07651317119598389
607,0.9849857740000516,64.652288,0.9488745331764221,0.3721953332424164,0.05384435877203941,0.021484375,0.07300460338592529,0.0,0.0818006619811058,1.3018252849578857,4.579767227172852,0.4525226354598999,0.0,12.0,0.0,0.0,12.0,0.0,12.0,0.319166898727417,0.20451416075229645,2.6912027994791665,0.27493123213450116,0.021282851696014404,-0.0765143632888794
608,1.0112183439999853,64.652288,0.9856300354003906,0.3591381311416626,0.03733166679739952,0.021484375,0.0766851007938385,0.0,0.08394952118396759,1.2944015264511108,4.389487266540527,0.4515122175216675,0.0,12.0,0.0,0.0,12.0,0.0,12.0,0.3186974724133809,0.20274494588375092,2.6982421875,0.27439244588216144,0.021329994002978008,-0.07675784826278687
609,1.0010165319999942,64.652288,0.9918566346168518,0.34344425797462463,0.028768084943294525,0.021484375,0.07756881415843964,0.0,0.08479923009872437,1.391522765159607,4.039795875549316,0.4396570324897766,0.0,15.0,0.0,0.0,15.0,0.0,15.0,0.31820158163706463,0.20285649597644806,2.7334798177083335,0.2738919456799825,0.021335701147715252,-0.07748550176620483
610,0.9887639620000073,64.652288,0.974111795425415,0.3304160237312317,0.03203777223825455,0.0224609375,0.07608665525913239,0.0,0.08591827005147934,1.4893325567245483,3.851613998413086,0.42396342754364014,0.0,14.0,0.0,1.0,13.0,0.0,14.0,0.31792503595352173,0.20484644174575806,2.7746175130208335,0.2736070156097412,0.021242159108320873,-0.0773468017578125
611,0.9692763649999279,64.652288,0.9767541885375977,0.31775617599487305,0.02606320008635521,0.0244140625,0.07640042901039124,0.0,0.08496956527233124,1.6050794124603271,3.8167710304260254,0.43148303031921387,0.0,21.0,0.0,2.0,19.0,0.0,21.0,0.3186901609102885,0.2053823173046112,2.7936604817708335,0.2742281158765157,0.021283226708571117,-0.07722514867782593
612,0.9327942400000211,64.652288,0.9670841693878174,0.3115365505218506,0.10002872347831726,0.0244140625,0.07523518800735474,0.0,0.08674939721822739,1.7747259140014648,3.8281314373016357,0.43705451488494873,0.0,12.0,0.0,0.0,12.0,0.0,12.0,0.3195527990659078,0.2082180231809616,2.7939453125,0.27488237619400024,0.021373353898525238,-0.07741612195968628
613,0.9356299450000733,64.652288,0.9592424035072327,0.31344878673553467,0.010544422082602978,0.0234375,0.07359156012535095,0.0,0.0902465209364891,1.8982253074645996,4.109796524047852,0.4742462635040283,0.0,17.0,0.0,0.0,17.0,0.0,17.0,0.3201928933461507,0.20343993604183197,2.7900797526041665,0.2755367159843445,0.021439490218957264,-0.07763898372650146
614,0.9434793110000328,64.652288,0.9647763967514038,0.3190809488296509,0.00862262025475502,0.0234375,0.07392024993896484,0.0,0.088791623711586,1.9096322059631348,4.3141889572143555,0.495699405670166,0.0,17.0,0.0,0.0,17.0,0.0,17.0,0.3207216262817383,0.2000773698091507,2.7491455078125,0.27598126729329425,0.021662304798762005,-0.07788175344467163
615,0.9692166430000952,64.652288,0.9711527228355408,0.3206896185874939,0.022984785959124565,0.0224609375,0.07488609850406647,0.0,0.08679792284965515,1.8359053134918213,4.447975158691406,0.48361897468566895,0.0,17.0,0.0,0.0,17.0,0.0,17.0,0.3206903338432312,0.20016540586948395,2.7421468098958335,0.2760714093844096,0.0216971958676974,-0.07790398597717285
616,0.9751874549999684,64.652288,0.9288206696510315,0.33175331354141235,0.02976938895881176,0.0224609375,0.07063733786344528,0.0,0.0845889300107956,1.7045649290084839,4.5234575271606445,0.5040500164031982,0.0,20.0,0.0,0.0,20.0,0.0,20.0,0.3206571539243062,0.20317064225673676,2.76513671875,0.2758888403574626,0.021724246442317963,-0.0775594711303711
617,0.9681620249999696,64.652288,0.916343092918396,0.3453826606273651,0.025054695084691048,0.021484375,0.06970369815826416,0.0,0.08380734175443649,1.5606954097747803,4.437788009643555,0.5032552480697632,0.0,14.0,0.0,0.0,14.0,0.0,14.0,0.32050251960754395,0.19845861196517944,2.7622477213541665,0.2757153312365214,0.021727532148361206,-0.07788753509521484
618,0.9644823620000125,64.652288,0.9354735016822815,0.35421937704086304,0.01987598091363907,0.021484375,0.07166524976491928,0.0,0.08486660569906235,1.4194247722625732,4.293333053588867,0.49495261907577515,0.0,7.0,0.0,0.0,7.0,0.0,7.0,0.3202196955680847,0.19668933749198914,2.7411702473958335,0.27539225419362384,0.021633781492710114,-0.07796412706375122
619,0.9688452240000061,64.652288,0.9424368143081665,0.3606255054473877,0.022784436121582985,0.021484375,0.07220299541950226,0.0,0.08668667078018188,1.3683598041534424,4.2732696533203125,0.48891186714172363,0.0,13.0,0.0,0.0,13.0,0.0,13.0,0.32002703348795575,0.19534555077552795,2.7372233072916665,0.2749772071838379,0.02166755000750224,-0.07790541648864746
620,0.9961220779999849,64.652288,0.9640975594520569,0.3621790111064911,0.031399037688970566,0.021484375,0.074046790599823,0.0,0.08872190117835999,1.3841203451156616,4.190849304199219,0.5024454593658447,0.0,15.0,0.0,0.0,15.0,0.0,15.0,0.31972084442774457,0.19566240906715393,2.7183430989583335,0.27442604303359985,0.02162696172793706,-0.07784581184387207
621,0.9480020229999582,64.652288,0.9385576844215393,0.3616938591003418,0.029730085283517838,0.021484375,0.07207168638706207,0.0,0.08570655435323715,1.4519604444503784,4.154421806335449,0.4564065933227539,0.0,17.0,0.0,0.0,17.0,0.0,17.0,0.31947145859400433,0.19941899180412292,2.7526041666666665,0.27394288778305054,0.021620345612366993,-0.07782137393951416
622,0.9742150380000112,64.652288,0.9391865134239197,0.35474613308906555,0.011190257966518402,0.0224609375,0.07223556190729141,0.0,0.08611711114645004,1.5490655899047852,4.036073684692383,0.4506337344646454,0.0,14.0,0.0,1.0,13.0,0.0,14.0,0.3189007838567098,0.20223860442638397,2.7947998046875,0.27313822507858276,0.02157604197661082,-0.07822006940841675
623,0.999001051999926,64.652288,0.9486909508705139,0.3441803455352783,0.013935216702520847,0.0224609375,0.07322313636541367,0.0,0.08602195978164673,1.63582181930542,3.9937350749969482,0.4477836787700653,0.0,17.0,0.0,0.0,17.0,0.0,17.0,0.3185453216234843,0.20111462473869324,2.8500569661458335,0.27288047472635907,0.021517356236775715,-0.0780382752418518
624,0.997976673999915,64.652288,0.9331546425819397,0.3376651406288147,0.013441622257232666,0.0224609375,0.07172586768865585,0.0,0.08443324267864227,1.6920020580291748,3.9430902004241943,0.4679456651210785,0.0,19.0,0.0,0.0,19.0,0.0,19.0,0.3192046880722046,0.19899654388427734,2.8543701171875,0.27360127369562787,0.021474560101826985,-0.07798689603805542
625,0.9976619640000308,64.652288,0.939729630947113,0.33138900995254517,0.013388791121542454,0.0234375,0.07225213199853897,0.0,0.08403903245925903,1.7302052974700928,3.9622292518615723,0.47790467739105225,0.0,21.0,0.0,1.0,20.0,0.0,21.0,0.3200906713803609,0.19375818967819214,2.8197021484375,0.27469982703526813,0.021535754203796387,-0.07808840274810791
626,0.9894910840000648,64.652288,0.9854910373687744,0.31854623556137085,0.04279834032058716,0.0234375,0.07708153128623962,0.0,0.08306863158941269,1.7114633321762085,3.9648234844207764,0.4669036865234375,0.0,12.0,0.0,0.0,12.0,0.0,12.0,0.3212086359659831,0.18535712361335754,2.8006998697916665,0.2760921120643616,0.02155133585135142,-0.07767742872238159
627,1.0109525620000568,64.652288,0.9985633492469788,0.31146061420440674,0.023896045982837677,0.0234375,0.07825194299221039,0.0,0.08187612891197205,1.6828248500823975,4.026422500610352,0.4993031919002533,0.0,21.0,0.0,0.0,21.0,0.0,21.0,0.32209599018096924,0.18098878860473633,2.791259765625,0.2770274082819621,0.021584267417589825,-0.0773058533668518
628,1.028905337000083,64.652288,0.9991263151168823,0.3094986081123352,0.017748184502124786,0.025390625,0.07868239283561707,0.0,0.0775587409734726,1.6543540954589844,4.133397102355957,0.4991231858730316,0.0,17.0,0.0,2.0,15.0,0.0,17.0,0.32265347242355347,0.1813974380493164,2.8076985677083335,0.2775790294011434,0.021586711208025616,-0.07715517282485962
629,1.0114054650000526,64.652288,0.9536457657814026,0.31831809878349304,0.0192695502191782,0.0263671875,0.07459770888090134,0.0,0.0753219947218895,1.5570834875106812,4.108517646789551,0.48346075415611267,0.0,15.0,0.0,1.0,14.0,0.0,15.0,0.3226977388064067,0.18618163466453552,2.8168538411458335,0.27767252922058105,0.021534820397694904,-0.07705271244049072
630,0.9933922850000272,64.652288,0.9385403990745544,0.32808494567871094,0.020828617736697197,0.02734375,0.07308918237686157,0.0,0.07640306651592255,1.4149764776229858,4.089600563049316,0.48689883947372437,0.0,14.0,0.0,1.0,13.0,0.0,14.0,0.3222838044166565,0.18907761573791504,2.828857421875,0.2775450547536214,0.021498168508211773,-0.07698267698287964
631,0.960862428999917,64.652288,0.9109271764755249,0.3420031666755676,0.014748472720384598,0.02734375,0.07078102231025696,0.0,0.0727560818195343,1.2746294736862183,4.137712001800537,0.46293705701828003,0.0,16.0,0.0,0.0,16.0,0.0,16.0,0.3230181535085042,0.18954414129257202,2.7969156901041665,0.278167724609375,0.02154434472322464,-0.07710671424865723
632,0.964311524999971,64.652288,0.9027287364006042,0.3563864231109619,0.022520767524838448,0.02734375,0.07003859430551529,0.0,0.07089738547801971,1.2092323303222656,4.262531280517578,0.44743335247039795,0.0,9.0,0.0,0.0,9.0,0.0,9.0,0.32334375381469727,0.19289088249206543,2.7887369791666665,0.2784705360730489,0.02154084046681722,-0.07522028684616089
633,0.9946637030000147,64.652288,0.9013498425483704,0.36674410104751587,0.051464471966028214,0.02734375,0.06993047893047333,0.0,0.07028007507324219,1.1945934295654297,4.326750755310059,0.4325443208217621,0.0,14.0,0.0,0.0,14.0,0.0,14.0,0.32286161184310913,0.20009967684745789,2.7561848958333335,0.278270165125529,0.021475819249947865,-0.07747441530227661
634,0.9865758930000084,64.652288,0.8656172752380371,0.37518179416656494,0.04220002889633179,0.02734375,0.0665828064084053,0.0,0.06939731538295746,1.2577452659606934,4.181455612182617,0.41660937666893005,0.0,9.0,0.0,0.0,9.0,0.0,9.0,0.32205621401468915,0.20363683998584747,2.76904296875,0.2774010896682739,0.021461454530556996,-0.07733273506164551
635,1.0160660559999997,64.652288,0.8480001091957092,0.37357914447784424,0.03921172395348549,0.02734375,0.06524550914764404,0.0,0.06752222776412964,1.31134033203125,3.974578857421875,0.3984242081642151,0.0,16.0,0.0,0.0,16.0,0.0,16.0,0.3210864265759786,0.20296712219715118,2.8227132161458335,0.27644368012746173,0.02143671115239461,-0.07724553346633911
636,0.9594746699999632,64.652288,0.8185765743255615,0.37075793743133545,0.010653715580701828,0.02734375,0.06249592453241348,0.0,0.06640040129423141,1.377793550491333,3.739900588989258,0.40259742736816406,0.0,12.0,0.0,0.0,12.0,0.0,12.0,0.3206152518590291,0.20018631219863892,2.8855794270833335,0.2757859428723653,0.021479234099388123,-0.07725000381469727
637,0.946443864999992,64.652288,0.8272842764854431,0.3599865138530731,0.06653683632612228,0.02734375,0.06328242272138596,0.0,0.06764120608568192,1.436980962753296,3.6601645946502686,0.4056181311607361,0.0,9.0,0.0,0.0,9.0,0.0,9.0,0.3208152850468953,0.17798840999603271,2.8885904947916665,0.2758714556694031,0.021402676900227863,-0.07721191644668579
638,0.9340794389999019,64.652288,0.8265694975852966,0.35157376527786255,0.016426902264356613,0.0283203125,0.06265369057655334,0.0,0.06909966468811035,1.579973578453064,3.8345420360565186,0.42068904638290405,0.0,12.0,0.0,1.0,11.0,0.0,12.0,0.3213465213775635,0.17191457748413086,2.8753662109375,0.27623669306437176,0.02145696183045705,-0.07711923122406006
639,0.9401202909999711,64.652288,0.8627134561538696,0.34082478284835815,0.014696508646011353,0.0283203125,0.06575866043567657,0.0,0.07093579322099686,1.7477048635482788,4.0774054527282715,0.42921799421310425,0.0,10.0,0.0,0.0,10.0,0.0,10.0,0.32189788420995075,0.2233414500951767,2.8536783854166665,0.2766930063565572,0.021488274137179058,-0.07712489366531372
640,0.930107645000021,64.652288,0.9051740169525146,0.33329281210899353,0.014054720290005207,0.029296875,0.06933220475912094,0.0,0.07296404987573624,1.8887629508972168,4.2349395751953125,0.4647357165813446,0.0,8.0,0.0,1.0,7.0,0.0,8.0,0.32193203767140705,0.2102096676826477,2.8070068359375,0.27693772315979004,0.02157414456208547,-0.07722890377044678
641,0.9420421859999806,64.652288,0.9268714785575867,0.33044034242630005,0.021267801523208618,0.029296875,0.07125011086463928,0.0,0.07247917354106903,1.916118860244751,4.36467981338501,0.483540415763855,0.0,21.0,0.0,0.0,21.0,0.0,21.0,0.32169171174367267,0.2054620087146759,2.7964680989583335,0.27687929073969525,0.021591189006964367,-0.077273428440094
642,0.9596384070000568,64.652288,0.9133652448654175,0.32826337218284607,0.02568146586418152,0.0302734375,0.0702059417963028,0.0,0.06978926062583923,1.8025641441345215,4.250080108642578,0.4835852384567261,0.0,11.0,0.0,1.0,10.0,0.0,11.0,0.3210514187812805,0.198923259973526,2.8119710286458335,0.27626730998357135,0.021643574039141338,-0.07712811231613159
643,0.9336508949999143,64.652288,0.9278278350830078,0.32416218519210815,0.02114553190767765,0.0302734375,0.07153183221817017,0.0,0.07167263329029083,1.6618537902832031,4.225942611694336,0.49129578471183777,0.0,9.0,0.0,0.0,9.0,0.0,9.0,0.32068419456481934,0.19587865471839905,2.8097330729166665,0.2759236494700114,0.02162499725818634,-0.07712119817733765
644,0.9252920170000607,64.652288,0.9708489179611206,0.324077308177948,0.010530109517276287,0.0302734375,0.07541738450527191,0.0,0.0745072290301323,1.5398776531219482,4.3655619621276855,0.5027183890342712,0.0,9.0,0.0,0.0,9.0,0.0,9.0,0.3209989865620931,0.19525903463363647,2.7662760416666665,0.27606087923049927,0.021559320390224457,-0.07719939947128296
645,0.9524115399999573,64.652288,0.9889363050460815,0.32890114188194275,0.049582865089178085,0.0302734375,0.0771641880273819,0.0,0.07607312500476837,1.4842842817306519,4.4326934814453125,0.5037741661071777,0.0,12.0,0.0,1.0,11.0,0.0,12.0,0.32133034865061444,0.19604304432868958,2.7427571614583335,0.2763606309890747,0.021575863162676494,-0.07728439569473267
646,0.9452954779999345,64.652288,1.0042141675949097,0.33167529106140137,0.028466718271374702,0.0302734375,0.07881705462932587,0.0,0.07519349455833435,1.3916587829589844,4.589030742645264,0.47946786880493164,0.0,15.0,0.0,0.0,15.0,0.0,15.0,0.3214269479115804,0.19317199289798737,2.7473958333333335,0.2764158248901367,0.02160823345184326,-0.077303946018219
647,0.9501286490000211,64.652288,0.9807484149932861,0.3404173254966736,0.026317400857806206,0.03125,0.07677914202213287,0.0,0.0734337791800499,1.2953513860702515,4.638509750366211,0.45657408237457275,0.0,12.0,0.0,1.0,11.0,0.0,12.0,0.321302592754364,0.19317662715911865,2.7423095703125,0.27633265654246014,0.021594780186812084,-0.07730400562286377
648,0.9613268450000305,64.652288,0.9142942428588867,0.3536306321620941,0.02801249921321869,0.03125,0.07045908272266388,0.0,0.07426068931818008,1.2541531324386597,4.466536521911621,0.4396200180053711,0.0,8.0,0.0,0.0,8.0,0.0,8.0,0.32053409020106,0.19432060420513153,2.7780354817708335,0.2756590048472087,0.021633540590604145,-0.07739138603210449
649,0.9523085529999662,64.652288,0.8913658261299133,0.36166641116142273,0.036222491413354874,0.0322265625,0.06827929615974426,0.0,0.07460576295852661,1.2734483480453491,4.2981061935424805,0.4414409101009369,0.0,13.0,0.0,1.0,12.0,0.0,13.0,0.32041454315185547,0.19844810664653778,2.7823893229166665,0.2752581238746643,0.021604470908641815,-0.07754731178283691
650,0.9810360889999856,64.652288,0.8756558299064636,0.36632078886032104,0.0176926851272583,0.0322265625,0.06683311611413956,0.0,0.074392169713974,1.3348125219345093,4.201467037200928,0.4353376626968384,0.0,11.0,0.0,0.0,11.0,0.0,11.0,0.3206595579783122,0.20066726207733154,2.7704264322916665,0.27544301748275757,0.021573896209398907,-0.07773160934448242
651,1.0145384710000371,64.652288,0.8812562823295593,0.3623310625553131,0.01716890186071396,0.0322265625,0.06721906363964081,0.0,0.07547055929899216,1.473722219467163,4.197373390197754,0.4387950599193573,0.0,9.0,0.0,0.0,9.0,0.0,9.0,0.3206647237141927,0.19879692792892456,2.7963053385416665,0.27549054225285846,0.021477095782756805,-0.07788217067718506
652,1.0088869890000751,64.652288,0.9169490337371826,0.3516194522380829,0.016902022063732147,0.0322265625,0.07015352696180344,0.0,0.0796232521533966,1.6376279592514038,4.316978931427002,0.4604541063308716,0.0,11.0,0.0,0.0,11.0,0.0,11.0,0.32060569524765015,0.2035919725894928,2.7997639973958335,0.27547429005304974,0.02139499286810557,-0.07800596952438354
653,1.093240104000074,64.652288,0.9673998355865479,0.3353841304779053,0.03631988912820816,0.0322265625,0.07480601966381073,0.0,0.08121205866336823,1.7127275466918945,4.398873329162598,0.48491573333740234,0.0,15.0,0.0,0.0,15.0,0.0,15.0,0.32085951169331867,0.19587308168411255,2.7979329427083335,0.2757222255071004,0.021393897632757824,-0.07810938358306885
654,1.0023861539999643,64.652288,0.9746159911155701,0.3281300663948059,0.018160423263907433,0.0322265625,0.075456902384758,0.0,0.0807550847530365,1.7854268550872803,4.563836097717285,0.4797848165035248,0.0,15.0,0.0,0.0,15.0,0.0,15.0,0.32124048471450806,0.19266581535339355,2.8114013671875,0.2760343949000041,0.021462487677733105,-0.07816630601882935
655,0.9736002700000199,64.652288,0.9638664722442627,0.32620224356651306,0.016297616064548492,0.03125,0.0745227038860321,0.0,0.07942502200603485,1.7640851736068726,4.468406677246094,0.49152839183807373,0.0,17.0,0.0,0.0,17.0,0.0,17.0,0.32140640417734784,0.19271185994148254,2.800537109375,0.2761421203613281,0.021559206147988636,-0.07801651954650879
656,0.9829928209999252,64.652288,0.9616785049438477,0.3250935673713684,0.01688339374959469,0.0302734375,0.07465894520282745,0.0,0.07557334750890732,1.6920840740203857,4.425258636474609,0.4889167249202728,0.0,12.0,0.0,0.0,12.0,0.0,12.0,0.32167641321818036,0.19483095407485962,2.7975667317708335,0.27652935187021893,0.021570483843485515,-0.07783997058868408
657,0.9619316109999545,64.652288,0.9502832293510437,0.32856789231300354,0.015960194170475006,0.03125,0.07347533106803894,0.0,0.07646776735782623,1.6762077808380127,4.378182888031006,0.49054035544395447,0.0,12.0,0.0,1.0,11.0,0.0,12.0,0.32174070676167804,0.19639518857002258,2.7885335286458335,0.27642254034678143,0.021590990324815113,-0.07777947187423706
658,0.9669584089999717,64.652288,0.9701417088508606,0.3260991871356964,0.023801587522029877,0.0322265625,0.07560494542121887,0.0,0.07514538615942001,1.6123275756835938,4.363208293914795,0.48690685629844666,0.0,20.0,0.0,1.0,19.0,0.0,20.0,0.32222259044647217,0.1969848871231079,2.77294921875,0.27660878499348956,0.02163807302713394,-0.07772427797317505
659,0.9611377290000291,64.652288,0.9535703659057617,0.328180193901062,0.02993331477046013,0.03125,0.07452747225761414,0.0,0.07146577537059784,1.5741069316864014,4.248120307922363,0.46387383341789246,0.0,13.0,0.0,0.0,13.0,0.0,13.0,0.3224612871805827,0.19615492224693298,2.783203125,0.27662527561187744,0.02155461659034093,-0.07764571905136108
660,0.9597848650000742,64.652288,0.9440467357635498,0.33269748091697693,0.0192842036485672,0.03125,0.07351310551166534,0.0,0.07200177013874054,1.5170924663543701,4.208155632019043,0.45742738246917725,0.0,12.0,0.0,0.0,12.0,0.0,12.0,0.3217537800470988,0.1991771012544632,2.8210042317708335,0.27583885192871094,0.02148641397555669,-0.07759368419647217
661,0.9722388870000032,64.652288,0.9269583225250244,0.3360453248023987,0.019504539668560028,0.03125,0.07214987277984619,0.0,0.07013747841119766,1.4106175899505615,4.169607162475586,0.4428660273551941,0.0,17.0,0.0,0.0,17.0,0.0,17.0,0.32138768831888836,0.20180851221084595,2.83251953125,0.2755722602208455,0.02141007532676061,-0.07765662670135498
662,1.037305680999907,64.652288,0.88300621509552,0.3439704179763794,0.013347800821065903,0.03125,0.06851412355899811,0.0,0.06641416996717453,1.3302960395812988,4.01663875579834,0.40558919310569763,0.0,12.0,0.0,0.0,12.0,0.0,12.0,0.3213171561559041,0.20236800611019135,2.828369140625,0.2758099436759949,0.021479221681753796,-0.07776933908462524
663,1.0308081590000029,64.652288,0.8607666492462158,0.3488931655883789,0.1041703149676323,0.03125,0.06652809679508209,0.0,0.06555192917585373,1.319954514503479,3.9074161052703857,0.39059504866600037,0.0,5.0,0.0,0.0,5.0,0.0,5.0,0.32126593589782715,0.1950196921825409,2.8363444010416665,0.2758875290552775,0.02142784247795741,-0.07790493965148926
664,1.0466878230000702,64.652288,0.8490347862243652,0.3595190644264221,0.012344869785010815,0.03125,0.06486882269382477,0.0,0.06754054129123688,1.4100205898284912,4.173931121826172,0.39982521533966064,0.0,9.0,0.0,0.0,9.0,0.0,9.0,0.32094540198644,0.1947064995765686,2.8628743489583335,0.2756640712420146,0.021364090343316395,-0.0777883529663086
665,1.006666475999964,64.652288,0.8422088027000427,0.3693397045135498,0.0458129420876503,0.0302734375,0.06354024261236191,0.0,0.06806561350822449,1.5415385961532593,4.532430648803711,0.4253033995628357,0.0,15.0,0.0,0.0,15.0,0.0,15.0,0.32142627239227295,0.1968444287776947,2.8252766927083335,0.27605825662612915,0.021463518341382343,-0.048949748277664185
666,1.027119780000021,64.652288,0.8244213461875916,0.3767738342285156,0.054325222969055176,0.0302734375,0.061665646731853485,0.0,0.06732169538736343,1.615624189376831,4.780266284942627,0.42222803831100464,0.0,10.0,0.0,0.0,10.0,0.0,10.0,0.3218947450319926,0.20545484125614166,2.7876383463541665,0.2765665849049886,0.021471021076043446,-0.049219414591789246
667,1.0142716510000582,64.652288,0.8453232645988464,0.37385648488998413,0.05389286205172539,0.0302734375,0.06326961517333984,0.0,0.06968225538730621,1.7064740657806396,4.890728950500488,0.44002866744995117,0.0,9.0,0.0,0.0,9.0,0.0,9.0,0.32132822275161743,0.21317265927791595,2.7789713541666665,0.2763646642367045,0.021430117388566334,-0.0784713625907898
668,1.006170443999963,64.652288,0.8809207081794739,0.36081090569496155,0.04567202180624008,0.0302734375,0.0668209120631218,0.0,0.0711904764175415,1.7540922164916992,4.707856178283691,0.44232603907585144,0.0,13.0,0.0,0.0,13.0,0.0,13.0,0.32076778014500934,0.20438209176063538,2.7870279947916665,0.27605708440144855,0.02138205369313558,-0.07836759090423584
669,1.0201006199999938,64.652288,0.9155999422073364,0.3441314101219177,0.027654603123664856,0.0302734375,0.07030647248029709,0.0,0.07280995696783066,1.7597527503967285,4.494471549987793,0.45062941312789917,0.0,11.0,0.0,0.0,11.0,0.0,11.0,0.3209589918454488,0.19549816846847534,2.7766927083333335,0.27616490920384723,0.021340039869149525,-0.07832056283950806
670,1.0035778229998868,64.652288,0.9378930926322937,0.3314913511276245,0.031379375606775284,0.029296875,0.07216917723417282,0.0,0.07642163336277008,1.768442153930664,4.374203681945801,0.4680536389350891,0.0,10.0,0.0,0.0,10.0,0.0,10.0,0.3211622436841329,0.19485262036323547,2.7644856770833335,0.2762615482012431,0.021325116356213886,-0.07823622226715088
671,0.9676769320000176,64.652288,1.005236268043518,0.314382404088974,0.022880475968122482,0.029296875,0.07904775440692902,0.0,0.07714852690696716,1.725242018699646,4.360381603240967,0.4595770239830017,0.0,18.0,0.0,1.0,17.0,0.0,18.0,0.32148683071136475,0.1957644522190094,2.708740234375,0.2769678036371867,0.021228613952795666,-0.0781514048576355
672,0.9637192850000247,64.652288,1.0335718393325806,0.3023567497730255,0.08242587000131607,0.0302734375,0.08240959048271179,0.0,0.07466122508049011,1.6993381977081299,4.261369228363037,0.44423413276672363,0.0,13.0,0.0,1.0,12.0,0.0,13.0,0.3221766750017802,0.20149096846580505,2.694091796875,0.27795974413553876,0.021254852414131165,-0.07806640863418579
673,0.9853855220000014,64.652288,1.0451836585998535,0.2978687286376953,0.041500937193632126,0.029296875,0.08361423015594482,0.0,0.0758713111281395,1.647745966911316,4.352766990661621,0.4246924817562103,0.0,18.0,0.0,0.0,18.0,0.0,18.0,0.32198822498321533,0.20835037529468536,2.7092692057291665,0.2781888047854106,0.021273508667945862,-0.0779639482498169
674,0.9925394719999758,64.652288,1.0309394598007202,0.3042624592781067,0.04645480960607529,0.029296875,0.08240582048892975,0.0,0.07553569227457047,1.5704879760742188,4.40426778793335,0.4093652665615082,0.0,8.0,0.0,0.0,8.0,0.0,8.0,0.32190364599227905,0.20731450617313385,2.7386067708333335,0.2781081000963847,0.021420362095038097,-0.07804834842681885
675,1.0296008200000415,64.652288,1.0201290845870972,0.3154361844062805,0.012619949877262115,0.0302734375,0.08123687654733658,0.0,0.0749707818031311,1.4343781471252441,4.602636337280273,0.4095197916030884,0.0,16.0,1.0,1.0,16.0,0.0,16.0,0.32205750544865924,0.20860587060451508,2.7543131510416665,0.27798640727996826,0.021628431975841522,-0.04140471667051315
676,1.0526672760000793,64.652288,0.9835558533668518,0.3366047441959381,0.02571311593055725,0.0302734375,0.07778266817331314,0.0,0.07456838339567184,1.286496877670288,4.69193696975708,0.3828112483024597,0.0,13.0,0.0,0.0,13.0,0.0,13.0,0.32197024424870807,0.20099429786205292,2.7414143880208335,0.2780447204907735,0.02162557343641917,-0.04117929935455322
677,1.068725584000049,64.652288,0.9587317705154419,0.35692495107650757,0.043182726949453354,0.0322265625,0.07541161775588989,0.0,0.07452120631933212,1.1948866844177246,4.733736991882324,0.37305864691734314,0.0,9.0,0.0,2.0,7.0,0.0,9.0,0.32194262742996216,0.19621263444423676,2.7383626302083335,0.2777499357859294,0.021654645601908367,-0.04030855745077133
678,1.0236045870000225,64.652288,0.9713956713676453,0.36775344610214233,0.056619878858327866,0.0322265625,0.07668830454349518,0.0,0.07482225447893143,1.1837772130966187,4.617992401123047,0.3809863030910492,0.0,10.0,0.0,0.0,10.0,0.0,10.0,0.32155104478200275,0.19484451413154602,2.7167561848958335,0.27744682629903156,0.021605985860029858,-0.038963012397289276
679,1.016021118000026,64.652288,0.9408178925514221,0.3720293641090393,0.04707949981093407,0.0322265625,0.0736628919839859,0.0,0.07645365595817566,1.320404052734375,4.4572601318359375,0.3739517629146576,0.0,8.0,0.0,0.0,8.0,0.0,8.0,0.32070960601170856,0.19446150958538055,2.73193359375,0.27656471729278564,0.021528484920660656,-0.03729932755231857
680,1.0326137999999219,64.652288,0.9350797533988953,0.36329957842826843,0.03340088948607445,0.0322265625,0.07258006930351257,0.0,0.07838061451911926,1.4729130268096924,4.365407466888428,0.40305548906326294,0.0,10.0,0.0,0.0,10.0,0.0,10.0,0.31959476073582965,0.19679462909698486,2.7858072916666665,0.2754872838656108,0.021541814009348553,-0.0677269697189331
681,1.0308031289999917,64.652288,0.942319393157959,0.3472650349140167,0.017725691199302673,0.0322265625,0.0733722522854805,0.0,0.07789453864097595,1.6051244735717773,4.2268853187561035,0.4083051085472107,0.0,16.0,0.0,0.0,16.0,0.0,16.0,0.31922908624013263,0.1948661506175995,2.8063151041666665,0.27524447441101074,0.021473449965318043,-0.07048195600509644
682,1.0290072020000025,64.652288,0.9581447243690491,0.3302200436592102,0.04483581334352493,0.0322265625,0.07502807676792145,0.0,0.07800894230604172,1.720837950706482,4.140517711639404,0.40910789370536804,0.0,10.0,0.0,0.0,10.0,0.0,10.0,0.31943513949712116,0.1950203776359558,2.805908203125,0.27558547258377075,0.021414707104365032,-0.0734512209892273
683,1.037939356000038,64.652288,0.9839401245117188,0.31661078333854675,0.047419123351573944,0.0322265625,0.07723109424114227,0.0,0.08046133816242218,1.849095106124878,4.237938404083252,0.40734994411468506,0.0,10.0,0.0,0.0,10.0,0.0,10.0,0.31976455450057983,0.19324171543121338,2.7969156901041665,0.27579277753829956,0.021397759517033894,-0.07557481527328491
684,1.0182995210000172,64.652288,1.000485897064209,0.3090328574180603,0.03353821113705635,0.03125,0.07869463413953781,0.0,0.08085931837558746,1.9606237411499023,4.360355377197266,0.4088151156902313,0.0,15.0,0.0,0.0,15.0,0.0,15.0,0.3204995393753052,0.19330179691314697,2.767333984375,0.2765949567159017,0.021437639991442364,-0.07664620876312256
685,1.0145336040000075,64.652288,1.001596450805664,0.30642861127853394,0.031188080087304115,0.0322265625,0.07861323654651642,0.0,0.07870148867368698,1.974593997001648,4.489309310913086,0.4362209737300873,0.0,15.0,0.0,1.0,14.0,0.0,15.0,0.3211367726325989,0.19014063477516174,2.7387288411458335,0.27731311321258545,0.02141565829515457,-0.07659924030303955
686,0.9813571830000001,64.652288,0.977302074432373,0.3109644651412964,0.02372260019183159,0.033203125,0.07649916410446167,0.0,0.07397796213626862,1.963387370109558,4.655195236206055,0.41320666670799255,0.0,20.0,0.0,1.0,19.0,0.0,20.0,0.32160820563634235,0.18292027711868286,2.7523193359375,0.2776857018470764,0.021548400322596233,-0.07131803035736084
687,0.9753597270000682,64.652288,0.9728436470031738,0.31556516885757446,0.02035161480307579,0.0322265625,0.0761515274643898,0.0,0.07291820645332336,1.8123462200164795,4.737165451049805,0.41541001200675964,0.0,13.0,0.0,0.0,13.0,0.0,13.0,0.3216291666030884,0.18096831440925598,2.7469075520833335,0.27739862600962323,0.021614658335844677,-0.029295362532138824
688,1.0340919430000213,64.652288,0.9984840750694275,0.31928274035453796,0.03364221006631851,0.033203125,0.07881797850131989,0.0,0.07435015588998795,1.6133830547332764,4.690001487731934,0.41323137283325195,0.0,8.0,0.0,1.0,7.0,0.0,8.0,0.3210804263750712,0.20285619795322418,2.7320149739583335,0.2768801649411519,0.02161276837189992,-0.029300764203071594
689,0.9693478939999522,64.652288,1.0064553022384644,0.32520240545272827,0.021451188251376152,0.033203125,0.07938700914382935,0.0,0.07687781751155853,1.4950344562530518,4.656922340393066,0.4202605187892914,0.0,11.0,0.0,0.0,11.0,0.0,11.0,0.32036904493967694,0.20023852586746216,2.7496744791666665,0.27625443538029987,0.021547280251979828,-0.029296085238456726
690,1.0344210190000922,64.652288,1.0233840942382812,0.33071085810661316,0.015561853535473347,0.033203125,0.08088881522417068,0.0,0.08013816177845001,1.3724024295806885,4.745419502258301,0.41073498129844666,0.0,7.0,0.0,0.0,7.0,0.0,7.0,0.3200956384340922,0.1921752691268921,2.7222493489583335,0.2761664191881816,0.021530739963054657,-0.029303498566150665
691,1.0820068470000024,64.652288,1.0102519989013672,0.3430250287055969,0.04868553951382637,0.033203125,0.07911225408315659,0.0,0.08311343193054199,1.3010873794555664,4.797382831573486,0.4349590241909027,0.0,17.0,0.0,0.0,17.0,0.0,17.0,0.32045712073644,0.18808287382125854,2.7022705078125,0.27638200918833417,0.021475983162720997,-0.03842802345752716
692,1.0252131199999894,64.652288,0.9610620141029358,0.3508942723274231,0.027445266023278236,0.033203125,0.07466413080692291,0.0,0.08127360790967941,1.3175349235534668,4.638422012329102,0.408217191696167,0.0,11.0,0.0,0.0,11.0,0.0,11.0,0.3201338052749634,0.18524235486984253,2.6905924479166665,0.2762131094932556,0.02152960995833079,-0.040161922574043274
693,1.0007997139999816,64.652288,0.9404226541519165,0.35036545991897583,0.026947280392050743,0.0322265625,0.07224307209253311,0.0,0.08338163793087006,1.4428266286849976,4.522567272186279,0.4141920804977417,0.0,9.0,0.0,0.0,9.0,0.0,9.0,0.3188934326171875,0.18383896350860596,2.717529296875,0.2751348813374837,0.021602511405944824,-0.029285572469234467
694,1.0116000230000282,64.652288,0.9682470560073853,0.3381485939025879,0.022514261305332184,0.0322265625,0.07486499845981598,0.0,0.0881856307387352,1.592020869255066,4.437310218811035,0.41176432371139526,0.0,9.0,0.0,0.0,9.0,0.0,9.0,0.3176497022310893,0.1955161690711975,2.7266438802083335,0.274086058139801,0.021587811410427094,-0.02928919345140457
695,0.9619498800000201,64.652288,0.9776066541671753,0.33017584681510925,0.022244621068239212,0.0322265625,0.07547648251056671,0.0,0.08910606801509857,1.7720947265625,4.523427963256836,0.4304128587245941,0.0,16.0,0.0,0.0,16.0,0.0,16.0,0.3172263503074646,0.19407740235328674,2.7538248697916665,0.2738364140192668,0.021533948679765064,-0.029294520616531372
696,0.9630436109999891,64.652288,0.9921473264694214,0.3235466182231903,0.018173808231949806,0.033203125,0.07695718109607697,0.0,0.0908970981836319,1.8456323146820068,4.551572799682617,0.4131917953491211,0.0,16.0,0.0,1.0,15.0,0.0,16.0,0.31704795360565186,0.19430840015411377,2.7657470703125,0.2739894191424052,0.02155819038550059,-0.029297053813934326
697,0.9838391199999705,64.652288,1.0292344093322754,0.3133554756641388,0.04688527062535286,0.033203125,0.08029381930828094,0.0,0.09391354024410248,1.8822951316833496,4.4705915451049805,0.4365615248680115,0.0,12.0,0.0,0.0,12.0,0.0,12.0,0.317404568195343,0.1957041621208191,2.7257893880208335,0.2745013435681661,0.0216353436311086,-0.029325619339942932
698,0.9972292809999317,64.652288,1.0776208639144897,0.29978060722351074,0.020808447152376175,0.0341796875,0.08500166982412338,0.0,0.09383738040924072,1.8288739919662476,4.5343170166015625,0.4501745104789734,0.0,18.0,1.0,1.0,18.0,0.0,18.0,0.31825212637583417,0.1966785192489624,2.696044921875,0.27527807156244916,0.021737217903137207,-0.029317602515220642
699,0.984289954000019,64.652288,1.1206187009811401,0.29100537300109863,0.02657901681959629,0.033203125,0.08905064314603806,0.0,0.09536411613225937,1.8185231685638428,4.601133823394775,0.4603893756866455,0.0,13.0,0.0,0.0,13.0,0.0,13.0,0.31857842206954956,0.19610582292079926,2.6742350260416665,0.27574535210927326,0.021775571008523304,-0.029293842613697052
700,0.9740030799999886,64.652288,1.1184275150299072,0.29180654883384705,0.012967661023139954,0.0341796875,0.08902323246002197,0.0,0.09291370958089828,1.7639005184173584,4.638828277587891,0.4760192334651947,0.0,26.0,0.0,1.0,25.0,0.0,26.0,0.31936784585316974,0.19688667356967926,2.681884765625,0.27637773752212524,0.021801797052224476,-0.029294058680534363
701,0.9810890579999523,64.652288,1.0962727069854736,0.29439231753349304,0.011483054608106613,0.0341796875,0.08787791430950165,0.0,0.08519323170185089,1.617039442062378,4.514949798583984,0.44614624977111816,0.0,24.0,0.0,1.0,23.0,0.0,24.0,0.3198949495951335,0.20053334534168243,2.7007649739583335,0.2766059438387553,0.02167745679616928,-0.029279746115207672
702,0.9630289929999662,64.652288,1.0446557998657227,0.30543431639671326,0.038061391562223434,0.0341796875,0.08334094285964966,0.0,0.08167260140180588,1.5075573921203613,4.392913818359375,0.41948258876800537,0.0,12.0,0.0,0.0,12.0,0.0,12.0,0.31983985503514606,0.19929948449134827,2.7343343098958335,0.27668458223342896,0.02170943220456441,-0.02929670363664627
703,0.95069032899994,64.652288,1.0278229713439941,0.3181300461292267,0.00839986838400364,0.0341796875,0.08129028975963593,0.0,0.08233168721199036,1.4064178466796875,4.371401786804199,0.44352006912231445,0.0,11.0,0.0,0.0,11.0,0.0,11.0,0.319918433825175,0.1994103342294693,2.722900390625,0.2766358057657878,0.021670942505200703,-0.029284819960594177
704,0.9871824980000383,64.652288,1.0064705610275269,0.33142930269241333,0.0143472570925951,0.0341796875,0.07911768555641174,0.0,0.08353428542613983,1.3518731594085693,4.38577938079834,0.430478036403656,0.0,11.0,0.0,0.0,11.0,0.0,11.0,0.3204948703447978,0.20414991676807404,2.6995442708333335,0.2768304944038391,0.021524685124556225,-0.02929796278476715
705,1.0418804939999973,64.652288,0.9741662740707397,0.3435957431793213,0.032146111130714417,0.03515625,0.07584212720394135,0.0,0.08413996547460556,1.3246643543243408,4.396706581115723,0.43220826983451843,0.0,14.0,0.0,1.0,13.0,0.0,14.0,0.32070855299631756,0.1960543990135193,2.6773274739583335,0.2768537799517314,0.02145390709241231,-0.029287151992321014
706,1.0460200429999986,64.652288,0.9656188488006592,0.3493684232234955,0.02728569321334362,0.03515625,0.07481188327074051,0.0,0.08565028756856918,1.3689745664596558,4.406498908996582,0.4338687062263489,0.0,10.0,0.0,0.0,10.0,0.0,10.0,0.3199767271677653,0.1954527497291565,2.68017578125,0.27604933579762775,0.021408197780450184,-0.029302969574928284
707,1.005913951000025,64.652288,0.968653678894043,0.34692737460136414,0.04261091351509094,0.03515625,0.07505914568901062,0.0,0.08663918823003769,1.447540044784546,4.371730804443359,0.4424918591976166,0.0,10.0,0.0,0.0,10.0,0.0,10.0,0.3189772168795268,0.19288396835327148,2.724609375,0.27498408158620197,0.021342121064662933,-0.032361868768930435
708,1.017590992999999,64.652288,0.9671912789344788,0.3431398868560791,0.04102156311273575,0.0322265625,0.07493338733911514,0.0,0.08740752190351486,1.5887422561645508,4.276086330413818,0.43798813223838806,0.0,17.0,0.0,0.0,17.0,0.0,17.0,0.31833430131276447,0.19297951459884644,2.7584635416666665,0.2741515835126241,0.021383846799532574,-0.032680924981832504
709,0.9937241229999927,64.652288,0.9691912531852722,0.33609551191329956,0.013490257784724236,0.0322265625,0.07510964572429657,0.0,0.08753852546215057,1.729252576828003,4.152068138122559,0.44614893198013306,0.0,14.0,0.0,0.0,14.0,0.0,14.0,0.3183504343032837,0.19482651352882385,2.7696126302083335,0.27428917090098065,0.021363697946071625,-0.032927002757787704
710,0.9804941360000612,64.652288,0.9839667677879333,0.32606592774391174,0.013895243406295776,0.0322265625,0.07625630497932434,0.0,0.09070330858230591,1.8474229574203491,4.118247032165527,0.44975289702415466,0.0,13.0,0.0,0.0,13.0,0.0,13.0,0.31854212284088135,0.1967395544052124,2.7354736328125,0.2747433582941691,0.021409325301647186,-0.033017050474882126
711,1.0425359030000436,64.652288,1.0312305688858032,0.31296172738075256,0.04008924588561058,0.0322265625,0.08044112473726273,0.0,0.0936858057975769,1.9294602870941162,4.135887145996094,0.48167532682418823,0.0,14.0,0.0,0.0,14.0,0.0,14.0,0.31905009349187213,0.2033517062664032,2.7033284505208335,0.2751435836156209,0.02147546410560608,-0.03301243856549263
712,1.11083428500001,64.652288,1.0982462167739868,0.2978653013706207,0.034679848700761795,0.03125,0.08704371750354767,0.0,0.09252624213695526,1.9618215560913086,4.247489929199219,0.4848565459251404,0.0,22.0,0.0,0.0,22.0,0.0,22.0,0.31947896877924603,0.20275607705116272,2.709228515625,0.2758535146713257,0.02148498346408208,-0.03359277918934822
713,1.0667082859999937,64.652288,1.1331520080566406,0.2891043424606323,0.012701814994215965,0.0302734375,0.09078449010848999,0.0,0.09469197690486908,1.9454481601715088,4.3245391845703125,0.4609164595603943,0.0,15.0,0.0,0.0,15.0,0.0,15.0,0.31954888502756756,0.20345745980739594,2.7432454427083335,0.2759620745976766,0.02154262363910675,-0.035729121416807175
714,1.04155133200004,64.652288,1.1265383958816528,0.28839024901390076,0.01958952657878399,0.0302734375,0.090664803981781,0.0,0.09249776601791382,1.7752809524536133,4.205695629119873,0.45489224791526794,0.0,24.0,0.0,0.0,24.0,0.0,24.0,0.3198442856470744,0.20040974020957947,2.7143961588541665,0.27629750967025757,0.02153201401233673,-0.030877895653247833
715,1.0201685790000283,64.652288,1.1299412250518799,0.28979218006134033,0.01064227893948555,0.0302734375,0.09148989617824554,0.0,0.08583526313304901,1.5739953517913818,4.168169975280762,0.4733869433403015,0.0,25.0,0.0,0.0,25.0,0.0,25.0,0.3207795222600301,0.19810985028743744,2.7422688802083335,0.27708099285761517,0.0215836763381958,-0.029283292591571808
716,1.0006672039999103,64.652288,1.0376015901565552,0.3039100766181946,0.04878564178943634,0.029296875,0.08329623937606812,0.0,0.08018280565738678,1.3919198513031006,4.040793418884277,0.42726120352745056,0.0,14.0,0.0,0.0,14.0,0.0,14.0,0.32150210936864215,0.20077188313007355,2.7550455729166665,0.2777101397514343,0.02152431756258011,-0.06191128492355347
717,1.0389353319999373,64.652288,0.99580317735672,0.3175363540649414,0.012367994524538517,0.0283203125,0.07946078479290009,0.0,0.07789655029773712,1.268198847770691,4.047969818115234,0.40805357694625854,0.0,16.0,0.0,0.0,16.0,0.0,16.0,0.32207661867141724,0.20540280640125275,2.7488199869791665,0.27825339635213214,0.021433450281620026,-0.061883747577667236
718,1.0158943420000242,64.652288,0.9545173048973083,0.33298254013061523,0.015099292621016502,0.0283203125,0.0756462812423706,0.0,0.0740625411272049,1.194389820098877,4.012946605682373,0.4072268605232239,0.0,16.0,0.0,0.0,16.0,0.0,16.0,0.3225044012069702,0.2079201191663742,2.7517496744791665,0.2786390384038289,0.02140517036120097,-0.06188899278640747
719,0.9797466109999959,64.652288,0.9120914936065674,0.3500345051288605,0.023814916610717773,0.0283203125,0.07163926213979721,0.0,0.07245560735464096,1.1733441352844238,3.961230993270874,0.38822245597839355,0.0,8.0,0.0,0.0,8.0,0.0,8.0,0.3222527901331584,0.2095106989145279,2.79052734375,0.2781813343365987,0.021390172342459362,-0.06198090314865112
720,0.97976591500003,64.652288,0.8892779350280762,0.3636963665485382,0.03001636639237404,0.0283203125,0.06901020556688309,0.0,0.07510048151016235,1.216448187828064,3.902146816253662,0.40586793422698975,0.0,7.0,0.0,0.0,7.0,0.0,7.0,0.3213082154591878,0.19981694221496582,2.8038736979166665,0.27722054719924927,0.021385851005713146,-0.062082648277282715
721,0.981427100000019,64.652288,0.8676262497901917,0.37170469760894775,0.03110772743821144,0.02734375,0.06674651801586151,0.0,0.07653938978910446,1.2852567434310913,3.880598545074463,0.39897406101226807,0.0,11.0,0.0,0.0,11.0,0.0,11.0,0.3204446037610372,0.19147425889968872,2.8111165364583335,0.2765634059906006,0.02143801252047221,-0.06222867965698242
722,0.9789693449999959,64.652288,0.8629950881004333,0.37181922793388367,0.03804987668991089,0.02734375,0.06606858968734741,0.0,0.07680751383304596,1.3918207883834839,3.951301097869873,0.4100481867790222,0.0,12.0,0.0,0.0,12.0,0.0,12.0,0.32022011280059814,0.19106334447860718,2.8264567057291665,0.2763146758079529,0.02144646644592285,-0.06241953372955322
723,0.9484868580000239,64.652288,0.8568972945213318,0.36603620648384094,0.02854681946337223,0.0283203125,0.06525667756795883,0.0,0.07635435461997986,1.5327590703964233,4.076304912567139,0.4116118550300598,0.0,11.0,0.0,1.0,10.0,0.0,11.0,0.3204346497853597,0.19221442937850952,2.8249918619791665,0.2763060728708903,0.0214189812541008,-0.06271284818649292
724,0.9610153190000119,64.652288,0.8788070678710938,0.35276293754577637,0.01648389920592308,0.029296875,0.06693601608276367,0.0,0.07713273912668228,1.7135083675384521,4.18691349029541,0.4298335015773773,0.0,12.0,1.0,1.0,12.0,0.0,12.0,0.3204502860705058,0.19821760058403015,2.803466796875,0.27632548411687213,0.021403769652048748,-0.06286770105361938
725,0.9468430050000052,64.652288,0.915977954864502,0.3368343114852905,0.022874556481838226,0.0302734375,0.06993868201971054,0.0,0.07929518818855286,1.903822660446167,4.3062286376953125,0.4607129991054535,0.0,13.0,0.0,1.0,12.0,0.0,13.0,0.3205658992131551,0.20520487427711487,2.7772216796875,0.27612966299057007,0.021316975355148315,-0.06304055452346802
726,0.9638266959999555,64.652288,0.9405994415283203,0.3246290683746338,0.020208656787872314,0.0302734375,0.07247024029493332,0.0,0.07776494324207306,1.9727849960327148,4.37926721572876,0.4528300166130066,0.0,14.0,0.0,0.0,14.0,0.0,14.0,0.32048459847768146,0.20678173005580902,2.773193359375,0.27618203560511273,0.021407370766003925,-0.06317812204360962
727,0.94602842900008,64.652288,0.951478898525238,0.3193342089653015,0.01831335574388504,0.0302734375,0.07349954545497894,0.0,0.07630621641874313,1.9669631719589233,4.358740329742432,0.47057247161865234,0.0,14.0,0.0,0.0,14.0,0.0,14.0,0.32053279876708984,0.19942741096019745,2.7828369140625,0.27617082993189496,0.021381887296835583,-0.06288701295852661
728,0.9933985339999936,64.652288,0.9849920272827148,0.31384140253067017,0.054006900638341904,0.029296875,0.07671093195676804,0.0,0.07790999114513397,1.9426171779632568,4.281634330749512,0.48216503858566284,0.0,15.0,0.0,0.0,15.0,0.0,15.0,0.3201643228530884,0.1990085393190384,2.7525227864583335,0.27581451336542767,0.021436594426631927,-0.06235092878341675
729,0.9670970980000675,64.652288,0.9880703687667847,0.3129464387893677,0.013763433322310448,0.029296875,0.07729398459196091,0.0,0.07591494172811508,1.8341253995895386,4.386235237121582,0.4722326993942261,0.0,11.0,0.0,0.0,11.0,0.0,11.0,0.32073219617207843,0.19993512332439423,2.7648111979166665,0.27611349026362103,0.02144281566143036,-0.06309443712234497
730,0.948212916999978,64.652288,0.9983201026916504,0.31417810916900635,0.04362417012453079,0.029296875,0.07835496962070465,0.0,0.07597492635250092,1.648468017578125,4.422635555267334,0.4700790345668793,0.0,14.0,0.0,0.0,14.0,0.0,14.0,0.3214311997095744,0.20086829364299774,2.7206217447916665,0.27660590410232544,0.021500252187252045,-0.06304329633712769
731,0.9328568270000233,64.652288,0.9953963160514832,0.3233383893966675,0.01925693452358246,0.029296875,0.07839132845401764,0.0,0.07672983407974243,1.468407392501831,4.494222164154053,0.4382525384426117,0.0,12.0,0.0,0.0,12.0,0.0,12.0,0.32181129852930707,0.19994325935840607,2.7137451171875,0.27703062693277997,0.021465614438056946,-0.06298285722732544
732,0.9380212149999352,64.652288,0.9723768830299377,0.33655452728271484,0.017183126881718636,0.029296875,0.07611703872680664,0.0,0.07513114809989929,1.2755615711212158,4.622097969055176,0.434751957654953,0.0,14.0,0.0,0.0,14.0,0.0,14.0,0.3216226100921631,0.19579854607582092,2.7173665364583335,0.2769327163696289,0.021522387862205505,-0.06297534704208374
733,0.9266308579999532,64.652288,0.9391422271728516,0.35036104917526245,0.029835358262062073,0.029296875,0.07305531948804855,0.0,0.07624943554401398,1.1875799894332886,4.560731410980225,0.4069526791572571,0.0,8.0,0.0,0.0,8.0,0.0,8.0,0.3209294279416402,0.19217818975448608,2.7449137369791665,0.2762124538421631,0.02160125474135081,-0.06297391653060913
734,0.950413497999989,64.652288,0.9094223380088806,0.36107808351516724,0.038259539753198624,0.029296875,0.07001787424087524,0.0,0.0789385437965393,1.1838195323944092,4.4376935958862305,0.4171242117881775,0.0,12.0,0.0,0.0,12.0,0.0,12.0,0.3198557098706563,0.19214093685150146,2.7538655598958335,0.2751472592353821,0.02160610506931941,-0.06312018632888794
735,0.9698695189999853,64.652288,0.900139331817627,0.3639408349990845,0.024461451917886734,0.029296875,0.06889699399471283,0.0,0.08043071627616882,1.2667651176452637,4.328056812286377,0.42079299688339233,0.0,10.0,0.0,0.0,10.0,0.0,10.0,0.3185967604319255,0.19303351640701294,2.7941080729166665,0.27426570653915405,0.02163023253281911,-0.06303250789642334
736,0.9979380199999923,64.652288,0.9174372553825378,0.3606116771697998,0.023928184062242508,0.029296875,0.0702638104557991,0.0,0.08404265344142914,1.4172158241271973,4.319247245788574,0.41440433263778687,0.0,6.0,0.0,0.0,6.0,0.0,6.0,0.31779531637827557,0.1941603422164917,2.790771484375,0.2737572391827901,0.021626522143681843,-0.06310480833053589
737,1.1036647079999966,64.652288,0.9578196406364441,0.3501471281051636,0.026337092742323875,0.029296875,0.07361383736133575,0.0,0.08708624541759491,1.5701141357421875,4.509570598602295,0.4360790252685547,0.0,14.0,0.0,0.0,14.0,0.0,14.0,0.3179910182952881,0.19866333901882172,2.7887776692708335,0.2737373908360799,0.021660342812538147,-0.06325477361679077
738,1.0943478980000236,64.652288,0.9784548282623291,0.3411031663417816,0.01818016543984413,0.029296875,0.07506030052900314,0.0,0.08890702575445175,1.7374677658081055,4.689143657684326,0.46478530764579773,0.0,14.0,0.0,0.0,14.0,0.0,14.0,0.31837791204452515,0.20042400062084198,2.7689615885416665,0.2739791472752889,0.021650217473506927,-0.06329351663589478
739,1.050248953999926,64.652288,0.9810277223587036,0.33204591274261475,0.0162556953728199,0.02734375,0.07534607499837875,0.0,0.0895175039768219,1.9161475896835327,4.781449794769287,0.44620952010154724,0.0,16.0,0.0,0.0,16.0,0.0,16.0,0.3188980023066203,0.20458148419857025,2.7384440104166665,0.274285356203715,0.021550123890240986,-0.06233781576156616
740,1.0307686859999876,64.652288,0.9819165468215942,0.3199399709701538,0.01490287110209465,0.0283203125,0.07592222094535828,0.0,0.08574025332927704,1.986158847808838,4.717189788818359,0.4355272054672241,0.0,24.0,0.0,1.0,23.0,0.0,24.0,0.3196350932121277,0.20415782928466797,2.748046875,0.27490262190500897,0.021625488996505737,-0.06223803758621216
741,0.962628521000056,64.652288,0.9849010109901428,0.3112163543701172,0.03192880377173424,0.0283203125,0.07641491293907166,0.0,0.08337575197219849,2.001234531402588,4.593534469604492,0.44652414321899414,0.0,13.0,0.0,0.0,13.0,0.0,13.0,0.31984078884124756,0.20286493003368378,2.7683919270833335,0.2750599185625712,0.02160181353489558,-0.06218379735946655
742,0.9334299670000519,64.652288,0.9993786811828613,0.30834129452705383,0.017412275075912476,0.0283203125,0.0779491662979126,0.0,0.08362679183483124,1.9614900350570679,4.530230522155762,0.4525988698005676,0.0,15.0,0.0,0.0,15.0,0.0,15.0,0.3205529848734538,0.20264121890068054,2.7565104166666665,0.2755149205525716,0.02150950829188029,-0.06218379735946655
743,0.9793512250000731,64.652288,0.9955936670303345,0.31026458740234375,0.013378504663705826,0.0283203125,0.07757948338985443,0.0,0.0843922346830368,1.820164680480957,4.414341926574707,0.46074503660202026,0.0,15.0,0.0,0.0,15.0,0.0,15.0,0.32080461581548053,0.20101651549339294,2.7201741536458335,0.276062806447347,0.021593573192755382,-0.062305986881256104
744,1.025600696999959,64.652288,1.0129057168960571,0.31062227487564087,0.012458623386919498,0.0283203125,0.07932791858911514,0.0,0.08324974030256271,1.686396598815918,4.407754421234131,0.469973087310791,0.0,21.0,0.0,0.0,21.0,0.0,21.0,0.3211437463760376,0.2018839567899704,2.7145182291666665,0.27655349175135296,0.021556514004866283,-0.06301373243331909
745,1.1053707179999037,64.652288,1.002487063407898,0.3180086016654968,0.02940998785197735,0.0283203125,0.07865157723426819,0.0,0.08045732975006104,1.558587908744812,4.366914749145508,0.45479607582092285,0.0,14.0,0.0,0.0,14.0,0.0,14.0,0.3212985396385193,0.1972484290599823,2.7064615885416665,0.2767505844434102,0.021497661868731182,-0.06292027235031128
746,1.0459069190000037,64.652288,0.9960303902626038,0.32347744703292847,0.0303239356726408,0.0283203125,0.07816245406866074,0.0,0.08049575984477997,1.4137485027313232,4.256189823150635,0.4545865058898926,0.0,14.0,0.0,0.0,14.0,0.0,14.0,0.3206011454264323,0.19263428449630737,2.71826171875,0.276220440864563,0.02155401309331258,-0.06281852722167969
747,1.0291206650000504,64.652288,0.9540978074073792,0.33368152379989624,0.016080517321825027,0.0283203125,0.07452409714460373,0.0,0.08071067184209824,1.2954726219177246,4.17372465133667,0.4129292368888855,0.0,13.0,0.0,0.0,13.0,0.0,13.0,0.31972606976826984,0.192543625831604,2.7330322265625,0.275251567363739,0.02142924815416336,-0.06284040212631226
748,1.024439779999966,64.652288,0.9150600433349609,0.34678101539611816,0.023389650508761406,0.029296875,0.07068479061126709,0.0,0.08027899265289307,1.2460497617721558,4.174458026885986,0.40352725982666016,0.0,13.0,0.0,2.0,11.0,0.0,13.0,0.3189505338668823,0.1932350993156433,2.7801106770833335,0.2747315963109334,0.021369633575280506,-0.06287151575088501
749,1.0145288239999672,64.652288,0.9243238568305969,0.3549051880836487,0.019733555614948273,0.029296875,0.07155589759349823,0.0,0.08352775871753693,1.2775856256484985,4.136091709136963,0.399349182844162,0.0,9.0,0.0,0.0,9.0,0.0,9.0,0.3187908927599589,0.19469252228736877,2.7492268880208335,0.2744850317637126,0.021360817054907482,-0.0628700852394104
750,1.057479036000018,64.652288,0.9184533357620239,0.35964566469192505,0.03160339221358299,0.029296875,0.0705731138586998,0.0,0.0860620066523552,1.3925957679748535,4.169401168823242,0.4107801914215088,0.0,16.0,0.0,0.0,16.0,0.0,16.0,0.31864213943481445,0.19630387425422668,2.7408040364583335,0.2741277615229289,0.021442189812660217,-0.06285583972930908
751,1.0301000580000164,64.652288,0.9321100115776062,0.352857768535614,0.018576614558696747,0.029296875,0.07161782681941986,0.0,0.08719455450773239,1.5029666423797607,4.193637847900391,0.425053209066391,0.0,10.0,0.0,0.0,10.0,0.0,10.0,0.3180735905965169,0.1979512870311737,2.7777099609375,0.27391143639882404,0.02147979537645976,-0.0628434419631958
752,1.0225800350000327,64.652288,0.9212102293968201,0.349321186542511,0.01839962601661682,0.029296875,0.07008790224790573,0.0,0.09086962789297104,1.7224805355072021,4.1523284912109375,0.4389530122280121,0.0,14.0,0.0,0.0,14.0,0.0,14.0,0.3176402648289998,0.19996514916419983,2.7880045572916665,0.27366364002227783,0.02147240440050761,-0.06285470724105835
753,0.9934436179999011,64.652288,0.9519961476325989,0.33912426233291626,0.024870481342077255,0.029296875,0.07268182933330536,0.0,0.09216895699501038,1.8438050746917725,4.195975303649902,0.4748412072658539,0.0,22.0,0.0,0.0,22.0,0.0,22.0,0.3177907665570577,0.20517143607139587,2.7925618489583335,0.27352134386698407,0.02131032943725586,-0.06286579370498657
754,0.9889611769999647,64.652288,0.9856634736061096,0.3249594271183014,0.011043284088373184,0.029296875,0.07633547484874725,0.0,0.08977564424276352,1.8038899898529053,4.145129680633545,0.4824344515800476,0.0,17.0,0.0,0.0,17.0,0.0,17.0,0.31873854001363117,0.204921692609787,2.7987874348958335,0.2742715875307719,0.021386797229448955,-0.06285268068313599
755,0.9675659559999303,64.652288,0.9792660474777222,0.3199803829193115,0.02307973802089691,0.029296875,0.07587368786334991,0.0,0.0887686237692833,1.816152811050415,4.071756362915039,0.49649471044540405,0.0,19.0,0.0,0.0,19.0,0.0,19.0,0.320135235786438,0.2087928205728531,2.7806396484375,0.2754115064938863,0.02147284398476283,-0.06279557943344116
756,0.964077997000004,64.652288,1.0080785751342773,0.31248170137405396,0.010491873137652874,0.0302734375,0.07901214063167572,0.0,0.08686584234237671,1.7703980207443237,4.041635513305664,0.48858556151390076,0.0,19.0,0.0,1.0,18.0,0.0,19.0,0.3213251829147339,0.20694389939308167,2.7461344401041665,0.27648309866587323,0.021497686703999836,-0.06274580955505371
757,0.9500248399999691,64.652288,1.0177438259124756,0.31137949228286743,0.02464667148888111,0.029296875,0.08006972074508667,0.0,0.08274553716182709,1.773164987564087,4.089362621307373,0.4941892623901367,0.0,21.0,0.0,0.0,21.0,0.0,21.0,0.32229753335316974,0.20398849248886108,2.746826171875,0.2777467767397563,0.021473730603853863,-0.06273049116134644
758,0.9638781859999881,64.652288,1.0330629348754883,0.30904000997543335,0.027652481570839882,0.0283203125,0.08207911252975464,0.0,0.08087006956338882,1.6828887462615967,4.0812578201293945,0.4628632068634033,0.0,17.0,0.0,0.0,17.0,0.0,17.0,0.32242852449417114,0.19313272833824158,2.7474772135416665,0.27833815415700275,0.021517487863699596,-0.06275862455368042
759,0.997057572000017,64.652288,1.0010689496994019,0.31284207105636597,0.008109403774142265,0.0283203125,0.07940323650836945,0.0,0.07797273248434067,1.551255226135254,4.106152057647705,0.44836997985839844,0.0,17.0,0.0,0.0,17.0,0.0,17.0,0.3228996992111206,0.19020333886146545,2.7515869140625,0.278943399588267,0.021648017068703968,-0.02928360551595688
760,1.0159664969999085,64.652288,0.9752969741821289,0.3190673589706421,0.00630205636844039,0.0283203125,0.07744931429624557,0.0,0.07420780509710312,1.3828009366989136,4.072200775146484,0.4297984540462494,0.0,14.0,0.0,0.0,14.0,0.0,14.0,0.32269014914830524,0.1902466118335724,2.7982177734375,0.27860220273335773,0.021641458074251812,-0.029272079467773438
761,0.9886989010000207,64.652288,0.9470812678337097,0.3289012014865875,0.008698535151779652,0.0283203125,0.07476522773504257,0.0,0.07345622032880783,1.2910608053207397,4.0408244132995605,0.4132575988769531,0.0,12.0,0.0,0.0,12.0,0.0,12.0,0.32228201627731323,0.19165974855422974,2.8245849609375,0.27802443504333496,0.021726722518603008,-0.029283031821250916
762,0.9472334869999486,64.652288,0.9066755175590515,0.33990979194641113,0.0296173058450222,0.0283203125,0.07095490396022797,0.0,0.0700392872095108,1.2003417015075684,3.9510364532470703,0.418443500995636,0.0,15.0,0.0,0.0,15.0,0.0,15.0,0.322178582350413,0.19282802939414978,2.8067626953125,0.2778717676798503,0.021717486282189686,-0.02928103506565094
763,1.0029381499999772,64.652288,0.8657302856445312,0.34878629446029663,0.014908482320606709,0.0283203125,0.06728056073188782,0.0,0.06703570485115051,1.2067118883132935,3.841186046600342,0.39880168437957764,0.0,9.0,0.0,0.0,9.0,0.0,9.0,0.3222300012906392,0.196258544921875,2.8050537109375,0.27794142564137775,0.021717064082622528,-0.029277794063091278
764,1.0198260390000087,64.652288,0.8554903864860535,0.3507431447505951,0.04446675628423691,0.0283203125,0.0659211203455925,0.0,0.0686594769358635,1.277178168296814,3.871168851852417,0.40684983134269714,0.0,7.0,0.0,0.0,7.0,0.0,7.0,0.3217539389928182,0.1949702352285385,2.8244222005208335,0.27744702498118085,0.02168809374173482,-0.029289349913597107
765,0.9370698049999646,64.652288,0.8513883352279663,0.35041147470474243,0.014160077087581158,0.0283203125,0.0652828961610794,0.0,0.06639785319566727,1.3356735706329346,4.083409786224365,0.4223482608795166,0.0,15.0,0.0,0.0,15.0,0.0,15.0,0.3215320309003194,0.1948535442352295,2.8447265625,0.27763251463572186,0.021669564147790272,-0.029276326298713684
766,0.9431446730000062,64.652288,0.8263877034187317,0.3555406332015991,0.035412076860666275,0.0283203125,0.06276611983776093,0.0,0.0656089186668396,1.4002918004989624,4.255619049072266,0.41596174240112305,0.0,5.0,0.0,0.0,5.0,0.0,5.0,0.32107094923655194,0.19349469244480133,2.8716227213541665,0.27725358804066974,0.02171248694260915,-0.02927231788635254
767,0.9801350839999259,64.652288,0.8384045958518982,0.36013084650039673,0.035661354660987854,0.0283203125,0.06334303319454193,0.0,0.06690523028373718,1.4541316032409668,4.591583728790283,0.42791563272476196,0.0,11.0,0.0,0.0,11.0,0.0,11.0,0.32054926951726276,0.1958240419626236,2.8761393229166665,0.27671058972676593,0.021736443042755127,-0.029268667101860046
768,0.9988802389999591,64.652288,0.8439425230026245,0.36529541015625,0.04058453068137169,0.0283203125,0.06362444162368774,0.0,0.06494151800870895,1.4871635437011719,4.795398712158203,0.44223731756210327,0.0,8.0,0.0,0.0,8.0,0.0,8.0,0.3206634720166524,0.2009151726961136,2.8466389973958335,0.277144988377889,0.021709856887658436,-0.029284313321113586
769,0.9985071119999702,64.652288,0.8494714498519897,0.36710184812545776,0.05572269856929779,0.0283203125,0.06397097557783127,0.0,0.06453230232000351,1.5150179862976074,4.816917419433594,0.4510231018066406,0.0,13.0,0.0,0.0,13.0,0.0,13.0,0.3208825985590617,0.2004660665988922,2.7840983072916665,0.2775750954945882,0.021714814007282257,-0.029271945357322693
770,1.001907469999992,64.652288,0.9008747339248657,0.35671383142471313,0.014388260431587696,0.0283203125,0.0690893679857254,0.0,0.06500067561864853,1.5513043403625488,4.78627872467041,0.449368953704834,0.0,7.0,0.0,0.0,7.0,0.0,7.0,0.3212313652038574,0.20047371089458466,2.7439371744791665,0.27778756618499756,0.02176399528980255,-0.029289551079273224
771,0.9914341669999658,64.652288,0.9173648357391357,0.34486740827560425,0.015469620935618877,0.029296875,0.07061928510665894,0.0,0.06588973850011826,1.5828967094421387,4.730185508728027,0.4521510601043701,0.0,11.0,0.0,1.0,10.0,0.0,11.0,0.3209903637568156,0.1938217580318451,2.7723795572916665,0.2775258223215739,0.021740178267161053,-0.0346924290060997
772,1.0070040880000306,64.652288,0.9220166802406311,0.32972022891044617,0.024068782106041908,0.029296875,0.07126123458147049,0.0,0.0659179836511612,1.58951735496521,4.557427406311035,0.44832777976989746,0.0,13.0,0.0,0.0,13.0,0.0,13.0,0.3206510345141093,0.1925489902496338,2.7969156901041665,0.27714020013809204,0.021665724615255993,-0.035082682967185974
773,0.976437469000075,64.652288,0.940979540348053,0.3183567523956299,0.06792084872722626,0.029296875,0.07351692020893097,0.0,0.06652377545833588,1.5903441905975342,4.402914047241211,0.4225338101387024,0.0,7.0,0.0,0.0,7.0,0.0,7.0,0.320435106754303,0.19307291507720947,2.8089599609375,0.2767815788586934,0.02164195477962494,-0.03547295928001404
774,1.0070510940000759,64.652288,0.9554157853126526,0.31722140312194824,0.11074269562959671,0.029296875,0.07448255270719528,0.0,0.07030121237039566,1.6112537384033203,4.534754753112793,0.4213595390319824,0.0,4.0,0.0,0.0,4.0,0.0,4.0,0.3203638990720113,0.19508251547813416,2.835693359375,0.2765774726867676,0.021582968533039093,-0.03591550886631012
775,0.9837841779999508,64.652288,0.9677290916442871,0.3249265253543854,0.03880622610449791,0.0302734375,0.07522349804639816,0.0,0.07078778743743896,1.552759051322937,4.991008281707764,0.4277476668357849,0.0,17.0,0.0,1.0,16.0,0.0,17.0,0.32126112778981525,0.19614624977111816,2.7942301432291665,0.27725233634312946,0.021548780302206676,-0.03629419952630997
776,0.9943458559999954,64.652288,0.9376345872879028,0.34303492307662964,0.025595946237444878,0.0302734375,0.07222859561443329,0.0,0.07050460577011108,1.4683825969696045,5.203573226928711,0.41298314929008484,0.0,5.0,0.0,0.0,5.0,0.0,5.0,0.32201240460077923,0.19500887393951416,2.7099609375,0.27807281414667767,0.0215322549144427,-0.03677646815776825
777,1.0330203419999862,64.652288,0.9312857389450073,0.358523428440094,0.0532727912068367,0.0302734375,0.07108557969331741,0.0,0.0730888843536377,1.398345947265625,5.397834777832031,0.4339108467102051,0.0,12.0,0.0,0.0,12.0,0.0,12.0,0.3217223882675171,0.19163191318511963,2.6825764973958335,0.27768675486246747,0.02150673419237137,-0.029277943074703217
778,1.0632801680000057,64.652288,0.9098393321037292,0.3638138473033905,0.053901512175798416,0.0302734375,0.06931008398532867,0.0,0.07301478087902069,1.3670074939727783,5.272588729858398,0.42585858702659607,0.0,8.0,0.0,0.0,8.0,0.0,8.0,0.32122017939885456,0.19235806167125702,2.7020263671875,0.2771615982055664,0.021489563087622326,-0.029280193150043488
779,1.0929964229999314,64.652288,0.9099308252334595,0.362356036901474,0.0290723517537117,0.0302734375,0.06913939118385315,0.0,0.0771961510181427,1.4817956686019897,5.030694007873535,0.44053348898887634,0.0,8.0,1.0,0.0,9.0,0.0,8.0,0.32007817427317303,0.1937371790409088,2.7234700520833335,0.27595587571461994,0.021577554444471996,-0.029274985194206238
780,1.0301853689999234,64.652288,0.9414535760879517,0.3519349992275238,0.026877624914050102,0.029296875,0.07214981317520142,0.0,0.07962349057197571,1.5621055364608765,4.875542163848877,0.459017276763916,0.0,13.0,0.0,0.0,13.0,0.0,13.0,0.3197667400042216,0.2024896889925003,2.7621663411458335,0.2753807306289673,0.021550633013248444,-0.029279232025146484
781,1.0526969580000696,64.652288,0.9570980668067932,0.33919626474380493,0.020859885960817337,0.029296875,0.07375036925077438,0.0,0.08109691739082336,1.6374542713165283,4.700191497802734,0.457660049200058,0.0,13.0,0.0,0.0,13.0,0.0,13.0,0.3196500937143962,0.2059510499238968,2.7681477864583335,0.27536964416503906,0.02151341736316681,-0.029278211295604706
782,1.0748994369999991,64.652288,0.9963794946670532,0.3240084648132324,0.03570873662829399,0.029296875,0.07752662897109985,0.0,0.08211401104927063,1.7076175212860107,4.605514049530029,0.4670131206512451,0.0,11.0,0.0,0.0,11.0,0.0,11.0,0.31999140977859497,0.20795848965644836,2.7755940755208335,0.2756192684173584,0.021491458018620808,-0.029284588992595673
783,1.0643790849999277,64.652288,1.0249123573303223,0.3160337209701538,0.048797812312841415,0.029296875,0.0798872709274292,0.0,0.0840124785900116,1.8422534465789795,4.661598205566406,0.4829537868499756,0.0,13.0,0.0,0.0,13.0,0.0,13.0,0.3201911648114522,0.19792479276657104,2.7588704427083335,0.2758888204892476,0.021502114832401276,-0.03154031187295914
784,1.0481078770000067,64.652288,1.051774263381958,0.31145817041397095,0.014693482778966427,0.029296875,0.08231806755065918,0.0,0.0843285322189331,1.8968570232391357,4.814945697784424,0.49532124400138855,0.0,21.0,0.0,0.0,21.0,0.0,21.0,0.3209048310915629,0.18995606899261475,2.7512613932291665,0.2766297260920207,0.021579667925834656,-0.03249359875917435
785,1.0016229679999924,64.652288,1.0484756231307983,0.3098694682121277,0.015290956012904644,0.0283203125,0.08262042701244354,0.0,0.0805295780301094,1.8852500915527344,4.7982497215271,0.4697040021419525,0.0,14.0,0.0,0.0,14.0,0.0,14.0,0.32166409492492676,0.18958431482315063,2.7315266927083335,0.27758042017618817,0.02162788559993108,-0.032889410853385925
786,0.9709981329999664,64.652288,1.0098856687545776,0.31772544980049133,0.015515400096774101,0.0283203125,0.07911138236522675,0.0,0.0800197422504425,1.853463888168335,4.701030254364014,0.4455685615539551,0.0,15.0,0.0,0.0,15.0,0.0,15.0,0.3215055863062541,0.19031864404678345,2.7294921875,0.27756698926289874,0.021620631217956543,-0.03317135572433472
787,1.0423490169999923,64.652288,0.9989863038063049,0.321858674287796,0.018990321084856987,0.0283203125,0.07815888524055481,0.0,0.07833173125982285,1.7215603590011597,4.590764045715332,0.4614478051662445,0.0,13.0,0.0,0.0,13.0,0.0,13.0,0.3212083379427592,0.19132423400878906,2.7444254557291665,0.27744899193445843,0.021624431014060974,-0.03305439651012421
788,1.038425578999977,64.652288,0.9780144691467285,0.3270670175552368,0.020637931302189827,0.0283203125,0.07632821798324585,0.0,0.07711535692214966,1.5988976955413818,4.372300624847412,0.4579091966152191,0.0,18.0,0.0,0.0,18.0,0.0,18.0,0.32089946667353314,0.19127273559570312,2.7617594401041665,0.2772342960039775,0.021600668629010517,-0.029275499284267426
789,1.055376013,64.652288,0.9723905324935913,0.32996320724487305,0.03826344013214111,0.0283203125,0.07610231637954712,0.0,0.07673459500074387,1.4860975742340088,4.163307189941406,0.4473649859428406,0.0,8.0,0.0,0.0,8.0,0.0,8.0,0.320875624815623,0.18053244054317474,2.7699381510416665,0.2770485281944275,0.021538530786832173,-0.029292486608028412
790,1.0153600129999631,64.652288,0.9915754795074463,0.32947373390197754,0.028613852337002754,0.0283203125,0.07790319621562958,0.0,0.07890483736991882,1.4043926000595093,4.215725898742676,0.4510273337364197,0.0,11.0,0.0,0.0,11.0,0.0,11.0,0.32086406151453656,0.19549806416034698,2.7829996744791665,0.2769396901130676,0.021550104022026062,-0.029284194111824036
791,1.0249869350000154,64.652288,1.0054810047149658,0.3300865590572357,0.011536447331309319,0.025390625,0.0790395438671112,0.0,0.08242671191692352,1.3866838216781616,4.232670783996582,0.4695127606391907,0.0,10.0,0.0,0.0,10.0,0.0,10.0,0.3208930293718974,0.20344014465808868,2.7740885416666665,0.27687327067057294,0.021567779282728832,-0.02927590161561966
792,1.043999427000017,64.652288,0.9920761585235596,0.3355940878391266,0.013219131156802177,0.025390625,0.07779838144779205,0.0,0.08222239464521408,1.3948938846588135,4.26803731918335,0.46910417079925537,0.0,16.0,0.0,0.0,16.0,0.0,16.0,0.32116349538167316,0.2073172926902771,2.769775390625,0.27716122070948285,0.021535868446032207,-0.02927105873823166
793,1.019151355999952,64.652288,0.9511566162109375,0.3426817059516907,0.014737516641616821,0.025390625,0.07386399805545807,0.0,0.08146731555461884,1.4338226318359375,4.294831275939941,0.4542255103588104,0.0,11.0,0.0,0.0,11.0,0.0,11.0,0.3210131724675496,0.19003653526306152,2.7626953125,0.27711911996205646,0.021500314275423687,-0.029285363852977753
794,1.046860072999948,64.652288,0.9233291149139404,0.3469816744327545,0.015536910854279995,0.0263671875,0.07105380296707153,0.0,0.08207492530345917,1.4978766441345215,4.301923751831055,0.452605664730072,0.0,14.0,0.0,1.0,13.0,0.0,14.0,0.32074348131815594,0.19009548425674438,2.7765706380208335,0.2768171230951945,0.021517962217330933,-0.029282018542289734
795,0.9794435530000101,64.652288,0.9162856340408325,0.3503342568874359,0.012414260767400265,0.0263671875,0.07012020796537399,0.0,0.08355762809515,1.5817735195159912,4.345970630645752,0.45922622084617615,0.0,11.0,0.0,0.0,11.0,0.0,11.0,0.3208172520001729,0.20570673048496246,2.762451171875,0.2765974799791972,0.021515674889087677,-0.02928866446018219
796,0.944972800999949,64.652288,0.9334560036659241,0.35054439306259155,0.027692502364516258,0.0263671875,0.07138307392597198,0.0,0.0857490822672844,1.6627976894378662,4.475956916809082,0.4654533863067627,0.0,13.0,0.0,0.0,13.0,0.0,13.0,0.32075035572052,0.19903483986854553,2.7542724609375,0.2764449715614319,0.021542494495709736,-0.02927723526954651
797,0.9749021089999133,64.652288,0.9715257883071899,0.34563663601875305,0.022860536351799965,0.0263671875,0.0746937021613121,0.0,0.08919714391231537,1.691943883895874,4.5418500900268555,0.4812508523464203,0.0,14.0,0.0,1.0,13.0,0.0,14.0,0.32034142812093097,0.1904291808605194,2.7478434244791665,0.276244322458903,0.021498364706834156,-0.03162604942917824
798,1.0227343120000114,64.652288,0.9658253192901611,0.3382238745689392,0.02491699904203415,0.0244140625,0.07466290891170502,0.0,0.0848374292254448,1.5970630645751953,4.463556289672852,0.47334548830986023,0.0,25.0,0.0,0.0,25.0,0.0,25.0,0.321005900700887,0.18923181295394897,2.7534993489583335,0.2767372926076253,0.021524513761202495,-0.02927129715681076
799,1.005625178999935,64.652288,0.9493608474731445,0.33457985520362854,0.021477775648236275,0.0234375,0.07363931089639664,0.0,0.07934656739234924,1.520160436630249,4.24027156829834,0.4675590395927429,0.0,16.0,0.0,0.0,16.0,0.0,16.0,0.3213750123977661,0.18964940309524536,2.7798665364583335,0.2769971291224162,0.021608367562294006,-0.029280871152877808
800,1.0062410719999662,64.652288,0.9541018009185791,0.3284773528575897,0.02843252569437027,0.0234375,0.0744263306260109,0.0,0.07816924899816513,1.5133212804794312,4.0508222579956055,0.4565373659133911,0.0,18.0,0.0,1.0,17.0,0.0,18.0,0.3210729757944743,0.19118621945381165,2.8077799479166665,0.27664629618326825,0.02159753441810608,-0.0292666032910347
801,1.0440648310000142,64.652288,0.948197066783905,0.32187584042549133,0.020688381046056747,0.0224609375,0.07418684661388397,0.0,0.07419019937515259,1.4787425994873047,3.9292399883270264,0.45501708984375,0.0,15.0,0.0,0.0,15.0,0.0,15.0,0.32129861911137897,0.19185742735862732,2.80615234375,0.2767932216326396,0.021594713131586712,-0.029277414083480835
802,1.0138652260000072,64.652288,0.9314796924591064,0.3197678327560425,0.01339825801551342,0.0234375,0.07298415899276733,0.0,0.07157563418149948,1.5276401042938232,3.882068157196045,0.42602992057800293,0.0,15.0,1.0,1.0,15.0,0.0,15.0,0.3217831055323283,0.1953715980052948,2.787109375,0.2772701581319173,0.021720292667547863,-0.029277890920639038
803,1.0202273349999587,64.652288,0.9411436915397644,0.31827715039253235,0.01880781538784504,0.0234375,0.07394081354141235,0.0,0.0706380158662796,1.5594193935394287,3.9899861812591553,0.4282982051372528,0.0,12.0,0.0,0.0,12.0,0.0,12.0,0.3218202590942383,0.19468308985233307,2.8076171875,0.2774513363838196,0.021683235963185627,-0.029290437698364258
804,1.035237918000007,64.652288,0.9444996118545532,0.3176206052303314,0.026744544506072998,0.0234375,0.07451669871807098,0.0,0.06999445706605911,1.5527431964874268,4.023615837097168,0.4094828963279724,0.0,12.0,0.0,0.0,12.0,0.0,12.0,0.3218577305475871,0.20112967491149902,2.8112386067708335,0.2775907913843791,0.021633940438429516,-0.02926970273256302
805,1.0250879300000406,64.652288,0.9536612629890442,0.31479915976524353,0.0180199071764946,0.0234375,0.07539690285921097,0.0,0.0677490234375,1.4834954738616943,3.9868106842041016,0.424295037984848,0.0,14.0,1.0,1.0,14.0,0.0,14.0,0.3215155204137166,0.19808341562747955,2.8282470703125,0.277415931224823,0.02166445056597392,-0.029279790818691254
806,1.014228618000061,64.652288,0.9553214311599731,0.3165739178657532,0.06881815195083618,0.0244140625,0.07542229443788528,0.0,0.06799706071615219,1.4322717189788818,4.0109100341796875,0.43120989203453064,0.0,11.0,1.0,1.0,11.0,0.0,11.0,0.3209717273712158,0.19715139269828796,2.8465983072916665,0.2771202325820923,0.021702483296394348,-0.029272377490997314
807,1.0249060319999899,64.652288,0.9504809975624084,0.32546311616897583,0.013036051765084267,0.0244140625,0.07485176622867584,0.0,0.06811325252056122,1.3672738075256348,4.207871913909912,0.4294204115867615,0.0,13.0,0.0,0.0,13.0,0.0,13.0,0.32100818554560345,0.19539819657802582,2.8821207682291665,0.2771559953689575,0.021629154682159424,-0.029282987117767334
808,1.0060756159999755,64.652288,0.911942183971405,0.34231674671173096,0.018842680379748344,0.0244140625,0.07112612575292587,0.0,0.06717323511838913,1.3212916851043701,4.4129133224487305,0.41561126708984375,0.0,10.0,0.0,0.0,10.0,0.0,10.0,0.32178505261739093,0.19631925225257874,2.8480224609375,0.2778407732645671,0.02164878447850545,-0.029275506734848022
809,0.9949187229999552,64.652288,0.8955580592155457,0.3547930419445038,0.0282615777105093,0.0244140625,0.06944103538990021,0.0,0.06881275027990341,1.3111732006072998,4.507201194763184,0.41983145475387573,0.0,7.0,0.0,0.0,7.0,0.0,7.0,0.32249518235524494,0.19876891374588013,2.7993570963541665,0.27821534872055054,0.021768870453039806,-0.029287122189998627
810,1.0889628180000273,64.652288,0.9107711315155029,0.36168813705444336,0.049875665456056595,0.0244140625,0.07050014287233353,0.0,0.07180888950824738,1.3700916767120361,4.615799903869629,0.43645307421684265,0.0,10.0,0.0,0.0,10.0,0.0,10.0,0.32238711913426715,0.19500946998596191,2.7776285807291665,0.2781026562054952,0.021817525227864582,-0.029276520013809204
811,1.1845506979999527,64.652288,0.9015936255455017,0.3655416667461395,0.044549793004989624,0.0234375,0.06958037614822388,0.0,0.07222628593444824,1.4460481405258179,4.548248291015625,0.4388361871242523,0.0,13.0,0.0,0.0,13.0,0.0,13.0,0.32239051659901935,0.18987637758255005,2.7729899088541665,0.27784425020217896,0.02177405854066213,-0.02928033471107483
812,1.1185512040000276,64.652288,0.8752439618110657,0.3630276024341583,0.038799695670604706,0.0234375,0.06740318238735199,0.0,0.07002653926610947,1.4608814716339111,4.377133369445801,0.4191257953643799,0.0,13.0,0.0,0.0,13.0,0.0,13.0,0.32270073890686035,0.18986612558364868,2.8031819661458335,0.2778948148091634,0.02167408913373947,-0.029275618493556976
813,1.0616652600000407,64.652288,0.8817991018295288,0.3525584936141968,0.031107444316148758,0.0234375,0.06814118474721909,0.0,0.06996667385101318,1.5365991592407227,4.2457170486450195,0.4149245619773865,0.0,16.0,0.0,0.0,16.0,0.0,16.0,0.32246094942092896,0.1916455328464508,2.8139241536458335,0.2780623435974121,0.021629701058069866,-0.029278889298439026
814,1.0936409649999632,64.652288,0.8985497355461121,0.33802956342697144,0.03436679765582085,0.0234375,0.06998347491025925,0.0,0.06973740458488464,1.6208291053771973,4.147919654846191,0.40173444151878357,0.0,11.0,0.0,0.0,11.0,0.0,11.0,0.32311131556828815,0.19385886192321777,2.8009440104166665,0.2786150376001994,0.021616913378238678,-0.029271885752677917
815,1.0452167119999558,64.652288,0.9307529330253601,0.3207676410675049,0.01520444918423891,0.0234375,0.07321089506149292,0.0,0.06914471834897995,1.6134212017059326,4.101143836975098,0.4066951274871826,0.0,13.0,0.0,0.0,13.0,0.0,13.0,0.3233903845151265,0.19781237840652466,2.8076171875,0.27916614214579266,0.021629323561986286,-0.029279418289661407
816,1.035594561000039,64.652288,0.9634232521057129,0.3070371747016907,0.11786864697933197,0.0234375,0.07656654715538025,0.0,0.0705871507525444,1.6416254043579102,4.017467498779297,0.39574766159057617,0.0,7.0,0.0,0.0,7.0,0.0,7.0,0.32348785797754925,0.20479336380958557,2.7998860677083335,0.2792184352874756,0.02163049081961314,-0.029276438057422638
817,1.0355318229999284,64.652288,0.9809148907661438,0.3040633797645569,0.01641477644443512,0.0234375,0.07777239382266998,0.0,0.07160954922437668,1.6532291173934937,4.281681060791016,0.41921505331993103,0.0,16.0,0.0,0.0,16.0,0.0,16.0,0.3238009810447693,0.20670408010482788,2.7960205078125,0.2793749173482259,0.021554624040921528,-0.029283367097377777
818,1.0335617350000348,64.652288,0.9625751972198486,0.3123559355735779,0.020110970363020897,0.0234375,0.07597839832305908,0.0,0.06903965026140213,1.5657342672348022,4.468396186828613,0.4247428774833679,0.0,15.0,0.0,0.0,15.0,0.0,15.0,0.32408138116200763,0.20502835512161255,2.7646484375,0.2795649766921997,0.021603845059871674,-0.029269151389598846
819,0.9765618940000422,64.652288,0.9248490333557129,0.3268957734107971,0.015058726072311401,0.0224609375,0.07232226431369781,0.0,0.06645335257053375,1.498458743095398,4.686685085296631,0.39990171790122986,0.0,10.0,0.0,0.0,10.0,0.0,10.0,0.3236540158589681,0.20754209160804749,2.767333984375,0.2790544231732686,0.0215572789311409,-0.029283814132213593
820,1.0264221239999642,64.652288,0.9071928858757019,0.3417539596557617,0.01914689689874649,0.0224609375,0.07026784121990204,0.0,0.06693162024021149,1.417076826095581,4.787864685058594,0.4087192416191101,0.0,6.0,0.0,0.0,6.0,0.0,6.0,0.3225291172663371,0.20537404716014862,2.7959391276041665,0.2779972751935323,0.021638515094916027,-0.02927982062101364
821,1.0709387070000957,64.652288,0.9203997254371643,0.35006648302078247,0.02436603233218193,0.0224609375,0.07108408212661743,0.0,0.06940591335296631,1.3543428182601929,4.935205459594727,0.4274924695491791,0.0,6.0,0.0,0.0,6.0,0.0,6.0,0.3216108481089274,0.20350337028503418,2.8074951171875,0.2771944999694824,0.02164122462272644,-0.029286250472068787
822,1.080437955000093,64.652288,0.9269683957099915,0.36124223470687866,0.044033244252204895,0.0224609375,0.07128313183784485,0.0,0.07134424149990082,1.3667569160461426,5.0743231773376465,0.43437790870666504,0.0,9.0,0.0,0.0,9.0,0.0,9.0,0.3211115797360738,0.2016417384147644,2.7945149739583335,0.2769980827967326,0.021560279031594593,-0.029281727969646454
823,1.0734585229999993,64.652288,0.904336154460907,0.37091028690338135,0.06308624893426895,0.0224609375,0.06887169927358627,0.0,0.07058592140674591,1.428528070449829,5.127280235290527,0.43076249957084656,0.0,13.0,0.0,0.0,13.0,0.0,13.0,0.321052889029185,0.19319722056388855,2.7786865234375,0.2772211233774821,0.021587654948234558,-0.029816381633281708
824,1.1111087140000109,64.652288,0.8677464723587036,0.37318065762519836,0.044205136597156525,0.0224609375,0.06528769433498383,0.0,0.07020674645900726,1.509559988975525,4.902675151824951,0.44248050451278687,0.0,11.0,0.0,0.0,11.0,0.0,11.0,0.3210765520731608,0.1903281807899475,2.7456868489583335,0.2771153648694356,0.021574221551418304,-0.029282644391059875
825,1.168787253000005,64.652288,0.8767040967941284,0.3609679341316223,0.022231217473745346,0.0224609375,0.06641889363527298,0.0,0.07151413708925247,1.5715880393981934,4.677236080169678,0.4331062436103821,0.0,9.0,0.0,0.0,9.0,0.0,9.0,0.32077521085739136,0.19047662615776062,2.7510172526041665,0.27657292286554974,0.02155233919620514,-0.03462371975183487
826,1.11132632500005,64.652288,0.9028947353363037,0.34529024362564087,0.020490149036049843,0.0224609375,0.06900664418935776,0.0,0.07361748814582825,1.6406056880950928,4.58569860458374,0.43081194162368774,0.0,11.0,0.0,0.0,11.0,0.0,11.0,0.32064737876256305,0.19267404079437256,2.7615559895833335,0.27637143929799396,0.021561066309611004,-0.0328187495470047
827,1.0730452440000136,64.652288,0.9382845163345337,0.3291911780834198,0.030629944056272507,0.0224609375,0.07223093509674072,0.0,0.0767979621887207,1.7860536575317383,4.536417484283447,0.43938350677490234,0.0,9.0,1.0,0.0,10.0,0.0,9.0,0.3208592931429545,0.19449791312217712,2.75927734375,0.27664053440093994,0.02155665059884389,-0.033271826803684235
828,1.0391227279999384,64.652288,0.9555807113647461,0.31605106592178345,0.03327573463320732,0.0224609375,0.0739387795329094,0.0,0.07907871901988983,1.8941750526428223,4.460047721862793,0.43613705039024353,0.0,16.0,0.0,0.0,16.0,0.0,16.0,0.32135486602783203,0.1981966197490692,2.7591552734375,0.2771375775337219,0.02160571018854777,-0.03357314318418503
829,1.124999242000058,64.652288,0.9863718748092651,0.30592477321624756,0.0678996741771698,0.0224609375,0.0768866017460823,0.0,0.08168207108974457,1.9281682968139648,4.4836039543151855,0.4333830773830414,0.0,12.0,0.0,0.0,12.0,0.0,12.0,0.32135917743047077,0.198744535446167,2.7417399088541665,0.2774679660797119,0.021709322929382324,-0.033563338220119476
830,1.1109806270000036,64.652288,1.0056734085083008,0.3037283420562744,0.01573687233030796,0.0234375,0.0785454660654068,0.0,0.08123448491096497,1.8804168701171875,4.701407432556152,0.44928765296936035,0.0,18.0,0.0,1.0,17.0,0.0,18.0,0.3217272361119588,0.20055411756038666,2.7475992838541665,0.277735968430837,0.02169104665517807,-0.02928132563829422
831,1.0369871040001044,64.652288,1.0197913646697998,0.3050488233566284,0.017180360853672028,0.0224609375,0.08004476130008698,0.0,0.08084265887737274,1.7663147449493408,4.780089855194092,0.45453548431396484,0.0,14.0,0.0,0.0,14.0,0.0,14.0,0.3220200538635254,0.20336484909057617,2.7300211588541665,0.2777121861775716,0.021680384874343872,-0.029269270598888397
832,1.024418060999892,64.652288,1.018640398979187,0.3092508912086487,0.01276371255517006,0.0224609375,0.07996918261051178,0.0,0.07838018983602524,1.5793641805648804,4.839791297912598,0.46678030490875244,0.0,19.0,0.0,0.0,19.0,0.0,19.0,0.3220339020093282,0.21256233751773834,2.7423909505208335,0.2777836124102275,0.021695079902807873,-0.029276341199874878
833,1.041256675999989,64.652288,0.981017529964447,0.323424369096756,0.01619878038764,0.0224609375,0.07660714536905289,0.0,0.07509173452854156,1.4371932744979858,4.805375576019287,0.45429691672325134,0.0,12.0,0.0,0.0,12.0,0.0,12.0,0.3219026525815328,0.2118932008743286,2.7699788411458335,0.27759335438410443,0.021583537260691326,-0.029275216162204742
834,1.0219579189999877,64.652288,0.9542521238327026,0.336858332157135,0.04056381806731224,0.0224609375,0.07433377951383591,0.0,0.07224228978157043,1.2644469738006592,4.646615028381348,0.4646247327327728,0.0,18.0,0.0,0.0,18.0,0.0,18.0,0.32161158323287964,0.20295026898384094,2.769775390625,0.2774426539738973,0.02151017387708028,-0.02997421845793724
835,1.0737682489999543,64.652288,0.944279134273529,0.3447527289390564,0.02364814281463623,0.0224609375,0.07359860092401505,0.0,0.0707230418920517,1.1795265674591064,4.388360500335693,0.471396267414093,0.0,14.0,0.0,0.0,14.0,0.0,14.0,0.3211829861005147,0.20199601352214813,2.7521158854166665,0.2771772543589274,0.021504200994968414,-0.03186630830168724
836,1.0462063769999759,64.652288,0.9016439914703369,0.3505547046661377,0.020193757489323616,0.0224609375,0.06979739665985107,0.0,0.06859668344259262,1.2173632383346558,4.169128894805908,0.43933388590812683,0.0,7.0,0.0,0.0,7.0,0.0,7.0,0.32073108355204266,0.20082828402519226,2.7821044921875,0.2767725388209025,0.021553732454776764,-0.03741879016160965
837,1.016900817000078,64.652288,0.8876245021820068,0.35224390029907227,0.04406356438994408,0.0224609375,0.06820196658372879,0.0,0.0719127506017685,1.3375661373138428,4.04036808013916,0.44054335355758667,0.0,5.0,0.0,0.0,5.0,0.0,5.0,0.31983615954717,0.19264709949493408,2.7908528645833335,0.2760684887568156,0.02155354619026184,-0.03676937520503998
838,1.0338601439999593,64.652288,0.8900854587554932,0.354162335395813,0.03781299665570259,0.0224609375,0.06793233752250671,0.0,0.0772249698638916,1.4996652603149414,4.081803798675537,0.4500218331813812,0.0,6.0,0.0,0.0,6.0,0.0,6.0,0.31931302944819134,0.19200292229652405,2.7983805338541665,0.2754971186319987,0.02153969556093216,-0.029268570244312286
839,1.0144933430000265,64.652288,0.8872767686843872,0.35811954736709595,0.03329402208328247,0.0224609375,0.06716647744178772,0.0,0.07991257309913635,1.6535838842391968,4.363114833831787,0.4543766975402832,0.0,12.0,0.0,0.0,12.0,0.0,12.0,0.3194363514582316,0.19248279929161072,2.8057047526041665,0.27537306149800617,0.021495471398035686,-0.02928217500448227
840,1.0934249919999957,64.652288,0.9258982539176941,0.3569236993789673,0.027843523770570755,0.0224609375,0.0703490749001503,0.0,0.08400218933820724,1.7828528881072998,4.563581943511963,0.47633475065231323,0.0,7.0,0.0,0.0,7.0,0.0,7.0,0.319766640663147,0.1942111849784851,2.7826741536458335,0.2755263050397237,0.021491649250189464,-0.029273413121700287
841,1.0933180150000226,64.652288,0.95669025182724,0.3516533374786377,0.041557762771844864,0.0224609375,0.073101706802845,0.0,0.08707522600889206,1.8315942287445068,4.637273788452148,0.4872746169567108,0.0,14.0,0.0,0.0,14.0,0.0,14.0,0.320377250512441,0.19780242443084717,2.7525634765625,0.276064932346344,0.021522124608357746,-0.029273800551891327
842,1.054616329000055,64.652288,0.9777518510818481,0.34302473068237305,0.03217843547463417,0.0224609375,0.07508434355258942,0.0,0.08588593453168869,1.8369741439819336,4.531498432159424,0.5136847496032715,0.0,17.0,0.0,0.0,17.0,0.0,17.0,0.3213055332501729,0.2037448287010193,2.6996663411458335,0.27685346206029254,0.021511875092983246,-0.029289543628692627
843,0.9946672869999702,64.652288,0.9884920120239258,0.3319253921508789,0.030751336365938187,0.0234375,0.07632146030664444,0.0,0.08354873955249786,1.790940761566162,4.401305198669434,0.5235010385513306,0.0,22.0,0.0,1.0,21.0,0.0,22.0,0.32150350014368695,0.20374248921871185,2.7244466145833335,0.27725158135096234,0.021555329362551372,-0.029276661574840546
844,0.9920087619999549,64.652288,0.988915205001831,0.321709007024765,0.01884402334690094,0.0224609375,0.07707476615905762,0.0,0.0800962746143341,1.7198432683944702,4.097947120666504,0.507199764251709,0.0,20.0,0.0,0.0,20.0,0.0,20.0,0.3215376138687134,0.2004980742931366,2.736328125,0.2774285276730855,0.021653935313224792,-0.02928175777196884
845,1.0427081360001011,64.652288,1.0193486213684082,0.31025058031082153,0.11343811452388763,0.0224609375,0.08030911535024643,0.0,0.08186271041631699,1.6445856094360352,3.8100528717041016,0.5189309120178223,0.0,11.0,0.0,0.0,11.0,0.0,11.0,0.3211929400761922,0.2005748152732849,2.7400716145833335,0.2769949634869893,0.02165132761001587,-0.029270552098751068
846,1.0299775649999674,64.652288,1.0388160943984985,0.3053784668445587,0.031603094190359116,0.0234375,0.08233722299337387,0.0,0.08137817680835724,1.5842061042785645,3.8603854179382324,0.5089924931526184,0.0,15.0,0.0,1.0,14.0,0.0,15.0,0.32108378410339355,0.2055514007806778,2.779296875,0.2769671281178792,0.021653649707635243,-0.02928715944290161
847,1.0946563469999546,64.652288,1.0442014932632446,0.3078902065753937,0.044173382222652435,0.0234375,0.08271364867687225,0.0,0.08215212821960449,1.5000312328338623,4.050118446350098,0.5042486190795898,0.0,12.0,0.0,0.0,12.0,0.0,12.0,0.3210657238960266,0.20370206236839294,2.7814534505208335,0.277257760365804,0.0216618354121844,-0.029277950525283813
848,1.0297047430000248,64.652288,1.0215656757354736,0.318215548992157,0.017422091215848923,0.0234375,0.08029702305793762,0.0,0.08291077613830566,1.43310546875,4.274040699005127,0.5003280639648438,0.0,16.0,0.0,0.0,16.0,0.0,16.0,0.3212605317433675,0.2040935754776001,2.7391357421875,0.27771685520807904,0.021716358760992687,-0.02929045259952545
849,1.019628133000083,64.652288,0.9957833290100098,0.3366689383983612,0.02037959173321724,0.0224609375,0.07754351943731308,0.0,0.08243411034345627,1.3867509365081787,4.442098140716553,0.5114148259162903,0.0,13.0,0.0,0.0,13.0,0.0,13.0,0.3212638894716899,0.20441734790802002,2.7097574869791665,0.27764896551767987,0.021651734908421833,-0.0292767733335495
