iter,t_iter_s,peak_mem_mb,loss,vx,grad_norm,terrain_level,loss_v,loss_clear,loss_gproj,loss_tilt,tilt_frac_active,loss_fq,loss_fres,foot_res_abs_mean,loss_omega,loss_ctrl,loss_yaw,mean_abs_yaw_cmd,n_falls,n_timeouts,n_move_up,n_move_down,n_fall_height,n_fall_tilt,mean_base_h,min_base_h,mean_n_contact,mean_base_z,mean_foot_clear,min_foot_clear
0,2.0227580289997604,99.445248,1.7382689714431763,0.092323437333107,0.6791309714317322,2.4853515625,0.16929933428764343,0.0,0.0003519066085573286,0.0,0.0,0.0,0.0,0.0,0.3243110775947571,0.018281854689121246,2.7180822144146077e-05,0.0,0.0,0.0,0.0,0.0,0.0,0.0,0.33798766136169434,0.29612886905670166,2.9156087239583335,0.25705520311991376,0.019965427617232006,-0.10674935579299927
1,0.9311906210000416,100.07296,1.597557544708252,0.1117008775472641,0.6175037622451782,2.4853515625,0.15485481917858124,0.0,0.0007644059951417148,0.0,0.0,0.0,0.0,0.0,0.04445822536945343,0.06531600654125214,8.100442209979519e-05,0.0,0.0,0.0,0.0,0.0,0.0,0.0,0.3371739387512207,0.2927865982055664,3.86376953125,0.25617295503616333,0.021265511711438496,-0.07311540842056274
2,0.9339383269998507,100.07296,1.337368369102478,0.14797060191631317,0.59087735414505,2.4853515625,0.12776795029640198,0.0,0.0008715856820344925,0.0,0.0,0.0,0.0,0.0,0.04756900295615196,0.23335371911525726,0.000185729208169505,0.0,0.0,0.0,0.0,0.0,0.0,0.0,0.33592422803243,0.2924312949180603,3.8966064453125,0.25480790932973224,0.021296764413515728,-0.029061324894428253
3,0.9391023130001486,100.07296,0.9339525103569031,0.21239662170410156,0.5048303008079529,2.4853515625,0.08588486909866333,0.0,0.0009692401508800685,0.0,0.0,0.0,0.0,0.0,0.04999518394470215,0.6062413454055786,0.00036028545582666993,0.0,0.0,0.0,0.0,0.0,0.0,0.0,0.3364444176355998,0.2963346242904663,3.8773600260416665,0.25526096423467,0.021223577360312145,-0.029294587671756744
4,0.9387317829996391,100.07296,0.5195683836936951,0.3015170693397522,0.32121363282203674,2.4853515625,0.0421464741230011,0.0,0.0011314009316265583,0.0,0.0,0.0,0.0,0.0,0.040024563670158386,1.2892509698867798,0.000613184180110693,0.0,0.0,0.0,0.0,0.0,0.0,0.0,0.33725059032440186,0.3017619550228119,3.8639729817708335,0.2560644745826721,0.021145140131314594,-0.03405731916427612
5,0.9401907850001407,100.07296,0.24524906277656555,0.40793222188949585,0.11347358673810959,2.4853515625,0.011271588504314423,0.0,0.0012285512639209628,0.0,0.0,0.0,0.0,0.0,0.02573251537978649,2.3633952140808105,0.0009126499644480646,0.0,0.0,0.0,0.0,0.0,0.0,0.0,0.3371947606404622,0.2981967031955719,3.8573811848958335,0.255989929040273,0.02101220687230428,-0.043830275535583496
6,0.9410125340000377,100.07296,0.2088271677494049,0.5136095285415649,0.19084157049655914,2.4853515625,0.0032523225527256727,0.0,0.0011760917259380221,0.0,0.0,0.0,0.0,0.0,0.031655121594667435,3.799190044403076,0.0011814158642664552,0.0,0.0,0.0,0.0,0.0,0.0,0.0,0.3354538679122925,0.2923021614551544,3.8480224609375,0.25428203741709393,0.020875801642735798,-0.05424177646636963
7,0.9399478069999532,100.07296,0.33494603633880615,0.5913442373275757,0.37875789403915405,2.4853515625,0.011247895658016205,0.0,0.0011438331566751003,0.0,0.0,0.0,0.0,0.0,0.07199448347091675,4.923102855682373,0.0013185550924390554,0.0,0.0,0.0,0.0,0.0,0.0,0.0,0.33109037081400555,0.28324562311172485,3.7434895833333335,0.24987125396728516,0.020719895760218304,-0.06378275156021118
8,1.0197082579998096,100.07296,0.42844271659851074,0.6183944940567017,0.4456062316894531,2.4853515625,0.016749344766139984,0.0,0.0015337126096710563,0.0,0.0,0.0,0.0,0.0,0.16472187638282776,5.34018611907959,0.0012825907906517386,0.0,0.0,0.0,0.0,0.0,0.0,0.0,0.322787344455719,0.26128044724464417,3.284912109375,0.2415371537208557,0.020565927028656006,-0.06908166408538818
9,1.0358314550003342,100.07296,0.4900495409965515,0.6295679807662964,0.4518175721168518,2.4853515625,0.019457358866930008,0.0,0.0033367015421390533,0.0,0.0,0.0,0.0,0.0,0.4700210988521576,5.210961818695068,0.0011708710808306932,0.0,0.0,0.0,0.0,0.0,0.0,0.0,0.3112979332605998,0.24994409084320068,3.2111002604166665,0.2300800879796346,0.020497533182303112,-0.07302957773208618
10,0.9390188040001703,100.07296,0.5771684050559998,0.6496995687484741,0.5315048694610596,2.4853515625,0.024944409728050232,0.0,0.009079847484827042,0.0,0.0,0.0,0.0,0.0,1.085882544517517,4.7116193771362305,0.0011201073648408055,0.0,0.0,0.0,0.0,0.0,0.0,0.0,0.29893894990285236,0.2427743822336197,3.20458984375,0.2177774707476298,0.020406465977430344,-0.07411545515060425
11,0.9524169790001906,100.07296,0.685215175151825,0.6684873104095459,0.5756358504295349,2.4853515625,0.03309818357229233,0.0,0.022728905081748962,0.0,0.0,0.0,0.0,0.0,1.9623761177062988,3.986976146697998,0.0012199000921100378,0.0,0.0,0.0,0.0,0.0,0.0,0.0,0.2860161264737447,0.22825083136558533,3.2096761067708335,0.20491158962249756,0.020512407024701435,-0.07410603761672974
12,0.9315281489998597,100.07296,0.8234556913375854,0.6703165769577026,0.5468870997428894,2.4853515625,0.044067662209272385,0.0,0.050625286996364594,0.0,0.0,0.0,0.0,0.0,3.517073154449463,3.1409640312194824,0.0015663180965930223,0.0,0.0,0.0,0.0,0.0,0.0,0.0,0.2722001075744629,0.21401503682136536,3.19091796875,0.19103169441223145,0.02068399389584859,-0.07361042499542236
13,0.8986540490000152,100.07296,1.0642954111099243,0.6557077169418335,0.44065549969673157,2.4853515625,0.06368100643157959,0.0,0.10406693816184998,1.3296685974495404e-09,0.0001220703125,0.0,0.0,0.0,6.272481441497803,2.2518410682678223,0.0022786417976021767,0.0,0.0,0.0,0.0,0.0,0.0,0.0,0.25758427381515503,0.20146436989307404,2.2211100260416665,0.17648526032765707,0.020690444856882095,-0.07077658176422119
14,0.9025999970003795,100.07296,1.6696059703826904,0.48993974924087524,0.5574394464492798,2.4853515625,0.12014131247997284,0.0,0.19353604316711426,3.2615839700156357e-06,0.0061848959885537624,0.0,0.0,0.0,7.4090895652771,1.4322106838226318,0.0035451576113700867,0.0,0.0,0.0,0.0,0.0,0.0,0.0,0.24508792161941528,0.21841402351856232,1.7936604817708333,0.16390875975290933,0.020614419132471085,-0.06499326229095459
15,0.8984387750001588,100.07296,4.8483991622924805,-0.12142865359783173,2.942838430404663,2.4853515625,0.44315141439437866,0.0,0.26775670051574707,0.00010162632679566741,0.0629069060087204,0.0,0.0,0.0,3.220376491546631,1.0135765075683594,0.004986274521797895,0.0,0.0,0.0,0.0,0.0,0.0,0.0,0.2569991548856099,0.20353639125823975,1.76318359375,0.17554247379302979,0.02054726208249728,-0.05742335319519043
16,0.8909436389999428,100.07296,4.792678356170654,-0.14141997694969177,1.2092664241790771,2.4755859375,0.43539994955062866,0.0,0.3575863242149353,0.0017671510577201843,0.8287760615348816,0.0,0.0,0.0,5.749137878417969,0.7392470240592957,0.034255705773830414,0.0,10.0,0.0,0.0,10.0,0.0,10.0,0.27664313713709515,0.19604277610778809,1.839599609375,0.19436001777648926,0.020633469025293987,-0.05075538158416748
17,0.9047275420002734,100.07296,3.157092571258545,-0.014215994626283646,0.7408843040466309,2.4638671875,0.27443450689315796,0.0,0.4319675862789154,0.007301058620214462,0.9402669668197632,0.0,0.0,0.0,2.0072150230407715,0.6139392852783203,0.03947766125202179,0.0,17.0,0.0,0.0,17.0,0.0,17.0,0.2896854678789775,0.21816474199295044,1.266357421875,0.2059496839841207,0.02075393373767535,-0.04599881172180176
18,0.9067010649996519,100.07296,2.515733480453491,0.051520317792892456,0.49675658345222473,2.4560546875,0.21073436737060547,0.0,0.468062162399292,0.012807476334273815,0.9338786005973816,0.0,0.0,0.0,0.6582936644554138,0.5511347055435181,0.04251775145530701,0.0,11.0,0.0,0.0,11.0,0.0,11.0,0.2967732350031535,0.24071526527404785,1.2503255208333333,0.212246040503184,0.020816064129273098,-0.0415036678314209
19,0.9500796699999228,100.07296,2.7081217765808105,0.03319385647773743,0.43107539415359497,2.44140625,0.22994093596935272,0.0,0.4811600148677826,0.01613614521920681,0.9222819209098816,0.0,0.0,0.0,0.2916313409805298,0.5359407067298889,0.0362018346786499,0.0,16.0,0.0,0.0,16.0,0.0,16.0,0.30037446816762287,0.2338140606880188,1.5506591796875,0.21510982513427734,0.02070857087771098,-0.03758716583251953
20,0.9483491569999387,100.07296,2.930229425430298,0.011293182149529457,0.6659448146820068,2.4365234375,0.25214120745658875,0.0,0.4843955934047699,0.017461834475398064,0.9145914912223816,0.0,0.0,0.0,0.17410823702812195,0.5551596283912659,0.03133338317275047,0.0,5.0,0.0,0.0,5.0,0.0,5.0,0.3013116916020711,0.2415025681257248,1.818603515625,0.21544669071833292,0.020655131588379543,-0.03498779982328415
21,0.9625707999998667,100.07296,3.085395336151123,-0.003938836045563221,1.0481547117233276,2.43359375,0.26759612560272217,0.0,0.47912701964378357,0.016871117055416107,0.9097493886947632,0.0,0.0,0.0,0.19001655280590057,0.6173647046089172,0.03287767618894577,0.0,4.0,0.0,0.0,4.0,0.0,4.0,0.3003256718317668,0.2417641431093216,1.9696044921875,0.21430248022079468,0.020660097400347393,-0.03551149368286133
22,0.9945811280003909,100.07296,3.103287696838379,-0.005683590192347765,0.9154955744743347,2.431640625,0.2692112624645233,0.0,0.4687214493751526,0.015089201740920544,0.9097086787223816,0.0,0.0,0.0,0.21617677807807922,0.7153172492980957,0.03409804403781891,0.0,2.0,0.0,0.0,2.0,0.0,2.0,0.298438827196757,0.24165208637714386,2.0126546223958335,0.21230190992355347,0.020632976045211155,-0.0490490198135376
23,0.9507010810002612,100.07296,3.0163838863372803,0.002580762840807438,0.6901165843009949,2.4306640625,0.2605231702327728,0.0,0.456828236579895,0.013187110424041748,0.9073893427848816,0.0,0.0,0.0,0.20256447792053223,0.860522449016571,0.03871333599090576,0.0,2.0,0.0,0.0,2.0,0.0,2.0,0.296356995900472,0.2411668300628662,2.0308024088541665,0.21027650435765585,0.02063777173558871,-0.06670010089874268
24,0.9655706860003193,100.07296,2.877171277999878,0.016776882112026215,0.5526708960533142,2.4267578125,0.2463918924331665,0.0,0.4459551274776459,0.011585007421672344,0.9047037959098816,0.0,0.0,0.0,0.17938880622386932,1.0783672332763672,0.058211784809827805,0.0,6.0,0.0,0.0,6.0,0.0,6.0,0.29452266295750934,0.23700687289237976,2.0352783203125,0.20819433530171713,0.0206221342086792,-0.07687598466873169
25,0.9652148280001711,100.07296,2.7758893966674805,0.02641696110367775,0.5674445033073425,2.423828125,0.23611198365688324,0.0,0.43757176399230957,0.010476453229784966,0.9009603261947632,0.0,0.0,0.0,0.15090781450271606,1.3937596082687378,0.05382375046610832,0.0,5.0,0.0,0.0,5.0,0.0,5.0,0.2932824691136678,0.22896501421928406,2.0301513671875,0.20676692326863608,0.020537208765745163,-0.07681918144226074
26,0.971562157000335,100.07296,2.7445790767669678,0.028609443455934525,0.3112255334854126,2.419921875,0.23265928030014038,0.0,0.4318494498729706,0.009781439788639545,0.8961181640625,0.0,0.0,0.0,0.12885957956314087,1.8480072021484375,0.05360552668571472,0.0,4.0,0.0,0.0,4.0,0.0,4.0,0.29280273119608563,0.22912898659706116,2.0117594401041665,0.20610044399897257,0.02038087820013364,-0.0767439603805542
27,0.9903084009997656,100.07296,2.7387161254882812,0.02906714752316475,0.37720605731010437,2.416015625,0.23144370317459106,0.0,0.4296908378601074,0.00960204191505909,0.8924967646598816,0.0,0.0,0.0,0.12027108669281006,2.4635353088378906,0.06162595748901367,0.0,5.0,0.0,0.0,5.0,0.0,5.0,0.2925872008005778,0.2308271825313568,1.9766031901041667,0.20573643843332926,0.020340217898289364,-0.07669931650161743
28,1.0175051260002874,100.07296,2.75778865814209,0.02848099172115326,0.6544885635375977,2.412109375,0.23218315839767456,0.0,0.4291480481624603,0.009688466787338257,0.8897298574447632,0.0,0.0,0.0,0.11438880860805511,3.299426555633545,0.06498304009437561,0.0,4.0,0.0,0.0,4.0,0.0,4.0,0.2923501133918762,0.23184946179389954,1.9468180338541667,0.20531485478083292,0.02028254543741544,-0.07668143510818481
29,1.027915357999973,100.091904,2.7897472381591797,0.026561181992292404,0.8366538286209106,2.4111328125,0.2341795414686203,0.0,0.426260769367218,0.009436903521418571,0.8849691152572632,0.0,0.0,0.0,0.11154147237539291,4.4737548828125,0.058153923600912094,0.0,1.0,0.0,0.0,1.0,0.0,1.0,0.2920650839805603,0.2322700321674347,1.9165852864583333,0.20472419261932373,0.02025369554758072,-0.0766955018043518
30,1.0505031470001995,100.091904,2.8638598918914795,0.022189132869243622,0.41986003518104553,2.408203125,0.23950934410095215,0.0,0.4230245053768158,0.009124478325247765,0.8832601308822632,0.0,0.0,0.0,0.14785516262054443,6.095047950744629,0.0637555867433548,0.0,3.0,0.0,0.0,3.0,0.0,3.0,0.29103124141693115,0.22027963399887085,1.9169514973958333,0.20356502135594687,0.02019074062506358,-0.07672053575515747
31,1.0509335980000287,100.091904,2.928558588027954,0.01927109807729721,0.5318832993507385,2.40625,0.24379776418209076,0.0,0.4157859683036804,0.008314335718750954,0.8794759511947632,0.0,0.0,0.0,0.20942044258117676,8.084999084472656,0.07093910872936249,0.0,2.0,0.0,0.0,2.0,0.0,2.0,0.2895856897036235,0.22041401267051697,1.9158935546875,0.2018887201944987,0.020139678070942562,-0.07675600051879883
32,1.1221783470000446,100.091904,2.962890386581421,0.020765680819749832,0.3587940037250519,2.40234375,0.24484620988368988,0.0,0.4038214683532715,0.007018875330686569,0.8743082880973816,0.0,0.0,0.0,0.2873871326446533,10.493071556091309,0.06900808960199356,0.0,5.0,0.0,0.0,5.0,0.0,5.0,0.287447194258372,0.21339190006256104,1.9501139322916667,0.19963759183883667,0.020118155827124912,-0.07679980993270874
33,1.051740627000072,100.091904,2.8959145545959473,0.033323537558317184,0.1716669201850891,2.400390625,0.2357194721698761,0.0,0.3879283666610718,0.005449303425848484,0.8686116933822632,0.0,0.0,0.0,0.3775504231452942,13.103811264038086,0.07157208025455475,0.0,3.0,0.0,0.0,3.0,0.0,3.0,0.2845387856165568,0.21148507297039032,2.0138346354166665,0.1966744065284729,0.020081489036480587,-0.07684612274169922
34,1.0178271069999028,100.091904,2.757568120956421,0.05593700334429741,0.3041366934776306,2.3974609375,0.21936087310314178,0.0,0.372518390417099,0.004275317769497633,0.8617350459098816,0.0,0.0,0.0,0.48303574323654175,15.559844970703125,0.08280913531780243,0.0,3.0,0.0,0.0,3.0,0.0,3.0,0.28064846992492676,0.22416210174560547,2.0789388020833335,0.19271063804626465,0.020059388130903244,-0.07689303159713745
35,1.0235008410004411,100.091904,2.660581111907959,0.0746745765209198,0.260610967874527,2.392578125,0.2073259949684143,0.0,0.35767292976379395,0.0034133531153202057,0.855712890625,0.0,0.0,0.0,0.5474404096603394,17.63361167907715,0.08719202131032944,0.0,6.0,0.0,0.0,6.0,0.0,6.0,0.2767191727956136,0.21990221738815308,2.1116536458333335,0.18866294622421265,0.02007288485765457,-0.0769382119178772
36,1.0502015050001319,100.091904,2.705660581588745,0.07595805078744888,0.2569768726825714,2.38671875,0.21048317849636078,0.0,0.347770631313324,0.0031056557781994343,0.8497314453125,0.0,0.0,0.0,0.5396231412887573,18.776935577392578,0.08995499461889267,0.0,9.0,0.0,0.0,9.0,0.0,9.0,0.27317070960998535,0.21931403875350952,2.1454671223958335,0.18504230181376138,0.02002156401673953,-0.07697552442550659
37,1.0565532149998944,100.091904,2.8085172176361084,0.06755724549293518,0.26949575543403625,2.380859375,0.22045183181762695,0.0,0.3429511785507202,0.003046153113245964,0.8399658203125,0.0,0.0,0.0,0.4963786005973816,18.975719451904297,0.09401975572109222,0.0,7.0,0.0,0.0,7.0,0.0,7.0,0.27083708842595416,0.22219514846801758,2.1494140625,0.18265557289123535,0.01996157442529996,-0.07700908184051514
38,1.1033797109998886,100.091904,2.8793742656707764,0.061758022755384445,0.2899414002895355,2.375,0.22782638669013977,0.0,0.34653234481811523,0.003629996906965971,0.835693359375,0.0,0.0,0.0,0.49397632479667664,18.406103134155273,0.09738290309906006,0.0,8.0,0.0,0.0,8.0,0.0,8.0,0.26928871870040894,0.21943140029907227,2.1476236979166665,0.18095640341440836,0.01995095983147621,-0.07704883813858032
39,1.0857765599998856,100.091904,2.8619706630706787,0.0632774755358696,0.28297558426856995,2.3642578125,0.22688063979148865,0.0,0.35517197847366333,0.004712593741714954,0.829833984375,0.0,0.0,0.0,0.541604220867157,17.22443962097168,0.11862552165985107,0.0,11.0,0.0,0.0,11.0,0.0,11.0,0.2688339153925578,0.2179005891084671,2.138427734375,0.18042123317718506,0.019971498598655064,-0.0770801305770874
40,1.031810207000035,100.091904,2.809034824371338,0.06940843909978867,0.25385504961013794,2.353515625,0.22340837121009827,0.0,0.36426740884780884,0.005976567976176739,0.8206380605697632,0.0,0.0,0.0,0.6230238080024719,15.590559005737305,0.12471143901348114,0.0,12.0,0.0,0.0,12.0,0.0,12.0,0.26981284221013385,0.21777187287807465,2.1326904296875,0.1817018191019694,0.020096545418103535,-0.07711488008499146
41,1.0388903359998949,100.091904,2.776498794555664,0.07402057945728302,0.22458288073539734,2.337890625,0.22197674214839935,0.0,0.37753552198410034,0.008065719157457352,0.814697265625,0.0,0.0,0.0,0.7331530451774597,13.735102653503418,0.13816456496715546,0.0,18.0,0.0,0.0,18.0,0.0,18.0,0.2713725169499715,0.22172880172729492,2.1044108072916665,0.1833756963411967,0.02018306280175845,-0.0771440863609314
42,1.1026049759998386,100.091904,2.7753102779388428,0.07397226989269257,0.25522688031196594,2.3134765625,0.2237783968448639,0.0,0.3905216455459595,0.010781674645841122,0.804931640625,0.0,0.0,0.0,0.8477393984794617,11.830145835876465,0.17781220376491547,0.0,29.0,0.0,0.0,29.0,0.0,29.0,0.27391942342122394,0.22304624319076538,2.081787109375,0.1856750249862671,0.02029577021797498,-0.07717877626419067
43,1.095714327999758,100.091904,2.753154754638672,0.07573142647743225,0.22115474939346313,2.283203125,0.2241102159023285,0.0,0.3955187201499939,0.013236994855105877,0.7772623896598816,0.0,0.0,0.0,0.9649996757507324,10.077801704406738,0.19337010383605957,0.0,39.0,0.0,0.0,39.0,0.0,39.0,0.2782183686892192,0.20762252807617188,2.0965983072916665,0.19008811314900717,0.020502522587776184,-0.0771794319152832
44,1.0729792780002754,100.091904,2.7226996421813965,0.0781111866235733,0.16673295199871063,2.240234375,0.22379827499389648,0.0,0.3955749273300171,0.015669729560613632,0.7434489130973816,0.0,0.0,0.0,1.0632331371307373,8.545794486999512,0.21382789313793182,0.0,50.0,0.0,0.0,50.0,0.0,50.0,0.2835273742675781,0.20822161436080933,2.1295979817708335,0.19554519653320312,0.020608951648076374,-0.028203457593917847
45,1.0560475580000457,100.091904,2.696460247039795,0.08216417580842972,0.11722749471664429,2.19921875,0.223483607172966,0.0,0.3948328495025635,0.01872137188911438,0.7086181640625,0.0,0.0,0.0,1.1853246688842773,7.25306510925293,0.2385251224040985,0.0,50.0,0.0,0.0,50.0,0.0,50.0,0.28905248641967773,0.2106066346168518,2.17333984375,0.2011174956957499,0.020666724691788357,-0.028166383504867554
46,1.0668945419997726,100.091904,2.655897855758667,0.0856352299451828,0.08917876332998276,2.150390625,0.22255682945251465,0.0,0.38511189818382263,0.02137622982263565,0.662841796875,0.0,0.0,0.0,1.2572035789489746,6.1177520751953125,0.2189805507659912,0.0,60.0,0.0,0.0,60.0,0.0,60.0,0.2956808606783549,0.21295499801635742,2.242431640625,0.20753310124079385,0.020807888358831406,-0.027540504932403564
47,1.0703171649997785,100.091904,2.6492130756378174,0.08542998880147934,0.06694325059652328,2.087890625,0.2242962121963501,0.0,0.36840376257896423,0.023938190191984177,0.6175537109375,0.0,0.0,0.0,1.2787812948226929,5.145163059234619,0.270233690738678,0.0,85.0,0.0,0.0,85.0,0.0,85.0,0.30242395401000977,0.21507525444030762,2.3365885416666665,0.21479294697443643,0.020860448479652405,-0.09039133787155151
48,1.046139280999796,100.091904,2.635282278060913,0.07919849455356598,0.05639855936169624,2.0224609375,0.22656075656414032,0.0,0.33711177110671997,0.024907125160098076,0.5460612177848816,0.0,0.0,0.0,1.1903116703033447,4.3283209800720215,0.2656620740890503,0.0,86.0,0.0,0.0,86.0,0.0,86.0,0.31015684207280475,0.21699506044387817,2.4644775390625,0.22270403305689493,0.020951916774113972,-0.08240598440170288
49,1.0685031640000489,100.091904,2.5616726875305176,0.07695809006690979,0.06374277919530869,1.9326171875,0.2237527072429657,0.0,0.2874073386192322,0.023645712062716484,0.4497884213924408,0.0,0.0,0.0,1.0031143426895142,3.639378070831299,0.28869080543518066,0.0,113.0,0.0,0.0,113.0,0.0,113.0,0.3185288906097412,0.21802014112472534,2.6228841145833335,0.2307609717051188,0.0210537388920784,-0.08464258909225464
50,1.098166718000357,100.091904,2.4369940757751465,0.0793863981962204,0.07344551384449005,1.85546875,0.21657207608222961,0.0,0.2308826446533203,0.020572930574417114,0.3516438901424408,0.0,0.0,0.0,0.7794896364212036,3.0700786113739014,0.2504224181175232,0.0,102.0,0.0,0.0,102.0,0.0,102.0,0.3262950579325358,0.21752393245697021,2.810791015625,0.23913304011027017,0.02113627145687739,-0.08696430921554565
51,1.0523271769998246,100.091904,2.30332350730896,0.08336398750543594,0.0774284079670906,1.794921875,0.20789150893688202,0.0,0.1792358160018921,0.016620222479104996,0.2671305537223816,0.0,0.0,0.0,0.5817399024963379,2.6790709495544434,0.22117865085601807,0.0,76.0,0.0,0.0,76.0,0.0,76.0,0.3327144980430603,0.22338539361953735,2.9856770833333335,0.2473879853884379,0.021255431075890858,-0.09348171949386597
52,1.0417708910003967,100.091904,2.1801631450653076,0.08963936567306519,0.07658205926418304,1.7509765625,0.19973644614219666,0.0,0.1368255615234375,0.01280268095433712,0.2003173828125,0.0,0.0,0.0,0.4445874094963074,2.4163196086883545,0.14773152768611908,0.0,59.0,0.0,0.0,59.0,0.0,59.0,0.3371995687484741,0.2272356152534485,3.1500244140625,0.2541097402572632,0.021311096847057343,-0.09732681512832642
53,1.0343146269997305,100.091904,2.062403678894043,0.09654036164283752,0.07378094643354416,1.7138671875,0.19126057624816895,0.0,0.10187366604804993,0.008960342034697533,0.1501871794462204,0.0,0.0,0.0,0.3496471047401428,2.2439537048339844,0.0973895937204361,0.0,48.0,0.0,0.0,48.0,0.0,48.0,0.3403392235438029,0.23110884428024292,3.2764485677083335,0.25834397474924725,0.021376989781856537,-0.0973554253578186
54,1.0041830879999907,100.091904,1.9873607158660889,0.10286504030227661,0.15765340626239777,1.689453125,0.18557322025299072,0.0,0.08134111016988754,0.006573291029781103,0.1211751326918602,0.0,0.0,0.0,0.3128594160079956,2.139019727706909,0.07286866009235382,0.0,28.0,0.0,0.0,28.0,0.0,28.0,0.3415638605753581,0.21648672223091125,3.3582763671875,0.2600280245145162,0.02132042000691096,-0.0973551869392395
55,0.9735306130000936,100.091904,1.909739375114441,0.11057783663272858,0.09795133024454117,1.6767578125,0.17892912030220032,0.0,0.06431718915700912,0.004543897695839405,0.0974528044462204,0.0,0.0,0.0,0.28153568506240845,2.0991265773773193,0.0492812916636467,0.0,20.0,0.0,0.0,20.0,0.0,20.0,0.34213260809580487,0.20853295922279358,3.4290771484375,0.26104410489400226,0.021290212869644165,-0.09730774164199829
56,0.9562934720001977,100.091904,1.83856999874115,0.11763617396354675,0.16357165575027466,1.666015625,0.17215773463249207,0.0,0.05496630817651749,0.003547858912497759,0.0835367888212204,0.0,0.0,0.0,0.2783138155937195,2.104719638824463,0.0367572121322155,0.0,13.0,0.0,0.0,13.0,0.0,13.0,0.3418080012003581,0.20818954706192017,3.4544677734375,0.2611472209294637,0.02127462128798167,-0.09724599123001099
57,0.9862685480002256,100.091904,1.7498416900634766,0.1275147646665573,0.14468933641910553,1.6572265625,0.1632775068283081,0.0,0.04776408523321152,0.0027972813695669174,0.0729573592543602,0.0,0.0,0.0,0.2926086187362671,2.200993299484253,0.030633240938186646,0.0,13.0,0.0,0.0,13.0,0.0,13.0,0.3412737449010213,0.2084755301475525,3.4822591145833335,0.26092461744944256,0.02126808961232503,-0.09727674722671509
58,0.9628447219997724,100.091904,1.647051453590393,0.14132437109947205,0.21414723992347717,1.65234375,0.15253672003746033,0.0,0.043816741555929184,0.002444490324705839,0.0672200545668602,0.0,0.0,0.0,0.3351965844631195,2.3982315063476562,0.021656444296240807,0.0,5.0,0.0,0.0,5.0,0.0,5.0,0.3404557704925537,0.2076818346977234,3.4831136067708335,0.2601701617240906,0.021256178617477417,-0.09730583429336548
59,0.9583928150000247,100.091904,1.5401279926300049,0.15660500526428223,0.14983490109443665,1.646484375,0.14116331934928894,0.0,0.041031062602996826,0.002356742275878787,0.0629069060087204,0.0,0.0,0.0,0.3994339108467102,2.719621181488037,0.02541704848408699,0.0,7.0,0.0,0.0,7.0,0.0,7.0,0.3396048943201701,0.21803224086761475,3.4611002604166665,0.2594146927197774,0.02129365752140681,-0.09733754396438599
60,0.962598842999796,100.091904,1.4200973510742188,0.1744505912065506,0.11755885183811188,1.640625,0.1286793202161789,0.0,0.0367581881582737,0.0020397519692778587,0.0561116561293602,0.0,0.0,0.0,0.4571321904659271,3.0987720489501953,0.028787054121494293,0.0,9.0,0.0,0.0,9.0,0.0,9.0,0.3389090696970622,0.2086881399154663,3.4512532552083335,0.25887954235076904,0.021283790469169617,-0.09737449884414673
61,0.9590305750002699,100.091904,1.295814037322998,0.19481998682022095,0.11780304461717606,1.6376953125,0.11571341007947922,0.0,0.03270021826028824,0.0016132285818457603,0.0494791679084301,0.0,0.0,0.0,0.5436843633651733,3.5159873962402344,0.022219210863113403,0.0,5.0,0.0,0.0,5.0,0.0,5.0,0.3381507794062297,0.19734442234039307,3.4203694661458335,0.2584036588668823,0.021275413533051808,-0.097415030002594
62,0.963873042999694,100.091904,1.1851916313171387,0.2149280309677124,0.18001247942447662,1.634765625,0.10378125309944153,0.0,0.03030407987535,0.0014323359355330467,0.0448811873793602,0.0,0.0,0.0,0.6620421409606934,4.032609462738037,0.025930367410182953,0.0,4.0,0.0,0.0,4.0,0.0,4.0,0.3370474576950073,0.18551915884017944,3.3789469401041665,0.2572930653889974,0.02128118524948756,-0.09746462106704712
63,0.9613667079997867,100.091904,1.087272047996521,0.23338699340820312,0.12966330349445343,1.6318359375,0.0927012488245964,0.0,0.02987583354115486,0.0014644600450992584,0.0443522147834301,0.0,0.0,0.0,0.7982363700866699,4.7648115158081055,0.022227153182029724,0.0,3.0,0.0,0.0,3.0,0.0,3.0,0.3356437683105469,0.17842727899551392,3.3181559244791665,0.25585267941157025,0.02122655262549718,-0.09754353761672974
64,0.9893615149999277,100.091904,0.997639536857605,0.251996248960495,0.10102912038564682,1.630859375,0.08224239945411682,0.0,0.028341736644506454,0.0012438083067536354,0.0420328788459301,0.0,0.0,0.0,0.9449044466018677,5.7033491134643555,0.027119023725390434,0.0,4.0,0.0,0.0,4.0,0.0,4.0,0.33407028516133624,0.16385895013809204,3.2649332682291665,0.2542752226193746,0.021205758055051167,-0.09756618738174438
65,0.9837203950000912,100.091904,0.9163064360618591,0.2717409133911133,0.1048281192779541,1.6279296875,0.07221177220344543,0.0,0.027681991457939148,0.0009915109258145094,0.0362548828125,0.0,0.0,0.0,1.150369644165039,6.8458757400512695,0.032404400408267975,0.0,3.0,0.0,0.0,3.0,0.0,3.0,0.33231838544209796,0.16640782356262207,3.2261962890625,0.25263599554697674,0.02127488950888316,-0.09404724836349487
66,0.9801083659999676,100.091904,0.8604310154914856,0.2905352711677551,0.1334083080291748,1.626953125,0.06490876525640488,0.0,0.029764920473098755,0.0009968772064894438,0.03466796875,0.0,0.0,0.0,1.4193309545516968,8.10618782043457,0.03697466850280762,0.0,1.0,0.0,0.0,1.0,0.0,1.0,0.33020710945129395,0.17082107067108154,3.1822102864583335,0.2506014108657837,0.021294504404067993,-0.01951877772808075
67,0.9658129790000203,100.091904,0.8498762249946594,0.3069506585597992,0.13575074076652527,1.623046875,0.06206446513533592,0.0,0.032915063202381134,0.0009902413003146648,0.0334879569709301,0.0,0.0,0.0,1.7284679412841797,9.293009757995605,0.05205690488219261,0.0,4.0,0.0,0.0,4.0,0.0,4.0,0.32795987526575726,0.17825114727020264,3.1466064453125,0.24839812517166138,0.021281739075978596,-0.022479400038719177
68,0.9977255019998665,100.091904,0.8654906153678894,0.3238627016544342,0.1633102297782898,1.6220703125,0.06192968040704727,0.0,0.037165191024541855,0.0008000214584171772,0.0348307304084301,0.0,0.0,0.0,2.044631004333496,10.22824478149414,0.05877828598022461,0.0,2.0,0.0,0.0,2.0,0.0,2.0,0.3254154721895854,0.18388712406158447,3.0581461588541665,0.24591821432113647,0.02117280662059784,-0.07792007923126221
69,0.992006118000063,100.091904,0.8974155783653259,0.34257256984710693,0.14091213047504425,1.6201171875,0.06350405514240265,0.0,0.04469602555036545,0.0006609481642954051,0.0344645194709301,0.0,0.0,0.0,2.3816077709198,10.975242614746094,0.07342948019504547,0.0,3.0,0.0,0.0,3.0,0.0,3.0,0.3220353325208028,0.18376684188842773,2.9621988932291665,0.24260377883911133,0.02104676018158595,-0.07786178588867188
70,0.9731146190001709,100.091904,0.9582780003547668,0.3635420799255371,0.1279575079679489,1.6201171875,0.06787160038948059,0.0,0.05665302276611328,0.0005417559295892715,0.0342610701918602,0.0,0.0,0.0,2.6609294414520264,11.522987365722656,0.08712731301784515,0.0,2.0,0.0,0.0,2.0,0.0,2.0,0.3176610469818115,0.1829485297203064,2.846923828125,0.23826483885447183,0.020968171457449596,-0.07785308361053467
71,0.9715694999999869,100.091904,1.088599443435669,0.3861994743347168,0.12310703843832016,1.6171875,0.07864873111248016,0.0,0.07535111904144287,0.00066193169914186,0.0344645194709301,0.0,0.0,0.0,2.8538475036621094,11.967848777770996,0.11084860563278198,0.0,4.0,0.0,0.0,4.0,0.0,4.0,0.3120255668958028,0.183088481426239,2.708740234375,0.23264646530151367,0.02105391522248586,-0.0633542537689209
72,0.9720618620003734,100.091904,1.2483819723129272,0.417625367641449,0.11625136435031891,1.6162109375,0.09224050492048264,0.0,0.09928229451179504,0.0006960181053727865,0.0386556014418602,0.0,0.0,0.0,3.090251922607422,12.379804611206055,0.13209740817546844,0.0,2.0,0.0,0.0,2.0,0.0,2.0,0.30554717779159546,0.1848199963569641,2.577880859375,0.22636133432388306,0.02101103961467743,-0.06351953744888306
73,0.9764975590001086,100.091904,1.4533933401107788,0.45463207364082336,0.1146659106016159,1.615234375,0.10952043533325195,0.0,0.1330121010541916,0.0008905944414436817,0.0570475272834301,0.0,0.0,0.0,3.548675060272217,12.588979721069336,0.1518590748310089,0.0,3.0,0.0,0.0,3.0,0.0,3.0,0.2981179356575012,0.1804516315460205,2.4369710286458335,0.21890854835510254,0.020913893977801006,-0.06376892328262329
74,0.9969726980002633,100.091904,1.7237341403961182,0.43386006355285645,0.11218471080064774,1.6103515625,0.13326451182365417,0.0,0.17416712641716003,0.0009996078442782164,0.1273600310087204,0.0,0.0,0.0,3.846478223800659,12.56934642791748,0.17981621623039246,0.0,8.0,0.0,0.0,8.0,0.0,8.0,0.2917247215906779,0.18048042058944702,2.26318359375,0.2124683459599813,0.020839554568131764,-0.0640450119972229
75,0.9951714099997844,100.091904,2.1832199096679688,0.33688125014305115,0.10670742392539978,1.6064453125,0.17685529589653015,0.0,0.22096630930900574,0.0016072581056505442,0.2880859375,0.0,0.0,0.0,3.6768417358398438,12.267446517944336,0.21235525608062744,0.0,5.0,0.0,0.0,5.0,0.0,5.0,0.28965143362681073,0.1834225058555603,2.0704345703125,0.21038792530695596,0.020896869401137035,-0.06411021947860718
76,0.9755677530001776,100.091904,2.4656589031219482,0.2718219757080078,0.1325688362121582,1.603515625,0.20227408409118652,0.0,0.2740928530693054,0.003911677747964859,0.4285481870174408,0.0,0.0,0.0,3.90313982963562,11.912389755249023,0.24684372544288635,0.0,4.0,0.0,0.0,4.0,0.0,4.0,0.29139383633931476,0.18420881032943726,1.8960774739583333,0.2119992971420288,0.020837239921092987,-0.09783154726028442
77,0.9805949400001737,100.091904,2.4975478649139404,0.23026621341705322,0.12256945669651031,1.5830078125,0.20248493552207947,0.0,0.32865285873413086,0.008745790459215641,0.5443115234375,0.0,0.0,0.0,4.0472412109375,11.4134521484375,0.34875091910362244,0.0,29.0,0.0,0.0,29.0,0.0,29.0,0.2956305543581645,0.1846652626991272,1.7498372395833333,0.21553661425908408,0.02083294341961543,-0.09781473875045776
78,1.0259599060000255,100.091904,2.501729726791382,0.2091475874185562,0.12250503897666931,1.529296875,0.2027118057012558,0.0,0.3550996780395508,0.013901538215577602,0.5757243037223816,0.0,0.0,0.0,4.196171760559082,10.723692893981934,0.4474667012691498,0.0,80.0,0.0,0.0,80.0,0.0,80.0,0.30150705575942993,0.18641161918640137,1.7364501953125,0.22047436237335205,0.020930712421735127,-0.09782058000564575
79,1.039484371999606,100.091904,2.5245285034179688,0.19600290060043335,0.12686936557292938,1.4482421875,0.20598813891410828,0.0,0.3528994917869568,0.01892414316534996,0.5641276240348816,0.0,0.0,0.0,4.249061584472656,9.577474594116211,0.5716623067855835,0.0,124.0,0.0,0.0,124.0,0.0,124.0,0.30800066391626996,0.18950515985488892,1.800048828125,0.2271522879600525,0.02098362644513448,-0.09779506921768188
80,1.0601478609996775,100.091904,2.496429204940796,0.18153032660484314,0.12400437146425247,1.3525390625,0.20886069536209106,0.0,0.3048773407936096,0.01998789981007576,0.46728515625,0.0,0.0,0.0,3.6593308448791504,8.028884887695312,0.5789676904678345,0.0,158.0,0.0,0.0,158.0,0.0,158.0,0.3163958390553792,0.1859734058380127,1.9628499348958333,0.2377550999323527,0.02123316874106725,-0.09774070978164673
81,1.0718845010001132,100.091904,2.3213698863983154,0.18969690799713135,0.11592023819684982,1.2734375,0.19764673709869385,0.0,0.24700698256492615,0.018514534458518028,0.3662516474723816,0.0,0.0,0.0,3.263029098510742,6.774325370788574,0.5409598350524902,0.0,139.0,0.0,0.0,139.0,0.0,139.0,0.32415250937143963,0.177559494972229,2.167236328125,0.24724105993906656,0.021343799928824108,-0.10132443904876709
82,1.0406650110003284,100.091904,1.9474385976791382,0.22384142875671387,0.10308828204870224,1.2060546875,0.16775667667388916,0.0,0.1777089238166809,0.012389651499688625,0.26220703125,0.0,0.0,0.0,2.9815948009490967,5.975062370300293,0.40061354637145996,0.0,112.0,0.0,0.0,112.0,0.0,112.0,0.3314590851465861,0.172393798828125,2.3281656901041665,0.25446103016535443,0.02127135048309962,-0.09813845157623291
83,1.1997770039997704,100.091904,1.633500337600708,0.2665156126022339,0.0894123837351799,1.150390625,0.14053919911384583,0.0,0.1360250860452652,0.009113181382417679,0.2030843198299408,0.0,0.0,0.0,2.8396003246307373,5.296131134033203,0.33239495754241943,0.0,92.0,0.0,0.0,92.0,0.0,92.0,0.334537148475647,0.17235398292541504,2.4482014973958335,0.25941648085912067,0.021161794662475586,-0.10365426540374756
84,1.0367110450001746,100.091904,1.2864296436309814,0.3185921311378479,0.07377442717552185,1.107421875,0.10959488153457642,0.0,0.09910555928945541,0.005601910408586264,0.1488851010799408,0.0,0.0,0.0,2.6158525943756104,4.6605224609375,0.26272833347320557,0.0,68.0,0.0,0.0,68.0,0.0,68.0,0.3364678621292114,0.17547988891601562,2.5636800130208335,0.2621376117070516,0.021261416375637054,-0.10460245609283447
85,0.9684733829999459,100.091904,0.9927888512611389,0.37402117252349854,0.058849237859249115,1.076171875,0.0837675929069519,0.0,0.06775471568107605,0.002974201925098896,0.0979410856962204,0.0,0.0,0.0,2.1680612564086914,3.982929229736328,0.19284045696258545,0.0,51.0,0.0,0.0,51.0,0.0,51.0,0.3372291326522827,0.17635589838027954,2.6905924479166665,0.26410524050394696,0.021372869610786438,-0.1044689416885376
86,0.9515400299997054,100.091904,0.8609643578529358,0.42470693588256836,0.05151133984327316,1.0654296875,0.07199466973543167,0.0,0.05357016623020172,0.0020100739784538746,0.0724690780043602,0.0,0.0,0.0,1.8975056409835815,3.4174880981445312,0.1798291802406311,0.0,23.0,0.0,0.0,23.0,0.0,23.0,0.33647656440734863,0.17880964279174805,2.7900390625,0.26435699065526325,0.021300065020720165,-0.09924137592315674
87,0.9591677430003074,100.091904,0.8226925134658813,0.47184234857559204,0.047661375254392624,1.0595703125,0.06886745244264603,0.0,0.04964645951986313,0.001770278438925743,0.0640055388212204,0.0,0.0,0.0,1.7899632453918457,2.9997146129608154,0.13737861812114716,0.0,13.0,0.0,0.0,13.0,0.0,13.0,0.3355693817138672,0.17857509851455688,2.8353271484375,0.26397087176640827,0.021348267793655396,-0.09814983606338501
88,0.9591355790003036,100.091904,0.8136347532272339,0.5088024139404297,0.038842953741550446,1.05078125,0.06807801127433777,0.0,0.04790247604250908,0.0017132842913269997,0.0566813163459301,0.0,0.0,0.0,1.7567651271820068,2.637448787689209,0.13826259970664978,0.0,15.0,0.0,0.0,15.0,0.0,15.0,0.3343908389409383,0.17734569311141968,2.8513997395833335,0.2631841500600179,0.021246920029322307,-0.09781914949417114
89,0.9223743600000489,100.091904,0.8098741173744202,0.5344959497451782,0.05274984985589981,1.044921875,0.06753267347812653,0.0,0.0473189577460289,0.0014359531924128532,0.047607421875,0.0,0.0,0.0,1.8106235265731812,2.2803454399108887,0.1310885101556778,0.0,8.0,0.0,0.0,8.0,0.0,8.0,0.3323662281036377,0.17565226554870605,2.8666178385416665,0.2614325483640035,0.021312249203523,-0.09739643335342407
90,0.9258739420001803,100.091904,0.8726618885993958,0.5387827754020691,0.0474008172750473,1.0390625,0.07325731217861176,0.0,0.049439117312431335,0.0011794972233474255,0.0449625663459301,0.0,0.0,0.0,1.88626229763031,1.956542730331421,0.129405677318573,0.0,13.0,0.0,0.0,13.0,0.0,13.0,0.3296995560328166,0.176047682762146,2.8695068359375,0.2586269974708557,0.021112139026323955,-0.09717041254043579
91,0.8958885769998233,100.091904,0.9905785322189331,0.5242423415184021,0.05776217207312584,1.0361328125,0.08467622846364975,0.0,0.053613029420375824,0.0008339296909980476,0.0450439453125,0.0,0.0,0.0,2.0191943645477295,1.6761330366134644,0.09518325328826904,0.0,5.0,0.0,0.0,5.0,0.0,5.0,0.3263180653254191,0.17732030153274536,2.8535563151041665,0.25520215431849164,0.02085477610429128,-0.09747987985610962
92,0.898502690999976,100.091904,1.1476190090179443,0.49200183153152466,0.0571327805519104,1.033203125,0.0989842563867569,0.0,0.06485706567764282,0.0010598520748317242,0.0511067733168602,0.0,0.0,0.0,2.300787925720215,1.4742097854614258,0.09242784976959229,0.0,4.0,0.0,0.0,4.0,0.0,4.0,0.32283085584640503,0.17817550897598267,2.7850341796875,0.25170618295669556,0.020642921328544617,-0.11729824542999268
93,0.9231976379996922,100.091904,1.3409777879714966,0.4492964744567871,0.10278064012527466,1.0302734375,0.11653988063335419,0.0,0.0799500048160553,0.001378878252580762,0.0647379606962204,0.0,0.0,0.0,2.6533591747283936,1.367746114730835,0.10212777554988861,0.0,5.0,0.0,0.0,5.0,0.0,5.0,0.3200041651725769,0.17847251892089844,2.6802571614583335,0.2489871382713318,0.020483195781707764,-0.11514747142791748
94,0.9332821899997725,100.091904,1.5233008861541748,0.4078966975212097,0.05533643066883087,1.0205078125,0.13337647914886475,0.0,0.09719464182853699,0.0016527598490938544,0.0821126326918602,0.0,0.0,0.0,2.93882155418396,1.320325255393982,0.09571623802185059,0.0,12.0,0.0,0.0,12.0,0.0,12.0,0.3174545168876648,0.1765710711479187,2.5663248697916665,0.2462567687034607,0.020407093067963917,-0.10315978527069092
95,0.9418357979998291,100.091904,1.6665481328964233,0.3684881925582886,0.0797237902879715,1.0078125,0.14639946818351746,0.0,0.11622701585292816,0.0018934020772576332,0.1019694060087204,0.0,0.0,0.0,3.052420139312744,1.2908084392547607,0.11162807792425156,0.0,17.0,0.0,0.0,17.0,0.0,17.0,0.315205176671346,0.17413592338562012,2.4815266927083335,0.24358510971069336,0.020118126024802525,-0.09697014093399048
96,0.9332996360003563,100.091904,1.7182164192199707,0.3419964015483856,0.0627949982881546,0.99609375,0.15076494216918945,0.0,0.13460558652877808,0.0018665118841454387,0.123779296875,0.0,0.0,0.0,3.058171033859253,1.2667187452316284,0.10831689834594727,0.0,19.0,0.0,0.0,19.0,0.0,19.0,0.3134011427561442,0.17257797718048096,2.4211018880208335,0.24146529038747153,0.02009391536315282,-0.09698444604873657
97,0.9586191170001257,100.091904,1.745773196220398,0.31328466534614563,0.12035749852657318,0.9833984375,0.15223869681358337,0.0,0.15835332870483398,0.0027736779302358627,0.1668294370174408,0.0,0.0,0.0,2.9351651668548584,1.258566975593567,0.14524370431900024,0.0,24.0,0.0,0.0,24.0,0.0,24.0,0.3120651841163635,0.17202156782150269,2.376953125,0.24018083016077676,0.02009188135464986,-0.0970507264137268
98,0.9778196430002026,100.091904,1.7215995788574219,0.29590311646461487,0.09221109747886658,0.96484375,0.14918023347854614,0.0,0.1718621701002121,0.0031825322657823563,0.191650390625,0.0,0.0,0.0,2.721306324005127,1.307194709777832,0.17343668639659882,0.0,37.0,0.0,0.0,37.0,0.0,37.0,0.3123832543690999,0.17139798402786255,2.3480224609375,0.2406156857808431,0.020158803711334865,-0.10177159309387207
99,0.9731887839998308,100.091904,1.6578763723373413,0.2936710715293884,0.044335320591926575,0.9443359375,0.14251172542572021,0.0,0.1798594444990158,0.003611537627875805,0.2170817106962204,0.0,0.0,0.0,2.5089240074157715,1.4179753065109253,0.19317901134490967,0.0,53.0,0.0,0.0,53.0,0.0,53.0,0.313267449537913,0.1708623766899109,2.3527425130208335,0.24184407790501913,0.02016301080584526,-0.11127305030822754
100,0.9945065619999696,100.091904,1.5744858980178833,0.30029594898223877,0.03781238943338394,0.9228515625,0.1346299946308136,0.0,0.17875143885612488,0.003695025108754635,0.2373046875,0.0,0.0,0.0,2.304979085922241,1.5957239866256714,0.18443714082241058,0.0,53.0,0.0,0.0,53.0,0.0,53.0,0.3141946792602539,0.16988420486450195,2.3931070963541665,0.24321913719177246,0.02043115223447482,-0.09715574979782104
101,1.0065381889999117,100.091904,1.5296647548675537,0.298992782831192,0.03573494404554367,0.9033203125,0.13034574687480927,0.0,0.18145114183425903,0.0044624656438827515,0.2455647885799408,0.0,0.0,0.0,2.118530035018921,1.7850141525268555,0.1677514612674713,0.0,41.0,0.0,0.0,41.0,0.0,41.0,0.3145632743835449,0.16938191652297974,2.4479166666666665,0.24374095598856607,0.020421550919612248,-0.09721165895462036
102,0.9873634430000493,100.091904,1.5314699411392212,0.2828904986381531,0.035599786788225174,0.884765625,0.13045364618301392,0.0,0.1866290271282196,0.006154946051537991,0.2518310546875,0.0,0.0,0.0,1.9920486211776733,1.9572710990905762,0.14734002947807312,0.0,39.0,0.0,0.0,39.0,0.0,39.0,0.31464968125025433,0.16941016912460327,2.4675699869791665,0.2432767947514852,0.020507206519444782,-0.09730273485183716
103,1.020183759000247,100.091904,1.559220314025879,0.26627272367477417,0.04592786356806755,0.8515625,0.13318903744220734,0.0,0.1833503246307373,0.007498183753341436,0.2452799528837204,0.0,0.0,0.0,1.7927234172821045,2.1273016929626465,0.18138019740581512,0.0,59.0,0.0,0.0,59.0,0.0,59.0,0.31587650378545123,0.17096006870269775,2.4973958333333335,0.24481413761774698,0.020638922850290935,-0.09747892618179321
104,1.0534630890001608,100.091904,1.4675110578536987,0.2765483558177948,0.045952994376420975,0.8232421875,0.12426307052373886,0.0,0.17006921768188477,0.007404138334095478,0.2298990935087204,0.0,0.0,0.0,1.7399063110351562,2.2964696884155273,0.21258622407913208,0.0,62.0,0.0,0.0,62.0,0.0,62.0,0.3174298405647278,0.17147296667099,2.6092936197916665,0.24703983465830484,0.020869776606559753,-0.09749656915664673
105,1.0337000499998794,100.091904,1.40857994556427,0.2808346748352051,0.04007292911410332,0.7998046875,0.11978670209646225,0.0,0.15484027564525604,0.0065905069932341576,0.2151692807674408,0.0,0.0,0.0,1.6833679676055908,2.464322805404663,0.13944122195243835,0.0,42.0,0.0,0.0,42.0,0.0,42.0,0.31862805287043255,0.17207282781600952,2.6949055989583335,0.24695293108622232,0.020889610052108765,-0.0971716046333313
106,1.0293867750001482,100.091904,1.395566701889038,0.28585273027420044,0.03203058987855911,0.7783203125,0.1184912621974945,0.0,0.1459869146347046,0.006615481339395046,0.2046305388212204,0.0,0.0,0.0,1.6775624752044678,2.6485671997070312,0.14918282628059387,0.0,49.0,0.0,0.0,49.0,0.0,49.0,0.31959327061971027,0.17261117696762085,2.7403971354166665,0.24805070956548056,0.02088688313961029,-0.09714704751968384
107,1.038335466999797,100.091904,1.3673728704452515,0.2893654704093933,0.033220380544662476,0.7548828125,0.11616098880767822,0.0,0.13218200206756592,0.005628962069749832,0.1907145231962204,0.0,0.0,0.0,1.6280268430709839,2.764906644821167,0.16699334979057312,0.0,48.0,0.0,0.0,48.0,0.0,48.0,0.3207425872484843,0.17251819372177124,2.7886962890625,0.24978170792261759,0.0209139088789622,-0.09722203016281128
108,1.0505565329999627,100.091904,1.2955936193466187,0.30063876509666443,0.0378401018679142,0.73828125,0.10978271067142487,0.0,0.12114980071783066,0.005298068281263113,0.1685791015625,0.0,0.0,0.0,1.6503322124481201,2.8555569648742676,0.13326969742774963,0.0,35.0,0.0,0.0,35.0,0.0,35.0,0.3213613231976827,0.17199307680130005,2.8319091796875,0.25114889939626056,0.02094089736541112,-0.09735924005508423
109,1.0456049509998593,100.091904,1.2264853715896606,0.3090400993824005,0.033999599516391754,0.7236328125,0.10335748642683029,0.0,0.11112378537654877,0.004956694785505533,0.1563313901424408,0.0,0.0,0.0,1.6346373558044434,2.907498836517334,0.12534207105636597,0.0,39.0,0.0,0.0,39.0,0.0,39.0,0.32181092103322345,0.1716468334197998,2.8698323567708335,0.2523198326428731,0.02093724658091863,-0.09753280878067017
110,1.0105737519998002,100.091904,1.1716111898422241,0.3170226812362671,0.03171359375119209,0.7119140625,0.0981927365064621,0.0,0.10242466628551483,0.004730050452053547,0.146728515625,0.0,0.0,0.0,1.6255401372909546,2.9476184844970703,0.12094444036483765,0.0,30.0,0.0,0.0,30.0,0.0,30.0,0.3221547206242879,0.1706419587135315,2.8944905598958335,0.25308595101038617,0.020869150757789612,-0.09771853685379028
111,0.9939996289999726,100.091904,1.120621681213379,0.32311663031578064,0.030288824811577797,0.6962890625,0.09345933049917221,0.0,0.09248658269643784,0.004041684325784445,0.1309000700712204,0.0,0.0,0.0,1.6166846752166748,2.9445548057556152,0.1342276781797409,0.0,29.0,0.0,0.0,29.0,0.0,29.0,0.3224612275759379,0.16894042491912842,2.9120279947916665,0.25362112124760944,0.020916571219762165,-0.09791702032089233
112,0.9939604440000949,100.091904,1.0539445877075195,0.33372241258621216,0.02906039170920849,0.6875,0.08707617223262787,0.0,0.08789082616567612,0.003761372296139598,0.1188557967543602,0.0,0.0,0.0,1.695969581604004,2.978806257247925,0.12287609279155731,0.0,19.0,0.0,0.0,19.0,0.0,19.0,0.3223550319671631,0.1686585545539856,2.9256998697916665,0.2540416320164998,0.02101923276980718,-0.09808403253555298
113,0.9680840770001851,100.091904,1.0466067790985107,0.3368292450904846,0.030919736251235008,0.677734375,0.08652451634407043,0.0,0.0838453471660614,0.0034782520961016417,0.1068115234375,0.0,0.0,0.0,1.746220350265503,3.0912892818450928,0.12439179420471191,0.0,23.0,0.0,0.0,23.0,0.0,23.0,0.32218676805496216,0.16898757219314575,2.9091389973958335,0.25441733996073407,0.021003310879071552,-0.09815865755081177
114,0.9757157639996876,100.091904,1.0494657754898071,0.3438865840435028,0.031187938526272774,0.673828125,0.08677327632904053,0.0,0.08233051747083664,0.003221518825739622,0.0984700545668602,0.0,0.0,0.0,1.8453099727630615,3.2114856243133545,0.1095743402838707,0.0,9.0,0.0,0.0,9.0,0.0,9.0,0.321803351243337,0.1696799397468567,2.8840738932291665,0.25441890954971313,0.02085045725107193,-0.09816151857376099
115,0.9900393600000825,100.091904,1.0886203050613403,0.3505350351333618,0.026504645124077797,0.6689453125,0.09000279009342194,0.0,0.08641354739665985,0.0035074965562671423,0.1043701171875,0.0,0.0,0.0,1.9476054906845093,3.3719053268432617,0.12255245447158813,0.0,14.0,0.0,0.0,14.0,0.0,14.0,0.32076968749364215,0.17115992307662964,2.8252766927083335,0.2536232868830363,0.02079537386695544,-0.0981549620628357
116,1.0056399229997623,100.091904,1.159460425376892,0.35245418548583984,0.026262976229190826,0.6611328125,0.09638553857803345,0.0,0.090251624584198,0.0035696160048246384,0.1056315153837204,0.0,0.0,0.0,2.060018539428711,3.540053129196167,0.14817607402801514,0.0,15.0,0.0,0.0,15.0,0.0,15.0,0.31982356309890747,0.17205077409744263,2.777587890625,0.2524826129277547,0.020845189690589905,-0.09813004732131958
117,1.0114168959999006,100.091904,1.2557973861694336,0.3515537977218628,0.026806754991412163,0.6552734375,0.10543954372406006,0.0,0.09501173347234726,0.0033891089260578156,0.105224609375,0.0,0.0,0.0,2.0602035522460938,3.722010374069214,0.15802231431007385,0.0,13.0,0.0,0.0,13.0,0.0,13.0,0.3189315398534139,0.17278927564620972,2.7134602864583335,0.2513286272684733,0.020720870544513065,-0.09813886880874634
118,0.9811186699998871,100.091904,1.3046307563781738,0.3600952625274658,0.028377609327435493,0.6484375,0.10962220281362534,0.0,0.10033195465803146,0.003244396997615695,0.1051432341337204,0.0,0.0,0.0,2.1177468299865723,3.89355731010437,0.1639396846294403,0.0,13.0,0.0,0.0,13.0,0.0,13.0,0.3178470730781555,0.17346560955047607,2.6341552734375,0.2500983079274495,0.020645042260487873,-0.09819823503494263
119,1.0042034069997499,100.091904,1.3752121925354004,0.3643813133239746,0.026981789618730545,0.6416015625,0.11598387360572815,0.0,0.10741500556468964,0.0032751644030213356,0.1068115234375,0.0,0.0,0.0,2.1668124198913574,4.049830913543701,0.1722348928451538,0.0,16.0,0.0,0.0,16.0,0.0,16.0,0.3162253499031067,0.17263972759246826,2.5775553385416665,0.24879539012908936,0.020647178093592327,-0.09826236963272095
120,1.075384234000012,100.091904,1.4158648252487183,0.37374645471572876,0.02712024562060833,0.6337890625,0.11924566328525543,0.0,0.1162087544798851,0.0032478678040206432,0.115478515625,0.0,0.0,0.0,2.242990255355835,4.197354316711426,0.17276041209697723,0.0,15.0,0.0,0.0,15.0,0.0,15.0,0.31448201338450116,0.17074686288833618,2.5189615885416665,0.24739150206247965,0.020613443106412888,-0.0994185209274292
121,1.016992109000057,100.091904,1.4330867528915405,0.3825858235359192,0.026117058470845222,0.6240234375,0.12003936618566513,0.0,0.12539514899253845,0.002952178940176964,0.1212972030043602,0.0,0.0,0.0,2.2965404987335205,4.356886386871338,0.18617165088653564,0.0,18.0,0.0,0.0,18.0,0.0,18.0,0.31277239322662354,0.16845345497131348,2.4746907552083335,0.24544243017832437,0.020453097919623058,-0.10118973255157471
122,1.0018536550001045,100.091904,1.4844595193862915,0.3861335515975952,0.03189413622021675,0.6142578125,0.12408550828695297,0.0,0.13954472541809082,0.003283172845840454,0.1465657651424408,0.0,0.0,0.0,2.338731288909912,4.514887809753418,0.20067720115184784,0.0,16.0,0.0,0.0,16.0,0.0,16.0,0.3111986517906189,0.16786134243011475,2.4119059244791665,0.24420946836471558,0.020313861469427746,-0.10437977313995361
123,0.9899449929998809,100.091904,1.5315992832183838,0.38559776544570923,0.02741132117807865,0.607421875,0.12761378288269043,0.0,0.15566003322601318,0.004159465432167053,0.1774088591337204,0.0,0.0,0.0,2.480893135070801,4.687253952026367,0.19544383883476257,0.0,16.0,0.0,0.0,16.0,0.0,16.0,0.30996106068293255,0.1679610013961792,2.3566487630208335,0.24333977699279785,0.020278056462605793,-0.10662972927093506
124,0.9996353569999883,100.091904,1.6125446557998657,0.37352433800697327,0.029578953981399536,0.595703125,0.13442662358283997,0.0,0.17005246877670288,0.0050084469839930534,0.2118733823299408,0.0,0.0,0.0,2.581629753112793,4.8293681144714355,0.23116043210029602,0.0,32.0,0.0,0.0,32.0,0.0,32.0,0.30957941214243573,0.16911321878433228,2.30859375,0.24272354443868002,0.02036211887995402,-0.10512268543243408
125,1.0246384030001536,100.091904,1.6868747472763062,0.3554685115814209,0.02957131341099739,0.5791015625,0.14152055978775024,0.0,0.17476126551628113,0.005324201192706823,0.229248046875,0.0,0.0,0.0,2.59100341796875,4.899281024932861,0.25976356863975525,0.0,46.0,0.0,0.0,46.0,0.0,46.0,0.31093019247055054,0.16954076290130615,2.3045247395833335,0.2441920836766561,0.02050562451283137,-0.09885245561599731
126,1.0391635589999169,100.091904,1.702606201171875,0.3474608063697815,0.02883884869515896,0.5654296875,0.14313600957393646,0.0,0.1782670021057129,0.0060204192996025085,0.2335612028837204,0.0,0.0,0.0,2.6249468326568604,4.859470844268799,0.26739615201950073,0.0,42.0,0.0,0.0,42.0,0.0,42.0,0.31239962577819824,0.1682833433151245,2.3214111328125,0.24587907393773398,0.020499486476182938,-0.09885150194168091
127,1.0311736099997688,100.091904,1.7178393602371216,0.3382453918457031,0.02866506390273571,0.5498046875,0.1451871693134308,0.0,0.17681992053985596,0.0065321894362568855,0.2359212338924408,0.0,0.0,0.0,2.6482834815979004,4.811595916748047,0.24125802516937256,0.0,49.0,0.0,0.0,49.0,0.0,49.0,0.31370311975479126,0.16845017671585083,2.3357340494791665,0.24710319439570108,0.020706340670585632,-0.09882384538650513
128,1.055340772999898,100.091904,1.7352116107940674,0.33593809604644775,0.028631282970309258,0.5302734375,0.14692074060440063,0.0,0.17734992504119873,0.00712990015745163,0.2391357421875,0.0,0.0,0.0,2.6656107902526855,4.7059526443481445,0.2617195248603821,0.0,50.0,0.0,0.0,50.0,0.0,50.0,0.31478484471638996,0.17175781726837158,2.3506673177083335,0.2482363979021708,0.020727091779311497,-0.09882968664169312
129,1.0361015119997319,100.091904,1.7318123579025269,0.3342773914337158,0.028664547950029373,0.5078125,0.14715895056724548,0.0,0.17334768176078796,0.007447087671607733,0.2362467497587204,0.0,0.0,0.0,2.6868276596069336,4.550047874450684,0.24575099349021912,0.0,52.0,0.0,0.0,52.0,0.0,52.0,0.3157607118288676,0.17696166038513184,2.3562418619791665,0.25003443161646527,0.020726049939791363,-0.09884637594223022
130,0.9982630539998354,100.091904,1.7250133752822876,0.33270004391670227,0.02566293627023697,0.4912109375,0.14765247702598572,0.0,0.1638798713684082,0.006841978058218956,0.2217610776424408,0.0,0.0,0.0,2.6167891025543213,4.331601619720459,0.23064719140529633,0.0,53.0,0.0,0.0,53.0,0.0,53.0,0.3174467484156291,0.1800125241279602,2.3651529947916665,0.2525995373725891,0.021033441027005512,-0.09884911775588989
131,1.0427327029997286,100.091904,1.7118303775787354,0.3403751850128174,0.025973189622163773,0.4755859375,0.14695629477500916,0.0,0.15866975486278534,0.006691791117191315,0.2186686247587204,0.0,0.0,0.0,2.562962293624878,4.050526142120361,0.2400786578655243,0.0,47.0,0.0,0.0,47.0,0.0,47.0,0.31831268469492596,0.1770128607749939,2.3734537760416665,0.25335397322972614,0.021181707580884297,-0.09885174036026001
132,1.019979749000413,100.091904,1.6784446239471436,0.3536587357521057,0.024028779938817024,0.45703125,0.1443883776664734,0.0,0.1519317924976349,0.00658330088481307,0.2161865234375,0.0,0.0,0.0,2.538054943084717,3.735013961791992,0.24207720160484314,0.0,48.0,0.0,0.0,48.0,0.0,48.0,0.3190935254096985,0.17621517181396484,2.388916015625,0.2541441520055135,0.021207086741924286,-0.07733392715454102
133,0.982897659000173,100.091904,1.6304385662078857,0.36613255739212036,0.02238600328564644,0.4453125,0.1401311755180359,0.0,0.1487753689289093,0.006801048293709755,0.2085774838924408,0.0,0.0,0.0,2.527780055999756,3.458226203918457,0.2233259379863739,0.0,34.0,0.0,0.0,34.0,0.0,34.0,0.3190174500147502,0.17569392919540405,2.4432779947916665,0.25422948598861694,0.021245139340559643,-0.07743924856185913
134,0.9954026099999282,100.091904,1.6141420602798462,0.3767094910144806,0.019222205504775047,0.431640625,0.13869354128837585,0.0,0.14667531847953796,0.007435693871229887,0.2000325620174408,0.0,0.0,0.0,2.448462963104248,3.267402172088623,0.23870375752449036,0.0,44.0,0.0,0.0,44.0,0.0,44.0,0.3190755844116211,0.17473262548446655,2.4878743489583335,0.2541500727335612,0.021195811529954273,-0.07741177082061768
135,1.0200298330000805,100.091904,1.5183242559432983,0.39423513412475586,0.018984155729413033,0.41796875,0.13028192520141602,0.0,0.1340371072292328,0.006581074558198452,0.178466796875,0.0,0.0,0.0,2.3929474353790283,3.0177745819091797,0.2309778928756714,0.0,57.0,0.0,0.0,57.0,0.0,57.0,0.32017260789871216,0.17461693286895752,2.5476481119791665,0.25556546449661255,0.021181784570217133,-0.07736808061599731
136,1.0230496799999855,100.091904,1.4824899435043335,0.399695485830307,0.01613936573266983,0.4072265625,0.12803173065185547,0.0,0.12432470172643661,0.005522746592760086,0.1671549528837204,0.0,0.0,0.0,2.2550933361053467,2.821974277496338,0.17875318229198456,0.0,34.0,0.0,0.0,34.0,0.0,34.0,0.3205169637997945,0.17568516731262207,2.600341796875,0.25633060932159424,0.021243530015150707,-0.07736313343048096
137,0.9775811640001848,100.091904,1.418204665184021,0.4124358296394348,0.016719674691557884,0.39453125,0.1219073235988617,0.0,0.12077214568853378,0.005054631270468235,0.1665446013212204,0.0,0.0,0.0,2.2524571418762207,2.6681134700775146,0.1769242286682129,0.0,36.0,0.0,0.0,36.0,0.0,36.0,0.32038867473602295,0.17868703603744507,2.6392822265625,0.25653894742329914,0.021207531293233235,-0.07741934061050415
138,0.9656720020002467,100.091904,1.374913215637207,0.41510963439941406,0.016186196357011795,0.38671875,0.11783134937286377,0.0,0.11946821212768555,0.005309964530169964,0.1648356169462204,0.0,0.0,0.0,2.3268113136291504,2.5336310863494873,0.1494140475988388,0.0,30.0,0.0,0.0,30.0,0.0,30.0,0.3197859525680542,0.18082505464553833,2.6617431640625,0.2566516200701396,0.021266880134741466,-0.07724857330322266
139,0.9758215920001021,100.091904,1.328394889831543,0.41815274953842163,0.015100616961717606,0.3662109375,0.1127394437789917,0.0,0.11837895959615707,0.0055459230206906796,0.1518961638212204,0.0,0.0,0.0,2.377244472503662,2.419837713241577,0.17942559719085693,0.0,42.0,0.0,0.0,42.0,0.0,42.0,0.31885449091593426,0.17907166481018066,2.6720784505208335,0.256349782148997,0.02123301476240158,-0.077217698097229
140,0.9651223930000015,100.091904,1.291013240814209,0.41083890199661255,0.014545680955052376,0.3525390625,0.10935018956661224,0.0,0.11305230855941772,0.00507630268111825,0.137939453125,0.0,0.0,0.0,2.3623454570770264,2.268294334411621,0.17843753099441528,0.0,41.0,0.0,0.0,41.0,0.0,41.0,0.3180140455563863,0.17680305242538452,2.6886393229166665,0.25603731473286945,0.02133738249540329,-0.07743453979492188
141,0.9761191640000106,100.091904,1.2551544904708862,0.4034240245819092,0.01557067409157753,0.34375,0.10650436580181122,0.0,0.10460580885410309,0.003910061903297901,0.1286214292049408,0.0,0.0,0.0,2.318878650665283,2.152388572692871,0.1550605297088623,0.0,31.0,0.0,0.0,31.0,0.0,31.0,0.31712931394577026,0.1733035445213318,2.7025960286458335,0.25518961747487384,0.02134168396393458,-0.07738232612609863
142,1.0309890409998843,100.091904,1.2918258905410767,0.38813552260398865,0.020969675853848457,0.337890625,0.10964758694171906,0.0,0.11045747250318527,0.004198133014142513,0.1375732421875,0.0,0.0,0.0,2.4388909339904785,2.117727279663086,0.1492229402065277,0.0,25.0,0.0,0.0,25.0,0.0,25.0,0.31528512636820477,0.17320245504379272,2.7128092447916665,0.25360610087712604,0.021278736491998036,-0.07725852727890015
143,1.0993881059998785,100.091904,1.2996493577957153,0.37017202377319336,0.03922648727893829,0.3271484375,0.11074952781200409,0.0,0.11040899157524109,0.0035635631065815687,0.1424967497587204,0.0,0.0,0.0,2.4063799381256104,2.086430311203003,0.12616142630577087,0.0,26.0,0.0,0.0,26.0,0.0,26.0,0.31446313858032227,0.17862272262573242,2.7093505859375,0.25362980365753174,0.02121736854314804,-0.07719558477401733
144,0.9832582859999093,100.091904,1.293969750404358,0.36280015110969543,0.01297921221703291,0.3203125,0.10956452786922455,0.0,0.1169637069106102,0.003974053077399731,0.1490885466337204,0.0,0.0,0.0,2.4348294734954834,2.0933568477630615,0.14471915364265442,0.0,31.0,0.0,0.0,31.0,0.0,31.0,0.31393611431121826,0.17472988367080688,2.7141520182291665,0.25347328186035156,0.02113081266482671,-0.07719957828521729
145,0.9728485720002027,100.091904,1.3044863939285278,0.3550580143928528,0.017490414902567863,0.306640625,0.11060117185115814,0.0,0.11680634319782257,0.003924133256077766,0.1531575620174408,0.0,0.0,0.0,2.3538990020751953,2.0968875885009766,0.158307746052742,0.0,41.0,0.0,0.0,41.0,0.0,41.0,0.31421953439712524,0.1686437726020813,2.7190755208333335,0.253937562306722,0.021050793429215748,-0.0770065188407898
146,0.9730422699999508,100.091904,1.2772080898284912,0.3495522141456604,0.013833734206855297,0.2978515625,0.10812614858150482,0.0,0.1145855113863945,0.0035791979171335697,0.1494547575712204,0.0,0.0,0.0,2.295102119445801,2.0895421504974365,0.16647502779960632,0.0,33.0,0.0,0.0,33.0,0.0,33.0,0.3147586186726888,0.1639622449874878,2.720458984375,0.25516535838445026,0.021068697174390156,-0.07683175802230835
147,1.0246821840000848,100.091904,1.2827763557434082,0.3392280340194702,0.028644463047385216,0.2900390625,0.10883837193250656,0.0,0.11728673428297043,0.0037704508285969496,0.1546224057674408,0.0,0.0,0.0,2.1944828033447266,2.1452653408050537,0.14334644377231598,0.0,26.0,0.0,0.0,26.0,0.0,26.0,0.3152197003364563,0.163676917552948,2.7217610677083335,0.2553991675376892,0.021021445592244465,-0.07682377099990845
148,1.0194882939999843,100.091904,1.2644484043121338,0.3367140293121338,0.014953965321183205,0.2802734375,0.10691724717617035,0.0,0.11874391883611679,0.004236576613038778,0.1600341796875,0.0,0.0,0.0,2.093562126159668,2.2344460487365723,0.1645832657814026,0.0,38.0,0.0,0.0,38.0,0.0,38.0,0.3162720004717509,0.16434884071350098,2.7227376302083335,0.2565236488978068,0.021106491486231487,-0.07685863971710205
149,1.0177817279995907,100.091904,1.2226203680038452,0.3371291160583496,0.031679343432188034,0.2724609375,0.10320141911506653,0.0,0.1166718453168869,0.004315366968512535,0.1512044370174408,0.0,0.0,0.0,2.0338051319122314,2.2890496253967285,0.1458722949028015,0.0,27.0,0.0,0.0,27.0,0.0,27.0,0.31726008653640747,0.16740095615386963,2.7263590494791665,0.2570987343788147,0.021208648880322773,-0.07691371440887451
150,1.0081155620000573,100.091904,1.2171998023986816,0.336334228515625,0.035585034638643265,0.26953125,0.1023469790816307,0.0,0.12026806175708771,0.005268638487905264,0.1570231169462204,0.0,0.0,0.0,2.0063376426696777,2.4009947776794434,0.14497719705104828,0.0,26.0,0.0,0.0,26.0,0.0,26.0,0.3178507288297017,0.17179274559020996,2.7294514973958335,0.25779495636622113,0.02114766091108322,-0.07698100805282593
151,1.0152893829999812,100.091904,1.19278883934021,0.3391842246055603,0.01641685515642166,0.26171875,0.10010214895009995,0.0,0.11730359494686127,0.005222460255026817,0.1583251953125,0.0,0.0,0.0,1.9748449325561523,2.495396852493286,0.14135399460792542,0.0,36.0,0.0,0.0,36.0,0.0,36.0,0.3190037210782369,0.17639946937561035,2.7436116536458335,0.25938546657562256,0.021169965465863545,-0.07711058855056763
152,1.043554585000038,100.091904,1.1853139400482178,0.34016701579093933,0.012047583237290382,0.2490234375,0.09979289770126343,0.0,0.11015113443136215,0.004606463015079498,0.153076171875,0.0,0.0,0.0,1.8963258266448975,2.5764708518981934,0.14510174095630646,0.0,39.0,0.0,0.0,39.0,0.0,39.0,0.3202547828356425,0.17986524105072021,2.7546793619791665,0.26115280389785767,0.021123699843883514,-0.07713133096694946
153,1.0456945509999969,100.091904,1.1698366403579712,0.3448944389820099,0.010909651406109333,0.240234375,0.09854702651500702,0.0,0.10463842004537582,0.0041531166061758995,0.1444905698299408,0.0,0.0,0.0,1.8899867534637451,2.6563796997070312,0.1453871726989746,0.0,29.0,0.0,0.0,29.0,0.0,29.0,0.32150789101918537,0.17975091934204102,2.7884114583333335,0.2622092167536418,0.021009566883246105,-0.07721865177154541
154,1.0843752920000043,100.091904,1.1245208978652954,0.35871246457099915,0.012687581591308117,0.234375,0.09421323239803314,0.0,0.09901921451091766,0.004010137170553207,0.1306559294462204,0.0,0.0,0.0,1.9075734615325928,2.743863105773926,0.1408737599849701,0.0,29.0,0.0,0.0,29.0,0.0,29.0,0.3220889965693156,0.17724555730819702,2.7997639973958335,0.26324596007664997,0.02103854964176814,-0.07735025882720947
155,1.0648281560002033,100.091904,1.1278660297393799,0.3663531243801117,0.011008786968886852,0.2275390625,0.09451428055763245,0.0,0.09751137346029282,0.004308677744120359,0.1298421323299408,0.0,0.0,0.0,1.915431022644043,2.835731029510498,0.1380583643913269,0.0,28.0,0.0,0.0,28.0,0.0,28.0,0.32223079601923627,0.1754356026649475,2.806396484375,0.26340554157892865,0.02108672261238098,-0.07746541500091553
156,1.0321662900000774,100.091904,1.1341193914413452,0.37492436170578003,0.012076145969331264,0.2236328125,0.09564685076475143,0.0,0.08898323774337769,0.0033979672007262707,0.1142985075712204,0.0,0.0,0.0,1.8561341762542725,2.8898847103118896,0.13640457391738892,0.0,29.0,0.0,0.0,29.0,0.0,29.0,0.32268065214157104,0.1754300594329834,2.8194986979166665,0.2640482584635417,0.021046946446100872,-0.0775647759437561
157,1.0087960939999903,100.091904,1.117192268371582,0.389017790555954,0.01455447543412447,0.220703125,0.09369128942489624,0.0,0.08901086449623108,0.0033665653318166733,0.1110432967543602,0.0,0.0,0.0,1.876819133758545,2.9646291732788086,0.13224537670612335,0.0,17.0,0.0,0.0,17.0,0.0,17.0,0.32217488686243695,0.17607009410858154,2.8292643229166665,0.2634468873341878,0.02097134788831075,-0.07767260074615479
158,0.9862290149999353,100.091904,1.1217948198318481,0.39761388301849365,0.01757686771452427,0.2177734375,0.09411856532096863,0.0,0.08989831060171127,0.003526560962200165,0.1146240234375,0.0,0.0,0.0,1.864433765411377,3.034501552581787,0.12828907370567322,0.0,16.0,0.0,0.0,16.0,0.0,16.0,0.3216135899225871,0.17708230018615723,2.8235270182291665,0.2627083659172058,0.021010488271713257,-0.07768851518630981
159,1.0142343020002045,100.091904,1.1369839906692505,0.40111395716667175,0.017675450071692467,0.2099609375,0.09506385028362274,0.0,0.09282847493886948,0.0038636624813079834,0.1148681640625,0.0,0.0,0.0,1.9005041122436523,3.118483543395996,0.15131543576717377,0.0,20.0,0.0,0.0,20.0,0.0,20.0,0.320722500483195,0.17720305919647217,2.8161214192708335,0.26195398966471356,0.021154172718524933,-0.07751315832138062
160,1.0202017599999635,100.091904,1.1488860845565796,0.40232953429222107,0.02201828919351101,0.2080078125,0.09622891247272491,0.0,0.09221631288528442,0.003670586971566081,0.1131184920668602,0.0,0.0,0.0,1.9483668804168701,3.186466932296753,0.14298099279403687,0.0,16.0,0.0,0.0,16.0,0.0,16.0,0.32036731640497845,0.17720139026641846,2.7897542317708335,0.2616580327351888,0.021205224096775055,-0.07769793272018433
161,1.0121587530002216,100.091904,1.1674914360046387,0.40294593572616577,0.01961049996316433,0.2001953125,0.09768574684858322,0.0,0.09473394602537155,0.003915433771908283,0.1112060546875,0.0,0.0,0.0,2.026609420776367,3.2662038803100586,0.15475928783416748,0.0,20.0,0.0,0.0,20.0,0.0,20.0,0.31999675432840985,0.17731964588165283,2.7684733072916665,0.2614697615305583,0.021257067720095318,-0.07765638828277588
162,0.9983639880001647,100.091904,1.196653127670288,0.4013047218322754,0.017131604254245758,0.1962890625,0.10031962394714355,0.0,0.09661003202199936,0.0040776836685836315,0.1088460311293602,0.0,0.0,0.0,2.0861828327178955,3.3198084831237793,0.1657528579235077,0.0,22.0,0.0,0.0,22.0,0.0,22.0,0.3198256293932597,0.17948049306869507,2.71923828125,0.26180028915405273,0.021250416835149128,-0.07759660482406616
163,0.9990043319999131,100.091904,1.2204967737197876,0.3980291485786438,0.01636740379035473,0.19140625,0.10250812768936157,0.0,0.09609675407409668,0.0038050259463489056,0.1086018905043602,0.0,0.0,0.0,2.1576271057128906,3.346464157104492,0.1821279227733612,0.0,20.0,0.0,0.0,20.0,0.0,20.0,0.3197512626647949,0.18364983797073364,2.7054443359375,0.26152878999710083,0.021257181962331135,-0.0775604248046875
164,1.0272139610001432,100.091904,1.2506508827209473,0.3920050263404846,0.01292970310896635,0.189453125,0.1055021733045578,0.0,0.09869559109210968,0.003635563887655735,0.1139729842543602,0.0,0.0,0.0,2.234785556793213,3.3965697288513184,0.16823875904083252,0.0,17.0,0.0,0.0,17.0,0.0,17.0,0.31921106576919556,0.18698632717132568,2.7120768229166665,0.2610256274541219,0.021303658684094746,-0.07757270336151123
165,1.0142900670002746,100.091904,1.2839676141738892,0.38048893213272095,0.013305768370628357,0.1865234375,0.10872207581996918,0.0,0.1019265204668045,0.0034683416597545147,0.1205240935087204,0.0,0.0,0.0,2.2581048011779785,3.470238208770752,0.1602540910243988,0.0,19.0,0.0,0.0,19.0,0.0,19.0,0.31871992349624634,0.18422043323516846,2.7073974609375,0.26049238443374634,0.021251035233338673,-0.08383429050445557
166,1.0351575580002645,100.091904,1.3394224643707275,0.3693431615829468,0.0215922724455595,0.1806640625,0.11348575353622437,0.0,0.10988833010196686,0.004072856158018112,0.1352946013212204,0.0,0.0,0.0,2.2748067378997803,3.545442581176758,0.18136976659297943,0.0,18.0,0.0,0.0,18.0,0.0,18.0,0.31802521149317425,0.1772146224975586,2.673828125,0.2597482403119405,0.021225554247697193,-0.09614980220794678
167,0.9867712549998942,100.091904,1.403542160987854,0.36076706647872925,0.014982403255999088,0.1796875,0.11944618076086044,0.0,0.11572805047035217,0.004182103089988232,0.1464029997587204,0.0,0.0,0.0,2.254556655883789,3.626811981201172,0.18177354335784912,0.0,17.0,0.0,0.0,17.0,0.0,17.0,0.31792591015497845,0.17583537101745605,2.6355387369791665,0.2595384915669759,0.021342212955156963,-0.07724350690841675
168,0.9768476539998119,100.091904,1.4497658014297485,0.35798388719558716,0.020073525607585907,0.1748046875,0.1233019232749939,0.0,0.12195618450641632,0.004769000690430403,0.1509196013212204,0.0,0.0,0.0,2.2833452224731445,3.6737611293792725,0.21314041316509247,0.0,26.0,0.0,0.0,26.0,0.0,26.0,0.31811976432800293,0.17682844400405884,2.5972900390625,0.2596977154413859,0.021433656414349873,-0.07725077867507935
169,0.9775994629999332,100.091904,1.4730955362319946,0.35446932911872864,0.015388214029371738,0.1728515625,0.12582439184188843,0.0,0.12542137503623962,0.005007567349821329,0.154541015625,0.0,0.0,0.0,2.219189405441284,3.6701343059539795,0.18931075930595398,0.0,18.0,0.0,0.0,18.0,0.0,18.0,0.3183521628379822,0.18144607543945312,2.5899658203125,0.26026984055836994,0.02141479402780533,-0.07728397846221924
170,0.9982786479999959,100.091904,1.4763219356536865,0.3513713777065277,0.014680660329759121,0.166015625,0.12591354548931122,0.0,0.1287979632616043,0.005415783729404211,0.1581217497587204,0.0,0.0,0.0,2.164635419845581,3.638272285461426,0.21598780155181885,0.0,31.0,0.0,0.0,31.0,0.0,31.0,0.3184884786605835,0.18524467945098877,2.5890299479166665,0.26035183668136597,0.02136227736870448,-0.0772143006324768
171,0.9929289579999931,100.091904,1.4698842763900757,0.34885722398757935,0.014016463421285152,0.1640625,0.1251617670059204,0.0,0.13102780282497406,0.005728906951844692,0.1622314453125,0.0,0.0,0.0,2.1133484840393066,3.578083038330078,0.21796751022338867,0.0,26.0,0.0,0.0,26.0,0.0,26.0,0.31866206725438434,0.18291246891021729,2.6101481119791665,0.2603603005409241,0.021297710637251537,-0.07671058177947998
172,0.9957181400000081,100.091904,1.4157633781433105,0.35641545057296753,0.015270255506038666,0.1591796875,0.12003986537456512,0.0,0.13101086020469666,0.005369715392589569,0.1678466796875,0.0,0.0,0.0,2.109844207763672,3.4805572032928467,0.20387861132621765,0.0,27.0,0.0,0.0,27.0,0.0,27.0,0.3188858429590861,0.18032902479171753,2.6136881510416665,0.26064449548721313,0.02128087232510249,-0.07669621706008911
173,1.0168823999997585,100.091904,1.4136900901794434,0.3543376326560974,0.010644078254699707,0.1552734375,0.11952217668294907,0.0,0.13243922591209412,0.005778980907052755,0.1699625700712204,0.0,0.0,0.0,2.089127540588379,3.4424996376037598,0.23882751166820526,0.0,31.0,0.0,0.0,31.0,0.0,31.0,0.3190032442410787,0.17823314666748047,2.6062825520833335,0.26101213693618774,0.021425592402617138,-0.07667452096939087
174,1.0071336030000566,100.091904,1.3885387182235718,0.35921841859817505,0.01056897733360529,0.1513671875,0.11761784553527832,0.0,0.12891606986522675,0.005507368594408035,0.1726481169462204,0.0,0.0,0.0,2.0511159896850586,3.3187103271484375,0.2111065834760666,0.0,29.0,0.0,0.0,29.0,0.0,29.0,0.31947078307469684,0.17819029092788696,2.6210123697916665,0.26174453894297284,0.021468743681907654,-0.07667273283004761
175,1.0071601429999646,100.091904,1.3847049474716187,0.3582826852798462,0.012122648768126965,0.1396484375,0.11747761070728302,0.0,0.1264895498752594,0.0054540252313017845,0.1727701872587204,0.0,0.0,0.0,2.0247817039489746,3.1982312202453613,0.20946568250656128,0.0,36.0,0.0,0.0,36.0,0.0,36.0,0.3194981614748637,0.17998284101486206,2.626220703125,0.2623971303304036,0.02146154393752416,-0.0766991376876831
176,1.0984763450001083,100.091904,1.3281469345092773,0.35832667350769043,0.008888465352356434,0.1328125,0.11262212693691254,0.0,0.1220213994383812,0.005439411848783493,0.1586507260799408,0.0,0.0,0.0,1.9652769565582275,3.0345797538757324,0.18616847693920135,0.0,25.0,0.0,0.0,25.0,0.0,25.0,0.31996748844782513,0.20092147588729858,2.6586507161458335,0.2632804711659749,0.021408672134081524,-0.07674407958984375
177,1.017194854999616,100.091904,1.2690271139144897,0.35811033844947815,0.016968820244073868,0.125,0.1071128249168396,0.0,0.11785946786403656,0.005280611105263233,0.1495768278837204,0.0,0.0,0.0,1.9484853744506836,2.9278769493103027,0.18815957009792328,0.0,30.0,0.0,0.0,30.0,0.0,30.0,0.3203415274620056,0.19745618104934692,2.6761067708333335,0.26380691925684613,0.021388356884320576,-0.07662701606750488
178,0.9464988059999087,100.091904,1.214314579963684,0.3608274459838867,0.008889767341315746,0.12109375,0.10189762711524963,0.0,0.11533498764038086,0.005206090863794088,0.1420491635799408,0.0,0.0,0.0,1.9532403945922852,2.8540987968444824,0.17689993977546692,0.0,27.0,0.0,0.0,27.0,0.0,27.0,0.3207048575083415,0.20779341459274292,2.687744140625,0.26439783970514935,0.02129589021205902,-0.07704919576644897
179,0.9535394330000599,100.091904,1.1668039560317993,0.3650933504104614,0.00844600796699524,0.1171875,0.09738218039274216,0.0,0.11099962890148163,0.004776526242494583,0.1383056640625,0.0,0.0,0.0,1.9496667385101318,2.7739226818084717,0.18785250186920166,0.0,30.0,0.0,0.0,30.0,0.0,30.0,0.32103975613911945,0.2103206217288971,2.7162272135416665,0.2650497357050578,0.02131441483894984,-0.07709270715713501
180,0.9483237559998088,100.091904,1.138305425643921,0.36483532190322876,0.014791698195040226,0.1142578125,0.09511866420507431,0.0,0.10866352915763855,0.004339043982326984,0.1389974057674408,0.0,0.0,0.0,1.9200133085250854,2.733532428741455,0.15362480282783508,0.0,23.0,0.0,0.0,23.0,0.0,23.0,0.3212255040804545,0.207981675863266,2.7117513020833335,0.2654660145441691,0.02140082170565923,-0.0771905779838562
181,0.9601872700000058,100.091904,1.156450629234314,0.36586394906044006,0.008533119224011898,0.111328125,0.09671688079833984,0.0,0.11149274557828903,0.004356402438133955,0.1419270932674408,0.0,0.0,0.0,1.9153497219085693,2.749953031539917,0.15717190504074097,0.0,20.0,0.0,0.0,20.0,0.0,20.0,0.32113319635391235,0.20395541191101074,2.7171630859375,0.26551493008931476,0.021433718502521515,-0.11833012104034424
182,0.9524533409999094,100.091904,1.1723321676254272,0.3657243549823761,0.030595846474170685,0.1083984375,0.09809626638889313,0.0,0.11270168423652649,0.0042647067457437515,0.1483968198299408,0.0,0.0,0.0,1.905487060546875,2.750347137451172,0.15936321020126343,0.0,23.0,0.0,0.0,23.0,0.0,23.0,0.3212025960286458,0.19633030891418457,2.7279052734375,0.26613972584406537,0.02135244756937027,-0.1183159351348877
183,0.9570262870001898,100.091904,1.1891846656799316,0.3643805980682373,0.029760591685771942,0.1064453125,0.09960965812206268,0.0,0.11604137718677521,0.004463344346731901,0.1649983823299408,0.0,0.0,0.0,1.8431155681610107,2.8180503845214844,0.1492309421300888,0.0,16.0,0.0,0.0,16.0,0.0,16.0,0.3209933439890544,0.19466328620910645,2.7133382161458335,0.26599230368932086,0.02137486884991328,-0.11821639537811279
184,0.9845560439998735,100.091904,1.206083059310913,0.3640473186969757,0.01277860440313816,0.103515625,0.10102081298828125,0.0,0.11810396611690521,0.004720753058791161,0.16943359375,0.0,0.0,0.0,1.7859266996383667,2.909970760345459,0.15894988179206848,0.0,24.0,0.0,0.0,24.0,0.0,24.0,0.32100385427474976,0.19466102123260498,2.7071533203125,0.2660707434018453,0.021445438265800476,-0.1181420087814331
185,0.9683486310000262,100.091904,1.2161641120910645,0.365722119808197,0.015724658966064453,0.1025390625,0.10204853862524033,0.0,0.11800926923751831,0.004970833193510771,0.1714274138212204,0.0,0.0,0.0,1.7291312217712402,2.9327454566955566,0.1585623025894165,0.0,22.0,0.0,0.0,22.0,0.0,22.0,0.32120899359385174,0.19554013013839722,2.7036946614583335,0.26616160074869794,0.02142523229122162,-0.11810457706451416
186,0.9694513640001787,100.091904,1.2107181549072266,0.367057740688324,0.015578683465719223,0.099609375,0.10141600668430328,0.0,0.1139877662062645,0.004732511937618256,0.1599934995174408,0.0,0.0,0.0,1.7042570114135742,2.933412551879883,0.18332922458648682,0.0,35.0,0.0,0.0,35.0,0.0,35.0,0.3213295340538025,0.17250967025756836,2.697509765625,0.2666145960489909,0.021385937929153442,-0.11809515953063965
187,0.9635193320000326,100.091904,1.153067708015442,0.37353652715682983,0.01361072901636362,0.095703125,0.09640216827392578,0.0,0.10765059292316437,0.004274009261280298,0.1471761167049408,0.0,0.0,0.0,1.6749420166015625,2.917607069015503,0.15995194017887115,0.0,26.0,0.0,0.0,26.0,0.0,26.0,0.3216811219851176,0.1733725666999817,2.7155354817708335,0.26737407843271893,0.021365048984686535,-0.11813724040985107
188,0.9475683339996976,100.091904,1.156351923942566,0.3723604083061218,0.013811812736093998,0.09375,0.0970001220703125,0.0,0.10607926547527313,0.00452693784609437,0.1451416015625,0.0,0.0,0.0,1.6879633665084839,2.936105251312256,0.15257461369037628,0.0,23.0,0.0,0.0,23.0,0.0,23.0,0.3213569124539693,0.17889583110809326,2.7501627604166665,0.2671147386233012,0.021374983092149098,-0.1181710958480835
189,0.9685991729998022,100.091904,1.1704046726226807,0.365234911441803,0.00952730979770422,0.091796875,0.09839171171188354,0.0,0.10333769768476486,0.004642250947654247,0.1383870542049408,0.0,0.0,0.0,1.653681755065918,2.956510543823242,0.17248177528381348,0.0,25.0,0.0,0.0,25.0,0.0,25.0,0.3212269941965739,0.1871851682662964,2.7466227213541665,0.2672514120737712,0.021326087415218353,-0.1182178258895874
190,0.9758006810002371,100.091904,1.1802533864974976,0.3554162383079529,0.009085655212402344,0.0888671875,0.09971591085195541,0.0,0.10108130425214767,0.00451331352815032,0.132080078125,0.0,0.0,0.0,1.6529659032821655,2.94669771194458,0.16209203004837036,0.0,24.0,0.0,0.0,24.0,0.0,24.0,0.32136088609695435,0.19541704654693604,2.7324625651041665,0.2677422761917114,0.02131405969460805,-0.11825966835021973
191,0.9708321399998567,100.091904,1.1561729907989502,0.3512440025806427,0.016865815967321396,0.087890625,0.09749385714530945,0.0,0.10080520808696747,0.004551670514047146,0.1248372420668602,0.0,0.0,0.0,1.6945817470550537,2.957462787628174,0.15139800310134888,0.0,18.0,0.0,0.0,18.0,0.0,18.0,0.3216660221417745,0.1999233365058899,2.74365234375,0.2680915991465251,0.021306606630484264,-0.11829721927642822
192,0.9956808490001094,100.091904,1.143783450126648,0.3449701964855194,0.01667245663702488,0.083984375,0.09623284637928009,0.0,0.09788786619901657,0.004323627799749374,0.120849609375,0.0,0.0,0.0,1.7031340599060059,2.939286708831787,0.18681392073631287,0.0,29.0,0.0,0.0,29.0,0.0,29.0,0.3218962748845418,0.19963687658309937,2.7490641276041665,0.26855496565500897,0.02130465457836787,-0.11832726001739502
193,0.982184843000141,100.091904,1.090440273284912,0.34708499908447266,0.017122820019721985,0.0830078125,0.09153570234775543,0.0,0.09141263365745544,0.0033101250883191824,0.113037109375,0.0,0.0,0.0,1.6637983322143555,2.886368751525879,0.17386731505393982,0.0,25.0,0.0,0.0,25.0,0.0,25.0,0.3224752942721049,0.1963040828704834,2.7635904947916665,0.2697144349416097,0.02127705266078313,-0.11718511581420898
194,0.9309022319998803,100.091904,1.0621778964996338,0.35116860270500183,0.01626543700695038,0.078125,0.08931678533554077,0.0,0.0885147675871849,0.002796043176203966,0.1102701872587204,0.0,0.0,0.0,1.586617350578308,2.8941218852996826,0.1486901044845581,0.0,17.0,0.0,0.0,17.0,0.0,17.0,0.3230375051498413,0.18967336416244507,2.7720947265625,0.2704877456029256,0.021241205434004467,-0.11833608150482178
195,0.9406763090000823,100.091904,1.0709662437438965,0.35586196184158325,0.026719972491264343,0.0771484375,0.09014016389846802,0.0,0.08886545896530151,0.002870413241907954,0.1152750700712204,0.0,0.0,0.0,1.5774257183074951,2.9366989135742188,0.15735091269016266,0.0,16.0,0.0,0.0,16.0,0.0,16.0,0.32345132033030194,0.1788874864578247,2.767822265625,0.2708441416422526,0.021244190633296967,-0.1182790994644165
196,0.9764386890001333,100.091904,1.0758366584777832,0.3641013205051422,0.0110531160607934,0.076171875,0.09031888097524643,0.0,0.09103654325008392,0.003382387338206172,0.1215413436293602,0.0,0.0,0.0,1.5540797710418701,3.026123046875,0.16531646251678467,0.0,14.0,0.0,0.0,14.0,0.0,14.0,0.3242045243581136,0.1721143126487732,2.7400309244791665,0.2714298566182454,0.021262521545092266,-0.11812150478363037
197,1.0231998089998342,100.091904,1.0508161783218384,0.3794770836830139,0.019410662353038788,0.0751953125,0.08798448741436005,0.0,0.08930995315313339,0.003394766477867961,0.1164143905043602,0.0,0.0,0.0,1.4856075048446655,3.0702762603759766,0.16302071511745453,0.0,23.0,0.0,0.0,23.0,0.0,23.0,0.32505957285563153,0.16911053657531738,2.730224609375,0.2723217010498047,0.02127474049727122,-0.11801683902740479
198,1.0271372040001552,100.091904,1.0281676054000854,0.39412635564804077,0.0199790857732296,0.07421875,0.0856819748878479,0.0,0.08955474942922592,0.0036429325118660927,0.1183268278837204,0.0,0.0,0.0,1.478478193283081,3.0649914741516113,0.1654922366142273,0.0,16.0,0.0,0.0,16.0,0.0,16.0,0.325222651163737,0.16885507106781006,2.7274576822916665,0.2725200255711873,0.02118404706319173,-0.11794936656951904
199,1.0183588150002834,100.091904,1.0529180765151978,0.39831632375717163,0.027149824425578117,0.072265625,0.0880148634314537,0.0,0.09087161719799042,0.0040144724771380424,0.1204020231962204,0.0,0.0,0.0,1.4586776494979858,3.052967071533203,0.15858247876167297,0.0,15.0,0.0,0.0,15.0,0.0,15.0,0.324886679649353,0.1709720492362976,2.718994140625,0.27239724000295,0.021237018207708996,-0.1179039478302002
200,1.0027901290000045,100.091904,1.0837887525558472,0.3984363377094269,0.02144443988800049,0.0712890625,0.09085246175527573,0.0,0.09231679141521454,0.004793533124029636,0.1200764998793602,0.0,0.0,0.0,1.4601939916610718,3.066498279571533,0.1657189130783081,0.0,13.0,0.0,0.0,13.0,0.0,13.0,0.3245016535123189,0.17708218097686768,2.7188720703125,0.27206061283747357,0.02123917390902837,-0.1179046630859375
201,1.030515583000124,100.091904,1.073405385017395,0.3952145576477051,0.017669858410954475,0.068359375,0.09015345573425293,0.0,0.09026120603084564,0.004871102515608072,0.1128336638212204,0.0,0.0,0.0,1.4912495613098145,3.020592451095581,0.15724657475948334,0.0,20.0,0.0,0.0,20.0,0.0,20.0,0.3239821990331014,0.1829795241355896,2.7249755859375,0.27171532313028973,0.0211602325240771,-0.11790084838867188
202,1.0290302379999048,100.091904,1.0527325868606567,0.38597291707992554,0.017149535939097404,0.068359375,0.08835230767726898,0.0,0.08608859032392502,0.00432817917317152,0.109130859375,0.0,0.0,0.0,1.5013153553009033,2.9589309692382812,0.15761826932430267,0.0,25.0,0.0,0.0,25.0,0.0,25.0,0.3235372106234233,0.18747717142105103,2.7654622395833335,0.27124516169230145,0.021120426555474598,-0.11790478229522705
203,1.059075980000216,100.091904,1.0100547075271606,0.3753112852573395,0.030518541112542152,0.0673828125,0.0850025862455368,0.0,0.07928192615509033,0.0031397610437124968,0.1025390625,0.0,0.0,0.0,1.5005450248718262,2.888737201690674,0.13031283020973206,0.0,19.0,0.0,0.0,19.0,0.0,19.0,0.32364340623219806,0.19233232736587524,2.7934163411458335,0.27094461520512897,0.021120843787988026,-0.11796224117279053
204,1.1151249509998706,100.091904,1.0449455976486206,0.35200607776641846,0.036569658666849136,0.06640625,0.08850620687007904,0.0,0.07864592969417572,0.0030566714704036713,0.0996907576918602,0.0,0.0,0.0,1.4859485626220703,2.883531093597412,0.13079014420509338,0.0,17.0,0.0,0.0,17.0,0.0,17.0,0.3235814571380615,0.20743080973625183,2.8105875651041665,0.27094576756159466,0.021037767330805462,-0.11805498600006104
205,0.9928960810002536,100.091904,1.0627820491790771,0.3370282053947449,0.07959550619125366,0.064453125,0.09012945741415024,0.0,0.0797325000166893,0.0030826812144368887,0.1021728515625,0.0,0.0,0.0,1.536098837852478,2.862730026245117,0.13055936992168427,0.0,6.0,0.0,0.0,6.0,0.0,6.0,0.324301540851593,0.20591425895690918,2.7906901041666665,0.2716127634048462,0.02095004419485728,-0.11812126636505127
206,0.9726478609995866,100.091904,1.041699767112732,0.33807626366615295,0.023391220718622208,0.0625,0.08764448761940002,0.0,0.07916690409183502,0.0030673937872052193,0.0947265625,0.0,0.0,0.0,1.5689653158187866,2.9348812103271484,0.14545311033725739,0.0,20.0,0.0,0.0,20.0,0.0,20.0,0.3253830075263977,0.20425757765769958,2.7731119791666665,0.2727765639623006,0.020953943332036335,-0.11812269687652588
207,0.9691993880001064,100.091904,1.0183321237564087,0.3537543714046478,0.01898682303726673,0.060546875,0.0851227194070816,0.0,0.07844431698322296,0.003170466050505638,0.0994466170668602,0.0,0.0,0.0,1.527813196182251,3.0839459896087646,0.1580021232366562,0.0,15.0,0.0,0.0,15.0,0.0,15.0,0.32642902930577594,0.20245301723480225,2.7799072265625,0.27364039421081543,0.021082560221354168,-0.11809790134429932
208,0.9659142000000429,100.091904,0.993562638759613,0.37552452087402344,0.030547382310032845,0.0595703125,0.08295212686061859,0.0,0.0748530775308609,0.0028115666937083006,0.0970458984375,0.0,0.0,0.0,1.4360835552215576,3.21405029296875,0.1451924741268158,0.0,14.0,0.0,0.0,14.0,0.0,14.0,0.3271145423253377,0.19562649726867676,2.7967529296875,0.27428944905598956,0.021128540237744648,-0.11799967288970947
209,1.0038007709999874,100.091904,0.9900855422019958,0.39827314019203186,0.04391351342201233,0.05859375,0.08219306170940399,0.0,0.07611100375652313,0.002930167829617858,0.1011149138212204,0.0,0.0,0.0,1.3707120418548584,3.3333194255828857,0.16077002882957458,0.0,11.0,0.0,0.0,11.0,0.0,11.0,0.326811949412028,0.1952163577079773,2.7943929036458335,0.2741527160008748,0.021104263762633007,-0.11777245998382568
210,0.9948367100000723,100.091904,0.9766297936439514,0.4162791967391968,0.04980403557419777,0.0576171875,0.080992192029953,0.0,0.07649342715740204,0.003074961481615901,0.096435546875,0.0,0.0,0.0,1.2873363494873047,3.346836805343628,0.14898911118507385,0.0,15.0,0.0,0.0,15.0,0.0,15.0,0.32619738578796387,0.1956232190132141,2.7735188802083335,0.2738633950551351,0.021061832706133526,-0.11758720874786377
211,0.9876443070002097,100.091904,0.957610011100769,0.4233771562576294,0.04791462793946266,0.0576171875,0.07925325632095337,0.0,0.07422633469104767,0.002783749718219042,0.08837890625,0.0,0.0,0.0,1.2930328845977783,3.321338653564453,0.1586577296257019,0.0,16.0,0.0,0.0,16.0,0.0,16.0,0.3254510164260864,0.19621670246124268,2.7777506510416665,0.27316057682037354,0.020987326900164287,-0.11744081974029541
212,0.9745239859998946,100.091904,0.928626298904419,0.41926759481430054,0.03722690790891647,0.056640625,0.0765315592288971,0.0,0.07378590852022171,0.002585038309916854,0.0870768278837204,0.0,0.0,0.0,1.3588926792144775,3.3115527629852295,0.1386762261390686,0.0,15.0,0.0,0.0,15.0,0.0,15.0,0.32427382469177246,0.19666820764541626,2.7726236979166665,0.2720652023951213,0.020910123984018963,-0.11736249923706055
213,0.9773666269998103,100.091904,0.9098788499832153,0.4070886969566345,0.021251648664474487,0.056640625,0.07454703748226166,0.0,0.07488960027694702,0.002573415171355009,0.0862630233168602,0.0,0.0,0.0,1.5137214660644531,3.3464207649230957,0.13369515538215637,0.0,15.0,0.0,0.0,15.0,0.0,15.0,0.3231673240661621,0.20252108573913574,2.7744547526041665,0.270746906598409,0.02086026221513748,-0.1173708438873291
214,0.9759350250001262,100.091904,0.9373447895050049,0.3761040270328522,0.028028184548020363,0.0556640625,0.07726701349020004,0.0,0.07623856514692307,0.0024038110859692097,0.089599609375,0.0,0.0,0.0,1.5992202758789062,3.376497983932495,0.12270345538854599,0.0,14.0,0.0,0.0,14.0,0.0,14.0,0.3226841290791829,0.21240383386611938,2.7606608072916665,0.27011895179748535,0.020877937475840252,-0.11749064922332764
215,0.9679088760003651,100.091904,0.9892522096633911,0.34167540073394775,0.04580599069595337,0.0556640625,0.08205556124448776,0.0,0.08009826391935349,0.0024065603502094746,0.1035970076918602,0.0,0.0,0.0,1.6901967525482178,3.3728036880493164,0.1384524703025818,0.0,16.0,0.0,0.0,16.0,0.0,16.0,0.32304678360621136,0.21226754784584045,2.769287109375,0.2704918583234151,0.020832135031620663,-0.11740291118621826
216,0.9709035779997066,100.091904,1.043035626411438,0.3148132860660553,0.10796941816806793,0.0537109375,0.08747758716344833,0.0,0.08203382045030594,0.002348609734326601,0.109375,0.0,0.0,0.0,1.7763335704803467,3.336271047592163,0.1262488216161728,0.0,15.0,0.0,0.0,15.0,0.0,15.0,0.32468944787979126,0.20813001692295074,2.7625325520833335,0.27189576625823975,0.020715405543645222,-0.11741888523101807
217,0.9742678960001285,100.091904,1.06870436668396,0.3052457571029663,0.07530304044485092,0.0537109375,0.08971341699361801,0.0,0.08060669898986816,0.0025730649940669537,0.1059977263212204,0.0,0.0,0.0,1.7408288717269897,3.3630576133728027,0.16968899965286255,0.0,26.0,0.0,0.0,26.0,0.0,26.0,0.3267643451690674,0.2177104949951172,2.7556559244791665,0.27394330501556396,0.020844260851542156,-0.11746430397033691
218,0.9927625420000368,100.091904,1.0393996238708496,0.31582731008529663,0.018082821741700172,0.0537109375,0.08722995966672897,0.0,0.07394973933696747,0.002280773827806115,0.0945231169462204,0.0,0.0,0.0,1.6723501682281494,3.4810166358947754,0.16434384882450104,0.0,22.0,0.0,0.0,22.0,0.0,22.0,0.3287285963694255,0.21896344423294067,2.758056640625,0.2758333086967468,0.020895101130008698,-0.11755692958831787
219,1.0007473099999515,100.091904,0.965074360370636,0.34449997544288635,0.017147308215498924,0.0537109375,0.0798337310552597,0.0,0.071320079267025,0.0023839897476136684,0.0941162109375,0.0,0.0,0.0,1.5757721662521362,3.650130033493042,0.16139504313468933,0.0,12.0,0.0,0.0,12.0,0.0,12.0,0.3296245535214742,0.21579796075820923,2.7611490885416665,0.27666940291722614,0.020865221818288166,-0.11758720874786377
220,1.0060188140000719,100.091904,0.9170297980308533,0.3713533282279968,0.038660380989313126,0.0537109375,0.07517008483409882,0.0,0.0678943619132042,0.0023496514186263084,0.0906982421875,0.0,0.0,0.0,1.3835796117782593,3.783315658569336,0.16774436831474304,0.0,20.0,0.0,0.0,20.0,0.0,20.0,0.3294600049654643,0.2098102569580078,2.7591145833333335,0.2768462896347046,0.02091049651304881,-0.11713993549346924
221,0.9960332580003524,100.091904,0.9074230790138245,0.3893114924430847,0.06041000410914421,0.0537109375,0.0747775137424469,0.0,0.06330250948667526,0.0019677397795021534,0.0822347030043602,0.0,0.0,0.0,1.1711654663085938,3.819859027862549,0.1532534807920456,0.0,12.0,0.0,0.0,12.0,0.0,12.0,0.32931111256281537,0.20090317726135254,2.7739664713541665,0.27681881189346313,0.020908003052075703,-0.11714363098144531
222,1.010847575000298,100.091904,0.9275419116020203,0.4053901731967926,0.06419306248426437,0.052734375,0.07659919559955597,0.0,0.06368599832057953,0.002003077883273363,0.0816650390625,0.0,0.0,0.0,1.1262084245681763,3.798704147338867,0.17035317420959473,0.0,11.0,0.0,0.0,11.0,0.0,11.0,0.32851556936899823,0.19755828380584717,2.7935384114583335,0.27634698152542114,0.020851681629816692,-0.11753535270690918
223,1.0018482659997971,100.091904,0.9210259318351746,0.4190015196800232,0.05627681314945221,0.052734375,0.07601604610681534,0.0,0.06259346008300781,0.001638084533624351,0.0823567733168602,0.0,0.0,0.0,1.2241179943084717,3.7173705101013184,0.15957129001617432,0.0,17.0,0.0,0.0,17.0,0.0,17.0,0.3276556730270386,0.19754427671432495,2.7880452473958335,0.27569276094436646,0.020802208532889683,-0.117531418800354
224,1.0138551840000218,100.091904,0.9250240325927734,0.4198823869228363,0.06365739554166794,0.0517578125,0.07645033299922943,0.0,0.06323224306106567,0.0015693858731538057,0.0830078125,0.0,0.0,0.0,1.3544906377792358,3.6543731689453125,0.1506907343864441,0.0,5.0,0.0,0.0,5.0,0.0,5.0,0.32610170046488446,0.19826644659042358,2.7836507161458335,0.2742590506871541,0.020749748994906742,-0.11746454238891602
225,1.0148686800002906,100.091904,0.9140580892562866,0.40476980805397034,0.03713444992899895,0.05078125,0.07503169029951096,0.0,0.0666816234588623,0.0018254697788506746,0.0843505859375,0.0,0.0,0.0,1.4644330739974976,3.684828519821167,0.1532447189092636,0.0,14.0,0.0,0.0,14.0,0.0,14.0,0.32495633761088055,0.19915831089019775,2.7668050130208335,0.2730492154757182,0.020711888869603474,-0.1175469160079956
226,0.9724906980000014,100.091904,0.8886005282402039,0.38044407963752747,0.018919887021183968,0.05078125,0.07244311273097992,0.0,0.06781793385744095,0.0019429631065577269,0.0799153670668602,0.0,0.0,0.0,1.5635316371917725,3.7252230644226074,0.13876983523368835,0.0,12.0,0.0,0.0,12.0,0.0,12.0,0.3243434826533,0.205277681350708,2.7611083984375,0.27246296405792236,0.020799615730841953,-0.1175161600112915
227,0.9509879670004011,100.091904,0.9261049032211304,0.3469187915325165,0.05291825905442238,0.05078125,0.07592985033988953,0.0,0.07294579595327377,0.0022628807928413153,0.0845133513212204,0.0,0.0,0.0,1.6317970752716064,3.7507553100585938,0.13436126708984375,0.0,10.0,0.0,0.0,10.0,0.0,10.0,0.3239951928456624,0.20999307930469513,2.7408447265625,0.2721933921178182,0.02083172897497813,-0.11745703220367432
228,0.9760887729999013,100.091904,0.9820875525474548,0.32003074884414673,0.054614465683698654,0.05078125,0.08129861205816269,0.0,0.075251504778862,0.002347612055018544,0.08447265625,0.0,0.0,0.0,1.6960196495056152,3.7140464782714844,0.14719566702842712,0.0,14.0,0.0,0.0,14.0,0.0,14.0,0.324565847714742,0.2099577784538269,2.7338053385416665,0.27286094427108765,0.020894567171732586,-0.11755633354187012
229,0.9956302449991199,100.091904,1.0186163187026978,0.30660727620124817,0.0749402791261673,0.0498046875,0.08498086780309677,0.0,0.07417689263820648,0.002319009741768241,0.0811360701918602,0.0,0.0,0.0,1.7572226524353027,3.6074419021606445,0.16076885163784027,0.0,17.0,0.0,0.0,17.0,0.0,17.0,0.32570892572402954,0.20813193917274475,2.7476399739583335,0.2742414077123006,0.02096290389696757,-0.11748552322387695
230,1.0205266020002455,100.091904,1.0312246084213257,0.3029290735721588,0.032868485897779465,0.046875,0.08638184517621994,0.0,0.06951001286506653,0.0019809980876743793,0.0751139372587204,0.0,0.0,0.0,1.7090654373168945,3.53416109085083,0.18146686255931854,0.0,21.0,0.0,0.0,21.0,0.0,21.0,0.32687634229660034,0.2088816612958908,2.7327473958333335,0.27607105175654095,0.020926217238108318,-0.11748254299163818
231,1.0266145840005265,100.091904,1.0173135995864868,0.3088730275630951,0.05405934527516365,0.046875,0.08532854169607162,0.0,0.06551684439182281,0.0017079124227166176,0.0741373747587204,0.0,0.0,0.0,1.654332160949707,3.464585781097412,0.1864093840122223,0.0,11.0,0.0,0.0,11.0,0.0,11.0,0.3276320695877075,0.2097756266593933,2.71630859375,0.2770847678184509,0.02093130846818288,-0.11761772632598877
232,1.0237491850002698,100.091904,1.000026822090149,0.3218848407268524,0.05758024379611015,0.046875,0.08345425128936768,0.0,0.06419185549020767,0.0015309479786083102,0.0745442733168602,0.0,0.0,0.0,1.5326268672943115,3.503857374191284,0.20009921491146088,0.0,14.0,0.0,0.0,14.0,0.0,14.0,0.32731231053670246,0.2050451636314392,2.7542724609375,0.2766539851824443,0.020955927670001984,-0.11766326427459717
233,1.0178706149999925,100.091904,0.9761799573898315,0.3381069302558899,0.02368280664086342,0.046875,0.08108454197645187,0.0,0.06428375095129013,0.0014642635360360146,0.0756429061293602,0.0,0.0,0.0,1.3760604858398438,3.601057767868042,0.1975780576467514,0.0,12.0,0.0,0.0,12.0,0.0,12.0,0.3266892035802205,0.1963098645210266,2.8051350911458335,0.2758304278055827,0.02087002992630005,-0.1172250509262085
234,0.9964981880002597,100.091904,0.9644637703895569,0.3516418933868408,0.04113927111029625,0.046875,0.07976990193128586,0.0,0.06753659248352051,0.0015173996798694134,0.0823974609375,0.0,0.0,0.0,1.256495714187622,3.655024290084839,0.18748587369918823,0.0,6.0,0.0,0.0,6.0,0.0,6.0,0.3258366584777832,0.194097638130188,2.8026123046875,0.27513452370961505,0.02073862279454867,-0.11721360683441162
235,1.017836910999904,100.091904,0.9558544754981995,0.36791735887527466,0.035095538944005966,0.046875,0.07838760316371918,0.0,0.07198306173086166,0.0015995372086763382,0.0885416716337204,0.0,0.0,0.0,1.2066258192062378,3.748591184616089,0.19529728591442108,0.0,8.0,0.0,0.0,8.0,0.0,8.0,0.32523765166600543,0.19428229331970215,2.7658284505208335,0.27451340357462567,0.020720188816388447,-0.1172105073928833
236,1.0581609370001388,100.091904,0.9355271458625793,0.38426902890205383,0.05098072811961174,0.046875,0.07599516212940216,0.0,0.07450804859399796,0.001608057296834886,0.0916341170668602,0.0,0.0,0.0,1.194690465927124,3.8353679180145264,0.18581336736679077,0.0,12.0,0.0,0.0,12.0,0.0,12.0,0.32452307144800824,0.1957770586013794,2.7325846354166665,0.27409525712331134,0.0206524059176445,-0.11756622791290283
237,1.1138066559997242,100.091904,0.9230485558509827,0.39336931705474854,0.06896937638521194,0.046875,0.07471415400505066,0.0,0.07572537660598755,0.001677660970017314,0.0948486328125,0.0,0.0,0.0,1.2366673946380615,3.843690872192383,0.16966557502746582,0.0,5.0,0.0,0.0,5.0,0.0,5.0,0.3236335515975952,0.1963663101196289,2.7224527994791665,0.2731454571088155,0.020583606014649074,-0.11751282215118408
238,1.0154320680003366,100.091904,0.9212525486946106,0.39439570903778076,0.04944821819663048,0.046875,0.07367627322673798,0.0,0.0804765522480011,0.0020323586650192738,0.1045328825712204,0.0,0.0,0.0,1.4122624397277832,3.78786039352417,0.2010641098022461,0.0,13.0,0.0,0.0,13.0,0.0,13.0,0.32207584381103516,0.19656705856323242,2.7376302083333335,0.27154115835825604,0.02052800978223483,-0.11749541759490967
239,1.0034623500005182,100.091904,0.9580850005149841,0.3798394799232483,0.04373561218380928,0.046875,0.07731878757476807,0.0,0.08261598646640778,0.0020340760238468647,0.1106770858168602,0.0,0.0,0.0,1.6123985052108765,3.835015296936035,0.17874345183372498,0.0,10.0,0.0,0.0,10.0,0.0,10.0,0.3210320274035136,0.20104140043258667,2.7447509765625,0.27071324984232586,0.02058372025688489,-0.1175011396408081
240,0.9824832630001765,100.091904,0.953790545463562,0.36723417043685913,0.0369594506919384,0.0458984375,0.07661199569702148,0.0,0.0877624973654747,0.002329489914700389,0.1142578125,0.0,0.0,0.0,1.8138861656188965,3.825878620147705,0.19142107665538788,0.0,16.0,0.0,0.0,16.0,0.0,16.0,0.3210574785868327,0.20773017406463623,2.7666422526041665,0.27064083019892377,0.020599059760570526,-0.11750423908233643
241,0.9945521820000067,100.091904,0.9727267622947693,0.35196399688720703,0.02984565496444702,0.044921875,0.07826702296733856,0.0,0.08966946601867676,0.0025145155377686024,0.1102701872587204,0.0,0.0,0.0,1.8950408697128296,3.809953451156616,0.21484586596488953,0.0,22.0,0.0,0.0,22.0,0.0,22.0,0.3218127091725667,0.20803868770599365,2.7392171223958335,0.2712164719899495,0.020578589290380478,-0.11750364303588867
242,1.0182280250000986,100.091904,1.0057557821273804,0.33878594636917114,0.050068143755197525,0.044921875,0.08156590908765793,0.0,0.09079761803150177,0.0026344405487179756,0.1130778044462204,0.0,0.0,0.0,1.9083309173583984,3.816046714782715,0.2050943821668625,0.0,16.0,0.0,0.0,16.0,0.0,16.0,0.32245177030563354,0.21156087517738342,2.7076009114583335,0.27225444714228314,0.02052528162797292,-0.11756110191345215
243,1.0128096700000242,100.091904,1.078565001487732,0.32082536816596985,0.030406955629587173,0.0439453125,0.08862751722335815,0.0,0.08997556567192078,0.0025566990952938795,0.1127522811293602,0.0,0.0,0.0,1.8714193105697632,3.976687431335449,0.21997401118278503,0.0,26.0,0.0,0.0,26.0,0.0,26.0,0.3234598636627197,0.21621179580688477,2.6617838541666665,0.27331844965616864,0.02063354601462682,-0.11763012409210205
244,1.029194601999734,100.091904,1.0934823751449585,0.3112097978591919,0.030934389680624008,0.04296875,0.09023269265890121,0.0,0.08862312883138657,0.0023259855806827545,0.112060546875,0.0,0.0,0.0,1.8011125326156616,4.054538726806641,0.21446913480758667,0.0,23.0,0.0,0.0,23.0,0.0,23.0,0.3237066666285197,0.21179606020450592,2.6661783854166665,0.274020791053772,0.020616429547468822,-0.11777305603027344
245,1.0262564810000185,100.091904,1.1028114557266235,0.3057469129562378,0.03373413160443306,0.0419921875,0.09103800356388092,0.0,0.08869141340255737,0.002377352211624384,0.1131591796875,0.0,0.0,0.0,1.7303657531738281,4.030522346496582,0.2335612028837204,0.0,21.0,0.0,0.0,21.0,0.0,21.0,0.32351189851760864,0.20721691846847534,2.6785888671875,0.27410823106765747,0.02075899268190066,-0.11781108379364014
246,0.9988189530004092,100.091904,1.0585908889770508,0.3123394548892975,0.03919780254364014,0.0419921875,0.0870579332113266,0.0,0.08780740201473236,0.0022299978882074356,0.1182861328125,0.0,0.0,0.0,1.6611860990524292,3.88447904586792,0.23085443675518036,0.0,19.0,0.0,0.0,19.0,0.0,19.0,0.3230098485946655,0.1982429027557373,2.6991373697916665,0.2737361192703247,0.020844991008440655,-0.11734533309936523
247,0.9919286589993135,100.091904,1.032281517982483,0.31855690479278564,0.0398290641605854,0.041015625,0.0849749743938446,0.0,0.08365125954151154,0.0020036157220602036,0.1139322966337204,0.0,0.0,0.0,1.4642928838729858,3.6376760005950928,0.23473772406578064,0.0,19.0,0.0,0.0,19.0,0.0,19.0,0.32223167022069293,0.1928853988647461,2.7516276041666665,0.2734193801879883,0.020911278824011486,-0.11770141124725342
248,0.9770412209991264,100.091904,0.9996493458747864,0.3271304965019226,0.037589460611343384,0.041015625,0.081966333091259,0.0,0.08166098594665527,0.0021812482737004757,0.1093343123793602,0.0,0.0,0.0,1.3045176267623901,3.443288564682007,0.2344629466533661,0.0,22.0,0.0,0.0,22.0,0.0,22.0,0.3218282659848531,0.1928073763847351,2.7789306640625,0.27339158455530804,0.020953722298145294,-0.117789626121521
249,0.9665366320004978,100.091904,0.9684911370277405,0.3405582904815674,0.048497945070266724,0.041015625,0.07928590476512909,0.0,0.07845424860715866,0.001958876848220825,0.10595703125,0.0,0.0,0.0,1.2644681930541992,3.3564555644989014,0.2074754685163498,0.0,10.0,0.0,0.0,10.0,0.0,10.0,0.32225807507832843,0.19357246160507202,2.7733561197916665,0.273952841758728,0.021112846831480663,-0.11765921115875244
250,0.9850038410004345,100.091904,0.9518673419952393,0.35153868794441223,0.03418097645044327,0.041015625,0.07761348783969879,0.0,0.07926909625530243,0.001963709481060505,0.1094970703125,0.0,0.0,0.0,1.2871137857437134,3.37434458732605,0.20810452103614807,0.0,14.0,0.0,0.0,14.0,0.0,14.0,0.322498361269633,0.19440382719039917,2.7453206380208335,0.27437273661295575,0.021073612074057262,-0.11754167079925537
251,1.0062609449996671,100.091904,0.9466294646263123,0.35389184951782227,0.038630057126283646,0.0400390625,0.07707644253969193,0.0,0.07984503358602524,0.0019220052054151893,0.1117350310087204,0.0,0.0,0.0,1.3018651008605957,3.3999438285827637,0.1997038573026657,0.0,13.0,0.0,0.0,13.0,0.0,13.0,0.32253777980804443,0.19582408666610718,2.7223714192708335,0.2743952473004659,0.020983124772707622,-0.1174468994140625
252,0.951375148999432,100.091904,0.9329180121421814,0.351889967918396,0.02008340135216713,0.0400390625,0.07552070170640945,0.0,0.0823383629322052,0.0021220152266323566,0.1165364608168602,0.0,0.0,0.0,1.3513870239257812,3.455382823944092,0.18998084962368011,0.0,10.0,0.0,0.0,10.0,0.0,10.0,0.3223226070404053,0.20190036296844482,2.7347005208333335,0.2741352121035258,0.020906927684942882,-0.11745285987854004
253,0.9946477139992567,100.091904,0.923028290271759,0.351898729801178,0.03408721089363098,0.0390625,0.07430040091276169,0.0,0.08649258315563202,0.002690250752493739,0.1205240935087204,0.0,0.0,0.0,1.4040718078613281,3.3814163208007812,0.19690844416618347,0.0,9.0,0.0,0.0,9.0,0.0,9.0,0.3218960960706075,0.21109461784362793,2.7471516927083335,0.2739867369333903,0.02097402513027191,-0.11747705936431885
254,1.001074308999705,100.091904,0.9483184814453125,0.35364532470703125,0.03892422467470169,0.0380859375,0.07643155008554459,0.0,0.08764706552028656,0.0031451841350644827,0.1186116561293602,0.0,0.0,0.0,1.4635436534881592,3.357525587081909,0.2160836160182953,0.0,20.0,0.0,0.0,20.0,0.0,20.0,0.3215040365854899,0.2174271196126938,2.7903238932291665,0.2737010916074117,0.02102132886648178,-0.11748635768890381
255,0.9936136579999584,100.091904,0.9603641033172607,0.35490310192108154,0.039131227880716324,0.0380859375,0.07773378491401672,0.0,0.08309649676084518,0.0028668083250522614,0.1079915389418602,0.0,0.0,0.0,1.455362319946289,3.455331802368164,0.20939362049102783,0.0,15.0,0.0,0.0,15.0,0.0,15.0,0.3217104474703471,0.21845000982284546,2.824951171875,0.2741117477416992,0.021059418718020122,-0.11750364303588867
256,1.0128337260002809,100.091904,0.9603590369224548,0.36122655868530273,0.04170075058937073,0.0380859375,0.07757633179426193,0.0,0.08112818002700806,0.00267252279445529,0.1070963591337204,0.0,0.0,0.0,1.4104875326156616,3.5821521282196045,0.2284162938594818,0.0,17.0,0.0,0.0,17.0,0.0,17.0,0.3220724860827128,0.20855695009231567,2.806884765625,0.27448805173238117,0.021121953924496967,-0.11752641201019287
257,1.0115234300001248,100.091904,0.9706608653068542,0.366585910320282,0.05006623640656471,0.0380859375,0.07862824946641922,0.0,0.07996167242527008,0.002368554240092635,0.106689453125,0.0,0.0,0.0,1.3822741508483887,3.6616153717041016,0.23366260528564453,0.0,10.0,0.0,0.0,10.0,0.0,10.0,0.3221040964126587,0.21345457434654236,2.7754720052083335,0.27444903055826825,0.02109978844722112,-0.11757063865661621
258,1.0325084939995577,100.091904,0.9846503138542175,0.3694414496421814,0.05472905561327934,0.037109375,0.07963019609451294,0.0,0.08023447543382645,0.002145081525668502,0.1102701872587204,0.0,0.0,0.0,1.4133169651031494,3.704366445541382,0.2509339153766632,0.0,14.0,0.0,0.0,14.0,0.0,14.0,0.3217762311299642,0.2070738673210144,2.7593180338541665,0.27403030792872113,0.020991434653600056,-0.11762547492980957
259,1.0699576679999154,100.091904,0.9712885022163391,0.3655183017253876,0.049588341265916824,0.037109375,0.07843872159719467,0.0,0.07987302541732788,0.0018285501282662153,0.1156412810087204,0.0,0.0,0.0,1.445062518119812,3.654151439666748,0.25204765796661377,0.0,12.0,0.0,0.0,12.0,0.0,12.0,0.3210388422012329,0.1980646848678589,2.7496744791666665,0.2734597524007161,0.021068935592969257,-0.11720144748687744
260,1.0236824739995427,100.091904,0.9760876297950745,0.3545565903186798,0.024922357872128487,0.037109375,0.07894681394100189,0.0,0.08255709707736969,0.0019179261289536953,0.1181640625,0.0,0.0,0.0,1.4665374755859375,3.6163699626922607,0.24775616824626923,0.0,11.0,0.0,0.0,11.0,0.0,11.0,0.3203125794728597,0.19240343570709229,2.7351481119791665,0.2726762692133586,0.021111903091271717,-0.11719870567321777
261,0.9986247020005976,100.091904,1.010500431060791,0.3418760597705841,0.033563293516635895,0.037109375,0.0820889100432396,0.0,0.08544470369815826,0.002193551044911146,0.1158447265625,0.0,0.0,0.0,1.486043930053711,3.74542498588562,0.24272966384887695,0.0,14.0,0.0,0.0,14.0,0.0,14.0,0.3199487129847209,0.19228947162628174,2.7325032552083335,0.272099773089091,0.02114274601141612,-0.11721086502075195
262,0.9704221920001146,100.091904,1.0061273574829102,0.33644357323646545,0.03251974657177925,0.037109375,0.08187513798475266,0.0,0.0832931399345398,0.002021038206294179,0.1155598983168602,0.0,0.0,0.0,1.4510705471038818,3.9061381816864014,0.23213379085063934,0.0,21.0,0.0,0.0,21.0,0.0,21.0,0.3203226923942566,0.19312936067581177,2.7294921875,0.2725830078125,0.021126943329970043,-0.11727559566497803
263,1.00214013599998,100.091904,1.0205999612808228,0.3303837478160858,0.054651834070682526,0.037109375,0.08318319916725159,0.0,0.08546372503042221,0.0021889526396989822,0.117431640625,0.0,0.0,0.0,1.453637957572937,3.9753482341766357,0.22811119258403778,0.0,14.0,0.0,0.0,14.0,0.0,14.0,0.3201163609822591,0.1943063735961914,2.7242024739583335,0.2725720206896464,0.020966048041979473,-0.11736774444580078
264,1.1016730040000766,100.091904,1.0039738416671753,0.3289501667022705,0.05795691907405853,0.0361328125,0.08153645694255829,0.0,0.08501029014587402,0.002233518986031413,0.109130859375,0.0,0.0,0.0,1.475555419921875,3.9248666763305664,0.2233492136001587,0.0,16.0,0.0,0.0,16.0,0.0,16.0,0.3200047214825948,0.19721031188964844,2.7186279296875,0.27255435784657794,0.021081718305746715,-0.1174614429473877
265,1.0731966960001955,100.091904,0.970021665096283,0.3310295641422272,0.0372636504471302,0.03515625,0.07866606116294861,0.0,0.08222152292728424,0.002034633420407772,0.1000162810087204,0.0,0.0,0.0,1.4825382232666016,3.838310956954956,0.19904319941997528,0.0,15.0,0.0,0.0,15.0,0.0,15.0,0.32013213634490967,0.20497792959213257,2.7358805338541665,0.27277026573816937,0.02098635584115982,-0.11746203899383545
266,1.0798701889998483,100.091904,0.932797372341156,0.3374534547328949,0.030683735385537148,0.0341796875,0.07533614337444305,0.0,0.08061971515417099,0.0018571856198832393,0.0972086638212204,0.0,0.0,0.0,1.4705642461776733,3.6485347747802734,0.19683343172073364,0.0,14.0,0.0,0.0,14.0,0.0,14.0,0.3202224572499593,0.20194101333618164,2.7195231119791665,0.27313995361328125,0.020906873047351837,-0.1174464225769043
267,1.0933176620001177,100.091904,0.9125455021858215,0.34351345896720886,0.028041966259479523,0.0341796875,0.07323772460222244,0.0,0.08187088370323181,0.0020158628467470407,0.1026204451918602,0.0,0.0,0.0,1.4938520193099976,3.473466396331787,0.21263480186462402,0.0,13.0,0.0,0.0,13.0,0.0,13.0,0.3201436201731364,0.2019439935684204,2.74365234375,0.2731508215268453,0.020835233231385548,-0.11741507053375244
268,1.1150374120006745,100.091904,0.9019637107849121,0.34690061211586,0.035152867436409,0.0341796875,0.07216930389404297,0.0,0.08260323852300644,0.0018163693603128195,0.1010335311293602,0.0,0.0,0.0,1.518943190574646,3.4824702739715576,0.20712900161743164,0.0,10.0,0.0,0.0,10.0,0.0,10.0,0.3208494583765666,0.2025897204875946,2.7333170572916665,0.27361106872558594,0.020773572226365406,-0.11746776103973389
269,1.0820708510000259,100.091904,0.919521152973175,0.34603041410446167,0.017739417031407356,0.0341796875,0.07347236573696136,0.0,0.0857815071940422,0.0018778336234390736,0.1127115935087204,0.0,0.0,0.0,1.5502498149871826,3.6316096782684326,0.21739515662193298,0.0,16.0,0.0,0.0,16.0,0.0,16.0,0.3216285506884257,0.20250171422958374,2.7156168619791665,0.27424556016921997,0.020895659923553467,-0.11755526065826416
270,1.0706790930007628,100.091904,0.9471734762191772,0.3444874882698059,0.06253788620233536,0.0341796875,0.07582595944404602,0.0,0.09016172587871552,0.002139096613973379,0.1279296875,0.0,0.0,0.0,1.5357489585876465,3.7167139053344727,0.2216588258743286,0.0,5.0,0.0,0.0,5.0,0.0,5.0,0.3218618631362915,0.213541641831398,2.7234700520833335,0.27451733748118085,0.020937008162339527,-0.11764657497406006
271,1.0658659869995972,100.091904,0.9703705310821533,0.34599071741104126,0.030307587236166,0.0341796875,0.07752060890197754,0.0,0.09410848468542099,0.0027187480591237545,0.1420084685087204,0.0,0.0,0.0,1.5606064796447754,3.792741537094116,0.2351958006620407,0.0,17.0,0.0,0.0,17.0,0.0,17.0,0.32184547185897827,0.20636086165905,2.7432454427083335,0.2744020422299703,0.020908735692501068,-0.11772811412811279
272,0.9811454580003556,100.091904,0.9614843130111694,0.35289332270622253,0.04392438009381294,0.0341796875,0.07654491066932678,0.0,0.09263186901807785,0.002858807798475027,0.138671875,0.0,0.0,0.0,1.557496428489685,3.8134937286376953,0.2528515160083771,0.0,20.0,0.0,0.0,20.0,0.0,20.0,0.32203402121861774,0.19922000169754028,2.7541097005208335,0.274314284324646,0.021096964677174885,-0.11732661724090576
273,0.9818407869997827,100.091904,0.9261972308158875,0.3626949191093445,0.041783273220062256,0.0341796875,0.0736050009727478,0.0,0.08782705664634705,0.0026656424161046743,0.129150390625,0.0,0.0,0.0,1.4915385246276855,3.660221815109253,0.23658409714698792,0.0,24.0,0.0,0.0,24.0,0.0,24.0,0.32190301020940143,0.1926732063293457,2.774658203125,0.2743401527404785,0.02114906907081604,-0.11731612682342529
274,1.140469989999474,100.091904,0.9382140040397644,0.3615422248840332,0.04146481677889824,0.033203125,0.07524371147155762,0.0,0.0830276608467102,0.0023844533134251833,0.1197916716337204,0.0,0.0,0.0,1.3699582815170288,3.5945911407470703,0.23582732677459717,0.0,23.0,0.0,0.0,23.0,0.0,23.0,0.321987509727478,0.19230592250823975,2.7994791666666665,0.27432817220687866,0.021190638343493145,-0.11730873584747314
275,1.0028990669998166,100.091904,0.9024209380149841,0.36342066526412964,0.03666255623102188,0.033203125,0.07232221961021423,0.0,0.07885764539241791,0.0017677887808531523,0.1115315780043602,0.0,0.0,0.0,1.3334238529205322,3.589567184448242,0.21188482642173767,0.0,14.0,0.0,0.0,14.0,0.0,14.0,0.3221426208813985,0.20466890931129456,2.824462890625,0.27430834372838336,0.02124280979235967,-0.11761677265167236
276,1.0040211169998656,100.091904,0.8819310069084167,0.3599233627319336,0.03624739125370979,0.033203125,0.07001319527626038,0.0,0.08172376453876495,0.0020121114794164896,0.1153564453125,0.0,0.0,0.0,1.4506065845489502,3.582174301147461,0.21462854743003845,0.0,10.0,0.0,0.0,10.0,0.0,10.0,0.3214699824651082,0.20703405141830444,2.8203125,0.27360280354817706,0.02118498831987381,-0.11757290363311768
277,0.9757296350007891,100.091904,0.9104963541030884,0.3429136276245117,0.01639491692185402,0.033203125,0.07281047850847244,0.0,0.08166295289993286,0.002087840810418129,0.1161295622587204,0.0,0.0,0.0,1.506874442100525,3.618272542953491,0.20736202597618103,0.0,17.0,0.0,0.0,17.0,0.0,17.0,0.3209458390871684,0.20614472031593323,2.8127848307291665,0.2729792793591817,0.02113894373178482,-0.11761188507080078
278,0.9737678259998575,100.091904,0.9154473543167114,0.3285103142261505,0.017857402563095093,0.033203125,0.07376539707183838,0.0,0.07781149446964264,0.0018040364375337958,0.1084798201918602,0.0,0.0,0.0,1.5357718467712402,3.6440658569335938,0.18638598918914795,0.0,20.0,0.0,0.0,20.0,0.0,20.0,0.32095728317896527,0.20597392320632935,2.8177083333333335,0.2729152242342631,0.02108830213546753,-0.11761200428009033
279,0.9782739399997809,100.091904,0.924811601638794,0.31725913286209106,0.0682588592171669,0.03125,0.0747600644826889,0.0,0.07857935130596161,0.001878645271062851,0.1068522185087204,0.0,0.0,0.0,1.5909554958343506,3.5971286296844482,0.1796588897705078,0.0,9.0,0.0,0.0,9.0,0.0,9.0,0.32058260838190716,0.20916762948036194,2.8270263671875,0.2727033694585164,0.02104940762122472,-0.11753225326538086
280,1.0059770159996333,100.091904,0.9221676588058472,0.31488654017448425,0.020093431696295738,0.03125,0.0743018239736557,0.0,0.07762991636991501,0.0019351750379428267,0.1041666716337204,0.0,0.0,0.0,1.6007260084152222,3.674722194671631,0.19372931122779846,0.0,20.0,0.0,0.0,20.0,0.0,20.0,0.321021835009257,0.21064162254333496,2.8395589192708335,0.27295011281967163,0.020977531870206196,-0.11751651763916016
281,0.9805790709997382,100.091904,0.9132739305496216,0.32229626178741455,0.0219445638358593,0.03125,0.07342177629470825,0.0,0.07590898126363754,0.0018267760751768947,0.102783203125,0.0,0.0,0.0,1.5971755981445312,3.878251552581787,0.18461112678050995,0.0,9.0,0.0,0.0,9.0,0.0,9.0,0.3218805988629659,0.20790833234786987,2.8400065104166665,0.27359306812286377,0.021025826533635456,-0.11759054660797119
282,0.9963303060003454,100.091904,0.9172881245613098,0.33259522914886475,0.02582365646958351,0.03125,0.07341703027486801,0.0,0.0767882689833641,0.001808303757570684,0.102783203125,0.0,0.0,0.0,1.6324191093444824,4.086224555969238,0.19261842966079712,0.0,13.0,0.0,0.0,13.0,0.0,13.0,0.32208261887232464,0.20944491028785706,2.7764078776041665,0.27415231863657635,0.021070947249730427,-0.11765635013580322
283,0.9968518700006825,100.091904,0.9451054334640503,0.33936917781829834,0.029217885807156563,0.03125,0.07590389251708984,0.0,0.07723440229892731,0.0020504891872406006,0.1046956405043602,0.0,0.0,0.0,1.5274560451507568,4.145739555358887,0.20976965129375458,0.0,16.0,0.0,0.0,16.0,0.0,16.0,0.32208502292633057,0.21053829789161682,2.7379557291666665,0.2744940718015035,0.0210788498322169,-0.11778318881988525
284,1.0135796650001794,100.091904,0.9258988499641418,0.34887197613716125,0.03488703817129135,0.03125,0.0744345411658287,0.0,0.07458056509494781,0.0019529182463884354,0.1019694060087204,0.0,0.0,0.0,1.3840782642364502,4.092861652374268,0.208174467086792,0.0,16.0,0.0,0.0,16.0,0.0,16.0,0.3220662673314412,0.20737439393997192,2.71728515625,0.27413372198740643,0.02117264022429784,-0.1178210973739624
285,1.0260360230004153,100.091904,0.9191046357154846,0.3515949845314026,0.022447319701313972,0.03125,0.07391022145748138,0.0,0.07495704293251038,0.001985750161111355,0.1012369841337204,0.0,0.0,0.0,1.2985637187957764,3.9171512126922607,0.22084932029247284,0.0,11.0,0.0,0.0,11.0,0.0,11.0,0.32119067509969074,0.20008879899978638,2.749755859375,0.2731706102689107,0.021210886538028717,-0.11727571487426758
286,1.0127030969997577,100.091904,0.9020309448242188,0.3513196110725403,0.019149886444211006,0.03125,0.07228240370750427,0.0,0.07541252672672272,0.002046493347734213,0.1007080078125,0.0,0.0,0.0,1.2652432918548584,3.6959903240203857,0.23414067924022675,0.0,15.0,0.0,0.0,15.0,0.0,15.0,0.32048221429189044,0.19264709949493408,2.7668050130208335,0.27226827541987103,0.021172553300857544,-0.11723315715789795
287,1.0408349660001477,100.091904,0.9007670283317566,0.346332311630249,0.014665358699858189,0.03125,0.0724499300122261,0.0,0.07498408854007721,0.0018181171035394073,0.1005859375,0.0,0.0,0.0,1.274990439414978,3.5471458435058594,0.21862995624542236,0.0,12.0,0.0,0.0,12.0,0.0,12.0,0.3200084368387858,0.1917945146560669,2.80224609375,0.2717784643173218,0.021180113156636555,-0.11773931980133057
288,1.0168920080004682,100.091904,0.8969194889068604,0.33904945850372314,0.03783346712589264,0.03125,0.0722547173500061,0.0,0.07602497190237045,0.0018424683948978782,0.1023763045668602,0.0,0.0,0.0,1.3000972270965576,3.5182437896728516,0.20373553037643433,0.0,12.0,0.0,0.0,12.0,0.0,12.0,0.3199598987897237,0.19216692447662354,2.8069661458333335,0.2718646128972371,0.021075032651424408,-0.11763644218444824
289,1.0350384120001763,100.091904,0.8848140239715576,0.3349434733390808,0.055677831172943115,0.03125,0.07072567939758301,0.0,0.07821454107761383,0.0019373962422832847,0.1029459685087204,0.0,0.0,0.0,1.400915503501892,3.51849627494812,0.20447281002998352,0.0,12.0,0.0,0.0,12.0,0.0,12.0,0.3201536734898885,0.19305014610290527,2.8161214192708335,0.2719465096791585,0.021094451347986858,-0.1174999475479126
290,1.0295699959997364,100.091904,0.8613714575767517,0.33337146043777466,0.023368172347545624,0.03125,0.06834420561790466,0.0,0.07815371453762054,0.0018516200361773372,0.1067301481962204,0.0,0.0,0.0,1.4855995178222656,3.5154809951782227,0.1936708390712738,0.0,13.0,0.0,0.0,13.0,0.0,13.0,0.3208464980125427,0.1938169002532959,2.8416341145833335,0.2724173863728841,0.021009450157483418,-0.11739695072174072
291,1.020402044000548,100.091904,0.8480739593505859,0.3371506929397583,0.013921936973929405,0.029296875,0.06689091771841049,0.0,0.07851214706897736,0.0017226513009518385,0.10888671875,0.0,0.0,0.0,1.5626275539398193,3.5107808113098145,0.1991380751132965,0.0,12.0,0.0,0.0,12.0,0.0,12.0,0.3214677969614665,0.19878137111663818,2.8153483072916665,0.2730827530225118,0.021060141424338024,-0.11736953258514404
292,0.9999940460002108,100.091904,0.818520724773407,0.3488314747810364,0.01856316812336445,0.029296875,0.0638318806886673,0.0,0.07783140987157822,0.0016815392300486565,0.1147054061293602,0.0,0.0,0.0,1.6216261386871338,3.4646499156951904,0.21057526767253876,0.0,15.0,0.0,0.0,15.0,0.0,15.0,0.3223341902097066,0.20675313472747803,2.8251546223958335,0.2739105025927226,0.021118253469467163,-0.117392897605896
293,0.9915327139997316,100.091904,0.8085992932319641,0.3587842881679535,0.025773605331778526,0.029296875,0.06302253901958466,0.0,0.07695016264915466,0.0015643101651221514,0.11328125,0.0,0.0,0.0,1.5761302709579468,3.4525065422058105,0.2167639434337616,0.0,13.0,0.0,0.0,13.0,0.0,13.0,0.3227112690607707,0.2008458971977234,2.8427734375,0.2742666204770406,0.021114019056161244,-0.11740434169769287
294,1.0237942089997887,100.091904,0.8355877995491028,0.3641261160373688,0.02390577830374241,0.0283203125,0.06548846513032913,0.0,0.07646133750677109,0.001628034166060388,0.108154296875,0.0,0.0,0.0,1.5933177471160889,3.540266752243042,0.2334015965461731,0.0,13.0,0.0,0.0,13.0,0.0,13.0,0.3223917484283447,0.19864708185195923,2.8420817057291665,0.27421581745147705,0.021045299867788952,-0.11744809150695801
295,1.020857655999862,100.091904,0.8457257151603699,0.3673865795135498,0.024256864562630653,0.02734375,0.06623302400112152,0.0,0.07878635823726654,0.0019150623120367527,0.1031087264418602,0.0,0.0,0.0,1.631319284439087,3.6780033111572266,0.23173925280570984,0.0,11.0,0.0,0.0,11.0,0.0,11.0,0.3220523198445638,0.20137573778629303,2.8284098307291665,0.2738048831621806,0.021076398591200512,-0.11750543117523193
296,1.0323461649995807,100.091904,0.9000879526138306,0.3590583801269531,0.027232322841882706,0.02734375,0.0712139755487442,0.0,0.08073402941226959,0.0020355763845145702,0.1007893905043602,0.0,0.0,0.0,1.648827075958252,3.8134524822235107,0.244843527674675,0.0,13.0,0.0,0.0,13.0,0.0,13.0,0.3215622504552205,0.19381403923034668,2.7938232421875,0.2732238570849101,0.021071838835875194,-0.11755430698394775
297,1.0352469769995878,100.091904,0.9109938740730286,0.349262535572052,0.017285728827118874,0.0263671875,0.07208842039108276,0.0,0.08085697889328003,0.0018445493187755346,0.1011962890625,0.0,0.0,0.0,1.698800802230835,3.7893142700195312,0.2582378089427948,0.0,17.0,0.0,0.0,17.0,0.0,17.0,0.3207287589708964,0.1872546672821045,2.767333984375,0.2728094855944316,0.0211301992336909,-0.11762392520904541
298,1.0104793979999158,100.091904,0.9207024574279785,0.33346477150917053,0.025077104568481445,0.0263671875,0.07319600880146027,0.0,0.08135035634040833,0.0016951020807027817,0.0988362655043602,0.0,0.0,0.0,1.7339195013046265,3.7249057292938232,0.2474106252193451,0.0,11.0,0.0,0.0,11.0,0.0,11.0,0.31983890136082965,0.2042180895805359,2.7729899088541665,0.27233827114105225,0.02114328493674596,-0.11762213706970215
299,1.0038304310000967,100.091904,0.9266013503074646,0.31951308250427246,0.026664189994335175,0.0263671875,0.07394175231456757,0.0,0.08106628805398941,0.0014768814435228705,0.0880940780043602,0.0,0.0,0.0,1.7331264019012451,3.6958606243133545,0.24155330657958984,0.0,18.0,0.0,0.0,18.0,0.0,18.0,0.31984957059224445,0.20436899363994598,2.7838541666666665,0.27231091260910034,0.021065404017766316,-0.11725509166717529
300,1.0040540449999753,100.091904,0.9185571074485779,0.3166494369506836,0.035048484802246094,0.025390625,0.07292907685041428,0.0,0.08299626410007477,0.0013123508542776108,0.0948486328125,0.0,0.0,0.0,1.801793098449707,3.712907314300537,0.23714958131313324,0.0,13.0,0.0,0.0,13.0,0.0,13.0,0.3203277786572774,0.20425744354724884,2.7615966796875,0.272453248500824,0.0210711012283961,-0.11725127696990967
301,0.9913574679994781,100.091904,0.9291040897369385,0.31830930709838867,0.014129242859780788,0.025390625,0.0737275704741478,0.0,0.08562321960926056,0.0011345999082550406,0.1014404296875,0.0,0.0,0.0,1.8831613063812256,3.889641523361206,0.21540699899196625,0.0,7.0,0.0,0.0,7.0,0.0,7.0,0.32086728016535443,0.2071712166070938,2.7342529296875,0.2728808323542277,0.021046750247478485,-0.11731815338134766
302,1.0281352310003058,100.091904,0.9776278734207153,0.3202764391899109,0.022857271134853363,0.0244140625,0.07766695320606232,0.0,0.09264986217021942,0.0015333842020481825,0.1128336638212204,0.0,0.0,0.0,1.9338682889938354,4.144625663757324,0.23422372341156006,0.0,12.0,0.0,0.0,12.0,0.0,12.0,0.32062941789627075,0.2102556824684143,2.67041015625,0.27268773317337036,0.021036989986896515,-0.11741816997528076
303,1.046723006999855,100.091904,1.0155442953109741,0.3257269859313965,0.039569225162267685,0.0244140625,0.08080677688121796,0.0,0.0964730978012085,0.0017533458303660154,0.1219889372587204,0.0,0.0,0.0,1.901989459991455,4.430569648742676,0.2433772087097168,0.0,16.0,0.0,0.0,16.0,0.0,16.0,0.32061976194381714,0.20747478306293488,2.6432291666666665,0.27251633008321124,0.02111985037724177,-0.11753308773040771
304,1.0765239629999996,100.091904,1.0376865863800049,0.3311159908771515,0.03348154574632645,0.0244140625,0.0828055888414383,0.0,0.09906937181949615,0.001980261644348502,0.1287841796875,0.0,0.0,0.0,1.7738234996795654,4.467587471008301,0.25138819217681885,0.0,17.0,0.0,0.0,17.0,0.0,17.0,0.3197127779324849,0.20177891850471497,2.6310628255208335,0.27180016040802,0.021168900032838184,-0.11757338047027588
305,1.064409280000291,100.091904,1.0788837671279907,0.32758665084838867,0.024974321946501732,0.0244140625,0.08694767951965332,0.0,0.1025124192237854,0.0021857693791389465,0.1420084685087204,0.0,0.0,0.0,1.6339471340179443,4.328125,0.244268536567688,0.0,12.0,0.0,0.0,12.0,0.0,12.0,0.318165918191274,0.2006293684244156,2.606689453125,0.27080853780110675,0.021148135264714558,-0.11755096912384033
306,1.0302215789997717,100.091904,1.1046888828277588,0.3262500762939453,0.017801783978939056,0.0234375,0.0889507383108139,0.0,0.10774724185466766,0.0026832707226276398,0.152587890625,0.0,0.0,0.0,1.5301048755645752,4.151858329772949,0.2767084538936615,0.0,17.0,0.0,0.0,17.0,0.0,17.0,0.3166622519493103,0.19991576671600342,2.6223551432291665,0.26954946915308636,0.021117220322291057,-0.11751067638397217
307,1.064555974000541,100.091904,1.1159002780914307,0.32161712646484375,0.020414870232343674,0.0234375,0.09009554237127304,0.0,0.11025834083557129,0.0029515083879232407,0.1514485776424408,0.0,0.0,0.0,1.4918537139892578,4.064570903778076,0.26678863167762756,0.0,14.0,0.0,0.0,14.0,0.0,14.0,0.3163350423177083,0.20899933576583862,2.6240234375,0.26906438668568927,0.021075576543807983,-0.11757957935333252
308,1.0909036359998936,100.091904,1.1164793968200684,0.3147463798522949,0.011450943537056446,0.0224609375,0.09021817147731781,0.0,0.110776387155056,0.002962530357763171,0.1517333984375,0.0,0.0,0.0,1.5021789073944092,4.018144130706787,0.28710609674453735,0.0,28.0,0.0,0.0,28.0,0.0,28.0,0.31667699416478473,0.19790899753570557,2.6480305989583335,0.2695576747258504,0.021070989469687145,-0.1175544261932373
309,1.0534539880000011,100.091904,1.0732214450836182,0.31002306938171387,0.03556137904524803,0.0224609375,0.08639079332351685,0.0,0.10919149219989777,0.0026330517139285803,0.1577962338924408,0.0,0.0,0.0,1.5255845785140991,3.8798413276672363,0.26773685216903687,0.0,17.0,0.0,0.0,17.0,0.0,17.0,0.31718740860621136,0.1940029263496399,2.6525472005208335,0.2702633738517761,0.020999208092689514,-0.11768984794616699
310,1.066456442999879,100.091904,1.0913054943084717,0.2977975010871887,0.020106809213757515,0.021484375,0.08824867010116577,0.0,0.11025508493185043,0.002857776125892997,0.1590983122587204,0.0,0.0,0.0,1.5070748329162598,3.855272054672241,0.2635233998298645,0.0,23.0,0.0,0.0,23.0,0.0,23.0,0.31757479906082153,0.1951085925102234,2.6669108072916665,0.2708428700764974,0.021010418732961018,-0.11776161193847656
311,1.066064249000192,100.091904,1.0246671438217163,0.3041122555732727,0.03241845220327377,0.021484375,0.08180348575115204,0.0,0.10855498909950256,0.0027846999000757933,0.1608072966337204,0.0,0.0,0.0,1.5586023330688477,3.7568633556365967,0.27392682433128357,0.0,26.0,0.0,0.0,26.0,0.0,26.0,0.31831588347752887,0.1997343897819519,2.6714680989583335,0.27155522505442303,0.021033798654874165,-0.11741530895233154
312,1.2052382960000614,100.091904,1.0013357400894165,0.3094286322593689,0.012788676656782627,0.021484375,0.07998974621295929,0.0,0.1014804095029831,0.002448302460834384,0.1461995542049408,0.0,0.0,0.0,1.540026068687439,3.725625514984131,0.27296268939971924,0.0,25.0,0.0,0.0,25.0,0.0,25.0,0.3190178871154785,0.20104563236236572,2.712158203125,0.2723867694536845,0.021214803059895832,-0.11738002300262451
313,1.0595444729997325,100.091904,0.9797473549842834,0.3199918568134308,0.014954659156501293,0.021484375,0.07814409583806992,0.0,0.09638737887144089,0.002263070084154606,0.1433919370174408,0.0,0.0,0.0,1.567726969718933,3.7529797554016113,0.25815504789352417,0.0,23.0,0.0,0.0,23.0,0.0,23.0,0.31954753398895264,0.19625186920166016,2.7534586588541665,0.27285218238830566,0.021187514066696167,-0.11769521236419678
314,1.0532855559995369,100.091904,0.9758710861206055,0.3314647078514099,0.02180972881615162,0.021484375,0.07783989608287811,0.0,0.09557349979877472,0.0024314073380082846,0.1443278044462204,0.0,0.0,0.0,1.5438103675842285,3.763739585876465,0.2620856761932373,0.0,18.0,0.0,0.0,18.0,0.0,18.0,0.32007282972335815,0.19614046812057495,2.7539469401041665,0.27335160970687866,0.021250618000825245,-0.11754310131072998
315,1.0599265209993973,100.091904,0.9681714773178101,0.34243667125701904,0.012489372864365578,0.0205078125,0.07718031853437424,0.0,0.09415744245052338,0.0026034070178866386,0.140869140625,0.0,0.0,0.0,1.4399850368499756,3.784027099609375,0.2670901417732239,0.0,19.0,0.0,0.0,19.0,0.0,19.0,0.32053065299987793,0.1968356966972351,2.7364501953125,0.273831844329834,0.021340193847815197,-0.11737632751464844
316,1.0454503319997457,100.091904,0.9328768253326416,0.35127124190330505,0.018322914838790894,0.0205078125,0.07406502962112427,0.0,0.09037090837955475,0.0024480773136019707,0.1377767026424408,0.0,0.0,0.0,1.3193776607513428,3.7445168495178223,0.2539472281932831,0.0,18.0,0.0,0.0,18.0,0.0,18.0,0.320351521174113,0.19853299856185913,2.7384033203125,0.2740718126296997,0.02134130150079727,-0.11736416816711426
317,1.0601546109992341,100.091904,0.91289222240448,0.35699963569641113,0.02552977204322815,0.0205078125,0.0726693794131279,0.0,0.08513852208852768,0.002206705743446946,0.1324869841337204,0.0,0.0,0.0,1.2440191507339478,3.6172873973846436,0.2436259239912033,0.0,24.0,0.0,0.0,24.0,0.0,24.0,0.32016082604726154,0.2036813497543335,2.7738444010416665,0.2739490071932475,0.021380824347337086,-0.11715853214263916
318,1.0092652740004269,100.091904,0.8859195709228516,0.35851675271987915,0.008779461495578289,0.0205078125,0.07064543664455414,0.0,0.07912014424800873,0.001892602420412004,0.1198323592543602,0.0,0.0,0.0,1.2243025302886963,3.41078519821167,0.23817548155784607,0.0,17.0,0.0,0.0,17.0,0.0,17.0,0.319746196269989,0.2089734673500061,2.8115641276041665,0.2736530303955078,0.021397632857163746,-0.11720144748687744
319,0.9932799899997917,100.091904,0.8960996866226196,0.3509620428085327,0.005602650810033083,0.0205078125,0.07192230224609375,0.0,0.07549422234296799,0.001766058849170804,0.1109212264418602,0.0,0.0,0.0,1.220453143119812,3.3086097240448,0.23738884925842285,0.0,13.0,0.0,0.0,13.0,0.0,13.0,0.3195033073425293,0.20534183084964752,2.8674723307291665,0.273291011651357,0.02143053710460663,-0.1171945333480835
320,1.0337318900001264,100.091904,0.8705064058303833,0.3462091088294983,0.007064150646328926,0.0205078125,0.06941019743680954,0.0,0.07391767203807831,0.0017377397743985057,0.1094156950712204,0.0,0.0,0.0,1.288745641708374,3.2385330200195312,0.243508443236351,0.0,16.0,0.0,0.0,16.0,0.0,16.0,0.3193429311116536,0.2051154375076294,2.8720296223958335,0.27326202392578125,0.021476835012435913,-0.11715495586395264
321,1.0090596259997255,100.091904,0.8627720475196838,0.33856216073036194,0.03668299317359924,0.0205078125,0.06888244301080704,0.0,0.0713215097784996,0.0017096975352615118,0.1032307967543602,0.0,0.0,0.0,1.3218700885772705,3.2474658489227295,0.23343053460121155,0.0,11.0,0.0,0.0,11.0,0.0,11.0,0.3194520076115926,0.20489849150180817,2.8971354166666665,0.2733672459920247,0.02144499619801839,-0.11709797382354736
322,0.9952053400002114,100.091904,0.8634137511253357,0.3323267102241516,0.040435899049043655,0.0205078125,0.06865762174129486,0.0,0.07044440507888794,0.001684608869254589,0.0966796875,0.0,0.0,0.0,1.3701432943344116,3.2685115337371826,0.2505934536457062,0.0,16.0,0.0,0.0,16.0,0.0,16.0,0.3195088505744934,0.20005586743354797,2.9248453776041665,0.273396372795105,0.0214426393310229,-0.11705362796783447
323,1.0199232360000678,100.091904,0.8323872685432434,0.3331506848335266,0.11095069348812103,0.0205078125,0.06586071103811264,0.0,0.06670211255550385,0.0012633756268769503,0.0909423828125,0.0,0.0,0.0,1.3885915279388428,3.301039457321167,0.23027077317237854,0.0,6.0,0.0,0.0,6.0,0.0,6.0,0.32010453939437866,0.20006291568279266,2.9333089192708335,0.27401914199193317,0.021395223836104076,-0.11707460880279541
324,1.0489290129999063,100.091904,0.8086654543876648,0.34763962030410767,0.02148064412176609,0.0205078125,0.06298327445983887,0.0,0.06695803999900818,0.0014164694584906101,0.08984375,0.0,0.0,0.0,1.4228943586349487,3.615565061569214,0.2542157769203186,0.0,12.0,0.0,0.0,12.0,0.0,12.0,0.3208494782447815,0.2012232542037964,2.9279378255208335,0.2746521433194478,0.021373709042867024,-0.11709463596343994
325,1.0108818450007675,100.091904,0.783216655254364,0.37073183059692383,0.05145727097988129,0.0205078125,0.060510724782943726,0.0,0.06538736075162888,0.0014346351381391287,0.08740234375,0.0,0.0,0.0,1.4059960842132568,3.833573818206787,0.24796584248542786,0.0,8.0,0.0,0.0,8.0,0.0,8.0,0.32204935948054,0.20524385571479797,2.8912353515625,0.2756209373474121,0.0213763564825058,-0.11365878582000732
326,0.9996124939998481,100.091904,0.7999705076217651,0.38877856731414795,0.06941130757331848,0.0205078125,0.06208328530192375,0.0,0.06561592221260071,0.0014252898981794715,0.0835774764418602,0.0,0.0,0.0,1.3429096937179565,3.9174087047576904,0.2609027922153473,0.0,9.0,0.0,0.0,9.0,0.0,9.0,0.3227147062619527,0.21039831638336182,2.8311360677083335,0.27613065640131634,0.021242489417394,-0.11366212368011475
327,0.9649486560001606,100.091904,0.809311032295227,0.39968961477279663,0.07106836140155792,0.0205078125,0.06322401762008667,0.0,0.06419922411441803,0.001171963638626039,0.0784505233168602,0.0,0.0,0.0,1.3036165237426758,3.8630995750427246,0.2584465742111206,0.0,9.0,0.0,0.0,9.0,0.0,9.0,0.32268524169921875,0.21542416512966156,2.7999267578125,0.2759135961532593,0.021206200122833252,-0.11455190181732178
328,0.9844835390003936,100.091904,0.8153901696205139,0.39843055605888367,0.056919246912002563,0.0205078125,0.06350922584533691,0.0,0.06667445600032806,0.0012139177415519953,0.0828043669462204,0.0,0.0,0.0,1.360403060913086,3.750709056854248,0.2728746831417084,0.0,9.0,0.0,0.0,9.0,0.0,9.0,0.3213793436686198,0.21775150299072266,2.8069661458333335,0.27462353308995563,0.02117240180571874,-0.11448276042938232
329,1.0019871160002367,100.091904,0.8320831060409546,0.37965062260627747,0.02302224189043045,0.0205078125,0.0649065300822258,0.0,0.0700286477804184,0.0011647818610072136,0.0894775390625,0.0,0.0,0.0,1.4395875930786133,3.6445083618164062,0.27044153213500977,0.0,4.0,0.0,0.0,4.0,0.0,4.0,0.3197667400042216,0.21526633203029633,2.81591796875,0.2728573679924011,0.021229786177476246,-0.11377012729644775
330,1.0432575679997171,100.091904,0.8824474811553955,0.3500809371471405,0.038918834179639816,0.01953125,0.06950560212135315,0.0,0.07563301175832748,0.0013368435902521014,0.0980631560087204,0.0,0.0,0.0,1.512618064880371,3.6614952087402344,0.28096306324005127,0.0,8.0,0.0,0.0,8.0,0.0,8.0,0.31870530049006146,0.2098074108362198,2.8210856119791665,0.2717324495315552,0.021270141005516052,-0.11732780933380127
331,0.9919053420007913,100.091904,0.9272187948226929,0.32402509450912476,0.10517817735671997,0.01953125,0.0736532062292099,0.0,0.08082711696624756,0.001450436539016664,0.1064860075712204,0.0,0.0,0.0,1.5886752605438232,3.688371181488037,0.28122279047966003,0.0,7.0,0.0,0.0,7.0,0.0,7.0,0.31836676597595215,0.20818157494068146,2.8298746744791665,0.27146613597869873,0.021223622063795727,-0.11743485927581787
332,1.0074873610001305,100.091904,0.9691691994667053,0.3099549412727356,0.05467154458165169,0.01953125,0.07711996138095856,0.0,0.08502909541130066,0.0017547154566273093,0.1128336638212204,0.0,0.0,0.0,1.6723992824554443,3.947509765625,0.2894454002380371,0.0,14.0,0.0,0.0,14.0,0.0,14.0,0.31869061787923175,0.2057005763053894,2.8236083984375,0.27183183034261066,0.021199052532513935,-0.11755692958831787
333,1.0153579560001162,100.091904,0.9980814456939697,0.3065674602985382,0.0405513234436512,0.0185546875,0.07952338457107544,0.0,0.08647701144218445,0.001983250956982374,0.1073811873793602,0.0,0.0,0.0,1.76397705078125,4.207460880279541,0.29979926347732544,0.0,15.0,0.0,0.0,15.0,0.0,15.0,0.3197997212409973,0.19973234832286835,2.7889811197916665,0.27316518624623615,0.021226840714613598,-0.11767590045928955
334,1.0132346959999268,100.091904,1.0024073123931885,0.3128589987754822,0.026642924174666405,0.0185546875,0.07988188415765762,0.0,0.08233536779880524,0.001755568548105657,0.1009521484375,0.0,0.0,0.0,1.7796872854232788,4.513586521148682,0.30292898416519165,0.0,19.0,0.0,0.0,19.0,0.0,19.0,0.321605642636617,0.19975264370441437,2.724853515625,0.27513102690378827,0.021421313285827637,-0.11726140975952148
335,1.0232776029997694,100.091904,0.9403924942016602,0.335477739572525,0.03020354174077511,0.0185546875,0.07390861958265305,0.0,0.07934651523828506,0.001555654569528997,0.1046549528837204,0.0,0.0,0.0,1.6974554061889648,4.618335723876953,0.30176061391830444,0.0,14.0,0.0,0.0,14.0,0.0,14.0,0.3230883677800496,0.20196914672851562,2.7091064453125,0.27611859639485675,0.02159084379673004,-0.07815808057785034
336,0.9879184020001048,100.091904,0.8978000283241272,0.3552091717720032,0.051551710814237595,0.0185546875,0.07013072073459625,0.0,0.07718941569328308,0.001397135085426271,0.1065673828125,0.0,0.0,0.0,1.562316656112671,4.626807689666748,0.2872641086578369,0.0,16.0,0.0,0.0,16.0,0.0,16.0,0.3232215444246928,0.20611268281936646,2.6846516927083335,0.2762545943260193,0.021607245008150738,-0.07789373397827148
337,0.9651413609999508,100.091904,0.9017823934555054,0.36637452244758606,0.037784479558467865,0.0185546875,0.07076453417539597,0.0,0.07923021167516708,0.001559147029183805,0.1093343123793602,0.0,0.0,0.0,1.4140403270721436,4.481184959411621,0.28390881419181824,0.0,10.0,0.0,0.0,10.0,0.0,10.0,0.32242385546366376,0.2093469649553299,2.6982828776041665,0.2754758596420288,0.021547086536884308,-0.07773005962371826
338,0.9636788910001997,100.091904,0.9081164598464966,0.3689922094345093,0.048008330166339874,0.0185546875,0.07130207866430283,0.0,0.08037592470645905,0.0017984227742999792,0.1072184294462204,0.0,0.0,0.0,1.2950615882873535,4.292240142822266,0.31094297766685486,0.0,19.0,0.0,0.0,19.0,0.0,19.0,0.32159342368443805,0.21000762283802032,2.7212727864583335,0.274585763613383,0.021446021894613903,-0.07893872261047363
339,0.9875437239998064,100.091904,0.8942261338233948,0.36557090282440186,0.02526446059346199,0.0185546875,0.070635586977005,0.0,0.07697074115276337,0.001343693002127111,0.1001790389418602,0.0,0.0,0.0,1.2754645347595215,4.030389308929443,0.2804892957210541,0.0,15.0,0.0,0.0,15.0,0.0,15.0,0.3209095398585002,0.2047204077243805,2.7646891276041665,0.2740829785664876,0.021165778239568073,-0.07891672849655151
340,0.9810783060001995,100.091904,0.8949928879737854,0.34920015931129456,0.016179068014025688,0.0185546875,0.07081069052219391,0.0,0.07696973532438278,0.0010581228416413069,0.1022542342543602,0.0,0.0,0.0,1.2949650287628174,3.7469677925109863,0.2734563648700714,0.0,13.0,0.0,0.0,13.0,0.0,13.0,0.31971438725789386,0.20455799996852875,2.776611328125,0.273318350315094,0.02111588418483734,-0.07886123657226562
341,0.9738084500004334,100.091904,0.9109430313110352,0.33058786392211914,0.05615151673555374,0.0185546875,0.07216551154851913,0.0,0.08055528998374939,0.0011410497827455401,0.1129150390625,0.0,0.0,0.0,1.4188344478607178,3.617945671081543,0.2571161687374115,0.0,6.0,0.0,0.0,6.0,0.0,6.0,0.31884680191675824,0.20769305527210236,2.809326171875,0.2720961372057597,0.02123275895913442,-0.07882571220397949
342,0.9998115549997237,100.091904,0.971674919128418,0.31199002265930176,0.10121431946754456,0.0185546875,0.07751764357089996,0.0,0.08649483323097229,0.0015397522365674376,0.1204427108168602,0.0,0.0,0.0,1.572289228439331,3.7105369567871094,0.2673302888870239,0.0,8.0,0.0,0.0,8.0,0.0,8.0,0.31813230117162067,0.20231972634792328,2.8166097005208335,0.2711722254753113,0.02123386412858963,-0.07885527610778809
343,1.0173619930001223,100.091904,0.9966487288475037,0.307650625705719,0.011182969436049461,0.0185546875,0.07913689315319061,0.0,0.08977973461151123,0.0019478264730423689,0.1278076171875,0.0,0.0,0.0,1.7299392223358154,3.9809494018554688,0.2995147109031677,0.0,16.0,0.0,0.0,16.0,0.0,16.0,0.3181542952855428,0.20206600427627563,2.8378499348958335,0.2714754144350688,0.02131110926469167,-0.07766032218933105
344,1.0468417510001018,100.091904,1.0016205310821533,0.3100352883338928,0.03334690257906914,0.0185546875,0.07982257008552551,0.0,0.08768896758556366,0.002075510798022151,0.1306559294462204,0.0,0.0,0.0,1.8001083135604858,4.168031692504883,0.28075969219207764,0.0,22.0,0.0,0.0,22.0,0.0,22.0,0.31911903619766235,0.2030106782913208,2.8102620442708335,0.2725724180539449,0.021345563232898712,-0.0777125358581543
345,1.0570614719999867,100.091904,1.0202713012695312,0.3135738670825958,0.030167246237397194,0.0185546875,0.08200054615736008,0.0,0.08157213032245636,0.00183933787047863,0.1186930388212204,0.0,0.0,0.0,1.7931804656982422,4.256331443786621,0.2875114381313324,0.0,24.0,0.0,0.0,24.0,0.0,24.0,0.3204687833786011,0.2038433998823166,2.7854410807291665,0.27413002649943036,0.02137688547372818,-0.0791274905204773
346,1.0001150959997176,100.091904,0.9826420545578003,0.32791823148727417,0.016245326027274132,0.0185546875,0.07853502780199051,0.0,0.07906512916088104,0.0017826140392571688,0.1139322966337204,0.0,0.0,0.0,1.7115143537521362,4.18403434753418,0.2856941223144531,0.0,14.0,0.0,0.0,14.0,0.0,14.0,0.321160892645518,0.20210589468479156,2.7516276041666665,0.2749422589937846,0.021337745090325672,-0.07912266254425049
347,0.982634782999412,100.091904,0.9511298537254333,0.3380258083343506,0.02376970648765564,0.0185546875,0.075447216629982,0.0,0.07820133119821548,0.001642095623537898,0.1092936247587204,0.0,0.0,0.0,1.5608975887298584,4.115019798278809,0.2881174683570862,0.0,16.0,0.0,0.0,16.0,0.0,16.0,0.3207538326581319,0.20145538449287415,2.7616373697916665,0.27475714683532715,0.02138238400220871,-0.07909029722213745
348,1.0949684180004624,100.091904,0.967268168926239,0.3362407386302948,0.01613025926053524,0.0185546875,0.07702679932117462,0.0,0.0803174376487732,0.0017875905614346266,0.1107584685087204,0.0,0.0,0.0,1.3899277448654175,4.059513092041016,0.31240397691726685,0.0,11.0,0.0,0.0,11.0,0.0,11.0,0.32016881306966144,0.19919134676456451,2.7600911458333335,0.2742127577463786,0.02144300440947215,-0.0790703296661377
349,1.1063622869996834,100.091904,0.94735187292099,0.33849602937698364,0.017101559787988663,0.0185546875,0.07547152042388916,0.0,0.08093710243701935,0.001804123166948557,0.1088053435087204,0.0,0.0,0.0,1.3038299083709717,3.9408528804779053,0.29863664507865906,0.0,15.0,0.0,0.0,15.0,0.0,15.0,0.31982704003651935,0.19875288009643555,2.7841389973958335,0.273800253868103,0.021358249088128407,-0.0790337324142456
350,1.0410177809999368,100.091904,0.9435600638389587,0.3372763991355896,0.049630362540483475,0.0185546875,0.07517150044441223,0.0,0.0835033655166626,0.0020611737854778767,0.1090087890625,0.0,0.0,0.0,1.2640416622161865,3.870751142501831,0.29602429270744324,0.0,9.0,0.0,0.0,9.0,0.0,9.0,0.31963781515757245,0.16968059539794922,2.7731526692708335,0.2736075321833293,0.021263979375362396,-0.07886683940887451
351,0.9876375699996061,100.091904,0.9248690605163574,0.3423476219177246,0.013925392180681229,0.0185546875,0.0732751339673996,0.0,0.08417841047048569,0.0022266150917857885,0.1104736328125,0.0,0.0,0.0,1.222642183303833,3.9026546478271484,0.29675740003585815,0.0,12.0,0.0,0.0,12.0,0.0,12.0,0.31996721029281616,0.17333513498306274,2.7969970703125,0.27400370438893634,0.021257852514584858,-0.07868790626525879
352,0.9924269540006208,100.091904,0.9056798219680786,0.3509797751903534,0.01732306182384491,0.0185546875,0.07119120657444,0.0,0.08392292261123657,0.002188632497563958,0.11376953125,0.0,0.0,0.0,1.2301677465438843,3.9735236167907715,0.3005457818508148,0.0,13.0,0.0,0.0,13.0,0.0,13.0,0.32049145301183063,0.18106502294540405,2.7820231119791665,0.27457698186238605,0.021282662947972614,-0.07855170965194702
353,0.9822434799998518,100.091904,0.8867838978767395,0.3573409914970398,0.029352881014347076,0.0185546875,0.06935018301010132,0.0,0.08196257799863815,0.001904020900838077,0.1131998747587204,0.0,0.0,0.0,1.2872966527938843,4.003063201904297,0.2929184138774872,0.0,15.0,0.0,0.0,15.0,0.0,15.0,0.32096638282140094,0.18412888050079346,2.7509358723958335,0.2749988039334615,0.02129488190015157,-0.07843530178070068
354,1.0015946649991747,100.091904,0.8997182846069336,0.3593517243862152,0.027359489351511,0.0185546875,0.07026449590921402,0.0,0.08308571577072144,0.002046843757852912,0.1126708984375,0.0,0.0,0.0,1.45791757106781,4.028390884399414,0.29614704847335815,0.0,14.0,0.0,0.0,14.0,0.0,14.0,0.32063110669453937,0.18492910265922546,2.7692057291666665,0.2746559977531433,0.02145562320947647,-0.07832425832748413
355,1.1013619770001242,100.091904,0.9118525981903076,0.3534929156303406,0.017632972449064255,0.017578125,0.07171450555324554,0.0,0.08128426969051361,0.0019513623556122184,0.1123453825712204,0.0,0.0,0.0,1.568000316619873,3.9771485328674316,0.2795848250389099,0.0,16.0,0.0,0.0,16.0,0.0,16.0,0.3203612764676412,0.18537229299545288,2.7941080729166665,0.2745257417360942,0.021542695661385853,-0.07733380794525146
356,1.1212526610006535,100.091904,0.9068616628646851,0.34725141525268555,0.016696862876415253,0.0166015625,0.07098585367202759,0.0,0.08132847398519516,0.0020173313096165657,0.1121012419462204,0.0,0.0,0.0,1.5668576955795288,3.928964376449585,0.3094944357872009,0.0,17.0,0.0,0.0,17.0,0.0,17.0,0.31970010201136273,0.18354225158691406,2.8316650390625,0.2742116053899129,0.021488162378470104,-0.07740652561187744
357,0.985964094999872,100.091904,0.9076389670372009,0.33828115463256836,0.014248589053750038,0.0166015625,0.0714094340801239,0.0,0.07899784296751022,0.0017555424710735679,0.1055908203125,0.0,0.0,0.0,1.523871660232544,3.808814525604248,0.3109472692012787,0.0,13.0,0.0,0.0,13.0,0.0,13.0,0.31945838530858356,0.1835998296737671,2.8526204427083335,0.27416274944941205,0.021406168739000957,-0.07751256227493286
358,0.9933092510000279,100.091904,0.8991904854774475,0.3349326252937317,0.01907944865524769,0.0166015625,0.07063014805316925,0.0,0.0763036236166954,0.0014618908753618598,0.1060384139418602,0.0,0.0,0.0,1.5140331983566284,3.780877113342285,0.31669166684150696,0.0,13.0,0.0,0.0,13.0,0.0,13.0,0.32022955020268756,0.1878313422203064,2.8368326822916665,0.27460332711537677,0.02126760532458623,-0.10424196720123291
359,1.0096716609996292,100.091904,0.8961999416351318,0.3323848247528076,0.028808536008000374,0.0166015625,0.07023845613002777,0.0,0.07631520926952362,0.0013682844582945108,0.1088460311293602,0.0,0.0,0.0,1.5288352966308594,3.7754430770874023,0.32192420959472656,0.0,10.0,0.0,0.0,10.0,0.0,10.0,0.3206364909807841,0.19529485702514648,2.810791015625,0.27504239479700726,0.02128373583157857,-0.09997522830963135
360,1.032436695000797,100.091904,0.9541593790054321,0.3228547275066376,0.051571838557720184,0.0166015625,0.07591670006513596,0.0,0.07865508645772934,0.0015183321665972471,0.1190999373793602,0.0,0.0,0.0,1.563275694847107,3.7861194610595703,0.3260340690612793,0.0,7.0,0.0,0.0,7.0,0.0,7.0,0.32087812821070355,0.19658637046813965,2.794189453125,0.2751666108767192,0.0212441086769104,-0.10023307800292969
361,1.0474797270007912,100.091904,0.9563001990318298,0.32346510887145996,0.009681741707026958,0.015625,0.07583358883857727,0.0,0.07979051023721695,0.0016346488846465945,0.1238199919462204,0.0,0.0,0.0,1.6255834102630615,3.9583444595336914,0.3391401767730713,0.0,15.0,0.0,0.0,15.0,0.0,15.0,0.3211814562479655,0.18703484535217285,2.80322265625,0.27552640438079834,0.021269068121910095,-0.1039661169052124
362,1.0244148379997569,100.091904,0.9473497867584229,0.32735762000083923,0.03254704549908638,0.015625,0.07506279647350311,0.0,0.07811145484447479,0.0015327662695199251,0.1226399764418602,0.0,0.0,0.0,1.585435152053833,4.033755302429199,0.3360576629638672,0.0,17.0,0.0,0.0,17.0,0.0,17.0,0.3215280572573344,0.18218135833740234,2.8220621744791665,0.27611013253529865,0.0212458868821462,-0.11695921421051025
363,1.0263250099997094,100.091904,0.9346405267715454,0.3323630690574646,0.009991924278438091,0.015625,0.07394343614578247,0.0,0.07815095782279968,0.001748354872688651,0.1205240935087204,0.0,0.0,0.0,1.4564399719238281,3.922222137451172,0.3428027629852295,0.0,10.0,0.0,0.0,10.0,0.0,10.0,0.3217700123786926,0.2132645845413208,2.7951253255208335,0.27640970547993976,0.021254469950993855,-0.11703217029571533
364,1.042077713999788,100.091904,0.9335741996765137,0.3348463177680969,0.012902934104204178,0.015625,0.07421702146530151,0.0,0.07604105025529861,0.0017748036189004779,0.1123453825712204,0.0,0.0,0.0,1.3594839572906494,3.819786548614502,0.32586193084716797,0.0,15.0,0.0,0.0,15.0,0.0,15.0,0.32167436679204303,0.213332399725914,2.810791015625,0.27646764119466144,0.02127225200335185,-0.11717450618743896
365,1.025450457000261,100.091904,0.9061034321784973,0.3392222225666046,0.012207405641674995,0.015625,0.07141847908496857,0.0,0.07351154088973999,0.001477123238146305,0.1057535856962204,0.0,0.0,0.0,1.3135128021240234,3.8293890953063965,0.33442091941833496,0.0,13.0,0.0,0.0,13.0,0.0,13.0,0.32155851523081463,0.21392545104026794,2.83447265625,0.2764279047648112,0.02122240016857783,-0.11748111248016357
366,0.9960729009999341,100.091904,0.8682460188865662,0.3470841646194458,0.01405289676040411,0.015625,0.06790553033351898,0.0,0.07316631823778152,0.0013120139483362436,0.1038411483168602,0.0,0.0,0.0,1.329893708229065,3.8523976802825928,0.31279370188713074,0.0,8.0,0.0,0.0,8.0,0.0,8.0,0.3214568495750427,0.20959241688251495,2.8053792317708335,0.27624563376108807,0.02130800982316335,-0.11772096157073975
367,0.9909890669996457,100.091904,0.881345808506012,0.35053956508636475,0.03183136135339737,0.015625,0.06878852099180222,0.0,0.07635469734668732,0.0016142688691616058,0.1044108122587204,0.0,0.0,0.0,1.3619580268859863,3.857210874557495,0.32221269607543945,0.0,6.0,0.0,0.0,6.0,0.0,6.0,0.320410152276357,0.19960474967956543,2.8087972005208335,0.27525921662648517,0.021432988345623016,-0.07843653857707977
368,1.0022245799991651,100.091904,0.897783637046814,0.3514265716075897,0.011422018520534039,0.015625,0.07016581296920776,0.0,0.07670771330595016,0.0017233112594112754,0.1059977263212204,0.0,0.0,0.0,1.3773269653320312,3.985238552093506,0.327223539352417,0.0,11.0,0.0,0.0,11.0,0.0,11.0,0.31950096289316815,0.19464688003063202,2.8271484375,0.27442818880081177,0.021517321467399597,-0.07773089408874512
369,1.0251349769996523,100.091904,0.8767831325531006,0.35568082332611084,0.025129932910203934,0.015625,0.067945197224617,0.0,0.07652638852596283,0.0016070643905550241,0.1024169921875,0.0,0.0,0.0,1.4350489377975464,4.031715393066406,0.32567527890205383,0.0,11.0,0.0,0.0,11.0,0.0,11.0,0.31891854604085285,0.18895894289016724,2.8390706380208335,0.27378716071446735,0.02143411586682002,-0.07782173156738281
370,1.0413761069994507,100.091904,0.9004786610603333,0.35377514362335205,0.022141309455037117,0.015625,0.0700053721666336,0.0,0.07781954109668732,0.0018500530859455466,0.1020914763212204,0.0,0.0,0.0,1.457495093345642,4.0528411865234375,0.3428005874156952,0.0,10.0,0.0,0.0,10.0,0.0,10.0,0.3183847665786743,0.18939357995986938,2.8149007161458335,0.27337704102198285,0.021415603657563526,-0.07779186964035034
371,1.0162731380005425,100.091904,0.9075825214385986,0.3533806800842285,0.015214103274047375,0.015625,0.0704902708530426,0.0,0.0779661312699318,0.001964847557246685,0.0977783203125,0.0,0.0,0.0,1.496335744857788,4.0325927734375,0.3486103415489197,0.0,12.0,0.0,0.0,12.0,0.0,12.0,0.3181852300961812,0.19028663635253906,2.8191731770833335,0.27312787373860675,0.021401772896448772,-0.07709646224975586
372,1.0078067560007185,100.091904,0.9063047766685486,0.3502099812030792,0.014266856014728546,0.015625,0.07021740078926086,0.0,0.07689711451530457,0.0018482429441064596,0.102783203125,0.0,0.0,0.0,1.5070505142211914,4.025383949279785,0.3532068431377411,0.0,12.0,0.0,0.0,12.0,0.0,12.0,0.3178110122680664,0.19166342914104462,2.8174235026041665,0.2729361454645793,0.02140931785106659,-0.07697868347167969
373,1.0206554699998378,100.091904,0.926188051700592,0.3427072763442993,0.024861469864845276,0.015625,0.07194902747869492,0.0,0.07811962813138962,0.002023319248110056,0.1053466796875,0.0,0.0,0.0,1.487656593322754,3.980206251144409,0.3764955699443817,0.0,10.0,0.0,0.0,10.0,0.0,10.0,0.317387322584788,0.20155780017375946,2.8082682291666665,0.27263208230336505,0.021477701763312023,-0.07696348428726196
374,1.1111723690000872,100.091904,0.9122234582901001,0.3410828709602356,0.013157742097973824,0.015625,0.07082344591617584,0.0,0.07714098691940308,0.001983133377507329,0.1038004606962204,0.0,0.0,0.0,1.5192885398864746,3.930051565170288,0.36822184920310974,0.0,14.0,0.0,0.0,14.0,0.0,14.0,0.317676842212677,0.2049245536327362,2.8146158854166665,0.2725696365038554,0.02151462932427724,-0.07692354917526245
375,1.0389854599998216,100.091904,0.9146062135696411,0.3379933834075928,0.035788048058748245,0.015625,0.07112875580787659,0.0,0.07740253210067749,0.0020511976908892393,0.1068929061293602,0.0,0.0,0.0,1.465238094329834,3.8759303092956543,0.3795149326324463,0.0,10.0,0.0,0.0,10.0,0.0,10.0,0.31741128365198773,0.20622503757476807,2.81640625,0.2724633614222209,0.021475267906983692,-0.0769159197807312
376,1.0697276000000784,100.091904,0.902037501335144,0.34326857328414917,0.007499930914491415,0.015625,0.07002711296081543,0.0,0.07533197849988937,0.0020733901765197515,0.1009928435087204,0.0,0.0,0.0,1.4084957838058472,3.8937225341796875,0.3883281350135803,0.0,18.0,0.0,0.0,18.0,0.0,18.0,0.3179611961046855,0.20645061135292053,2.8199055989583335,0.2728373010953267,0.02147345741589864,-0.07699340581893921
377,1.085667182999714,100.091904,0.8835572600364685,0.3500012457370758,0.023941276594996452,0.015625,0.06849479675292969,0.0,0.07255104184150696,0.0017829658463597298,0.096435546875,0.0,0.0,0.0,1.3677139282226562,3.8155505657196045,0.38982802629470825,0.0,14.0,0.0,0.0,14.0,0.0,14.0,0.31852952639261883,0.2080673724412918,2.8225911458333335,0.27349801858266193,0.021404122312863667,-0.11808168888092041
378,1.0055063499994503,100.091904,0.8748303055763245,0.35887935757637024,0.019292041659355164,0.015625,0.06793525815010071,0.0,0.07025793194770813,0.0016485829837620258,0.0937093123793602,0.0,0.0,0.0,1.3312276601791382,3.8534717559814453,0.36715802550315857,0.0,15.0,0.0,0.0,15.0,0.0,15.0,0.3191910187403361,0.20894059538841248,2.8358561197916665,0.2742846409479777,0.02137527863184611,-0.11784827709197998
379,1.032084217999909,100.091904,0.8429664373397827,0.37186670303344727,0.02653277851641178,0.015625,0.06518428772687912,0.0,0.0679703876376152,0.0014580721035599709,0.0939127653837204,0.0,0.0,0.0,1.353606939315796,3.832453727722168,0.3575880229473114,0.0,15.0,0.0,0.0,15.0,0.0,15.0,0.320417324701945,0.21126043796539307,2.833984375,0.27517034610112506,0.021273096402486164,-0.11768090724945068
380,1.0123099020001973,100.091904,0.8267561197280884,0.3782579302787781,0.029052015393972397,0.015625,0.06394758075475693,0.0,0.06631462275981903,0.0012777631636708975,0.091064453125,0.0,0.0,0.0,1.3116235733032227,3.729337215423584,0.3445480763912201,0.0,11.0,0.0,0.0,11.0,0.0,11.0,0.3209537863731384,0.2120118886232376,2.8232828776041665,0.2753891547520955,0.021269942323366802,-0.117561936378479
381,1.0028425880000214,100.091904,0.8217411041259766,0.3787311315536499,0.021424664184451103,0.015625,0.06348912417888641,0.0,0.06879677623510361,0.0015072248643264174,0.097900390625,0.0,0.0,0.0,1.3178242444992065,3.5985896587371826,0.34004291892051697,0.0,8.0,0.0,0.0,8.0,0.0,8.0,0.3208305438359578,0.2113162875175476,2.8555908203125,0.2747020324071248,0.02114291489124298,-0.1174401044845581
382,0.9985522340002717,100.091904,0.8254262208938599,0.37184977531433105,0.01457302737981081,0.015625,0.06351597607135773,0.0,0.07086192071437836,0.0019254554063081741,0.1076253280043602,0.0,0.0,0.0,1.3599729537963867,3.53625750541687,0.35033077001571655,0.0,12.0,0.0,0.0,12.0,0.0,12.0,0.32013150056203205,0.20949596166610718,2.9178059895833335,0.27397771676381427,0.021143270035584767,-0.11733496189117432
383,1.0005094730004203,100.091904,0.8153030872344971,0.3658888339996338,0.01132124662399292,0.015625,0.0627080500125885,0.0,0.0683688372373581,0.0016972332959994674,0.1004638671875,0.0,0.0,0.0,1.422519564628601,3.5239875316619873,0.35601314902305603,0.0,12.0,0.0,0.0,12.0,0.0,12.0,0.3205559253692627,0.20217770338058472,2.9220784505208335,0.2743832270304362,0.02127336213986079,-0.1173410415649414
384,1.012983863000045,100.091904,0.8084437847137451,0.35748788714408875,0.026343796402215958,0.015625,0.06206820160150528,0.0,0.06773031502962112,0.0016954289749264717,0.0965576171875,0.0,0.0,0.0,1.4403598308563232,3.5020813941955566,0.35929450392723083,0.0,16.0,0.0,0.0,16.0,0.0,16.0,0.32100043694178265,0.19874723255634308,2.8922119140625,0.2746867537498474,0.021295169989267986,-0.11746799945831299
385,0.9870393219998732,100.091904,0.8096010684967041,0.35102254152297974,0.05858622118830681,0.015625,0.061987392604351044,0.0,0.0665990561246872,0.0015574399149045348,0.0960286483168602,0.0,0.0,0.0,1.4808095693588257,3.584156036376953,0.37669825553894043,0.0,5.0,0.0,0.0,5.0,0.0,5.0,0.3216153184572856,0.20052237808704376,2.9124755859375,0.27517102162043255,0.021455377340316772,-0.07791656255722046
386,1.015379854999992,100.091904,0.8156639933586121,0.3504910469055176,0.029850780963897705,0.0166015625,0.06236964464187622,0.0,0.06743144989013672,0.0017901265528053045,0.0941569060087204,0.0,0.0,0.0,1.544777274131775,3.7455897331237793,0.37071356177330017,0.0,11.0,0.0,1.0,10.0,0.0,11.0,0.32191938161849976,0.20450666546821594,2.8994140625,0.27548158168792725,0.021504359940687817,-0.07749897241592407
387,0.9931597880004119,100.091904,0.8134282827377319,0.35797014832496643,0.020372075960040092,0.0166015625,0.06196379289031029,0.0,0.06489689648151398,0.0014751226408407092,0.0877278670668602,0.0,0.0,0.0,1.5727643966674805,3.9106383323669434,0.38696321845054626,0.0,16.0,0.0,0.0,16.0,0.0,16.0,0.32237472136815387,0.20826978981494904,2.8940022786458335,0.2757408022880554,0.021481697758038838,-0.07788872718811035
388,0.9711323900000934,100.091904,0.7878784537315369,0.3685145080089569,0.020021405071020126,0.0166015625,0.05945179983973503,0.0,0.06303239613771439,0.0011866223067045212,0.0850830078125,0.0,0.0,0.0,1.5235812664031982,3.9896888732910156,0.39311596751213074,0.0,8.0,0.0,0.0,8.0,0.0,8.0,0.32241207361221313,0.20954926311969757,2.9005940755208335,0.27563005685806274,0.021489150822162628,-0.07787281274795532
389,1.0133830760005367,100.091904,0.7749415040016174,0.37864968180656433,0.02847578376531601,0.0166015625,0.058079540729522705,0.0,0.0654110535979271,0.001323885633610189,0.0846761092543602,0.0,0.0,0.0,1.506709098815918,4.031615257263184,0.3812847137451172,0.0,3.0,0.0,0.0,3.0,0.0,3.0,0.32226202885309857,0.2026170939207077,2.8538411458333335,0.2751721541086833,0.02144359052181244,-0.07805848121643066
390,0.9902258319998509,100.091904,0.7984254956245422,0.3799397945404053,0.03720667585730553,0.0166015625,0.06008085608482361,0.0,0.06695008277893066,0.0014159241691231728,0.0834147185087204,0.0,0.0,0.0,1.457878828048706,4.101770877838135,0.3991554379463196,0.0,11.0,0.0,0.0,11.0,0.0,11.0,0.32202372948328656,0.19685401022434235,2.8474527994791665,0.2751666108767192,0.021351367235183716,-0.11052632331848145
391,0.9239379600003303,100.091904,0.8062787652015686,0.3782346844673157,0.040228985249996185,0.0166015625,0.06079975888133049,0.0,0.06738036125898361,0.0013944574166089296,0.0817057341337204,0.0,0.0,0.0,1.4617671966552734,4.144106864929199,0.3964763283729553,0.0,9.0,0.0,0.0,9.0,0.0,9.0,0.3217220703760783,0.19218102097511292,2.824462890625,0.27530322472254437,0.021262402335802715,-0.1120835542678833
392,0.9319873290005489,100.091904,0.7996236085891724,0.376941442489624,0.024992983788251877,0.0166015625,0.060164302587509155,0.0,0.06921999156475067,0.001337170135229826,0.0813802108168602,0.0,0.0,0.0,1.5049922466278076,4.098583221435547,0.38370245695114136,0.0,9.0,0.0,0.0,9.0,0.0,9.0,0.3212013045946757,0.19072261452674866,2.8076985677083335,0.27507927020390827,0.021255843341350555,-0.1133497953414917
393,0.9631842240005426,100.091904,0.8136515021324158,0.36734896898269653,0.03205291926860809,0.0166015625,0.06121119111776352,0.0,0.07214907556772232,0.0013216645456850529,0.0832926481962204,0.0,0.0,0.0,1.539886474609375,4.124440670013428,0.3939860761165619,0.0,11.0,0.0,0.0,11.0,0.0,11.0,0.32041160265604657,0.18893086910247803,2.8001302083333335,0.2745235761006673,0.021341852843761444,-0.11629259586334229
394,1.0201344780007275,100.091904,0.8209384083747864,0.3533080816268921,0.07247493416070938,0.0166015625,0.062000781297683716,0.0,0.07519502937793732,0.0013026682427152991,0.091064453125,0.0,0.0,0.0,1.5666487216949463,4.100344657897949,0.3657462000846863,0.0,5.0,0.0,0.0,5.0,0.0,5.0,0.3197452227274577,0.20387980341911316,2.8037516276041665,0.2737473448117574,0.021408637364705402,-0.11721551418304443
395,1.016346121999959,100.091904,0.8646320104598999,0.3415481448173523,0.04839514568448067,0.0166015625,0.06579183042049408,0.0,0.07832732051610947,0.0013816580176353455,0.0975341796875,0.0,0.0,0.0,1.5787990093231201,4.314790725708008,0.3693489730358124,0.0,8.0,0.0,0.0,8.0,0.0,8.0,0.3192785978317261,0.20220279693603516,2.805908203125,0.2736615141232808,0.02144390344619751,-0.11724269390106201
396,1.0267163220005386,100.091904,0.914736270904541,0.34241190552711487,0.026021666824817657,0.0166015625,0.06977996230125427,0.0,0.08368046581745148,0.0017590324860066175,0.1157633513212204,0.0,0.0,0.0,1.617972731590271,4.660271644592285,0.3997396230697632,0.0,8.0,0.0,0.0,8.0,0.0,8.0,0.31906358400980633,0.18231791257858276,2.7781575520833335,0.27386850118637085,0.021324376265207928,-0.11739945411682129
397,1.0498214629997165,100.091904,0.9278080463409424,0.35585707426071167,0.04598688334226608,0.017578125,0.07063671201467514,0.0,0.08577128499746323,0.001996957464143634,0.1245524138212204,0.0,0.0,0.0,1.6261835098266602,4.800710201263428,0.4000283181667328,0.0,11.0,0.0,1.0,10.0,0.0,11.0,0.31941946347554523,0.1855369210243225,2.6994222005208335,0.2742371956507365,0.021334027250607807,-0.11756932735443115
398,1.0426252730003398,100.091904,0.9723636507987976,0.36396968364715576,0.048296332359313965,0.017578125,0.07444599270820618,0.0,0.08984386920928955,0.0025365869514644146,0.1309407651424408,0.0,0.0,0.0,1.5996620655059814,4.885008811950684,0.4328269362449646,0.0,10.0,0.0,0.0,10.0,0.0,10.0,0.3191896677017212,0.1875591278076172,2.6670735677083335,0.27389345566431683,0.021364266673723858,-0.11766040325164795
399,1.0349180070006696,100.091904,1.0113637447357178,0.36363333463668823,0.051532018929719925,0.017578125,0.07870754599571228,0.0,0.08759170025587082,0.002701758174225688,0.125,0.0,0.0,0.0,1.501460313796997,4.816190242767334,0.43343085050582886,0.0,26.0,0.0,0.0,26.0,0.0,26.0,0.31948216756184894,0.18898546695709229,2.6396484375,0.2740003665288289,0.02129340668519338,-0.11780941486358643
400,1.0265914850006084,100.091904,0.9816384315490723,0.36134710907936096,0.028621826320886612,0.017578125,0.07644940167665482,0.0,0.08248475193977356,0.002340995706617832,0.1167806014418602,0.0,0.0,0.0,1.3741798400878906,4.583452224731445,0.4313889443874359,0.0,16.0,0.0,0.0,16.0,0.0,16.0,0.31898725032806396,0.17961305379867554,2.6719563802083335,0.2739976644515991,0.021274042626221974,-0.11792218685150146
401,1.023789552999915,100.091904,0.9769409894943237,0.34738779067993164,0.029690058901906013,0.017578125,0.07685208320617676,0.0,0.07962115108966827,0.0018832935020327568,0.1115315780043602,0.0,0.0,0.0,1.2793487310409546,4.193536281585693,0.4120042324066162,0.0,14.0,0.0,0.0,14.0,0.0,14.0,0.31808316707611084,0.17300474643707275,2.7272542317708335,0.2734750310579936,0.02122122049331665,-0.11813044548034668
402,1.0502842980004061,100.091904,0.9488875269889832,0.3372217118740082,0.04807347059249878,0.017578125,0.07439973950386047,0.0,0.0790356919169426,0.0017452295869588852,0.1078287810087204,0.0,0.0,0.0,1.3226940631866455,3.936032772064209,0.3993106484413147,0.0,9.0,0.0,0.0,9.0,0.0,9.0,0.3175933162371318,0.17281252145767212,2.8124593098958335,0.27262906233469647,0.02124367157618205,-0.11778032779693604
403,0.9897437800000262,100.091904,0.9463545083999634,0.3303089737892151,0.024415215477347374,0.017578125,0.07407549023628235,0.0,0.08124002814292908,0.00195934041403234,0.1100667342543602,0.0,0.0,0.0,1.3739961385726929,3.840923309326172,0.3979608714580536,0.0,9.0,0.0,0.0,9.0,0.0,9.0,0.31766871611277264,0.21199259161949158,2.8549397786458335,0.27225470542907715,0.021258893112341564,-0.11815142631530762
404,0.9943555230001948,100.091904,0.9574580788612366,0.3260154128074646,0.0886896550655365,0.017578125,0.07471916824579239,0.0,0.08427193015813828,0.0022321240976452827,0.1173909530043602,0.0,0.0,0.0,1.4475839138031006,3.8463897705078125,0.42433875799179077,0.0,9.0,0.0,0.0,9.0,0.0,9.0,0.31812604268391925,0.21188774704933167,2.852783203125,0.27267690499623615,0.02121136337518692,-0.11806285381317139
405,0.9983102169999256,100.091904,0.9342482686042786,0.3320654630661011,0.017403999343514442,0.017578125,0.07252441346645355,0.0,0.08241906017065048,0.0018555116839706898,0.120849609375,0.0,0.0,0.0,1.5444252490997314,4.016323566436768,0.4041368365287781,0.0,17.0,0.0,0.0,17.0,0.0,17.0,0.31932751337687176,0.21028953790664673,2.8496907552083335,0.2738935152689616,0.02117982755104701,-0.11784076690673828
406,0.9794532340001751,100.091904,0.9139079451560974,0.3424997627735138,0.05034296214580536,0.017578125,0.07027509063482285,0.0,0.08157262206077576,0.0016304112505167723,0.1197509765625,0.0,0.0,0.0,1.617415189743042,4.1988911628723145,0.39783573150634766,0.0,5.0,0.0,0.0,5.0,0.0,5.0,0.32004664341608685,0.20959371328353882,2.8433024088541665,0.2749117414156596,0.021282193561395008,-0.117698073387146
407,1.0327782929998648,100.091904,0.9176706075668335,0.35554590821266174,0.05247514322400093,0.017578125,0.07004550844430923,0.0,0.08366777002811432,0.0020249607041478157,0.1224772185087204,0.0,0.0,0.0,1.610601782798767,4.430700302124023,0.43223071098327637,0.0,14.0,0.0,0.0,14.0,0.0,14.0,0.32034265995025635,0.21221715211868286,2.8109130859375,0.27537765105565387,0.02136218051115672,-0.11756610870361328
408,1.0807502919997205,100.091904,0.9137080907821655,0.365781307220459,0.06475229561328888,0.017578125,0.07026251405477524,0.0,0.07951738685369492,0.0019842637702822685,0.1161702498793602,0.0,0.0,0.0,1.5224745273590088,4.4765729904174805,0.4076957702636719,0.0,16.0,0.0,0.0,16.0,0.0,16.0,0.3208927909533183,0.2024422585964203,2.7602132161458335,0.27607611815134686,0.02131069948275884,-0.117500901222229
409,1.1602732829996967,100.091904,0.8867719769477844,0.37397146224975586,0.057673379778862,0.017578125,0.06772976368665695,0.0,0.07751696556806564,0.0018429977353662252,0.1133626326918602,0.0,0.0,0.0,1.4976123571395874,4.2969160079956055,0.42131680250167847,0.0,10.0,0.0,0.0,10.0,0.0,10.0,0.32052357991536456,0.1945309042930603,2.7842203776041665,0.2758385141690572,0.02124144385258357,-0.11779320240020752
410,1.081043142999988,100.091904,0.9038110375404358,0.37008529901504517,0.04322260990738869,0.017578125,0.06966666877269745,0.0,0.0768992155790329,0.0018232738366350532,0.1081136092543602,0.0,0.0,0.0,1.4860374927520752,4.043234825134277,0.41562676429748535,0.0,9.0,0.0,0.0,9.0,0.0,9.0,0.3197717070579529,0.19571740925312042,2.8004964192708335,0.2751474380493164,0.021229679385821026,-0.11771178245544434
411,1.0065898309994736,100.091904,0.9056751728057861,0.35984373092651367,0.025889066979289055,0.017578125,0.06989088654518127,0.0,0.07581844925880432,0.001467762514948845,0.1058756560087204,0.0,0.0,0.0,1.5309045314788818,3.8850245475769043,0.43461665511131287,0.0,10.0,0.0,0.0,10.0,0.0,10.0,0.3193145791689555,0.2015351802110672,2.7840169270833335,0.2746610641479492,0.021206843356291454,-0.11763036251068115
412,1.0257509050006774,100.091904,0.9416490793228149,0.34070146083831787,0.06897101551294327,0.017578125,0.07319241017103195,0.0,0.07827399671077728,0.0014522256096825004,0.1063639372587204,0.0,0.0,0.0,1.5970582962036133,3.8890082836151123,0.43792057037353516,0.0,9.0,0.0,0.0,9.0,0.0,9.0,0.3182988365491231,0.20260438323020935,2.808349609375,0.274009903271993,0.021178215742111206,-0.11756789684295654
413,0.9949740530000781,100.091904,0.995278537273407,0.320841908454895,0.030024666339159012,0.0166015625,0.07829955965280533,0.0,0.07945980131626129,0.0012620583875104785,0.1066080778837204,0.0,0.0,0.0,1.634731650352478,4.03019905090332,0.44269752502441406,0.0,12.0,0.0,0.0,12.0,0.0,12.0,0.3181520104408264,0.20396016538143158,2.8080647786458335,0.2739788889884949,0.021218597888946533,-0.11762619018554688
414,0.9529461679994711,100.091904,1.0321903228759766,0.3059907853603363,0.07791551202535629,0.0166015625,0.08195887506008148,0.0,0.08250769972801208,0.0012935320846736431,0.1121012419462204,0.0,0.0,0.0,1.6747721433639526,4.066370964050293,0.4306710958480835,0.0,4.0,0.0,0.0,4.0,0.0,4.0,0.3185012141863505,0.20338045060634613,2.7895914713541665,0.27433600028355914,0.021328565975030262,-0.11770665645599365
415,0.9632199110001238,100.091904,1.0430173873901367,0.3057655692100525,0.028706418350338936,0.0166015625,0.08246016502380371,0.0,0.08545209467411041,0.0015690422151237726,0.1140543669462204,0.0,0.0,0.0,1.7584702968597412,4.311871528625488,0.4380314350128174,0.0,11.0,0.0,0.0,11.0,0.0,11.0,0.3188207546869914,0.20208649337291718,2.762939453125,0.27492451667785645,0.021441084643205006,-0.11774623394012451
416,1.0037400900000648,100.091904,1.022132396697998,0.3148454427719116,0.01956848055124283,0.015625,0.08011205494403839,0.0,0.0848209485411644,0.0015919196885079145,0.1177978515625,0.0,0.0,0.0,1.7397922277450562,4.559168815612793,0.43862098455429077,0.0,16.0,1.0,0.0,17.0,0.0,16.0,0.31990599632263184,0.20119795203208923,2.718017578125,0.27602622906366986,0.021458288033803303,-0.11716020107269287
417,0.9935519919999933,100.091904,0.9899290204048157,0.32994455099105835,0.025367937982082367,0.0146484375,0.0771239846944809,0.0,0.08375303447246552,0.0014207380590960383,0.1194661483168602,0.0,0.0,0.0,1.626006841659546,4.7260332107543945,0.4212961196899414,0.0,7.0,0.0,0.0,7.0,0.0,7.0,0.32060446341832477,0.20047102868556976,2.6763509114583335,0.2766888737678528,0.02159171054760615,-0.06318503618240356
418,1.0241974489999848,100.091904,1.0481499433517456,0.3344613313674927,0.04764334112405777,0.0146484375,0.08248870074748993,0.0,0.08677946031093597,0.0017850905423983932,0.1187337264418602,0.0,0.0,0.0,1.5136240720748901,4.861167907714844,0.4365474581718445,0.0,10.0,0.0,0.0,10.0,0.0,10.0,0.32018349568049115,0.2005547732114792,2.6725667317708335,0.2763763666152954,0.02164799968401591,-0.06304425001144409
419,1.0354032810000717,100.091904,1.0600522756576538,0.33822545409202576,0.04363276809453964,0.0146484375,0.08351416885852814,0.0,0.08834221214056015,0.001990188378840685,0.1174723356962204,0.0,0.0,0.0,1.4005392789840698,4.860376358032227,0.4463779926300049,0.0,10.0,0.0,0.0,10.0,0.0,10.0,0.31961288054784137,0.1959487944841385,2.6612141927083335,0.27590139706929523,0.021554974218209583,-0.06288301944732666
420,1.040606877000755,100.091904,1.0645052194595337,0.3365255296230316,0.03409514203667641,0.0146484375,0.08419185131788254,0.0,0.0884726271033287,0.0020164260640740395,0.1186116561293602,0.0,0.0,0.0,1.316888689994812,4.676068305969238,0.45046257972717285,0.0,13.0,0.0,0.0,13.0,0.0,13.0,0.31902243693669635,0.19551217555999756,2.6724039713541665,0.2753312389055888,0.02142087121804555,-0.06278938055038452
421,1.0215167529995597,100.091904,1.0448914766311646,0.33274900913238525,0.017241373658180237,0.015625,0.08253006637096405,0.0,0.08760341256856918,0.0018242092337459326,0.1152750700712204,0.0,0.0,0.0,1.2973110675811768,4.322547912597656,0.46084529161453247,0.0,11.0,0.0,1.0,10.0,0.0,11.0,0.3183993895848592,0.19595128297805786,2.690673828125,0.27478015422821045,0.021322918434937794,-0.06271392107009888
422,1.0187851629998477,100.091904,1.0559442043304443,0.32458817958831787,0.014016421511769295,0.015625,0.08353551477193832,0.0,0.08859790861606598,0.001970271347090602,0.1229654997587204,0.0,0.0,0.0,1.3465064764022827,4.090270519256592,0.4667894244194031,0.0,12.0,0.0,0.0,12.0,0.0,12.0,0.31739139556884766,0.20041519403457642,2.7116292317708335,0.273820439974467,0.021277328332265217,-0.0626937747001648
423,1.0400643789998867,100.091904,1.0715301036834717,0.3113306164741516,0.06498304009437561,0.0146484375,0.08519800752401352,0.0,0.08863677084445953,0.001762524014338851,0.123046875,0.0,0.0,0.0,1.4661954641342163,4.030117511749268,0.45032715797424316,0.0,9.0,0.0,0.0,9.0,0.0,9.0,0.3168948292732239,0.20059645175933838,2.7557373046875,0.2733297348022461,0.021191924810409546,-0.06321996450424194
424,1.051766470000075,100.091904,1.0916619300842285,0.3019789457321167,0.017222421243786812,0.0146484375,0.08678475022315979,0.0,0.09065201133489609,0.0019099682103842497,0.1258544921875,0.0,0.0,0.0,1.5807493925094604,4.15068244934082,0.46697506308555603,0.0,14.0,0.0,0.0,14.0,0.0,14.0,0.316726287206014,0.19746041297912598,2.7783610026041665,0.2731594244639079,0.021219829718271892,-0.06311923265457153
425,1.0278493140003775,100.091904,1.1135481595993042,0.2973186671733856,0.055154696106910706,0.0146484375,0.08882015943527222,0.0,0.09056442975997925,0.0019883429631590843,0.1301676481962204,0.0,0.0,0.0,1.6522388458251953,4.309023857116699,0.46294546127319336,0.0,12.0,0.0,0.0,12.0,0.0,12.0,0.3172585169474284,0.19444473087787628,2.7799479166666665,0.2739029924074809,0.021252649525801342,-0.06297284364700317
426,1.0253033790004338,100.091904,1.1214317083358765,0.2991688847541809,0.009167070500552654,0.013671875,0.08924314379692078,0.0,0.09103512763977051,0.0021228932309895754,0.1310628354549408,0.0,0.0,0.0,1.674961805343628,4.565225124359131,0.47926852107048035,0.0,16.0,0.0,0.0,16.0,0.0,16.0,0.3179137110710144,0.19702447950839996,2.7593587239583335,0.27483266592025757,0.02130978802839915,-0.06288909912109375
427,1.004186438999568,100.091904,1.0947445631027222,0.30654507875442505,0.013034095987677574,0.013671875,0.08678746223449707,0.0,0.08819907903671265,0.0019737647380679846,0.1220703125,0.0,0.0,0.0,1.6730464696884155,4.585129737854004,0.47757232189178467,0.0,13.0,0.0,0.0,13.0,0.0,13.0,0.31876925627390545,0.20075549185276031,2.730224609375,0.275495707988739,0.021413149933020275,-0.06306582689285278
428,1.0373895310003718,100.091904,1.062880039215088,0.3155052661895752,0.01645178161561489,0.0126953125,0.08398982882499695,0.0,0.08573468029499054,0.002074423711746931,0.1144205778837204,0.0,0.0,0.0,1.6051324605941772,4.579433441162109,0.4596637189388275,0.0,15.0,0.0,0.0,15.0,0.0,15.0,0.3190336426099141,0.20329038798809052,2.7179768880208335,0.2756892840067546,0.02150404453277588,-0.06313538551330566
429,1.0417237910005497,100.091904,1.0330463647842407,0.3276044726371765,0.02342083863914013,0.0126953125,0.08105328679084778,0.0,0.08271229267120361,0.001913973013870418,0.1083984375,0.0,0.0,0.0,1.5400683879852295,4.542459011077881,0.47240743041038513,0.0,14.0,0.0,0.0,14.0,0.0,14.0,0.3189850648244222,0.21259000897407532,2.7475179036458335,0.2756041685740153,0.021533367534478504,-0.06229448318481445
430,1.0147748609997507,100.091904,1.0215791463851929,0.3373109996318817,0.020663108676671982,0.0126953125,0.07991816848516464,0.0,0.08230243623256683,0.0019037954043596983,0.1095377653837204,0.0,0.0,0.0,1.4980424642562866,4.480866432189941,0.4816235899925232,0.0,9.0,0.0,0.0,9.0,0.0,9.0,0.3188081979751587,0.20806623995304108,2.75341796875,0.27521363894144696,0.021545874575773876,-0.06218832731246948
431,1.0004535540001598,100.091904,1.0162569284439087,0.3434009552001953,0.029887383803725243,0.0126953125,0.07964636385440826,0.0,0.08176247775554657,0.0016938101034611464,0.1078694686293602,0.0,0.0,0.0,1.4682397842407227,4.410701274871826,0.4715937077999115,0.0,14.0,0.0,0.0,14.0,0.0,14.0,0.318788746992747,0.20115621387958527,2.7455240885416665,0.27493228514989215,0.021459249158700306,-0.0621221661567688
432,1.010942550999971,100.091904,1.0081900358200073,0.3423117399215698,0.019532494246959686,0.013671875,0.07899181544780731,0.0,0.0818203017115593,0.0016518093179911375,0.1032307967543602,0.0,0.0,0.0,1.4289816617965698,4.38309383392334,0.46596360206604004,0.0,13.0,0.0,1.0,12.0,0.0,13.0,0.3187065124511719,0.2000897228717804,2.7384033203125,0.2745327353477478,0.0213709423939387,-0.06207770109176636
433,1.079308282999591,100.091904,0.9915986061096191,0.3366488814353943,0.01460057869553566,0.013671875,0.07770666480064392,0.0,0.08016741275787354,0.0014829260762780905,0.1016031950712204,0.0,0.0,0.0,1.4219340085983276,4.240828514099121,0.4551321268081665,0.0,16.0,0.0,0.0,16.0,0.0,16.0,0.31880420446395874,0.20063592493534088,2.7289632161458335,0.27443794409434,0.021400625507036846,-0.062204182147979736
434,1.0534500180001487,100.091904,0.9888960123062134,0.33121174573898315,0.0272503811866045,0.013671875,0.077419713139534,0.0,0.08048781007528305,0.001457375823520124,0.1048583984375,0.0,0.0,0.0,1.4723587036132812,4.082915306091309,0.46743375062942505,0.0,13.0,0.0,0.0,13.0,0.0,13.0,0.31852296988169354,0.20707157254219055,2.7198893229166665,0.27422161897023517,0.021434657275676727,-0.05855685472488403
435,1.0217484309996507,100.091904,0.9656855463981628,0.3281000852584839,0.011793811805546284,0.013671875,0.07512585818767548,0.0,0.08122576773166656,0.0013905800879001617,0.107666015625,0.0,0.0,0.0,1.5869500637054443,4.052935600280762,0.44642990827560425,0.0,7.0,0.0,0.0,7.0,0.0,7.0,0.3181946674982707,0.2090454399585724,2.7388102213541665,0.2737765312194824,0.02129897226889928,-0.09679323434829712
436,1.096529969000585,100.091904,1.004578948020935,0.31940072774887085,0.010420926846563816,0.013671875,0.07855713367462158,0.0,0.08469440042972565,0.0017395856557413936,0.1173502653837204,0.0,0.0,0.0,1.6908936500549316,4.092812538146973,0.4603714942932129,0.0,12.0,0.0,0.0,12.0,0.0,12.0,0.31784913937250775,0.20558203756809235,2.759765625,0.2732649842898051,0.021299560864766438,-0.09676879644393921
437,1.0945849159998033,100.091904,1.0373700857162476,0.3132120966911316,0.02440575510263443,0.0146484375,0.08173718303442001,0.0,0.08552815020084381,0.001836573239415884,0.119140625,0.0,0.0,0.0,1.74545419216156,4.082309246063232,0.46815383434295654,0.0,15.0,0.0,1.0,14.0,0.0,15.0,0.31810033321380615,0.20392738282680511,2.7742106119791665,0.27368201812108356,0.021288904050985973,-0.09688884019851685
438,1.0988008320000517,100.091904,1.0599639415740967,0.30923813581466675,0.031430382281541824,0.0146484375,0.08377595990896225,0.0,0.08754464983940125,0.0020459014922380447,0.1274007260799408,0.0,0.0,0.0,1.7148723602294922,4.165632724761963,0.4705435633659363,0.0,11.0,0.0,0.0,11.0,0.0,11.0,0.31877179940541583,0.21066763997077942,2.7931315104166665,0.27440881729125977,0.021301113069057465,-0.09744995832443237
439,1.1072202730001663,100.091904,1.0448611974716187,0.3145984411239624,0.011473636142909527,0.0146484375,0.082274429500103,0.0,0.08828818798065186,0.0022384810727089643,0.1282145231962204,0.0,0.0,0.0,1.6175107955932617,4.305680274963379,0.4668940007686615,0.0,14.0,0.0,0.0,14.0,0.0,14.0,0.3196597894032796,0.20487913489341736,2.765625,0.27550021807352704,0.021356796224912006,-0.0972169041633606
440,1.1084591479993833,100.091904,1.0195965766906738,0.32234084606170654,0.009358582086861134,0.0146484375,0.08004502952098846,0.0,0.087140291929245,0.002327363472431898,0.1227213591337204,0.0,0.0,0.0,1.4492714405059814,4.263862609863281,0.4728483557701111,0.0,15.0,0.0,0.0,15.0,0.0,15.0,0.32039813200632733,0.20318511128425598,2.7242431640625,0.2763468027114868,0.021312375863393147,-0.0974082350730896
441,1.1537865159998546,100.091904,0.9896097779273987,0.33130699396133423,0.027520980685949326,0.0146484375,0.07723937928676605,0.0,0.08481761068105698,0.0022037664894014597,0.1149495467543602,0.0,0.0,0.0,1.3391450643539429,4.197756767272949,0.4852195382118225,0.0,18.0,0.0,0.0,18.0,0.0,18.0,0.320564607779185,0.20385795831680298,2.7160237630208335,0.2764258186022441,0.02133242040872574,-0.09763079881668091
442,1.2368613520002327,100.091904,0.9633275866508484,0.33682286739349365,0.0222355667501688,0.0146484375,0.07512177526950836,0.0,0.0809766948223114,0.0018310885643586516,0.1128336638212204,0.0,0.0,0.0,1.3040145635604858,4.084339141845703,0.4760189652442932,0.0,15.0,0.0,0.0,15.0,0.0,15.0,0.3201884826024373,0.20674259960651398,2.7397867838541665,0.27613778909047443,0.021357402205467224,-0.09788984060287476
443,1.053039911000269,100.091904,0.947576642036438,0.3396065831184387,0.02361370250582695,0.0146484375,0.0740370824933052,0.0,0.07979236543178558,0.001573275774717331,0.1149088591337204,0.0,0.0,0.0,1.3620723485946655,3.916548490524292,0.45850080251693726,0.0,9.0,0.0,0.0,9.0,0.0,9.0,0.3196990092595418,0.19735926389694214,2.7915445963541665,0.2756988008817037,0.02135062466065089,-0.09753257036209106
444,1.030539031000444,100.091904,0.9505128860473633,0.3391110599040985,0.02216406725347042,0.0146484375,0.07408755272626877,0.0,0.08441287279129028,0.0019815079867839813,0.1230061873793602,0.0,0.0,0.0,1.3933089971542358,3.7532992362976074,0.4542049765586853,0.0,5.0,0.0,0.0,5.0,0.0,5.0,0.31888171037038165,0.19970762729644775,2.7978515625,0.2748210032780965,0.021313920617103577,-0.09751015901565552
445,1.073307933000251,100.091904,0.9661720395088196,0.33445972204208374,0.014046247117221355,0.0146484375,0.0754890963435173,0.0,0.08601941913366318,0.002315310761332512,0.1248779296875,0.0,0.0,0.0,1.418745756149292,3.797183036804199,0.4521479308605194,0.0,16.0,0.0,0.0,16.0,0.0,16.0,0.3189942042032878,0.2076411247253418,2.7950032552083335,0.27464256683985394,0.02125409245491028,-0.09758669137954712
446,1.0286153770002784,100.091904,0.9516884088516235,0.33227187395095825,0.010826341807842255,0.0146484375,0.07419244945049286,0.0,0.08434043824672699,0.0021411278285086155,0.1225179061293602,0.0,0.0,0.0,1.4554498195648193,3.822849988937378,0.4306720197200775,0.0,12.0,0.0,0.0,12.0,0.0,12.0,0.3192462722460429,0.2054913192987442,2.8236897786458335,0.274713397026062,0.021271176636219025,-0.09780281782150269
447,1.0811533690002761,100.091904,0.9756183624267578,0.3279654383659363,0.018075628206133842,0.0146484375,0.07618500292301178,0.0,0.08533855527639389,0.0024092537350952625,0.1221923828125,0.0,0.0,0.0,1.5261521339416504,3.8459906578063965,0.4504690170288086,0.0,15.0,0.0,0.0,15.0,0.0,15.0,0.3188323974609375,0.19771605730056763,2.8249918619791665,0.27441974480946857,0.021367721259593964,-0.0979815125465393
448,1.0612879289992634,100.091904,0.9827960729598999,0.32336777448654175,0.019447611644864082,0.0146484375,0.07724934816360474,0.0,0.08219849318265915,0.0020925328135490417,0.1156005859375,0.0,0.0,0.0,1.6058143377304077,3.8696327209472656,0.43121573328971863,0.0,10.0,0.0,0.0,10.0,0.0,10.0,0.31849732001622516,0.18984729051589966,2.82861328125,0.274472455183665,0.021428070962429047,-0.0977596640586853
449,1.0891027280003982,100.091904,0.9826943278312683,0.3196444511413574,0.009121224284172058,0.0146484375,0.07731946557760239,0.0,0.08197750896215439,0.0021224715746939182,0.1162923201918602,0.0,0.0,0.0,1.698181390762329,3.878751754760742,0.43027085065841675,0.0,17.0,0.0,0.0,17.0,0.0,17.0,0.31849153836568195,0.1860470175743103,2.8365478515625,0.27420707543691,0.021403516332308452,-0.09769850969314575
450,1.053923830999338,100.091904,0.9773945808410645,0.3172968626022339,0.010870869271457195,0.015625,0.07721461355686188,0.0,0.07930910587310791,0.0019954736344516277,0.1115315780043602,0.0,0.0,0.0,1.6601448059082031,3.8487861156463623,0.4177849292755127,0.0,13.0,0.0,1.0,12.0,0.0,13.0,0.3190016746520996,0.18608230352401733,2.8294270833333335,0.2744704286257426,0.02142928292353948,-0.0976906418800354
451,1.0181151499991756,100.091904,0.9865673780441284,0.31666427850723267,0.01849258318543434,0.015625,0.07804136723279953,0.0,0.0778605043888092,0.0020602799486368895,0.1072998046875,0.0,0.0,0.0,1.5909746885299683,3.8905467987060547,0.4276809096336365,0.0,13.0,0.0,0.0,13.0,0.0,13.0,0.31908265749613446,0.19189274311065674,2.8279215494791665,0.27472007274627686,0.021375156939029694,-0.09826213121414185
452,1.0246411339994665,100.091904,1.0027236938476562,0.3146829307079315,0.029636187478899956,0.015625,0.07966108620166779,0.0,0.07494332641363144,0.0018672191072255373,0.0989990234375,0.0,0.0,0.0,1.5393480062484741,3.9323668479919434,0.4392894208431244,0.0,18.0,0.0,0.0,18.0,0.0,18.0,0.3196505308151245,0.19935685396194458,2.8140055338541665,0.2752781907717387,0.021274713178475697,-0.09812337160110474
453,1.040724164000494,100.091904,0.9883467555046082,0.32008594274520874,0.008910534903407097,0.015625,0.07846396416425705,0.0,0.07190560549497604,0.0015348176239058375,0.0950520858168602,0.0,0.0,0.0,1.4840877056121826,4.020340919494629,0.4250142574310303,0.0,8.0,0.0,0.0,8.0,0.0,8.0,0.320337971051534,0.1999989151954651,2.8058675130208335,0.27587942282358807,0.021462519963582356,-0.09794825315475464
454,1.0683321189999333,100.091904,0.9592471122741699,0.32865405082702637,0.012416056357324123,0.015625,0.075734943151474,0.0,0.07081117480993271,0.0013594914926216006,0.0891520231962204,0.0,0.0,0.0,1.4586336612701416,4.047219276428223,0.42542266845703125,0.0,10.0,0.0,0.0,10.0,0.0,10.0,0.32053569952646893,0.19615285098552704,2.794677734375,0.2760430971781413,0.021519688268502552,-0.09783941507339478
455,1.034306393999941,100.091904,0.9395346641540527,0.3381924629211426,0.013096281327307224,0.015625,0.0737321525812149,0.0,0.0717545598745346,0.0014395223697647452,0.0886637419462204,0.0,0.0,0.0,1.4136970043182373,3.9926528930664062,0.4330101013183594,0.0,9.0,0.0,0.0,9.0,0.0,9.0,0.32022686799367267,0.19613881409168243,2.8209635416666665,0.27554325262705487,0.02145496755838394,-0.0976899266242981
456,1.005548734000513,100.091904,0.9211030602455139,0.3452030420303345,0.01514113787561655,0.015625,0.07199298590421677,0.0,0.07285306602716446,0.0014641787856817245,0.09375,0.0,0.0,0.0,1.371919870376587,3.896190643310547,0.4279041290283203,0.0,9.0,0.0,0.0,9.0,0.0,9.0,0.31974401076634723,0.19858404994010925,2.839111328125,0.2750563621520996,0.021442070603370667,-0.09762316942214966
457,0.9888917520001996,100.091904,0.9159964323043823,0.3485053777694702,0.029420753940939903,0.015625,0.07142117619514465,0.0,0.07375036925077438,0.0014592584921047091,0.0934651717543602,0.0,0.0,0.0,1.339640498161316,3.9124257564544678,0.42554911971092224,0.0,5.0,0.0,0.0,5.0,0.0,5.0,0.3201379179954529,0.19916826486587524,2.814697265625,0.2753039598464966,0.02142087866862615,-0.09764772653579712
458,1.028628529999878,100.091904,0.8966506719589233,0.3533501625061035,0.01959189400076866,0.015625,0.06933864206075668,0.0,0.07582975924015045,0.0015675456961616874,0.0930582731962204,0.0,0.0,0.0,1.3835004568099976,3.8693976402282715,0.4340475797653198,0.0,10.0,0.0,0.0,10.0,0.0,10.0,0.32074207067489624,0.20712022483348846,2.7892659505208335,0.27569180727005005,0.02138209342956543,-0.09762650728225708
459,0.9990729589999319,100.091904,0.8980270028114319,0.35113540291786194,0.015942029654979706,0.0166015625,0.06946437805891037,0.0,0.07667478173971176,0.0015066697960719466,0.095703125,0.0,0.0,0.0,1.456272840499878,3.8939123153686523,0.4183627963066101,0.0,11.0,0.0,1.0,10.0,0.0,11.0,0.3210801084836324,0.210035502910614,2.7873128255208335,0.2758813301722209,0.0213384007414182,-0.09774023294448853
460,1.010212818000582,100.091904,0.9095885753631592,0.3476186990737915,0.03480289503931999,0.0166015625,0.07025950402021408,0.0,0.08023402094841003,0.0017028513830155134,0.1091715544462204,0.0,0.0,0.0,1.576334834098816,3.951225996017456,0.42211800813674927,0.0,5.0,0.0,0.0,5.0,0.0,5.0,0.3204909960428874,0.2095453143119812,2.7898763020833335,0.2755703528722127,0.021315137545267742,-0.09770852327346802
461,1.0354423500002667,100.091904,0.9717847108840942,0.3375681936740875,0.017319338396191597,0.0166015625,0.07589676231145859,0.0,0.08337830752134323,0.002172415843233466,0.1173095703125,0.0,0.0,0.0,1.6517841815948486,4.0437164306640625,0.444385826587677,0.0,13.0,0.0,0.0,13.0,0.0,13.0,0.31981875499089557,0.20870572328567505,2.7915445963541665,0.27477296193440753,0.021268899242083233,-0.09780389070510864
462,1.0249823100002686,100.091904,1.0037013292312622,0.3255751132965088,0.01955404318869114,0.0166015625,0.07937097549438477,0.0,0.08203267306089401,0.0020494149066507816,0.11328125,0.0,0.0,0.0,1.6141059398651123,4.125363349914551,0.43688687682151794,0.0,16.0,0.0,0.0,16.0,0.0,16.0,0.32033616304397583,0.20814770460128784,2.8064778645833335,0.27520817518234253,0.021238118410110474,-0.09717684984207153
463,1.0405097360007858,100.091904,0.9910436272621155,0.3229101896286011,0.014738352037966251,0.0166015625,0.07819359004497528,0.0,0.07928552478551865,0.0017275999998673797,0.1051025390625,0.0,0.0,0.0,1.593095302581787,4.102811336517334,0.4507311284542084,0.0,17.0,0.0,0.0,17.0,0.0,17.0,0.32102884848912555,0.2066906839609146,2.7928059895833335,0.2758701244990031,0.021303785343964893,-0.09702140092849731
464,1.1605705000001763,100.091904,0.9760724902153015,0.3219931721687317,0.02389753982424736,0.015625,0.07686492055654526,0.0,0.07831280678510666,0.0018032316584140062,0.1010335311293602,0.0,0.0,0.0,1.5819435119628906,3.986962080001831,0.45627355575561523,0.0,13.0,0.0,0.0,13.0,0.0,13.0,0.32137956221898395,0.206781268119812,2.7871500651041665,0.27631672223409015,0.021385639905929565,-0.0969894528388977
465,1.0722807149995788,100.091904,0.992812991142273,0.3169846534729004,0.06866653263568878,0.015625,0.07843641936779022,0.0,0.0790427029132843,0.0020172786898911,0.1009928435087204,0.0,0.0,0.0,1.532470703125,3.944340467453003,0.461108922958374,0.0,7.0,0.0,0.0,7.0,0.0,7.0,0.321481188138326,0.2070014476776123,2.7602132161458335,0.27624885241190594,0.021467745304107666,-0.09696441888809204
466,1.0603967080005532,100.091904,0.9893786907196045,0.3209153413772583,0.013960433192551136,0.015625,0.07760840654373169,0.0,0.08023373782634735,0.002330121351405978,0.111083984375,0.0,0.0,0.0,1.549248456954956,4.105735778808594,0.4762105941772461,0.0,15.0,0.0,0.0,15.0,0.0,15.0,0.3210497299830119,0.19772189855575562,2.7683919270833335,0.2758854826291402,0.021517448127269745,-0.09692984819412231
467,1.055230113000107,100.091904,0.9964146018028259,0.32579439878463745,0.011958308517932892,0.015625,0.07837636023759842,0.0,0.0782306119799614,0.002285950118675828,0.1062418669462204,0.0,0.0,0.0,1.5081748962402344,4.1525115966796875,0.4792720079421997,0.0,12.0,0.0,0.0,12.0,0.0,12.0,0.320711612701416,0.1968727707862854,2.7851969401041665,0.2757113774617513,0.02146210769812266,-0.09693962335586548
468,1.0230264760002683,100.091904,0.9679818749427795,0.33842986822128296,0.02441580966114998,0.015625,0.07565519213676453,0.0,0.07512053102254868,0.0017854425823315978,0.102783203125,0.0,0.0,0.0,1.4682652950286865,4.181291580200195,0.4731506109237671,0.0,12.0,0.0,0.0,12.0,0.0,12.0,0.32042547067006427,0.19918446242809296,2.8201904296875,0.2753414312998454,0.02140595515569051,-0.09698730707168579
469,1.0512455299995054,100.091904,0.9616782069206238,0.3467150926589966,0.02978326380252838,0.015625,0.0750603899359703,0.0,0.07415471971035004,0.0016919182380661368,0.0994873046875,0.0,0.0,0.0,1.385849952697754,4.183534145355225,0.47266921401023865,0.0,14.0,0.0,0.0,14.0,0.0,14.0,0.31957395871480304,0.19463896751403809,2.8092041015625,0.2747559944788615,0.021426623066266377,-0.09709030389785767
470,0.9970670530001371,100.091904,0.9703048467636108,0.3490264415740967,0.03186787664890289,0.015625,0.07620018720626831,0.0,0.07206587493419647,0.0014888066798448563,0.0937906950712204,0.0,0.0,0.0,1.3047035932540894,4.171749114990234,0.4532575309276581,0.0,10.0,0.0,0.0,10.0,0.0,10.0,0.31890928745269775,0.1912126988172531,2.8295084635416665,0.2744166652361552,0.021453780432542164,-0.09634917974472046
471,0.9657720870000048,100.091904,0.9542356729507446,0.3526439666748047,0.02139720506966114,0.015625,0.07450828701257706,0.0,0.07373322546482086,0.0017422891687601805,0.09228515625,0.0,0.0,0.0,1.3695443868637085,4.028118133544922,0.44985175132751465,0.0,9.0,0.0,0.0,9.0,0.0,9.0,0.3182399074236552,0.18399691581726074,2.8284098307291665,0.2739355166753133,0.021384644011656444,-0.09206980466842651
472,0.9716100469995581,100.091904,0.9503726959228516,0.34896546602249146,0.019370654597878456,0.015625,0.07401936501264572,0.0,0.07392911612987518,0.0019105187384411693,0.0911458358168602,0.0,0.0,0.0,1.4434316158294678,4.075646877288818,0.44042038917541504,0.0,14.0,0.0,0.0,14.0,0.0,14.0,0.3177539308865865,0.18438434600830078,2.8445638020833335,0.27338117361068726,0.02133873850107193,-0.08808118104934692
473,0.9676604229998702,100.091904,0.938338041305542,0.3419032096862793,0.016108104959130287,0.0166015625,0.0732298418879509,0.0,0.07089969515800476,0.0015486637130379677,0.0823160856962204,0.0,0.0,0.0,1.4984935522079468,4.045357704162598,0.42281126976013184,0.0,11.0,0.0,1.0,10.0,0.0,11.0,0.31782329082489014,0.18919213116168976,2.867431640625,0.2733103632926941,0.021357861657937367,-0.08799141645431519
474,0.9725836989991876,100.091904,0.9371822476387024,0.3352867364883423,0.02205607481300831,0.0166015625,0.07301110774278641,0.0,0.07287242263555527,0.0018843415891751647,0.0824788436293602,0.0,0.0,0.0,1.5865048170089722,4.022391319274902,0.4248240888118744,0.0,11.0,0.0,0.0,11.0,0.0,11.0,0.3177189032236735,0.19214856624603271,2.8628743489583335,0.2729644974072774,0.02140167107184728,-0.08749550580978394
475,0.9932595780001066,100.091904,0.9334233403205872,0.32864630222320557,0.019282635301351547,0.0166015625,0.0728318840265274,0.0,0.07021258771419525,0.001558347837999463,0.082763671875,0.0,0.0,0.0,1.6298192739486694,4.093386650085449,0.4210357666015625,0.0,13.0,0.0,0.0,13.0,0.0,13.0,0.3182520667711894,0.1963403820991516,2.8628743489583335,0.2737782597541809,0.021422433356444042,-0.09399551153182983
476,1.0342363360005038,100.091904,0.9188647270202637,0.33061641454696655,0.037833571434020996,0.0166015625,0.07101025432348251,0.0,0.07159820944070816,0.0014840912772342563,0.0876057967543602,0.0,0.0,0.0,1.7028729915618896,4.191188335418701,0.43483996391296387,0.0,10.0,0.0,0.0,10.0,0.0,10.0,0.3189510107040405,0.1959041804075241,2.8415934244791665,0.2747509876887004,0.02135659505923589,-0.09718149900436401
477,1.0185456940007498,100.091904,0.939487099647522,0.3330300450325012,0.022091561928391457,0.0166015625,0.07286321371793747,0.0,0.07429042458534241,0.001424358575604856,0.0893961638212204,0.0,0.0,0.0,1.7234452962875366,4.305683612823486,0.43465718626976013,0.0,5.0,0.0,0.0,5.0,0.0,5.0,0.31990790367126465,0.19838565587997437,2.8015543619791665,0.2756476402282715,0.021303914487361908,-0.09768038988113403
478,1.0266089839997221,100.091904,0.9634280204772949,0.3368440270423889,0.025041325017809868,0.0166015625,0.07475689053535461,0.0,0.07768009603023529,0.001652180915698409,0.0970052108168602,0.0,0.0,0.0,1.6430394649505615,4.528646469116211,0.4549224376678467,0.0,13.0,0.0,0.0,13.0,0.0,13.0,0.3210126558939616,0.2026611715555191,2.77294921875,0.2766440510749817,0.021290210386117298,-0.09751373529434204
479,1.0123920720006936,100.091904,0.9439383745193481,0.3495210111141205,0.04770185425877571,0.0185546875,0.07279154658317566,0.0,0.07732703536748886,0.0016322897281497717,0.0992838591337204,0.0,0.0,0.0,1.5693705081939697,4.604877948760986,0.46970075368881226,0.0,13.0,0.0,2.0,11.0,0.0,13.0,0.32170482476552326,0.205762580037117,2.7313232421875,0.27759695053100586,0.021195389330387115,-0.09760934114456177
480,1.0095756690006965,100.091904,0.9304695129394531,0.35995471477508545,0.03692639246582985,0.0185546875,0.07161875069141388,0.0,0.07861022651195526,0.0018013613298535347,0.105712890625,0.0,0.0,0.0,1.5251169204711914,4.411372661590576,0.4696173667907715,0.0,10.0,0.0,0.0,10.0,0.0,10.0,0.3217008709907532,0.21086469292640686,2.7242024739583335,0.2774595220883687,0.021271673341592152,-0.09778648614883423
481,0.9840255150002122,100.091904,0.9508702754974365,0.35632461309432983,0.033445846289396286,0.0185546875,0.07387188076972961,0.0,0.07908779382705688,0.0018408553441986442,0.1092122420668602,0.0,0.0,0.0,1.4362270832061768,4.240165710449219,0.4617321491241455,0.0,13.0,0.0,0.0,13.0,0.0,13.0,0.32125572363535565,0.20420800149440765,2.7480061848958335,0.2768685619036357,0.021400635441144306,-0.09786778688430786
482,1.006180471999869,100.091904,0.9488646388053894,0.3468666672706604,0.009379841387271881,0.0185546875,0.07405920326709747,0.0,0.0791597068309784,0.0017041981918737292,0.1094156950712204,0.0,0.0,0.0,1.3897737264633179,4.030984878540039,0.44960033893585205,0.0,10.0,0.0,0.0,10.0,0.0,10.0,0.3210623462994893,0.19570577144622803,2.7832845052083335,0.27648915847142536,0.021415993571281433,-0.09740704298019409
483,0.9928946660002111,100.091904,0.9507202506065369,0.3375928997993469,0.014905289746820927,0.0185546875,0.07431727647781372,0.0,0.08180069923400879,0.00193030945956707,0.1162109375,0.0,0.0,0.0,1.4033026695251465,3.857149124145508,0.4498465955257416,0.0,13.0,0.0,0.0,13.0,0.0,13.0,0.32094786564509076,0.19830036163330078,2.8020426432291665,0.27654051780700684,0.02148100237051646,-0.097431480884552
484,1.0184504900007596,100.091904,0.9475398063659668,0.3302420973777771,0.03476494923233986,0.0185546875,0.07410803437232971,0.0,0.08263223618268967,0.0019821941386908293,0.1180826872587204,0.0,0.0,0.0,1.4317805767059326,3.751574993133545,0.4426365792751312,0.0,10.0,0.0,0.0,10.0,0.0,10.0,0.320989469687144,0.20482447743415833,2.8033040364583335,0.27694304784138996,0.02154059459765752,-0.09748345613479614
485,1.0290132649997759,100.091904,0.9801130890846252,0.32048505544662476,0.02547389268875122,0.0185546875,0.07740811258554459,0.0,0.08464638888835907,0.00220928224734962,0.124755859375,0.0,0.0,0.0,1.4710845947265625,3.7947394847869873,0.42625343799591064,0.0,11.0,0.0,0.0,11.0,0.0,11.0,0.3211941123008728,0.20211488008499146,2.7941080729166665,0.27710843086242676,0.02140749494234721,-0.09783607721328735
486,1.027576088999922,100.091904,0.9881161451339722,0.31607094407081604,0.020481858402490616,0.0185546875,0.07843105494976044,0.0,0.08145003020763397,0.0018736470956355333,0.125732421875,0.0,0.0,0.0,1.5056694746017456,3.867539882659912,0.42358487844467163,0.0,18.0,0.0,0.0,18.0,0.0,18.0,0.32135359446207684,0.1991209089756012,2.8006998697916665,0.2775173783302307,0.0213568980495135,-0.09775930643081665
487,0.9951364849994206,100.091904,0.9769507050514221,0.3181321620941162,0.07754312455654144,0.017578125,0.07719891518354416,0.0,0.08169712126255035,0.0019702562130987644,0.1251220703125,0.0,0.0,0.0,1.5651471614837646,3.8832435607910156,0.41463834047317505,0.0,9.0,0.0,0.0,9.0,0.0,9.0,0.32078397274017334,0.19819313287734985,2.8187255859375,0.2770489851633708,0.021465544899304707,-0.09766131639480591
488,0.9861934169994129,100.091904,0.9356043338775635,0.3279300034046173,0.01887892745435238,0.017578125,0.07289113849401474,0.0,0.08029122650623322,0.00194072094745934,0.12109375,0.0,0.0,0.0,1.5786280632019043,4.057794094085693,0.4145404100418091,0.0,12.0,0.0,0.0,12.0,0.0,12.0,0.32051138083140057,0.19226014614105225,2.8401692708333335,0.276739239692688,0.02149311701456706,-0.09759265184402466
489,0.991241624000395,100.091904,0.9263270497322083,0.34145084023475647,0.03335871547460556,0.0185546875,0.07147744297981262,0.0,0.08107946813106537,0.002140385564416647,0.1189778670668602,0.0,0.0,0.0,1.5293493270874023,4.301009178161621,0.4262724816799164,0.0,10.0,0.0,1.0,9.0,0.0,10.0,0.32016104459762573,0.19193345308303833,2.834228515625,0.27666274706522626,0.021398382882277172,-0.09757047891616821
490,1.008296655999402,100.091904,0.9415223598480225,0.3549768924713135,0.05114658176898956,0.0185546875,0.07269465178251266,0.0,0.08003824204206467,0.0022931545972824097,0.116455078125,0.0,0.0,0.0,1.5150145292282104,4.536075592041016,0.44527411460876465,0.0,14.0,0.0,0.0,14.0,0.0,14.0,0.32036348183949787,0.19570785760879517,2.8247884114583335,0.27688320477803546,0.021299625436464947,-0.09824270009994507
491,0.9899383049996686,100.091904,0.9454455971717834,0.3669128119945526,0.0485096201300621,0.0185546875,0.07309508323669434,0.0,0.0785820409655571,0.0022489228285849094,0.1097412109375,0.0,0.0,0.0,1.5206836462020874,4.564713001251221,0.4458366334438324,0.0,12.0,0.0,0.0,12.0,0.0,12.0,0.3204765518506368,0.2022489458322525,2.7836507161458335,0.27686794598897296,0.02132076273361842,-0.09811419248580933
492,0.9955769730004249,100.091904,0.9617020487785339,0.3656831979751587,0.04732879623770714,0.01953125,0.07496209442615509,0.0,0.075748972594738,0.0019285575253888965,0.1048990935087204,0.0,0.0,0.0,1.4759734869003296,4.54981803894043,0.4321845471858978,0.0,13.0,0.0,1.0,12.0,0.0,13.0,0.32000760237375897,0.2004435956478119,2.7774251302083335,0.2765772541364034,0.021391846239566803,-0.09789305925369263
493,0.9703046280001217,100.091904,0.9730486273765564,0.3558918237686157,0.02888641692698002,0.01953125,0.07611341774463654,0.0,0.076642706990242,0.001970813376829028,0.1020100936293602,0.0,0.0,0.0,1.4980545043945312,4.376091957092285,0.4307039678096771,0.0,12.0,0.0,0.0,12.0,0.0,12.0,0.3186248739560445,0.1956532597541809,2.79248046875,0.27551881472269696,0.021382540464401245,-0.09776574373245239
494,0.9620740000000296,100.091904,0.961013913154602,0.342011958360672,0.015820050612092018,0.01953125,0.07520066946744919,0.0,0.07558396458625793,0.0015965391648933291,0.0937093123793602,0.0,0.0,0.0,1.5126171112060547,4.16505765914917,0.4147244393825531,0.0,8.0,0.0,0.0,8.0,0.0,8.0,0.31783103942871094,0.19583308696746826,2.7832845052083335,0.2748301426569621,0.02143372843662898,-0.09761518239974976
495,0.9793149580000318,100.091904,0.9666396975517273,0.32816511392593384,0.042584050446748734,0.01953125,0.07568588852882385,0.0,0.07687418907880783,0.0014985064044594765,0.0954182967543602,0.0,0.0,0.0,1.5644862651824951,4.099588394165039,0.4172697961330414,0.0,13.0,0.0,0.0,13.0,0.0,13.0,0.31753625472386676,0.19792713224887848,2.7784016927083335,0.2746262749036153,0.021553248167037964,-0.09751397371292114
496,0.9901107060004506,100.091904,0.9771126508712769,0.31935685873031616,0.10293004661798477,0.01953125,0.07672479003667831,0.0,0.07894477248191833,0.0015826881863176823,0.0950927734375,0.0,0.0,0.0,1.6257914304733276,4.188802242279053,0.3965187072753906,0.0,8.0,0.0,0.0,8.0,0.0,8.0,0.3181515733400981,0.19801488518714905,2.7757161458333335,0.27508068084716797,0.02158081779877345,-0.09752684831619263
497,0.9961545690002822,100.091904,0.9904471635818481,0.31725960969924927,0.014833934605121613,0.01953125,0.07782422751188278,0.0,0.08186374604701996,0.0017446866258978844,0.1008707731962204,0.0,0.0,0.0,1.7086474895477295,4.4641547203063965,0.37803715467453003,0.0,8.0,0.0,0.0,8.0,0.0,8.0,0.3189431031545003,0.202444925904274,2.7401936848958335,0.2758012016614278,0.02164906511704127,-0.09751969575881958
498,1.037655289000213,100.091904,0.989031970500946,0.3246504068374634,0.022042125463485718,0.01953125,0.07719708234071732,0.0,0.08356565237045288,0.0019250360783189535,0.1073404997587204,0.0,0.0,0.0,1.7781856060028076,4.664595127105713,0.38900136947631836,0.0,13.0,1.0,0.0,14.0,0.0,13.0,0.3195827802022298,0.19901058077812195,2.7032470703125,0.27665404478708905,0.02158016711473465,-0.09747081995010376
499,0.9829111560002275,100.091904,0.9670456647872925,0.3379617929458618,0.044876065105199814,0.01953125,0.0748407393693924,0.0,0.08357515186071396,0.002047737594693899,0.1157633513212204,0.0,0.0,0.0,1.7812942266464233,4.773878574371338,0.3996061086654663,0.0,16.0,0.0,0.0,16.0,0.0,16.0,0.31997732321421307,0.19758465886116028,2.6790364583333335,0.2770708203315735,0.021532634894053142,-0.09744328260421753
500,0.9611801370001558,100.091904,0.9435988664627075,0.3492068946361542,0.028566641733050346,0.01953125,0.0728817731142044,0.0,0.0820397213101387,0.0018955511040985584,0.1204427108168602,0.0,0.0,0.0,1.6293525695800781,4.58477258682251,0.3979607820510864,0.0,11.0,0.0,0.0,11.0,0.0,11.0,0.3199775020281474,0.1983342468738556,2.6960042317708335,0.27702969312667847,0.021567992866039276,-0.09747129678726196
501,0.9848153849998198,100.091904,0.9641144871711731,0.3512323200702667,0.022770501673221588,0.0205078125,0.07490798085927963,0.0,0.08436049520969391,0.002186989178881049,0.1249186247587204,0.0,0.0,0.0,1.5178937911987305,4.4290289878845215,0.4169515073299408,0.0,15.0,0.0,1.0,14.0,0.0,15.0,0.31923145055770874,0.20209315419197083,2.710205078125,0.27635467052459717,0.021531691153844196,-0.0975295901298523
502,0.978575551999711,100.091904,0.9594631195068359,0.35135406255722046,0.01409409660845995,0.021484375,0.07479065656661987,0.0,0.08208984136581421,0.0018140919273719192,0.1247151717543602,0.0,0.0,0.0,1.3920986652374268,4.305201530456543,0.41937679052352905,0.0,10.0,0.0,1.0,9.0,0.0,10.0,0.3194214701652527,0.20748542249202728,2.7296142578125,0.27629198630650836,0.021534770727157593,-0.09757214784622192
503,0.9887364870000965,100.091904,0.9845922589302063,0.3465552031993866,0.01563388854265213,0.021484375,0.07729347050189972,0.0,0.08465798944234848,0.00214395672082901,0.1237386092543602,0.0,0.0,0.0,1.335362195968628,4.2424445152282715,0.42007195949554443,0.0,9.0,0.0,0.0,9.0,0.0,9.0,0.31893396377563477,0.20768238604068756,2.757080078125,0.2762083609898885,0.021515488624572754,-0.09708923101425171
504,0.9927846980008326,100.091904,1.0256915092468262,0.3365670442581177,0.04116804897785187,0.021484375,0.08114765584468842,0.0,0.08822691440582275,0.0026694643311202526,0.1245524138212204,0.0,0.0,0.0,1.366899847984314,4.123410701751709,0.4246477484703064,0.0,8.0,0.0,0.0,8.0,0.0,8.0,0.3184303243954976,0.21161489188671112,2.7593587239583335,0.27585363388061523,0.02151452253262202,-0.09706336259841919
505,0.9987830049994955,100.091904,1.0218244791030884,0.3306080102920532,0.01944158785045147,0.021484375,0.08061081171035767,0.0,0.08593571186065674,0.0025634896010160446,0.1217854842543602,0.0,0.0,0.0,1.4199512004852295,4.15692138671875,0.43878933787345886,0.0,22.0,0.0,0.0,22.0,0.0,22.0,0.3182263970375061,0.2146860510110855,2.8133544921875,0.2756679852803548,0.021659590303897858,-0.0970049500465393
506,0.9713469270000132,100.091904,0.9982050657272339,0.3300192952156067,0.01632997766137123,0.021484375,0.07847466319799423,0.0,0.08478155732154846,0.002517745364457369,0.1190592497587204,0.0,0.0,0.0,1.5462853908538818,4.19520378112793,0.4003378748893738,0.0,9.0,0.0,0.0,9.0,0.0,9.0,0.31811589002609253,0.2033315896987915,2.8116861979166665,0.2754751443862915,0.021691458920637768,-0.09695905447006226
507,0.9715256539993788,100.091904,0.9555398225784302,0.3332827687263489,0.011491352692246437,0.021484375,0.0743299275636673,0.0,0.08282004296779633,0.0024259667843580246,0.1107991561293602,0.0,0.0,0.0,1.6218039989471436,4.210982322692871,0.3974844813346863,0.0,18.0,0.0,0.0,18.0,0.0,18.0,0.31828540563583374,0.20894485712051392,2.819580078125,0.27559149265289307,0.021627614895502727,-0.09696251153945923
508,1.042333174000305,100.091904,0.9238269329071045,0.33631137013435364,0.010857068002223969,0.021484375,0.07154983282089233,0.0,0.08100327849388123,0.0021556266583502293,0.1094156950712204,0.0,0.0,0.0,1.7050470113754272,4.207715034484863,0.38393253087997437,0.0,14.0,0.0,0.0,14.0,0.0,14.0,0.31878366072972614,0.209506094455719,2.81787109375,0.2759799162546794,0.02161235362291336,-0.09703093767166138
509,0.9800840469997638,100.091904,0.9029258489608765,0.33915722370147705,0.011296303011476994,0.021484375,0.06956735253334045,0.0,0.08115774393081665,0.0021481169387698174,0.1037190780043602,0.0,0.0,0.0,1.7382428646087646,4.303946495056152,0.376962274312973,0.0,10.0,0.0,0.0,10.0,0.0,10.0,0.3196193178494771,0.2073412388563156,2.8280029296875,0.27653708060582477,0.02156065156062444,-0.09705811738967896
510,0.9931562589999885,100.091904,0.9012366533279419,0.343154639005661,0.012219903990626335,0.0224609375,0.06921350210905075,0.0,0.08279473334550858,0.0022576376795768738,0.1084798201918602,0.0,0.0,0.0,1.7120193243026733,4.289397239685059,0.3947157561779022,0.0,12.0,0.0,1.0,11.0,0.0,12.0,0.3201641837755839,0.20628206431865692,2.7953694661458335,0.27693947156270343,0.02158050735791524,-0.09661966562271118
511,0.9607756679997692,100.091904,0.9038739204406738,0.3447411358356476,0.028494667261838913,0.0224609375,0.06965824961662292,0.0,0.08193270862102509,0.002116178860887885,0.1099039763212204,0.0,0.0,0.0,1.6500422954559326,4.317739486694336,0.38532838225364685,0.0,13.0,0.0,0.0,13.0,0.0,13.0,0.3207360903422038,0.203725665807724,2.764892578125,0.2770808935165405,0.021635594467322033,-0.0969732403755188
512,0.9491960970008222,100.091904,0.9303222894668579,0.34217119216918945,0.019949473440647125,0.0234375,0.07234740257263184,0.0,0.0807950347661972,0.002055816352367401,0.1092122420668602,0.0,0.0,0.0,1.5631396770477295,4.282159805297852,0.3897213339805603,0.0,16.0,0.0,1.0,15.0,0.0,16.0,0.32085416714350384,0.19944939017295837,2.7548014322916665,0.2768168846766154,0.021616766850153606,-0.0967901349067688
513,0.965432279000197,100.091904,0.9664916396141052,0.337988942861557,0.022320527583360672,0.0244140625,0.07566409558057785,0.0,0.08189231157302856,0.0023221024312078953,0.10546875,0.0,0.0,0.0,1.5353577136993408,4.194405555725098,0.41629087924957275,0.0,12.0,0.0,1.0,11.0,0.0,12.0,0.3208071788152059,0.1994990110397339,2.7666829427083335,0.2763258218765259,0.021642218033472698,-0.09631448984146118
514,0.982359816999633,100.091904,0.961692214012146,0.33596909046173096,0.025950945913791656,0.0263671875,0.07570987939834595,0.0,0.07985053211450577,0.002189343562349677,0.1070149764418602,0.0,0.0,0.0,1.5135191679000854,4.151646614074707,0.38961297273635864,0.0,15.0,0.0,2.0,13.0,0.0,15.0,0.3210129141807556,0.20269200205802917,2.7866617838541665,0.2761189341545105,0.021596868832906086,-0.09724074602127075
515,0.9832069569993109,100.091904,0.9574321508407593,0.3342443108558655,0.014469578862190247,0.0263671875,0.07533751428127289,0.0,0.07841335982084274,0.002198591595515609,0.1070963591337204,0.0,0.0,0.0,1.4717741012573242,4.0507941246032715,0.40214842557907104,0.0,13.0,0.0,0.0,13.0,0.0,13.0,0.3209029833475749,0.20507578551769257,2.8116048177083335,0.27565330266952515,0.021366822222868603,-0.09728735685348511
516,1.0940099270001156,100.091904,0.9622375965118408,0.3307388424873352,0.06348839402198792,0.0263671875,0.07587102055549622,0.0,0.07959120720624924,0.0023700129240751266,0.1062418669462204,0.0,0.0,0.0,1.479009985923767,3.9436118602752686,0.39993709325790405,0.0,8.0,0.0,0.0,8.0,0.0,8.0,0.32061082124710083,0.20068468153476715,2.8184000651041665,0.27560265858968097,0.021279049416383106,-0.09772902727127075
517,0.9704908940002497,100.091904,0.9777615666389465,0.3299277722835541,0.007075414527207613,0.0263671875,0.07699447870254517,0.0,0.08049236983060837,0.002586925867944956,0.1017659530043602,0.0,0.0,0.0,1.5116980075836182,4.071528911590576,0.4248064458370209,0.0,17.0,0.0,0.0,17.0,0.0,17.0,0.3209976355234782,0.19772449135780334,2.7975667317708335,0.27597711483637494,0.021377275387446087,-0.09754663705825806
518,0.9518555790000391,100.091904,0.9385582804679871,0.33941152691841125,0.026190895587205887,0.0263671875,0.07336398214101791,0.0,0.0782199501991272,0.0025068537797778845,0.0955403670668602,0.0,0.0,0.0,1.5095031261444092,4.190672397613525,0.40272706747055054,0.0,16.0,0.0,0.0,16.0,0.0,16.0,0.32130201657613117,0.19817355275154114,2.789794921875,0.27637890974680585,0.02138707290093104,-0.09769600629806519
519,1.0045971279996593,100.091904,0.9359816312789917,0.3395981788635254,0.02692684903740883,0.0263671875,0.07343534380197525,0.0,0.07467061281204224,0.00213262508623302,0.0935872420668602,0.0,0.0,0.0,1.4880201816558838,4.189375877380371,0.39089590311050415,0.0,17.0,0.0,0.0,17.0,0.0,17.0,0.32134248812993366,0.19116531312465668,2.8122151692708335,0.27664299805959064,0.021368739505608875,-0.09788066148757935
520,0.9957234959993002,100.091904,0.9149065017700195,0.34068524837493896,0.0210835300385952,0.0263671875,0.07157836854457855,0.0,0.07432563602924347,0.002046124543994665,0.1024576872587204,0.0,0.0,0.0,1.4719184637069702,4.1538591384887695,0.37558555603027344,0.0,7.0,0.0,0.0,7.0,0.0,7.0,0.3209418058395386,0.19164755940437317,2.8441975911458335,0.276389201482137,0.02133413404226303,-0.09783512353897095
521,0.9760754609997093,100.091904,0.8890674114227295,0.34232357144355774,0.00981486402451992,0.025390625,0.06887051463127136,0.0,0.07541473954916,0.002068416913971305,0.1033935546875,0.0,0.0,0.0,1.5038470029830933,4.108585357666016,0.3809351325035095,0.0,7.0,0.0,0.0,7.0,0.0,7.0,0.3205619851748149,0.1938030868768692,2.8460693359375,0.27611396710077923,0.021380747358004253,-0.09744256734848022
522,1.032529299000089,100.091904,0.9024691581726074,0.34031689167022705,0.015176946297287941,0.025390625,0.0704098790884018,0.0,0.07414767146110535,0.0019126331899315119,0.1021321639418602,0.0,0.0,0.0,1.5070972442626953,4.133920192718506,0.36106836795806885,0.0,17.0,0.0,0.0,17.0,0.0,17.0,0.3205676277478536,0.19222694635391235,2.8564860026041665,0.27601561943689984,0.021345203121503193,-0.09746450185775757
523,1.0341070849999596,100.091904,0.9087947010993958,0.3404315710067749,0.0513487309217453,0.025390625,0.07105638086795807,0.0,0.0753445252776146,0.0020050364546477795,0.1033935546875,0.0,0.0,0.0,1.515546202659607,4.063263416290283,0.36736243963241577,0.0,7.0,0.0,0.0,7.0,0.0,7.0,0.32079633076985675,0.2064526081085205,2.827392578125,0.27619240681330365,0.021339138348897297,-0.09751743078231812
524,1.0156499730001087,100.091904,0.927202582359314,0.3407975733280182,0.013860049657523632,0.025390625,0.07285533845424652,0.0,0.07635258138179779,0.002287792507559061,0.1026611328125,0.0,0.0,0.0,1.4971050024032593,4.1859259605407715,0.3572114109992981,0.0,9.0,0.0,0.0,9.0,0.0,9.0,0.320728063583374,0.2012174129486084,2.8065999348958335,0.2764875292778015,0.021363211174805958,-0.09782201051712036
525,1.0170173629994679,100.091904,0.9428496360778809,0.34374767541885376,0.013140136376023293,0.0263671875,0.07410633563995361,0.0,0.07682725042104721,0.00221789488568902,0.1050618514418602,0.0,0.0,0.0,1.5227558612823486,4.330822944641113,0.3593924939632416,0.0,17.0,0.0,1.0,16.0,0.0,17.0,0.3206196228663127,0.19720306992530823,2.7972005208333335,0.2765398422876994,0.02144126097361247,-0.09782177209854126
526,0.9841056380000737,100.091904,0.9522353410720825,0.34385016560554504,0.029559709131717682,0.02734375,0.0749843567609787,0.0,0.07358767092227936,0.001733583165332675,0.098876953125,0.0,0.0,0.0,1.4825539588928223,4.504112243652344,0.36936134099960327,0.0,13.0,0.0,1.0,12.0,0.0,13.0,0.3212137420972188,0.1967887282371521,2.8013509114583335,0.27691300710042316,0.021466881036758423,-0.0976153016090393
527,1.0125783680005043,100.091904,0.944532573223114,0.34670814871788025,0.01726681925356388,0.02734375,0.07426848262548447,0.0,0.07254122197628021,0.0016641485271975398,0.0959879606962204,0.0,0.0,0.0,1.4705986976623535,4.478160381317139,0.3738223910331726,0.0,10.0,0.0,0.0,10.0,0.0,10.0,0.3215533296267192,0.20179134607315063,2.7829996744791665,0.27687907218933105,0.021488043169180553,-0.09749084711074829
528,1.0066514909995021,100.091904,0.9318447113037109,0.3510614037513733,0.02263614907860756,0.02734375,0.07312040776014328,0.0,0.07215452194213867,0.001399683183990419,0.0951741561293602,0.0,0.0,0.0,1.4875849485397339,4.407180309295654,0.3577072322368622,0.0,6.0,0.0,0.0,6.0,0.0,6.0,0.3212258021036784,0.20980173349380493,2.7846272786458335,0.27641018231709796,0.021512252589066822,-0.09825199842453003
529,0.9942232599996714,100.091904,0.9314194917678833,0.3530234694480896,0.021052232012152672,0.02734375,0.07267147302627563,0.0,0.07430762052536011,0.001544573693536222,0.1004231795668602,0.0,0.0,0.0,1.5242588520050049,4.331966400146484,0.37780261039733887,0.0,7.0,0.0,0.0,7.0,0.0,7.0,0.3206942081451416,0.20780716836452484,2.7830403645833335,0.27567599217096966,0.021485090255737305,-0.09818059206008911
530,0.9736951920003776,100.091904,0.9601446390151978,0.34552860260009766,0.010425549931824207,0.02734375,0.07535403966903687,0.0,0.07743343710899353,0.0019251338671892881,0.1053059920668602,0.0,0.0,0.0,1.521416187286377,4.327498912811279,0.38559016585350037,0.0,8.0,0.0,0.0,8.0,0.0,8.0,0.3203695813814799,0.2049514800310135,2.7796630859375,0.2752851645151774,0.02156272033850352,-0.09797507524490356
531,1.0093034209994585,100.091904,0.9832373857498169,0.3385049104690552,0.01445391122251749,0.02734375,0.0776609480381012,0.0,0.07862738519906998,0.0021240036003291607,0.1105550155043602,0.0,0.0,0.0,1.5316693782806396,4.292593002319336,0.38805660605430603,0.0,10.0,0.0,0.0,10.0,0.0,10.0,0.3206436038017273,0.20538944005966187,2.7945963541666665,0.27536771694819134,0.021681370834509533,-0.09769445657730103
532,0.9902147009997861,100.091904,0.9963386058807373,0.32951968908309937,0.01790289394557476,0.0283203125,0.07907455414533615,0.0,0.07873958349227905,0.002354149706661701,0.1064860075712204,0.0,0.0,0.0,1.50167977809906,4.23865270614624,0.393061101436615,0.0,16.0,0.0,1.0,15.0,0.0,16.0,0.3210900624593099,0.20199130475521088,2.80908203125,0.2755122383435567,0.021555622418721516,-0.09746819734573364
533,1.016288632999931,100.091904,0.9815197587013245,0.32234370708465576,0.017470233142375946,0.0283203125,0.07795745134353638,0.0,0.07458307594060898,0.001955782761797309,0.099853515625,0.0,0.0,0.0,1.461421012878418,4.15964412689209,0.4016112685203552,0.0,20.0,0.0,0.0,20.0,0.0,20.0,0.32145629326502484,0.19782115519046783,2.8070882161458335,0.2761084238688151,0.02143298089504242,-0.0972936749458313
534,1.030173264000041,100.091904,0.9562928676605225,0.31590771675109863,0.08509144932031631,0.0283203125,0.07605715095996857,0.0,0.07173900306224823,0.001632423372939229,0.0968831405043602,0.0,0.0,0.0,1.4378979206085205,3.978304386138916,0.3785882890224457,0.0,8.0,0.0,0.0,8.0,0.0,8.0,0.32159167528152466,0.2002909928560257,2.8287353515625,0.27653634548187256,0.0214579775929451,-0.09715622663497925
535,1.0198793729996396,100.091904,0.9431579113006592,0.3143981695175171,0.026118522509932518,0.029296875,0.07454241812229156,0.0,0.07158409059047699,0.0017232995014637709,0.0987141951918602,0.0,0.0,0.0,1.4507322311401367,4.0159454345703125,0.3852667212486267,0.0,12.0,0.0,1.0,11.0,0.0,12.0,0.32139718532562256,0.20114891231060028,2.8574625651041665,0.27650771538416546,0.021480068564414978,-0.09714430570602417
536,1.0078134380000847,100.091904,0.9002580046653748,0.3251977562904358,0.04195716232061386,0.029296875,0.07025475800037384,0.0,0.0709463357925415,0.001686945091933012,0.098388671875,0.0,0.0,0.0,1.4716072082519531,4.141365051269531,0.37786194682121277,0.0,9.0,0.0,0.0,9.0,0.0,9.0,0.3214113513628642,0.20982210338115692,2.8360595703125,0.27653441826502484,0.021476867298285168,-0.09716922044754028
537,1.007463851000466,100.091904,0.8914442658424377,0.33796393871307373,0.0146643603220582,0.0302734375,0.06887593865394592,0.0,0.07175026088953018,0.001821054145693779,0.0992431640625,0.0,0.0,0.0,1.486462950706482,4.355974197387695,0.40419408679008484,0.0,10.0,0.0,1.0,9.0,0.0,10.0,0.32139591375986737,0.20735454559326172,2.8485921223958335,0.2763904333114624,0.021427854895591736,-0.09713798761367798
538,1.0217590820002442,100.091904,0.8761783838272095,0.35436591506004333,0.043357398360967636,0.0302734375,0.067257821559906,0.0,0.07052645832300186,0.001827050931751728,0.0986735075712204,0.0,0.0,0.0,1.4985132217407227,4.587704658508301,0.3921584486961365,0.0,11.0,0.0,0.0,11.0,0.0,11.0,0.3217580517133077,0.20546090602874756,2.8443603515625,0.2764543096224467,0.021393877764542896,-0.09706217050552368
539,1.0338305039995248,100.091904,0.8659229278564453,0.3706853687763214,0.049700357019901276,0.0302734375,0.06609496474266052,0.0,0.0717000961303711,0.001904588658362627,0.1001383513212204,0.0,0.0,0.0,1.4750808477401733,4.635651588439941,0.3917965292930603,0.0,8.0,0.0,0.0,8.0,0.0,8.0,0.32164156436920166,0.21244004368782043,2.8155924479166665,0.276431401570638,0.021459269026915233,-0.0969732403755188
540,1.041581880999729,100.091904,0.8676424622535706,0.3790578842163086,0.050715431571006775,0.0302734375,0.0664333626627922,0.0,0.07143332064151764,0.0019484199583530426,0.0974528044462204,0.0,0.0,0.0,1.4389007091522217,4.5101847648620605,0.3925793170928955,0.0,11.0,0.0,0.0,11.0,0.0,11.0,0.32118497292200726,0.1998932957649231,2.8306070963541665,0.27611138423283893,0.02143283685048421,-0.09689491987228394
541,1.0528540219993374,100.091904,0.8789025545120239,0.37439924478530884,0.03891390934586525,0.0302734375,0.06776440143585205,0.0,0.0692843422293663,0.0017584636807441711,0.0970458984375,0.0,0.0,0.0,1.4194296598434448,4.344563961029053,0.3929542899131775,0.0,14.0,0.0,0.0,14.0,0.0,14.0,0.3206997315088908,0.19963228702545166,2.8424479166666665,0.2755967974662781,0.021397384504477184,-0.0969269871711731
542,1.0636100770007033,100.091904,0.8724528551101685,0.36411431431770325,0.023390425369143486,0.0302734375,0.06692734360694885,0.0,0.0725162923336029,0.0020101084373891354,0.0988362655043602,0.0,0.0,0.0,1.5629167556762695,4.200247764587402,0.39617544412612915,0.0,8.0,0.0,0.0,8.0,0.0,8.0,0.32008783022562665,0.20005159080028534,2.8279215494791665,0.27488940954208374,0.021421216428279877,-0.09377557039260864
543,1.0349280340005862,100.091904,0.8826720714569092,0.34687891602516174,0.02949606440961361,0.0302734375,0.06817877292633057,0.0,0.07157088816165924,0.0018332344479858875,0.0911458358168602,0.0,0.0,0.0,1.6523231267929077,4.145018100738525,0.39168161153793335,0.0,12.0,0.0,0.0,12.0,0.0,12.0,0.3202279408772786,0.1993720531463623,2.8091634114583335,0.27507660786310834,0.02151365578174591,-0.07935672998428345
544,1.0207822070005932,100.091904,0.9023958444595337,0.33228379487991333,0.015456924214959145,0.0302734375,0.07012485712766647,0.0,0.07365242391824722,0.0019367765635251999,0.0917561873793602,0.0,0.0,0.0,1.7283523082733154,4.123983383178711,0.38776224851608276,0.0,13.0,0.0,0.0,13.0,0.0,13.0,0.3205414613087972,0.19938775897026062,2.8125813802083335,0.2751174569129944,0.021495853861172993,-0.08036249876022339
545,0.9996922569998787,100.091904,0.906095564365387,0.3213741183280945,0.017057117074728012,0.0302734375,0.0703941211104393,0.0,0.07308334112167358,0.001788936904631555,0.0932210311293602,0.0,0.0,0.0,1.8022031784057617,4.149415016174316,0.40132999420166016,0.0,9.0,0.0,0.0,9.0,0.0,9.0,0.32118844985961914,0.20332583785057068,2.7837320963541665,0.27569282054901123,0.021492362022399902,-0.08100467920303345
546,1.002353333999963,100.091904,0.9331461191177368,0.3130892813205719,0.027363285422325134,0.0302734375,0.07278965413570404,0.0,0.07405758649110794,0.0019102131482213736,0.0967203825712204,0.0,0.0,0.0,1.9262075424194336,4.15950345993042,0.40391242504119873,0.0,13.0,0.0,0.0,13.0,0.0,13.0,0.32130000988642377,0.21042697131633759,2.76904296875,0.2762497266133626,0.02146503080924352,-0.08089488744735718
547,1.0256924309996975,100.091904,0.979312539100647,0.3043733239173889,0.03031858801841736,0.029296875,0.07714667171239853,0.0,0.07455123215913773,0.0019281095592305064,0.0946858748793602,0.0,0.0,0.0,1.9269130229949951,4.161788463592529,0.41363608837127686,0.0,12.0,0.0,0.0,12.0,0.0,12.0,0.32156968116760254,0.20732717216014862,2.7298990885416665,0.2767157554626465,0.021436259150505066,-0.08107882738113403
548,1.0545934830006445,100.091904,0.9946779608726501,0.303953617811203,0.019675521180033684,0.029296875,0.07851902395486832,0.0,0.0746946781873703,0.001971661811694503,0.0963134765625,0.0,0.0,0.0,1.8524370193481445,4.221528053283691,0.4314354360103607,0.0,14.0,0.0,0.0,14.0,0.0,14.0,0.3218561013539632,0.20619253814220428,2.7516682942708335,0.27705979347229004,0.021307711799939472,-0.09726744890213013
549,1.0326872020004885,100.091904,1.0289936065673828,0.30271387100219727,0.024981463328003883,0.029296875,0.08219292759895325,0.0,0.07217177748680115,0.001577224349603057,0.0961507186293602,0.0,0.0,0.0,1.7248218059539795,4.314498424530029,0.4270671308040619,0.0,12.0,0.0,0.0,12.0,0.0,12.0,0.3221733768781026,0.19617408514022827,2.7668863932291665,0.2773835261662801,0.021329368154207867,-0.09742730855941772
550,1.0337063699998907,100.091904,1.0395938158035278,0.30759549140930176,0.019314756616950035,0.029296875,0.08326587080955505,0.0,0.07309490442276001,0.0015911449445411563,0.1001383513212204,0.0,0.0,0.0,1.5544145107269287,4.368696212768555,0.4287339448928833,0.0,10.0,0.0,0.0,10.0,0.0,10.0,0.3223390380541484,0.19558356702327728,2.7890218098958335,0.27748529116312665,0.021273101369539898,-0.09760099649429321
551,1.0221298450005634,100.091904,1.0558841228485107,0.3154391348361969,0.05452093482017517,0.029296875,0.08462508767843246,0.0,0.0766141414642334,0.0020033209584653378,0.1046142578125,0.0,0.0,0.0,1.371558427810669,4.467980861663818,0.4415428042411804,0.0,8.0,0.0,0.0,8.0,0.0,8.0,0.3223493496576945,0.19624574482440948,2.7687174479166665,0.27728750308354694,0.02122952789068222,-0.09778088331222534
552,0.9785022759997446,100.091904,1.0098527669906616,0.33403003215789795,0.037961121648550034,0.029296875,0.07992377132177353,0.0,0.07638779282569885,0.00199725735001266,0.1005452498793602,0.0,0.0,0.0,1.284372091293335,4.656294822692871,0.4419247508049011,0.0,11.0,0.0,0.0,11.0,0.0,11.0,0.32262102762858075,0.1984136551618576,2.7748616536458335,0.27744213740030926,0.02123378962278366,-0.09795814752578735
553,1.0045674269995288,100.091904,0.9921424388885498,0.35036003589630127,0.03649445250630379,0.029296875,0.07811149209737778,0.0,0.0783238559961319,0.002316944068297744,0.1020914763212204,0.0,0.0,0.0,1.28093421459198,4.709702491760254,0.4309427738189697,0.0,8.0,0.0,0.0,8.0,0.0,8.0,0.3223618070284526,0.1993972659111023,2.7278645833333335,0.27702653408050537,0.021191418170928955,-0.0981948971748352
554,1.0138672959992618,100.091904,0.9704541563987732,0.3612329959869385,0.050069719552993774,0.029296875,0.07596410810947418,0.0,0.07852759212255478,0.0024054236710071564,0.1046142578125,0.0,0.0,0.0,1.3060153722763062,4.690059185028076,0.4244152307510376,0.0,13.0,0.0,0.0,13.0,0.0,13.0,0.32206233342488605,0.19367754459381104,2.7386881510416665,0.27660536766052246,0.02131953090429306,-0.0982314944267273
555,1.00602456300021,100.091904,0.9361498355865479,0.360305517911911,0.04274905472993851,0.029296875,0.07291629910469055,0.0,0.07709386199712753,0.0022093274164944887,0.103759765625,0.0,0.0,0.0,1.383618712425232,4.6268391609191895,0.39640235900878906,0.0,11.0,0.0,0.0,11.0,0.0,11.0,0.32132816314697266,0.1919535994529724,2.7816162109375,0.2758942445119222,0.02130860835313797,-0.09815651178359985
556,1.0031998490003389,100.091904,0.9330220818519592,0.3511020541191101,0.03322801738977432,0.029296875,0.07249535620212555,0.0,0.07712874561548233,0.0020412320736795664,0.1031494140625,0.0,0.0,0.0,1.5336601734161377,4.520631313323975,0.40323203802108765,0.0,13.0,0.0,1.0,12.0,0.0,13.0,0.320509930451711,0.19222748279571533,2.7953287760416665,0.2752208908398946,0.02135500560204188,-0.09810668230056763
557,0.9993930169994201,100.091904,0.9483768343925476,0.33828848600387573,0.01218675822019577,0.029296875,0.07401427626609802,0.0,0.07677631825208664,0.0017786091193556786,0.1007080078125,0.0,0.0,0.0,1.6969728469848633,4.465084075927734,0.40059682726860046,0.0,13.0,0.0,0.0,13.0,0.0,13.0,0.3202993671099345,0.1968047022819519,2.8141276041666665,0.2751854459444682,0.02129800369342168,-0.09801441431045532
558,0.976520005000566,100.091904,0.9638233184814453,0.32562172412872314,0.015418496914207935,0.029296875,0.07551329582929611,0.0,0.07955128699541092,0.0020554866641759872,0.1024576872587204,0.0,0.0,0.0,1.8069218397140503,4.343225479125977,0.3971310257911682,0.0,11.0,0.0,0.0,11.0,0.0,11.0,0.3202555179595947,0.1888163685798645,2.8075764973958335,0.27527421712875366,0.02136191229025523,-0.09798651933670044
559,0.9266883650007003,100.091904,0.9874044060707092,0.312223881483078,0.02428620681166649,0.029296875,0.0777004212141037,0.0,0.08272397518157959,0.0025015422143042088,0.106201171875,0.0,0.0,0.0,1.8687782287597656,4.267791748046875,0.4017535150051117,0.0,9.0,0.0,0.0,9.0,0.0,9.0,0.3205883304278056,0.1828802227973938,2.7602132161458335,0.275497039159139,0.02131637434164683,-0.09799975156784058
560,0.952933311000379,100.091904,1.0105608701705933,0.3013942241668701,0.027257313951849937,0.029296875,0.0799592137336731,0.0,0.08279278129339218,0.0026385816745460033,0.1069742888212204,0.0,0.0,0.0,1.8722162246704102,4.2392168045043945,0.40665966272354126,0.0,17.0,0.0,0.0,17.0,0.0,17.0,0.32112403710683185,0.18412566184997559,2.7501627604166665,0.27607111136118573,0.02138869712750117,-0.09798020124435425
561,0.970094376999441,100.091904,1.0588741302490234,0.2907963991165161,0.03662540391087532,0.029296875,0.08493509143590927,0.0,0.08019455522298813,0.0023657307028770447,0.105224609375,0.0,0.0,0.0,1.825233817100525,4.248131275177002,0.4120582342147827,0.0,19.0,0.0,0.0,19.0,0.0,19.0,0.32169055938720703,0.18809962272644043,2.7433268229166665,0.2767798900604248,0.021303214132785797,-0.09797507524490356
562,1.0292233789996317,100.091904,1.0749386548995972,0.2872612774372101,0.022971821948885918,0.029296875,0.08658911287784576,0.0,0.07555630803108215,0.002037386642768979,0.0975748747587204,0.0,0.0,0.0,1.72804594039917,4.244978427886963,0.44820618629455566,0.0,22.0,0.0,0.0,22.0,0.0,22.0,0.3221224546432495,0.19283655285835266,2.73388671875,0.27731819947560626,0.021369293332099915,-0.09805995225906372
563,1.0111654400006955,100.091904,1.0331435203552246,0.2937701344490051,0.08221020549535751,0.029296875,0.08292728662490845,0.0,0.07285767793655396,0.0016896388260647655,0.0940348356962204,0.0,0.0,0.0,1.6129144430160522,4.209458827972412,0.42719048261642456,0.0,10.0,0.0,0.0,10.0,0.0,10.0,0.322059432665507,0.19041578471660614,2.7416585286458335,0.27725452184677124,0.02137095481157303,-0.09816175699234009
564,1.0037941129994579,100.091904,1.0071860551834106,0.30763745307922363,0.021140562370419502,0.0302734375,0.08000420033931732,0.0,0.07400275766849518,0.001807888736948371,0.0946044921875,0.0,0.0,0.0,1.476426124572754,4.373400688171387,0.4373874366283417,0.0,7.0,0.0,1.0,6.0,0.0,7.0,0.32176780700683594,0.18784427642822266,2.7694905598958335,0.2769600550333659,0.02139047036568324,-0.09818953275680542
565,1.0209491460000208,100.091904,0.9728187918663025,0.32742106914520264,0.0305433738976717,0.0302734375,0.07670305669307709,0.0,0.07204537093639374,0.0014531873166561127,0.0922037810087204,0.0,0.0,0.0,1.301727533340454,4.562379360198975,0.4261218011379242,0.0,16.0,0.0,0.0,16.0,0.0,16.0,0.32207608222961426,0.18740200996398926,2.7671712239583335,0.27736518780390423,0.021373850603898365,-0.0632215142250061
566,0.9908752089995687,100.091904,0.9486311674118042,0.35247644782066345,0.04581703245639801,0.03125,0.07430877536535263,0.0,0.07187540829181671,0.001312695792876184,0.0959065780043602,0.0,0.0,0.0,1.2178442478179932,4.608687877655029,0.42190754413604736,0.0,12.0,0.0,1.0,11.0,0.0,12.0,0.32227933406829834,0.19151481986045837,2.7545572916666665,0.2774459520975749,0.021367890139420826,-0.06319636106491089
567,1.015153714999542,100.091904,0.9660999178886414,0.36732226610183716,0.0523858442902565,0.03125,0.07605089247226715,0.0,0.07263797521591187,0.00142096565105021,0.0970865935087204,0.0,0.0,0.0,1.1944842338562012,4.589594841003418,0.41146549582481384,0.0,8.0,0.0,0.0,8.0,0.0,8.0,0.32223280270894367,0.18315154314041138,2.7347819010416665,0.27706841627756756,0.02136921137571335,-0.06328821182250977
568,1.0468411250003555,100.091904,0.9537459015846252,0.3735741972923279,0.055894769728183746,0.0322265625,0.07477203011512756,0.0,0.0748496875166893,0.0015443067532032728,0.0979410856962204,0.0,0.0,0.0,1.2733280658721924,4.467209339141846,0.4064665734767914,0.0,9.0,0.0,1.0,8.0,0.0,9.0,0.3213576674461365,0.18163470923900604,2.7848714192708335,0.2760804096857707,0.021332432826360066,-0.09838229417800903
569,0.9651069150004332,100.091904,0.9589779376983643,0.3651849627494812,0.03654640540480614,0.03125,0.07508233189582825,0.0,0.07782119512557983,0.0017756063025444746,0.0997314453125,0.0,0.0,0.0,1.421926498413086,4.310452461242676,0.41286200284957886,0.0,8.0,0.0,0.0,8.0,0.0,8.0,0.3204360206921895,0.1844700127840042,2.7871907552083335,0.2749131917953491,0.021328637997309368,-0.09831255674362183
570,1.0043750790000558,100.091904,0.9481569528579712,0.35377901792526245,0.017503567039966583,0.03125,0.07364708930253983,0.0,0.08017595112323761,0.0019758627749979496,0.1030680388212204,0.0,0.0,0.0,1.6403825283050537,4.253726959228516,0.4186569154262543,0.0,13.0,0.0,0.0,13.0,0.0,13.0,0.3193584481875102,0.18828395009040833,2.7921956380208335,0.27400259176890057,0.021337762475013733,-0.09811800718307495
571,0.9975379249999605,100.091904,0.9716368317604065,0.3334721028804779,0.018999041989445686,0.0322265625,0.07599233090877533,0.0,0.08254344761371613,0.002049385104328394,0.1094156950712204,0.0,0.0,0.0,1.7884572744369507,4.220335960388184,0.41672977805137634,0.0,11.0,0.0,1.0,10.0,0.0,11.0,0.3192695577939351,0.19124718010425568,2.78759765625,0.2739940881729126,0.02127887060244878,-0.09800416231155396
572,1.0208179820001533,100.091904,1.0002747774124146,0.317022442817688,0.07864946126937866,0.033203125,0.07836523652076721,0.0,0.08503139019012451,0.002187250880524516,0.1089274138212204,0.0,0.0,0.0,1.9342014789581299,4.232073783874512,0.44332069158554077,0.0,10.0,0.0,1.0,9.0,0.0,10.0,0.3196459611256917,0.183618426322937,2.7840576171875,0.2744620243708293,0.021287235120932262,-0.0978897213935852
573,1.0449101739995967,100.091904,1.0234854221343994,0.3079923987388611,0.018469782546162605,0.033203125,0.07978633046150208,0.0,0.08843116462230682,0.002654779702425003,0.1104736328125,0.0,0.0,0.0,2.0071334838867188,4.439902305603027,0.4855997562408447,0.0,19.0,0.0,0.0,19.0,0.0,19.0,0.32001755634943646,0.18292218446731567,2.76904296875,0.2751963933308919,0.021363340318202972,-0.0978124737739563
574,1.0123422680007934,100.091904,1.0476419925689697,0.3037876486778259,0.01944781467318535,0.03125,0.08241390436887741,0.0,0.08549052476882935,0.0026047471910715103,0.108642578125,0.0,0.0,0.0,2.002885103225708,4.653997898101807,0.46825358271598816,0.0,17.0,0.0,0.0,17.0,0.0,17.0,0.3212942083676656,0.18394732475280762,2.7389322916666665,0.2765807310740153,0.02144249528646469,-0.09783440828323364
575,1.0260242809999909,100.091904,1.0341404676437378,0.30759114027023315,0.02051170915365219,0.0322265625,0.08113358914852142,0.0,0.08256985247135162,0.002315892605111003,0.1038004606962204,0.0,0.0,0.0,1.9569470882415771,4.6459479331970215,0.4865964353084564,0.0,16.0,0.0,1.0,15.0,0.0,16.0,0.32215221722920734,0.18873560428619385,2.7402750651041665,0.27759472529093426,0.021389337877432506,-0.0981481671333313
576,1.0532814250000229,100.091904,1.0361937284469604,0.3104642331600189,0.030298497527837753,0.03125,0.08151793479919434,0.0,0.07962002605199814,0.0020507904700934887,0.09521484375,0.0,0.0,0.0,1.7732728719711304,4.59963321685791,0.5006909370422363,0.0,18.0,0.0,0.0,18.0,0.0,18.0,0.32214542229970294,0.19809097051620483,2.7391357421875,0.2777905861536662,0.02152069906393687,-0.09798115491867065
577,1.0438021429999935,100.091904,1.0465456247329712,0.31138479709625244,0.018839886412024498,0.03125,0.082981638610363,0.0,0.07935600727796555,0.0019922784995287657,0.1001383513212204,0.0,0.0,0.0,1.5665944814682007,4.436172008514404,0.4915100932121277,0.0,11.0,0.0,0.0,11.0,0.0,11.0,0.32173120975494385,0.20446330308914185,2.7540283203125,0.2773883144060771,0.02148657540480296,-0.09803944826126099
578,1.0450040510004328,100.091904,1.0497355461120605,0.31268182396888733,0.034601472318172455,0.033203125,0.08330005407333374,0.0,0.08115112781524658,0.002153522800654173,0.1099446639418602,0.0,0.0,0.0,1.4131221771240234,4.236787796020508,0.5043789148330688,0.0,13.0,0.0,2.0,11.0,0.0,13.0,0.3212124506632487,0.1997513771057129,2.7480061848958335,0.27709176143010456,0.02145906537771225,-0.0978272557258606
579,1.0180690730003334,100.091904,1.008636713027954,0.3233744502067566,0.015213200822472572,0.033203125,0.07944875955581665,0.0,0.08108179271221161,0.0020427347626537085,0.1123453825712204,0.0,0.0,0.0,1.332141399383545,4.1705546379089355,0.4928615987300873,0.0,11.0,0.0,0.0,11.0,0.0,11.0,0.3214363058408101,0.19502896070480347,2.7528076171875,0.2772202293078105,0.021431172887484234,-0.09774452447891235
580,0.9440408640002715,100.091904,0.9957886338233948,0.33413249254226685,0.021294374018907547,0.033203125,0.07815700024366379,0.0,0.08230133354663849,0.002045732457190752,0.1156412810087204,0.0,0.0,0.0,1.2807936668395996,4.210831642150879,0.4749593436717987,0.0,12.0,0.0,0.0,12.0,0.0,12.0,0.32120052973429364,0.19404184818267822,2.742431640625,0.2771986921628316,0.02152314285437266,-0.09773176908493042
581,0.9766190280006413,100.091904,1.0170390605926514,0.3349185883998871,0.01832960918545723,0.03515625,0.0802944004535675,0.0,0.08246953040361404,0.0021406139712780714,0.1173909530043602,0.0,0.0,0.0,1.3025423288345337,4.334174633026123,0.45673057436943054,0.0,12.0,0.0,2.0,10.0,0.0,12.0,0.3208172718683879,0.19511103630065918,2.7735595703125,0.2771252592404683,0.021580939491589863,-0.09833437204360962
582,0.9970384659991396,100.091904,1.0172785520553589,0.33682891726493835,0.02385600097477436,0.0341796875,0.08008518069982529,0.0,0.08411639928817749,0.002315877005457878,0.1164143905043602,0.0,0.0,0.0,1.3625081777572632,4.399092674255371,0.4517204463481903,0.0,9.0,0.0,0.0,9.0,0.0,9.0,0.32036171356836957,0.19524654746055603,2.7949625651041665,0.27669938405354816,0.02152978628873825,-0.09823542833328247
583,0.9866427380002278,100.091904,0.9875362515449524,0.34318771958351135,0.04141274839639664,0.0341796875,0.07703997939825058,0.0,0.08291777968406677,0.0024278867058455944,0.1108805388212204,0.0,0.0,0.0,1.4884774684906006,4.517312526702881,0.4476957321166992,0.0,19.0,0.0,0.0,19.0,0.0,19.0,0.3205259641011556,0.19489648938179016,2.812744140625,0.2768402695655823,0.021523100634415943,-0.09800976514816284
584,0.9634008259999973,100.091904,0.9624099135398865,0.34581848978996277,0.029743626713752747,0.0341796875,0.07483093440532684,0.0,0.08256890624761581,0.0024256594479084015,0.1114908903837204,0.0,0.0,0.0,1.5968389511108398,4.409972190856934,0.44067105650901794,0.0,10.0,0.0,0.0,10.0,0.0,10.0,0.32038535674413043,0.19518238306045532,2.8079833984375,0.2768479784329732,0.021466389298439026,-0.09796816110610962
585,1.0130877530000362,100.091904,0.979648768901825,0.33847200870513916,0.009465506300330162,0.03515625,0.0761961117386818,0.0,0.08395999670028687,0.0023461643140763044,0.1186930388212204,0.0,0.0,0.0,1.6831086874008179,4.34537410736084,0.4636783003807068,0.0,12.0,0.0,1.0,11.0,0.0,12.0,0.3199312090873718,0.1961740255355835,2.8015950520833335,0.27651818593343097,0.02143702656030655,-0.09774667024612427
586,1.0445110999999088,100.091904,0.9844439625740051,0.33014702796936035,0.014501197263598442,0.03515625,0.07665639370679855,0.0,0.08519978821277618,0.002325570210814476,0.1220703125,0.0,0.0,0.0,1.742913007736206,4.3415608406066895,0.4629104733467102,0.0,11.0,0.0,0.0,11.0,0.0,11.0,0.3198878566424052,0.19539910554885864,2.7979736328125,0.2765555779139201,0.021468013525009155,-0.09763747453689575
587,1.01167274799991,100.091904,1.0020993947982788,0.32209569215774536,0.013319694437086582,0.03515625,0.07818510383367538,0.0,0.08433010429143906,0.00250173918902874,0.1164957731962204,0.0,0.0,0.0,1.7212815284729004,4.382503032684326,0.4980754852294922,0.0,20.0,0.0,0.0,20.0,0.0,20.0,0.3209316333134969,0.1946108341217041,2.7653401692708335,0.27732551097869873,0.02149380495150884,-0.09758156538009644
588,1.0107959120005034,100.091904,0.9941207766532898,0.3183779716491699,0.015913721174001694,0.03515625,0.07773983478546143,0.0,0.07962203025817871,0.0021730768494307995,0.1035563200712204,0.0,0.0,0.0,1.6416749954223633,4.320525646209717,0.5113427639007568,0.0,24.0,0.0,1.0,23.0,0.0,24.0,0.32206908861796063,0.19577383995056152,2.7340901692708335,0.2783829967180888,0.021420014401276905,-0.09753400087356567
589,1.0149474299996655,100.091904,0.9856407642364502,0.31545162200927734,0.0743086189031601,0.0361328125,0.07741780579090118,0.0,0.07540737837553024,0.0017787262331694365,0.0994059294462204,0.0,0.0,0.0,1.5933659076690674,4.152671813964844,0.49426597356796265,0.0,13.0,0.0,1.0,12.0,0.0,13.0,0.3222398559252421,0.20359522104263306,2.7352701822916665,0.2788265148798625,0.021458720167477924,-0.09748536348342896
590,0.9958263700000316,100.091904,0.9729576706886292,0.31740596890449524,0.030385959893465042,0.0361328125,0.07625629007816315,0.0,0.07504776865243912,0.0017811867874115705,0.0994466170668602,0.0,0.0,0.0,1.602069616317749,4.149845123291016,0.47980213165283203,0.0,9.0,0.0,1.0,8.0,0.0,9.0,0.32208184401194256,0.20100358128547668,2.7617594401041665,0.27879345417022705,0.021392256021499634,-0.09756678342819214
591,1.0389636580002843,100.091904,0.9557742476463318,0.326240211725235,0.01716197468340397,0.037109375,0.07428450137376785,0.0,0.07599838823080063,0.0019169484730809927,0.1048177108168602,0.0,0.0,0.0,1.5686893463134766,4.158092498779297,0.4949108958244324,0.0,13.0,0.0,1.0,12.0,0.0,13.0,0.3219375212987264,0.19407033920288086,2.7821451822916665,0.27864281336466473,0.021363253394762676,-0.09755140542984009
592,1.0724505159996625,100.091904,0.933057963848114,0.3386954069137573,0.014872687868773937,0.0380859375,0.07220517843961716,0.0,0.0744648352265358,0.001847152365371585,0.10595703125,0.0,0.0,0.0,1.501880407333374,4.338342666625977,0.4726282060146332,0.0,11.0,0.0,1.0,10.0,0.0,11.0,0.3223053415616353,0.19389081001281738,2.773681640625,0.278736412525177,0.021350788573424023,-0.09734636545181274
593,1.0302541780001775,100.091904,0.9441871047019958,0.3510744869709015,0.032076362520456314,0.0380859375,0.07311475276947021,0.0,0.07353633642196655,0.0019382186001166701,0.1051025390625,0.0,0.0,0.0,1.47043776512146,4.551222801208496,0.4710327088832855,0.0,14.0,0.0,0.0,14.0,0.0,14.0,0.3225129048029582,0.19664336740970612,2.7600504557291665,0.2788292368253072,0.021344279249509174,-0.09720474481582642
594,1.1387909679997392,100.091904,0.9372665286064148,0.36247989535331726,0.05022050812840462,0.0380859375,0.07246245443820953,0.0,0.07130354642868042,0.001650594873353839,0.102294921875,0.0,0.0,0.0,1.4062137603759766,4.625642776489258,0.46884554624557495,0.0,13.0,0.0,0.0,13.0,0.0,13.0,0.3224594791730245,0.19699794054031372,2.7899983723958335,0.2789957523345947,0.02144361287355423,-0.09724229574203491
595,1.0441736799994032,100.091904,0.9172419309616089,0.36689624190330505,0.04354538768529892,0.0361328125,0.07092706859111786,0.0,0.07062869518995285,0.0014849912840873003,0.1029866561293602,0.0,0.0,0.0,1.3468674421310425,4.5624189376831055,0.44011157751083374,0.0,13.0,0.0,0.0,13.0,0.0,13.0,0.32223959763844806,0.19291451573371887,2.7813720703125,0.27881042162577313,0.02156961460908254,-0.09723955392837524
596,0.9750933080003961,100.091904,0.917363703250885,0.3595881164073944,0.022647716104984283,0.037109375,0.07119552791118622,0.0,0.07009279727935791,0.0012345551513135433,0.1001383513212204,0.0,0.0,0.0,1.317582368850708,4.48818826675415,0.4336993396282196,0.0,6.0,0.0,1.0,5.0,0.0,6.0,0.3216686248779297,0.19263511896133423,2.8122151692708335,0.2780935565630595,0.021465808153152466,-0.09713810682296753
597,1.0005468219997056,100.091904,0.956550657749176,0.34126076102256775,0.017180072143673897,0.0361328125,0.07502014935016632,0.0,0.07399308681488037,0.001588504179380834,0.1033121794462204,0.0,0.0,0.0,1.3470449447631836,4.354310512542725,0.43120163679122925,0.0,4.0,0.0,0.0,4.0,0.0,4.0,0.3206573526064555,0.19343674182891846,2.8153076171875,0.2771069407463074,0.02147366851568222,-0.097004234790802
598,1.0008969820000857,100.091904,0.9681094288825989,0.33013951778411865,0.0518266037106514,0.0361328125,0.07547494769096375,0.0,0.077423594892025,0.002096261829137802,0.1005452498793602,0.0,0.0,0.0,1.4902966022491455,4.327845573425293,0.46931201219558716,0.0,12.0,0.0,0.0,12.0,0.0,12.0,0.3199818929036458,0.19454485177993774,2.82470703125,0.27645160754521686,0.02154712627331416,-0.0968976616859436
599,1.037629946999914,100.091904,0.969418466091156,0.3228968679904938,0.012058456428349018,0.0361328125,0.07542151212692261,0.0,0.07582782208919525,0.0021969478111714125,0.0959879606962204,0.0,0.0,0.0,1.6552127599716187,4.50648832321167,0.47480320930480957,0.0,11.0,0.0,0.0,11.0,0.0,11.0,0.3201506535212199,0.19979843497276306,2.8336588541666665,0.2765392263730367,0.021580254038174946,-0.09685999155044556
600,1.128910444000212,100.091904,0.9832266569137573,0.3211979269981384,0.019231954589486122,0.0361328125,0.07621820271015167,0.0,0.07577850669622421,0.002226925687864423,0.0996907576918602,0.0,0.0,0.0,1.8113832473754883,4.716253280639648,0.5039089322090149,0.0,14.0,0.0,1.0,13.0,0.0,14.0,0.32086946566899616,0.21157631278038025,2.81982421875,0.2771499951680501,0.021588536600271862,-0.09686213731765747
601,1.0241424449995975,100.091904,0.9592711925506592,0.3259907364845276,0.018261384218931198,0.0361328125,0.0737016499042511,0.0,0.07449579238891602,0.002082003280520439,0.0928548201918602,0.0,0.0,0.0,1.829848289489746,4.815767288208008,0.5139968991279602,0.0,11.0,0.0,0.0,11.0,0.0,11.0,0.32175304492314655,0.20373781025409698,2.7836100260416665,0.277950922648112,0.02149910479784012,-0.07761770486831665
602,0.9365985820004425,100.091904,0.9299737215042114,0.3340403735637665,0.014840234071016312,0.0361328125,0.07075096666812897,0.0,0.07399283349514008,0.0020241292659193277,0.0920817106962204,0.0,0.0,0.0,1.7656230926513672,4.74431037902832,0.5250809192657471,0.0,13.0,0.0,0.0,13.0,0.0,13.0,0.3222544590632121,0.19954586029052734,2.7573649088541665,0.27810688813527423,0.021608151495456696,-0.07590123265981674
603,0.9628809929999989,100.091904,0.9259631037712097,0.3400229811668396,0.014435267075896263,0.0361328125,0.07002298533916473,0.0,0.07388079166412354,0.002059172373265028,0.0957845076918602,0.0,0.0,0.0,1.6844196319580078,4.643869400024414,0.5642890930175781,0.0,13.0,0.0,0.0,13.0,0.0,13.0,0.3215229908625285,0.19957786798477173,2.7464599609375,0.2775583664576213,0.021637611091136932,-0.07647953182458878
604,0.9742969349999839,100.091904,0.9627637267112732,0.33650678396224976,0.014499204233288765,0.0361328125,0.07413285225629807,0.0,0.07203900068998337,0.0017425601836293936,0.0964762419462204,0.0,0.0,0.0,1.5361835956573486,4.533406734466553,0.5355554819107056,0.0,12.0,0.0,0.0,12.0,0.0,12.0,0.3207777539889018,0.20433767139911652,2.7562662760416665,0.2769455909729004,0.02161233127117157,-0.07769525051116943
605,0.9879670079999414,100.091904,0.9815834164619446,0.3393252193927765,0.034269556403160095,0.03515625,0.07615935802459717,0.0,0.07239356637001038,0.0016572466120123863,0.0981852263212204,0.0,0.0,0.0,1.4423236846923828,4.537802696228027,0.531822919845581,0.0,9.0,0.0,0.0,9.0,0.0,9.0,0.3198084831237793,0.19930219650268555,2.8143717447916665,0.27632278203964233,0.021545936663945515,-0.08763772249221802
606,1.0062264669995784,100.091904,0.9809625148773193,0.34555983543395996,0.0169216375797987,0.03515625,0.07612863183021545,0.0,0.07233460992574692,0.0015891350340098143,0.0909423828125,0.0,0.0,0.0,1.3674110174179077,4.555772304534912,0.5421027541160583,0.0,13.0,0.0,0.0,13.0,0.0,13.0,0.3194672664006551,0.1833210587501526,2.827880859375,0.2761238018671672,0.021544665098190308,-0.09391003847122192
607,0.9551584099999673,100.091904,0.9448776245117188,0.3548191785812378,0.02621474117040634,0.03515625,0.07295972108840942,0.0,0.07222220301628113,0.0014194219838827848,0.0926920622587204,0.0,0.0,0.0,1.3450449705123901,4.638838768005371,0.4951171278953552,0.0,10.0,0.0,0.0,10.0,0.0,10.0,0.31997976700464886,0.2002498209476471,2.8430582682291665,0.2765520413716634,0.02162649730841319,-0.07858610153198242
608,0.9514424520002649,100.091904,0.9303095936775208,0.3614997863769531,0.02424393594264984,0.03515625,0.07122480124235153,0.0,0.07567180693149567,0.0016321686562150717,0.093994140625,0.0,0.0,0.0,1.3730249404907227,4.608787536621094,0.49824780225753784,0.0,7.0,0.0,0.0,7.0,0.0,7.0,0.3201925754547119,0.1943381130695343,2.7913818359375,0.2767608364423116,0.02163512259721756,-0.07873354852199554
609,0.9782626810001602,100.091904,0.932266891002655,0.36100250482559204,0.015909049659967422,0.0361328125,0.07111957669258118,0.0,0.08008379489183426,0.001945935538969934,0.1019287109375,0.0,0.0,0.0,1.4504139423370361,4.589606285095215,0.4867500960826874,0.0,7.0,0.0,1.0,6.0,0.0,7.0,0.3197110096613566,0.19273188710212708,2.7689615885416665,0.27626778682072956,0.021575530370076496,-0.07878527790307999
610,1.03636272499989,100.091904,0.9679078459739685,0.34989964962005615,0.013634135946631432,0.0361328125,0.0743846446275711,0.0,0.083524689078331,0.002368680667132139,0.1073404997587204,0.0,0.0,0.0,1.6070163249969482,4.5386857986450195,0.4892282485961914,0.0,15.0,0.0,0.0,15.0,0.0,15.0,0.31907639900843304,0.19284683465957642,2.7740478515625,0.2755296230316162,0.021587617695331573,-0.07882760465145111
611,1.022888048999448,100.091904,0.9588625431060791,0.34229934215545654,0.01753523014485836,0.037109375,0.0734516829252243,0.0,0.08279582113027573,0.0022169637959450483,0.1051839217543602,0.0,0.0,0.0,1.717982292175293,4.544002056121826,0.49994611740112305,0.0,12.0,0.0,1.0,11.0,0.0,12.0,0.31905464331309,0.19590216875076294,2.7906494140625,0.2754327654838562,0.02172443022330602,-0.019186515361070633
612,1.0530306219998238,100.091904,0.9507131576538086,0.33863967657089233,0.014223489910364151,0.037109375,0.07246731221675873,0.0,0.08476248383522034,0.002391945105046034,0.1076253280043602,0.0,0.0,0.0,1.866174578666687,4.52626895904541,0.5118752717971802,0.0,13.0,0.0,0.0,13.0,0.0,13.0,0.3192845980326335,0.19221433997154236,2.7815348307291665,0.2757396896680196,0.021649609009424847,-0.010827637277543545
613,1.0235897069997009,100.091904,0.9331225752830505,0.3370492160320282,0.018379418179392815,0.0361328125,0.0703364685177803,0.0,0.08584988117218018,0.0023978129029273987,0.1140543669462204,0.0,0.0,0.0,1.919122576713562,4.525912284851074,0.5458263754844666,0.0,15.0,0.0,0.0,15.0,0.0,15.0,0.3203587333361308,0.19193723797798157,2.7718505859375,0.2766421635945638,0.02154477188984553,-0.09794729948043823
614,1.0566832539998359,100.091904,0.9250046014785767,0.33669430017471313,0.03282617777585983,0.0361328125,0.06959961354732513,0.0,0.08453505486249924,0.0024282459635287523,0.1210123747587204,0.0,0.0,0.0,1.8855359554290771,4.586427688598633,0.538855791091919,0.0,25.0,0.0,0.0,25.0,0.0,25.0,0.3215222756067912,0.19251009821891785,2.7607421875,0.2780765891075134,0.021462346116701763,-0.09791380167007446
615,1.087804623000011,100.091904,0.9418013095855713,0.33225661516189575,0.01650824584066868,0.0341796875,0.07161127030849457,0.0,0.08198286592960358,0.0022395760752260685,0.1177571639418602,0.0,0.0,0.0,1.7468667030334473,4.481672286987305,0.5463001728057861,0.0,18.0,0.0,0.0,18.0,0.0,18.0,0.3227112094561259,0.1971362829208374,2.7112223307291665,0.27941211064656574,0.021412494281927746,-0.09740680456161499
616,1.0760657609998816,100.091904,0.9776615500450134,0.32393011450767517,0.010580623522400856,0.0361328125,0.07581724226474762,0.0,0.08101163059473038,0.002112084999680519,0.113525390625,0.0,0.0,0.0,1.5864566564559937,4.303017616271973,0.5348795652389526,0.0,14.0,0.0,2.0,12.0,0.0,14.0,0.3231302897135417,0.19453105330467224,2.6929931640625,0.279848575592041,0.021383988360563915,-0.09779292345046997
617,1.081778841000414,100.091904,0.9986490607261658,0.3176735043525696,0.02583521604537964,0.0361328125,0.0781792625784874,0.0,0.07987494766712189,0.0021669971756637096,0.1102294921875,0.0,0.0,0.0,1.4414288997650146,4.081591606140137,0.5419122576713562,0.0,20.0,0.0,0.0,20.0,0.0,20.0,0.32256561517715454,0.19042736291885376,2.7156168619791665,0.27919483184814453,0.021468428273995716,-0.09778755903244019
618,1.0579816139998002,100.091904,0.9884172677993774,0.3174552321434021,0.042058151215314865,0.0361328125,0.07774262875318527,0.0,0.07786358147859573,0.002022574655711651,0.108154296875,0.0,0.0,0.0,1.3464057445526123,4.011394500732422,0.5078332424163818,0.0,9.0,0.0,0.0,9.0,0.0,9.0,0.3218619227409363,0.19023674726486206,2.7721761067708335,0.27843215068181354,0.02152201533317566,-0.09776192903518677
619,1.0487288579997767,100.091904,0.9961609840393066,0.3206753134727478,0.010918185114860535,0.0361328125,0.07851165533065796,0.0,0.07696643471717834,0.0020497082732617855,0.1107584685087204,0.0,0.0,0.0,1.2746713161468506,3.957716464996338,0.5211535692214966,0.0,18.0,0.0,0.0,18.0,0.0,18.0,0.3213137586911519,0.19168132543563843,2.7960205078125,0.27794361114501953,0.02152526130278905,-0.09793740510940552
620,0.95810702900053,100.091904,0.9950894713401794,0.3254086971282959,0.02008243277668953,0.0361328125,0.07874974608421326,0.0,0.07428883761167526,0.0019401414319872856,0.1048583984375,0.0,0.0,0.0,1.2676715850830078,4.004958629608154,0.4985690712928772,0.0,9.0,0.0,0.0,9.0,0.0,9.0,0.3212749163309733,0.19680386781692505,2.83447265625,0.27785350879033405,0.021570754547913868,-0.09793001413345337
621,1.0073667440001373,100.091904,0.968184769153595,0.3359513282775879,0.011627490632236004,0.03515625,0.07588014006614685,0.0,0.07531783729791641,0.0021603803616017103,0.1012776717543602,0.0,0.0,0.0,1.3357385396957397,4.137917995452881,0.48646315932273865,0.0,13.0,0.0,0.0,13.0,0.0,13.0,0.3211742440859477,0.20418177545070648,2.8424072265625,0.2777285973230998,0.02165219436089198,-0.09789687395095825
622,1.0194340859998192,100.091904,0.9336826205253601,0.3469184637069702,0.01612815260887146,0.03515625,0.07251590490341187,0.0,0.07408545166254044,0.0020710169337689877,0.1009928435087204,0.0,0.0,0.0,1.4083102941513062,4.213133811950684,0.4676850736141205,0.0,13.0,0.0,0.0,13.0,0.0,13.0,0.3213431437810262,0.20271871984004974,2.83056640625,0.2777494192123413,0.021757212777932484,-0.09795910120010376
623,1.0143846139999368,100.091904,0.9130288362503052,0.35400062799453735,0.029162608087062836,0.0341796875,0.07062451541423798,0.0,0.07100760191679001,0.0017525891307741404,0.0968017578125,0.0,0.0,0.0,1.430988073348999,4.162031173706055,0.47255027294158936,0.0,13.0,0.0,0.0,13.0,0.0,13.0,0.32135897874832153,0.1938633769750595,2.845703125,0.27760593096415204,0.02176309625307719,-0.09800249338150024
624,1.0476867340003082,100.091904,0.8893306255340576,0.36274635791778564,0.021398263052105904,0.0341796875,0.06793533265590668,0.0,0.07302308082580566,0.002061083447188139,0.0986328125,0.0,0.0,0.0,1.4808683395385742,4.117084503173828,0.4922792911529541,0.0,9.0,0.0,0.0,9.0,0.0,9.0,0.320669690767924,0.19383087754249573,2.8700358072916665,0.2768971125284831,0.021711361904939015,-0.09809345006942749
625,1.0255643170003168,100.091904,0.8641567230224609,0.3661361038684845,0.017181560397148132,0.033203125,0.0652904063463211,0.0,0.07339044660329819,0.002101522171869874,0.0987548828125,0.0,0.0,0.0,1.5258092880249023,4.033533573150635,0.5173435211181641,0.0,15.0,0.0,0.0,15.0,0.0,15.0,0.32053279876708984,0.19731958210468292,2.8666178385416665,0.2768644293149312,0.021647043526172638,-0.09767454862594604
626,1.0112558259997968,100.091904,0.8729008436203003,0.3596411943435669,0.01456358190625906,0.0322265625,0.06651698797941208,0.0,0.06946684420108795,0.0018393835052847862,0.093505859375,0.0,0.0,0.0,1.5263904333114624,4.0194478034973145,0.5124648809432983,0.0,16.0,0.0,0.0,16.0,0.0,16.0,0.32110514243443805,0.19546228647232056,2.8737386067708335,0.27749590078989667,0.02159370978673299,-0.09764796495437622
627,1.0336635190005836,100.091904,0.8745328783988953,0.3544158935546875,0.010437533259391785,0.0322265625,0.06639985740184784,0.0,0.06897879391908646,0.0017300203908234835,0.0897216796875,0.0,0.0,0.0,1.558495044708252,4.055500030517578,0.5422743558883667,0.0,10.0,0.0,0.0,10.0,0.0,10.0,0.3220062454541524,0.1949986219406128,2.8660888671875,0.2782403628031413,0.021506855885187786,-0.09823185205459595
628,1.0315475590005008,100.091904,0.8861110806465149,0.34793004393577576,0.010476038791239262,0.0322265625,0.06767842173576355,0.0,0.07002212852239609,0.00191501434892416,0.0862630233168602,0.0,0.0,0.0,1.587132215499878,4.040213584899902,0.524072527885437,0.0,12.0,0.0,0.0,12.0,0.0,12.0,0.3225523630777995,0.19611474871635437,2.8187255859375,0.2790247400601705,0.021483279764652252,-0.09812206029891968
629,1.052546904999872,100.091904,0.8965451717376709,0.341031014919281,0.013239013031125069,0.03125,0.06856875121593475,0.0,0.06939369440078735,0.002019583247601986,0.0844319686293602,0.0,0.0,0.0,1.6438438892364502,4.089712142944336,0.5402963161468506,0.0,17.0,0.0,0.0,17.0,0.0,17.0,0.32330431540807086,0.1998564451932907,2.8119710286458335,0.27935657898585003,0.021578359107176464,-0.09800726175308228
630,1.0009259910002584,100.091904,0.8807820081710815,0.33481258153915405,0.027122056111693382,0.03125,0.06747319549322128,0.0,0.06638436764478683,0.0017655184492468834,0.0840657576918602,0.0,0.0,0.0,1.6366037130355835,3.9912891387939453,0.5127393007278442,0.0,10.0,0.0,0.0,10.0,0.0,10.0,0.32354265451431274,0.1996740698814392,2.8252360026041665,0.2794260581334432,0.02154841274023056,-0.09802299737930298
631,1.0199758119997568,100.091904,0.8881705403327942,0.3312394320964813,0.020792536437511444,0.03125,0.06833188980817795,0.0,0.06659896671772003,0.0019483244977891445,0.0869140625,0.0,0.0,0.0,1.6414928436279297,4.055834770202637,0.5016525983810425,0.0,15.0,0.0,0.0,15.0,0.0,15.0,0.3234483599662781,0.19665563106536865,2.8539225260416665,0.27941131591796875,0.021531209349632263,-0.09779387712478638
632,0.9989445579994936,100.091904,0.8686261773109436,0.33416417241096497,0.009845762513577938,0.0302734375,0.06679978221654892,0.0,0.06394892185926437,0.0016877598827704787,0.0857747420668602,0.0,0.0,0.0,1.6281884908676147,4.051209926605225,0.47983235120773315,0.0,14.0,0.0,0.0,14.0,0.0,14.0,0.3237733443578084,0.19503933191299438,2.8450520833333335,0.2796101172765096,0.021558875838915508,-0.09831792116165161
633,0.9848131510007079,100.091904,0.8532612919807434,0.33905327320098877,0.055113255977630615,0.0302734375,0.06538822501897812,0.0,0.06248339265584946,0.0014605578035116196,0.0874837264418602,0.0,0.0,0.0,1.5203959941864014,4.052748680114746,0.4684942662715912,0.0,8.0,0.0,0.0,8.0,0.0,8.0,0.3235626022020976,0.1949138045310974,2.8385823567708335,0.27958105007807416,0.021695666015148163,-0.09831017255783081
634,0.9852114630002689,100.091904,0.8276383876800537,0.3493227958679199,0.009697937406599522,0.0302734375,0.06264931708574295,0.0,0.06454554200172424,0.0016518270131200552,0.0896403044462204,0.0,0.0,0.0,1.4131743907928467,4.2194952964782715,0.4560278356075287,0.0,7.0,0.0,0.0,7.0,0.0,7.0,0.32345863183339435,0.19610565900802612,2.8533528645833335,0.27936434745788574,0.021597618858019512,-0.09821099042892456
635,0.984904667999217,100.091904,0.8400796055793762,0.3582380414009094,0.01757478527724743,0.0302734375,0.06357283145189285,0.0,0.06615877151489258,0.002043317072093487,0.0889078825712204,0.0,0.0,0.0,1.3126124143600464,4.428837776184082,0.4673643112182617,0.0,8.0,0.0,0.0,8.0,0.0,8.0,0.3236711025238037,0.20384126901626587,2.8079427083333335,0.2794061501820882,0.021552180250485737,-0.0979509949684143
636,0.9918222509995758,100.091904,0.8516958355903625,0.3654071092605591,0.04147699102759361,0.0302734375,0.06504590809345245,0.0,0.06297312676906586,0.0018230135319754481,0.0813802108168602,0.0,0.0,0.0,1.2210967540740967,4.541863918304443,0.4565638303756714,0.0,16.0,0.0,0.0,16.0,0.0,16.0,0.32358139753341675,0.2012297809123993,2.8003336588541665,0.2796265482902527,0.02144028494755427,-0.09784525632858276
637,0.9831576420001511,100.091904,0.8658912181854248,0.3677294850349426,0.025888759642839432,0.0302734375,0.06630489230155945,0.0,0.06413323432207108,0.002076511736959219,0.0775553435087204,0.0,0.0,0.0,1.2637889385223389,4.541066646575928,0.46237456798553467,0.0,3.0,0.0,0.0,3.0,0.0,3.0,0.32260499397913617,0.2019052505493164,2.83154296875,0.27873090902964276,0.02142419417699178,-0.09766870737075806
638,0.9942031419996056,100.091904,0.8670897483825684,0.3641083836555481,0.040579479187726974,0.029296875,0.06611471623182297,0.0,0.06496258080005646,0.0022543268278241158,0.0710856169462204,0.0,0.0,0.0,1.3650946617126465,4.5600199699401855,0.47863340377807617,0.0,14.0,0.0,0.0,14.0,0.0,14.0,0.3219846288363139,0.20204436779022217,2.8586018880208335,0.2778409520785014,0.02131484200557073,-0.09755712747573853
639,0.950298617000044,100.091904,0.8519366979598999,0.357364296913147,0.03026360645890236,0.0283203125,0.06467166543006897,0.0,0.0641547292470932,0.001961024012416601,0.06982421875,0.0,0.0,0.0,1.4507596492767334,4.471373081207275,0.4796692728996277,0.0,8.0,0.0,0.0,8.0,0.0,8.0,0.32187074422836304,0.20211774110794067,2.8491617838541665,0.277652382850647,0.02128008008003235,-0.0975542664527893
640,0.9749015139996118,100.091904,0.8535909056663513,0.3485264182090759,0.013898449949920177,0.0283203125,0.06463345885276794,0.0,0.0647653192281723,0.0018333434127271175,0.072998046875,0.0,0.0,0.0,1.5673412084579468,4.355385780334473,0.49878036975860596,0.0,11.0,0.0,0.0,11.0,0.0,11.0,0.3220825393994649,0.20515692234039307,2.8362223307291665,0.2775699893633525,0.02127045641342799,-0.09754282236099243
641,0.9394135769998684,100.091904,0.8635191917419434,0.3361022472381592,0.01401449739933014,0.029296875,0.06556103378534317,0.0,0.06510871648788452,0.001691019395366311,0.0731201171875,0.0,0.0,0.0,1.6861836910247803,4.315380096435547,0.49909505248069763,0.0,11.0,0.0,1.0,10.0,0.0,11.0,0.32257674137751263,0.2121826559305191,2.8205973307291665,0.2780178387959798,0.021306286255518597,-0.09774118661880493
642,0.9205122530001972,100.091904,0.8779776096343994,0.32196009159088135,0.043577197939157486,0.029296875,0.06714697182178497,0.0,0.06433579325675964,0.0012383703142404556,0.075439453125,0.0,0.0,0.0,1.7513110637664795,4.170305252075195,0.504665195941925,0.0,15.0,0.0,0.0,15.0,0.0,15.0,0.3230065107345581,0.21359027922153473,2.7996826171875,0.27858678499857586,0.021332184473673504,-0.09773117303848267
643,0.9769585349995396,100.091904,0.896687924861908,0.3121601939201355,0.1053602546453476,0.029296875,0.06896927952766418,0.0,0.06515596807003021,0.0011089597828686237,0.0790201872587204,0.0,0.0,0.0,1.81718909740448,4.082516670227051,0.5007528066635132,0.0,5.0,0.0,0.0,5.0,0.0,5.0,0.32287802298863727,0.20599351823329926,2.813720703125,0.2785017490386963,0.021335874994595844,-0.09752541780471802
644,1.0577947960000529,100.091904,0.9164814949035645,0.313440203666687,0.05763990059494972,0.029296875,0.07032765448093414,0.0,0.06735965609550476,0.001361169619485736,0.0813802108168602,0.0,0.0,0.0,1.8745696544647217,4.364464282989502,0.5114798545837402,0.0,9.0,0.0,0.0,9.0,0.0,9.0,0.3228755593299866,0.2038572132587433,2.8346761067708335,0.27827244997024536,0.021352238953113556,-0.09729820489883423
645,0.931732412999736,100.091904,0.9181265830993652,0.3273320198059082,0.022595077753067017,0.029296875,0.07002383470535278,0.0,0.06812383979558945,0.0015474444953724742,0.07958984375,0.0,0.0,0.0,1.8372275829315186,4.711610317230225,0.5115711688995361,0.0,11.0,0.0,0.0,11.0,0.0,11.0,0.3229089577992757,0.20410026609897614,2.7987467447916665,0.27853210767110187,0.021352854867776234,-0.09712427854537964
646,0.9240067709997675,100.091904,0.9265442490577698,0.34414154291152954,0.05111004412174225,0.029296875,0.07068273425102234,0.0,0.06837206333875656,0.0015400410629808903,0.0783284530043602,0.0,0.0,0.0,1.6915614604949951,4.901280879974365,0.5101980566978455,0.0,9.0,0.0,0.0,9.0,0.0,9.0,0.32288042704264325,0.21334321796894073,2.77197265625,0.2785460948944092,0.021418529252211254,-0.09709101915359497
647,0.9435257699997237,100.091904,0.9586220383644104,0.35860109329223633,0.05866681784391403,0.029296875,0.07365401089191437,0.0,0.06991267204284668,0.0015455973334610462,0.0852864608168602,0.0,0.0,0.0,1.5429625511169434,5.002476692199707,0.5163244009017944,0.0,14.0,0.0,0.0,14.0,0.0,14.0,0.32243261734644574,0.21483412384986877,2.7433675130208335,0.27821938196818036,0.021522976458072662,-0.09708648920059204
648,0.9700186079999185,100.091904,1.0118772983551025,0.36198437213897705,0.05288786441087723,0.029296875,0.07916749268770218,0.0,0.07084883749485016,0.001319420407526195,0.0889078825712204,0.0,0.0,0.0,1.412144422531128,4.986190319061279,0.49847981333732605,0.0,6.0,0.0,0.0,6.0,0.0,6.0,0.3217235207557678,0.21333789825439453,2.7363688151041665,0.27778422832489014,0.02151196946700414,-0.09698706865310669
649,0.9573294080000778,100.091904,1.0481034517288208,0.3551582992076874,0.035890843719244,0.029296875,0.08270125836133957,0.0,0.07571494579315186,0.0015229348791763186,0.0954182967543602,0.0,0.0,0.0,1.390002727508545,4.813522815704346,0.5036542415618896,0.0,7.0,0.0,0.0,7.0,0.0,7.0,0.3204811215400696,0.2032996267080307,2.7522786458333335,0.27664462725321454,0.0214479664961497,-0.09688478708267212
650,0.9393625809998412,100.091904,1.044693946838379,0.344173789024353,0.01638811267912388,0.029296875,0.08219846338033676,0.0,0.07902111113071442,0.001697981497272849,0.094482421875,0.0,0.0,0.0,1.451296329498291,4.604732036590576,0.5062150955200195,0.0,11.0,0.0,0.0,11.0,0.0,11.0,0.3194369276364644,0.20169875025749207,2.7486165364583335,0.2757495443026225,0.02149972567955653,-0.09683877229690552
651,0.9886792940005762,100.091904,1.0417351722717285,0.3288482427597046,0.06424348056316376,0.029296875,0.081849604845047,0.0,0.08246057480573654,0.00180873554199934,0.1000569686293602,0.0,0.0,0.0,1.557554006576538,4.373725414276123,0.5150291323661804,0.0,9.0,0.0,0.0,9.0,0.0,9.0,0.3190637230873108,0.20292991399765015,2.7425537109375,0.27537453174591064,0.021487660706043243,-0.09690386056900024
652,0.9894347540002855,100.091904,1.0163497924804688,0.320717453956604,0.019352981820702553,0.029296875,0.07902674376964569,0.0,0.08627282828092575,0.0020712194964289665,0.1083984375,0.0,0.0,0.0,1.6885013580322266,4.360006332397461,0.5246835350990295,0.0,15.0,0.0,0.0,15.0,0.0,15.0,0.31897757450739544,0.20495915412902832,2.7567545572916665,0.27553455034891766,0.02142585317293803,-0.09694355726242065
653,0.9671060950004176,100.091904,0.9903912544250488,0.31894731521606445,0.05103965848684311,0.029296875,0.07618536055088043,0.0,0.08746303617954254,0.0020156612154096365,0.1114501953125,0.0,0.0,0.0,1.8411157131195068,4.433437347412109,0.5306071043014526,0.0,9.0,0.0,0.0,9.0,0.0,9.0,0.3192319869995117,0.20893952250480652,2.7475179036458335,0.27641499042510986,0.02146836370229721,-0.0913880467414856
654,0.9652984469994408,100.091904,0.9929367303848267,0.32084381580352783,0.03539057448506355,0.02734375,0.07559101283550262,0.0,0.09119823575019836,0.002284538932144642,0.1227213591337204,0.0,0.0,0.0,2.019376516342163,4.637401580810547,0.5633641481399536,0.0,13.0,0.0,0.0,13.0,0.0,13.0,0.3196294705073039,0.216610848903656,2.705078125,0.27705291906992596,0.02150191863377889,-0.08948725461959839
655,0.9767112689996793,100.091904,0.9987859725952148,0.3222414255142212,0.021847737953066826,0.02734375,0.0759401023387909,0.0,0.09173771739006042,0.002268225885927677,0.12646484375,0.0,0.0,0.0,2.0463857650756836,4.607324600219727,0.5891232490539551,0.0,15.0,0.0,0.0,15.0,0.0,15.0,0.32067273060480755,0.2080266773700714,2.6541341145833335,0.2778431574503581,0.02141842742760976,-0.08917540311813354
656,0.9917686849994425,100.091904,1.008880376815796,0.3222583532333374,0.01996086724102497,0.02734375,0.07708649337291718,0.0,0.0905836820602417,0.0022741216234862804,0.1219482421875,0.0,0.0,0.0,1.8838517665863037,4.569838523864746,0.589880108833313,0.0,20.0,1.0,0.0,21.0,0.0,20.0,0.32084474960962933,0.19971445202827454,2.6621907552083335,0.27810219923655194,0.021483726799488068,-0.08817332983016968
657,0.9935503950000566,100.091904,1.0230355262756348,0.32389694452285767,0.015792181715369225,0.0263671875,0.0786103829741478,0.0,0.09040471166372299,0.002273303922265768,0.1264241635799408,0.0,0.0,0.0,1.7417218685150146,4.514184474945068,0.6000713109970093,0.0,13.0,0.0,0.0,13.0,0.0,13.0,0.32068822781244916,0.19831526279449463,2.6837565104166665,0.2778579791386922,0.02159292995929718,-0.08740442991256714
658,1.0057022629998755,100.091904,1.0385953187942505,0.3263130187988281,0.01485383976250887,0.0263671875,0.08027525246143341,0.0,0.09078508615493774,0.0022596209309995174,0.1292724609375,0.0,0.0,0.0,1.5813825130462646,4.371116638183594,0.6054785251617432,0.0,18.0,0.0,0.0,18.0,0.0,18.0,0.3201737403869629,0.19368721544742584,2.6990966796875,0.27734967072804767,0.021491756041844685,-0.09689289331436157
659,0.996810889999324,100.091904,1.098590612411499,0.32126960158348083,0.01265877764672041,0.0263671875,0.08647423982620239,0.0,0.09047479927539825,0.0022549345158040524,0.12841796875,0.0,0.0,0.0,1.4904311895370483,4.290307998657227,0.594890832901001,0.0,12.0,0.0,0.0,12.0,0.0,12.0,0.3198867440223694,0.19441473484039307,2.7108561197916665,0.2770419120788574,0.021456897258758545,-0.097453773021698
660,1.0092137480005476,100.091904,1.096421480178833,0.3223574161529541,0.012800254859030247,0.025390625,0.08656500279903412,0.0,0.08985474705696106,0.002204122021794319,0.1212565153837204,0.0,0.0,0.0,1.4575326442718506,4.268742084503174,0.5665491819381714,0.0,14.0,0.0,0.0,14.0,0.0,14.0,0.31957322359085083,0.2012312114238739,2.7459716796875,0.27663453420003253,0.02143619457880656,-0.09762352705001831
661,0.9985792970001057,100.091904,1.0823075771331787,0.3253145217895508,0.012529839761555195,0.0234375,0.08525507152080536,0.0,0.08986347913742065,0.002123667858541012,0.1208089217543602,0.0,0.0,0.0,1.441507339477539,4.277149200439453,0.5470523238182068,0.0,14.0,0.0,0.0,14.0,0.0,14.0,0.319136639436086,0.20125234127044678,2.740234375,0.275986651579539,0.021458153923352558,-0.09784179925918579
662,0.9732203209996442,100.091904,1.0550563335418701,0.32763636112213135,0.015402045100927353,0.0234375,0.0827430784702301,0.0,0.08764149248600006,0.0019650745671242476,0.1178792342543602,0.0,0.0,0.0,1.4065393209457397,4.26145076751709,0.5392910838127136,0.0,21.0,0.0,0.0,21.0,0.0,21.0,0.3188696503639221,0.20292623341083527,2.735107421875,0.2755531867345174,0.021493129432201385,-0.09811872243881226
663,0.9539053560001776,100.091904,1.030493974685669,0.3261885643005371,0.007573663257062435,0.0234375,0.08079510182142258,0.0,0.08589912950992584,0.0016248291358351707,0.1127115935087204,0.0,0.0,0.0,1.3980344533920288,4.226426124572754,0.5067940950393677,0.0,10.0,0.0,0.0,10.0,0.0,10.0,0.3185867667198181,0.20115607976913452,2.7534586588541665,0.275385042031606,0.02150000383456548,-0.09838277101516724
664,0.9603476709999086,100.091904,1.0338644981384277,0.32472243905067444,0.08123360574245453,0.0234375,0.08095875382423401,0.0,0.08842407166957855,0.001764258136972785,0.1121419295668602,0.0,0.0,0.0,1.5827596187591553,4.188335418701172,0.5063516497612,0.0,5.0,0.0,0.0,5.0,0.0,5.0,0.31849126021067303,0.20222337543964386,2.7436116536458335,0.2750283082326253,0.0215407262245814,-0.09840947389602661
665,0.9988519950002228,100.091904,1.0293374061584473,0.3274630010128021,0.01269767340272665,0.0234375,0.07974139600992203,0.0,0.09401245415210724,0.002400677651166916,0.1219889372587204,0.0,0.0,0.0,1.759179949760437,4.3947434425354,0.5239636301994324,0.0,12.0,0.0,0.0,12.0,0.0,12.0,0.31799636284510296,0.19393491744995117,2.7744547526041665,0.27444879213968915,0.021507777273654938,-0.015429727733135223
666,1.0448592450002252,100.091904,1.0395268201828003,0.330363392829895,0.015785768628120422,0.0234375,0.08040943741798401,0.0,0.09608767926692963,0.0028607118874788284,0.1257731169462204,0.0,0.0,0.0,1.8766067028045654,4.596470832824707,0.5279592275619507,0.0,12.0,0.0,0.0,12.0,0.0,12.0,0.318359911441803,0.19127607345581055,2.7751057942708335,0.2744227846463521,0.021512791514396667,-0.022527016699314117
667,1.0630440260001706,100.091904,1.023546814918518,0.3386960029602051,0.03223304823040962,0.021484375,0.07809247821569443,0.0,0.09733536094427109,0.0034019637387245893,0.1274821013212204,0.0,0.0,0.0,1.8999313116073608,4.738558292388916,0.5726990699768066,0.0,19.0,0.0,0.0,19.0,0.0,19.0,0.31850771109263104,0.1856284737586975,2.7637939453125,0.2748880982398987,0.02144683649142583,-0.025034092366695404
668,1.0637890469997728,100.091904,1.011842131614685,0.3417995572090149,0.052796486765146255,0.01953125,0.07727181911468506,0.0,0.09222301095724106,0.0030023548752069473,0.1219482421875,0.0,0.0,0.0,1.8066190481185913,4.780216217041016,0.5722088813781738,0.0,27.0,0.0,0.0,27.0,0.0,27.0,0.3196113109588623,0.17853385210037231,2.7158203125,0.2761383851369222,0.021544421712557476,-0.02486729621887207
669,1.0587648860000627,100.091904,1.0333261489868164,0.335452139377594,0.04202068969607353,0.0185546875,0.07995936274528503,0.0,0.08800201117992401,0.0026333178393542767,0.1142578125,0.0,0.0,0.0,1.6707104444503784,4.622461318969727,0.5766501426696777,0.0,18.0,0.0,0.0,18.0,0.0,18.0,0.3205696741739909,0.178272545337677,2.7034098307291665,0.27698610226313275,0.021551527082920074,-0.024498753249645233
670,1.0508342140001332,100.091904,1.048254370689392,0.32554152607917786,0.01398390531539917,0.0185546875,0.08202870935201645,0.0,0.08569175004959106,0.0026290244422852993,0.1153971403837204,0.0,0.0,0.0,1.5697879791259766,4.286529064178467,0.5837969779968262,0.0,25.0,0.0,0.0,25.0,0.0,25.0,0.32128862539927167,0.17979377508163452,2.7180989583333335,0.2776185870170593,0.021518160899480183,-0.02428564429283142
671,1.0432422849999057,100.091904,1.0389516353607178,0.3170481324195862,0.031488075852394104,0.0185546875,0.08201415836811066,0.0,0.0817861557006836,0.0022139749489724636,0.1108805388212204,0.0,0.0,0.0,1.4703229665756226,3.9072680473327637,0.5745789408683777,0.0,11.0,0.0,0.0,11.0,0.0,11.0,0.3218853274981181,0.18159633874893188,2.726318359375,0.27832067012786865,0.021538784106572468,-0.023751690983772278
672,1.046783226000116,100.091904,1.0373649597167969,0.310796320438385,0.053408022969961166,0.0185546875,0.08213485032320023,0.0,0.08149433881044388,0.0023845776449888945,0.1085612028837204,0.0,0.0,0.0,1.4432710409164429,3.684718608856201,0.5713679194450378,0.0,17.0,0.0,0.0,17.0,0.0,17.0,0.3214908043543498,0.18352478742599487,2.7520345052083335,0.27840185165405273,0.021528924504915874,-0.024578053504228592
673,1.0111979539997265,100.091904,1.0329813957214355,0.3077676594257355,0.04994542524218559,0.017578125,0.08188386261463165,0.0,0.07953302562236786,0.002327956259250641,0.1083984375,0.0,0.0,0.0,1.4449715614318848,3.725529670715332,0.548884391784668,0.0,15.0,0.0,0.0,15.0,0.0,15.0,0.32113532225290936,0.19273972511291504,2.8042399088541665,0.27829209963480633,0.021604008972644806,-0.06744664162397385
674,1.0467935120004768,100.091904,1.0475752353668213,0.3096126317977905,0.012495319359004498,0.017578125,0.08330263942480087,0.0,0.07812482863664627,0.0023210530634969473,0.1015218123793602,0.0,0.0,0.0,1.4776619672775269,3.9210994243621826,0.5260050892829895,0.0,14.0,0.0,0.0,14.0,0.0,14.0,0.32094210386276245,0.2059330940246582,2.8367513020833335,0.2780885100364685,0.02159132808446884,-0.0678364709019661
675,1.117939529999603,100.091904,1.0579627752304077,0.31588131189346313,0.009340943768620491,0.017578125,0.08401086181402206,0.0,0.07768987119197845,0.0022113751620054245,0.0965576171875,0.0,0.0,0.0,1.5304224491119385,4.143701553344727,0.5273090600967407,0.0,15.0,0.0,0.0,15.0,0.0,15.0,0.32093292474746704,0.2096373289823532,2.801025390625,0.2779810627301534,0.02163491149743398,-0.06820762902498245
676,0.9775633050003307,100.091904,1.0226361751556396,0.3266887068748474,0.022788245230913162,0.017578125,0.08059602975845337,0.0,0.07488283514976501,0.001964785624295473,0.0963134765625,0.0,0.0,0.0,1.5139402151107788,4.378076553344727,0.5059936046600342,0.0,15.0,0.0,0.0,15.0,0.0,15.0,0.3204364577929179,0.1984890103340149,2.8059895833333335,0.2777551809946696,0.021601349115371704,-0.06857602298259735
677,1.0300498289998359,100.091904,1.0083849430084229,0.33256304264068604,0.023082442581653595,0.017578125,0.07919387519359589,0.0,0.07551567256450653,0.0019568181596696377,0.1017252653837204,0.0,0.0,0.0,1.4856884479522705,4.421728134155273,0.5023643970489502,0.0,8.0,0.0,0.0,8.0,0.0,8.0,0.31988916794459027,0.183804452419281,2.8094075520833335,0.27718108892440796,0.021585678060849506,-0.06891974806785583
678,1.040672519000509,100.091904,1.0056746006011963,0.3390249013900757,0.017952777445316315,0.0166015625,0.07857029139995575,0.0,0.07667683809995651,0.0021400065161287785,0.1075439453125,0.0,0.0,0.0,1.4998271465301514,4.521608352661133,0.5215685367584229,0.0,12.0,0.0,0.0,12.0,0.0,12.0,0.3195698857307434,0.18023467063903809,2.7939860026041665,0.2767295241355896,0.021553590893745422,-0.06918010115623474
679,1.0133358609991774,100.091904,1.0048506259918213,0.3419116139411926,0.02520010434091091,0.0166015625,0.07839344441890717,0.0,0.07636277377605438,0.0022988130804151297,0.1117350310087204,0.0,0.0,0.0,1.4753687381744385,4.6158857345581055,0.5205146670341492,0.0,14.0,0.0,0.0,14.0,0.0,14.0,0.3197193344434102,0.18190759420394897,2.7983805338541665,0.2767263849576314,0.021516268452008564,-0.06943830102682114
680,1.0447431120001056,100.091904,1.0190454721450806,0.3436321020126343,0.03249359875917435,0.0166015625,0.07991974800825119,0.0,0.07417308539152145,0.0021332174073904753,0.103515625,0.0,0.0,0.0,1.4865230321884155,4.7086381912231445,0.5146749019622803,0.0,9.0,0.0,0.0,9.0,0.0,9.0,0.32023568948109943,0.19294577836990356,2.8048502604166665,0.27723948160807294,0.021424241364002228,-0.07002221047878265
681,1.0162108889999217,100.091904,1.005144476890564,0.34659916162490845,0.03418358042836189,0.0166015625,0.07852497696876526,0.0,0.07310302555561066,0.0018668168922886252,0.0958658903837204,0.0,0.0,0.0,1.5261363983154297,4.685398101806641,0.5267118811607361,0.0,16.0,0.0,0.0,16.0,0.0,16.0,0.3208017547925313,0.20181846618652344,2.7804361979166665,0.2778625289599101,0.02151068051656087,-0.0724230408668518
682,0.9887080540001989,100.091904,0.9707246422767639,0.34635818004608154,0.021928932517766953,0.0166015625,0.07516547292470932,0.0,0.07250606268644333,0.0017238317523151636,0.0913492888212204,0.0,0.0,0.0,1.5335086584091187,4.522710800170898,0.5334181785583496,0.0,11.0,0.0,0.0,11.0,0.0,11.0,0.3214356104532878,0.19584137201309204,2.7545979817708335,0.2784929076830546,0.02163187911113103,-0.07302984595298767
683,1.0000420269998358,100.091904,0.9527735710144043,0.3420352339744568,0.014939925633370876,0.0166015625,0.07352655380964279,0.0,0.07254071533679962,0.0015925986226648092,0.0933024138212204,0.0,0.0,0.0,1.5467381477355957,4.412131309509277,0.5324695110321045,0.0,11.0,0.0,1.0,10.0,0.0,11.0,0.3219621380170186,0.18756896257400513,2.7620849609375,0.2789515256881714,0.021649961670239765,-0.013440661132335663
684,1.0059821409995493,100.091904,0.949812114238739,0.3352552056312561,0.022880755364894867,0.017578125,0.07342194020748138,0.0,0.074959896504879,0.0018457293044775724,0.0977376326918602,0.0,0.0,0.0,1.5345380306243896,4.247030735015869,0.5251189470291138,0.0,12.0,0.0,1.0,11.0,0.0,12.0,0.3223305940628052,0.18689537048339844,2.74267578125,0.2791468103726705,0.021509225169817608,-0.02322179079055786
685,1.0309753699993962,100.091904,0.9543817043304443,0.3248520791530609,0.03390809893608093,0.017578125,0.07456374168395996,0.0,0.0733589455485344,0.0017501898109912872,0.1022542342543602,0.0,0.0,0.0,1.5064029693603516,4.113337516784668,0.4950104355812073,0.0,13.0,0.0,0.0,13.0,0.0,13.0,0.3229136864344279,0.19208556413650513,2.7603352864583335,0.27946949005126953,0.02162932852904002,-0.023444056510925293
686,1.0244478159993378,100.091904,0.9663735628128052,0.3171349763870239,0.054213978350162506,0.017578125,0.07599679380655289,0.0,0.07275913655757904,0.0016249711625277996,0.0999755859375,0.0,0.0,0.0,1.5477278232574463,4.120758533477783,0.4735276401042938,0.0,14.0,0.0,0.0,14.0,0.0,14.0,0.32318127155303955,0.20224222540855408,2.7808430989583335,0.2795750896135966,0.021557725965976715,-0.09772378206253052
687,0.9901305769999453,100.091904,1.0002747774124146,0.3125879168510437,0.02537188120186329,0.017578125,0.07919984310865402,0.0,0.07321546971797943,0.0016201518010348082,0.1038004606962204,0.0,0.0,0.0,1.531614065170288,4.296983242034912,0.47784262895584106,0.0,9.0,0.0,0.0,9.0,0.0,9.0,0.32338879505793255,0.19436240196228027,2.7896728515625,0.27975988388061523,0.02153179794549942,-0.09755164384841919
688,0.9743807980003112,100.091904,1.0160939693450928,0.3152499198913574,0.01705266162753105,0.017578125,0.08065750449895859,0.0,0.07327312231063843,0.0016494853189215064,0.1044921875,0.0,0.0,0.0,1.5467056035995483,4.487947463989258,0.46541446447372437,0.0,11.0,0.0,0.0,11.0,0.0,11.0,0.3232176899909973,0.1875755786895752,2.77392578125,0.279696782430013,0.021626425286134083,-0.097523033618927
689,0.9905875540007401,100.091904,0.9705731272697449,0.329093873500824,0.021840214729309082,0.017578125,0.07571705430746078,0.0,0.07250624895095825,0.0017206830671057105,0.103515625,0.0,0.0,0.0,1.5159776210784912,4.71146297454834,0.4734640121459961,0.0,12.0,0.0,0.0,12.0,0.0,12.0,0.32264721393585205,0.1859016865491867,2.7972819010416665,0.2789854605992635,0.021627644697825115,-0.0975077748298645
690,1.021612584999275,100.091904,0.9521492719650269,0.3406689465045929,0.021267155185341835,0.017578125,0.07373975217342377,0.0,0.07118681073188782,0.001676060608588159,0.0994873046875,0.0,0.0,0.0,1.4324629306793213,4.898464202880859,0.4679059684276581,0.0,10.0,0.0,0.0,10.0,0.0,10.0,0.32185564438501996,0.18584270775318146,2.8080647786458335,0.27822548151016235,0.02165660758813222,-0.09747189283370972
691,1.0140737609999633,100.091904,0.9523342251777649,0.35025542974472046,0.049129463732242584,0.017578125,0.07383495569229126,0.0,0.07060232013463974,0.0016033895080909133,0.0957845076918602,0.0,0.0,0.0,1.4215812683105469,4.998573303222656,0.449808806180954,0.0,12.0,0.0,0.0,12.0,0.0,12.0,0.321346918741862,0.18582603335380554,2.8000081380208335,0.27776962518692017,0.021615733702977497,-0.09744459390640259
692,0.9972885469996982,100.091904,0.9550057649612427,0.3536475896835327,0.03630474954843521,0.017578125,0.07416705787181854,0.0,0.07095499336719513,0.001537138014100492,0.0928141325712204,0.0,0.0,0.0,1.4380214214324951,4.929948806762695,0.45261073112487793,0.0,8.0,0.0,0.0,8.0,0.0,8.0,0.32105616728464764,0.18497508764266968,2.7832845052083335,0.2774709661801656,0.02162266770998637,-0.09744125604629517
693,0.9919801810001445,100.091904,0.9631868600845337,0.3503284454345703,0.02445957064628601,0.017578125,0.07479935884475708,0.0,0.07185324281454086,0.0014738462632521987,0.0916748046875,0.0,0.0,0.0,1.4832923412322998,4.891653060913086,0.4696234464645386,0.0,9.0,0.0,0.0,9.0,0.0,9.0,0.3210768898328145,0.18551552295684814,2.7906901041666665,0.27720314264297485,0.021573069194952648,-0.09825652837753296
694,0.9824126530002104,100.091904,0.9142504930496216,0.3498404026031494,0.025709034875035286,0.017578125,0.07013747096061707,0.0,0.07162320613861084,0.00127482321113348,0.084716796875,0.0,0.0,0.0,1.5540063381195068,4.784374237060547,0.4663974642753601,0.0,13.0,0.0,0.0,13.0,0.0,13.0,0.3210686445236206,0.18896597623825073,2.7991943359375,0.27702077229817706,0.021545420090357464,-0.09815150499343872
695,0.9592096280002806,100.091904,0.9186539649963379,0.34118807315826416,0.023851966485381126,0.017578125,0.0703282579779625,0.0,0.07308067381381989,0.0011775469174608588,0.0845540389418602,0.0,0.0,0.0,1.6669009923934937,4.632503032684326,0.4720125198364258,0.0,6.0,0.0,0.0,6.0,0.0,6.0,0.32063233852386475,0.19298189878463745,2.760009765625,0.2766585350036621,0.021556012332439423,-0.09802824258804321
696,0.9484444660001827,100.091904,0.9670320749282837,0.32979437708854675,0.0491534061729908,0.017578125,0.07453416287899017,0.0,0.07801192998886108,0.001424575224518776,0.0912679061293602,0.0,0.0,0.0,1.8329215049743652,4.67550802230835,0.4805603623390198,0.0,6.0,0.0,0.0,6.0,0.0,6.0,0.32020461559295654,0.1947440505027771,2.7631022135416665,0.27613721291224164,0.021610361834367115,-0.09791606664657593
697,0.9535340499996892,100.091904,1.0147994756698608,0.3197804093360901,0.027765223756432533,0.017578125,0.0786089077591896,0.0,0.08434820175170898,0.0019905222579836845,0.1018473356962204,0.0,0.0,0.0,1.9125993251800537,4.794467449188232,0.49546754360198975,0.0,7.0,0.0,0.0,7.0,0.0,7.0,0.32000571489334106,0.19662410020828247,2.7376708984375,0.2760026454925537,0.021616173287232716,-0.09786731004714966
698,0.9655748799996218,100.091904,1.0491687059402466,0.31658458709716797,0.04031204432249069,0.017578125,0.08163312822580338,0.0,0.08740745484828949,0.0024341875687241554,0.1107584685087204,0.0,0.0,0.0,1.9051463603973389,4.949410915374756,0.5186473727226257,0.0,14.0,0.0,0.0,14.0,0.0,14.0,0.32099276781082153,0.19879193603992462,2.6846516927083335,0.2767744263013204,0.02160340299208959,-0.09790116548538208
699,0.9720763149998675,100.091904,1.0577019453048706,0.31668519973754883,0.03137687221169472,0.017578125,0.08287950605154037,0.0,0.08679984509944916,0.0023510982282459736,0.1118571013212204,0.0,0.0,0.0,1.857785940170288,4.88800048828125,0.49301350116729736,0.0,15.0,0.0,0.0,15.0,0.0,15.0,0.3215426603953044,0.19884970784187317,2.6518147786458335,0.2775713602701823,0.021527049442132313,-0.09785574674606323
700,1.02735103500072,100.091904,1.0594762563705444,0.3171025216579437,0.019497491419315338,0.017578125,0.08304878324270248,0.0,0.08833818137645721,0.0024346637073904276,0.1199137419462204,0.0,0.0,0.0,1.774642825126648,4.737502098083496,0.49371910095214844,0.0,14.0,0.0,0.0,14.0,0.0,14.0,0.32144131263097125,0.2040613442659378,2.6521809895833335,0.2776642044385274,0.021505477527777355,-0.09055918455123901
701,1.0158416509993913,100.091904,1.062175989151001,0.3119639754295349,0.01686456985771656,0.017578125,0.08426528424024582,0.0,0.08418460190296173,0.0018939729779958725,0.1192220076918602,0.0,0.0,0.0,1.6203454732894897,4.555696487426758,0.46114295721054077,0.0,20.0,0.0,1.0,19.0,0.0,20.0,0.3217875162760417,0.20428478717803955,2.67724609375,0.27786417802174884,0.021456576883792877,-0.09249037504196167
702,1.0042013219999717,100.091904,1.0799570083618164,0.30646342039108276,0.010063531808555126,0.017578125,0.086054228246212,0.0,0.08460071682929993,0.001904364675283432,0.1201985701918602,0.0,0.0,0.0,1.4956554174423218,4.468565940856934,0.4583297669887543,0.0,11.0,0.0,0.0,11.0,0.0,11.0,0.3209227720896403,0.20707356929779053,2.718505859375,0.27702383200327557,0.021485529839992523,-0.09423691034317017
703,1.023569108000629,100.091904,1.0886402130126953,0.30066338181495667,0.031164271757006645,0.017578125,0.08721902221441269,0.0,0.08662252128124237,0.0022633657790720463,0.1230061873793602,0.0,0.0,0.0,1.4121403694152832,4.293941497802734,0.4424542784690857,0.0,14.0,0.0,0.0,14.0,0.0,14.0,0.3201351960500081,0.2065182626247406,2.7775065104166665,0.27629907925923664,0.021568020184834797,-0.0973241925239563
704,1.0583470589999706,100.091904,1.0636485815048218,0.303416907787323,0.012797431088984013,0.017578125,0.08473299443721771,0.0,0.08636678755283356,0.0022463523782789707,0.1240234375,0.0,0.0,0.0,1.3687169551849365,4.244736671447754,0.46207356452941895,0.0,15.0,0.0,0.0,15.0,0.0,15.0,0.3201327919960022,0.20602816343307495,2.7854817708333335,0.2762127121289571,0.021567481259504955,-0.09798699617385864
705,1.059225845000583,100.091904,1.034212589263916,0.3069067597389221,0.047781262546777725,0.0185546875,0.08233076333999634,0.0,0.08299171924591064,0.0018682180671021342,0.1154378280043602,0.0,0.0,0.0,1.3345715999603271,4.202052116394043,0.45678120851516724,0.0,16.0,0.0,1.0,15.0,0.0,16.0,0.3204689621925354,0.2054159939289093,2.775390625,0.2768182158470154,0.021620119611422222,-0.0979805588722229
706,1.032309138000528,100.091904,1.0000425577163696,0.3175482153892517,0.009315762668848038,0.0185546875,0.07859115302562714,0.0,0.0834534764289856,0.0019456878071650863,0.1149088591337204,0.0,0.0,0.0,1.4090163707733154,4.308627128601074,0.45772719383239746,0.0,12.0,0.0,0.0,12.0,0.0,12.0,0.3202238877614339,0.20815324783325195,2.796630859375,0.2768385012944539,0.021566768487294514,-0.0979570746421814
707,1.0269417890003751,100.091904,0.9946751594543457,0.32511958479881287,0.015532891266047955,0.0185546875,0.07794854789972305,0.0,0.08348893374204636,0.0018745665438473225,0.1124267578125,0.0,0.0,0.0,1.5099408626556396,4.429654598236084,0.4599247872829437,0.0,8.0,0.0,0.0,8.0,0.0,8.0,0.32039229075113934,0.21120116114616394,2.7615152994791665,0.2771044770876567,0.02153847614924113,-0.0978284478187561
708,1.0296373599994695,100.091904,0.9766621589660645,0.33354488015174866,0.013335292227566242,0.0185546875,0.07574326545000076,0.0,0.08480313420295715,0.001872226595878601,0.1133219450712204,0.0,0.0,0.0,1.630955457687378,4.430450439453125,0.4862736165523529,0.0,12.0,0.0,0.0,12.0,0.0,12.0,0.32046377658843994,0.20995523035526276,2.7327067057291665,0.2771321137746175,0.021548969050248463,-0.09766000509262085
709,1.0381860109991976,100.091904,0.9685564041137695,0.33984845876693726,0.01818506047129631,0.0185546875,0.07474519312381744,0.0,0.08665841817855835,0.0021312213502824306,0.115966796875,0.0,0.0,0.0,1.6920175552368164,4.427724838256836,0.4940040707588196,0.0,14.0,0.0,0.0,14.0,0.0,14.0,0.3201571504275004,0.20077121257781982,2.7527262369791665,0.27691884835561115,0.021533566216627758,-0.0975077748298645
710,1.1328314309994312,100.091904,0.9856321215629578,0.3413793444633484,0.013857908546924591,0.0185546875,0.076520174741745,0.0,0.08743737637996674,0.0021312874741852283,0.1205240935087204,0.0,0.0,0.0,1.6645581722259521,4.38801383972168,0.4794926047325134,0.0,8.0,0.0,0.0,8.0,0.0,8.0,0.3197060227394104,0.19417570531368256,2.74951171875,0.27691106001536053,0.021474542717138927,-0.09736567735671997
711,1.0498228099995686,100.091904,1.024543046951294,0.33870577812194824,0.01592070423066616,0.0185546875,0.07994796335697174,0.0,0.09110534191131592,0.002553718164563179,0.1250813901424408,0.0,0.0,0.0,1.6451678276062012,4.385730266571045,0.49668192863464355,0.0,11.0,0.0,0.0,11.0,0.0,11.0,0.3194619615872701,0.1937371790409088,2.7561848958333335,0.27671657005945843,0.021598490575949352,-0.09731179475784302
712,0.9925828229997933,100.091904,1.057746171951294,0.3353443741798401,0.03318946808576584,0.0185546875,0.08302006125450134,0.0,0.09219436347484589,0.0028239560779184103,0.1282552182674408,0.0,0.0,0.0,1.654380202293396,4.394216060638428,0.5111144781112671,0.0,16.0,0.0,0.0,16.0,0.0,16.0,0.319965660572052,0.19793356955051422,2.73388671875,0.27712080876032513,0.02168402075767517,-0.09730726480484009
713,1.0011548399997992,100.091904,1.090489149093628,0.3285960257053375,0.02855834923684597,0.0185546875,0.08664843440055847,0.0,0.09005910158157349,0.00281217647716403,0.1248372420668602,0.0,0.0,0.0,1.6349695920944214,4.40571928024292,0.49083226919174194,0.0,20.0,0.0,0.0,20.0,0.0,20.0,0.32092487812042236,0.202959343791008,2.7094319661458335,0.2779031991958618,0.021704114973545074,-0.09727436304092407
714,0.9937448410000798,100.091904,1.0594136714935303,0.32010418176651,0.022600283846259117,0.0166015625,0.08452023565769196,0.0,0.08262238651514053,0.0022305892780423164,0.1102294921875,0.0,0.0,0.0,1.5740420818328857,4.208820343017578,0.4721733331680298,0.0,25.0,0.0,0.0,25.0,0.0,25.0,0.321797251701355,0.19780215620994568,2.7074381510416665,0.27883275349934894,0.021649631361166637,-0.09731227159500122
715,0.9825103809998836,100.091904,1.0226329565048218,0.3127458095550537,0.011990414932370186,0.0166015625,0.08131290972232819,0.0,0.08035382628440857,0.00200403924100101,0.1065266951918602,0.0,0.0,0.0,1.5596790313720703,3.968623638153076,0.46247443556785583,0.0,12.0,0.0,0.0,12.0,0.0,12.0,0.32191789150238037,0.1978023648262024,2.7266031901041665,0.27861424287160236,0.021779413024584453,-0.09738701581954956
716,0.9826666130002195,100.091904,1.0233417749404907,0.3033824861049652,0.0508122481405735,0.0166015625,0.08161985874176025,0.0,0.08066117763519287,0.002166467485949397,0.1061197966337204,0.0,0.0,0.0,1.5540239810943604,3.830990791320801,0.4522831439971924,0.0,11.0,0.0,0.0,11.0,0.0,11.0,0.32149310906728107,0.19669334590435028,2.7745361328125,0.27816343307495117,0.021779825290044148,-0.09751063585281372
717,1.0189598220003973,100.091904,1.055223822593689,0.2958434820175171,0.05582474544644356,0.0166015625,0.08480571210384369,0.0,0.07908903062343597,0.002142659155651927,0.10595703125,0.0,0.0,0.0,1.5404841899871826,3.9146344661712646,0.45015132427215576,0.0,13.0,0.0,0.0,13.0,0.0,13.0,0.321345587571462,0.20067304372787476,2.7867024739583335,0.277712345123291,0.021761953830718994,-0.097567617893219
718,1.0209213039997849,100.091904,1.082703948020935,0.2939806580543518,0.04425773024559021,0.0166015625,0.08741381764411926,0.0,0.07892490923404694,0.0022233445197343826,0.1126302108168602,0.0,0.0,0.0,1.551940679550171,4.111109733581543,0.44215354323387146,0.0,12.0,0.0,0.0,12.0,0.0,12.0,0.32151806354522705,0.20599551498889923,2.7888590494791665,0.277544637521108,0.021716011067231495,-0.09719103574752808
719,1.0357225219995598,100.091904,1.1015061140060425,0.2973518669605255,0.03921857476234436,0.0166015625,0.08898761123418808,0.0,0.0767207071185112,0.0019867364317178726,0.1105143278837204,0.0,0.0,0.0,1.5369657278060913,4.451262950897217,0.44732221961021423,0.0,12.0,0.0,0.0,12.0,0.0,12.0,0.321768581867218,0.2021428644657135,2.7941080729166665,0.27774957815806073,0.02168359359105428,-0.09719568490982056
720,1.093571086999873,100.091904,1.0896074771881104,0.3103615939617157,0.025921080261468887,0.0166015625,0.08742325007915497,0.0,0.07623015344142914,0.002011297969147563,0.108642578125,0.0,0.0,0.0,1.4985078573226929,4.870172023773193,0.451177179813385,0.0,12.0,0.0,0.0,12.0,0.0,12.0,0.32186665137608844,0.19732406735420227,2.7822672526041665,0.27797770500183105,0.021650974949200947,-0.09726649522781372
721,1.0367941270005758,100.091904,1.0657470226287842,0.32626673579216003,0.03360185772180557,0.0166015625,0.08491789549589157,0.0,0.07679062336683273,0.002268839394673705,0.1090087890625,0.0,0.0,0.0,1.4368842840194702,4.974294662475586,0.45253023505210876,0.0,6.0,0.0,0.0,6.0,0.0,6.0,0.32196054855982464,0.1973467320203781,2.75390625,0.27788947025934857,0.021556243300437927,-0.09736138582229614
722,1.038365595999494,100.091904,1.026901364326477,0.3432673513889313,0.04587645083665848,0.0166015625,0.08114494383335114,0.0,0.07586053013801575,0.0023456453345716,0.1021321639418602,0.0,0.0,0.0,1.4011917114257812,4.990216255187988,0.4476005733013153,0.0,16.0,0.0,0.0,16.0,0.0,16.0,0.3219445546468099,0.20062033832073212,2.777587890625,0.27758580446243286,0.02151475101709366,-0.09765356779098511
723,1.0411010449997775,100.091904,0.9749045968055725,0.355361670255661,0.05654260888695717,0.0166015625,0.07645568251609802,0.0,0.07269017398357391,0.0021836119703948498,0.0897216796875,0.0,0.0,0.0,1.3310420513153076,4.785581111907959,0.4481450915336609,0.0,13.0,0.0,0.0,13.0,0.0,13.0,0.3221839467684428,0.20350010693073273,2.79931640625,0.2777515649795532,0.02156420797109604,-0.09769445657730103
724,1.0273034479996568,100.091904,0.9445789456367493,0.3606216609477997,0.040065523236989975,0.0166015625,0.07377713173627853,0.0,0.07228910177946091,0.0021425371523946524,0.0862630233168602,0.0,0.0,0.0,1.3419253826141357,4.600059509277344,0.4475686550140381,0.0,13.0,0.0,0.0,13.0,0.0,13.0,0.32233097155888873,0.20434129238128662,2.7777506510416665,0.2778107126553853,0.021510300536950428,-0.09772378206253052
725,0.995277344999522,100.091904,0.9291161894798279,0.3571360409259796,0.022538045421242714,0.0166015625,0.07215622812509537,0.0,0.07491367310285568,0.0024501816369593143,0.0904134139418602,0.0,0.0,0.0,1.4476364850997925,4.369574546813965,0.4574141502380371,0.0,9.0,0.0,0.0,9.0,0.0,9.0,0.322165846824646,0.20800410211086273,2.7827962239583335,0.2776471972465515,0.021574730674425762,-0.09771758317947388
726,1.012594602999343,100.091904,0.9436299204826355,0.34184810519218445,0.023544931784272194,0.015625,0.07359161972999573,0.0,0.07491058856248856,0.0023971619084477425,0.0887044295668602,0.0,0.0,0.0,1.576550841331482,4.300281047821045,0.4562798738479614,0.0,15.0,0.0,0.0,15.0,0.0,15.0,0.32223955790201825,0.21067099273204803,2.7738444010416665,0.27772337198257446,0.021591325600941975,-0.09771150350570679
727,1.0081634130001476,100.091904,0.960953950881958,0.32440486550331116,0.030169842764735222,0.0166015625,0.07557078450918198,0.0,0.0744226947426796,0.002095415722578764,0.092041015625,0.0,0.0,0.0,1.697452425956726,4.205548286437988,0.4382855296134949,0.0,14.0,1.0,1.0,14.0,0.0,14.0,0.3224196235338847,0.20706789195537567,2.780029296875,0.27788615226745605,0.021517726282278698,-0.09776264429092407
728,0.9924878719994012,100.091904,0.9650058746337891,0.31382614374160767,0.02535144053399563,0.0166015625,0.07620653510093689,0.0,0.07350116968154907,0.0019017684971913695,0.0956624373793602,0.0,0.0,0.0,1.8103790283203125,4.179657459259033,0.4174059331417084,0.0,16.0,0.0,0.0,16.0,0.0,16.0,0.322783887386322,0.19911880791187286,2.8120930989583335,0.2781186103820801,0.02156767745812734,-0.09782689809799194
729,1.0266101429997434,100.091904,0.9541535973548889,0.3103382885456085,0.018734868615865707,0.017578125,0.07512316852807999,0.0,0.07192263007164001,0.0018398717511445284,0.0937093123793602,0.0,0.0,0.0,1.9103015661239624,4.16306209564209,0.42335233092308044,0.0,13.0,1.0,1.0,13.0,0.0,13.0,0.3233920931816101,0.19804155826568604,2.8275960286458335,0.2786686221758525,0.021539645890394848,-0.09792524576187134
730,1.0297411499996088,100.091904,0.9440644383430481,0.3096032738685608,0.04425179585814476,0.0185546875,0.07415024936199188,0.0,0.0712769627571106,0.002013925928622484,0.0976969450712204,0.0,0.0,0.0,1.9004688262939453,4.156954765319824,0.41994351148605347,0.0,12.0,1.0,1.0,12.0,0.0,12.0,0.32366379102071124,0.1958998292684555,2.8113606770833335,0.27899495760599774,0.021604334314664204,-0.0977964997291565
731,1.029850672000066,100.091904,0.9686464667320251,0.3081478476524353,0.013822600245475769,0.017578125,0.0765894427895546,0.0,0.06990349292755127,0.0019168953876942396,0.0970458984375,0.0,0.0,0.0,1.7936010360717773,4.244016647338867,0.41613680124282837,0.0,13.0,0.0,0.0,13.0,0.0,13.0,0.3236556053161621,0.1920483112335205,2.8192952473958335,0.278925617535909,0.021530280510584515,-0.09794336557388306
732,1.0087519870003234,100.091904,0.980410099029541,0.3118510842323303,0.020086221396923065,0.017578125,0.07765865325927734,0.0,0.06799706816673279,0.0017466798890382051,0.0930582731962204,0.0,0.0,0.0,1.631582498550415,4.364968776702881,0.4274543225765228,0.0,13.0,0.0,0.0,13.0,0.0,13.0,0.32340816656748456,0.1912725865840912,2.8309326171875,0.27880386511484784,0.021459455291430157,-0.09778696298599243
733,0.993457952999961,100.091904,0.9980313777923584,0.3155592679977417,0.021004900336265564,0.017578125,0.07947152853012085,0.0,0.06763189285993576,0.0017635467229411006,0.0954996794462204,0.0,0.0,0.0,1.4702333211898804,4.490793228149414,0.432365745306015,0.0,12.0,0.0,0.0,12.0,0.0,12.0,0.3235795497894287,0.19160272181034088,2.8371175130208335,0.27841391166051227,0.021433264017105103,-0.09761863946914673
734,0.9814769280001201,100.091904,1.004273533821106,0.3226478695869446,0.04792039841413498,0.017578125,0.08006152510643005,0.0,0.06914806365966797,0.002026150468736887,0.0982666015625,0.0,0.0,0.0,1.3408124446868896,4.529932022094727,0.43257078528404236,0.0,8.0,0.0,0.0,8.0,0.0,8.0,0.32336995999018353,0.19261591136455536,2.8226725260416665,0.27821781237920123,0.021550126373767853,-0.09745961427688599
735,0.9937518850001652,100.091904,0.9951037764549255,0.3356143832206726,0.03821343928575516,0.017578125,0.0788889154791832,0.0,0.07020678371191025,0.0021359482780098915,0.0956217497587204,0.0,0.0,0.0,1.263396978378296,4.700295448303223,0.45053786039352417,0.0,8.0,0.0,0.0,8.0,0.0,8.0,0.3230322202046712,0.19391995668411255,2.8398030598958335,0.2781457304954529,0.021585109333197277,-0.097476065158844
736,0.9807038850003664,100.091904,0.9678298830986023,0.34976983070373535,0.0476519875228405,0.017578125,0.07602156698703766,0.0,0.07048394531011581,0.002349135000258684,0.0919596403837204,0.0,0.0,0.0,1.2210915088653564,4.954301834106445,0.43849167227745056,0.0,11.0,0.0,0.0,11.0,0.0,11.0,0.32285426060358685,0.19559353590011597,2.8446858723958335,0.27819440762201947,0.02157745510339737,-0.09722882509231567
737,0.980318246999559,100.091904,0.9136179685592651,0.3651955723762512,0.06355082243680954,0.017578125,0.07079747319221497,0.0,0.0666176974773407,0.0019919276237487793,0.0800374373793602,0.0,0.0,0.0,1.2708464860916138,5.029801368713379,0.43310433626174927,0.0,16.0,0.0,0.0,16.0,0.0,16.0,0.32316239674886066,0.20072685182094574,2.8129069010416665,0.2784905632336934,0.021491398413976032,-0.09721952676773071
738,1.0193827470002361,100.091904,0.8727027177810669,0.3729887008666992,0.05883016809821129,0.017578125,0.06738352030515671,0.0,0.06392030417919159,0.0015627227257937193,0.0762125700712204,0.0,0.0,0.0,1.4149842262268066,4.867110729217529,0.38622578978538513,0.0,12.0,0.0,0.0,12.0,0.0,12.0,0.32326894998550415,0.20263555645942688,2.7884521484375,0.2784520785013835,0.021408627430597942,-0.09722572565078735
739,0.9782205319997956,100.091904,0.8702906370162964,0.36685994267463684,0.028341617435216904,0.017578125,0.06698665022850037,0.0,0.06560195982456207,0.0014719859464094043,0.0794677734375,0.0,0.0,0.0,1.549579381942749,4.738519668579102,0.3918536603450775,0.0,6.0,0.0,0.0,6.0,0.0,6.0,0.3225977420806885,0.20150236785411835,2.7718505859375,0.2780434489250183,0.021360022326310475,-0.09722679853439331
740,0.9881606730004933,100.091904,0.8892053365707397,0.352910578250885,0.01828751154243946,0.017578125,0.06837914139032364,0.0,0.06971445679664612,0.0016636273358017206,0.0821126326918602,0.0,0.0,0.0,1.6973929405212402,4.584388732910156,0.4221987724304199,0.0,12.0,0.0,0.0,12.0,0.0,12.0,0.32227816184361774,0.20296762883663177,2.7794189453125,0.27782193819681805,0.02134133130311966,-0.09725862741470337
741,1.0671710599999642,100.091904,0.9317809343338013,0.3346727788448334,0.09562015533447266,0.017578125,0.0724649503827095,0.0,0.07351607084274292,0.0017923446139320731,0.088134765625,0.0,0.0,0.0,1.8024247884750366,4.545854091644287,0.4115573763847351,0.0,5.0,0.0,0.0,5.0,0.0,5.0,0.3225611448287964,0.20363715291023254,2.7719319661458335,0.27804456154505414,0.021328364809354145,-0.09732657670974731
742,1.048346747999858,100.091904,0.9964646100997925,0.32008618116378784,0.032215215265750885,0.017578125,0.0782553181052208,0.0,0.07794614136219025,0.002294174861162901,0.0946451872587204,0.0,0.0,0.0,1.793699026107788,4.6953959465026855,0.44324344396591187,0.0,16.0,0.0,0.0,16.0,0.0,16.0,0.3232358694076538,0.20704689621925354,2.7484130859375,0.27880777915318805,0.021331710120042164,-0.09743291139602661
743,1.0621671970002353,100.091904,0.9943947792053223,0.31592878699302673,0.022577054798603058,0.0166015625,0.07848598808050156,0.0,0.07462063431739807,0.0019797557033598423,0.0909830778837204,0.0,0.0,0.0,1.7562644481658936,4.7225236892700195,0.4217931628227234,0.0,20.0,0.0,0.0,20.0,0.0,20.0,0.32448774576187134,0.20656350255012512,2.724609375,0.2800445755322774,0.02147084226210912,-0.09749728441238403
744,1.0507237560004796,100.091904,0.9985846281051636,0.3121545910835266,0.02768133394420147,0.0166015625,0.07891923189163208,0.0,0.07292702794075012,0.001968919299542904,0.092041015625,0.0,0.0,0.0,1.744297981262207,4.566889762878418,0.438009113073349,0.0,13.0,0.0,0.0,13.0,0.0,13.0,0.32475990056991577,0.2045598179101944,2.7257080078125,0.2801003058751424,0.02149713784456253,-0.09722334146499634
745,1.0371248170004037,100.091904,1.0023412704467773,0.31030428409576416,0.021743912249803543,0.0166015625,0.07946214079856873,0.0,0.07102105021476746,0.0015988880768418312,0.0929362028837204,0.0,0.0,0.0,1.6536128520965576,4.4740753173828125,0.431163489818573,0.0,12.0,0.0,0.0,12.0,0.0,12.0,0.32381155093510944,0.20422996580600739,2.7339680989583335,0.2795353929201762,0.021506324410438538,-0.0972338318824768
746,1.0496471010001187,100.091904,1.013146162033081,0.3118612766265869,0.020889900624752045,0.0166015625,0.08027315884828568,0.0,0.07235994935035706,0.0017277132719755173,0.09619140625,0.0,0.0,0.0,1.554623007774353,4.475625038146973,0.45450401306152344,0.0,14.0,0.0,0.0,14.0,0.0,14.0,0.3227432171503703,0.20470671355724335,2.7570393880208335,0.2786981662114461,0.02157488465309143,-0.09725409746170044
747,1.0003830850000668,100.091904,1.041259527206421,0.31099197268486023,0.01491043996065855,0.0166015625,0.08319216221570969,0.0,0.0712290108203888,0.0017535816878080368,0.0941569060087204,0.0,0.0,0.0,1.3750629425048828,4.461483955383301,0.45752057433128357,0.0,12.0,0.0,0.0,12.0,0.0,12.0,0.3220258156458537,0.19935914874076843,2.7802734375,0.2783283193906148,0.02157709002494812,-0.09748798608779907
748,0.982955774000402,100.091904,1.020264983177185,0.31889164447784424,0.019833479076623917,0.0166015625,0.08129554241895676,0.0,0.07144425809383392,0.001809730427339673,0.0977376326918602,0.0,0.0,0.0,1.3006763458251953,4.472681999206543,0.4419376850128174,0.0,12.0,0.0,0.0,12.0,0.0,12.0,0.32158486048380536,0.19754934310913086,2.793212890625,0.2779781023661296,0.021549150347709656,-0.09746485948562622
749,0.9975377799992202,100.091904,1.0184051990509033,0.32320505380630493,0.08386538177728653,0.017578125,0.08124439418315887,0.0,0.07266668975353241,0.001868776511400938,0.0989990234375,0.0,0.0,0.0,1.2495570182800293,4.425992965698242,0.427509069442749,0.0,6.0,0.0,1.0,5.0,0.0,6.0,0.3211229244867961,0.19885003566741943,2.8000895182291665,0.2774911125500997,0.02154201517502467,-0.09746938943862915
750,0.9883416660004514,100.091904,0.9808059930801392,0.3318381607532501,0.022716665640473366,0.017578125,0.07718503475189209,0.0,0.07239948958158493,0.002100786194205284,0.0943603515625,0.0,0.0,0.0,1.2714314460754395,4.680423736572266,0.4351690411567688,0.0,13.0,0.0,0.0,13.0,0.0,13.0,0.32076017061869305,0.20191024243831635,2.8415120442708335,0.27708907922108966,0.02149357149998347,-0.09738713502883911
751,0.9989451130004454,100.091904,0.9404323101043701,0.34486621618270874,0.03970538079738617,0.017578125,0.07329067587852478,0.0,0.07039476931095123,0.002007652074098587,0.0889078825712204,0.0,0.0,0.0,1.3218854665756226,4.788418769836426,0.42363160848617554,0.0,14.0,0.0,0.0,14.0,0.0,14.0,0.320967177549998,0.20569026470184326,2.8497721354166665,0.27723584572474164,0.02143452564875285,-0.09735971689224243
752,0.9738721149997218,100.091904,0.894572377204895,0.3620601296424866,0.0464228019118309,0.0166015625,0.06886784732341766,0.0,0.06875704228878021,0.0017559429397806525,0.0861409530043602,0.0,0.0,0.0,1.3982042074203491,4.810489654541016,0.4265826642513275,0.0,13.0,0.0,0.0,13.0,0.0,13.0,0.3214913805325826,0.19672217965126038,2.8403727213541665,0.27756720781326294,0.021394826471805573,-0.09727805852890015
753,0.9602928180001982,100.091904,0.8800666928291321,0.36915165185928345,0.04680924117565155,0.0166015625,0.06785091012716293,0.0,0.0655038133263588,0.0013502230867743492,0.0841471403837204,0.0,0.0,0.0,1.4658926725387573,4.699889659881592,0.41454291343688965,0.0,14.0,0.0,0.0,14.0,0.0,14.0,0.32198832432429,0.19414480030536652,2.8114013671875,0.27818071842193604,0.021472675104935963,-0.09723645448684692
754,0.9496126370004276,100.091904,0.8832637071609497,0.36630779504776,0.024048244580626488,0.015625,0.06842555850744247,0.0,0.06620453298091888,0.0013341812882572412,0.08056640625,0.0,0.0,0.0,1.5327118635177612,4.561618804931641,0.39726370573043823,0.0,6.0,0.0,0.0,6.0,0.0,6.0,0.32228026787439984,0.1955520659685135,2.8133951822916665,0.278335173924764,0.021483118335405987,-0.09726113080978394
755,1.0017613770005482,100.091904,0.8882536292076111,0.35972464084625244,0.03192080929875374,0.015625,0.06851550191640854,0.0,0.07102849334478378,0.0016713959630578756,0.0912272185087204,0.0,0.0,0.0,1.643217921257019,4.318835735321045,0.4251020848751068,0.0,9.0,0.0,0.0,9.0,0.0,9.0,0.32243865728378296,0.20254899561405182,2.79443359375,0.278528372446696,0.021470179160435993,-0.09733301401138306
756,0.9742808299997705,100.091904,0.8761535286903381,0.3532223105430603,0.028076816350221634,0.015625,0.06723000109195709,0.0,0.07301934063434601,0.0016265524318441749,0.0963134765625,0.0,0.0,0.0,1.6711782217025757,4.2598724365234375,0.4286458194255829,0.0,13.0,0.0,0.0,13.0,0.0,13.0,0.32293633619944256,0.20633482933044434,2.8035888671875,0.2792174617449443,0.021570118765036266,-0.09739047288894653
757,1.0292124670004341,100.091904,0.9000883102416992,0.34094834327697754,0.03243972733616829,0.015625,0.06956969946622849,0.0,0.07351185381412506,0.00157783308532089,0.0989583358168602,0.0,0.0,0.0,1.6569511890411377,4.140283107757568,0.4472889304161072,0.0,12.0,0.0,0.0,12.0,0.0,12.0,0.3233468333880107,0.2053651213645935,2.7897135416666665,0.2799211343129476,0.021640988687674206,-0.09704500436782837
758,1.0979176559994812,100.091904,0.9171048998832703,0.33145198225975037,0.0322486087679863,0.015625,0.07129207253456116,0.0,0.07448704540729523,0.0017487125005573034,0.1013590544462204,0.0,0.0,0.0,1.6841644048690796,4.042212963104248,0.44080162048339844,0.0,11.0,0.0,0.0,11.0,0.0,11.0,0.323441743850708,0.20514267683029175,2.768310546875,0.2800278862317403,0.02159275362888972,-0.0970492959022522
759,1.0124881350002397,100.091904,0.9397801756858826,0.3247438669204712,0.018324345350265503,0.015625,0.07343360036611557,0.0,0.07466931641101837,0.0020000427030026913,0.101318359375,0.0,0.0,0.0,1.6834332942962646,4.0507354736328125,0.4437819719314575,0.0,12.0,0.0,0.0,12.0,0.0,12.0,0.3233185609181722,0.2052549123764038,2.808837890625,0.27984462181727093,0.0216300164659818,-0.09707266092300415
760,1.0254345840003225,100.091904,0.9424689412117004,0.31939882040023804,0.012181363068521023,0.015625,0.07390119135379791,0.0,0.07056839019060135,0.0017964433645829558,0.09375,0.0,0.0,0.0,1.5856612920761108,4.121212959289551,0.45037931203842163,0.0,21.0,0.0,0.0,21.0,0.0,21.0,0.3235775629679362,0.20591090619564056,2.828857421875,0.28013883034388226,0.021580487489700317,-0.0971342921257019
761,1.0573879980001948,100.091904,0.9185633063316345,0.32340073585510254,0.06309875100851059,0.015625,0.07172898203134537,0.0,0.06761333346366882,0.0015094941481947899,0.0901285856962204,0.0,0.0,0.0,1.5255122184753418,4.20076322555542,0.43913936614990234,0.0,10.0,0.0,0.0,10.0,0.0,10.0,0.32374773422876996,0.20071735978126526,2.8258463541666665,0.2805474599202474,0.0215520312388738,-0.09722822904586792
762,0.9865324669999609,100.091904,0.9321515560150146,0.32882726192474365,0.031999628990888596,0.015625,0.07290749251842499,0.0,0.0686149001121521,0.0017144884914159775,0.0963134765625,0.0,0.0,0.0,1.4720954895019531,4.4197516441345215,0.4295225143432617,0.0,11.0,0.0,0.0,11.0,0.0,11.0,0.3234335780143738,0.20063266158103943,2.7927652994791665,0.2804004947344462,0.02158895879983902,-0.0973474383354187
763,0.9299548700000742,100.091904,0.9502833485603333,0.3356221318244934,0.03262973949313164,0.015625,0.07453133910894394,0.0,0.06696487963199615,0.0015650935238227248,0.0939127653837204,0.0,0.0,0.0,1.4036381244659424,4.752468109130859,0.4326508641242981,0.0,8.0,0.0,0.0,8.0,0.0,8.0,0.32337456941604614,0.20376774668693542,2.80029296875,0.28023900588353473,0.021536434690157574,-0.09736078977584839
764,0.9816866920000393,100.091904,0.946734607219696,0.34667250514030457,0.03400832787156105,0.015625,0.0738401710987091,0.0,0.06843390315771103,0.0018537038704380393,0.0910237655043602,0.0,0.0,0.0,1.3609822988510132,4.837327003479004,0.4507110118865967,0.0,12.0,0.0,0.0,12.0,0.0,12.0,0.3227603832880656,0.2026262730360031,2.7837727864583335,0.2793768644332886,0.021417297422885895,-0.09733861684799194
765,0.992515617999743,100.091904,0.9420627355575562,0.35421329736709595,0.037527430802583694,0.015625,0.07366275787353516,0.0,0.06674155592918396,0.001869184197857976,0.0846354216337204,0.0,0.0,0.0,1.3436429500579834,4.845904350280762,0.4288962781429291,0.0,9.0,0.0,0.0,9.0,0.0,9.0,0.3221234083175659,0.20083081722259521,2.8094482421875,0.27857645352681476,0.021359945336977642,-0.0973544716835022
766,0.9748959419994208,100.091904,0.8938761949539185,0.3627132773399353,0.03793032094836235,0.015625,0.06899749487638474,0.0,0.06637164205312729,0.0019243269925937057,0.0854899138212204,0.0,0.0,0.0,1.3636338710784912,4.6895751953125,0.41673368215560913,0.0,7.0,0.0,0.0,7.0,0.0,7.0,0.3215801517168681,0.19600053131580353,2.8262125651041665,0.27800697088241577,0.021378700931866963,-0.09739118814468384
767,0.9966888940007266,100.091904,0.9002161622047424,0.36068427562713623,0.025751102715730667,0.0166015625,0.0694962739944458,0.0,0.0676819384098053,0.0019915367010980844,0.0845947265625,0.0,0.0,0.0,1.419288992881775,4.5792155265808105,0.4275077283382416,0.0,10.0,0.0,1.0,9.0,0.0,10.0,0.3211557865142822,0.1960027664899826,2.7910563151041665,0.2779393792152405,0.021259315311908722,-0.09743446111679077
768,0.9874553259996901,100.091904,0.8915942907333374,0.35431215167045593,0.016234872862696648,0.0166015625,0.06879691779613495,0.0,0.06722217053174973,0.001699630869552493,0.0851643905043602,0.0,0.0,0.0,1.484716773033142,4.389992713928223,0.4366317391395569,0.0,16.0,0.0,0.0,16.0,0.0,16.0,0.32159823179244995,0.20117926597595215,2.7598470052083335,0.2780085802078247,0.021225159366925556,-0.09752923250198364
769,0.955069020999872,100.091904,0.9326725006103516,0.33693477511405945,0.0147328469902277,0.0166015625,0.07318179309368134,0.0,0.06503832340240479,0.0012507748324424028,0.0746256560087204,0.0,0.0,0.0,1.5511713027954102,4.31660795211792,0.4295165240764618,0.0,10.0,0.0,0.0,10.0,0.0,10.0,0.32181115945180255,0.20945480465888977,2.7845052083333335,0.27815043926239014,0.021278411149978638,-0.09758168458938599
770,0.9465332629997647,100.091904,0.9715707302093506,0.3208502531051636,0.04369447007775307,0.0166015625,0.0768309086561203,0.0,0.06834840774536133,0.0014144489541649818,0.08154296875,0.0,0.0,0.0,1.661952257156372,4.184364318847656,0.4439126253128052,0.0,9.0,0.0,0.0,9.0,0.0,9.0,0.32157639662424725,0.2088746875524521,2.8083089192708335,0.2780178387959798,0.021308623254299164,-0.09736329317092896
771,0.9742249210003138,100.091904,0.9765468239784241,0.3136306405067444,0.06227276474237442,0.0166015625,0.07716512680053711,0.0,0.06997832655906677,0.0014948525931686163,0.0858561247587204,0.0,0.0,0.0,1.729932188987732,4.14693021774292,0.4543093144893646,0.0,10.0,0.0,0.0,10.0,0.0,10.0,0.322062611579895,0.20848192274570465,2.8224690755208335,0.27820295095443726,0.021358837683995564,-0.09754234552383423
772,0.9841315350004152,100.091904,0.9673287272453308,0.3144056797027588,0.03588134050369263,0.0166015625,0.0760384202003479,0.0,0.07075542211532593,0.0014900242676958442,0.0899251326918602,0.0,0.0,0.0,1.7364580631256104,4.261548042297363,0.4569632411003113,0.0,10.0,0.0,0.0,10.0,0.0,10.0,0.32278390725453693,0.20895400643348694,2.8271891276041665,0.27881600459416706,0.02138012895981471,-0.09753340482711792
773,0.9531642769998143,100.091904,0.9619788527488708,0.32098233699798584,0.02642139047384262,0.017578125,0.0752718448638916,0.0,0.07081317901611328,0.0015451072249561548,0.0899658203125,0.0,0.0,0.0,1.7048782110214233,4.377593517303467,0.4620944857597351,0.0,14.0,1.0,1.0,14.0,0.0,14.0,0.32359129190444946,0.20071591436862946,2.7895100911458335,0.2794649004936218,0.021398648619651794,-0.09743362665176392
774,0.9590604369996072,100.091904,0.946922779083252,0.3321753144264221,0.02088603749871254,0.0185546875,0.07368507236242294,0.0,0.07149367779493332,0.0017003243556246161,0.0950520858168602,0.0,0.0,0.0,1.590232253074646,4.397930145263672,0.4730510413646698,0.0,16.0,0.0,1.0,15.0,0.0,16.0,0.32375413179397583,0.2000463604927063,2.7792561848958335,0.2798895835876465,0.021425468226273853,-0.09736663103103638
775,0.9737081030007175,100.091904,0.9151038527488708,0.34141284227371216,0.02256115898489952,0.01953125,0.07109882682561874,0.0,0.06886918097734451,0.0014239277224987745,0.0908203125,0.0,0.0,0.0,1.4226067066192627,4.298466682434082,0.4537171721458435,0.0,10.0,0.0,1.0,9.0,0.0,10.0,0.32377368211746216,0.19983625411987305,2.7562255859375,0.27988167603810626,0.021416875223318737,-0.09743374586105347
776,0.9559860039998966,100.091904,0.9025903940200806,0.34483280777931213,0.018740689381957054,0.01953125,0.0700465515255928,0.0,0.06924193352460861,0.0013459351612254977,0.0945638045668602,0.0,0.0,0.0,1.3442481756210327,4.243936538696289,0.4517395496368408,0.0,8.0,0.0,0.0,8.0,0.0,8.0,0.32293955485026044,0.19983510673046112,2.7915445963541665,0.2790847619374593,0.02142130086819331,-0.09723705053329468
777,0.9981761809995078,100.091904,0.9254013895988464,0.34335726499557495,0.018213555216789246,0.01953125,0.07225152105093002,0.0,0.07179879397153854,0.0016602936666458845,0.1001790389418602,0.0,0.0,0.0,1.3138154745101929,4.2043914794921875,0.4550769329071045,0.0,10.0,0.0,0.0,10.0,0.0,10.0,0.3219072222709656,0.20431526005268097,2.8149007161458335,0.27826114495595294,0.02135629951953888,-0.09720021486282349
778,1.0030567339999834,100.091904,0.9323329925537109,0.34162256121635437,0.04258125647902489,0.01953125,0.07310038059949875,0.0,0.07133670151233673,0.0016449745744466782,0.0966389998793602,0.0,0.0,0.0,1.3031346797943115,4.244232177734375,0.44542059302330017,0.0,10.0,0.0,0.0,10.0,0.0,10.0,0.3216996987660726,0.20594052970409393,2.8337809244791665,0.2778451045354207,0.021378017961978912,-0.09716588258743286
779,1.0156471609998334,100.091904,0.954165518283844,0.33695363998413086,0.03639988973736763,0.01953125,0.0748213455080986,0.0,0.07328248023986816,0.0018934843828901649,0.096435546875,0.0,0.0,0.0,1.4111847877502441,4.469595432281494,0.43648362159729004,0.0,5.0,0.0,0.0,5.0,0.0,5.0,0.3214640220006307,0.20718590915203094,2.8556315104166665,0.2772912383079529,0.02129677931467692,-0.0972016453742981
780,0.999660216999473,100.091904,0.9934453368186951,0.33580365777015686,0.02783909998834133,0.0185546875,0.07780524343252182,0.0,0.07540750503540039,0.002257386688143015,0.0965576171875,0.0,0.0,0.0,1.5383729934692383,4.9117889404296875,0.45202168822288513,0.0,10.0,0.0,0.0,10.0,0.0,10.0,0.3216793934504191,0.20317989587783813,2.8345947265625,0.2772846420605977,0.02137290934721629,-0.09728509187698364
781,0.9654691130008359,100.091904,0.9931557774543762,0.33603405952453613,0.041872162371873856,0.0185546875,0.07774093747138977,0.0,0.07519708573818207,0.002270198892802,0.0941975936293602,0.0,0.0,0.0,1.6239547729492188,5.048002243041992,0.444608211517334,0.0,11.0,0.0,0.0,11.0,0.0,11.0,0.32200998067855835,0.2038346529006958,2.7644856770833335,0.27769847710927326,0.02135742704073588,-0.09740334749221802
782,0.9776768510000693,100.091904,0.9711350798606873,0.33766478300094604,0.03116667829453945,0.0185546875,0.07511959969997406,0.0,0.07546424120664597,0.002180912997573614,0.0940348356962204,0.0,0.0,0.0,1.7454750537872314,5.059070110321045,0.4651816785335541,0.0,11.0,0.0,0.0,11.0,0.0,11.0,0.32193154096603394,0.2118465155363083,2.7409261067708335,0.2775549292564392,0.021382535497347515,-0.09745460748672485
783,0.966274409000107,100.091904,0.9746149778366089,0.33408474922180176,0.029416972771286964,0.0185546875,0.07542373985052109,0.0,0.075550377368927,0.001966210315003991,0.093505859375,0.0,0.0,0.0,1.8018354177474976,4.9103684425354,0.47014474868774414,0.0,10.0,0.0,0.0,10.0,0.0,10.0,0.3218892216682434,0.20280253887176514,2.7375081380208335,0.27746782700220746,0.02142340938250224,-0.09731084108352661
784,0.9766051799997513,100.091904,0.9885644912719727,0.3281949460506439,0.014341889880597591,0.0185546875,0.07681196928024292,0.0,0.07669597119092941,0.001989127602428198,0.0966796875,0.0,0.0,0.0,1.746946096420288,4.648987770080566,0.4969276785850525,0.0,14.0,0.0,0.0,14.0,0.0,14.0,0.321624219417572,0.2027972787618637,2.724609375,0.27738046646118164,0.021477870643138885,-0.09732037782669067
785,1.0090342129997225,100.091904,0.9824696779251099,0.32588106393814087,0.016507649794220924,0.0185546875,0.07646148651838303,0.0,0.0774482786655426,0.001872775494121015,0.10400390625,0.0,0.0,0.0,1.695191740989685,4.385073661804199,0.5007457733154297,0.0,13.0,0.0,0.0,13.0,0.0,13.0,0.32179468870162964,0.1952398270368576,2.739990234375,0.27763740221659344,0.021419517695903778,-0.0973404049873352
786,1.1089739400003964,100.091904,1.0127460956573486,0.32087191939353943,0.032573387026786804,0.0185546875,0.07935626804828644,0.0,0.07814674824476242,0.0018340738024562597,0.1013590544462204,0.0,0.0,0.0,1.5949087142944336,4.308027744293213,0.5215734243392944,0.0,11.0,0.0,0.0,11.0,0.0,11.0,0.3221876223882039,0.19456017017364502,2.7165934244791665,0.27793564399083454,0.021329301098982494,-0.09736829996109009
787,0.9601151549995848,100.091904,1.051749348640442,0.31444960832595825,0.027019765228033066,0.0185546875,0.08336107432842255,0.0,0.07987696677446365,0.001996982144191861,0.1029052734375,0.0,0.0,0.0,1.485963225364685,4.324160575866699,0.5180991291999817,0.0,13.0,0.0,0.0,13.0,0.0,13.0,0.3228871424992879,0.19632983207702637,2.6999918619791665,0.2783275842666626,0.02144098033507665,-0.09741395711898804
788,0.994974985999761,100.091904,1.0529658794403076,0.308954119682312,0.01284943986684084,0.0185546875,0.08390515297651291,0.0,0.07934251427650452,0.001991105964407325,0.0998942106962204,0.0,0.0,0.0,1.4067628383636475,4.241184234619141,0.506841778755188,0.0,19.0,0.0,0.0,19.0,0.0,19.0,0.32285843292872113,0.19873836636543274,2.7009684244791665,0.2785556713740031,0.021519760290781658,-0.09748965501785278
789,1.0079980150003394,100.091904,1.0472707748413086,0.30659744143486023,0.08624719828367233,0.0185546875,0.08355547487735748,0.0,0.07800128310918808,0.00190541404299438,0.0992431640625,0.0,0.0,0.0,1.3851776123046875,4.2479472160339355,0.4947023093700409,0.0,6.0,0.0,0.0,6.0,0.0,6.0,0.322610338528951,0.19903495907783508,2.747802734375,0.27822152773539227,0.02151698370774587,-0.09741193056106567
790,1.0246824080004444,100.091904,1.0433214902877808,0.31115105748176575,0.015405097045004368,0.0185546875,0.08239114284515381,0.0,0.07846995443105698,0.002125400584191084,0.1013590544462204,0.0,0.0,0.0,1.371825098991394,4.457639217376709,0.5419667959213257,0.0,22.0,0.0,0.0,22.0,0.0,22.0,0.32183273633321124,0.201516255736351,2.7739664713541665,0.27774683634440106,0.02153915911912918,-0.09742981195449829
791,0.9874999699995897,100.091904,0.989760160446167,0.32550257444381714,0.017987530678510666,0.0185546875,0.077794648706913,0.0,0.07372725009918213,0.001606806181371212,0.0948079451918602,0.0,0.0,0.0,1.3669164180755615,4.593934059143066,0.49016958475112915,0.0,10.0,0.0,0.0,10.0,0.0,10.0,0.3219512303670247,0.1981280893087387,2.7698160807291665,0.27800917625427246,0.021555011471112568,-0.09740597009658813
792,0.9785799180008325,100.091904,0.9921157956123352,0.33457091450691223,0.021084291860461235,0.0185546875,0.07768121361732483,0.0,0.07506431639194489,0.0015322593972086906,0.1025390625,0.0,0.0,0.0,1.4124832153320312,4.7693915367126465,0.48240146040916443,0.0,5.0,0.0,0.0,5.0,0.0,5.0,0.32138220469156903,0.19595271348953247,2.7681884765625,0.27759917577107746,0.021547692517439525,-0.09727317094802856
793,1.0135906920004345,100.091904,0.9892995357513428,0.3446158170700073,0.04804675281047821,0.0185546875,0.07717477530241013,0.0,0.07633490115404129,0.001623334363102913,0.1113688200712204,0.0,0.0,0.0,1.440119981765747,4.94574499130249,0.46805092692375183,0.0,11.0,0.0,0.0,11.0,0.0,11.0,0.32093528906504315,0.19491539895534515,2.7791748046875,0.27710390090942383,0.021519842247168224,-0.09714609384536743
794,1.009177400000226,100.091904,0.9976407885551453,0.3490864634513855,0.04210841655731201,0.0185546875,0.07763254642486572,0.0,0.07953843474388123,0.002078339224681258,0.1107177734375,0.0,0.0,0.0,1.5231821537017822,4.882097244262695,0.4873415231704712,0.0,7.0,0.0,0.0,7.0,0.0,7.0,0.32061970233917236,0.19602690637111664,2.7589518229166665,0.27652297417322796,0.021583144863446552,-0.09718126058578491
795,0.989143581999997,100.091904,0.9919553995132446,0.3517756462097168,0.039381008595228195,0.01953125,0.07709065824747086,0.0,0.08000229299068451,0.0023899413645267487,0.1031494140625,0.0,0.0,0.0,1.584152102470398,4.722723960876465,0.4828050136566162,0.0,15.0,0.0,1.0,14.0,0.0,15.0,0.3207801977793376,0.20079873502254486,2.7469075520833335,0.2763415376345317,0.021568263570467632,-0.09722739458084106
796,0.9635990810002113,100.091904,0.9959994554519653,0.3430688977241516,0.017346426844596863,0.01953125,0.07798311114311218,0.0,0.07827747613191605,0.0020822235383093357,0.1006266325712204,0.0,0.0,0.0,1.5976476669311523,4.517350196838379,0.46887296438217163,0.0,12.0,0.0,0.0,12.0,0.0,12.0,0.3205904761950175,0.20119889080524445,2.7776692708333335,0.27643758058547974,0.02146497865517934,-0.09700173139572144
797,0.9564631319999535,100.091904,1.0138789415359497,0.3310804069042206,0.01599694788455963,0.01953125,0.07970580458641052,0.0,0.07728323340415955,0.0020084732677787542,0.1016845703125,0.0,0.0,0.0,1.6298186779022217,4.348371505737305,0.5029935240745544,0.0,21.0,0.0,0.0,21.0,0.0,21.0,0.3211306730906169,0.19985871016979218,2.7980550130208335,0.2766307791074117,0.021457627415657043,-0.09702795743942261
798,0.9702912379998452,100.091904,0.9993733167648315,0.32132965326309204,0.0537271611392498,0.01953125,0.07858562469482422,0.0,0.07388471066951752,0.001620924798771739,0.0914306640625,0.0,0.0,0.0,1.654962420463562,4.167463302612305,0.5213797092437744,0.0,15.0,0.0,0.0,15.0,0.0,15.0,0.3222003976504008,0.19881322979927063,2.7901204427083335,0.277587354183197,0.02141812692085902,-0.09708088636398315
799,0.988693250000324,100.091904,0.9817014932632446,0.31570205092430115,0.05528505891561508,0.01953125,0.07685628533363342,0.0,0.07292536646127701,0.001542865065857768,0.0898030623793602,0.0,0.0,0.0,1.711469054222107,4.237527847290039,0.5092813968658447,0.0,11.0,0.0,0.0,11.0,0.0,11.0,0.3227393627166748,0.19736585021018982,2.791015625,0.27851919333140057,0.021410435438156128,-0.09716469049453735
800,1.0148756250000588,100.091904,0.9922313690185547,0.31409120559692383,0.03094758838415146,0.01953125,0.07737873494625092,0.0,0.07444804906845093,0.0017626089975237846,0.0909423828125,0.0,0.0,0.0,1.7507190704345703,4.467872142791748,0.5234753489494324,0.0,12.0,0.0,0.0,12.0,0.0,12.0,0.32333070039749146,0.19175106287002563,2.7587483723958335,0.2792210380236308,0.02150161067644755,-0.0972713828086853
801,1.033463885000856,100.091904,0.9896736145019531,0.31763431429862976,0.02477981336414814,0.0205078125,0.0771130919456482,0.0,0.07421740889549255,0.0019516274333000183,0.0888264998793602,0.0,0.0,0.0,1.7361886501312256,4.428769111633301,0.5287556648254395,0.0,17.0,0.0,1.0,16.0,0.0,17.0,0.32377705971399945,0.19250857830047607,2.7190348307291665,0.2794431845347087,0.021642319858074188,-0.09741955995559692
802,0.9749835960001292,100.091904,1.0022666454315186,0.31981736421585083,0.015680471435189247,0.021484375,0.07878866046667099,0.0,0.07133030891418457,0.001734794583171606,0.0821533203125,0.0,0.0,0.0,1.6513123512268066,4.543087005615234,0.4998767077922821,0.0,14.0,0.0,2.0,12.0,0.0,14.0,0.3237111568450928,0.20154598355293274,2.7488199869791665,0.2792175014813741,0.021652954320112865,-0.09740906953811646
803,0.9858503959994778,100.091904,0.9995550513267517,0.3242097496986389,0.013817274011671543,0.021484375,0.07867428660392761,0.0,0.07184271514415741,0.0017596989637240767,0.0863444060087204,0.0,0.0,0.0,1.5186517238616943,4.502912998199463,0.49680766463279724,0.0,12.0,0.0,0.0,12.0,0.0,12.0,0.32306567827860516,0.20220020413398743,2.7755533854166665,0.27846930424372357,0.02169167498747508,-0.09738117456436157
804,1.0060588669994104,100.091904,0.9927420020103455,0.32940003275871277,0.030474480241537094,0.0224609375,0.07815035432577133,0.0,0.0725451409816742,0.0017939009703695774,0.0952962264418602,0.0,0.0,0.0,1.387701392173767,4.492902755737305,0.4960131049156189,0.0,9.0,0.0,1.0,8.0,0.0,9.0,0.32260658343633014,0.2000475525856018,2.7820638020833335,0.2780452370643616,0.021645677586396534,-0.0973847508430481
805,0.9668955629995253,100.091904,0.9752703905105591,0.3388696312904358,0.019305014982819557,0.0224609375,0.07657729089260101,0.0,0.07435798645019531,0.002042636275291443,0.0974528044462204,0.0,0.0,0.0,1.365796446800232,4.512014865875244,0.4700520932674408,0.0,8.0,0.0,0.0,8.0,0.0,8.0,0.3224820097287496,0.20029819011688232,2.8173014322916665,0.2779442270596822,0.02156581978003184,-0.09741121530532837
806,0.9770237749999069,100.091904,0.9676730632781982,0.34619152545928955,0.0279115941375494,0.0234375,0.07572396099567413,0.0,0.07423584163188934,0.0019244032446295023,0.0931803435087204,0.0,0.0,0.0,1.3124336004257202,4.634087562561035,0.4732486605644226,0.0,16.0,0.0,1.0,15.0,0.0,16.0,0.3224392930666606,0.20616258680820465,2.7913411458333335,0.2780844171841939,0.021565457185109455,-0.09746938943862915
807,0.9592763950004155,100.091904,0.9584069848060608,0.3497759699821472,0.026054726913571358,0.0234375,0.0747392326593399,0.0,0.07403402775526047,0.00201627891510725,0.0892333984375,0.0,0.0,0.0,1.3101614713668823,4.645681381225586,0.47425588965415955,0.0,9.0,0.0,0.0,9.0,0.0,9.0,0.3225809733072917,0.21470528841018677,2.7974853515625,0.27830525239308673,0.021455126504103344,-0.09756118059158325
808,0.99191603700001,100.091904,0.9438939690589905,0.34870216250419617,0.027527453377842903,0.0224609375,0.0730871632695198,0.0,0.07401245832443237,0.0022473675198853016,0.0904541015625,0.0,0.0,0.0,1.403061866760254,4.559219837188721,0.48701566457748413,0.0,12.0,0.0,0.0,12.0,0.0,12.0,0.3220745126406352,0.20587748289108276,2.7788899739583335,0.27807531754175824,0.021467573940753937,-0.09762388467788696
809,0.9815616650002994,100.091904,0.937887966632843,0.3411140441894531,0.04120808094739914,0.0224609375,0.07277977466583252,0.0,0.07068394869565964,0.0016667195595800877,0.0831705778837204,0.0,0.0,0.0,1.5043821334838867,4.500246524810791,0.47797340154647827,0.0,15.0,0.0,0.0,15.0,0.0,15.0,0.32135597864786786,0.1951238065958023,2.7937418619791665,0.2777241865793864,0.02144656827052434,-0.09741300344467163
810,0.9682538589995602,100.091904,0.9593781232833862,0.32914313673973083,0.04394010081887245,0.0224609375,0.07497736811637878,0.0,0.07028944790363312,0.0014593189116567373,0.0874430388212204,0.0,0.0,0.0,1.5942573547363281,4.3760199546813965,0.4839983880519867,0.0,7.0,0.0,0.0,7.0,0.0,7.0,0.320718248685201,0.20318284630775452,2.828857421875,0.27710233132044476,0.02139715850353241,-0.09759241342544556
811,0.9427846030002911,100.091904,1.0129488706588745,0.3166791796684265,0.023624762892723083,0.0224609375,0.07997772097587585,0.0,0.07287400215864182,0.001649864949285984,0.0926513671875,0.0,0.0,0.0,1.669507384300232,4.427829742431641,0.4944179952144623,0.0,11.0,0.0,0.0,11.0,0.0,11.0,0.3206462462743123,0.20249375700950623,2.8410237630208335,0.2770520846048991,0.02144140253464381,-0.09753936529159546
812,0.9598469000002297,100.091904,1.0188124179840088,0.3109875023365021,0.027880609035491943,0.0224609375,0.08051137626171112,0.0,0.07354474067687988,0.0016376114217564464,0.0935465544462204,0.0,0.0,0.0,1.6735519170761108,4.363049507141113,0.4984983205795288,0.0,9.0,0.0,0.0,9.0,0.0,9.0,0.3211887280146281,0.19244050979614258,2.8033040364583335,0.27774935960769653,0.02137007564306259,-0.09742659330368042
813,0.9849812800002837,100.091904,1.0202468633651733,0.30954933166503906,0.050202734768390656,0.0224609375,0.08035706728696823,0.0,0.07421364635229111,0.0015743088442832232,0.0944417342543602,0.0,0.0,0.0,1.7061599493026733,4.346541881561279,0.5119853019714355,0.0,9.0,0.0,0.0,9.0,0.0,9.0,0.32188892364501953,0.19143983721733093,2.7847086588541665,0.2784365812937419,0.021447934210300446,-0.09740334749221802
814,1.0186530279997896,100.091904,1.0385254621505737,0.31015175580978394,0.015000327490270138,0.0224609375,0.08174469321966171,0.0,0.07554292678833008,0.0016445550136268139,0.0978190153837204,0.0,0.0,0.0,1.6771342754364014,4.472348213195801,0.5199850797653198,0.0,12.0,0.0,0.0,12.0,0.0,12.0,0.32199885447820026,0.1911197006702423,2.7508544921875,0.27861396471659344,0.02144978940486908,-0.09748584032058716
815,1.0022943109997868,100.091904,1.0410208702087402,0.3129898011684418,0.014868424274027348,0.0224609375,0.08216509968042374,0.0,0.07397525012493134,0.001246932428330183,0.0961507186293602,0.0,0.0,0.0,1.6199655532836914,4.602695465087891,0.5106543302536011,0.0,12.0,0.0,0.0,12.0,0.0,12.0,0.3218175967534383,0.19183948636054993,2.7474772135416665,0.2787575125694275,0.021542859574158985,-0.09712034463882446
816,1.0003402080001251,100.091904,1.0441080331802368,0.31725186109542847,0.032646290957927704,0.0224609375,0.08247136324644089,0.0,0.07663518190383911,0.0013456398155540228,0.1000569686293602,0.0,0.0,0.0,1.555538535118103,4.6872687339782715,0.5046066641807556,0.0,6.0,0.0,0.0,6.0,0.0,6.0,0.3212483723958333,0.19832336902618408,2.7459716796875,0.27810825904210407,0.02153094361225764,-0.09711474180221558
817,0.9862298010002633,100.091904,1.072892189025879,0.3211396336555481,0.035038579255342484,0.0224609375,0.0848272368311882,0.0,0.08003830164670944,0.0016285058809444308,0.1090087890625,0.0,0.0,0.0,1.4640214443206787,4.945662498474121,0.5184441804885864,0.0,8.0,0.0,0.0,8.0,0.0,8.0,0.3208131790161133,0.20578056573867798,2.763916015625,0.27761069933573407,0.021551224092642467,-0.09706383943557739
818,1.0049192549995496,100.091904,1.0588513612747192,0.3302449882030487,0.039518579840660095,0.0224609375,0.08334363996982574,0.0,0.08315648138523102,0.0018983727786689997,0.1166178435087204,0.0,0.0,0.0,1.4351909160614014,4.938239574432373,0.5100955367088318,0.0,10.0,0.0,0.0,10.0,0.0,10.0,0.3205631971359253,0.19977286458015442,2.7554524739583335,0.2773566047350566,0.021551787853240967,-0.0970197319984436
819,1.021081249999952,100.091904,1.0542393922805786,0.3354760408401489,0.03431019186973572,0.0224609375,0.08275359869003296,0.0,0.08362601697444916,0.0017163222655653954,0.1139322966337204,0.0,0.0,0.0,1.4194053411483765,4.931600093841553,0.5168735980987549,0.0,14.0,0.0,0.0,14.0,0.0,14.0,0.3203563094139099,0.19797654449939728,2.7244466145833335,0.2775110403696696,0.021557676295439403,-0.09706050157546997
820,1.052518966000207,100.091904,1.068637728691101,0.3329177796840668,0.01943483017385006,0.0224609375,0.08397959917783737,0.0,0.08638212084770203,0.0017955449875444174,0.1204020231962204,0.0,0.0,0.0,1.470092535018921,4.828063011169434,0.5173914432525635,0.0,10.0,0.0,0.0,10.0,0.0,10.0,0.31996317704518634,0.19924470782279968,2.6772054036458335,0.2772005597750346,0.02156311273574829,-0.0971418023109436
821,1.0238733140004115,100.091904,1.0883677005767822,0.32132044434547424,0.010854399763047695,0.0224609375,0.08592230081558228,0.0,0.08822989463806152,0.0019429444801062346,0.1290690153837204,0.0,0.0,0.0,1.5179860591888428,4.712292671203613,0.5171903371810913,0.0,12.0,0.0,0.0,12.0,0.0,12.0,0.31957729657491046,0.20250913500785828,2.6688639322916665,0.27676602204640705,0.021552671988805134,-0.09722119569778442
822,0.9970113800000036,100.091904,1.1049691438674927,0.3092331290245056,0.04800413176417351,0.0224609375,0.0874086543917656,0.0,0.09297280758619308,0.0025741977151483297,0.13623046875,0.0,0.0,0.0,1.5948255062103271,4.627383232116699,0.5237523317337036,0.0,7.0,0.0,0.0,7.0,0.0,7.0,0.31909247239430744,0.19724509119987488,2.703369140625,0.27617565790812176,0.021589525043964386,-0.09713393449783325
823,1.2040066219997243,100.091904,1.1236134767532349,0.3015579879283905,0.023865308612585068,0.0224609375,0.08885134756565094,0.0,0.09321439266204834,0.0027920808643102646,0.1387939453125,0.0,0.0,0.0,1.6778223514556885,4.7180914878845215,0.5517074465751648,0.0,20.0,0.0,0.0,20.0,0.0,20.0,0.31917671362559,0.19728194177150726,2.7152099609375,0.2761171857515971,0.021522303422292072,-0.09716206789016724
824,1.0699792900004468,100.091904,1.1317944526672363,0.2965207099914551,0.02449086308479309,0.0234375,0.0898025631904602,0.0,0.0916828140616417,0.0029505249112844467,0.1322835385799408,0.0,0.0,0.0,1.7437280416488647,4.6939311027526855,0.5477362871170044,0.0,16.0,1.0,1.0,16.0,0.0,16.0,0.31934640804926556,0.2008877843618393,2.7363688151041665,0.27640430132548016,0.02157811572154363,-0.09722143411636353
825,1.047244499000044,100.091904,1.1230355501174927,0.2947770059108734,0.0305935125797987,0.0234375,0.08934154361486435,0.0,0.08636659383773804,0.002755909925326705,0.1195882186293602,0.0,0.0,0.0,1.7229633331298828,4.654767036437988,0.5407432913780212,0.0,26.0,0.0,0.0,26.0,0.0,26.0,0.3204722007115682,0.20189398527145386,2.7539876302083335,0.2772420247395833,0.021636759241422016,-0.09730654954910278
826,1.002451942999869,100.091904,1.0703307390213013,0.30045345425605774,0.01263420283794403,0.0244140625,0.08472790569067001,0.0,0.08014752715826035,0.0022541461512446404,0.1035563200712204,0.0,0.0,0.0,1.6854852437973022,4.508452415466309,0.530333399772644,0.0,13.0,1.0,1.0,13.0,0.0,13.0,0.3217915892601013,0.20215554535388947,2.7483723958333335,0.2785096963246663,0.021587354441483814,-0.09743088483810425
827,1.0439968680002494,100.091904,1.058135986328125,0.3038845360279083,0.018796123564243317,0.0234375,0.0837167352437973,0.0,0.07966622710227966,0.002328217728063464,0.1062825545668602,0.0,0.0,0.0,1.6203596591949463,4.349513530731201,0.5297448039054871,0.0,14.0,0.0,0.0,14.0,0.0,14.0,0.3222758173942566,0.19938430190086365,2.7260335286458335,0.2789540688196818,0.021599228183428448,-0.09759026765823364
828,1.0400251609999032,100.091904,1.0427303314208984,0.3061130940914154,0.010845664888620377,0.0234375,0.08255188167095184,0.0,0.07671205699443817,0.0018491367809474468,0.1055501326918602,0.0,0.0,0.0,1.5227935314178467,4.288521766662598,0.5316098928451538,0.0,17.0,0.0,0.0,17.0,0.0,17.0,0.3222345511118571,0.19809740781784058,2.769775390625,0.2789895335833232,0.02147571990887324,-0.0975995659828186
829,1.0004848630005654,100.091904,1.0375772714614868,0.3059285879135132,0.030565159395337105,0.0234375,0.0825241357088089,0.0,0.07584352791309357,0.0016767997294664383,0.1061197966337204,0.0,0.0,0.0,1.4110188484191895,4.13018798828125,0.5170495510101318,0.0,11.0,0.0,0.0,11.0,0.0,11.0,0.321910301844279,0.19971950352191925,2.7904866536458335,0.2784901062647502,0.02139897147814433,-0.09750288724899292
830,1.0440475120003612,100.091904,1.0476332902908325,0.30774855613708496,0.05331656336784363,0.0224609375,0.08359402418136597,0.0,0.07495303452014923,0.0014407619601115584,0.1090494841337204,0.0,0.0,0.0,1.3503445386886597,4.186625957489014,0.5155212879180908,0.0,11.0,0.0,0.0,11.0,0.0,11.0,0.32147713502248126,0.20014400780200958,2.8306884765625,0.27827707926432294,0.021385326981544495,-0.09753566980361938
831,1.0341877289993135,100.091904,1.0010673999786377,0.322368323802948,0.019834835082292557,0.0224609375,0.07883985340595245,0.0,0.07603175938129425,0.0015291752060875297,0.1107177734375,0.0,0.0,0.0,1.33974027633667,4.307740211486816,0.5064685344696045,0.0,10.0,0.0,0.0,10.0,0.0,10.0,0.32136525710423786,0.20270849764347076,2.841552734375,0.2781704862912496,0.02140353371699651,-0.0975998044013977
832,1.0545942219996505,100.091904,0.9671891927719116,0.33999502658843994,0.01798296719789505,0.0234375,0.07517078518867493,0.0,0.0771571695804596,0.0016146780690178275,0.107177734375,0.0,0.0,0.0,1.3522047996520996,4.546519756317139,0.5036731362342834,0.0,6.0,0.0,1.0,5.0,0.0,6.0,0.32185306151707965,0.20077654719352722,2.7865397135416665,0.278530478477478,0.02130222072203954,-0.09769660234451294
833,1.0719436789995598,100.091904,0.9866880774497986,0.3520500659942627,0.042117148637771606,0.0224609375,0.07658879458904266,0.0,0.08060822635889053,0.002022420521825552,0.1116943359375,0.0,0.0,0.0,1.4139808416366577,4.731867790222168,0.5089260339736938,0.0,12.0,1.0,0.0,13.0,0.0,12.0,0.32206255197525024,0.20283620059490204,2.7068684895833335,0.27868974208831787,0.02141799529393514,-0.0977509617805481
834,1.049718708999535,100.091904,0.9887291193008423,0.3585767447948456,0.05517422780394554,0.0224609375,0.0766870528459549,0.0,0.07955023646354675,0.0019339369609951973,0.1075439453125,0.0,0.0,0.0,1.4697999954223633,4.8287577629089355,0.5042129755020142,0.0,11.0,0.0,0.0,11.0,0.0,11.0,0.322004775206248,0.2041795700788498,2.6966145833333335,0.27854178349177044,0.021592383583386738,-0.03468248248100281
835,1.0598023789998479,100.091904,0.9826806783676147,0.3555757403373718,0.052177220582962036,0.0224609375,0.07590269297361374,0.0,0.08062134683132172,0.002072290051728487,0.1116943359375,0.0,0.0,0.0,1.5675849914550781,4.748500347137451,0.5189822912216187,0.0,13.0,0.0,0.0,13.0,0.0,13.0,0.3211390972137451,0.20156671106815338,2.7197265625,0.27748751640319824,0.021665511031945545,-0.03453711420297623
836,1.0483502429997316,100.091904,0.9662560224533081,0.34486040472984314,0.03136131539940834,0.0224609375,0.07460683584213257,0.0,0.07871528714895248,0.0017585618188604712,0.1108805388212204,0.0,0.0,0.0,1.5756748914718628,4.551808834075928,0.5184904932975769,0.0,16.0,0.0,0.0,16.0,0.0,16.0,0.3205265204111735,0.20246224105358124,2.7821858723958335,0.2768060366312663,0.021598540246486664,-0.03431893140077591
837,1.0530979329996626,100.091904,0.9535539150238037,0.3364437222480774,0.01510794460773468,0.0224609375,0.07337146252393723,0.0,0.07899874448776245,0.0019324658205732703,0.1055501326918602,0.0,0.0,0.0,1.56365966796875,4.338237285614014,0.5374774932861328,0.0,12.0,0.0,0.0,12.0,0.0,12.0,0.3202120860417684,0.20459146797657013,2.7987467447916665,0.27664979298909503,0.021554420391718548,-0.03462803363800049
838,1.0532211589998042,100.091904,0.9842678904533386,0.32171618938446045,0.031417109072208405,0.0234375,0.07672861218452454,0.0,0.07655678689479828,0.0018576665315777063,0.1026204451918602,0.0,0.0,0.0,1.5375726222991943,4.164159297943115,0.5355032682418823,0.0,17.0,0.0,1.0,16.0,0.0,17.0,0.32071805000305176,0.2038251757621765,2.8021240234375,0.27737998962402344,0.02171538770198822,-0.03693290054798126
839,1.0493264930000805,100.091904,1.0280957221984863,0.30757030844688416,0.07331642508506775,0.0234375,0.08116164803504944,0.0,0.07646708190441132,0.0018990766257047653,0.1005859375,0.0,0.0,0.0,1.6184377670288086,4.104750633239746,0.5291360020637512,0.0,10.0,0.0,0.0,10.0,0.0,10.0,0.32142186164855957,0.20227709412574768,2.7783610026041665,0.2780623237291972,0.021710216999053955,-0.03784888982772827
840,1.031112454000322,100.091904,1.0476009845733643,0.302408903837204,0.028561141341924667,0.0234375,0.08244141936302185,0.0,0.07794244587421417,0.0022520404309034348,0.1005859375,0.0,0.0,0.0,1.730197787284851,4.256335258483887,0.5603553056716919,0.0,16.0,0.0,0.0,16.0,0.0,16.0,0.32215845584869385,0.20329585671424866,2.7489420572916665,0.2788460652033488,0.021732548872629803,-0.01900632306933403
841,1.0325908720005827,100.091904,1.0348658561706543,0.29832160472869873,0.017646431922912598,0.0234375,0.0818532407283783,0.0,0.07141260802745819,0.001799235469661653,0.0941569060087204,0.0,0.0,0.0,1.706416130065918,4.4208855628967285,0.5264374017715454,0.0,20.0,0.0,0.0,20.0,0.0,20.0,0.3230961561203003,0.2031027376651764,2.7570393880208335,0.2797919511795044,0.02181113511323929,-0.02047807350754738
842,1.0399146030003976,100.091904,1.016148567199707,0.30183568596839905,0.052590806037187576,0.0234375,0.08032185584306717,0.0,0.0680544301867485,0.001548998523503542,0.0928141325712204,0.0,0.0,0.0,1.6644484996795654,4.410365104675293,0.5094708800315857,0.0,7.0,0.0,0.0,7.0,0.0,7.0,0.32250718275705975,0.19822540879249573,2.7714029947916665,0.27940231561660767,0.021814179917176563,-0.021860938519239426
843,1.124188482000136,100.091904,0.9994111061096191,0.3130774199962616,0.03919324278831482,0.0234375,0.07833641022443771,0.0,0.06890763342380524,0.001862204633653164,0.0959879606962204,0.0,0.0,0.0,1.5633230209350586,4.57908821105957,0.5177894830703735,0.0,12.0,0.0,0.0,12.0,0.0,12.0,0.32152267297108966,0.19674159586429596,2.8080647786458335,0.2783653338750203,0.021824203431606293,-0.023031707853078842
844,1.0584319910003614,100.091904,0.9757692217826843,0.3299558162689209,0.022526493296027184,0.0234375,0.0763130784034729,0.0,0.06413359940052032,0.001497290562838316,0.0849202498793602,0.0,0.0,0.0,1.3930025100708008,4.8539347648620605,0.49812620878219604,0.0,14.0,0.0,0.0,14.0,0.0,14.0,0.32164591550827026,0.20735959708690643,2.8130696614583335,0.2784029245376587,0.021759192148844402,-0.023729462176561356
845,0.9644533999999112,100.091904,0.9409663081169128,0.3521493077278137,0.033791009336709976,0.0234375,0.07265862077474594,0.0,0.06507283449172974,0.0016200279351323843,0.0840250700712204,0.0,0.0,0.0,1.324896216392517,5.006113529205322,0.4950293004512787,0.0,6.0,0.0,0.0,6.0,0.0,6.0,0.32175638278325397,0.20926906168460846,2.8181966145833335,0.2784627477327983,0.021622938414414723,-0.023973163217306137
846,0.9955217529995934,100.091904,0.9171807765960693,0.37218302488327026,0.06655348837375641,0.0234375,0.07012976706027985,0.0,0.06550630182027817,0.001670278375968337,0.0808512419462204,0.0,0.0,0.0,1.2833095788955688,5.148987770080566,0.5035598278045654,0.0,10.0,0.0,0.0,10.0,0.0,10.0,0.32236852248509723,0.2051123082637787,2.8022867838541665,0.27881908416748047,0.021514507631460827,-0.02401743456721306
847,1.035581982999247,100.091904,0.8766447901725769,0.38100117444992065,0.06363345682621002,0.0234375,0.0662136822938919,0.0,0.06613185256719589,0.0014882273972034454,0.0824788436293602,0.0,0.0,0.0,1.335179328918457,5.005862236022949,0.5047602653503418,0.0,10.0,0.0,0.0,10.0,0.0,10.0,0.32290510336558026,0.20207996666431427,2.74560546875,0.27900147438049316,0.02137927959362666,-0.023978862911462784
848,1.0059412210002847,100.091904,0.8725974559783936,0.37112489342689514,0.03399952873587608,0.0234375,0.06614333391189575,0.0,0.06829541176557541,0.001508336397819221,0.0803629606962204,0.0,0.0,0.0,1.3999395370483398,4.673665523529053,0.4956298768520355,0.0,6.0,0.0,0.0,6.0,0.0,6.0,0.32240668932596844,0.20273374021053314,2.7509358723958335,0.2785278956095378,0.021392231186230976,-0.024466220289468765
849,0.9982000350000817,100.091904,0.8854167461395264,0.3559836745262146,0.035249315202236176,0.0224609375,0.0672270655632019,0.0,0.07164554297924042,0.0018017436377704144,0.08203125,0.0,0.0,0.0,1.5026519298553467,4.400096416473389,0.5126094222068787,0.0,9.0,0.0,0.0,9.0,0.0,9.0,0.32121612628300983,0.21179810166358948,2.7976481119791665,0.2773708899815877,0.02143579473098119,-0.031645771116018295
