iter,t_iter_s,peak_mem_mb,loss,vx,grad_norm,terrain_level,loss_v,loss_clear,loss_gproj,loss_omega,loss_ctrl,n_falls,n_timeouts,n_move_up,n_move_down,n_fall_height,n_fall_tilt,mean_base_h,min_base_h,mean_n_contact,mean_base_z,mean_foot_clear,min_foot_clear
0,1.5825640090000093,2.123776,7.174646854400635,0.096063032746315,0.7491108179092407,nan,0.7106791734695435,0.0,9.405805030837655e-05,0.7478060722351074,0.018662959337234497,0.0,0.0,nan,nan,0.0,0.0,0.33809057871500653,0.335358202457428,2.4088541666666665,0.33809057871500653,0.021420910954475403,0.01166398823261261
1,0.36167739599997617,3.168768,7.078195571899414,0.08612377941608429,0.373512327671051,nan,0.7012068629264832,0.0,0.00031977807520888746,0.40962156653404236,0.10554143786430359,0.0,0.0,nan,nan,0.0,0.0,0.3373453617095947,0.335604727268219,3.3307291666666665,0.3373453617095947,0.023020888368288677,0.02300982177257538
2,0.35739438300001325,3.168768,6.833935737609863,0.02101670578122139,0.42971616983413696,nan,0.676097571849823,0.0,0.0003624992386903614,0.40216001868247986,0.2702813744544983,0.0,0.0,nan,nan,0.0,0.0,0.3350364367167155,0.33406561613082886,3.0442708333333335,0.3350364367167155,0.02301269769668579,0.023008383810520172
3,0.35700839800000495,3.168768,6.681485176086426,-0.07243750989437103,0.38777437806129456,nan,0.6605748534202576,0.0,0.0003655655891634524,0.41591882705688477,0.47830116748809814,0.0,0.0,nan,nan,0.0,0.0,0.33434657255808514,0.3337860107421875,3.0,0.33434657255808514,0.023023207982381184,0.02300884574651718
4,0.35689128000001347,3.168768,6.727992057800293,-0.1705927550792694,0.754438042640686,nan,0.6660511493682861,0.0,0.00039408705197274685,0.441959023475647,0.6477819681167603,0.0,0.0,nan,nan,0.0,0.0,0.33405057589213055,0.3335075080394745,2.8203125,0.33405057589213055,0.023066880802313488,0.023027926683425903
5,0.3586066569999957,3.168768,6.927017688751221,-0.25558170676231384,1.072269082069397,nan,0.6862605810165405,0.0,0.0005811227019876242,0.47289031744003296,0.7769696116447449,0.0,0.0,nan,nan,0.0,0.0,0.3332424759864807,0.33235403895378113,3.2604166666666665,0.3332424759864807,0.02311566472053528,0.02307794988155365
6,0.35706565800001044,3.168768,7.2032341957092285,-0.31439411640167236,0.9881384968757629,nan,0.7136504650115967,0.0,0.0009719107183627784,0.4930926263332367,0.8700975179672241,0.0,0.0,nan,nan,0.0,0.0,0.3317196766535441,0.330335408449173,3.3567708333333335,0.3317196766535441,0.023172942300637562,0.023137636482715607
7,0.35881584900002395,3.168768,7.305193901062012,-0.32622379064559937,0.6271045207977295,nan,0.7235575914382935,0.0,0.0015997070586308837,0.4990086257457733,0.9413847923278809,0.0,0.0,nan,nan,0.0,0.0,0.329532523949941,0.32760298252105713,3.890625,0.329532523949941,0.023235758145650227,0.023198917508125305
8,0.3584421520000092,3.168768,7.185997009277344,-0.2888656556606293,0.6669900417327881,nan,0.7114027738571167,0.0,0.0024148852098733187,0.4893624186515808,0.9964553713798523,0.0,0.0,nan,nan,0.0,0.0,0.32671817143758136,0.32443833351135254,4.0,0.32671817143758136,0.02329432467619578,0.023259863257408142
9,0.35651632099998665,3.168768,6.964216232299805,-0.209041029214859,0.6330428123474121,nan,0.6879765391349792,0.0,0.0033482692670077085,0.45821794867515564,1.0263683795928955,0.0,0.0,nan,nan,0.0,0.0,0.32378443082173664,0.3215674161911011,3.7395833333333335,0.32378443082173664,0.02334019790093104,0.023311421275138855
10,0.3567402790000074,3.168768,6.820718765258789,-0.10463917255401611,0.7782478332519531,nan,0.6732816100120544,0.0,0.004231828730553389,0.41941115260124207,1.0926774740219116,0.0,0.0,nan,nan,0.0,0.0,0.321577529112498,0.31986120343208313,3.5625,0.321577529112498,0.023367176453272503,0.023343481123447418
11,0.35410740600002555,3.168768,6.863161563873291,0.004466393496841192,1.1266075372695923,nan,0.6776905059814453,0.0,0.004790689796209335,0.39100319147109985,1.2444822788238525,0.0,0.0,nan,nan,0.0,0.0,0.32070010900497437,0.3194986879825592,3.5,0.32070010900497437,0.023372861246267956,0.02334471046924591
12,0.35444072599997867,3.168768,7.085237979888916,0.10772348195314407,1.073245882987976,nan,0.6999572515487671,0.0,0.004907851107418537,0.3936009109020233,1.4964320659637451,0.0,0.0,nan,nan,0.0,0.0,0.32106244564056396,0.31963279843330383,3.7682291666666665,0.32106244564056396,0.023358662923177082,0.023317135870456696
13,0.35717078899998,3.168768,7.4232282638549805,0.19918832182884216,0.9123821258544922,nan,0.733191967010498,0.0,0.004833498038351536,0.44214797019958496,1.8439630270004272,0.0,0.0,nan,nan,0.0,0.0,0.32199275493621826,0.3201088309288025,3.9635416666666665,0.32199275493621826,0.023326873779296875,0.023272447288036346
14,0.35490918399997895,3.168768,7.752232074737549,0.267689049243927,0.7697727084159851,nan,0.7658016085624695,0.0,0.005195443984121084,0.517030656337738,2.275529146194458,0.0,0.0,nan,nan,0.0,0.0,0.3228177825609843,0.3210625946521759,4.0,0.3228177825609843,0.023277712364991505,0.0232105553150177
15,0.35578110399998764,3.168768,7.938838958740234,0.3001599907875061,0.9835207462310791,nan,0.7833082675933838,0.0,0.006553979124873877,0.5902108550071716,2.8435897827148438,0.0,0.0,nan,nan,0.0,0.0,0.3232215841611226,0.3218079209327698,4.0,0.3232215841611226,0.023212075233459473,0.023135140538215637
16,0.3558400830000039,3.168768,7.884754180908203,0.29344844818115234,1.1151832342147827,nan,0.7765504717826843,0.0,0.009257199242711067,0.6432817578315735,3.467423915863037,0.0,0.0,nan,nan,0.0,0.0,0.3230557441711426,0.321852445602417,3.5520833333333335,0.3230557441711426,0.023134286204973858,0.023053407669067383
17,0.3592281489999891,3.168768,7.618300437927246,0.250731885433197,1.354744791984558,nan,0.7492636442184448,0.0,0.013391110114753246,0.6908811330795288,4.069554805755615,0.0,0.0,nan,nan,0.0,0.0,0.322237233320872,0.32064059376716614,3.28125,0.322237233320872,0.02305261294047038,0.022973984479904175
18,0.356324552000018,3.168768,7.273321628570557,0.1865939497947693,1.5062730312347412,nan,0.7137150764465332,0.0,0.01937427558004856,0.7790142893791199,4.703787803649902,0.0,0.0,nan,nan,0.0,0.0,0.32130130132039386,0.3196931779384613,3.0,0.32130130132039386,0.022978007793426514,0.02290203422307968
19,0.3564865820000023,3.168768,6.982961654663086,0.11695162206888199,1.3742939233779907,nan,0.6832296848297119,0.0,0.02746673673391342,0.7762067317962646,5.269069194793701,0.0,0.0,nan,nan,0.0,0.0,0.32071725527445477,0.31910794973373413,3.0,0.32071725527445477,0.022914816935857136,0.02284647524356842
20,0.3553887680000116,3.168768,6.793942451477051,0.0482085645198822,1.202928900718689,nan,0.6633150577545166,0.0,0.036813363432884216,0.7000458240509033,5.670286178588867,0.0,0.0,nan,nan,0.0,0.0,0.3202584783236186,0.318559855222702,2.9791666666666665,0.3202584783236186,0.022870066265265148,0.02281402051448822
21,0.3540316690000225,3.168768,6.710039138793945,-0.015258627012372017,0.6900768280029297,nan,0.6547392010688782,0.0,0.046247437596321106,0.6218297481536865,5.895236968994141,0.0,0.0,nan,nan,0.0,0.0,0.3198024233182271,0.31820642948150635,2.9270833333333335,0.3198024233182271,0.022850339611371357,0.02280888706445694
22,0.35438835799999424,3.168768,6.738188743591309,-0.06832246482372284,0.9129993915557861,nan,0.6568626165390015,0.0,0.05476876348257065,0.5592154860496521,5.972956657409668,0.0,0.0,nan,nan,0.0,0.0,0.31960558891296387,0.31765851378440857,2.5729166666666665,0.31960558891296387,0.022857976456483204,0.022811293601989746
23,0.35139382499997396,3.168768,6.840623378753662,-0.10917836427688599,1.339896559715271,nan,0.6668764352798462,0.0,0.06110271066427231,0.5001863241195679,6.303643703460693,0.0,0.0,nan,nan,0.0,0.0,0.3199669122695923,0.3176029622554779,2.390625,0.3199669122695923,0.022888578474521637,0.02283499389886856
24,0.35172514399999955,3.168768,6.992879867553711,-0.14075130224227905,1.5592290163040161,nan,0.6820535659790039,0.0,0.06406092643737793,0.47351229190826416,6.798076152801514,0.0,0.0,nan,nan,0.0,0.0,0.3207298517227173,0.31772881746292114,2.4192708333333335,0.3207298517227173,0.02293280263741811,0.022876501083374023
25,0.35287846299999615,3.168768,7.152836322784424,-0.1669328212738037,1.5769437551498413,nan,0.6977335810661316,0.0,0.06348863244056702,0.482059121131897,7.348644256591797,0.0,0.0,nan,nan,0.0,0.0,0.32153403759002686,0.318304181098938,2.53125,0.32153403759002686,0.022983049352963764,0.022924214601516724
26,0.3588341149999792,3.168768,7.302000045776367,-0.19060158729553223,1.203468680381775,nan,0.7121448516845703,0.0,0.06012921780347824,0.5025596022605896,7.841390132904053,0.0,0.0,nan,nan,0.0,0.0,0.32211001714070636,0.3191002607345581,2.5703125,0.32211001714070636,0.02303420752286911,0.02297031134366989
27,0.35936110400001553,3.168768,7.406777858734131,-0.21035517752170563,0.553241491317749,nan,0.7231917381286621,0.0,0.05507328361272812,0.5400909781455994,8.17898178100586,0.0,0.0,nan,nan,0.0,0.0,0.3223198652267456,0.31903430819511414,2.7708333333333335,0.3223198652267456,0.023082134624322254,0.023019619286060333
28,0.3549911050000105,3.168768,7.488204002380371,-0.22507524490356445,0.7591491937637329,nan,0.7308980822563171,0.0,0.04920559376478195,0.6141495108604431,8.48898983001709,0.0,0.0,nan,nan,0.0,0.0,0.3220447103182475,0.3186571002006531,2.7916666666666665,0.3220447103182475,0.02312581241130829,0.023067176342010498
29,0.3541199459999973,3.168768,7.516341209411621,-0.23204898834228516,0.8721199035644531,nan,0.7328280210494995,0.0,0.04335492104291916,0.6785635948181152,8.923044204711914,0.0,0.0,nan,nan,0.0,0.0,0.3212425112724304,0.3178662657737732,3.140625,0.3212425112724304,0.023135527968406677,0.023008517920970917
30,0.3560565829999973,3.168768,7.351416110992432,-0.2200370877981186,1.2311546802520752,nan,0.7158756256103516,0.0,0.03986535593867302,0.5111346244812012,9.69516658782959,0.0,0.0,nan,nan,0.0,0.0,0.3207924763361613,0.31784728169441223,3.9088541666666665,0.3207924763361613,0.02308226376771927,0.022989653050899506
31,0.35398257300002456,3.168768,7.059238433837891,-0.17208001017570496,0.9207384586334229,nan,0.6857565641403198,0.0,0.039511822164058685,0.4204195439815521,10.643881797790527,0.0,0.0,nan,nan,0.0,0.0,0.3209744691848755,0.31823182106018066,3.7994791666666665,0.3209744691848755,0.02312132716178894,0.023041702806949615
32,0.36640821800000367,3.168768,6.886085033416748,-0.10475128889083862,0.8644240498542786,nan,0.6673309206962585,0.0,0.041578687727451324,0.41331884264945984,11.269930839538574,0.0,0.0,nan,nan,0.0,0.0,0.3206505974133809,0.3172353506088257,3.8333333333333335,0.3206505974133809,0.023149453103542328,0.02308860421180725
33,0.35439418799998634,3.168768,6.86786413192749,-0.0393623411655426,0.6701446771621704,nan,0.6650717258453369,0.0,0.045948147773742676,0.4627566933631897,11.424222946166992,0.0,0.0,nan,nan,0.0,0.0,0.3199331959088643,0.3157101273536682,3.4791666666666665,0.3199331959088643,0.02314223349094391,0.023092791438102722
34,0.3558008939999979,3.168768,6.915618419647217,0.011090586893260479,0.43590354919433594,nan,0.670261561870575,0.0,0.05213898420333862,0.512855052947998,10.975874900817871,0.0,0.0,nan,nan,0.0,0.0,0.3192548950513204,0.31423628330230713,3.0520833333333335,0.3192548950513204,0.02309207369883855,0.023022137582302094
35,0.355389673000019,3.168768,6.9180989265441895,0.04336719214916229,0.46460312604904175,nan,0.6708171367645264,0.0,0.05893241986632347,0.523673951625824,9.747594833374023,0.0,0.0,nan,nan,0.0,0.0,0.31889883677164715,0.31310606002807617,2.4609375,0.31889883677164715,0.02301669865846634,0.022942058742046356
36,0.35395963999999935,3.168768,6.792932987213135,0.053126346319913864,0.6120260953903198,nan,0.6593670845031738,0.0,0.06518983840942383,0.5090502500534058,8.41070556640625,0.0,0.0,nan,nan,0.0,0.0,0.3190935452779134,0.3128941059112549,2.0078125,0.3190935452779134,0.022980831563472748,0.0228441059589386
37,0.35474336699999753,3.168768,6.661212921142578,0.06006452441215515,0.9578683376312256,nan,0.6477919816970825,0.0,0.07017102092504501,0.4825843274593353,7.318599700927734,0.0,0.0,nan,nan,0.0,0.0,0.3201894760131836,0.3131200671195984,2.0416666666666665,0.3201894760131836,0.022974578042825062,0.022800028324127197
38,0.35785960100000125,3.168768,6.626036643981934,0.07868292927742004,1.1424579620361328,nan,0.6449849009513855,0.0,0.07292750477790833,0.4543115496635437,6.509927749633789,0.0,0.0,nan,nan,0.0,0.0,0.32186343272527057,0.31412434577941895,2.1354166666666665,0.32186343272527057,0.023008987307548523,0.022788971662521362
39,0.3600459820000026,3.168768,6.654376983642578,0.10440756380558014,1.0964336395263672,nan,0.6471571326255798,0.0,0.07306458055973053,0.44263800978660583,6.0699286460876465,0.0,0.0,nan,nan,0.0,0.0,0.32349292437235516,0.3153626620769501,2.0026041666666665,0.32349292437235516,0.023029856383800507,0.02272709459066391
40,0.3583472329999893,3.168768,6.665255069732666,0.12765437364578247,1.0538675785064697,nan,0.6484149098396301,0.0,0.07060965895652771,0.45546954870224,6.118096828460693,0.0,0.0,nan,nan,0.0,0.0,0.32468199729919434,0.31571564078330994,2.0130208333333335,0.32468199729919434,0.022968058784802754,0.02261960506439209
41,0.3587907639999912,3.168768,6.571115016937256,0.14268262684345245,1.0191653966903687,nan,0.638364315032959,0.0,0.06576959788799286,0.5224394202232361,6.829057693481445,0.0,0.0,nan,nan,0.0,0.0,0.32521146535873413,0.3160450756549835,2.5703125,0.32521146535873413,0.022914667924245197,0.022517263889312744
42,0.3557700089999969,3.168768,6.3180108070373535,0.14633207023143768,1.1564730405807495,nan,0.6118212938308716,0.0,0.05963098257780075,0.6292341947555542,8.216012001037598,0.0,0.0,nan,nan,0.0,0.0,0.325064738591512,0.3152928948402405,3.0208333333333335,0.325064738591512,0.022778468827406567,0.02246839553117752
43,0.3571462639999936,3.168768,5.918885707855225,0.1398996114730835,0.8854557275772095,nan,0.5706229209899902,0.0,0.0545274019241333,0.6424481868743896,10.551961898803711,0.0,0.0,nan,nan,0.0,0.0,0.32472139596939087,0.3152981996536255,3.2135416666666665,0.32472139596939087,0.022660369674364727,0.02243231236934662
44,0.35784518099998763,3.168768,5.631723880767822,0.12741126120090485,0.8534571528434753,nan,0.5389624834060669,0.0,0.052716657519340515,0.5899180173873901,13.854269027709961,0.0,0.0,nan,nan,0.0,0.0,0.32478179534276325,0.31575438380241394,3.1276041666666665,0.32478179534276325,0.022613858183224995,0.022379912436008453
45,0.35783386500000347,3.168768,5.5624895095825195,0.11087358742952347,0.8079304099082947,nan,0.5270652770996094,0.0,0.05490556359291077,0.5859838128089905,17.499114990234375,0.0,0.0,nan,nan,0.0,0.0,0.32468942801157635,0.3151381313800812,2.9739583333333335,0.32468942801157635,0.02258081982533137,0.022306978702545166
46,0.3561882070000024,3.168768,5.711448669433594,0.0926310271024704,0.6813024878501892,nan,0.5370383262634277,0.0,0.06125945597887039,0.6396511793136597,20.987838745117188,0.0,0.0,nan,nan,0.0,0.0,0.32376094659169513,0.31330224871635437,2.9322916666666665,0.32376094659169513,0.02254276971022288,0.022175781428813934
47,0.3574296360000062,3.168768,5.946162223815918,0.07866805791854858,0.7952701449394226,nan,0.5576059222221375,0.0,0.07171966880559921,0.739883303642273,23.544158935546875,0.0,0.0,nan,nan,0.0,0.0,0.32185200850168866,0.31067273020744324,2.7916666666666665,0.32185200850168866,0.022504615286986034,0.02203202247619629
48,0.35587904100000856,3.168768,6.155424118041992,0.0766095221042633,0.8260447978973389,nan,0.5763132572174072,0.0,0.08579160273075104,0.8344299793243408,24.641881942749023,0.0,0.0,nan,nan,0.0,0.0,0.3192758957544963,0.30776649713516235,2.6171875,0.3192758957544963,0.02256026615699132,0.021884247660636902
49,0.3571750909999878,3.168768,6.176884651184082,0.09115844964981079,0.8508663177490234,nan,0.5779918432235718,0.0,0.10279866307973862,0.8892245292663574,24.32086753845215,0.0,0.0,nan,nan,0.0,0.0,0.31671077013015747,0.30592042207717896,2.2838541666666665,0.31671077013015747,0.02269217123587926,0.02179848402738571
50,0.36313556299998595,3.168768,5.985513687133789,0.12487664818763733,0.6916316151618958,nan,0.5604497790336609,0.0,0.12096071243286133,0.8282046318054199,22.78455352783203,0.0,0.0,nan,nan,0.0,0.0,0.3149695595105489,0.30344587564468384,2.1432291666666665,0.3149695595105489,0.02278937151034673,0.02166096866130829
51,0.3659278770000185,3.168768,5.830827236175537,0.1731310486793518,0.7049574255943298,nan,0.544749915599823,0.0,0.1383223682641983,0.8006054162979126,20.806575775146484,0.0,0.0,nan,nan,0.0,0.0,0.3145474394162496,0.29217076301574707,2.2447916666666665,0.3145474394162496,0.022838056087493896,0.021465182304382324
52,0.36894766000000345,3.168768,5.866604804992676,0.22622153162956238,0.6275558471679688,nan,0.5446084141731262,0.0,0.15571217238903046,0.8925008177757263,19.1339111328125,0.0,0.0,nan,nan,0.0,0.0,0.31471121311187744,0.275968074798584,2.1822916666666665,0.31471121311187744,0.022753074765205383,0.021282680332660675
53,0.3679662979999989,3.168768,6.07712459564209,0.2770650386810303,0.7824900150299072,nan,0.5635976791381836,0.0,0.1760917752981186,1.1722753047943115,18.332805633544922,0.0,0.0,nan,nan,0.0,0.0,0.3136971592903137,0.25559672713279724,2.0520833333333335,0.3136971592903137,0.02264642467101415,0.02098836749792099
54,0.3724101740000094,3.168768,6.477166652679443,0.3231218159198761,0.8949453830718994,nan,0.6001359224319458,0.0,0.2034343183040619,1.7184247970581055,19.114948272705078,0.0,0.0,nan,nan,0.0,0.0,0.31022679805755615,0.23145121335983276,2.0885416666666665,0.31022679805755615,0.02252866079409917,0.02073008567094803
55,0.375047292000005,3.168768,7.125154972076416,0.33941465616226196,0.8249074816703796,nan,0.6602907180786133,0.0,0.24181464314460754,2.417956829071045,21.176244735717773,0.0,0.0,nan,nan,0.0,0.0,0.30393226941426593,0.21611104905605316,2.0078125,0.30393226941426593,0.02240385115146637,0.020506754517555237
56,0.37854181699998435,3.168768,7.9323296546936035,0.2588588297367096,1.0179246664047241,nan,0.7381521463394165,0.0,0.28887057304382324,2.5734753608703613,23.715261459350586,0.0,0.0,nan,nan,0.0,0.0,0.2978251576423645,0.21499291062355042,1.9583333333333333,0.2978251576423645,0.02229163299004237,0.020478248596191406
57,0.376795498000007,3.168768,8.617815971374512,0.24845629930496216,1.1308056116104126,nan,0.7998070120811462,0.0,0.348508358001709,3.5031185150146484,26.786169052124023,0.0,0.0,nan,nan,0.0,0.0,0.29054848353068036,0.21210739016532898,1.9557291666666667,0.29054848353068036,0.022178595264752705,0.020532473921775818
58,0.39669262500001423,3.168768,9.606544494628906,0.17568755149841309,1.061792016029358,nan,0.887118935585022,0.0,0.39338502287864685,3.186328887939453,29.374380111694336,2.0,0.0,nan,nan,0.0,2.0,0.2859012683232625,0.21098396182060242,1.7786458333333333,0.2859012683232625,0.022244570155938465,0.02060743421316147
59,0.36693973500001675,3.168768,8.066238403320312,0.16074003279209137,0.5507087111473083,nan,0.7364954948425293,0.0,0.32007527351379395,2.5919604301452637,27.241897583007812,4.0,0.0,nan,nan,0.0,4.0,0.29532599449157715,0.22638246417045593,1.5755208333333333,0.29532599449157715,0.022438200811545055,0.020624443888664246
60,0.3687659470000142,3.168768,6.1249284744262695,0.16412699222564697,0.47940441966056824,nan,0.5589191317558289,0.0,0.2304602861404419,1.989961862564087,22.310123443603516,2.0,0.0,nan,nan,0.0,2.0,0.3059402108192444,0.2386210858821869,1.8828125,0.3059402108192444,0.02232014884551366,0.020620718598365784
61,0.3745908260000306,3.168768,5.081833839416504,0.17498256266117096,0.7585400342941284,nan,0.46705615520477295,0.0,0.16046854853630066,1.517721176147461,16.474136352539062,2.0,0.0,nan,nan,0.0,2.0,0.3150002161661784,0.2431824654340744,1.7526041666666667,0.3150002161661784,0.022324586908022564,0.020620882511138916
62,0.38007512600000837,3.16928,4.833624362945557,0.20079708099365234,1.0184324979782104,nan,0.44477224349975586,0.0,0.17272233963012695,1.833906650543213,13.86224365234375,0.0,0.0,nan,nan,0.0,0.0,0.3133185903231303,0.24434828758239746,1.8411458333333333,0.3133185903231303,0.022150541345278423,0.02062295749783516
63,0.38199672700000065,3.16928,4.682979106903076,0.18090860545635223,0.5937557220458984,nan,0.4322321116924286,0.0,0.17274880409240723,1.9702951908111572,12.02839183807373,1.0,0.0,nan,nan,0.0,1.0,0.31138916810353595,0.23644578456878662,1.8541666666666667,0.31138916810353595,0.022192907830079395,0.020603880286216736
64,0.3819009589999496,3.16928,4.6051740646362305,0.1162756085395813,0.8103117346763611,nan,0.4258041977882385,0.0,0.1701953113079071,1.9216455221176147,10.578883171081543,0.0,0.0,nan,nan,0.0,0.0,0.31228427092234295,0.2383216917514801,1.9765625,0.31228427092234295,0.02215367058912913,0.02062894031405449
65,0.37507867400000805,3.16928,4.832009315490723,0.12418153136968613,0.4137479364871979,nan,0.4476202428340912,0.0,0.1564047485589981,1.9685842990875244,10.647663116455078,1.0,0.0,nan,nan,0.0,1.0,0.31747591495513916,0.23869483172893524,1.953125,0.31747591495513916,0.022279908259709675,0.02063950151205063
66,0.3855928110000377,3.16928,4.825016498565674,0.14545801281929016,0.6274820566177368,nan,0.44738632440567017,0.0,0.1683627814054489,2.0957703590393066,11.849437713623047,0.0,0.0,nan,nan,0.0,0.0,0.31912414232889813,0.24199755489826202,1.9036458333333333,0.31912414232889813,0.022175530592600506,0.020646031945943832
67,0.3713766230000033,3.16928,4.49780797958374,0.1514085829257965,0.4623185098171234,nan,0.4156506061553955,0.0,0.149015873670578,2.1357946395874023,14.044771194458008,1.0,0.0,nan,nan,0.0,1.0,0.32495105266571045,0.24110756814479828,2.0885416666666665,0.32495105266571045,0.022277841965357464,0.020653821527957916
68,0.3820762770000101,3.16928,4.5261030197143555,0.1503855586051941,0.6318069100379944,nan,0.41500839591026306,0.0,0.17570286989212036,2.6032440662384033,16.076292037963867,0.0,0.0,nan,nan,0.0,0.0,0.32354994614919025,0.23879683017730713,2.1354166666666665,0.32354994614919025,0.022129632532596588,0.020665913820266724
69,0.38859607199998436,3.16928,4.651370048522949,0.15291866660118103,0.5600270628929138,nan,0.4236663281917572,0.0,0.2131752073764801,3.081639051437378,17.234983444213867,0.0,0.0,nan,nan,0.0,0.0,0.32018808523813885,0.234125554561615,2.0911458333333335,0.32018808523813885,0.022051788866519928,0.02068745344877243
70,0.3747377420000362,3.16928,4.090410232543945,0.14681729674339294,0.31107470393180847,nan,0.3696717619895935,0.0,0.17031431198120117,3.1773648262023926,18.347654342651367,2.0,0.0,nan,nan,0.0,2.0,0.32646997769673664,0.23386423289775848,2.15625,0.32646997769673664,0.0223835955063502,0.020723745226860046
71,0.3709333410000113,3.16928,4.299382209777832,0.12159595638513565,0.34585174918174744,nan,0.39146316051483154,0.0,0.17160651087760925,3.1348462104797363,18.238821029663086,1.0,0.0,nan,nan,0.0,1.0,0.3298184871673584,0.23780189454555511,2.0572916666666665,0.3298184871673584,0.022508713106314342,0.02090444415807724
72,0.3744665780000105,3.16928,4.167727470397949,0.040011562407016754,0.7331581711769104,nan,0.3785805106163025,0.0,0.19846507906913757,2.965698003768921,16.939861297607422,0.0,0.0,nan,nan,0.0,0.0,0.3323189417521159,0.23650649189949036,1.90625,0.3323189417521159,0.022445390621821087,0.020850282162427902
73,0.3799440509999954,3.16928,4.171969413757324,0.009611343033611774,0.7098711133003235,nan,0.3782481849193573,0.0,0.1829695701599121,1.9853870868682861,16.239049911499023,3.0,0.0,nan,nan,0.0,3.0,0.34039123853047687,0.24324364960193634,1.8411458333333333,0.34039123853047687,0.02266748497883479,0.020885027945041656
74,0.36300055100002737,3.16928,3.72912335395813,-0.026326235383749008,1.0324575901031494,nan,0.3468835949897766,0.0,0.10094895213842392,1.3281817436218262,15.982988357543945,0.0,0.0,nan,nan,0.0,0.0,0.35156571865081787,0.3285830020904541,1.8828125,0.35156571865081787,0.022917672991752625,0.02214309573173523
75,0.3642600150000135,3.16928,3.349830389022827,-0.06055574491620064,0.8289492130279541,nan,0.30893242359161377,0.0,0.11667674779891968,1.1540675163269043,14.95563793182373,0.0,0.0,nan,nan,0.0,0.0,0.35329612096150714,0.32105493545532227,1.9869791666666667,0.35329612096150714,0.02278563876946767,0.022086583077907562
76,0.3690376540000102,3.16928,3.091360092163086,-0.09086141735315323,0.8010042309761047,nan,0.2815244197845459,0.0,0.1357612907886505,1.3177428245544434,14.50843334197998,0.0,0.0,nan,nan,0.0,0.0,0.3531741301218669,0.31097611784935,2.125,0.3531741301218669,0.02275114009777705,0.02205239236354828
77,0.36735636800000293,3.16928,2.9008824825286865,-0.11559179425239563,0.7387388944625854,nan,0.25996917486190796,0.0,0.15780827403068542,1.4382470846176147,14.72070598602295,0.0,0.0,nan,nan,0.0,0.0,0.35185420513153076,0.2992071509361267,2.28125,0.35185420513153076,0.022745616734027863,0.02192191407084465
78,0.37108017999997855,3.16928,2.734966278076172,-0.13771115243434906,0.41929030418395996,nan,0.23931173980236053,0.0,0.17126059532165527,1.4249193668365479,15.250198364257812,1.0,0.0,nan,nan,0.0,1.0,0.35036325454711914,0.28938257694244385,2.0885416666666665,0.35036325454711914,0.022837164501349132,0.02182105928659439
79,0.3705772889999821,3.16928,2.470366954803467,-0.15335030853748322,0.24775539338588715,nan,0.21409425139427185,0.0,0.14454145729541779,1.3102991580963135,15.413894653320312,1.0,0.0,nan,nan,0.0,1.0,0.3506816228230794,0.29556605219841003,2.3619791666666665,0.3506816228230794,0.022924234469731648,0.021955184638500214
80,0.37916012599998794,3.16928,2.321314811706543,-0.13767296075820923,0.2606204152107239,nan,0.2054557055234909,0.0,0.1114596575498581,1.0986485481262207,15.319064140319824,1.0,0.0,nan,nan,0.0,1.0,0.3516124486923218,0.27946382761001587,2.4348958333333335,0.3516124486923218,0.023003004491329193,0.021829772740602493
81,0.3697861249999619,3.16928,2.4016942977905273,-0.13898804783821106,0.2481769323348999,nan,0.21261340379714966,0.0,0.10557891428470612,1.1568354368209839,15.072164535522461,1.0,0.0,nan,nan,0.0,1.0,0.3523882230122884,0.2682042717933655,2.4270833333333335,0.3523882230122884,0.023044270773728687,0.02176830917596817
82,0.37212343799996006,3.16928,2.5547335147857666,-0.13916930556297302,0.35763755440711975,nan,0.22913679480552673,0.0,0.10355822741985321,1.2019623517990112,14.47053050994873,0.0,0.0,nan,nan,0.0,0.0,0.35282742977142334,0.29881638288497925,2.4296875,0.35282742977142334,0.02302318811416626,0.02246028184890747
83,0.3712749430000031,3.16928,2.605710506439209,-0.101503387093544,0.26483944058418274,nan,0.23446929454803467,0.0,0.09070125222206116,1.1975986957550049,13.59615707397461,1.0,0.0,nan,nan,0.0,1.0,0.3528175751368205,0.29466021060943604,2.4505208333333335,0.3528175751368205,0.023044399917125702,0.02246573567390442
84,0.3745940869999913,3.17184,2.8031728267669678,-0.05383218824863434,0.26887083053588867,nan,0.25653916597366333,0.0,0.07941435277462006,1.1439647674560547,12.414360046386719,1.0,0.0,nan,nan,0.0,1.0,0.35284419854482013,0.2921895980834961,2.5494791666666665,0.35284419854482013,0.023013420403003693,0.022294610738754272
85,0.36640166999995927,3.17184,3.043827772140503,0.00402687955647707,0.35473549365997314,nan,0.28063511848449707,0.0,0.06681083142757416,1.0241026878356934,11.213946342468262,1.0,0.0,nan,nan,0.0,1.0,0.3536742130915324,0.29058781266212463,2.6666666666666665,0.3536742130915324,0.022967800498008728,0.022319667041301727
86,0.3719611269999632,3.17184,3.041996955871582,0.07082515954971313,0.35308417677879333,nan,0.2847238779067993,0.0,0.05005139112472534,0.7277497053146362,10.426878929138184,0.0,0.0,nan,nan,0.0,0.0,0.35504217942555744,0.33588650822639465,2.734375,0.35504217942555744,0.022873930633068085,0.02227417379617691
87,0.37982474599999705,3.17184,3.132492780685425,0.11559448391199112,0.3307531774044037,nan,0.2925620675086975,0.0,0.06099031865596771,0.8962060213088989,9.907638549804688,0.0,0.0,nan,nan,0.0,0.0,0.35350151856740314,0.3350667655467987,2.7447916666666665,0.35350151856740314,0.022827953100204468,0.02214958518743515
88,0.37788511999997354,3.17184,3.311034917831421,0.15172311663627625,0.39528805017471313,nan,0.3102060556411743,0.0,0.07502396404743195,1.110002040863037,9.466024398803711,0.0,0.0,nan,nan,0.0,0.0,0.3512733379999797,0.316890686750412,2.703125,0.3512733379999797,0.022757939994335175,0.0219891294836998
89,0.3659816940000269,3.17184,3.5808606147766113,0.1420532763004303,0.4021618664264679,nan,0.33868810534477234,0.0,0.05140255019068718,0.8984454870223999,8.951469421386719,1.0,0.0,nan,nan,0.0,1.0,0.3512227535247803,0.3158576488494873,2.640625,0.3512227535247803,0.022806507845719654,0.021805785596370697
90,0.3723131069999681,3.17184,3.6280195713043213,0.1532617211341858,0.5025643706321716,nan,0.34199976921081543,0.0,0.062145452946424484,1.0275986194610596,8.630240440368652,0.0,0.0,nan,nan,0.0,0.0,0.3499796390533447,0.31567126512527466,2.5989583333333335,0.3499796390533447,0.022655817369620006,0.02160942554473877
91,0.3687471480000113,3.17184,3.7729125022888184,0.1617366075515747,0.4040150046348572,nan,0.35534530878067017,0.0,0.06588732451200485,1.1234843730926514,8.803390502929688,1.0,0.0,nan,nan,0.0,1.0,0.34867127736409503,0.3084578216075897,2.4947916666666665,0.34867127736409503,0.022639229893684387,0.021396934986114502
92,0.3683621399999879,3.17184,3.8701250553131104,0.1552252471446991,0.7264577150344849,nan,0.3682548999786377,0.0,0.051098670810461044,1.0636003017425537,9.141347885131836,0.0,0.0,nan,nan,0.0,0.0,0.34841426213582355,0.29816240072250366,2.6302083333333335,0.34841426213582355,0.022544970115025837,0.021177709102630615
93,0.3678601589999744,3.17184,3.778736114501953,0.13847267627716064,0.5634636282920837,nan,0.3574259281158447,0.0,0.06738997995853424,1.4851754903793335,9.718406677246094,0.0,0.0,nan,nan,0.0,0.0,0.3464272816975911,0.2783646583557129,2.640625,0.3464272816975911,0.02250842998425166,0.020963825285434723
94,0.36965644800000064,3.17184,3.81073260307312,0.1225850060582161,0.5797648429870605,nan,0.3584836423397064,0.0,0.08999752998352051,1.9969255924224854,10.377837181091309,0.0,0.0,nan,nan,0.0,0.0,0.3428862889607747,0.25113585591316223,2.5390625,0.3428862889607747,0.022472530603408813,0.020770732313394547
95,0.3807310469999834,3.17184,4.048355579376221,0.07793854176998138,0.48156222701072693,nan,0.3775556683540344,0.0,0.11449091136455536,2.4129273891448975,11.056890487670898,1.0,0.0,nan,nan,0.0,1.0,0.3384535312652588,0.23602557182312012,2.6302083333333335,0.3384535312652588,0.02249918629725774,0.020688988268375397
96,0.37809350700001687,3.17184,4.324977397918701,0.013056434690952301,0.5187361240386963,nan,0.4081694483757019,0.0,0.09872355312108994,1.9923232793807983,11.272384643554688,0.0,0.0,nan,nan,0.0,0.0,0.3405227263768514,0.2531548738479614,2.6901041666666665,0.3405227263768514,0.02260301758845647,0.020652733743190765
97,0.37368130499999097,3.17184,4.541298866271973,-0.05181703716516495,0.36222606897354126,nan,0.4292287230491638,0.0,0.09588472545146942,1.7215592861175537,11.414912223815918,1.0,0.0,nan,nan,0.0,1.0,0.3410404920578003,0.2492792159318924,2.6015625,0.3410404920578003,0.022708013653755188,0.02065948396921158
98,0.3696191809999618,3.17184,4.531150817871094,-0.07056136429309845,0.42436495423316956,nan,0.433782696723938,0.0,0.04917367547750473,0.9877671003341675,10.904294967651367,1.0,0.0,nan,nan,0.0,1.0,0.3467918634414673,0.25531476736068726,2.4010416666666665,0.3467918634414673,0.02289423594872157,0.020670857280492783
99,0.3666522859999759,3.17184,4.395589828491211,-0.055047400295734406,0.34778860211372375,nan,0.42027419805526733,0.0,0.05201727896928787,1.0067795515060425,10.791277885437012,0.0,0.0,nan,nan,0.0,0.0,0.3458040952682495,0.2770468294620514,2.5416666666666665,0.3458040952682495,0.022854795058568318,0.021007634699344635
100,0.3758634629999733,3.17184,4.477962017059326,-0.03317026048898697,0.4453906714916229,nan,0.42589253187179565,0.0,0.06516960263252258,1.308389663696289,11.215145111083984,0.0,0.0,nan,nan,0.0,0.0,0.3430254062016805,0.24399104714393616,2.53125,0.3430254062016805,0.022914727528889973,0.02084646373987198
101,0.3806279759999711,3.17184,4.6184916496276855,-0.04847691208124161,0.6108309626579285,nan,0.4380350112915039,0.0,0.08025754988193512,1.4375801086425781,11.577682495117188,0.0,0.0,nan,nan,0.0,0.0,0.33990172545115155,0.23193083703517914,2.6067708333333335,0.33990172545115155,0.023025212188561756,0.02079809084534645
102,0.3663541380000197,3.17184,5.474558353424072,-0.03509071469306946,0.6230869293212891,nan,0.5267248749732971,0.0,0.050072383135557175,0.9721118211746216,11.385610580444336,1.0,0.0,nan,nan,0.0,1.0,0.34445492426554364,0.24281485378742218,2.7526041666666665,0.34445492426554364,0.023073082168896992,0.020844902843236923
103,0.37274311999999554,3.17184,5.889219284057617,-0.00972352921962738,0.9871813654899597,nan,0.5679584741592407,0.0,0.05454912781715393,0.9620051383972168,11.368025779724121,0.0,0.0,nan,nan,0.0,0.0,0.3439379135767619,0.30135583877563477,2.7578125,0.3439379135767619,0.023026742041110992,0.02100839465856552
104,0.37102673200001846,3.17184,5.522975921630859,-0.01490542571991682,0.8904173970222473,nan,0.5313052535057068,0.0,0.06397110223770142,1.0586600303649902,11.243650436401367,0.0,0.0,nan,nan,0.0,0.0,0.3433205286661784,0.29160529375076294,2.7083333333333335,0.3433205286661784,0.02301498254140218,0.020871847867965698
105,0.3684958609999853,3.17184,5.052988052368164,-0.01654738187789917,0.7294910550117493,nan,0.4853665232658386,0.0,0.0730411559343338,0.9170364141464233,11.240859985351562,0.0,0.0,nan,nan,0.0,0.0,0.34441204865773517,0.3015965223312378,2.6588541666666665,0.34441204865773517,0.023000625272591908,0.020852461457252502
106,0.3688382249999904,3.17184,4.853558540344238,0.010065303184092045,0.31604427099227905,nan,0.46627312898635864,0.0,0.04911356419324875,0.880506694316864,11.556742668151855,1.0,0.0,nan,nan,0.0,1.0,0.3461623191833496,0.3146416246891022,2.7213541666666665,0.3461623191833496,0.023130548497041065,0.02084387093782425
107,0.375250388999973,3.17184,4.670164108276367,0.018938202410936356,0.4755890667438507,nan,0.4480099678039551,0.0,0.03961852192878723,0.806382417678833,12.516883850097656,0.0,0.0,nan,nan,0.0,0.0,0.3468967278798421,0.33109310269355774,2.9010416666666665,0.3468967278798421,0.023064265648523968,0.022245675325393677
108,0.36940715100001853,3.17184,4.506639003753662,0.030070651322603226,0.7082782983779907,nan,0.42926615476608276,0.0,0.048121385276317596,0.7627468109130859,13.984270095825195,0.0,0.0,nan,nan,0.0,0.0,0.3467188278834025,0.3290351629257202,2.8958333333333335,0.3467188278834025,0.023023006816705067,0.022153444588184357
109,0.37426016799997797,3.17184,4.26306676864624,0.04418576508760452,0.6309117078781128,nan,0.40262600779533386,0.0,0.05827215313911438,0.7740277647972107,15.081062316894531,0.0,0.0,nan,nan,0.0,0.0,0.3454476594924927,0.3207606077194214,2.9479166666666665,0.3454476594924927,0.022993346055348713,0.022059805691242218
110,0.373251195000023,3.17184,4.0674309730529785,0.06115405261516571,0.6179736852645874,nan,0.38115185499191284,0.0,0.07066193222999573,0.8720830678939819,15.801429748535156,0.0,0.0,nan,nan,0.0,0.0,0.3428364197413127,0.30545443296432495,2.8697916666666665,0.3428364197413127,0.02296110987663269,0.02196240797638893
111,0.3737114719999681,3.17184,3.992128610610962,0.07969748973846436,0.8397650122642517,nan,0.3710533082485199,0.0,0.0862153172492981,1.055820107460022,16.3956298828125,0.0,0.0,nan,nan,0.0,0.0,0.33906928698221844,0.2824200391769409,2.9192708333333335,0.33906928698221844,0.022931218147277832,0.02185577154159546
112,0.36977911899998617,3.17184,3.9557690620422363,0.08717791736125946,0.4322569668292999,nan,0.3677884042263031,0.0,0.08444344997406006,1.0443439483642578,16.474231719970703,1.0,0.0,nan,nan,0.0,1.0,0.3375264008839925,0.2677481770515442,2.8541666666666665,0.3375264008839925,0.02298812319835027,0.021798081696033478
113,0.372920162000014,3.17184,4.195738315582275,0.07780006527900696,0.46726611256599426,nan,0.3943288326263428,0.0,0.054405175149440765,0.7014346122741699,15.3117094039917,1.0,0.0,nan,nan,0.0,1.0,0.34013426303863525,0.2871888279914856,2.4401041666666665,0.34013426303863525,0.023002666731675465,0.022251877933740616
114,0.3717789620000076,3.17184,4.307305812835693,0.07227513194084167,0.5424839854240417,nan,0.4078294038772583,0.0,0.043338336050510406,0.4722267985343933,15.090612411499023,0.0,0.0,nan,nan,0.0,0.0,0.3418846130371094,0.32331758737564087,2.4010416666666665,0.3418846130371094,0.02295851707458496,0.022685684263706207
115,0.37237223400001085,3.17184,4.225390911102295,0.06682605296373367,0.49810221791267395,nan,0.39740896224975586,0.0,0.04635249823331833,0.5242514610290527,16.29267120361328,0.0,0.0,nan,nan,0.0,0.0,0.34205810228983563,0.3222595155239105,2.4348958333333335,0.34205810228983563,0.022955089807510376,0.02269390970468521
116,0.3721587359999603,3.17184,4.173984527587891,0.05059930309653282,0.4922645688056946,nan,0.39049458503723145,0.0,0.04889490455389023,0.5567823648452759,17.488346099853516,0.0,0.0,nan,nan,0.0,0.0,0.3411718209584554,0.32004261016845703,2.5208333333333335,0.3411718209584554,0.022951528429985046,0.022669434547424316
117,0.3737533610000128,3.17184,4.115424633026123,0.03172064572572708,0.5207872986793518,nan,0.38342487812042236,0.0,0.05208737775683403,0.5965427160263062,18.79598045349121,0.0,0.0,nan,nan,0.0,0.0,0.33954910437266034,0.3188389837741852,2.7239583333333335,0.33954910437266034,0.022952519357204437,0.022638604044914246
118,0.3752510030000167,3.17184,4.023541450500488,0.011132514104247093,0.6167252063751221,nan,0.37344110012054443,0.0,0.05685906112194061,0.6371092200279236,19.815662384033203,0.0,0.0,nan,nan,0.0,0.0,0.33783050378163654,0.3183613717556,2.7552083333333335,0.33783050378163654,0.02295537789662679,0.02263130247592926
119,0.38014070999997784,3.17184,3.9296419620513916,-0.007207510992884636,0.6351186633110046,nan,0.3628506064414978,0.0,0.06350091099739075,0.6581361889839172,20.16707420349121,0.0,0.0,nan,nan,0.0,0.0,0.3361138900121053,0.3129451870918274,2.84375,0.3361138900121053,0.022971870998541515,0.022632725536823273
120,0.3838527620000036,3.17184,3.888371229171753,-0.012872392311692238,0.3102937936782837,nan,0.3581107556819916,0.0,0.0717824399471283,0.6519271731376648,20.059654235839844,0.0,0.0,nan,nan,0.0,0.0,0.33457426230112713,0.31051692366600037,2.8151041666666665,0.33457426230112713,0.02298816293478012,0.022646546363830566
121,0.38758458999996037,3.17184,3.894810914993286,-0.003891521133482456,0.3443148732185364,nan,0.35804444551467896,0.0,0.08124394714832306,0.6638602614402771,20.103626251220703,0.0,0.0,nan,nan,0.0,0.0,0.33343084653218585,0.31033849716186523,2.9583333333333335,0.33343084653218585,0.022985344131787617,0.022668898105621338
122,0.38795576799998344,3.17184,3.866445541381836,0.008223263546824455,0.7575995326042175,nan,0.3534643054008484,0.0,0.092513307929039,0.6883615255355835,20.507585525512695,0.0,0.0,nan,nan,0.0,0.0,0.33227266867955524,0.308684766292572,2.8958333333333335,0.33227266867955524,0.022973592082659405,0.02266400307416916
123,0.38698859499999116,3.17184,3.793588876724243,0.01738060638308525,0.4926539659500122,nan,0.34477347135543823,0.0,0.1054653748869896,0.7293751239776611,20.98462677001953,0.0,0.0,nan,nan,0.0,0.0,0.3310318390528361,0.305364191532135,2.875,0.3310318390528361,0.022957637906074524,0.022585801780223846
124,0.3885444229999848,3.17184,3.7009193897247314,0.020903468132019043,0.6211932897567749,nan,0.33396539092063904,0.0,0.12061023712158203,0.8209466934204102,21.56268882751465,0.0,0.0,nan,nan,0.0,0.0,0.32984960079193115,0.3011094629764557,2.7838541666666665,0.32984960079193115,0.02293788144985835,0.022495515644550323
125,0.3888721499999974,3.17184,3.6413803100585938,0.02054382860660553,0.617887020111084,nan,0.326366126537323,0.0,0.13889947533607483,1.002256989479065,22.2189998626709,0.0,0.0,nan,nan,0.0,0.0,0.32883258660634357,0.29563096165657043,2.6197916666666665,0.32883258660634357,0.022920618454615276,0.022390753030776978
126,0.38911073700001,3.17184,3.6547563076019287,0.020310914143919945,0.5059741735458374,nan,0.32450205087661743,0.0,0.16136589646339417,1.3054221868515015,23.11992645263672,0.0,0.0,nan,nan,0.0,0.0,0.32790613174438477,0.2876446545124054,2.6458333333333335,0.32790613174438477,0.022911496460437775,0.022274255752563477
127,0.3877097800000229,3.17184,4.003032684326172,-0.01146719790995121,0.3318103551864624,nan,0.35812878608703613,0.0,0.1421867311000824,1.2922801971435547,24.99362564086914,2.0,0.0,nan,nan,0.0,2.0,0.3302467465400696,0.27565494179725647,2.6302083333333335,0.3302467465400696,0.023050410052140553,0.02214881405234337
128,0.3793725979999749,3.17184,4.449582576751709,-0.0395081527531147,0.4324473738670349,nan,0.40668296813964844,0.0,0.10487517714500427,1.093980073928833,24.742393493652344,1.0,0.0,nan,nan,0.0,1.0,0.33536263306935626,0.2678793966770172,2.6614583333333335,0.33536263306935626,0.022985751430193584,0.02201581373810768
129,0.37487959300000284,3.17184,4.635767936706543,-0.05281811207532883,0.4170880615711212,nan,0.4235984683036804,0.0,0.0828055590391159,1.1254377365112305,22.990903854370117,2.0,0.0,nan,nan,0.0,2.0,0.34152154127756756,0.27273279428482056,2.6328125,0.34152154127756756,0.023021936416625977,0.02191832661628723
130,0.362899796000022,3.17184,5.094341278076172,-0.08164787292480469,0.8116633296012878,nan,0.4756651818752289,0.0,0.023989466950297356,0.5681702494621277,26.521833419799805,0.0,0.0,nan,nan,0.0,0.0,0.34903430938720703,0.3137589991092682,2.7109375,0.34903430938720703,0.023047544062137604,0.022676363587379456
131,0.3631477619999828,3.17184,4.881227016448975,-0.08120229840278625,0.7619578242301941,nan,0.4554045796394348,0.0,0.02338414452970028,0.6590639352798462,25.68878746032715,0.0,0.0,nan,nan,0.0,0.0,0.35057568550109863,0.315544068813324,2.734375,0.35057568550109863,0.023030797640482586,0.02259153127670288
132,0.3660081350000155,3.17184,4.77510929107666,-0.06489662081003189,0.5364093780517578,nan,0.44596219062805176,0.0,0.022805994376540184,0.749753475189209,24.553375244140625,0.0,0.0,nan,nan,0.0,0.0,0.3500463565190633,0.31680503487586975,2.671875,0.3500463565190633,0.02303145080804825,0.022630542516708374
133,0.36542517500004124,3.17184,4.6692423820495605,-0.040943898260593414,0.5559353828430176,nan,0.43783968687057495,0.0,0.022890236228704453,0.7924350500106812,21.958873748779297,0.0,0.0,nan,nan,0.0,0.0,0.348278005917867,0.3173679709434509,2.9817708333333335,0.348278005917867,0.023041459421316784,0.02245328575372696
134,0.3666137310000295,3.17184,4.4771037101745605,0.0015415027737617493,0.40931299328804016,nan,0.4205722510814667,0.0,0.02413100376725197,0.7648625373840332,19.835182189941406,0.0,0.0,nan,nan,0.0,0.0,0.3470152219136556,0.3179527223110199,3.0520833333333335,0.3470152219136556,0.023010127246379852,0.02246878296136856
135,0.3655120369999736,3.17184,4.366164684295654,0.05794038996100426,0.4032660722732544,nan,0.4101276993751526,0.0,0.026228364557027817,0.6562992930412292,18.441829681396484,0.0,0.0,nan,nan,0.0,0.0,0.3473546504974365,0.31973615288734436,3.0364583333333335,0.3473546504974365,0.022993552188078564,0.022449515759944916
136,0.36656763700000283,3.17184,4.35046911239624,0.11770720779895782,0.6335301995277405,nan,0.40809592604637146,0.0,0.029165929183363914,0.6311856508255005,17.881656646728516,0.0,0.0,nan,nan,0.0,0.0,0.34886829058329266,0.32266995310783386,3.09375,0.34886829058329266,0.02295863131682078,0.02229750156402588
137,0.3668956660000049,3.17184,4.407019138336182,0.16638541221618652,0.7978945970535278,nan,0.41323336958885193,0.0,0.03333202749490738,0.7090498805046082,17.953960418701172,0.0,0.0,nan,nan,0.0,0.0,0.3508541186650594,0.32623180747032166,3.078125,0.3508541186650594,0.022907286882400513,0.022142522037029266
138,0.3666817090000336,3.17184,4.457927703857422,0.19626322388648987,0.8044193387031555,nan,0.4175489544868469,0.0,0.0390571765601635,0.741655707359314,18.54543685913086,0.0,0.0,nan,nan,0.0,0.0,0.35250409444173175,0.3297159969806671,3.1119791666666665,0.35250409444173175,0.022845104336738586,0.0219966322183609
139,0.3722293590000163,3.17184,4.438712120056152,0.21012069284915924,0.6687747240066528,nan,0.4142245054244995,0.0,0.04536881670355797,0.7055443525314331,19.51592254638672,0.0,0.0,nan,nan,0.0,0.0,0.3530844449996948,0.32615119218826294,2.9973958333333335,0.3530844449996948,0.022780393560727436,0.021862365305423737
140,0.3749698749999766,3.17184,4.356003761291504,0.21205629408359528,0.5582479238510132,nan,0.4031875729560852,0.0,0.052699070423841476,0.8285626769065857,21.260162353515625,0.0,0.0,nan,nan,0.0,0.0,0.3522273302078247,0.3034628629684448,2.9036458333333335,0.3522273302078247,0.02271743615468343,0.02172255516052246
141,0.3758979689999933,3.17184,4.181327819824219,0.20407751202583313,0.552035927772522,nan,0.3820508122444153,0.0,0.06352175772190094,1.0890145301818848,23.194610595703125,0.0,0.0,nan,nan,0.0,0.0,0.3503054777781169,0.2768327295780182,2.8723958333333335,0.3503054777781169,0.022657205661137898,0.021576113998889923
142,0.3702577329999599,3.17184,3.925950288772583,0.147123321890831,0.26458513736724854,nan,0.3563176393508911,0.0,0.03623766079545021,0.8135303258895874,24.559036254882812,1.0,0.0,nan,nan,0.0,1.0,0.35306310653686523,0.2755989730358124,2.8229166666666665,0.35306310653686523,0.022750072181224823,0.02154659479856491
143,0.3812179529999753,3.17184,3.666311264038086,0.1169004738330841,0.3784412443637848,nan,0.32935982942581177,0.0,0.042932070791721344,1.1239161491394043,25.227458953857422,0.0,0.0,nan,nan,0.0,0.0,0.35253477096557617,0.25020521879196167,2.8307291666666665,0.35253477096557617,0.02265743911266327,0.02140544354915619
144,0.36207185900002514,3.17184,3.515206813812256,0.039519667625427246,0.4167079031467438,nan,0.3184603452682495,0.0,0.010986648499965668,0.6415549516677856,25.284894943237305,1.0,0.0,nan,nan,0.0,1.0,0.3578519821166992,0.24879372119903564,2.8098958333333335,0.3578519821166992,0.02279159923394521,0.021399985998868942
145,0.36478166000000556,3.17184,3.2889645099639893,0.0011069746688008308,0.5090993046760559,nan,0.298358291387558,0.0,0.01077935378998518,0.6478185057640076,24.032939910888672,0.0,0.0,nan,nan,0.0,0.0,0.35830314954121906,0.32595211267471313,2.7526041666666665,0.35830314954121906,0.022730727990468342,0.021759629249572754
146,0.36751484699999537,3.17184,3.1361961364746094,-0.02528195083141327,0.5205659866333008,nan,0.2849968671798706,0.0,0.01284019835293293,0.672805666923523,22.18319320678711,0.0,0.0,nan,nan,0.0,0.0,0.3579037586847941,0.3239718973636627,2.9296875,0.3579037586847941,0.0227403591076533,0.021680839359760284
147,0.3671393710000075,3.17184,3.0079853534698486,-0.03853335231542587,0.4296340346336365,nan,0.2727816104888916,0.0,0.01565994694828987,0.6944403052330017,20.723854064941406,0.0,0.0,nan,nan,0.0,0.0,0.35677099227905273,0.31996041536331177,3.1536458333333335,0.35677099227905273,0.02274717887242635,0.02158922702074051
148,0.36766830499999514,3.17184,2.869110345840454,-0.036172278225421906,0.4567340612411499,nan,0.25914788246154785,0.0,0.019602615386247635,0.7000138759613037,19.39612579345703,0.0,0.0,nan,nan,0.0,0.0,0.35532987117767334,0.3147103786468506,3.328125,0.35532987117767334,0.02275269478559494,0.021486744284629822
149,0.37232840600000827,3.17184,2.6832945346832275,-0.017272809520363808,0.3441852331161499,nan,0.24093489348888397,0.0,0.02488855831325054,0.7173155546188354,18.344057083129883,0.0,0.0,nan,nan,0.0,0.0,0.3536277214686076,0.30802619457244873,3.2734375,0.3536277214686076,0.02275353918472926,0.02137771248817444
150,0.37145985099999734,3.17184,2.4977169036865234,0.015810811892151833,0.21441227197647095,nan,0.22319231927394867,0.0,0.03180243819952011,0.7644312381744385,17.275142669677734,0.0,0.0,nan,nan,0.0,0.0,0.35150615374247235,0.2964390814304352,2.9817708333333335,0.35150615374247235,0.02274750421444575,0.021267607808113098
151,0.37132443199999443,3.17184,2.370373487472534,0.05943676456809044,0.14282046258449554,nan,0.21143075823783875,0.0,0.04098910093307495,0.9030675888061523,16.165983200073242,0.0,0.0,nan,nan,0.0,0.0,0.34899600346883136,0.28098928928375244,2.9479166666666665,0.34899600346883136,0.02273448556661606,0.021156813949346542
152,0.37564842000000453,3.17184,2.3488929271698,0.10901490598917007,0.29712215065956116,nan,0.20858606696128845,0.0,0.05342844873666763,1.1881308555603027,15.38325023651123,0.0,0.0,nan,nan,0.0,0.0,0.34609758853912354,0.2600265145301819,2.9192708333333335,0.34609758853912354,0.022712111473083496,0.021050401031970978
153,0.3805416619999846,3.17184,2.4486701488494873,0.15719127655029297,0.5006848573684692,nan,0.21612690389156342,0.0,0.07018931210041046,1.7802804708480835,15.346980094909668,0.0,0.0,nan,nan,0.0,0.0,0.3425714572270711,0.23129543662071228,2.8697916666666665,0.3425714572270711,0.0227022518714269,0.020958732813596725
154,0.3836793199999988,3.17184,3.1127820014953613,0.12708744406700134,0.40489330887794495,nan,0.28309136629104614,0.0,0.05639483779668808,1.2581185102462769,15.703851699829102,1.0,0.0,nan,nan,0.0,1.0,0.34482189019521076,0.2191353738307953,2.9036458333333335,0.34482189019521076,0.022994115948677063,0.02094016969203949
155,0.36529437600000847,3.17184,3.079327344894409,0.09972326457500458,0.4750659167766571,nan,0.2849014103412628,0.0,0.01649080030620098,0.6857556104660034,14.976234436035156,1.0,0.0,nan,nan,0.0,1.0,0.3532363971074422,0.22363603115081787,3.0260416666666665,0.3532363971074422,0.022995124260584515,0.02238999307155609
156,0.3657986979999919,3.17184,2.910722017288208,0.10806119441986084,0.7421759963035583,nan,0.2705894708633423,0.0,0.006507348269224167,0.5725855231285095,14.373239517211914,0.0,0.0,nan,nan,0.0,0.0,0.35612467924753827,0.33575916290283203,2.953125,0.35612467924753827,0.02285199115673701,0.02231965959072113
157,0.368429970999955,3.17184,2.8551747798919678,0.10718220472335815,0.5969340205192566,nan,0.26525193452835083,0.0,0.007181345485150814,0.6118725538253784,14.567111015319824,0.0,0.0,nan,nan,0.0,0.0,0.3564542929331462,0.33575862646102905,2.9557291666666665,0.3564542929331462,0.022822620968023937,0.02226123958826065
158,0.3665992850000066,3.17184,2.7425765991210938,0.0909893736243248,0.34593114256858826,nan,0.25369223952293396,0.0,0.008346489630639553,0.6273447275161743,15.18696117401123,0.0,0.0,nan,nan,0.0,0.0,0.3555252154668172,0.3357585668563843,2.9635416666666665,0.3555252154668172,0.022797971963882446,0.022217653691768646
159,0.36766049700003123,3.17184,2.609689950942993,0.06185970827937126,0.19803550839424133,nan,0.2388487458229065,0.0,0.010562929324805737,0.6764683723449707,16.43305015563965,0.0,0.0,nan,nan,0.0,0.0,0.35411306222279865,0.33575814962387085,2.890625,0.35411306222279865,0.022786885499954224,0.0221639946103096
160,0.36609157499998446,3.17184,2.5296475887298584,0.02961021661758423,0.22947561740875244,nan,0.2292221486568451,0.0,0.013899561017751694,0.7111949920654297,17.94101905822754,0.0,0.0,nan,nan,0.0,0.0,0.3530011574427287,0.3357580602169037,2.7161458333333335,0.3530011574427287,0.022774880131085713,0.022129841148853302
161,0.36417973100003564,3.17184,2.5133512020111084,-0.0015046549960970879,0.3297687768936157,nan,0.22577469050884247,0.0,0.018167700618505478,0.7346240282058716,19.581806182861328,0.0,0.0,nan,nan,0.0,0.0,0.3523879051208496,0.33575814962387085,2.734375,0.3523879051208496,0.0227644145488739,0.022111468017101288
162,0.3691203089999817,3.17184,2.5850119590759277,-0.026527881622314453,0.3594142496585846,nan,0.23119857907295227,0.0,0.02314203977584839,0.7268719673156738,20.98134994506836,0.0,0.0,nan,nan,0.0,0.0,0.35199280579884845,0.3357580006122589,2.7708333333333335,0.35199280579884845,0.022759102284908295,0.02210051566362381
163,0.3678290189999984,3.17184,2.693572998046875,-0.04292351007461548,0.3716106116771698,nan,0.2411942183971405,0.0,0.02807767316699028,0.6764041185379028,21.96454429626465,0.0,0.0,nan,nan,0.0,0.0,0.3516658941904704,0.3357580304145813,2.8359375,0.3516658941904704,0.02276072899500529,0.022085927426815033
164,0.36678656000003684,3.17184,2.8430352210998535,-0.049197718501091,0.3700818121433258,nan,0.25585708022117615,0.0,0.03209372237324715,0.6339319348335266,22.378934860229492,0.0,0.0,nan,nan,0.0,0.0,0.3514554500579834,0.33575761318206787,2.75,0.3514554500579834,0.02276723583539327,0.022054649889469147
165,0.3668396479999956,3.17184,2.9977426528930664,-0.044991783797740936,0.3556038439273834,nan,0.27079683542251587,0.0,0.03440003842115402,0.6536454558372498,22.5417537689209,0.0,0.0,nan,nan,0.0,0.0,0.351410706837972,0.3357574939727783,2.671875,0.351410706837972,0.02277560035387675,0.02199351042509079
166,0.3671036210000125,3.17184,3.1388113498687744,-0.031753458082675934,0.2741110026836395,nan,0.2844722270965576,0.0,0.03470514714717865,0.6966258883476257,22.249813079833984,0.0,0.0,nan,nan,0.0,0.0,0.35150404771169025,0.33377110958099365,2.7786458333333335,0.35150404771169025,0.022781918446222942,0.021902963519096375
167,0.36651224700000284,3.17184,3.2566134929656982,-0.012291724793612957,0.19563747942447662,nan,0.29615849256515503,0.0,0.03341324254870415,0.7583475112915039,21.675573348999023,0.0,0.0,nan,nan,0.0,0.0,0.35163382689158124,0.32883670926094055,2.859375,0.35163382689158124,0.022788422803084057,0.021817952394485474
168,0.36759651199997734,3.17184,3.366898775100708,0.016260018572211266,0.18588480353355408,nan,0.3074612617492676,0.0,0.031444236636161804,0.8660582304000854,20.99805450439453,0.0,0.0,nan,nan,0.0,0.0,0.3515608310699463,0.32617709040641785,2.9713541666666665,0.3515608310699463,0.022795590261618297,0.02173728495836258
169,0.3656646669999759,3.17184,3.516711711883545,0.048749059438705444,0.2744084298610687,nan,0.32351377606391907,0.0,0.029487228021025658,0.8036226034164429,20.16109848022461,0.0,0.0,nan,nan,0.0,0.0,0.35152002175649005,0.3230668902397156,3.1067708333333335,0.35152002175649005,0.022782983879248302,0.021652325987815857
170,0.36743623500001377,3.17184,3.6662559509277344,0.07657340914011002,0.3793599307537079,nan,0.33967041969299316,0.0,0.02847328782081604,0.8491605520248413,19.298248291015625,0.0,0.0,nan,nan,0.0,0.0,0.3514835039774577,0.3179760277271271,3.1328125,0.3514835039774577,0.022767131527264912,0.02157149463891983
171,0.3735138160000133,3.17184,3.7730393409729004,0.0988280177116394,0.4109034836292267,nan,0.3502357006072998,0.0,0.029757320880889893,0.877455472946167,18.92837142944336,0.0,0.0,nan,nan,0.0,0.0,0.3512109120686849,0.31047821044921875,3.0703125,0.3512109120686849,0.022744551301002502,0.02148997038602829
172,0.37561268900003597,3.17184,3.803614854812622,0.11573254317045212,0.5015972256660461,nan,0.35213956236839294,0.0,0.034062184393405914,0.9638821482658386,19.028900146484375,0.0,0.0,nan,nan,0.0,0.0,0.35025397936503094,0.2999647259712219,2.9921875,0.35025397936503094,0.02271965891122818,0.021373137831687927
173,0.37657906100002947,3.17184,3.727825164794922,0.125014066696167,0.5346806049346924,nan,0.3433602750301361,0.0,0.0419657900929451,1.1195844411849976,19.475923538208008,0.0,0.0,nan,nan,0.0,0.0,0.3485669692357381,0.2860264778137207,3.0,0.3485669692357381,0.022682517766952515,0.021274447441101074
174,0.375532168999996,3.17184,3.548753023147583,0.12936946749687195,0.3559857904911041,nan,0.32340624928474426,0.0,0.05388469621539116,1.282451868057251,20.10433578491211,0.0,0.0,nan,nan,0.0,0.0,0.3465753396352132,0.26771968603134155,2.9088541666666665,0.3465753396352132,0.022644882400830586,0.02117139846086502
175,0.37601619700001265,3.17184,3.415167808532715,0.12903042137622833,0.27387478947639465,nan,0.30762895941734314,0.0,0.06932433694601059,1.5053761005401611,20.81783676147461,0.0,0.0,nan,nan,0.0,0.0,0.34407877922058105,0.24330689013004303,2.8697916666666665,0.34407877922058105,0.02261668195327123,0.021052543073892593
176,0.3912501420000467,3.17184,3.249307632446289,0.09941959381103516,0.2224818766117096,nan,0.2896598279476166,0.0,0.08787912130355835,1.7357195615768433,21.186752319335938,0.0,0.0,nan,nan,0.0,0.0,0.3408631881078084,0.2267981320619583,2.9088541666666665,0.3408631881078084,0.022734269499778748,0.020959248766303062
177,0.36908439100000123,3.17184,3.7138304710388184,0.00792398490011692,0.17825978994369507,nan,0.3425754904747009,0.0,0.030915401875972748,0.6842295527458191,20.24738121032715,2.0,0.0,nan,nan,0.0,2.0,0.3511848449707031,0.23018474876880646,2.8854166666666665,0.3511848449707031,0.023024501899878185,0.021469846367836
178,0.3684293050000065,3.17184,3.46870493888855,-0.005378390662372112,0.3513129949569702,nan,0.3224029541015625,0.0,0.016521548852324486,0.6790833473205566,18.723478317260742,0.0,0.0,nan,nan,0.0,0.0,0.35397597153981525,0.3181484341621399,2.9765625,0.35397597153981525,0.02282563845316569,0.021430663764476776
179,0.3719977849999623,3.17184,3.250079870223999,-0.016681503504514694,0.37337568402290344,nan,0.3003382086753845,0.0,0.021526917815208435,0.8287906050682068,18.278610229492188,0.0,0.0,nan,nan,0.0,0.0,0.3529839913050334,0.3134424388408661,2.8255208333333335,0.3529839913050334,0.022821602722009022,0.0213155597448349
180,0.3709221550000166,3.17184,3.1832973957061768,-0.026450254023075104,0.4228663146495819,nan,0.2927916347980499,0.0,0.02845039591193199,1.0744378566741943,17.901290893554688,0.0,0.0,nan,nan,0.0,0.0,0.35056400299072266,0.30542418360710144,2.7708333333333335,0.35056400299072266,0.022828916708628338,0.021199926733970642
181,0.3727812640000252,3.17184,3.23425030708313,-0.03258875012397766,0.41986533999443054,nan,0.29704150557518005,0.0,0.037784308195114136,1.2303853034973145,17.629369735717773,0.0,0.0,nan,nan,0.0,0.0,0.34748387336730957,0.29256850481033325,2.8515625,0.34748387336730957,0.022815018892288208,0.021077312529087067
182,0.37440286300000025,3.17184,3.3451592922210693,-0.026004021987318993,0.41691941022872925,nan,0.306842565536499,0.0,0.04871850460767746,1.2643511295318604,17.859418869018555,0.0,0.0,nan,nan,0.0,0.0,0.3445013761520386,0.27276360988616943,2.5911458333333335,0.3445013761520386,0.022778804103533428,0.020934414118528366
183,0.3776986720000082,3.17184,3.3338816165924072,-0.048145078122615814,0.37383899092674255,nan,0.3053528070449829,0.0,0.05950382351875305,1.1699764728546143,17.479900360107422,0.0,0.0,nan,nan,0.0,0.0,0.3422561486562093,0.26739975810050964,2.7630208333333335,0.3422561486562093,0.022774115204811096,0.02088085189461708
184,0.3671608140000444,3.17184,3.2967369556427,-0.03721906617283821,0.271310031414032,nan,0.30457258224487305,0.0,0.02332787588238716,0.7395409345626831,17.667217254638672,1.0,0.0,nan,nan,0.0,1.0,0.3455447753270467,0.2754741609096527,2.9192708333333335,0.3455447753270467,0.022953050831953686,0.020879853516817093
185,0.36587542399996664,3.17184,3.341989755630493,-0.015294504351913929,0.38761523365974426,nan,0.30965477228164673,0.0,0.020806754007935524,0.6887121200561523,17.47193717956543,0.0,0.0,nan,nan,0.0,0.0,0.345970352490743,0.3115997016429901,3.0755208333333335,0.345970352490743,0.02291618784268697,0.022019103169441223
186,0.36740883900000654,3.17184,3.4045915603637695,0.01427721418440342,0.44202613830566406,nan,0.3154223561286926,0.0,0.025335457175970078,0.7973801493644714,17.087947845458984,0.0,0.0,nan,nan,0.0,0.0,0.3458791971206665,0.3054884374141693,3.0390625,0.3458791971206665,0.02291130522886912,0.021885469555854797
187,0.37007916800001794,3.17184,3.3966422080993652,0.04958443343639374,0.4372764825820923,nan,0.31404972076416016,0.0,0.031219683587551117,0.8457596302032471,17.22985076904297,0.0,0.0,nan,nan,0.0,0.0,0.3450304667154948,0.2987116575241089,3.0911458333333335,0.3450304667154948,0.02289608120918274,0.02178887277841568
188,0.3786395020000555,3.17184,3.3633575439453125,0.07982046902179718,0.4298914670944214,nan,0.30989378690719604,0.0,0.038968250155448914,0.9187499284744263,17.411319732666016,0.0,0.0,nan,nan,0.0,0.0,0.3440860112508138,0.29109206795692444,2.984375,0.3440860112508138,0.022880154351393383,0.021706178784370422
189,0.4045420209999975,3.17184,3.3316810131073,0.10451659560203552,0.4362400472164154,nan,0.3062138557434082,0.0,0.049176715314388275,1.06645929813385,17.330848693847656,0.0,0.0,nan,nan,0.0,0.0,0.3434898853302002,0.2818046808242798,2.84375,0.3434898853302002,0.022847806413968403,0.021548643708229065
190,0.385778442000003,3.17184,3.2866504192352295,0.12813304364681244,0.4615568518638611,nan,0.3010728061199188,0.0,0.06237339228391647,1.258378505706787,17.162769317626953,0.0,0.0,nan,nan,0.0,0.0,0.3429687023162842,0.2689138650894165,2.7421875,0.3429687023162842,0.022815411289532978,0.021384473890066147
191,0.38252426700000797,3.17184,3.3632004261016846,0.14744272828102112,0.4460330903530121,nan,0.30155181884765625,0.0,0.07658778131008148,1.5629976987838745,17.32815170288086,1.0,0.0,nan,nan,0.0,1.0,0.341951847076416,0.2499435544013977,2.9895833333333335,0.341951847076416,0.02279504140218099,0.02123361825942993
192,0.3692367630000035,3.17184,3.6226165294647217,0.10478236526250839,0.32014989852905273,nan,0.3381057381629944,0.0,0.027774035930633545,0.896104097366333,16.27664566040039,1.0,0.0,nan,nan,0.0,1.0,0.35029057661692303,0.23724180459976196,3.1145833333333335,0.35029057661692303,0.02302061766386032,0.021226555109024048
193,0.36571135100001584,3.17184,3.4695773124694824,0.09817834198474884,0.5992624759674072,nan,0.32395216822624207,0.0,0.007871868088841438,0.5664980411529541,17.002965927124023,0.0,0.0,nan,nan,0.0,0.0,0.3551299571990967,0.33573347330093384,3.3307291666666665,0.3551299571990967,0.022937593360741932,0.022266380488872528
194,0.36857451299999866,3.17184,3.363560438156128,0.08801781386137009,0.5469131469726562,nan,0.3120979070663452,0.0,0.007262503262609243,0.583956241607666,18.384061813354492,0.0,0.0,nan,nan,0.0,0.0,0.3569807211558024,0.33573296666145325,3.265625,0.3569807211558024,0.02289739002784093,0.022265613079071045
195,0.3672009929999831,3.17184,3.2573883533477783,0.06197965890169144,0.40456414222717285,nan,0.29983192682266235,0.0,0.006704376544803381,0.5924444198608398,20.147525787353516,0.0,0.0,nan,nan,0.0,0.0,0.3584013779958089,0.33573251962661743,2.9635416666666665,0.3584013779958089,0.0228709081808726,0.022273391485214233
196,0.36697507100001303,3.17184,3.1826446056365967,0.03598529100418091,0.2964763045310974,nan,0.2910419702529907,0.0,0.006213895045220852,0.5647544860839844,21.72991180419922,0.0,0.0,nan,nan,0.0,0.0,0.3588777383168538,0.33573201298713684,2.7369791666666665,0.3588777383168538,0.022862176100413006,0.022290349006652832
197,0.36767386299999316,3.17184,3.17545223236084,0.012427186593413353,0.2901533246040344,nan,0.289064884185791,0.0,0.005814303644001484,0.5811962485313416,22.707500457763672,0.0,0.0,nan,nan,0.0,0.0,0.35859354337056476,0.3357304632663727,2.9817708333333335,0.35859354337056476,0.02286435415347417,0.022293634712696075
198,0.3669398229999956,3.17184,3.2037229537963867,-0.0034156451001763344,0.3356481194496155,nan,0.2913442552089691,0.0,0.0056817177683115005,0.6152671575546265,22.910144805908203,0.0,0.0,nan,nan,0.0,0.0,0.35763005415598553,0.33572739362716675,3.1979166666666665,0.35763005415598553,0.02286612739165624,0.022260576486587524
199,0.3664462610000214,3.17184,3.230266571044922,-0.014823357574641705,0.37360259890556335,nan,0.29468241333961487,0.0,0.0061715818010270596,0.6059439778327942,22.40425682067871,0.0,0.0,nan,nan,0.0,0.0,0.3561747868855794,0.33400022983551025,3.2864583333333335,0.3561747868855794,0.022870272397994995,0.022175244987010956
200,0.37951257600002464,3.17184,3.1978840827941895,-0.022115033119916916,0.4068532884120941,nan,0.2922520637512207,0.0,0.007471834775060415,0.5652118921279907,21.36102867126465,0.0,0.0,nan,nan,0.0,0.0,0.3550724188486735,0.32603922486305237,3.234375,0.3550724188486735,0.022874794900417328,0.022076740860939026
201,0.3679613639999957,3.17184,3.1115105152130127,-0.01885954476892948,0.43693265318870544,nan,0.28496620059013367,0.0,0.009182445704936981,0.5906488299369812,19.999235153198242,0.0,0.0,nan,nan,0.0,0.0,0.3543066183725993,0.31791016459465027,3.1015625,0.3543066183725993,0.022872711221377056,0.02195391058921814
202,0.36869676999998546,3.17184,3.011038064956665,-0.0039130207151174545,0.4118940830230713,nan,0.27686017751693726,0.0,0.011387074366211891,0.640190839767456,18.070777893066406,0.0,0.0,nan,nan,0.0,0.0,0.3531397183736165,0.31052035093307495,3.1276041666666665,0.3531397183736165,0.02286779632170995,0.02180427312850952
203,0.3681686959999979,3.17184,2.866119146347046,0.018833445385098457,0.3207680881023407,nan,0.26435258984565735,0.0,0.01404995284974575,0.6348563432693481,16.07278823852539,0.0,0.0,nan,nan,0.0,0.0,0.35148072242736816,0.3037075996398926,2.96875,0.35148072242736816,0.022862161199251812,0.02163413166999817
204,0.3751553650000119,3.17184,2.726300001144409,0.048154767602682114,0.2320346087217331,nan,0.25119301676750183,0.0,0.01679813861846924,0.6173797845840454,14.571456909179688,0.0,0.0,nan,nan,0.0,0.0,0.34950025876363117,0.2961592972278595,2.9869791666666665,0.34950025876363117,0.022847702105840046,0.021451584994792938
205,0.372990241000025,3.17184,2.6584160327911377,0.07711198925971985,0.2736766040325165,nan,0.2452668398618698,0.0,0.020078759640455246,0.6689244508743286,13.419376373291016,0.0,0.0,nan,nan,0.0,0.0,0.347306489944458,0.28547000885009766,3.0911458333333335,0.347306489944458,0.022833454112211864,0.021265804767608643
206,0.37165663499996526,3.17184,2.6694562435150146,0.10144311934709549,0.4227731227874756,nan,0.24544458091259003,0.0,0.024794137105345726,0.8298141956329346,13.041130065917969,0.0,0.0,nan,nan,0.0,0.0,0.3452283541361491,0.269405335187912,3.2265625,0.3452283541361491,0.022805027663707733,0.021091278642416
207,0.37480438299996877,3.17184,2.686514377593994,0.1147480383515358,0.4900975823402405,nan,0.24591299891471863,0.0,0.03162297606468201,1.1338272094726562,13.518880844116211,0.0,0.0,nan,nan,0.0,0.0,0.3431315024693807,0.24628928303718567,3.25,0.3431315024693807,0.02277430643637975,0.0209355428814888
208,0.38278316899999254,3.17184,2.762784957885742,0.11065681278705597,0.49932077527046204,nan,0.2517814338207245,0.0,0.04107990860939026,1.4132908582687378,14.27466106414795,0.0,0.0,nan,nan,0.0,0.0,0.34072864055633545,0.22252435982227325,3.1927083333333335,0.34072864055633545,0.02279549092054367,0.02082838863134384
209,0.3830893690000039,3.17184,3.0461463928222656,0.0679185539484024,0.43686187267303467,nan,0.2789510190486908,0.0,0.049065571278333664,1.123787760734558,15.211193084716797,0.0,0.0,nan,nan,0.0,0.0,0.33985169728597003,0.22554492950439453,2.9375,0.33985169728597003,0.02282373607158661,0.020826777443289757
210,0.37816042800000105,3.17184,2.7917191982269287,0.055871494114398956,0.24271635711193085,nan,0.2551495432853699,0.0,0.01686706952750683,0.9716389179229736,16.615041732788086,1.0,0.0,nan,nan,0.0,1.0,0.3453380266825358,0.23657363653182983,2.9114583333333335,0.3453380266825358,0.022878808279832203,0.02082453854382038
211,0.3672526090000474,3.17184,2.628997802734375,0.035339489579200745,0.24470554292201996,nan,0.2388504147529602,0.0,0.011518972925841808,0.9863709211349487,17.464122772216797,0.0,0.0,nan,nan,0.0,0.0,0.34640546639760333,0.3184046745300293,2.7578125,0.34640546639760333,0.022827061514059704,0.021635740995407104
212,0.3687733689999959,3.17184,2.622058391571045,0.015297593548893929,0.1960308998823166,nan,0.2368023842573166,0.0,0.01459716260433197,1.0919132232666016,18.729637145996094,0.0,0.0,nan,nan,0.0,0.0,0.3461211125055949,0.317660391330719,2.8046875,0.3461211125055949,0.02281446009874344,0.021539606153964996
213,0.3697981570000479,3.17184,2.6637697219848633,-0.010456738993525505,0.16006094217300415,nan,0.2383512556552887,0.0,0.019788287580013275,1.3340286016464233,20.673603057861328,0.0,0.0,nan,nan,0.0,0.0,0.34554795424143475,0.31765660643577576,2.984375,0.34554795424143475,0.02280709644158681,0.021440573036670685
214,0.37023848500001577,3.17184,2.7616171836853027,-0.03947698697447777,0.24074402451515198,nan,0.24655970931053162,0.0,0.02861848473548889,1.5252513885498047,21.99237632751465,0.0,0.0,nan,nan,0.0,0.0,0.34579328695933026,0.3189588487148285,3.0625,0.34579328695933026,0.02280857414007187,0.021323449909687042
215,0.3687666750000176,3.17184,2.946526527404785,-0.05552341789007187,0.28342312574386597,nan,0.2637399435043335,0.0,0.04153851047158241,1.6504027843475342,22.699234008789062,0.0,0.0,nan,nan,0.0,0.0,0.3469990094502767,0.32326799631118774,2.8333333333333335,0.3469990094502767,0.02281384418408076,0.0212293341755867
216,0.3783975270000042,3.17184,3.145430088043213,-0.04870637506246567,0.2816388010978699,nan,0.2819840610027313,0.0,0.0574713759124279,1.6619724035263062,22.7879638671875,0.0,0.0,nan,nan,0.0,0.0,0.3476953903834025,0.3288514018058777,2.9869791666666665,0.3476953903834025,0.02282037337621053,0.021153323352336884
217,0.3778225730000031,3.17184,3.433452606201172,-0.034382522106170654,0.2612054646015167,nan,0.30871331691741943,0.0,0.06171631067991257,1.3264174461364746,22.486204147338867,1.0,0.0,nan,nan,0.0,1.0,0.3470768928527832,0.3325602114200592,2.8359375,0.3470768928527832,0.02290888379017512,0.02111148089170456
218,0.37556289600001946,3.17184,3.686082601547241,-0.035295456647872925,0.3227139115333557,nan,0.3379363417625427,0.0,0.04255145788192749,0.9255248308181763,22.522735595703125,0.0,0.0,nan,nan,0.0,0.0,0.34592803319295246,0.33080989122390747,2.9557291666666665,0.34592803319295246,0.022928123672803242,0.021207734942436218
219,0.3736214770000288,3.17184,3.7071831226348877,-0.0110880546271801,0.25770819187164307,nan,0.3413987159729004,0.0,0.0487389974296093,1.101549506187439,21.42170524597168,0.0,0.0,nan,nan,0.0,0.0,0.3452477852503459,0.3236514627933502,2.9921875,0.3452477852503459,0.02292318393786748,0.021044950932264328
220,0.3756319940000026,3.17184,3.769153594970703,0.014833696186542511,0.22585007548332214,nan,0.34744328260421753,0.0,0.056582700461149216,1.357503890991211,20.445350646972656,0.0,0.0,nan,nan,0.0,0.0,0.34325818220774335,0.30558061599731445,3.09375,0.34325818220774335,0.022940725088119507,0.02089840918779373
221,0.3784196870000187,3.17184,3.933022975921631,0.008558040484786034,0.165066197514534,nan,0.36580467224121094,0.0,0.03398874029517174,0.9884154200553894,19.466466903686523,1.0,0.0,nan,nan,0.0,1.0,0.3427582581837972,0.2952828109264374,3.1171875,0.3427582581837972,0.023075948158899944,0.020849019289016724
222,0.37248031000001447,3.17184,3.7981138229370117,0.0006956141442060471,0.19998502731323242,nan,0.3546062409877777,0.0,0.017883460968732834,0.7570554614067078,18.78679084777832,0.0,0.0,nan,nan,0.0,0.0,0.34335259596506756,0.32765641808509827,3.1484375,0.34335259596506756,0.023063085973262787,0.022764727473258972
223,0.3691736659999947,3.17184,3.675081729888916,0.011771025136113167,0.29647892713546753,nan,0.34300312399864197,0.0,0.0197253730148077,0.8792551755905151,17.924863815307617,0.0,0.0,nan,nan,0.0,0.0,0.34341275691986084,0.32802796363830566,3.03125,0.34341275691986084,0.023061225811640423,0.022729866206645966
224,0.369380590999981,3.17184,3.590579032897949,0.018488744273781776,0.39850279688835144,nan,0.33507460355758667,0.0,0.02183944545686245,0.8508970141410828,17.60150909423828,0.0,0.0,nan,nan,0.0,0.0,0.3429559866587321,0.32880061864852905,3.0963541666666665,0.3429559866587321,0.023044198751449585,0.022640138864517212
225,0.36876796600000716,3.17184,3.4697489738464355,0.01637747511267662,0.46919193863868713,nan,0.32274681329727173,0.0,0.024232786148786545,0.7283434867858887,17.954008102416992,0.0,0.0,nan,nan,0.0,0.0,0.3422425587972005,0.3295894265174866,3.0234375,0.3422425587972005,0.023033730685710907,0.022542394697666168
226,0.3692325150000215,3.17184,3.311661720275879,0.005853267386555672,0.5317386388778687,nan,0.3061431050300598,0.0,0.026714671403169632,0.6976990103721619,18.61916732788086,0.0,0.0,nan,nan,0.0,0.0,0.3418898582458496,0.3309219777584076,2.9583333333333335,0.3418898582458496,0.02302604168653488,0.022441141307353973
227,0.36851960000001327,3.17184,3.243539810180664,-0.004064235836267471,0.42011845111846924,nan,0.2982792258262634,0.0,0.029239997267723083,0.768092155456543,19.470190048217773,0.0,0.0,nan,nan,0.0,0.0,0.3420673608779907,0.331214964389801,2.9010416666666665,0.3420673608779907,0.023026215533415478,0.022344283759593964
228,0.36990877700003466,3.17184,3.2940399646759033,-0.0125287976115942,0.32994014024734497,nan,0.30144327878952026,0.0,0.03215234726667404,0.8029100298881531,20.645002365112305,0.0,0.0,nan,nan,0.0,0.0,0.34294629096984863,0.3326677978038788,2.890625,0.34294629096984863,0.02302148441473643,0.022326424717903137
229,0.382516728999974,3.17184,3.4475314617156982,-0.016196072101593018,0.24676479399204254,nan,0.31600409746170044,0.0,0.036082152277231216,0.7440733909606934,21.999881744384766,0.0,0.0,nan,nan,0.0,0.0,0.3446098168690999,0.3330574631690979,2.8932291666666665,0.3446098168690999,0.023014103372891743,0.02225746214389801
230,0.38231892400000334,3.17184,3.6974878311157227,-0.013252772390842438,0.21061304211616516,nan,0.33962005376815796,0.0,0.040689170360565186,0.7158827781677246,23.68343734741211,0.0,0.0,nan,nan,0.0,0.0,0.34657494227091473,0.33407241106033325,2.7630208333333335,0.34657494227091473,0.023003384470939636,0.02214348316192627
231,0.37791996099997505,3.17184,3.9613900184631348,-0.008877825923264027,0.20692038536071777,nan,0.3639400005340576,0.0,0.04541067034006119,0.7942402362823486,25.56580352783203,0.0,0.0,nan,nan,0.0,0.0,0.3480139176050822,0.335537850856781,2.6875,0.3480139176050822,0.022991227606932323,0.022050462663173676
232,0.3795430650000071,3.17184,4.253722667694092,-0.006847463548183441,0.22372592985630035,nan,0.39044052362442017,0.0,0.051217734813690186,1.0928815603256226,27.355175018310547,0.0,0.0,nan,nan,0.0,0.0,0.3485883076985677,0.33569926023483276,2.7291666666666665,0.3485883076985677,0.022988341748714447,0.021986696869134903
233,0.37274931100000686,3.17184,4.515626907348633,-0.006307041272521019,0.28102439641952515,nan,0.41552481055259705,0.0,0.04478459805250168,1.091600775718689,28.56661033630371,1.0,0.0,nan,nan,0.0,1.0,0.3487057685852051,0.32464122772216797,2.8098958333333335,0.3487057685852051,0.023035441835721333,0.021954499185085297
234,0.3767627020000077,3.17184,4.625688552856445,-0.015218870714306831,0.3877332806587219,nan,0.42880091071128845,0.0,0.019132278859615326,0.7460445165634155,28.056198120117188,0.0,0.0,nan,nan,0.0,0.0,0.3499092658360799,0.33114883303642273,2.953125,0.3499092658360799,0.02301893134911855,0.022687099874019623
235,0.3715191549999872,3.17184,4.712843894958496,-0.02630046382546425,0.39746037125587463,nan,0.4379976689815521,0.0,0.017601102590560913,0.6690400838851929,27.3785457611084,0.0,0.0,nan,nan,0.0,0.0,0.3506890932718913,0.3289743959903717,2.8828125,0.3506890932718913,0.023027872045834858,0.022688880562782288
236,0.3723787140000354,3.17184,4.710026264190674,-0.037079304456710815,0.32716071605682373,nan,0.4390437602996826,0.0,0.01640736684203148,0.677396297454834,26.082809448242188,0.0,0.0,nan,nan,0.0,0.0,0.3511112928390503,0.3293207287788391,2.8411458333333335,0.3511112928390503,0.02303174138069153,0.022715747356414795
237,0.37329767800002855,3.17184,4.5248823165893555,-0.04332854598760605,0.25923025608062744,nan,0.4223182201385498,0.0,0.015241297893226147,0.749319314956665,24.541297912597656,0.0,0.0,nan,nan,0.0,0.0,0.35078612963358563,0.3302258849143982,2.9244791666666665,0.35078612963358563,0.023040619989236195,0.02276208996772766
238,0.37614765699999,3.17184,4.205636501312256,-0.047484882175922394,0.2791873812675476,nan,0.3922731876373291,0.0,0.01417221873998642,0.851224422454834,22.633275985717773,0.0,0.0,nan,nan,0.0,0.0,0.3492889404296875,0.32845836877822876,2.8411458333333335,0.3492889404296875,0.02304518719514211,0.022792614996433258
239,0.37218130699994845,3.17184,3.8164281845092773,-0.05226926878094673,0.22149300575256348,nan,0.3550437390804291,0.0,0.014074612408876419,0.8123552799224854,20.687084197998047,0.0,0.0,nan,nan,0.0,0.0,0.3470481236775716,0.3271176517009735,2.8385416666666665,0.3470481236775716,0.023054227232933044,0.022768497467041016
240,0.371851998000011,3.17184,3.497380256652832,-0.05169618874788284,0.18882474303245544,nan,0.3246549665927887,0.0,0.014881700277328491,0.8179503679275513,19.157468795776367,0.0,0.0,nan,nan,0.0,0.0,0.34547940889994305,0.32421866059303284,2.7630208333333335,0.34547940889994305,0.023067481815814972,0.022768013179302216
241,0.374565304999976,3.17184,3.3416037559509277,-0.037902526557445526,0.13456636667251587,nan,0.31051477789878845,0.0,0.015828058123588562,0.9609888792037964,17.448213577270508,0.0,0.0,nan,nan,0.0,0.0,0.34422771135965985,0.3195556402206421,2.9609375,0.34422771135965985,0.023080145319302876,0.022779591381549835
242,0.3772719890000076,3.17184,3.307408332824707,-0.016135696321725845,0.22272995114326477,nan,0.30829018354415894,0.0,0.017624106258153915,0.9213050603866577,15.96137809753418,0.0,0.0,nan,nan,0.0,0.0,0.3429347276687622,0.31454983353614807,2.9427083333333335,0.3429347276687622,0.02307265003522237,0.02277352660894394
243,0.3799581160000116,3.17184,3.2962567806243896,0.005851298104971647,0.3330928087234497,nan,0.30837711691856384,0.0,0.020078081637620926,0.7971824407577515,15.115018844604492,0.0,0.0,nan,nan,0.0,0.0,0.3417428731918335,0.31087419390678406,2.7708333333333335,0.3417428731918335,0.02305899312098821,0.022723540663719177
244,0.37999041300003,3.17184,3.3535218238830566,0.024966444820165634,0.373859703540802,nan,0.31400859355926514,0.0,0.022274084389209747,0.7545236349105835,15.302245140075684,0.0,0.0,nan,nan,0.0,0.0,0.34045906861623126,0.31001853942871094,2.65625,0.34045906861623126,0.02304108440876007,0.02267175167798996
245,0.38275255499996774,3.17184,3.375593900680542,0.027814775705337524,0.3509359061717987,nan,0.3152739405632019,0.0,0.023835062980651855,0.7717611193656921,15.850051879882812,0.0,0.0,nan,nan,0.0,0.0,0.3394438823064168,0.31027477979660034,2.84375,0.3394438823064168,0.02301473667224248,0.022623643279075623
246,0.3772679830000243,3.17184,3.320463180541992,0.017654268071055412,0.34148353338241577,nan,0.30894970893859863,0.0,0.0255846306681633,0.7917910814285278,16.48780632019043,0.0,0.0,nan,nan,0.0,0.0,0.33929967880249023,0.3135955035686493,3.0078125,0.33929967880249023,0.022984743118286133,0.02259710431098938
247,0.3720043409999789,3.17184,3.230966329574585,0.004918579012155533,0.30717766284942627,nan,0.29884451627731323,0.0,0.028171544894576073,0.6573565006256104,17.490039825439453,0.0,0.0,nan,nan,0.0,0.0,0.339630921681722,0.31560707092285156,3.0572916666666665,0.339630921681722,0.02296825001637141,0.022593654692173004
248,0.3683529270000463,3.17184,3.149243116378784,-0.011020936071872711,0.20756202936172485,nan,0.2890516221523285,0.0,0.030767444521188736,0.5825455188751221,19.074743270874023,0.0,0.0,nan,nan,0.0,0.0,0.34022525946299237,0.31395673751831055,2.703125,0.34022525946299237,0.022961273789405823,0.02259671688079834
249,0.36850591699999313,3.17184,3.1260664463043213,-0.02689555287361145,0.15551434457302094,nan,0.2848187983036041,0.0,0.032357096672058105,0.6567081809043884,20.697044372558594,0.0,0.0,nan,nan,0.0,0.0,0.3408822218577067,0.3139878511428833,2.453125,0.3408822218577067,0.022976132730642956,0.02261143922805786
250,0.36926548799999637,3.17184,3.1429994106292725,-0.041934750974178314,0.1996881067752838,nan,0.28547102212905884,0.0,0.033245354890823364,0.7039973139762878,21.744794845581055,0.0,0.0,nan,nan,0.0,0.0,0.34141186873118085,0.31557217240333557,2.4140625,0.34141186873118085,0.022984392940998077,0.02261991798877716
251,0.37124742700001434,3.17184,3.2143912315368652,-0.06411945074796677,0.17993219196796417,nan,0.2911415994167328,0.0,0.0332154780626297,0.7806707620620728,23.331863403320312,0.0,0.0,nan,nan,0.0,0.0,0.3414212067921956,0.31768670678138733,2.4296875,0.3414212067921956,0.02300421893596649,0.0226379856467247
252,0.36934020399996825,3.17184,3.3166894912719727,-0.09043483436107635,0.2583450973033905,nan,0.29910653829574585,0.0,0.032025761902332306,0.9135577082633972,25.330249786376953,0.0,0.0,nan,nan,0.0,0.0,0.3410916328430176,0.3193269371986389,2.4140625,0.3410916328430176,0.02302365005016327,0.02263617515563965
253,0.36958476500001325,3.17184,3.47830867767334,-0.11159206926822662,0.34850412607192993,nan,0.3140936493873596,0.0,0.030334120616316795,0.9206681251525879,26.50476837158203,0.0,0.0,nan,nan,0.0,0.0,0.34088297684987384,0.3220210373401642,2.7239583333333335,0.34088297684987384,0.023039298752943676,0.022650040686130524
254,0.37202807699998175,3.17184,3.70438551902771,-0.1184442937374115,0.31760111451148987,nan,0.3364841938018799,0.0,0.028908178210258484,0.8305543661117554,26.741214752197266,0.0,0.0,nan,nan,0.0,0.0,0.3414372205734253,0.3255404829978943,2.8229166666666665,0.3414372205734253,0.023053740461667378,0.02270498126745224
255,0.370064970000044,3.17184,3.9769341945648193,-0.10564666241407394,0.34653690457344055,nan,0.3644973635673523,0.0,0.027898456901311874,0.7957079410552979,25.984642028808594,0.0,0.0,nan,nan,0.0,0.0,0.34220004081726074,0.3251088857650757,2.7838541666666665,0.34220004081726074,0.023083500564098358,0.022789254784584045
256,0.3724870629999941,3.17184,4.157421588897705,-0.08816540986299515,0.2973161041736603,nan,0.38477128744125366,0.0,0.02777937613427639,0.6919430494308472,24.266698837280273,0.0,0.0,nan,nan,0.0,0.0,0.34272491931915283,0.32511648535728455,2.8203125,0.34272491931915283,0.02306429296731949,0.02275453507900238
257,0.3719151799999736,3.17184,4.197729110717773,-0.07378800958395004,0.2603291869163513,nan,0.3908931612968445,0.0,0.028139596804976463,0.683631420135498,22.51361083984375,0.0,0.0,nan,nan,0.0,0.0,0.34314318497975665,0.3253031075000763,2.8515625,0.34314318497975665,0.023070054749647777,0.022716596722602844
258,0.3698820999999839,3.17184,4.104130744934082,-0.06408423185348511,0.239789217710495,nan,0.3830288350582123,0.0,0.027717728167772293,0.6689907908439636,20.8946475982666,0.0,0.0,nan,nan,0.0,0.0,0.3430384000142415,0.3204389810562134,2.9114583333333335,0.3430384000142415,0.023077495396137238,0.022713452577590942
259,0.37456626499999857,3.17184,3.9072399139404297,-0.05866631492972374,0.23429131507873535,nan,0.3648655414581299,0.0,0.026313092559576035,0.6983062028884888,19.119232177734375,0.0,0.0,nan,nan,0.0,0.0,0.3420095443725586,0.31962141394615173,2.9322916666666665,0.3420095443725586,0.023094380895296734,0.022907309234142303
260,0.3751257369999621,3.17184,3.6418347358703613,-0.0584733784198761,0.13930518925189972,nan,0.33976924419403076,0.0,0.025182513520121574,0.6327747106552124,17.27564811706543,0.0,0.0,nan,nan,0.0,0.0,0.34036771456400555,0.31948351860046387,2.7864583333333335,0.34036771456400555,0.023101804157098133,0.02291761338710785
261,0.3783193599999777,3.17184,3.4756805896759033,-0.05235885828733444,0.15274429321289062,nan,0.3242378532886505,0.0,0.02431119978427887,0.6177074909210205,16.301687240600586,0.0,0.0,nan,nan,0.0,0.0,0.33831532796223956,0.3194695711135864,2.8489583333333335,0.33831532796223956,0.023112418750921886,0.022922776639461517
262,0.37686035299998366,3.17184,3.3667705059051514,-0.04206041991710663,0.22237074375152588,nan,0.31406962871551514,0.0,0.023676611483097076,0.6322309970855713,15.410234451293945,0.0,0.0,nan,nan,0.0,0.0,0.3363182544708252,0.31813180446624756,2.9583333333333335,0.3363182544708252,0.02309291313091914,0.022912941873073578
263,0.37517734200002906,3.17184,3.218393564224243,-0.037018079310655594,0.2838022708892822,nan,0.3000168204307556,0.0,0.024140946567058563,0.7053905725479126,14.54366683959961,0.0,0.0,nan,nan,0.0,0.0,0.33530859152475995,0.3196685314178467,3.0338541666666665,0.33530859152475995,0.023083120584487915,0.022706955671310425
264,0.37518557700002475,3.17184,3.118978261947632,-0.030023617669939995,0.415323942899704,nan,0.2899303734302521,0.0,0.025510815903544426,0.7426554560661316,14.733894348144531,0.0,0.0,nan,nan,0.0,0.0,0.3350056012471517,0.3159034848213196,2.8984375,0.3350056012471517,0.023078252871831257,0.022678911685943604
265,0.37738309099995604,3.17184,3.0887539386749268,-0.02745736390352249,0.3626480996608734,nan,0.2856576442718506,0.0,0.026770396158099174,0.8529050350189209,15.927436828613281,0.0,0.0,nan,nan,0.0,0.0,0.33488357067108154,0.31234800815582275,2.8072916666666665,0.33488357067108154,0.02307662119468053,0.022667087614536285
266,0.3796741410000095,3.17184,3.076864719390869,-0.032728418707847595,0.2316613644361496,nan,0.2833251357078552,0.0,0.02768583409488201,0.9762004613876343,17.044912338256836,0.0,0.0,nan,nan,0.0,0.0,0.33493061860402423,0.31186559796333313,2.8645833333333335,0.33493061860402423,0.023052575687567394,0.022668100893497467
267,0.37806773599999133,3.17184,3.1448161602020264,-0.033967532217502594,0.22946906089782715,nan,0.28895843029022217,0.0,0.029057925567030907,1.0990843772888184,17.77633285522461,0.0,0.0,nan,nan,0.0,0.0,0.3353561560312907,0.3114129602909088,3.0260416666666665,0.3353561560312907,0.023026250302791595,0.022691980004310608
268,0.3743537899999865,3.17184,3.167767286300659,-0.04193750023841858,0.15508222579956055,nan,0.2905287444591522,0.0,0.031951144337654114,1.0449726581573486,18.145978927612305,0.0,0.0,nan,nan,0.0,0.0,0.3359514872233073,0.3092835247516632,2.8958333333333335,0.3359514872233073,0.02299850434064865,0.022687993943691254
269,0.38115668500000766,3.17184,3.1420915126800537,-0.054643724113702774,0.16000652313232422,nan,0.2879287600517273,0.0,0.03560939058661461,0.8826755285263062,18.46451759338379,0.0,0.0,nan,nan,0.0,0.0,0.33638779322306317,0.3080088496208191,2.5442708333333335,0.33638779322306317,0.0229885329802831,0.022642508149147034
270,0.3771694289999914,3.17184,3.125812292098999,-0.06742820143699646,0.14544281363487244,nan,0.2858531177043915,0.0,0.03860881179571152,0.7589284777641296,18.881650924682617,0.0,0.0,nan,nan,0.0,0.0,0.336669127146403,0.3072829842567444,2.6119791666666665,0.336669127146403,0.022988294561704,0.022595375776290894
271,0.3747968889999811,3.17184,3.027541399002075,-0.08609530329704285,0.13495197892189026,nan,0.27515265345573425,0.0,0.0398901142179966,0.6635761260986328,19.283111572265625,0.0,0.0,nan,nan,0.0,0.0,0.33618934949239093,0.30694401264190674,2.5963541666666665,0.33618934949239093,0.023022852838039398,0.02256140112876892
272,0.3787153559999865,3.17184,2.9156534671783447,-0.10979515314102173,0.25562044978141785,nan,0.2632363438606262,0.0,0.04020831733942032,0.7204179763793945,20.10105323791504,0.0,0.0,nan,nan,0.0,0.0,0.3350803454717,0.30682551860809326,2.7109375,0.3350803454717,0.02304864674806595,0.022559262812137604
273,0.37967123800001445,3.17184,2.802717685699463,-0.13304255902767181,0.21111905574798584,nan,0.25076496601104736,0.0,0.04096473380923271,0.7993402481079102,20.849958419799805,0.0,0.0,nan,nan,0.0,0.0,0.33381255467732746,0.30661800503730774,2.5911458333333335,0.33381255467732746,0.023074616988499958,0.022586137056350708
274,0.3810894090000261,3.17184,2.7604005336761475,-0.15084758400917053,0.2081112563610077,nan,0.2454799860715866,0.0,0.04270042106509209,0.8144955635070801,21.450439453125,0.0,0.0,nan,nan,0.0,0.0,0.33253101507822674,0.306409627199173,2.5989583333333335,0.33253101507822674,0.02311684439579646,0.022655107080936432
275,0.3849890470000332,3.17184,2.7495131492614746,-0.15664048492908478,0.2610361874103546,nan,0.2438698261976242,0.0,0.04523804783821106,0.7425786256790161,21.583354949951172,0.0,0.0,nan,nan,0.0,0.0,0.3317938446998596,0.3060281574726105,2.7682291666666665,0.3317938446998596,0.023113355040550232,0.022716738283634186
276,0.3828852350000034,3.17184,2.7134971618652344,-0.15000787377357483,0.18262460827827454,nan,0.24044346809387207,0.0,0.04862578213214874,0.8564864993095398,21.18682289123535,0.0,0.0,nan,nan,0.0,0.0,0.3316406011581421,0.3042721450328827,2.5989583333333335,0.3316406011581421,0.023135979970296223,0.022740252315998077
277,0.3828602849999925,3.17184,2.724076509475708,-0.13551625609397888,0.171563059091568,nan,0.24158203601837158,0.0,0.05218740552663803,1.052161693572998,20.820430755615234,0.0,0.0,nan,nan,0.0,0.0,0.330523153146108,0.3007945716381073,2.5651041666666665,0.330523153146108,0.023178925116856892,0.022746741771697998
278,0.3846621189999837,3.17184,2.7620022296905518,-0.12860919535160065,0.2054472714662552,nan,0.24517586827278137,0.0,0.055679090321063995,1.1470656394958496,20.638349533081055,0.0,0.0,nan,nan,0.0,0.0,0.3280401825904846,0.29643869400024414,2.6770833333333335,0.3280401825904846,0.02314725269873937,0.022760234773159027
279,0.39146893999998156,3.17184,2.7166337966918945,-0.13280071318149567,0.3107662498950958,nan,0.24165299534797668,0.0,0.0604521743953228,1.188150405883789,19.64105987548828,0.0,0.0,nan,nan,0.0,0.0,0.3257569471995036,0.2913857400417328,2.7708333333333335,0.3257569471995036,0.023153819143772125,0.022768788039684296
280,0.39544877600002337,3.17184,2.6528303623199463,-0.1334645301103592,0.22860147058963776,nan,0.23527967929840088,0.0,0.06569500267505646,1.1263401508331299,18.93333625793457,0.0,0.0,nan,nan,0.0,0.0,0.3241858283678691,0.28550347685813904,2.8619791666666665,0.3241858283678691,0.023206812640031178,0.0227825790643692
281,0.39561694799999714,3.17184,2.6323506832122803,-0.12383013218641281,0.2360478937625885,nan,0.23315167427062988,0.0,0.07133938372135162,0.9396659731864929,18.07636070251465,0.0,0.0,nan,nan,0.0,0.0,0.32319408655166626,0.28221020102500916,2.765625,0.32319408655166626,0.02319412926832835,0.022813424468040466
282,0.39485419599998295,3.17184,2.5771443843841553,-0.11013520509004593,0.2373380959033966,nan,0.22833725810050964,0.0,0.07763572037220001,0.8747563362121582,17.193111419677734,0.0,0.0,nan,nan,0.0,0.0,0.32342477639516193,0.2812230885028839,2.7057291666666665,0.32342477639516193,0.023230324188868206,0.022849343717098236
283,0.3949366400000258,3.17184,2.5921337604522705,-0.09294027090072632,0.19719237089157104,nan,0.2305118292570114,0.0,0.08482003211975098,0.8867530822753906,16.70538330078125,0.0,0.0,nan,nan,0.0,0.0,0.32467782497406006,0.2812126576900482,2.6588541666666665,0.32467782497406006,0.02324054390192032,0.022883005440235138
284,0.3920247059999724,3.17184,2.720716953277588,-0.0733422338962555,0.25553399324417114,nan,0.24270963668823242,0.0,0.09350153058767319,0.9481226801872253,16.483701705932617,0.0,0.0,nan,nan,0.0,0.0,0.32587478558222455,0.28264251351356506,2.6145833333333335,0.32587478558222455,0.023228044311205547,0.02281685173511505
285,0.38803381600001785,3.17184,2.8644087314605713,-0.054427988827228546,0.2287229746580124,nan,0.2565375864505768,0.0,0.10523408651351929,1.1232774257659912,16.834482192993164,0.0,0.0,nan,nan,0.0,0.0,0.32686376571655273,0.28624677658081055,2.7109375,0.32686376571655273,0.023224716385205586,0.022836342453956604
286,0.3868651639999712,3.17184,2.823647975921631,-0.048249583691358566,0.23350058495998383,nan,0.2549593150615692,0.0,0.08069698512554169,0.9918855428695679,15.965978622436523,1.0,0.0,nan,nan,0.0,1.0,0.3317842086156209,0.2874772548675537,2.7447916666666665,0.3317842086156209,0.02326388657093048,0.022894233465194702
287,0.3958610259999773,3.17184,2.755730152130127,-0.05416329205036163,0.2904922068119049,nan,0.24874906241893768,0.0,0.09152588248252869,1.159277319908142,15.297358512878418,0.0,0.0,nan,nan,0.0,0.0,0.333024263381958,0.3014388084411621,2.6145833333333335,0.333024263381958,0.023154228925704956,0.022918321192264557
288,0.3951570469999979,3.17184,2.8015639781951904,-0.05791754275560379,0.30064380168914795,nan,0.2523280382156372,0.0,0.10586836189031601,1.2211501598358154,15.267036437988281,0.0,0.0,nan,nan,0.0,0.0,0.3339252471923828,0.3037545084953308,2.546875,0.3339252471923828,0.02314397692680359,0.022862523794174194
289,0.38834467800000994,3.17184,2.850630521774292,-0.05736340954899788,0.24787133932113647,nan,0.2576465308666229,0.0,0.09074549376964569,0.9403326511383057,14.780035018920898,1.0,0.0,nan,nan,0.0,1.0,0.3362295627593994,0.30887681245803833,2.40625,0.3362295627593994,0.02318653215964635,0.022828154265880585
290,0.39820532099997763,3.17184,2.7235260009765625,-0.06732901185750961,0.2940782904624939,nan,0.24601849913597107,0.0,0.09149067848920822,0.8345472812652588,14.700729370117188,0.0,0.0,nan,nan,0.0,0.0,0.3378019730250041,0.3070034086704254,2.3984375,0.3378019730250041,0.02311759442090988,0.02282761037349701
291,0.39646297600000935,3.17184,2.700037956237793,-0.07753488421440125,0.2438698559999466,nan,0.2417147159576416,0.0,0.10250924527645111,1.0492740869522095,15.08233642578125,0.0,0.0,nan,nan,0.0,0.0,0.33856987953186035,0.302685022354126,2.453125,0.33856987953186035,0.023146651685237885,0.02285056561231613
292,0.39678667999999107,3.17184,2.78715443611145,-0.08262871205806732,0.29266107082366943,nan,0.24968598783016205,0.0,0.11499498784542084,1.524012565612793,15.950704574584961,0.0,0.0,nan,nan,0.0,0.0,0.33850069840749103,0.30172964930534363,2.578125,0.33850069840749103,0.023168240984280903,0.022827092558145523
293,0.38863791699998274,3.17184,3.5208616256713867,-0.08831232041120529,0.28369683027267456,nan,0.32264816761016846,0.0,0.08989366888999939,1.508728265762329,17.72267723083496,1.0,0.0,nan,nan,0.0,1.0,0.34074608484903973,0.3020556569099426,2.5677083333333335,0.34074608484903973,0.023213726778825123,0.02272464707493782
294,0.3879944840000462,3.17184,3.5684821605682373,-0.09606776386499405,0.2534314692020416,nan,0.3266548812389374,0.0,0.0905597060918808,1.4100288152694702,18.357276916503906,1.0,0.0,nan,nan,0.0,1.0,0.3427859942118327,0.30406859517097473,2.40625,0.3427859942118327,0.02320945014556249,0.02262825146317482
295,0.38396144799997955,3.17184,3.62947678565979,-0.09027068316936493,0.24932284653186798,nan,0.3355252146720886,0.0,0.06682103127241135,1.0431040525436401,17.367122650146484,1.0,0.0,nan,nan,0.0,1.0,0.3446483612060547,0.29935431480407715,2.4036458333333335,0.3446483612060547,0.023135314385096233,0.022837840020656586
296,0.3765334099999791,3.17184,3.8824479579925537,-0.06719162315130234,0.32943195104599,nan,0.3638007640838623,0.0,0.03308037668466568,0.9484168887138367,16.606700897216797,0.0,0.0,nan,nan,0.0,0.0,0.3466753164927165,0.3205849230289459,2.5208333333333335,0.3466753164927165,0.02311418205499649,0.022325225174427032
297,0.3756880920000185,3.17184,3.631136417388916,-0.05289082229137421,0.2570849657058716,nan,0.33938154578208923,0.0,0.03339610993862152,1.069467306137085,15.500353813171387,0.0,0.0,nan,nan,0.0,0.0,0.3448195854822795,0.3205934762954712,2.5807291666666665,0.3448195854822795,0.02305957426627477,0.022304393351078033
298,0.3771246469999596,3.17184,3.4414494037628174,-0.04393503814935684,0.4010726809501648,nan,0.32048583030700684,0.0,0.03480566665530205,1.272057056427002,14.969831466674805,0.0,0.0,nan,nan,0.0,0.0,0.34335633118947345,0.3219428062438965,2.6458333333333335,0.34335633118947345,0.023057932655016582,0.022289298474788666
299,0.3809223060000022,3.17184,3.2195498943328857,-0.038079533725976944,0.2393510341644287,nan,0.2980212867259979,0.0,0.03699434548616409,1.234017252922058,14.80548095703125,0.0,0.0,nan,nan,0.0,0.0,0.341228445370992,0.3179708421230316,2.6328125,0.341228445370992,0.023050300776958466,0.022123262286186218
300,0.3854114430000095,3.17184,3.0605242252349854,-0.030682334676384926,0.24806690216064453,nan,0.2821894884109497,0.0,0.04053041338920593,1.0559425354003906,14.821403503417969,0.0,0.0,nan,nan,0.0,0.0,0.338263471921285,0.3134656846523285,2.8151041666666665,0.338263471921285,0.023020215332508087,0.02200073003768921
301,0.3864456140000243,3.17184,3.012263059616089,-0.025989824905991554,0.26473143696784973,nan,0.27692314982414246,0.0,0.04545827955007553,0.9663049578666687,14.680051803588867,0.0,0.0,nan,nan,0.0,0.0,0.3357497453689575,0.30087435245513916,2.7083333333333335,0.3357497453689575,0.02299436678489049,0.02189459651708603
302,0.3876780019999728,3.17184,2.9343745708465576,-0.028687648475170135,0.3828086853027344,nan,0.2681201994419098,0.0,0.05182751268148422,0.8920568227767944,14.970556259155273,0.0,0.0,nan,nan,0.0,0.0,0.3341436783472697,0.2987132966518402,2.5338541666666665,0.3341436783472697,0.02300983915726344,0.021795496344566345
303,0.39027800499997056,3.17184,2.934354066848755,-0.029023464769124985,0.3823590874671936,nan,0.26548272371292114,0.0,0.0579298660159111,0.8513425588607788,16.604454040527344,0.0,0.0,nan,nan,0.0,0.0,0.33267345031102497,0.29923272132873535,2.4791666666666665,0.33267345031102497,0.02297288676102956,0.021685123443603516
304,0.39108510500000193,3.17184,2.9563045501708984,-0.03199576213955879,0.3818744421005249,nan,0.26551443338394165,0.0,0.06493134796619415,0.9010722041130066,18.38981056213379,0.0,0.0,nan,nan,0.0,0.0,0.3313549558321635,0.29727792739868164,2.5807291666666665,0.3313549558321635,0.022944765786329906,0.02156638354063034
305,0.39196951799999624,3.17184,3.0194122791290283,-0.03199482709169388,0.26528364419937134,nan,0.26895660161972046,0.0,0.07479390501976013,1.0353217124938965,20.294475555419922,0.0,0.0,nan,nan,0.0,0.0,0.33049410581588745,0.2903468906879425,2.3645833333333335,0.33049410581588745,0.022928362091382343,0.02145128697156906
306,0.3945787110000083,3.17184,3.084209680557251,-0.027375709265470505,0.23020480573177338,nan,0.2728823721408844,0.0,0.08725710958242416,1.1993539333343506,21.711910247802734,0.0,0.0,nan,nan,0.0,0.0,0.32948031028111774,0.2838844656944275,2.4140625,0.32948031028111774,0.022935529549916584,0.021351441740989685
307,0.3889386519999789,3.17184,3.234257936477661,-0.01444270834326744,0.23880577087402344,nan,0.28518664836883545,0.0,0.10209274291992188,1.4080451726913452,23.202529907226562,0.0,0.0,nan,nan,0.0,0.0,0.3278982837994893,0.27687302231788635,2.3098958333333335,0.3278982837994893,0.023552745580673218,0.021272309124469757
308,0.39004131600000846,3.17184,3.3159239292144775,-0.003843022044748068,0.24103009700775146,nan,0.29069259762763977,0.0,0.11908861249685287,1.6594266891479492,24.71078109741211,0.0,0.0,nan,nan,0.0,0.0,0.3257058262825012,0.2685040235519409,2.2526041666666665,0.3257058262825012,0.023995280265808105,0.02111082524061203
309,0.39280740500004185,3.17184,3.27949857711792,0.010883931070566177,0.24770872294902802,nan,0.28714606165885925,0.0,0.11402627825737,1.6070210933685303,23.630279541015625,1.0,0.0,nan,nan,0.0,1.0,0.3259820143381755,0.2580333948135376,2.4270833333333335,0.3259820143381755,0.023332548638184864,0.020873360335826874
310,0.3901216540000405,3.17184,3.4564127922058105,-0.025659918785095215,0.3307757079601288,nan,0.30780136585235596,0.0,0.11453841626644135,1.2339959144592285,21.784744262695312,0.0,0.0,nan,nan,0.0,0.0,0.32828420400619507,0.254909485578537,2.421875,0.32828420400619507,0.02282794068257014,0.020753994584083557
311,0.38226691900001697,3.17184,3.0518107414245605,-0.05789921432733536,0.3048432171344757,nan,0.27154213190078735,0.0,0.09048482030630112,1.2609418630599976,20.435867309570312,1.0,0.0,nan,nan,0.0,1.0,0.33278799057006836,0.2703418433666229,2.390625,0.33278799057006836,0.022863134741783142,0.02073574811220169
312,0.3847396159999903,3.17184,2.721926212310791,-0.038615014404058456,0.22664999961853027,nan,0.23849141597747803,0.0,0.09703980386257172,1.2510777711868286,20.30569076538086,0.0,0.0,nan,nan,0.0,0.0,0.33391809463500977,0.2765984833240509,2.203125,0.33391809463500977,0.022797301411628723,0.02071879804134369
313,0.3830929499999911,3.17184,2.808581590652466,-0.04122511297464371,0.18615052103996277,nan,0.24631977081298828,0.0,0.10877495259046555,1.2130091190338135,19.975780487060547,0.0,0.0,nan,nan,0.0,0.0,0.33264074722925824,0.2758364975452423,2.1588541666666665,0.33264074722925824,0.02282670885324478,0.020749147981405258
314,0.3898668659999771,3.17184,2.639094352722168,-0.04022783786058426,0.21110646426677704,nan,0.22914080321788788,0.0,0.12115170061588287,1.5014795064926147,18.96269416809082,0.0,0.0,nan,nan,0.0,0.0,0.33011408646901447,0.2666388750076294,2.4114583333333335,0.33011408646901447,0.0227753942211469,0.020751405507326126
315,0.38947491999999784,3.17184,2.7106642723083496,-0.043419331312179565,0.1703459471464157,nan,0.23899009823799133,0.0,0.09497877210378647,1.2137089967727661,18.052640914916992,2.0,0.0,nan,nan,0.0,2.0,0.3325812617937724,0.2572437822818756,2.3723958333333335,0.3325812617937724,0.02295806258916855,0.020768478512763977
316,0.3787207170000215,3.17184,2.6469826698303223,-0.03720647096633911,0.2632865309715271,nan,0.23836098611354828,0.0,0.05237215384840965,0.784245491027832,17.195594787597656,0.0,0.0,nan,nan,0.0,0.0,0.3376150925954183,0.306801438331604,2.265625,0.3376150925954183,0.02295561631520589,0.022341594099998474
317,0.3772870829999988,3.17184,2.617323637008667,-0.02023015171289444,0.23857136070728302,nan,0.23418264091014862,0.0,0.05499425157904625,1.2068638801574707,17.025917053222656,0.0,0.0,nan,nan,0.0,0.0,0.33648653825124103,0.30791032314300537,2.1979166666666665,0.33648653825124103,0.022912328441937763,0.022151663899421692
318,0.3772337730000004,3.17184,2.6116905212402344,-0.007498317398130894,0.19633622467517853,nan,0.23287329077720642,0.0,0.05853884667158127,1.3875155448913574,16.760988235473633,0.0,0.0,nan,nan,0.0,0.0,0.3344457546869914,0.3054528534412384,2.4296875,0.3344457546869914,0.02288919687271118,0.0221586674451828
319,0.37926558499998464,3.17184,2.625574827194214,-0.0019666366279125214,0.19534701108932495,nan,0.23452816903591156,0.0,0.06459774076938629,1.3066937923431396,16.259418487548828,0.0,0.0,nan,nan,0.0,0.0,0.33217718203862506,0.29940974712371826,2.5,0.33217718203862506,0.022877166668574016,0.02220064401626587
320,0.38062813500005177,3.17184,2.6609599590301514,0.008375267498195171,0.2906363010406494,nan,0.23927603662014008,0.0,0.07321856170892715,1.0654466152191162,15.014425277709961,0.0,0.0,nan,nan,0.0,0.0,0.3302776614824931,0.298869788646698,2.7135416666666665,0.3302776614824931,0.022824138402938843,0.021620236337184906
321,0.3799704460000157,3.17184,2.5747132301330566,0.006010009907186031,0.22769765555858612,nan,0.23129777610301971,0.0,0.08347687125205994,0.8883075714111328,13.872930526733398,0.0,0.0,nan,nan,0.0,0.0,0.33020955324172974,0.29576605558395386,2.4270833333333335,0.33020955324172974,0.022791209320227306,0.021619141101837158
322,0.3813624079999727,3.17184,2.5317914485931396,0.0032058320939540863,0.22758232057094574,nan,0.22666895389556885,0.0,0.09508364647626877,1.083005428314209,13.137022018432617,0.0,0.0,nan,nan,0.0,0.0,0.33175496260325116,0.2957640588283539,2.4270833333333335,0.33175496260325116,0.022771286467711132,0.021636731922626495
323,0.3839856520000353,3.17184,2.579502820968628,0.0004243338480591774,0.2899791896343231,nan,0.2296227663755417,0.0,0.11057263612747192,1.290242314338684,12.935117721557617,0.0,0.0,nan,nan,0.0,0.0,0.3337256908416748,0.2966412603855133,2.3515625,0.3337256908416748,0.022760907808939617,0.021676860749721527
324,0.38057569500000454,3.17184,3.0253772735595703,0.008465505205094814,0.22308427095413208,nan,0.2737710177898407,0.0,0.10986916720867157,1.4592450857162476,14.05094051361084,1.0,0.0,nan,nan,0.0,1.0,0.3358840545018514,0.296094685792923,2.1979166666666665,0.3358840545018514,0.022843964397907257,0.02164377272129059
325,0.3830535829999917,3.17184,3.140085220336914,0.02152397111058235,0.3256422281265259,nan,0.28527122735977173,0.0,0.11026562750339508,1.6591105461120605,15.331473350524902,0.0,0.0,nan,nan,0.0,0.0,0.33667902151743573,0.2950597107410431,2.2395833333333335,0.33667902151743573,0.022819059590498608,0.021559417247772217
326,0.37752716099998906,3.17184,3.0097153186798096,0.02058473788201809,0.1900092214345932,nan,0.2683476209640503,0.0,0.116641104221344,2.044647216796875,15.417326927185059,1.0,0.0,nan,nan,0.0,1.0,0.3363031546274821,0.2935161888599396,2.34375,0.3363031546274821,0.022875845432281494,0.021509293466806412
327,0.387577245999978,3.172352,2.81036639213562,0.004369150847196579,0.1863175630569458,nan,0.24921271204948425,0.0,0.10234075784683228,1.7480461597442627,13.928779602050781,1.0,0.0,nan,nan,0.0,1.0,0.33728055159250897,0.2903785705566406,2.4322916666666665,0.33728055159250897,0.022910065948963165,0.02147337794303894
328,0.390247353999996,3.172352,2.809734344482422,0.02090344950556755,0.24791376292705536,nan,0.25165581703186035,0.0,0.08638991415500641,1.3258466720581055,14.725271224975586,0.0,0.0,nan,nan,0.0,0.0,0.3380499283472697,0.28525951504707336,2.3333333333333335,0.3380499283472697,0.022850592931111652,0.02127329260110855
329,0.3866892190000044,3.172352,2.7948646545410156,0.04086492210626602,0.16796164214611053,nan,0.2506600320339203,0.0,0.07242956012487411,1.4611101150512695,14.858098983764648,1.0,0.0,nan,nan,0.0,1.0,0.3392046292622884,0.27857592701911926,2.2682291666666665,0.3392046292622884,0.022882516185442608,0.02106376737356186
330,0.39593597900000077,3.172352,2.709221363067627,0.05594455823302269,0.32047805190086365,nan,0.2424243688583374,0.0,0.07275211066007614,1.8003425598144531,15.142546653747559,0.0,0.0,nan,nan,0.0,0.0,0.3394697109858195,0.26985231041908264,2.203125,0.3394697109858195,0.02278866618871689,0.020883947610855103
331,0.39592099599997255,3.172352,2.797978162765503,0.076662078499794,0.3090086579322815,nan,0.2499380111694336,0.0,0.08775939792394638,2.1033904552459717,16.03012466430664,0.0,0.0,nan,nan,0.0,0.0,0.3372106949488322,0.2532392740249634,2.2682291666666665,0.3372106949488322,0.02275972565015157,0.02072974294424057
332,0.40595573500002047,3.172352,2.858551025390625,0.04396427422761917,0.22405676543712616,nan,0.2524247169494629,0.0,0.104201540350914,2.528176784515381,16.933849334716797,1.0,0.0,nan,nan,0.0,1.0,0.333642840385437,0.23706373572349548,2.234375,0.333642840385437,0.02274577071269353,0.020686592906713486
333,0.40041395200000807,3.172352,3.069185733795166,-0.0028555840253829956,0.3136160671710968,nan,0.27694374322891235,0.0,0.07679485529661179,2.143122673034668,15.95059585571289,0.0,0.0,nan,nan,0.0,0.0,0.33722678820292157,0.22528061270713806,2.3411458333333335,0.33722678820292157,0.022900794943173725,0.02079428732395172
334,0.3987898889999997,3.172352,3.3348584175109863,-0.05846086144447327,0.30929532647132874,nan,0.30135318636894226,0.0,0.08895832300186157,1.9015095233917236,16.561626434326172,1.0,0.0,nan,nan,0.0,1.0,0.3379581371943156,0.22949829697608948,2.1276041666666665,0.3379581371943156,0.022898634274800617,0.02083740383386612
335,0.38881107700001394,3.172352,2.510441541671753,-0.05425321310758591,0.4271504580974579,nan,0.22530481219291687,0.0,0.062064848840236664,1.2564795017242432,16.153596878051758,0.0,0.0,nan,nan,0.0,0.0,0.34473085403442383,0.27782532572746277,2.1901041666666665,0.34473085403442383,0.023031483093897503,0.020808003842830658
336,0.39457704500000546,3.172352,2.5757339000701904,-0.046744510531425476,0.3483555018901825,nan,0.22999560832977295,0.0,0.07517154514789581,1.5666437149047852,16.556743621826172,0.0,0.0,nan,nan,0.0,0.0,0.34296246369679767,0.24797311425209045,2.2630208333333335,0.34296246369679767,0.022983118891716003,0.02064795419573784
337,0.39949922199997445,3.172352,3.549010992050171,-0.09519581496715546,0.3898009657859802,nan,0.3237241506576538,0.0,0.0806424543261528,1.3432092666625977,16.960378646850586,1.0,0.0,nan,nan,0.0,1.0,0.34123488267262775,0.2477579116821289,2.1588541666666665,0.34123488267262775,0.023060932755470276,0.020647618919610977
338,0.38755474599997797,3.172352,3.345238208770752,-0.0687999501824379,0.2812255620956421,nan,0.30819955468177795,0.0,0.04873891919851303,0.9798535704612732,18.365055084228516,0.0,0.0,nan,nan,0.0,0.0,0.3437271515528361,0.2957829535007477,2.2734375,0.3437271515528361,0.023221758504708607,0.022288285195827484
339,0.3778942749999601,3.172352,3.4923617839813232,-0.0479254387319088,0.23015150427818298,nan,0.3226691484451294,0.0,0.05233104154467583,1.0281773805618286,18.632829666137695,1.0,0.0,nan,nan,0.0,1.0,0.3427554766337077,0.2958148419857025,2.4817708333333335,0.3427554766337077,0.02361341565847397,0.022295556962490082
340,0.3745391730000165,3.172352,2.4831042289733887,-0.05632051080465317,0.16950546205043793,nan,0.22693538665771484,0.0,0.01823824644088745,0.9123129844665527,15.273402214050293,0.0,0.0,nan,nan,0.0,0.0,0.3442213137944539,0.3216470181941986,2.4713541666666665,0.3442213137944539,0.02321511258681615,0.022314168512821198
341,0.37128866199998356,3.172352,2.4475300312042236,-0.037795327603816986,0.25911763310432434,nan,0.22311542928218842,0.0,0.019251203164458275,0.8452286124229431,14.948283195495605,0.0,0.0,nan,nan,0.0,0.0,0.3414030869801839,0.3216429352760315,2.6041666666666665,0.3414030869801839,0.023092960317929585,0.022215865552425385
342,0.372210028999973,3.172352,2.4509668350219727,-0.018640566617250443,0.22791726887226105,nan,0.22293907403945923,0.0,0.020974010229110718,0.9610999822616577,14.8941650390625,0.0,0.0,nan,nan,0.0,0.0,0.33873430887858075,0.32191574573516846,2.7291666666666665,0.33873430887858075,0.02306436002254486,0.02215045690536499
343,0.3719436829999836,3.172352,2.4217233657836914,-0.01042141206562519,0.2084110826253891,nan,0.21953940391540527,0.0,0.023789141327142715,1.1708295345306396,14.765804290771484,0.0,0.0,nan,nan,0.0,0.0,0.337072213490804,0.31428423523902893,2.7630208333333335,0.337072213490804,0.023028386135896046,0.02215661108493805
344,0.37225435099998094,3.172352,2.344585657119751,-0.009619230404496193,0.24094025790691376,nan,0.21266619861125946,0.0,0.028852343559265137,1.124833345413208,14.395214080810547,0.0,0.0,nan,nan,0.0,0.0,0.3372676769892375,0.31397077441215515,2.5911458333333335,0.3372676769892375,0.022996435562769573,0.02202087640762329
345,0.37192742599995654,3.172352,2.3106436729431152,-0.007354432716965675,0.2736040949821472,nan,0.2100488394498825,0.0,0.034963227808475494,1.0906283855438232,13.62244987487793,0.0,0.0,nan,nan,0.0,0.0,0.3375239372253418,0.31608861684799194,2.5989583333333335,0.3375239372253418,0.022963307797908783,0.021885767579078674
346,0.3719949910000082,3.172352,2.283329725265503,-0.011094501242041588,0.23868507146835327,nan,0.20745766162872314,0.0,0.041485607624053955,1.144016146659851,12.660075187683105,0.0,0.0,nan,nan,0.0,0.0,0.3366888761520386,0.3185431957244873,2.4166666666666665,0.3366888761520386,0.022938765585422516,0.021831490099430084
347,0.3796365630000196,3.172352,2.2033116817474365,-0.02491016313433647,0.29344314336776733,nan,0.19826315343379974,0.0,0.049093566834926605,1.1599493026733398,12.621938705444336,0.0,0.0,nan,nan,0.0,0.0,0.3353590170542399,0.3160673677921295,2.390625,0.3353590170542399,0.022917136549949646,0.021827489137649536
348,0.3804876710000258,3.172352,2.02156662940979,-0.04624451696872711,0.24407796561717987,nan,0.17893552780151367,0.0,0.05795782804489136,1.1356533765792847,13.142608642578125,0.0,0.0,nan,nan,0.0,0.0,0.33500905831654865,0.31258514523506165,2.3359375,0.33500905831654865,0.02290179083744685,0.021709315478801727
349,0.38088136199996825,3.172352,1.8531255722045898,-0.0647950991988182,0.25795280933380127,nan,0.16098353266716003,0.0,0.06789673864841461,1.078213095664978,13.402713775634766,0.0,0.0,nan,nan,0.0,0.0,0.3351590633392334,0.30380651354789734,2.4114583333333335,0.3351590633392334,0.022898967067400616,0.021536454558372498
350,0.383364762000042,3.172352,1.7600051164627075,-0.07745310664176941,0.24845710396766663,nan,0.15047189593315125,0.0,0.07885709404945374,1.3015453815460205,13.565814971923828,0.0,0.0,nan,nan,0.0,0.0,0.335435430208842,0.2983964681625366,2.4609375,0.335435430208842,0.02288876473903656,0.021345950663089752
351,0.38694381400000566,3.172352,1.7084194421768188,-0.08549395203590393,0.24636180698871613,nan,0.1440705507993698,0.0,0.09280680865049362,1.6628758907318115,13.96772289276123,0.0,0.0,nan,nan,0.0,0.0,0.33532742659250897,0.29812484979629517,2.5390625,0.33532742659250897,0.022872428099314373,0.021145306527614594
352,0.3868702160000339,3.172352,1.6984623670578003,-0.08725227415561676,0.20612701773643494,nan,0.14241749048233032,0.0,0.11222507804632187,1.7832040786743164,14.876934051513672,0.0,0.0,nan,nan,0.0,0.0,0.3347068230311076,0.2927706241607666,2.640625,0.3347068230311076,0.022843976815541584,0.02097194641828537
353,0.38817002799999045,3.172352,1.917130947113037,-0.07022209465503693,0.15144048631191254,nan,0.15932641923427582,0.0,0.11421161144971848,1.953122615814209,15.468737602233887,2.0,0.0,nan,nan,0.0,2.0,0.33540316422780353,0.2884330153465271,2.5677083333333335,0.33540316422780353,0.02294712762037913,0.020888864994049072
354,0.3814338369999746,3.172352,2.125220775604248,-0.05484031140804291,0.186281219124794,nan,0.18663232028484344,0.0,0.07822325825691223,1.706525206565857,15.45550537109375,0.0,0.0,nan,nan,0.0,0.0,0.33895166714986164,0.3161901533603668,2.5234375,0.33895166714986164,0.022893759111563366,0.020851455628871918
355,0.38423461900003986,3.172352,2.655499219894409,-0.06094940006732941,0.2128738909959793,nan,0.23869524896144867,0.0,0.07748112827539444,1.51938796043396,16.368824005126953,2.0,0.0,nan,nan,0.0,2.0,0.3395912249883016,0.28909847140312195,2.4557291666666665,0.3395912249883016,0.02299462507168452,0.020831122994422913
356,0.37310392200004117,3.172352,2.663027763366699,-0.11826840788125992,0.16238856315612793,nan,0.24464309215545654,0.0,0.01799033209681511,1.270913004875183,15.476724624633789,0.0,0.0,nan,nan,0.0,0.0,0.34396111965179443,0.332854300737381,2.4635416666666665,0.34396111965179443,0.02319823702176412,0.022930920124053955
357,0.3728462300000501,3.172352,2.5198044776916504,-0.1329401433467865,0.13891157507896423,nan,0.2303740233182907,0.0,0.019743671640753746,1.4951105117797852,15.126986503601074,0.0,0.0,nan,nan,0.0,0.0,0.343314528465271,0.3291536867618561,2.5286458333333335,0.343314528465271,0.02314696212609609,0.022917628288269043
358,0.37132520900001964,3.172352,2.391791582107544,-0.14955395460128784,0.16071997582912445,nan,0.21899841725826263,0.0,0.022751634940505028,1.3870176076889038,13.462844848632812,0.0,0.0,nan,nan,0.0,0.0,0.3409194548924764,0.323241651058197,2.625,0.3409194548924764,0.02315112203359604,0.022871747612953186
359,0.3794723639999802,3.172352,2.206968069076538,-0.17465174198150635,0.12449301779270172,nan,0.2012232542037964,0.0,0.026430709287524223,1.2048649787902832,12.332598686218262,0.0,0.0,nan,nan,0.0,0.0,0.3379672368367513,0.32050424814224243,2.6171875,0.3379672368367513,0.023165953656037647,0.022832944989204407
360,0.37846005900001956,3.172352,2.066338539123535,-0.18871437013149261,0.1276376098394394,nan,0.18617311120033264,0.0,0.029366759583353996,1.1598875522613525,12.771432876586914,0.0,0.0,nan,nan,0.0,0.0,0.3352927764256795,0.31686416268348694,2.6536458333333335,0.3352927764256795,0.023177241285641987,0.02279539406299591
361,0.38213845899997523,3.172352,2.1493349075317383,-0.18542495369911194,0.15912771224975586,nan,0.19339460134506226,0.0,0.033600710332393646,1.2333754301071167,13.3120756149292,0.0,0.0,nan,nan,0.0,0.0,0.3325974941253662,0.3122771382331848,2.6041666666666665,0.3325974941253662,0.023173555731773376,0.022800467908382416
362,0.38715718899999274,3.172352,2.3057589530944824,-0.17775675654411316,0.23692142963409424,nan,0.20702433586120605,0.0,0.0402703657746315,0.93900465965271,14.420886993408203,0.0,0.0,nan,nan,0.0,0.0,0.3297701875368754,0.3067706227302551,2.71875,0.3297701875368754,0.02324699858824412,0.022895604372024536
363,0.39500632599998653,3.172352,2.422335147857666,-0.17408661544322968,0.2813084125518799,nan,0.21762892603874207,0.0,0.047738268971443176,0.7475734949111938,14.701248168945312,0.0,0.0,nan,nan,0.0,0.0,0.3279921809832255,0.3013978600502014,2.65625,0.3279921809832255,0.023233731587727863,0.022943340241909027
364,0.3935795610000241,3.172352,2.4729273319244385,-0.1637171506881714,0.26736095547676086,nan,0.22166621685028076,0.0,0.05468275770545006,0.7834467887878418,15.266024589538574,0.0,0.0,nan,nan,0.0,0.0,0.327545702457428,0.2944033443927765,2.6927083333333335,0.327545702457428,0.02320607254902522,0.022943899035453796
365,0.3918971720000286,3.172352,2.510157823562622,-0.14387494325637817,0.2226836085319519,nan,0.225117489695549,0.0,0.062079206109046936,0.9568723440170288,15.570207595825195,0.0,0.0,nan,nan,0.0,0.0,0.3275153835614522,0.2882247865200043,2.53125,0.3275153835614522,0.023201505343119305,0.022930406033992767
366,0.39197613299995737,3.172352,2.471545457839966,-0.12596794962882996,0.21461451053619385,nan,0.2209084928035736,0.0,0.07158240675926208,1.049825668334961,15.575522422790527,0.0,0.0,nan,nan,0.0,0.0,0.3277751604715983,0.2790292203426361,2.7083333333333335,0.3277751604715983,0.02319602171579997,0.022892974317073822
367,0.38731670100003157,3.172352,2.61035418510437,-0.09429685771465302,0.16109371185302734,nan,0.2346203625202179,0.0,0.06389331817626953,1.0102407932281494,14.811549186706543,1.0,0.0,nan,nan,0.0,1.0,0.33122678597768146,0.27165642380714417,2.484375,0.33122678597768146,0.023224328955014546,0.02285301685333252
368,0.38272816400001375,3.172352,2.750941276550293,-0.06487621366977692,0.27186548709869385,nan,0.25255677103996277,0.0,0.047023944556713104,0.9863982200622559,13.545272827148438,0.0,0.0,nan,nan,0.0,0.0,0.33616407712300617,0.3129146099090576,2.4973958333333335,0.33616407712300617,0.023129450778166454,0.02285044640302658
369,0.3829950190000204,3.172352,2.852257490158081,-0.05332205072045326,0.2848784625530243,nan,0.26148802042007446,0.0,0.05014900863170624,1.228228211402893,14.279905319213867,0.0,0.0,nan,nan,0.0,0.0,0.3378899892171224,0.3195023536682129,2.625,0.3378899892171224,0.023068306346734364,0.022794120013713837
370,0.3872063809999986,3.172352,2.9330339431762695,-0.04655863344669342,0.2010624259710312,nan,0.2689271569252014,0.0,0.05448298901319504,1.3015226125717163,14.418014526367188,0.0,0.0,nan,nan,0.0,0.0,0.3382616440455119,0.3196812570095062,2.8072916666666665,0.3382616440455119,0.02306460092465083,0.02272699773311615
371,0.38660573000004206,3.172352,2.9597907066345215,-0.04085756093263626,0.18040500581264496,nan,0.27037155628204346,0.0,0.06105188652873039,1.4008839130401611,14.271113395690918,0.0,0.0,nan,nan,0.0,0.0,0.338350772857666,0.3052595853805542,2.8307291666666665,0.338350772857666,0.023062661290168762,0.022726960480213165
372,0.3838929129999542,3.172352,2.8470873832702637,-0.032983582466840744,0.1601402461528778,nan,0.26029902696609497,0.0,0.05220013111829758,1.3770523071289062,13.609642028808594,1.0,0.0,nan,nan,0.0,1.0,0.3398522933324178,0.29281121492385864,2.6848958333333335,0.3398522933324178,0.023110320170720417,0.022649459540843964
373,0.3784507699999722,3.172352,2.552255153656006,-0.02849598601460457,0.20248980820178986,nan,0.23532649874687195,0.0,0.03233739733695984,0.8858044147491455,11.896467208862305,0.0,0.0,nan,nan,0.0,0.0,0.3422845999399821,0.3193596601486206,2.734375,0.3422845999399821,0.02301809440056483,0.022599801421165466
374,0.37943014800003994,3.172352,2.3913180828094482,-0.04033168405294418,0.1529822051525116,nan,0.21845869719982147,0.0,0.03363697603344917,0.6102127432823181,12.873533248901367,0.0,0.0,nan,nan,0.0,0.0,0.3423604567845662,0.3179130554199219,2.59375,0.3423604567845662,0.023012816905975342,0.022544920444488525
375,0.37873584499999424,3.172352,2.352304220199585,-0.04773392528295517,0.20041467249393463,nan,0.21274733543395996,0.0,0.03305080533027649,0.5843328833580017,13.986778259277344,0.0,0.0,nan,nan,0.0,0.0,0.3408421277999878,0.3136235773563385,2.6354166666666665,0.3408421277999878,0.023021919031937916,0.022543661296367645
376,0.3808785509999666,3.172352,2.336306095123291,-0.05128483846783638,0.15429122745990753,nan,0.21014860272407532,0.0,0.031788699328899384,0.5700529217720032,14.824132919311523,0.0,0.0,nan,nan,0.0,0.0,0.33797017733256024,0.3094143867492676,2.7395833333333335,0.33797017733256024,0.023028289278348286,0.02252916246652603
377,0.3843200449999813,3.172352,2.2937095165252686,-0.05095667392015457,0.20373885333538055,nan,0.20452605187892914,0.0,0.03156692534685135,0.6456709504127502,15.926070213317871,0.0,0.0,nan,nan,0.0,0.0,0.3358374039332072,0.30696824193000793,2.8177083333333335,0.3358374039332072,0.02301480621099472,0.022414669394493103
378,0.38400259299999107,3.172352,2.262192726135254,-0.044774945825338364,0.1681600660085678,nan,0.20075885951519012,0.0,0.0328812301158905,0.6595932841300964,16.503158569335938,0.0,0.0,nan,nan,0.0,0.0,0.33557812372843426,0.30709612369537354,3.078125,0.33557812372843426,0.022984770437081654,0.022312715649604797
379,0.38801726600001984,3.172352,2.3311145305633545,-0.029257290065288544,0.16267360746860504,nan,0.20828120410442352,0.0,0.03447460010647774,0.655287504196167,16.209732055664062,0.0,0.0,nan,nan,0.0,0.0,0.33707137902577716,0.30877047777175903,3.0026041666666665,0.33707137902577716,0.022964318593343098,0.022253908216953278
380,0.37347570100001803,3.172352,2.481536626815796,-0.008405097760260105,0.16700345277786255,nan,0.22431066632270813,0.0,0.03642049431800842,0.7128535509109497,15.489267349243164,0.0,0.0,nan,nan,0.0,0.0,0.3395654757817586,0.3120361864566803,2.8385416666666665,0.3395654757817586,0.022956180075804394,0.022241607308387756
381,0.37212253799998507,3.172352,2.62735652923584,0.006482623517513275,0.14153055846691132,nan,0.2390955090522766,0.0,0.03909682855010033,0.7699337005615234,15.281774520874023,0.0,0.0,nan,nan,0.0,0.0,0.3412647644678752,0.31494998931884766,2.6458333333333335,0.3412647644678752,0.02294303725163142,0.02213938534259796
382,0.3699440179999556,3.172352,2.6765859127044678,0.01119067333638668,0.26324206590652466,nan,0.24415217339992523,0.0,0.04241328686475754,0.971183180809021,14.906634330749512,0.0,0.0,nan,nan,0.0,0.0,0.3418617248535156,0.3181949555873871,2.6328125,0.3418617248535156,0.022896351913611095,0.022013425827026367
383,0.37053530099996124,3.172352,2.6728079319000244,0.010290205478668213,0.1387513279914856,nan,0.24326762557029724,0.0,0.04613397642970085,1.0806941986083984,14.498786926269531,0.0,0.0,nan,nan,0.0,0.0,0.3419202168782552,0.3196040391921997,2.5859375,0.3419202168782552,0.02287456641594569,0.02187342196702957
384,0.37315157300002966,3.172352,2.6289145946502686,0.007601559162139893,0.16044491529464722,nan,0.2393326461315155,0.0,0.049702391028404236,1.032674789428711,13.460783958435059,0.0,0.0,nan,nan,0.0,0.0,0.3407890796661377,0.31695041060447693,2.5703125,0.3407890796661377,0.022883084913094837,0.021729908883571625
385,0.3750805299999911,3.172352,2.4946553707122803,0.0011930614709854126,0.19466382265090942,nan,0.22769920527935028,0.0,0.0536247119307518,0.9743452072143555,11.917316436767578,0.0,0.0,nan,nan,0.0,0.0,0.33900777498881024,0.31051233410835266,2.7578125,0.33900777498881024,0.02287818243106206,0.021579481661319733
386,0.3763486479999756,3.172352,2.3992373943328857,-0.003946423530578613,0.19601216912269592,nan,0.21884742379188538,0.0,0.05863232538104057,0.8674079775810242,11.025167465209961,0.0,0.0,nan,nan,0.0,0.0,0.3377786874771118,0.3066021502017975,2.6796875,0.3377786874771118,0.022875075538953144,0.021416060626506805
387,0.3748984469999641,3.172352,2.283783435821533,-0.00962449237704277,0.20124250650405884,nan,0.20708853006362915,0.0,0.06457756459712982,0.7506963610649109,11.54167366027832,0.0,0.0,nan,nan,0.0,0.0,0.33687345186869305,0.29405760765075684,2.6171875,0.33687345186869305,0.022860939304033916,0.021248705685138702
388,0.37701746100003675,3.172352,2.198338508605957,-0.016469895839691162,0.15368583798408508,nan,0.19685201346874237,0.0,0.07147867232561111,0.9015290141105652,12.357722282409668,0.0,0.0,nan,nan,0.0,0.0,0.33540145556132,0.2703169584274292,2.578125,0.33540145556132,0.022834941744804382,0.02110375091433525
389,0.37246356700001115,3.172352,2.3031609058380127,-0.0551498644053936,0.11506041884422302,nan,0.2080485075712204,0.0,0.048053350299596786,0.8032070398330688,12.752458572387695,1.0,0.0,nan,nan,0.0,1.0,0.33690234025319415,0.26134681701660156,2.5442708333333335,0.33690234025319415,0.02297133207321167,0.021067257970571518
390,0.374635512999987,3.172352,2.1650052070617676,-0.08039474487304688,0.12221036851406097,nan,0.1941307634115219,0.0,0.0396386981010437,0.8763911128044128,13.223577499389648,0.0,0.0,nan,nan,0.0,0.0,0.33721399307250977,0.29855725169181824,2.7161458333333335,0.33721399307250977,0.02296992391347885,0.021184809505939484
391,0.37625543499996184,3.172352,2.0700228214263916,-0.08602382242679596,0.19304940104484558,nan,0.18367934226989746,0.0,0.04522135853767395,0.8282369375228882,14.092086791992188,0.0,0.0,nan,nan,0.0,0.0,0.33677244186401367,0.2964005470275879,2.7317708333333335,0.33677244186401367,0.022975829740365345,0.02104688435792923
392,0.3762214379999591,3.172352,2.0241751670837402,-0.08364599943161011,0.08978409320116043,nan,0.17848849296569824,0.0,0.050997257232666016,1.0411150455474854,14.425074577331543,0.0,0.0,nan,nan,0.0,0.0,0.33669646581013996,0.29267245531082153,2.734375,0.33669646581013996,0.022968031466007233,0.02090984582901001
393,0.3836376360000031,3.172352,1.9689443111419678,-0.09283515810966492,0.148009791970253,nan,0.17331907153129578,0.0,0.057363223284482956,1.169816493988037,13.965128898620605,0.0,0.0,nan,nan,0.0,0.0,0.33647950490315753,0.2880610525608063,2.7083333333333335,0.33647950490315753,0.02296428879102071,0.02082759141921997
394,0.3894862669999952,3.172352,1.8886381387710571,-0.12628266215324402,0.28505009412765503,nan,0.1656298041343689,0.0,0.06270305812358856,0.9993717074394226,13.560514450073242,0.0,0.0,nan,nan,0.0,0.0,0.3368738889694214,0.29613178968429565,2.6927083333333335,0.3368738889694214,0.023030102252960205,0.020903408527374268
395,0.38775299099995664,3.172352,1.785243034362793,-0.12685951590538025,0.19259107112884521,nan,0.15361127257347107,0.0,0.053564514964818954,0.9446491003036499,13.661937713623047,1.0,0.0,nan,nan,0.0,1.0,0.33689900239308673,0.2946922481060028,2.7161458333333335,0.33689900239308673,0.023099340498447418,0.02091217041015625
396,0.38365222499999163,3.172352,1.73828125,-0.13821130990982056,0.12963971495628357,nan,0.15153267979621887,0.0,0.036479998379945755,1.076796054840088,13.992892265319824,0.0,0.0,nan,nan,0.0,0.0,0.3368208010991414,0.2948385179042816,2.6692708333333335,0.3368208010991414,0.023100686570008595,0.022404491901397705
397,0.38386468599998125,3.172352,1.8042100667953491,-0.13308706879615784,0.11145706474781036,nan,0.1579902470111847,0.0,0.04270743578672409,1.173011302947998,13.959746360778809,0.0,0.0,nan,nan,0.0,0.0,0.3356727759043376,0.2988697588443756,2.6901041666666665,0.3356727759043376,0.023119938870271046,0.022410057485103607
398,0.3796426570000335,3.172352,1.8195961713790894,-0.13778457045555115,0.14959605038166046,nan,0.15956366062164307,0.0,0.050741516053676605,1.0346165895462036,13.213602066040039,0.0,0.0,nan,nan,0.0,0.0,0.3350193500518799,0.3102806508541107,2.7369791666666665,0.3350193500518799,0.023137470086415608,0.022409655153751373
399,0.38171795499999917,3.172352,1.8447083234786987,-0.14188185334205627,0.18532681465148926,nan,0.16094574332237244,0.0,0.05885230004787445,1.1411579847335815,13.118017196655273,0.0,0.0,nan,nan,0.0,0.0,0.3347652753194173,0.3139362335205078,2.6276041666666665,0.3347652753194173,0.023150401810805004,0.02240712195634842
400,0.3843193600000063,3.172352,1.714516282081604,-0.1450067162513733,0.17410582304000854,nan,0.14782372117042542,0.0,0.06763523072004318,1.1569151878356934,13.046065330505371,0.0,0.0,nan,nan,0.0,0.0,0.3342147668202718,0.31258296966552734,2.6197916666666665,0.3342147668202718,0.02314174423615138,0.022406533360481262
401,0.38523763899996766,3.172352,1.7032490968704224,-0.14037244021892548,0.1600351780653,nan,0.14537233114242554,0.0,0.07707695662975311,1.0990952253341675,13.145486831665039,0.0,0.0,nan,nan,0.0,0.0,0.33349887530008954,0.3130267560482025,2.7005208333333335,0.33349887530008954,0.02313472827275594,0.022398047149181366
402,0.3846506700000418,3.172352,1.9018642902374268,-0.12301155924797058,0.2191738337278366,nan,0.16489127278327942,0.0,0.08715575933456421,1.1226091384887695,13.519816398620605,0.0,0.0,nan,nan,0.0,0.0,0.332546869913737,0.3073781728744507,2.7213541666666665,0.332546869913737,0.023106197516123455,0.02236468344926834
403,0.38001746800000547,3.172352,2.3962936401367188,-0.10500319302082062,0.21150179207324982,nan,0.21165534853935242,0.0,0.0796031653881073,1.1534678936004639,14.378393173217773,1.0,0.0,nan,nan,0.0,1.0,0.33296312888463336,0.29959291219711304,2.5520833333333335,0.33296312888463336,0.02315424382686615,0.02230222150683403
404,0.3765418589999854,3.172352,2.6707983016967773,-0.09023706614971161,0.2692025601863861,nan,0.24258707463741302,0.0,0.067412368953228,1.0852900743484497,14.36406135559082,0.0,0.0,nan,nan,0.0,0.0,0.33422112464904785,0.3164667785167694,2.65625,0.33422112464904785,0.023088358342647552,0.022216271609067917
405,0.38452294399996845,3.172352,2.6121041774749756,-0.07521174848079681,0.11516709625720978,nan,0.23712608218193054,0.0,0.05283036455512047,0.9265162348747253,13.706573486328125,1.0,0.0,nan,nan,0.0,1.0,0.3352932929992676,0.3143564760684967,2.4895833333333335,0.3352932929992676,0.023180651168028515,0.02215057611465454
406,0.38558657300001187,3.172352,2.454770565032959,-0.05091306194663048,0.228624165058136,nan,0.2234310805797577,0.0,0.0416170209646225,0.7071012258529663,12.32989501953125,0.0,0.0,nan,nan,0.0,0.0,0.3363940318425496,0.3146267831325531,2.3776041666666665,0.3363940318425496,0.023049496114253998,0.022089913487434387
407,0.3852810599999543,3.172352,2.3792309761047363,-0.028035268187522888,0.3148273825645447,nan,0.21595875918865204,0.0,0.04237165302038193,0.8865276575088501,12.899175643920898,0.0,0.0,nan,nan,0.0,0.0,0.33704376220703125,0.31093543767929077,2.609375,0.33704376220703125,0.023024578889211018,0.02196582406759262
408,0.38446824400000423,3.172352,2.485473871231079,-0.00726555660367012,0.3044675588607788,nan,0.22525416314601898,0.0,0.043657004833221436,1.0200070142745972,13.861674308776855,0.0,0.0,nan,nan,0.0,0.0,0.3371543089548747,0.30638813972473145,2.7526041666666665,0.3371543089548747,0.022990462680657704,0.02183021605014801
409,0.38480929600001446,3.172352,2.5168702602386475,0.0039839111268520355,0.2540048658847809,nan,0.22761014103889465,0.0,0.047482334077358246,1.0626572370529175,14.524421691894531,0.0,0.0,nan,nan,0.0,0.0,0.3369936943054199,0.3012100160121918,2.7265625,0.3369936943054199,0.02299698442220688,0.021734580397605896
410,0.3841630269999996,3.172352,2.5460264682769775,0.015973540022969246,0.17890898883342743,nan,0.22953248023986816,0.0,0.052391648292541504,1.1985585689544678,14.999555587768555,0.0,0.0,nan,nan,0.0,0.0,0.3360963265101115,0.29591408371925354,2.8307291666666665,0.3360963265101115,0.0229783629377683,0.021551266312599182
411,0.3843814989999714,3.172352,2.5396645069122314,0.027383942157030106,0.1705145686864853,nan,0.22721818089485168,0.0,0.060278236865997314,1.3448271751403809,14.741729736328125,0.0,0.0,nan,nan,0.0,0.0,0.33415210247039795,0.2859378457069397,2.875,0.33415210247039795,0.02295159051815669,0.021353065967559814
412,0.3803432000000271,3.172352,2.51218843460083,0.03189578279852867,0.1534963846206665,nan,0.22495543956756592,0.0,0.047124333679676056,1.1542333364486694,13.499099731445312,1.0,0.0,nan,nan,0.0,1.0,0.3351478576660156,0.26741111278533936,2.6276041666666665,0.3351478576660156,0.02298119415839513,0.02113545686006546
413,0.3732866050000325,3.172352,2.1531872749328613,0.04165177792310715,0.20114648342132568,nan,0.1924171894788742,0.0,0.037994250655174255,0.9838012456893921,12.958463668823242,0.0,0.0,nan,nan,0.0,0.0,0.336536169052124,0.2464044988155365,2.59375,0.336536169052124,0.022865407168865204,0.020916804671287537
414,0.38033977800000685,3.172352,1.9542276859283447,0.05098896473646164,0.2929995357990265,nan,0.17126047611236572,0.0,0.04708603024482727,1.2191190719604492,13.549052238464355,0.0,0.0,nan,nan,0.0,0.0,0.33548609415690106,0.22086948156356812,2.59375,0.33548609415690106,0.022839213411013286,0.02074708417057991
415,0.3828762019999772,3.172352,2.4264256954193115,-0.004613574594259262,0.17462700605392456,nan,0.2167566418647766,0.0,0.05797053501009941,1.0916999578475952,14.326271057128906,0.0,0.0,nan,nan,0.0,0.0,0.33365591367085773,0.2192860096693039,2.546875,0.33365591367085773,0.022820887466271717,0.02074221894145012
416,0.38217877400001043,3.172352,2.3561766147613525,0.005477616563439369,0.14847080409526825,nan,0.20893719792366028,0.0,0.05870954319834709,0.9760586023330688,14.964925765991211,1.0,0.0,nan,nan,0.0,1.0,0.3336144685745239,0.2305469512939453,2.6380208333333335,0.3336144685745239,0.022817122439543407,0.02082078903913498
417,0.3699143059999983,3.172352,1.9023263454437256,0.027186941355466843,0.15960970520973206,nan,0.16753065586090088,0.0,0.03014318458735943,0.8564164042472839,14.121588706970215,0.0,0.0,nan,nan,0.0,0.0,0.337691863377889,0.2965078353881836,2.734375,0.337691863377889,0.022812483211358387,0.021176405251026154
418,0.37778564600000664,3.172352,1.8223084211349487,0.041942887008190155,0.19947263598442078,nan,0.15978623926639557,0.0,0.03617685288190842,0.9147226810455322,13.620722770690918,0.0,0.0,nan,nan,0.0,0.0,0.3365317185719808,0.28416791558265686,2.6432291666666665,0.3365317185719808,0.022753102084000904,0.020949587225914
419,0.3769454229999951,3.172352,1.8356318473815918,0.05424603074789047,0.14597973227500916,nan,0.15975233912467957,0.0,0.04536549374461174,1.23887300491333,13.007381439208984,0.0,0.0,nan,nan,0.0,0.0,0.3360029458999634,0.26774904131889343,2.53125,0.3360029458999634,0.02270207057396571,0.020724236965179443
420,0.3802288159999989,3.172352,2.0147721767425537,0.032979123294353485,0.19497162103652954,nan,0.17557641863822937,0.0,0.059891603887081146,1.7123057842254639,13.208822250366211,0.0,0.0,nan,nan,0.0,0.0,0.3346427281697591,0.2461126744747162,2.5338541666666665,0.3346427281697591,0.022663414478302002,0.02061072736978531
421,0.3838644519999548,3.172352,2.4235711097717285,-0.020938675850629807,0.20738892257213593,nan,0.2141548991203308,0.0,0.07663427293300629,1.7272157669067383,14.504169464111328,0.0,0.0,nan,nan,0.0,0.0,0.3334845304489136,0.23541969060897827,2.4427083333333335,0.3334845304489136,0.02265544484059016,0.020560652017593384
422,0.3823293409999451,3.172352,2.86212420463562,-0.05654043331742287,0.28265297412872314,nan,0.25665104389190674,0.0,0.09328216314315796,1.4530370235443115,15.44538688659668,0.0,0.0,nan,nan,0.0,0.0,0.33275747299194336,0.24586673080921173,2.359375,0.33275747299194336,0.02268613378206889,0.020575571805238724
423,0.38299471400000584,3.172352,2.8858590126037598,-0.0700741559267044,0.15011484920978546,nan,0.25852423906326294,0.0,0.11071924865245819,1.5613629817962646,15.49838924407959,0.0,0.0,nan,nan,0.0,0.0,0.330966850121816,0.26775938272476196,2.4010416666666665,0.330966850121816,0.022696932156880695,0.02067626267671585
424,0.38178205300005175,3.172352,2.7754385471343994,-0.07518987357616425,0.2662520110607147,nan,0.2457561194896698,0.0,0.1307724416255951,1.802330493927002,15.367973327636719,0.0,0.0,nan,nan,0.0,0.0,0.3286792238553365,0.2666045129299164,2.3932291666666665,0.3286792238553365,0.022711649537086487,0.020709693431854248
425,0.3778475209999783,3.172352,3.324279308319092,-0.09807649254798889,0.16935116052627563,nan,0.29775869846343994,0.0,0.09991194307804108,1.9277496337890625,16.419607162475586,2.0,0.0,nan,nan,0.0,2.0,0.3308738072713216,0.25493547320365906,2.5364583333333335,0.3308738072713216,0.023001842200756073,0.020711064338684082
426,0.3745304400000009,3.172352,2.765730381011963,-0.1532035917043686,0.2350141555070877,nan,0.25110435485839844,0.0,0.048934511840343475,1.543692946434021,15.388514518737793,1.0,0.0,nan,nan,0.0,1.0,0.3374578555425008,0.24626882374286652,2.6223958333333335,0.3374578555425008,0.02313944200674693,0.020738042891025543
427,0.3692050239999958,3.172352,2.3590447902679443,-0.18261468410491943,0.22137974202632904,nan,0.21382860839366913,0.0,0.02980598621070385,1.053635835647583,13.89605712890625,0.0,0.0,nan,nan,0.0,0.0,0.34126941363016766,0.31806907057762146,2.71875,0.34126941363016766,0.023144056399663288,0.022845730185508728
428,0.37746556900003725,3.172352,2.247851610183716,-0.17533624172210693,0.22650320827960968,nan,0.20231792330741882,0.0,0.03491128236055374,1.2477483749389648,13.783124923706055,0.0,0.0,nan,nan,0.0,0.0,0.34025104840596515,0.3101930618286133,2.890625,0.34025104840596515,0.023122002681096394,0.022821366786956787
429,0.3771945280000182,3.172352,2.1980364322662354,-0.16207458078861237,0.23673900961875916,nan,0.1970631331205368,0.0,0.042442016303539276,1.139703631401062,13.700915336608887,0.0,0.0,nan,nan,0.0,0.0,0.33746031920115155,0.30801475048065186,2.8203125,0.33746031920115155,0.023127635320027668,0.02280120551586151
430,0.37652205400002003,3.172352,2.175747871398926,-0.14442890882492065,0.2166493535041809,nan,0.19409196078777313,0.0,0.050892479717731476,1.2909871339797974,13.447486877441406,0.0,0.0,nan,nan,0.0,0.0,0.33402419090270996,0.3073748052120209,2.7734375,0.33402419090270996,0.023111251493295033,0.022759422659873962
431,0.37482772599997816,3.172352,2.439124822616577,-0.11244896054267883,0.12646152079105377,nan,0.2181759774684906,0.0,0.043276332318782806,1.2058769464492798,13.176387786865234,1.0,0.0,nan,nan,0.0,1.0,0.3323814471562703,0.2954135835170746,2.8515625,0.3323814471562703,0.023157253861427307,0.022654995322227478
432,0.36760073299996066,3.172352,2.519026041030884,-0.08153831958770752,0.2260201871395111,nan,0.23025134205818176,0.0,0.025039363652467728,0.9208946228027344,12.91370677947998,0.0,0.0,nan,nan,0.0,0.0,0.3333903948465983,0.3128582835197449,2.8567708333333335,0.3333903948465983,0.023095252613226574,0.02260986715555191
433,0.36758846999998696,3.172352,2.4716787338256836,-0.07530312240123749,0.20937354862689972,nan,0.2244459092617035,0.0,0.02983645163476467,0.9829142093658447,13.561983108520508,0.0,0.0,nan,nan,0.0,0.0,0.3334323565165202,0.3107232451438904,2.7526041666666665,0.3334323565165202,0.023098943134148914,0.022789694368839264
434,0.3710145710000461,3.172352,2.4140443801879883,-0.07610213756561279,0.22208501398563385,nan,0.21731965243816376,0.0,0.03685019165277481,1.191201090812683,14.20937728881836,0.0,0.0,nan,nan,0.0,0.0,0.3327075441678365,0.3104867935180664,2.7421875,0.3327075441678365,0.023071353634198506,0.022786781191825867
435,0.3754508160000114,3.172352,2.319286823272705,-0.07757844030857086,0.1960601955652237,nan,0.20699523389339447,0.0,0.04624523967504501,1.3996455669403076,14.336238861083984,0.0,0.0,nan,nan,0.0,0.0,0.3311546246210734,0.31082016229629517,2.7682291666666665,0.3311546246210734,0.023062835137049358,0.022749125957489014
436,0.37906043599997474,3.172352,2.2520556449890137,-0.07933171093463898,0.2555171847343445,nan,0.1996631622314453,0.0,0.05794729292392731,1.3810415267944336,14.05903148651123,0.0,0.0,nan,nan,0.0,0.0,0.32910269498825073,0.30586928129196167,2.9036458333333335,0.32910269498825073,0.023044710357983906,0.02264680713415146
437,0.38282910799995307,3.172352,2.161684989929199,-0.08819204568862915,0.3109741508960724,nan,0.18976852297782898,0.0,0.07189507782459259,1.2891113758087158,13.659645080566406,0.0,0.0,nan,nan,0.0,0.0,0.32781803607940674,0.3026979863643646,2.8619791666666665,0.32781803607940674,0.023037604987621307,0.022531863301992416
438,0.3862792239999635,3.172352,2.013972520828247,-0.10571113228797913,0.3200843930244446,nan,0.17392930388450623,0.0,0.087297223508358,1.3247833251953125,13.544527053833008,0.0,0.0,nan,nan,0.0,0.0,0.32748860120773315,0.29917415976524353,2.734375,0.32748860120773315,0.02305627117554347,0.02239302545785904
439,0.38989331900000934,3.172352,1.8592168092727661,-0.12566640973091125,0.28891322016716003,nan,0.1572181135416031,0.0,0.10449063777923584,1.3515809774398804,13.621252059936523,0.0,0.0,nan,nan,0.0,0.0,0.3271355827649434,0.2926997244358063,2.6223958333333335,0.3271355827649434,0.02307875206073125,0.022227056324481964
440,0.3858536050000225,3.172352,1.9520546197891235,-0.1325732171535492,0.14395993947982788,nan,0.16595999896526337,0.0,0.09932903945446014,1.2896394729614258,13.783939361572266,2.0,0.0,nan,nan,0.0,2.0,0.3279315233230591,0.29041412472724915,2.5703125,0.3279315233230591,0.023190659781297047,0.02206815406680107
441,0.3849485630000231,3.172352,2.192373275756836,-0.13519924879074097,0.30313602089881897,nan,0.19550453126430511,0.0,0.05812523886561394,0.9449584484100342,12.589584350585938,0.0,0.0,nan,nan,0.0,0.0,0.33208906650543213,0.28693899512290955,2.7604166666666665,0.33208906650543213,0.023159494002660114,0.022565379738807678
442,0.3860546460000478,3.172352,2.0674374103546143,-0.1251073181629181,0.2855345606803894,nan,0.18083542585372925,0.0,0.06867709755897522,1.0024771690368652,13.812431335449219,0.0,0.0,nan,nan,0.0,0.0,0.3327265977859497,0.2842724919319153,2.8020833333333335,0.3327265977859497,0.023123987019062042,0.022426076233386993
443,0.38876723300001004,3.172352,2.0324456691741943,-0.11350513994693756,0.22218826413154602,nan,0.1760743111371994,0.0,0.08001494407653809,1.047356367111206,14.60517406463623,0.0,0.0,nan,nan,0.0,0.0,0.33292074998219806,0.28280866146087646,2.8411458333333335,0.33292074998219806,0.023098185658454895,0.022266864776611328
444,0.3920265630000017,3.172352,2.052879571914673,-0.1006268709897995,0.2110416442155838,nan,0.17756175994873047,0.0,0.09181886911392212,1.1785390377044678,14.671247482299805,0.0,0.0,nan,nan,0.0,0.0,0.333115816116333,0.27959004044532776,2.7473958333333335,0.333115816116333,0.023077229658762615,0.02208549901843071
445,0.390472869000007,3.172352,1.9668655395507812,-0.07992459088563919,0.13357079029083252,nan,0.16975900530815125,0.0,0.07985271513462067,1.4233731031417847,13.284849166870117,1.0,0.0,nan,nan,0.0,1.0,0.3361494541168213,0.276741087436676,2.4479166666666665,0.3361494541168213,0.02310736229022344,0.02189837023615837
446,0.3715445939999995,3.172352,2.023129940032959,-0.08898872882127762,0.17320747673511505,nan,0.18060967326164246,0.0,0.028928173705935478,1.0645283460617065,12.64741325378418,1.0,0.0,nan,nan,0.0,1.0,0.3419278860092163,0.29227399826049805,2.4869791666666665,0.3419278860092163,0.02318010727564494,0.021890945732593536
447,0.37787743500001625,3.172352,2.126884937286377,-0.0737476497888565,0.3431077003479004,nan,0.19016823172569275,0.0,0.025946255773305893,0.9241942763328552,13.575907707214355,0.0,0.0,nan,nan,0.0,0.0,0.3415551582972209,0.31148651242256165,2.4661458333333335,0.3415551582972209,0.02312670648097992,0.022030897438526154
448,0.37538382299999284,3.172352,2.213068962097168,-0.06997944414615631,0.3696162700653076,nan,0.1981797218322754,0.0,0.024370774626731873,0.8642341494560242,13.993135452270508,0.0,0.0,nan,nan,0.0,0.0,0.33963048458099365,0.30971795320510864,2.5989583333333335,0.33963048458099365,0.023114497462908428,0.021907076239585876
449,0.3740778279999972,3.172352,2.1940500736236572,-0.0730898529291153,0.34893599152565,nan,0.1968456208705902,0.0,0.02309623919427395,0.8599295020103455,13.505731582641602,0.0,0.0,nan,nan,0.0,0.0,0.33683907985687256,0.3028833270072937,2.6484375,0.33683907985687256,0.023071524997552235,0.021797947585582733
450,0.3753115609999895,3.172352,2.096158504486084,-0.08033686876296997,0.17415960133075714,nan,0.18816301226615906,0.0,0.02281232550740242,0.9574598073959351,12.273505210876465,0.0,0.0,nan,nan,0.0,0.0,0.3345133066177368,0.30027368664741516,2.8020833333333335,0.3345133066177368,0.023062437772750854,0.021687783300876617
451,0.3778183580000132,3.172352,1.8685766458511353,-0.0927436351776123,0.3435262143611908,nan,0.16692689061164856,0.0,0.023264095187187195,0.8579553961753845,10.876189231872559,0.0,0.0,nan,nan,0.0,0.0,0.3333413203557332,0.30026793479919434,2.7864583333333335,0.3333413203557332,0.02304657797018687,0.021548718214035034
452,0.37941666000000396,3.172352,1.6743052005767822,-0.10475581884384155,0.256115585565567,nan,0.14709512889385223,0.0,0.024868663400411606,1.07501220703125,10.807966232299805,0.0,0.0,nan,nan,0.0,0.0,0.33454227447509766,0.30223241448402405,2.6328125,0.33454227447509766,0.02305113027493159,0.02134042978286743
453,0.38244568699997217,3.172352,1.6934278011322021,-0.09543468058109283,0.20115050673484802,nan,0.1480470895767212,0.0,0.0289620291441679,1.336690902709961,11.23170280456543,0.0,0.0,nan,nan,0.0,0.0,0.3362281719843547,0.30630624294281006,2.7239583333333335,0.3362281719843547,0.0230280136068662,0.021146416664123535
454,0.3792461410000101,3.172352,1.8873381614685059,-0.07409551739692688,0.2555491626262665,nan,0.1656193733215332,0.0,0.03719155117869377,1.5860812664031982,11.849714279174805,0.0,0.0,nan,nan,0.0,0.0,0.3362130324045817,0.3098392188549042,2.7265625,0.3362130324045817,0.02297945072253545,0.02097998559474945
455,0.38408032800003866,3.172352,1.9893598556518555,-0.05816343426704407,0.29459142684936523,nan,0.1747296303510666,0.0,0.04841835796833038,1.791245698928833,12.094602584838867,0.0,0.0,nan,nan,0.0,0.0,0.3349037170410156,0.3055017590522766,2.71875,0.3349037170410156,0.022913051148255665,0.02083658054471016
456,0.3889763950000429,3.172352,2.019949436187744,-0.046325407922267914,0.18159449100494385,nan,0.17700760066509247,0.0,0.060848355293273926,2.0326573848724365,11.682693481445312,0.0,0.0,nan,nan,0.0,0.0,0.33369767665863037,0.2912612855434418,2.8515625,0.33369767665863037,0.022899416585763294,0.02072075754404068
457,0.39347920199998043,3.172352,2.1373915672302246,-0.06416656821966171,0.23902922868728638,nan,0.1895744800567627,0.0,0.06026306375861168,1.6878670454025269,10.987090110778809,1.0,0.0,nan,nan,0.0,1.0,0.3340892394383748,0.281380832195282,2.6197916666666665,0.3340892394383748,0.022975511848926544,0.020685210824012756
458,0.3879686289999995,3.172352,1.9730321168899536,-0.07012738287448883,0.3052000105381012,nan,0.1780191957950592,0.0,0.02891545370221138,1.2512304782867432,9.404243469238281,0.0,0.0,nan,nan,0.0,0.0,0.33764596780141193,0.2946750223636627,2.6744791666666665,0.33764596780141193,0.022993867595990498,0.02102871984243393
459,0.38691442399999687,3.172352,1.8348480463027954,-0.04964350908994675,0.23172083497047424,nan,0.16407132148742676,0.0,0.03553014248609543,1.452310562133789,9.339515686035156,0.0,0.0,nan,nan,0.0,0.0,0.33708759148915607,0.29060032963752747,2.5807291666666665,0.33708759148915607,0.02296921859184901,0.020859763026237488
460,0.38863335799999277,3.172352,1.792941689491272,-0.03525872528553009,0.17479701340198517,nan,0.15982189774513245,0.0,0.043974619358778,1.6552908420562744,9.478424072265625,0.0,0.0,nan,nan,0.0,0.0,0.3354185422261556,0.2842232882976532,2.6692708333333335,0.3354185422261556,0.022923362751801808,0.020705021917819977
461,0.3954621650000263,3.172352,1.8430421352386475,-0.04875370115041733,0.1635463535785675,nan,0.16360607743263245,0.0,0.05437534302473068,1.5090892314910889,9.488444328308105,0.0,0.0,nan,nan,0.0,0.0,0.3336755037307739,0.27891579270362854,2.6588541666666665,0.3336755037307739,0.022896309693654377,0.02060859277844429
462,0.39584293500001877,3.172352,2.0051493644714355,-0.08105522394180298,0.25278136134147644,nan,0.1796422302722931,0.0,0.06321410834789276,1.3358793258666992,9.123270034790039,0.0,0.0,nan,nan,0.0,0.0,0.33389655749003094,0.2884938418865204,2.6979166666666665,0.33389655749003094,0.02284579227368037,0.020610414445400238
463,0.39332185399996433,3.172352,2.0612423419952393,-0.08213156461715698,0.13776099681854248,nan,0.1858326643705368,0.0,0.05338304862380028,1.314685344696045,8.308001518249512,1.0,0.0,nan,nan,0.0,1.0,0.33456401030222577,0.30389586091041565,2.703125,0.33456401030222577,0.022918902337551117,0.020645316690206528
464,0.38566422299999203,3.172352,2.0440633296966553,-0.0963749885559082,0.32586848735809326,nan,0.1883261501789093,0.0,0.02761307917535305,1.0939512252807617,7.06471586227417,0.0,0.0,nan,nan,0.0,0.0,0.33650457859039307,0.30411243438720703,2.6588541666666665,0.33650457859039307,0.022982728977998097,0.021301068365573883
465,0.3866033689999995,3.172352,1.760115385055542,-0.12046242505311966,0.4227852523326874,nan,0.1596105694770813,0.0,0.03398410230875015,1.413419246673584,6.96873664855957,0.0,0.0,nan,nan,0.0,0.0,0.3387792110443115,0.3080004155635834,2.7604166666666665,0.3387792110443115,0.022997714579105377,0.021096736192703247
466,0.3896836669999857,3.172352,1.5847431421279907,-0.14053481817245483,0.20704656839370728,nan,0.1405336707830429,0.0,0.04219586402177811,1.4852017164230347,7.96225643157959,0.0,0.0,nan,nan,0.0,0.0,0.34125276406606037,0.30566805601119995,2.5989583333333335,0.34125276406606037,0.02299213409423828,0.020899325609207153
467,0.38986519600001657,3.172352,1.67829430103302,-0.14003916084766388,0.1949845552444458,nan,0.14759506285190582,0.0,0.053376179188489914,1.6414709091186523,9.074923515319824,0.0,0.0,nan,nan,0.0,0.0,0.3413257996241252,0.29819050431251526,2.5286458333333335,0.3413257996241252,0.022982920209566753,0.02071225643157959
468,0.38765927999997984,3.172352,1.9889856576919556,-0.18558020889759064,0.15405309200286865,nan,0.17998811602592468,0.0,0.05060502886772156,1.1200981140136719,9.741477012634277,1.0,0.0,nan,nan,0.0,1.0,0.3403819799423218,0.2985120117664337,2.7291666666666665,0.3403819799423218,0.02307603508234024,0.020674176514148712
469,0.37888721000001624,3.172352,1.7365672588348389,-0.2023913860321045,0.17815615236759186,nan,0.1563621461391449,0.0,0.025552596896886826,0.852251410484314,9.778668403625488,0.0,0.0,nan,nan,0.0,0.0,0.3396022717158,0.3162747919559479,2.6927083333333335,0.3396022717158,0.023139531413714092,0.022919543087482452
470,0.3836516469999651,3.172352,1.5683698654174805,-0.22129327058792114,0.13363516330718994,nan,0.13869808614253998,0.0,0.026912979781627655,0.8021823763847351,9.959447860717773,0.0,0.0,nan,nan,0.0,0.0,0.3378966649373372,0.3177233040332794,2.6796875,0.3378966649373372,0.0231575146317482,0.02291841059923172
471,0.3846560680000266,3.172352,1.4227575063705444,-0.2407199740409851,0.18377529084682465,nan,0.12314905971288681,0.0,0.025690091773867607,0.8943976759910583,10.471651077270508,0.0,0.0,nan,nan,0.0,0.0,0.337652325630188,0.3166525661945343,2.7109375,0.337652325630188,0.023175343871116638,0.02292224019765854
472,0.3826434839999706,3.172352,1.314701795578003,-0.252307653427124,0.10325054079294205,nan,0.11228694021701813,0.0,0.023299267515540123,0.9103562235832214,10.900561332702637,0.0,0.0,nan,nan,0.0,0.0,0.3371807336807251,0.3101463317871094,2.7864583333333335,0.3371807336807251,0.023190543055534363,0.022963225841522217
473,0.386487633999991,3.172352,1.334334373474121,-0.2593356668949127,0.1642756462097168,nan,0.11376897990703583,0.0,0.022851288318634033,0.8865069150924683,11.500604629516602,0.0,0.0,nan,nan,0.0,0.0,0.33647576967875165,0.304705947637558,2.6979166666666665,0.33647576967875165,0.023198847969373066,0.022928692400455475
474,0.3816864629999941,3.172352,1.457313895225525,-0.2623637914657593,0.23895953595638275,nan,0.12537793815135956,0.0,0.02340676449239254,0.8112238645553589,12.209199905395508,0.0,0.0,nan,nan,0.0,0.0,0.3353859583536784,0.30029088258743286,2.7942708333333335,0.3353859583536784,0.023183236519495647,0.022915281355381012
475,0.3866468599999848,3.172352,1.5790791511535645,-0.2641868591308594,0.2635405659675598,nan,0.13784614205360413,0.0,0.02348068170249462,0.7758464813232422,11.831289291381836,0.0,0.0,nan,nan,0.0,0.0,0.3338213364283244,0.2975521683692932,2.8177083333333335,0.3338213364283244,0.023209959268569946,0.022912941873073578
476,0.3876370240000142,3.172352,1.6821292638778687,-0.25801241397857666,0.2205912470817566,nan,0.14828962087631226,0.0,0.02333320677280426,0.8024296760559082,11.478078842163086,0.0,0.0,nan,nan,0.0,0.0,0.3315858840942383,0.29697227478027344,2.8541666666666665,0.3315858840942383,0.023228113849957783,0.022913195192813873
477,0.38706420799996977,3.172352,1.645590901374817,-0.24585524201393127,0.35300520062446594,nan,0.1446569710969925,0.0,0.023991897702217102,0.6986841559410095,10.890151977539062,0.0,0.0,nan,nan,0.0,0.0,0.32968902587890625,0.29735952615737915,2.9661458333333335,0.32968902587890625,0.02323021988073985,0.022918567061424255
478,0.3893387620000226,3.172352,1.6287827491760254,-0.2297247052192688,0.24810412526130676,nan,0.14256617426872253,0.0,0.024478761479258537,0.8195098638534546,10.97940731048584,0.0,0.0,nan,nan,0.0,0.0,0.3291860818862915,0.30239447951316833,2.9375,0.3291860818862915,0.023245741923650105,0.022936224937438965
479,0.3845071449999864,3.172352,1.8239567279815674,-0.20397856831550598,0.15446722507476807,nan,0.1618015468120575,0.0,0.025396838784217834,0.9156312942504883,11.335674285888672,0.0,0.0,nan,nan,0.0,0.0,0.32896584272384644,0.31071585416793823,2.9166666666666665,0.32896584272384644,0.02323232839504878,0.02298654615879059
480,0.3838398710000206,3.172352,2.106250524520874,-0.17576253414154053,0.2126062512397766,nan,0.18918518722057343,0.0,0.028580978512763977,0.8537787795066833,12.06626033782959,0.0,0.0,nan,nan,0.0,0.0,0.32881490389506024,0.31054091453552246,2.9973958333333335,0.32881490389506024,0.023213721811771393,0.02302236109972
481,0.38962115999999014,3.172352,2.369296073913574,-0.14933247864246368,0.1287153959274292,nan,0.21474000811576843,0.0,0.032716356217861176,0.786479651927948,12.390039443969727,0.0,0.0,nan,nan,0.0,0.0,0.32913146416346234,0.310536652803421,2.7421875,0.32913146416346234,0.023220501840114594,0.023012973368167877
482,0.38889393300001984,3.172352,2.4942219257354736,-0.1318226456642151,0.17342422902584076,nan,0.22694377601146698,0.0,0.036034490913152695,0.8894908428192139,12.440004348754883,0.0,0.0,nan,nan,0.0,0.0,0.32971378167470294,0.31100183725357056,2.796875,0.32971378167470294,0.023209606607755024,0.022991038858890533
483,0.38646181000001434,3.172352,2.3772072792053223,-0.1313648819923401,0.14749258756637573,nan,0.21465355157852173,0.0,0.03817148506641388,0.9919106364250183,12.454023361206055,0.0,0.0,nan,nan,0.0,0.0,0.3300529917081197,0.3107201159000397,2.6822916666666665,0.3300529917081197,0.02320956935485204,0.02291344851255417
484,0.3865844169999946,3.172352,2.211423873901367,-0.13570483028888702,0.21550823748111725,nan,0.19752554595470428,0.0,0.03858086094260216,1.217426061630249,12.570180892944336,0.0,0.0,nan,nan,0.0,0.0,0.3303188681602478,0.3096563220024109,2.625,0.3303188681602478,0.023158664504686993,0.022919297218322754
485,0.3881412819999923,3.172352,2.122739315032959,-0.14351576566696167,0.28429263830184937,nan,0.18848048150539398,0.0,0.03910937160253525,1.215152621269226,13.312383651733398,0.0,0.0,nan,nan,0.0,0.0,0.32991496721903485,0.30961915850639343,2.6119791666666665,0.32991496721903485,0.023157666126887005,0.02288539707660675
486,0.39048715999996375,3.172352,2.0883610248565674,-0.155207097530365,0.32450875639915466,nan,0.18465261161327362,0.0,0.04091956466436386,1.0528844594955444,14.176342010498047,0.0,0.0,nan,nan,0.0,0.0,0.32981093724568683,0.3073473572731018,2.8411458333333335,0.32981093724568683,0.023119208713372547,0.022836051881313324
487,0.3896528260000309,3.172352,2.0709166526794434,-0.1655009388923645,0.2603754699230194,nan,0.18229961395263672,0.0,0.04266006872057915,0.9465723037719727,14.684347152709961,0.0,0.0,nan,nan,0.0,0.0,0.3303682804107666,0.3068290948867798,2.6744791666666665,0.3303682804107666,0.023145789901415508,0.022793814539909363
488,0.3901999170000181,3.172352,2.050311803817749,-0.17568925023078918,0.23774802684783936,nan,0.1800147145986557,0.0,0.04384080693125725,0.9502756595611572,14.897453308105469,0.0,0.0,nan,nan,0.0,0.0,0.3305956721305847,0.30738332867622375,2.6328125,0.3305956721305847,0.023147625227769215,0.022760912775993347
489,0.39128869799998256,3.172352,1.967189073562622,-0.18957793712615967,0.27725616097450256,nan,0.17224852740764618,0.0,0.04645160585641861,0.8853582739830017,14.543478012084961,0.0,0.0,nan,nan,0.0,0.0,0.3307172656059265,0.3102639615535736,2.7239583333333335,0.3307172656059265,0.02313542366027832,0.022752538323402405
490,0.390110720999985,3.172352,1.8910548686981201,-0.20160789787769318,0.20756514370441437,nan,0.16474895179271698,0.0,0.04954274743795395,0.6863361597061157,13.979606628417969,0.0,0.0,nan,nan,0.0,0.0,0.3319069743156433,0.3135825991630554,2.6979166666666665,0.3319069743156433,0.02313963572184245,0.022759482264518738
491,0.39273703699996076,3.172352,1.9830830097198486,-0.21137164533138275,0.20104092359542847,nan,0.17257928848266602,0.0,0.05157741159200668,0.7185400724411011,14.687723159790039,0.0,0.0,nan,nan,0.0,0.0,0.33420634269714355,0.31425145268440247,2.6536458333333335,0.33420634269714355,0.023157010475794475,0.022795408964157104
492,0.389916841999991,3.172352,2.2741074562072754,-0.20521637797355652,0.25571849942207336,nan,0.20116989314556122,0.0,0.053407322615385056,0.8194936513900757,15.778463363647461,0.0,0.0,nan,nan,0.0,0.0,0.3367076317469279,0.3159838318824768,2.4505208333333335,0.3367076317469279,0.02317517747481664,0.02288595587015152
493,0.39240061399999604,3.172352,2.5674562454223633,-0.1873936653137207,0.2570669949054718,nan,0.22932827472686768,0.0,0.05556687340140343,0.9082605242729187,17.073209762573242,0.0,0.0,nan,nan,0.0,0.0,0.3377951383590698,0.31599950790405273,2.4609375,0.3377951383590698,0.023196545739968617,0.022911064326763153
494,0.3893523280000295,3.172352,2.680631637573242,-0.17347832024097443,0.2495088428258896,nan,0.2392185926437378,0.0,0.057580456137657166,1.0494107007980347,18.268688201904297,0.0,0.0,nan,nan,0.0,0.0,0.33730626106262207,0.31808793544769287,2.6145833333333335,0.33730626106262207,0.023135607441266377,0.022521942853927612
495,0.38732858600002373,3.172352,2.5806312561035156,-0.17298220098018646,0.2716141641139984,nan,0.229300856590271,0.0,0.05967649072408676,1.1619552373886108,18.237049102783203,0.0,0.0,nan,nan,0.0,0.0,0.336858073870341,0.3213277757167816,2.7942708333333335,0.336858073870341,0.023171501855055492,0.022605448961257935
496,0.3825529270000061,3.172352,2.3440020084381104,-0.18175752460956573,0.2090974599123001,nan,0.20585428178310394,0.0,0.06220090016722679,1.3780734539031982,17.21726417541504,0.0,0.0,nan,nan,0.0,0.0,0.33709696928660077,0.31425201892852783,2.6848958333333335,0.33709696928660077,0.023174136877059937,0.022658810019493103
497,0.3737093980000168,3.172352,2.112278461456299,-0.18185856938362122,0.20307427644729614,nan,0.18449333310127258,0.0,0.052401524037122726,1.2170634269714355,15.181026458740234,1.0,0.0,nan,nan,0.0,1.0,0.33802584807078045,0.3050183951854706,2.6171875,0.33802584807078045,0.02320666362841924,0.02271324396133423
498,0.3752197509999746,3.172352,1.8519728183746338,-0.1794005185365677,0.25825634598731995,nan,0.1650720089673996,0.0,0.025712875649333,0.8771367073059082,11.8154296875,0.0,0.0,nan,nan,0.0,0.0,0.33919036388397217,0.3184340000152588,2.6223958333333335,0.33919036388397217,0.023166125019391377,0.022810935974121094
499,0.375102738999999,3.172352,1.8058171272277832,-0.19033020734786987,0.18206442892551422,nan,0.16166862845420837,0.0,0.02492942474782467,0.8751723766326904,10.43592357635498,0.0,0.0,nan,nan,0.0,0.0,0.33729231357574463,0.31822848320007324,2.8203125,0.33729231357574463,0.023122139275074005,0.022762954235076904
500,0.3754415349999931,3.172352,1.77759850025177,-0.188094362616539,0.26632094383239746,nan,0.15964679419994354,0.0,0.023315012454986572,0.9332332611083984,9.746851921081543,0.0,0.0,nan,nan,0.0,0.0,0.33502737681070965,0.3160930275917053,2.8255208333333335,0.33502737681070965,0.023112093408902485,0.022794567048549652
501,0.37476510400000507,3.172352,1.7252837419509888,-0.17494350671768188,0.13428932428359985,nan,0.15521787106990814,0.0,0.022445179522037506,1.0009872913360596,9.056550979614258,0.0,0.0,nan,nan,0.0,0.0,0.33302052815755206,0.31307947635650635,2.875,0.33302052815755206,0.02311995377143224,0.02280069887638092
502,0.37427293400003236,3.172352,1.6906119585037231,-0.16570548713207245,0.19584260880947113,nan,0.15203016996383667,0.0,0.023477062582969666,1.0679739713668823,8.822150230407715,0.0,0.0,nan,nan,0.0,0.0,0.33160271247227985,0.3126940131187439,3.0104166666666665,0.33160271247227985,0.02311460425456365,0.02280888706445694
503,0.3751241190000201,3.172352,1.665388822555542,-0.15841758251190186,0.2128516584634781,nan,0.14961105585098267,0.0,0.02626810036599636,0.8085430860519409,8.686389923095703,0.0,0.0,nan,nan,0.0,0.0,0.33086174726486206,0.311697393655777,2.9479166666666665,0.33086174726486206,0.023100351293881733,0.022827744483947754
504,0.3797559019999994,3.172352,1.7246290445327759,-0.15073060989379883,0.18736852705478668,nan,0.15517795085906982,0.0,0.029799550771713257,0.6364954113960266,8.819167137145996,0.0,0.0,nan,nan,0.0,0.0,0.33081920941670734,0.30822595953941345,2.8567708333333335,0.33081920941670734,0.023110794524351757,0.022749722003936768
505,0.3794079580000016,3.172352,1.7924596071243286,-0.1525234580039978,0.30592846870422363,nan,0.16134080290794373,0.0,0.033308546990156174,0.5576784014701843,8.736865997314453,0.0,0.0,nan,nan,0.0,0.0,0.33143313725789386,0.3081870675086975,2.8229166666666665,0.33143313725789386,0.02310912807782491,0.0227140411734581
506,0.3810008899999957,3.172352,1.8684945106506348,-0.15341752767562866,0.2725238800048828,nan,0.16944073140621185,0.0,0.03597743436694145,0.44903144240379333,8.87746810913086,0.0,0.0,nan,nan,0.0,0.0,0.33204307158788043,0.3098701536655426,2.7864583333333335,0.33204307158788043,0.023112172881762188,0.02277369052171707
507,0.37855073900004754,3.172352,1.9112739562988281,-0.1504237949848175,0.14875903725624084,nan,0.17281131446361542,0.0,0.03762567788362503,0.4652455747127533,9.388450622558594,0.0,0.0,nan,nan,0.0,0.0,0.3318697015444438,0.31047582626342773,2.8359375,0.3318697015444438,0.02310837556918462,0.022763080894947052
508,0.37845930299999964,3.172352,1.8368198871612549,-0.1564529538154602,0.16523629426956177,nan,0.16458597779273987,0.0,0.03917122632265091,0.5402933359146118,9.84556770324707,0.0,0.0,nan,nan,0.0,0.0,0.3311018745104472,0.3109177350997925,2.8385416666666665,0.3311018745104472,0.023099017639954884,0.022740863263607025
509,0.38661422000001266,3.172352,1.6243996620178223,-0.17623178660869598,0.21462403237819672,nan,0.14276568591594696,0.0,0.04119918495416641,0.6699970960617065,10.04697036743164,0.0,0.0,nan,nan,0.0,0.0,0.3304465015729268,0.3095461428165436,2.8932291666666665,0.3304465015729268,0.023098071416219074,0.02260536700487137
510,0.3870954449999999,3.172352,1.4588223695755005,-0.19367551803588867,0.18850114941596985,nan,0.12507739663124084,0.0,0.04403570294380188,0.8653254508972168,10.49356746673584,0.0,0.0,nan,nan,0.0,0.0,0.3303232987721761,0.3026229739189148,2.9114583333333335,0.3303232987721761,0.02309606224298477,0.022588901221752167
511,0.38657007299997304,3.172352,1.4416921138763428,-0.1981525868177414,0.10050015151500702,nan,0.12188009917736053,0.0,0.04881490394473076,0.9000179171562195,11.35429573059082,0.0,0.0,nan,nan,0.0,0.0,0.33056070407231647,0.3013818562030792,2.8463541666666665,0.33056070407231647,0.023116884132226307,0.022648461163043976
512,0.38439578000003394,3.172352,1.5696638822555542,-0.18757548928260803,0.1340322196483612,nan,0.13241136074066162,0.0,0.05554882809519768,0.9937872886657715,13.211341857910156,0.0,0.0,nan,nan,0.0,0.0,0.3306623895963033,0.3017415702342987,2.7760416666666665,0.3306623895963033,0.023132582505544026,0.022624582052230835
513,0.38356762100005426,3.172352,1.7560672760009766,-0.180314302444458,0.11556964367628098,nan,0.14931607246398926,0.0,0.06508447229862213,1.2542695999145508,14.780077934265137,0.0,0.0,nan,nan,0.0,0.0,0.3306361834208171,0.3044370710849762,2.7682291666666665,0.3306361834208171,0.02315788467725118,0.02260328084230423
514,0.3839815000000044,3.172352,1.915972352027893,-0.1984763741493225,0.18259556591510773,nan,0.16768291592597961,0.0,0.042325928807258606,1.1305601596832275,13.63547420501709,1.0,0.0,nan,nan,0.0,1.0,0.33269838492075604,0.3052995502948761,2.7161458333333335,0.33269838492075604,0.023172979553540547,0.022589795291423798
515,0.3808730529999593,3.172352,1.8722540140151978,-0.2087499350309372,0.24370434880256653,nan,0.1654997318983078,0.0,0.03944257274270058,1.2141488790512085,12.628143310546875,0.0,0.0,nan,nan,0.0,0.0,0.33267052968343097,0.30975717306137085,2.703125,0.33267052968343097,0.02313723663489024,0.022586487233638763
516,0.38029776100000845,3.172352,1.7559499740600586,-0.21769793331623077,0.2670678198337555,nan,0.15375947952270508,0.0,0.04613689333200455,1.1215271949768066,12.2451171875,0.0,0.0,nan,nan,0.0,0.0,0.33181488513946533,0.30945339798927307,2.6484375,0.33181488513946533,0.02313582847515742,0.0225873664021492
517,0.3801149680000435,3.172352,1.6889361143112183,-0.21821877360343933,0.2204182893037796,nan,0.1466841697692871,0.0,0.05314508080482483,1.2778735160827637,12.044204711914062,0.0,0.0,nan,nan,0.0,0.0,0.33122718334198,0.31139636039733887,2.8515625,0.33122718334198,0.023145223657290142,0.022560585290193558
518,0.37957360300003984,3.172352,1.7199630737304688,-0.20487532019615173,0.17669975757598877,nan,0.14906874299049377,0.0,0.06154519319534302,1.4771087169647217,12.153610229492188,0.0,0.0,nan,nan,0.0,0.0,0.3306691646575928,0.30376899242401123,2.8046875,0.3306691646575928,0.02316782871882121,0.022494737058877945
519,0.3838131989999738,3.172352,1.823058009147644,-0.19592157006263733,0.1198820248246193,nan,0.15745049715042114,0.0,0.07277835160493851,1.397503137588501,12.014894485473633,1.0,0.0,nan,nan,0.0,1.0,0.32967384656270343,0.2972874045372009,2.8151041666666665,0.32967384656270343,0.02319632222255071,0.022396009415388107
520,0.38273361400001704,3.172352,1.9021732807159424,-0.18578702211380005,0.1443333476781845,nan,0.16912350058555603,0.0,0.04385359212756157,1.1275434494018555,11.144439697265625,0.0,0.0,nan,nan,0.0,0.0,0.33069656292597455,0.29483214020729065,2.6458333333333335,0.33069656292597455,0.023321814835071564,0.023002155125141144
521,0.3904265529999975,3.172352,1.7927348613739014,-0.19379521906375885,0.20644645392894745,nan,0.15871348977088928,0.0,0.050168365240097046,1.2335913181304932,10.585148811340332,0.0,0.0,nan,nan,0.0,0.0,0.32958988348642987,0.29411083459854126,2.7473958333333335,0.32958988348642987,0.023259895543257397,0.022996768355369568
522,0.3938675910000029,3.172352,1.7109445333480835,-0.19991075992584229,0.17037492990493774,nan,0.14975449442863464,0.0,0.05671870708465576,1.3244521617889404,10.520767211914062,0.0,0.0,nan,nan,0.0,0.0,0.32858659823735553,0.2941862940788269,2.703125,0.32858659823735553,0.023238728443781536,0.02300073951482773
523,0.3946234029999687,3.172352,1.5895936489105225,-0.20608606934547424,0.23229031264781952,nan,0.1368192881345749,0.0,0.06374053657054901,1.3421077728271484,10.684524536132812,0.0,0.0,nan,nan,0.0,0.0,0.3283369143803914,0.29571351408958435,2.7526041666666665,0.3283369143803914,0.023244351148605347,0.02298615127801895
524,0.39594284200001084,3.172352,1.6152313947677612,-0.19914983212947845,0.2278219610452652,nan,0.13850051164627075,0.0,0.07199323922395706,1.4013381004333496,11.37550163269043,0.0,0.0,nan,nan,0.0,0.0,0.32851117849349976,0.2982536554336548,2.7942708333333335,0.32851117849349976,0.02326703319946925,0.022985689342021942
525,0.3956286910000131,3.172352,1.6841541528701782,-0.1855618804693222,0.2337476909160614,nan,0.1444253921508789,0.0,0.08344735205173492,1.4887055158615112,12.093649864196777,0.0,0.0,nan,nan,0.0,0.0,0.328561007976532,0.3026772439479828,2.6953125,0.328561007976532,0.023289978504180908,0.023012764751911163
526,0.39756828299999825,3.172352,1.727948546409607,-0.1762610226869583,0.1912071257829666,nan,0.14689475297927856,0.0,0.09950750321149826,1.7221393585205078,12.314535140991211,0.0,0.0,nan,nan,0.0,0.0,0.328668753306071,0.2998279631137848,2.6067708333333335,0.328668753306071,0.023264060417811077,0.023039333522319794
527,0.3882125900000233,3.172352,1.5649601221084595,-0.1788964569568634,0.08724343031644821,nan,0.1316298544406891,0.0,0.08603547513484955,1.4013195037841797,12.001155853271484,1.0,0.0,nan,nan,0.0,1.0,0.3311853806177775,0.29854047298431396,2.5520833333333335,0.3311853806177775,0.023371634383996327,0.023028627038002014
528,0.38975602400000753,3.172352,1.2828748226165771,-0.1967974305152893,0.13828833401203156,nan,0.10535667836666107,0.0,0.08793038129806519,1.2997536659240723,10.915121078491211,0.0,0.0,nan,nan,0.0,0.0,0.3317408760388692,0.3159624934196472,2.7265625,0.3317408760388692,0.023235589265823364,0.0230332612991333
529,0.38323906100004024,3.172352,1.306095004081726,-0.1957409679889679,0.06858645379543304,nan,0.10683783143758774,0.0,0.07706192135810852,1.3239082098007202,10.371420860290527,1.0,0.0,nan,nan,0.0,1.0,0.3325250744819641,0.3131644129753113,2.7760416666666665,0.3325250744819641,0.02330261965592702,0.02298831194639206
530,0.38497992999998587,3.172352,1.3824286460876465,-0.17887580394744873,0.16918496787548065,nan,0.11730331182479858,0.0,0.06586889922618866,1.0545692443847656,10.291839599609375,0.0,0.0,nan,nan,0.0,0.0,0.3334134022394816,0.3161716163158417,2.8671875,0.3334134022394816,0.02324346701304118,0.022987298667430878
531,0.3834477070000162,3.172352,1.5914509296417236,-0.16514398157596588,0.15467707812786102,nan,0.13539090752601624,0.0,0.06851911544799805,1.011762022972107,11.087862968444824,1.0,0.0,nan,nan,0.0,1.0,0.3338003158569336,0.3156043291091919,2.6692708333333335,0.3338003158569336,0.023268515865008037,0.022812053561210632
532,0.38390484299998207,3.172352,2.1269640922546387,-0.1506415754556656,0.1768626868724823,nan,0.1915603131055832,0.0,0.039835553616285324,1.0084412097930908,12.326889038085938,0.0,0.0,nan,nan,0.0,0.0,0.3356550931930542,0.3161335289478302,2.6666666666666665,0.3356550931930542,0.023268751800060272,0.022564060986042023
533,0.3845755849999932,3.172352,2.128683090209961,-0.13504716753959656,0.26789528131484985,nan,0.19113314151763916,0.0,0.04317622631788254,0.9482074975967407,12.958110809326172,0.0,0.0,nan,nan,0.0,0.0,0.3353874683380127,0.31634995341300964,2.6979166666666665,0.3353874683380127,0.023216182986895244,0.022551491856575012
534,0.3852108250000015,3.172352,2.1029930114746094,-0.13366013765335083,0.20259448885917664,nan,0.1883547157049179,0.0,0.04770634323358536,1.0469632148742676,13.048707962036133,0.0,0.0,nan,nan,0.0,0.0,0.3347577253977458,0.30547860264778137,2.84375,0.3347577253977458,0.023193982740243275,0.02251947671175003
535,0.3901462470000183,3.172352,1.9435917139053345,-0.14274346828460693,0.20171721279621124,nan,0.17227725684642792,0.0,0.054432593286037445,1.1533455848693848,12.519277572631836,0.0,0.0,nan,nan,0.0,0.0,0.33425100644429523,0.30053243041038513,2.8463541666666665,0.33425100644429523,0.02318672090768814,0.02246762067079544
536,0.3912773489999495,3.172352,1.8509511947631836,-0.147774338722229,0.14290715754032135,nan,0.16266126930713654,0.0,0.06349481642246246,1.2531012296676636,12.563780784606934,0.0,0.0,nan,nan,0.0,0.0,0.3344312906265259,0.30050626397132874,2.6588541666666665,0.3344312906265259,0.02319817493359248,0.022394895553588867
537,0.39467927599997665,3.172352,1.9351909160614014,-0.1429862380027771,0.16283360123634338,nan,0.16962651908397675,0.0,0.07507319748401642,1.3668198585510254,13.657099723815918,0.0,0.0,nan,nan,0.0,0.0,0.33545295397440594,0.30461257696151733,2.6979166666666665,0.33545295397440594,0.023197670777638752,0.022304534912109375
538,0.39254112800000485,3.172352,2.179227352142334,-0.12779220938682556,0.2585901618003845,nan,0.192010760307312,0.0,0.08914905786514282,1.501701831817627,14.184457778930664,0.0,0.0,nan,nan,0.0,0.0,0.33682088057200116,0.31435325741767883,2.6927083333333335,0.33682088057200116,0.02319375177224477,0.022203542292118073
539,0.3896747709999886,3.172352,2.4490485191345215,-0.11443206667900085,0.31409594416618347,nan,0.21712206304073334,0.0,0.10226144641637802,1.685154914855957,14.343676567077637,1.0,0.0,nan,nan,0.0,1.0,0.3378337224324544,0.3197082579135895,2.53125,0.3378337224324544,0.023218460381031036,0.022103898227214813
540,0.3854299289999972,3.172352,2.4932940006256104,-0.12379837036132812,0.2539080083370209,nan,0.2243437021970749,0.0,0.08216455578804016,1.3266942501068115,13.32763957977295,0.0,0.0,nan,nan,0.0,0.0,0.3390161991119385,0.31518790125846863,2.3958333333333335,0.3390161991119385,0.02324351171652476,0.022005729377269745
541,0.388455356999998,3.172352,2.4149374961853027,-0.10843785852193832,0.140811949968338,nan,0.21617953479290009,0.0,0.09582012891769409,1.3627299070358276,13.680908203125,0.0,0.0,nan,nan,0.0,0.0,0.3399875958760579,0.31298768520355225,2.3359375,0.3399875958760579,0.02315750966469447,0.02188534289598465
542,0.38717462099998556,3.172352,2.3745179176330566,-0.08324168622493744,0.21313641965389252,nan,0.20937058329582214,0.0,0.11179353296756744,1.416707992553711,15.394889831542969,0.0,0.0,nan,nan,0.0,0.0,0.33972497781117755,0.3129590153694153,2.4244791666666665,0.33972497781117755,0.023099350432554882,0.02172067016363144
543,0.38780625000003965,3.172352,2.405316114425659,-0.05249887332320213,0.13513945043087006,nan,0.2090274691581726,0.0,0.13082070648670197,1.396851897239685,17.504749298095703,0.0,0.0,nan,nan,0.0,0.0,0.3381948471069336,0.3130567967891693,2.6119791666666665,0.3381948471069336,0.023014108339945476,0.02151203155517578
544,0.41941603199995825,3.172352,2.498918294906616,-0.03615053370594978,0.18576717376708984,nan,0.21412281692028046,0.0,0.15314485132694244,1.6110656261444092,19.6336669921875,0.0,0.0,nan,nan,0.0,0.0,0.33624184131622314,0.29565703868865967,2.4895833333333335,0.33624184131622314,0.022980473935604095,0.021293990314006805
545,0.3864943859999812,3.172352,2.8186399936676025,-0.014440905302762985,0.2378460317850113,nan,0.23732012510299683,0.0,0.16457408666610718,1.8727015256881714,20.58778953552246,2.0,0.0,nan,nan,0.0,2.0,0.3347262144088745,0.28044241666793823,2.3671875,0.3347262144088745,0.023057937622070312,0.021110065281391144
546,0.38708715299998175,3.172352,3.1189515590667725,0.02664797008037567,0.23509344458580017,nan,0.28207212686538696,0.0,0.0919976457953453,1.2630114555358887,15.493556022644043,1.0,0.0,nan,nan,0.0,1.0,0.3410201867421468,0.2689715623855591,2.46875,0.3410201867421468,0.022973028322060902,0.02096692845225334
547,0.39340203899996595,3.172352,2.858484983444214,0.04358910024166107,0.3216651976108551,nan,0.25997477769851685,0.0,0.09136988967657089,1.382738471031189,13.98114013671875,0.0,0.0,nan,nan,0.0,0.0,0.3403099775314331,0.23100093007087708,2.640625,0.3403099775314331,0.02284355213244756,0.02083960920572281
548,0.3876886869999794,3.172352,2.799985408782959,0.005949646234512329,0.15516778826713562,nan,0.25110670924186707,0.0,0.08823205530643463,1.1785529851913452,12.9137601852417,1.0,0.0,nan,nan,0.0,1.0,0.3392406702041626,0.23140545189380646,2.5677083333333335,0.3392406702041626,0.022953962286313374,0.020840240642428398
549,0.37477133199996615,3.172352,2.3931233882904053,0.02245144546031952,0.14695259928703308,nan,0.22084812819957733,0.0,0.02492440864443779,1.071624517440796,10.365718841552734,1.0,0.0,nan,nan,0.0,1.0,0.3447806040445964,0.23965603113174438,2.65625,0.3447806040445964,0.02293593684832255,0.020840011537075043
550,0.3785333429999582,3.172352,1.9589427709579468,0.03780028969049454,0.15686094760894775,nan,0.17745386064052582,0.0,0.028193026781082153,1.365401268005371,9.6205472946167,0.0,0.0,nan,nan,0.0,0.0,0.3423977692921956,0.28452134132385254,2.7213541666666665,0.3423977692921956,0.022828365365664165,0.020982101559638977
551,0.3821980580000286,3.172352,1.7557241916656494,0.049143195152282715,0.14726239442825317,nan,0.15587013959884644,0.0,0.03865210711956024,1.7586020231246948,9.807552337646484,0.0,0.0,nan,nan,0.0,0.0,0.3373514413833618,0.24937263131141663,2.65625,0.3373514413833618,0.022772895793120067,0.020836681127548218
552,0.38596439399998417,3.172352,1.6488938331604004,0.02763514593243599,0.21132679283618927,nan,0.14406731724739075,0.0,0.05293954163789749,1.7618188858032227,9.683799743652344,0.0,0.0,nan,nan,0.0,0.0,0.3314828673998515,0.23139359056949615,2.671875,0.3314828673998515,0.022748326261838276,0.02078312635421753
553,0.3720965019999767,3.172352,1.801194667816162,0.011106260120868683,0.15229611098766327,nan,0.16091284155845642,0.0,0.0344049334526062,1.4451313018798828,9.108078002929688,1.0,0.0,nan,nan,0.0,1.0,0.3334168990453084,0.23868219554424286,2.6510416666666665,0.3334168990453084,0.022786321739355724,0.020814865827560425
554,0.37666509999996833,3.172352,1.566186785697937,0.0299382284283638,0.18270505964756012,nan,0.13723960518836975,0.0,0.033839158713817596,1.5931495428085327,8.067131042480469,0.0,0.0,nan,nan,0.0,0.0,0.3341549237569173,0.2981647551059723,2.6875,0.3341549237569173,0.02271625151236852,0.02122679352760315
555,0.38069051200000104,3.172352,1.2979216575622559,0.04822571575641632,0.16785766184329987,nan,0.10975068062543869,0.0,0.05105582997202873,2.0427350997924805,7.296872615814209,0.0,0.0,nan,nan,0.0,0.0,0.33331825335820514,0.29267746210098267,2.5859375,0.33331825335820514,0.022656152645746868,0.021050743758678436
556,0.3796866669999872,3.172352,1.118034839630127,0.0704755187034607,0.11644229292869568,nan,0.09031330794095993,0.0,0.07423078268766403,2.6525402069091797,7.310931205749512,0.0,0.0,nan,nan,0.0,0.0,0.3311670422554016,0.2810359299182892,2.6614583333333335,0.3311670422554016,0.02255940188964208,0.0208851620554924
557,0.3859690890000138,3.172352,1.0565176010131836,0.09165266156196594,0.1284974217414856,nan,0.08084322512149811,0.0,0.10462868213653564,3.4124293327331543,8.299636840820312,0.0,0.0,nan,nan,0.0,0.0,0.32666383186976117,0.2582235336303711,2.6510416666666665,0.32666383186976117,0.022497256596883137,0.02074410393834114
558,0.3960710770000446,3.172352,1.3306137323379517,0.06397943198680878,0.09433326870203018,nan,0.1049969419836998,0.0,0.1208854466676712,3.685807704925537,9.65567684173584,1.0,0.0,nan,nan,0.0,1.0,0.32336779435475665,0.22661499679088593,2.6822916666666665,0.32336779435475665,0.0225919708609581,0.020703639835119247
559,0.3985974499999543,3.172352,2.0440337657928467,-0.006376445293426514,0.1408536583185196,nan,0.17267131805419922,0.0,0.11607983708381653,3.0527780055999756,10.624163627624512,1.0,0.0,nan,nan,0.0,1.0,0.3243254025777181,0.22773471474647522,2.3489583333333335,0.3243254025777181,0.02280535300572713,0.020775452256202698
560,0.38383924800001523,3.172352,2.5310568809509277,-0.07214784622192383,0.10257752984762192,nan,0.22790297865867615,0.0,0.05848747491836548,2.207376480102539,9.408007621765137,2.0,0.0,nan,nan,0.0,2.0,0.3344508409500122,0.2391781210899353,2.4765625,0.3344508409500122,0.0230009729663531,0.02077428624033928
561,0.38709100200003377,3.172352,2.032439947128296,-0.08009518682956696,0.16906215250492096,nan,0.18664297461509705,0.0,0.01600993424654007,2.059813976287842,7.79616117477417,0.0,0.0,nan,nan,0.0,0.0,0.3382498820622762,0.2666779160499573,2.5989583333333335,0.3382498820622762,0.02303052693605423,0.020740658044815063
562,0.38186404999999013,3.172352,1.9516657590866089,-0.10196197777986526,0.2501767873764038,nan,0.17802706360816956,0.0,0.027266016229987144,1.8044694662094116,8.162887573242188,0.0,0.0,nan,nan,0.0,0.0,0.33516867955525714,0.25868120789527893,2.71875,0.33516867955525714,0.022957426806290943,0.020585253834724426
563,0.3811468429999536,3.172352,2.3862669467926025,-0.1580488085746765,0.24241337180137634,nan,0.22110041975975037,0.0,0.0356217697262764,1.220650315284729,9.103498458862305,0.0,0.0,nan,nan,0.0,0.0,0.33531657854715985,0.2693813741207123,2.8515625,0.33531657854715985,0.022951627771059673,0.020585648715496063
564,0.385115801999973,3.172352,2.2198169231414795,-0.14514368772506714,0.29610204696655273,nan,0.20356743037700653,0.0,0.04400372505187988,1.5826451778411865,9.270120620727539,0.0,0.0,nan,nan,0.0,0.0,0.3365405003229777,0.30219191312789917,2.8151041666666665,0.3365405003229777,0.022948652505874634,0.020658597350120544
565,0.37901699799999733,3.172352,1.9668892621994019,-0.1257275491952896,0.1209438145160675,nan,0.18003949522972107,0.0,0.019241105765104294,1.2197469472885132,9.734217643737793,1.0,0.0,nan,nan,0.0,1.0,0.33773255348205566,0.314365416765213,2.7239583333333335,0.33773255348205566,0.023143333693345387,0.020711563527584076
566,0.3777348699999834,3.172352,1.9754811525344849,-0.11613364517688751,0.17434637248516083,nan,0.18065547943115234,0.0,0.016759801656007767,1.0684540271759033,9.906438827514648,0.0,0.0,nan,nan,0.0,0.0,0.33669130007425946,0.31421634554862976,2.6640625,0.33669130007425946,0.02310800552368164,0.02185778319835663
567,0.37610230699999647,3.172352,2.113093376159668,-0.10536587238311768,0.17926731705665588,nan,0.19370010495185852,0.0,0.021670518442988396,1.260826587677002,9.377645492553711,0.0,0.0,nan,nan,0.0,0.0,0.3352631727854411,0.3171214759349823,2.7291666666666665,0.3352631727854411,0.023060321807861328,0.021665804088115692
568,0.3774710889999824,3.172352,2.1822285652160645,-0.09307490289211273,0.17283505201339722,nan,0.19977442920207977,0.0,0.02842499315738678,1.489153265953064,9.202826499938965,0.0,0.0,nan,nan,0.0,0.0,0.3333802620569865,0.3097127079963684,2.7604166666666665,0.3333802620569865,0.023017485936482746,0.021490953862667084
569,0.37749138899999934,3.172352,2.0013012886047363,-0.08842787146568298,0.26203060150146484,nan,0.1808377504348755,0.0,0.03803760185837746,1.4250653982162476,9.025740623474121,0.0,0.0,nan,nan,0.0,0.0,0.3323873082796733,0.3031845688819885,3.0286458333333335,0.3323873082796733,0.02298338959614436,0.02131306380033493
570,0.38214713100001063,3.172352,1.8662011623382568,-0.08347712457180023,0.27343782782554626,nan,0.16620931029319763,0.0,0.04951545596122742,1.6233737468719482,8.855518341064453,0.0,0.0,nan,nan,0.0,0.0,0.3329877257347107,0.3026476800441742,2.8671875,0.3329877257347107,0.02297288179397583,0.021113336086273193
571,0.38533240399999613,3.172352,1.8430804014205933,-0.07321801781654358,0.1696224808692932,nan,0.16345703601837158,0.0,0.06356367468833923,2.1318225860595703,9.63779067993164,0.0,0.0,nan,nan,0.0,0.0,0.3334908088048299,0.3035421073436737,2.8645833333333335,0.3334908088048299,0.02296033998330434,0.020937912166118622
572,0.37789297800003396,3.172352,2.267629384994507,-0.05481501668691635,0.11156133562326431,nan,0.20446589589118958,0.0,0.060272134840488434,2.298783779144287,11.009733200073242,1.0,0.0,nan,nan,0.0,1.0,0.3337285916010539,0.30613115429878235,2.71875,0.3337285916010539,0.022978124519189198,0.02078789472579956
573,0.3914839429999688,3.172352,2.6503043174743652,-0.0735941082239151,0.14337566494941711,nan,0.2413807511329651,0.0,0.05399736389517784,2.134465217590332,11.432157516479492,1.0,0.0,nan,nan,0.0,1.0,0.33449796835581463,0.3067307472229004,2.8802083333333335,0.33449796835581463,0.022997364401817322,0.02072659134864807
574,0.3841078539999785,3.172352,2.719794273376465,-0.11413620412349701,0.23888422548770905,nan,0.25411665439605713,0.0,0.032747186720371246,1.0761115550994873,10.938558578491211,0.0,0.0,nan,nan,0.0,0.0,0.33745630582173664,0.31355521082878113,2.8255208333333335,0.33745630582173664,0.023110613226890564,0.022238127887248993
575,0.3826049479999938,3.172352,2.45750093460083,-0.13636617362499237,0.23571056127548218,nan,0.2269403636455536,0.0,0.04041476920247078,0.9676513075828552,11.088561058044434,0.0,0.0,nan,nan,0.0,0.0,0.3399265607198079,0.3243109881877899,2.7526041666666665,0.3399265607198079,0.02307685712973277,0.022169984877109528
576,0.38414762900004007,3.172352,2.1850335597991943,-0.15247739851474762,0.1948845088481903,nan,0.1987941712141037,0.0,0.04726259410381317,1.0398023128509521,10.55322551727295,0.0,0.0,nan,nan,0.0,0.0,0.3415763775507609,0.32326504588127136,2.578125,0.3415763775507609,0.023088743289311726,0.022097952663898468
577,0.3841507829999955,3.172352,1.9063078165054321,-0.16317278146743774,0.24787038564682007,nan,0.17137286067008972,0.0,0.05258879065513611,1.0965031385421753,9.61020278930664,0.0,0.0,nan,nan,0.0,0.0,0.34078792730967206,0.31715288758277893,2.65625,0.34078792730967206,0.0231079359849294,0.022027455270290375
578,0.3831369680000307,3.172352,1.630455493927002,-0.17118194699287415,0.5800822377204895,nan,0.1454228013753891,0.0,0.05772671103477478,1.0630444288253784,9.6288423538208,0.0,0.0,nan,nan,0.0,0.0,0.3384867509206136,0.30897125601768494,2.7239583333333335,0.3384867509206136,0.02312628924846649,0.021971717476844788
579,0.3812027749999629,3.172352,1.7632966041564941,-0.1630055010318756,0.3553861975669861,nan,0.15644952654838562,0.0,0.05441742390394211,1.1389638185501099,10.294970512390137,1.0,0.0,nan,nan,0.0,1.0,0.3356328805287679,0.30433666706085205,2.7213541666666665,0.3356328805287679,0.02316133181254069,0.02191254496574402
580,0.3771880759999817,3.172352,2.1081416606903076,-0.1478298157453537,0.3343046307563782,nan,0.19205455482006073,0.0,0.02980433963239193,1.0071358680725098,10.800725936889648,0.0,0.0,nan,nan,0.0,0.0,0.33472128709157306,0.3036777079105377,2.7109375,0.33472128709157306,0.023096648355325062,0.02176089957356453
581,0.3792766029999939,3.172352,1.7703914642333984,-0.15844114124774933,0.24551644921302795,nan,0.15744322538375854,0.0,0.03580806404352188,1.2082130908966064,10.216833114624023,0.0,0.0,nan,nan,0.0,0.0,0.33498279253641766,0.30241310596466064,2.8177083333333335,0.33498279253641766,0.023090434571107227,0.02158714085817337
582,0.3764117180000426,3.172352,1.5563007593154907,-0.1559024602174759,0.21008418500423431,nan,0.13629981875419617,0.0,0.04404100775718689,1.5418469905853271,10.543649673461914,0.0,0.0,nan,nan,0.0,0.0,0.33591461181640625,0.2920822501182556,2.7526041666666665,0.33591461181640625,0.02307496468226115,0.021428223699331284
583,0.3671367860000032,3.172352,1.7530285120010376,-0.17760488390922546,0.16530252993106842,nan,0.15775662660598755,0.0,0.02252121828496456,1.18644118309021,10.623786926269531,1.0,0.0,nan,nan,0.0,1.0,0.33880627155303955,0.28732502460479736,2.7630208333333335,0.33880627155303955,0.02319943408171336,0.021395016461610794
584,0.3762964210000064,3.172352,1.686680555343628,-0.18541502952575684,0.18678788840770721,nan,0.1512574553489685,0.0,0.01690458320081234,1.0309250354766846,10.733560562133789,0.0,0.0,nan,nan,0.0,0.0,0.339841365814209,0.3249877691268921,2.7630208333333335,0.339841365814209,0.023109619816144306,0.021826229989528656
585,0.3767852259999813,3.172352,1.7368896007537842,-0.17625075578689575,0.18755750358104706,nan,0.15497109293937683,0.0,0.02082422375679016,0.9121481776237488,11.470622062683105,0.0,0.0,nan,nan,0.0,0.0,0.3393741846084595,0.31600746512413025,2.6666666666666665,0.3393741846084595,0.023130265374978382,0.021776147186756134
586,0.37608690000001843,3.172352,1.7943856716156006,-0.1567257046699524,0.2482389509677887,nan,0.16115614771842957,0.0,0.023181099444627762,0.8883359432220459,11.323473930358887,0.0,0.0,nan,nan,0.0,0.0,0.3379879792531331,0.30833035707473755,2.8203125,0.3379879792531331,0.023085899651050568,0.021737731993198395
587,0.37772500400001263,3.172352,1.7802447080612183,-0.137274369597435,0.20188936591148376,nan,0.15919233858585358,0.0,0.024795902892947197,0.9164538383483887,11.53562068939209,0.0,0.0,nan,nan,0.0,0.0,0.33641870816548664,0.3015429973602295,2.7630208333333335,0.33641870816548664,0.023059288660685223,0.021599173545837402
588,0.3819035410000424,3.172352,1.7534571886062622,-0.12220083177089691,0.18736663460731506,nan,0.1556166261434555,0.0,0.027594557031989098,1.0123823881149292,12.341833114624023,0.0,0.0,nan,nan,0.0,0.0,0.335494597752889,0.29366448521614075,2.6979166666666665,0.335494597752889,0.023055727283159893,0.02143702656030655
589,0.381130029000019,3.172352,1.8817527294158936,-0.10390237718820572,0.2390516996383667,nan,0.16719791293144226,0.0,0.032499685883522034,1.133488655090332,13.287420272827148,0.0,0.0,nan,nan,0.0,0.0,0.33458447456359863,0.28245556354522705,2.6067708333333335,0.33458447456359863,0.02304615080356598,0.02126844972372055
590,0.3808212509999862,3.172352,2.1032941341400146,-0.08484908938407898,0.23326385021209717,nan,0.18802526593208313,0.0,0.040193822234869,1.2150938510894775,13.369808197021484,0.0,0.0,nan,nan,0.0,0.0,0.3327891031901042,0.2658529281616211,2.8411458333333335,0.3327891031901042,0.023010745644569397,0.021101132035255432
591,0.38762577099998907,3.172352,2.27480149269104,-0.07196832448244095,0.20367243885993958,nan,0.20501062273979187,0.0,0.05136730521917343,1.6356160640716553,12.781667709350586,0.0,0.0,nan,nan,0.0,0.0,0.3307870030403137,0.24132177233695984,2.7994791666666665,0.3307870030403137,0.022980307539304096,0.020937684923410416
592,0.39432585499997685,3.172352,3.0216639041900635,-0.0825234055519104,0.32159385085105896,nan,0.2789336144924164,0.0,0.06559114903211594,1.6830520629882812,12.501853942871094,0.0,0.0,nan,nan,0.0,0.0,0.3288145860036214,0.22730322182178497,2.78125,0.3288145860036214,0.023082415262858074,0.02086576074361801
593,0.3814240840000025,3.172352,2.901130437850952,-0.09747198224067688,0.22657111287117004,nan,0.2717300057411194,0.0,0.037922512739896774,1.3732764720916748,10.611154556274414,1.0,0.0,nan,nan,0.0,1.0,0.33412444591522217,0.23560748994350433,2.796875,0.33412444591522217,0.023114594320456188,0.020864656195044518
594,0.3832688009999856,3.172352,2.59384822845459,-0.10093512386083603,0.214694082736969,nan,0.24136942625045776,0.0,0.04330938309431076,1.5804557800292969,9.263778686523438,0.0,0.0,nan,nan,0.0,0.0,0.33367029825846356,0.2591148316860199,2.9010416666666665,0.33367029825846356,0.0230468288064003,0.02101050317287445
595,0.37299384100003863,3.172352,2.4777190685272217,-0.15106037259101868,0.18919724225997925,nan,0.2325756549835205,0.0,0.020288309082388878,1.0047649145126343,8.638952255249023,1.0,0.0,nan,nan,0.0,1.0,0.3376130660374959,0.2511093020439148,2.875,0.3376130660374959,0.023197824756304424,0.020971529185771942
596,0.37623760899998615,3.172352,2.2462539672851562,-0.17287909984588623,0.2862299978733063,nan,0.21090374886989594,0.0,0.012509392574429512,0.7293928861618042,8.139789581298828,0.0,0.0,nan,nan,0.0,0.0,0.34003686904907227,0.3209662437438965,2.8958333333333335,0.34003686904907227,0.023195746044317882,0.02295425534248352
597,0.37620244900000444,3.172352,2.278334617614746,-0.1648598313331604,0.1872916966676712,nan,0.21361541748046875,0.0,0.01511161308735609,0.8622183799743652,8.270770072937012,0.0,0.0,nan,nan,0.0,0.0,0.3400604724884033,0.3234855532646179,2.9322916666666665,0.3400604724884033,0.023199640214443207,0.02294483780860901
598,0.3766109289999804,3.172352,2.290949583053589,-0.16705843806266785,0.19745928049087524,nan,0.21447357535362244,0.0,0.01784241944551468,0.9400078654289246,8.64915943145752,0.0,0.0,nan,nan,0.0,0.0,0.3390622138977051,0.32427042722702026,2.9869791666666665,0.3390622138977051,0.02321497102578481,0.022939682006835938
599,0.37739233299998887,3.172352,2.2466623783111572,-0.17086252570152283,0.110676608979702,nan,0.21028709411621094,0.0,0.02108827605843544,0.8090798258781433,8.895899772644043,0.0,0.0,nan,nan,0.0,0.0,0.3380250533421834,0.3217061460018158,2.9453125,0.3380250533421834,0.023215708633263905,0.022955209016799927
600,0.37621110099996713,3.172352,2.1244497299194336,-0.17701107263565063,0.20157794654369354,nan,0.19740891456604004,0.0,0.023431144654750824,0.8927295207977295,9.154277801513672,0.0,0.0,nan,nan,0.0,0.0,0.33736713727315265,0.31837788224220276,2.8151041666666665,0.33736713727315265,0.02322331815958023,0.02305831015110016
601,0.3763211890000093,3.172352,2.0433218479156494,-0.18830282986164093,0.22301416099071503,nan,0.18811675906181335,0.0,0.02496592327952385,1.1985578536987305,9.710136413574219,0.0,0.0,nan,nan,0.0,0.0,0.33725301424662274,0.3097738027572632,2.7083333333333335,0.33725301424662274,0.023228866358598072,0.023058347404003143
602,0.37708391400002483,3.172352,2.0505120754241943,-0.1959911584854126,0.32016846537590027,nan,0.18856075406074524,0.0,0.027499880641698837,1.1046483516693115,10.350920677185059,0.0,0.0,nan,nan,0.0,0.0,0.33683542410532635,0.30834686756134033,2.7786458333333335,0.33683542410532635,0.023251195748647053,0.023058369755744934
603,0.38165594499997724,3.172352,2.029064416885376,-0.20451006293296814,0.365238219499588,nan,0.18591973185539246,0.0,0.030907001346349716,1.031984567642212,10.362716674804688,0.0,0.0,nan,nan,0.0,0.0,0.33638083934783936,0.3087821900844574,2.7708333333333335,0.33638083934783936,0.02327762544155121,0.023058295249938965
604,0.3844686310000043,3.172352,1.919173240661621,-0.218802809715271,0.3347742557525635,nan,0.17464923858642578,0.0,0.034118037670850754,1.0016610622406006,9.958894729614258,0.0,0.0,nan,nan,0.0,0.0,0.33591477076212567,0.31197336316108704,2.6979166666666665,0.33591477076212567,0.023278313378492992,0.023058362305164337
605,0.38533891099996254,3.172352,1.9275634288787842,-0.21685276925563812,0.18127372860908508,nan,0.17562441527843475,0.0,0.03726491332054138,0.9913886785507202,9.468057632446289,0.0,0.0,nan,nan,0.0,0.0,0.3348555564880371,0.31249457597732544,2.6614583333333335,0.3348555564880371,0.023264865080515545,0.023015283048152924
606,0.3843442500000265,3.172352,1.984485387802124,-0.20809614658355713,0.20356802642345428,nan,0.18115203082561493,0.0,0.0412491112947464,1.1565208435058594,9.759297370910645,0.0,0.0,nan,nan,0.0,0.0,0.3327907721201579,0.309916615486145,2.765625,0.3327907721201579,0.023247155050436657,0.02304276078939438
607,0.38713158000001613,3.172352,1.9968879222869873,-0.2038719803094864,0.4760461747646332,nan,0.17999672889709473,0.0,0.04757428169250488,1.3312315940856934,10.799203872680664,0.0,0.0,nan,nan,0.0,0.0,0.33121705055236816,0.30933740735054016,2.8385416666666665,0.33121705055236816,0.02323791633049647,0.02305825799703598
608,0.39269062400001076,3.172352,2.0370888710021973,-0.19650229811668396,0.24574418365955353,nan,0.1813749074935913,0.0,0.05688312649726868,1.3418912887573242,13.149503707885742,0.0,0.0,nan,nan,0.0,0.0,0.33245917161305744,0.3068959414958954,2.8645833333333335,0.33245917161305744,0.02325240522623062,0.022929556667804718
609,0.38452741499997956,3.172352,2.4811453819274902,-0.16646738350391388,0.13089045882225037,nan,0.22317300736904144,0.0,0.056565310806035995,1.4331865310668945,15.070646286010742,1.0,0.0,nan,nan,0.0,1.0,0.3367501099904378,0.2998082637786865,2.71875,0.3367501099904378,0.024092786014080048,0.02279822900891304
610,0.3808801849999668,3.172352,2.981308698654175,-0.1430734097957611,0.2921658754348755,nan,0.2769744396209717,0.0,0.034028589725494385,1.366674780845642,14.265970230102539,0.0,0.0,nan,nan,0.0,0.0,0.34186116854349774,0.32208251953125,2.6510416666666665,0.34186116854349774,0.02393624186515808,0.022948279976844788
611,0.38265973400001485,3.172352,2.880033016204834,-0.1497439742088318,0.29778432846069336,nan,0.26684218645095825,0.0,0.03925146162509918,1.227268934249878,14.297861099243164,0.0,0.0,nan,nan,0.0,0.0,0.3428741693496704,0.33241191506385803,2.5807291666666665,0.3428741693496704,0.023240963617960613,0.02288537472486496
612,0.38298873200000116,3.172352,2.5270469188690186,-0.16612422466278076,0.33403894305229187,nan,0.23188838362693787,0.0,0.04306047409772873,1.1653327941894531,13.340375900268555,0.0,0.0,nan,nan,0.0,0.0,0.3411715030670166,0.3307616114616394,2.6822916666666665,0.3411715030670166,0.02317824463049571,0.02288409322500229
613,0.38311113800000385,3.172352,2.099820852279663,-0.19715794920921326,0.29861292243003845,nan,0.18946728110313416,0.0,0.04480457305908203,1.2215332984924316,11.840866088867188,0.0,0.0,nan,nan,0.0,0.0,0.33769774436950684,0.3254132866859436,2.8046875,0.33769774436950684,0.023172604540983837,0.022909410297870636
614,0.37957351899996183,3.172352,2.0664587020874023,-0.21646425127983093,0.09015767276287079,nan,0.18886393308639526,0.0,0.022212903946638107,0.9809751510620117,10.096643447875977,1.0,0.0,nan,nan,0.0,1.0,0.3373189369837443,0.3162781894207001,2.828125,0.3373189369837443,0.02323965976635615,0.02295948565006256
615,0.37094239200001766,3.172352,1.9933487176895142,-0.21233917772769928,0.24322320520877838,nan,0.1845371127128601,0.0,0.00583366584032774,0.702634334564209,9.591780662536621,0.0,0.0,nan,nan,0.0,0.0,0.3392107884089152,0.3251414895057678,2.9140625,0.3392107884089152,0.023181180159250896,0.022939026355743408
616,0.3705149709999773,3.172352,1.9042671918869019,-0.20011931657791138,0.19323596358299255,nan,0.17550823092460632,0.0,0.006733189336955547,0.7109169363975525,9.796717643737793,0.0,0.0,nan,nan,0.0,0.0,0.3400033315022786,0.32198411226272583,2.9140625,0.3400033315022786,0.023187396426995594,0.02285435050725937
617,0.3748605910000151,3.172352,1.8510628938674927,-0.18769633769989014,0.17691496014595032,nan,0.1702512502670288,0.0,0.008595351129770279,0.7517761588096619,10.232420921325684,0.0,0.0,nan,nan,0.0,0.0,0.33916640281677246,0.3219715654850006,2.7473958333333335,0.33916640281677246,0.0231871431072553,0.022754184901714325
618,0.37725264199997355,3.172352,1.9240785837173462,-0.17378589510917664,0.19369693100452423,nan,0.17584404349327087,0.0,0.011520660482347012,0.8430832624435425,10.882125854492188,0.0,0.0,nan,nan,0.0,0.0,0.33668577671051025,0.3223145008087158,2.7890625,0.33668577671051025,0.023113871614138286,0.021938934922218323
619,0.37629186999998865,3.172352,1.889200210571289,-0.16915643215179443,0.26293304562568665,nan,0.1713184118270874,0.0,0.015483698807656765,0.9588149785995483,10.902831077575684,0.0,0.0,nan,nan,0.0,0.0,0.3345654010772705,0.3214445114135742,3.0,0.3345654010772705,0.023105862239996593,0.0218745619058609
620,0.3768074760000104,3.172352,1.7952433824539185,-0.1695709526538849,0.2528928220272064,nan,0.1615239828824997,0.0,0.02052667737007141,1.1682713031768799,10.54160213470459,0.0,0.0,nan,nan,0.0,0.0,0.33479686578114826,0.31329983472824097,2.890625,0.33479686578114826,0.023097639282544453,0.021788306534290314
621,0.3719850909999991,3.172352,1.8185572624206543,-0.16106583178043365,0.27672460675239563,nan,0.1640218198299408,0.0,0.02669232152402401,1.2209908962249756,10.289539337158203,0.0,0.0,nan,nan,0.0,0.0,0.3365030686060588,0.3028551936149597,2.7473958333333335,0.3365030686060588,0.02309142549832662,0.021739989519119263
622,0.3734397630000217,3.172352,1.8132463693618774,-0.1512429416179657,0.29718485474586487,nan,0.1637982577085495,0.0,0.03343354910612106,1.2701268196105957,9.569649696350098,0.0,0.0,nan,nan,0.0,0.0,0.337610403696696,0.29427358508110046,2.7109375,0.337610403696696,0.023079417645931244,0.02161405235528946
623,0.3773216560000492,3.172352,1.7381477355957031,-0.14399169385433197,0.21195295453071594,nan,0.15670661628246307,0.0,0.041061438620090485,1.3063864707946777,8.390260696411133,0.0,0.0,nan,nan,0.0,0.0,0.3370249271392822,0.2881084680557251,2.7005208333333335,0.3370249271392822,0.02307562530040741,0.021443918347358704
624,0.37696318299998666,3.172352,1.623710036277771,-0.146398663520813,0.19817587733268738,nan,0.14560231566429138,0.0,0.05026689171791077,1.235088586807251,7.967119216918945,0.0,0.0,nan,nan,0.0,0.0,0.33538464705149335,0.28037527203559875,2.7213541666666665,0.33538464705149335,0.02306503305832545,0.021235313266515732
625,0.38008665900002825,3.172352,1.494862675666809,-0.15617607533931732,0.26954177021980286,nan,0.13286685943603516,0.0,0.06164867803454399,1.4686726331710815,8.328536033630371,0.0,0.0,nan,nan,0.0,0.0,0.3339015245437622,0.26492834091186523,2.8723958333333335,0.3339015245437622,0.023067298034826916,0.02102484181523323
626,0.3912384430000202,3.172352,1.4087971448898315,-0.16746586561203003,0.1646166443824768,nan,0.11737819761037827,0.0,0.07550328969955444,1.704390048980713,8.782169342041016,1.0,0.0,nan,nan,0.0,1.0,0.33256004254023236,0.23626841604709625,2.6953125,0.33256004254023236,0.023049381872018177,0.02085469290614128
627,0.37852284000001646,3.172352,1.6896122694015503,-0.22950872778892517,0.14939317107200623,nan,0.15266886353492737,0.0,0.04212728887796402,1.0642093420028687,9.073451042175293,0.0,0.0,nan,nan,0.0,0.0,0.3398522138595581,0.3286344110965729,2.7630208333333335,0.3398522138595581,0.023238956928253174,0.022975455969572067
628,0.38206669799996007,3.172352,1.549229621887207,-0.22027280926704407,0.3006937503814697,nan,0.1379954218864441,0.0,0.04948166012763977,0.8299816846847534,9.11446762084961,0.0,0.0,nan,nan,0.0,0.0,0.3414608637491862,0.3256755769252777,2.7682291666666665,0.3414608637491862,0.023185186088085175,0.022899359464645386
629,0.3815777479999838,3.172352,1.5923388004302979,-0.19833093881607056,0.24295537173748016,nan,0.13999143242835999,0.0,0.0559653639793396,1.0451464653015137,9.419682502746582,0.0,0.0,nan,nan,0.0,0.0,0.34138619899749756,0.32626643776893616,2.7890625,0.34138619899749756,0.02318625897169113,0.022763974964618683
630,0.38104464999997845,3.172352,1.7924851179122925,-0.1688264012336731,0.3013426661491394,nan,0.15862008929252625,0.0,0.06170769780874252,1.357843279838562,10.179889678955078,1.0,0.0,nan,nan,0.0,1.0,0.3389415343602498,0.3198331594467163,2.8567708333333335,0.3389415343602498,0.02317448953787486,0.02260444685816765
631,0.38155802300002506,3.172352,2.1544301509857178,-0.1512269377708435,0.274175763130188,nan,0.19767992198467255,0.0,0.03039809688925743,1.1022958755493164,10.152735710144043,0.0,0.0,nan,nan,0.0,0.0,0.3382714589436849,0.3185032308101654,2.8359375,0.3382714589436849,0.023179953296979267,0.02233894169330597
632,0.3803820059999907,3.172352,2.0480384826660156,-0.1491130292415619,0.40595269203186035,nan,0.18642596900463104,0.0,0.03365815058350563,1.4280729293823242,10.097696304321289,0.0,0.0,nan,nan,0.0,0.0,0.33815280596415204,0.32093966007232666,2.8489583333333335,0.33815280596415204,0.02311904976765315,0.022313915193080902
633,0.3804427410000244,3.172352,1.9302558898925781,-0.14862744510173798,0.31158989667892456,nan,0.17408472299575806,0.0,0.03891727328300476,1.3348195552825928,10.12031078338623,0.0,0.0,nan,nan,0.0,0.0,0.33809514840443927,0.3261041045188904,2.7604166666666665,0.33809514840443927,0.023112888137499493,0.022254951298236847
634,0.38094745000000785,3.172352,1.9096438884735107,-0.134699746966362,0.3958321809768677,nan,0.1708931177854538,0.0,0.046118851751089096,1.1802293062210083,10.512373924255371,0.0,0.0,nan,nan,0.0,0.0,0.3369247118631999,0.31744953989982605,2.8489583333333335,0.3369247118631999,0.02310355504353841,0.022162318229675293
635,0.37465032900001916,3.172352,1.8811206817626953,-0.12868347764015198,0.22269703447818756,nan,0.16995611786842346,0.0,0.029422476887702942,0.9817279577255249,9.395788192749023,1.0,0.0,nan,nan,0.0,1.0,0.3366084893544515,0.3125668466091156,2.7578125,0.3366084893544515,0.023158252239227295,0.022045500576496124
636,0.3717981009999676,3.172352,1.8020133972167969,-0.12505145370960236,0.16566431522369385,nan,0.1635984182357788,0.0,0.018856799229979515,1.1707466840744019,8.614339828491211,0.0,0.0,nan,nan,0.0,0.0,0.33576146761576336,0.30712637305259705,2.8541666666666665,0.33576146761576336,0.023103979726632435,0.021915502846240997
637,0.3777966079999828,3.172352,1.7669175863265991,-0.11664292216300964,0.16797366738319397,nan,0.15982483327388763,0.0,0.02467191219329834,1.066847801208496,8.752365112304688,0.0,0.0,nan,nan,0.0,0.0,0.33367470900217694,0.2996240258216858,2.9270833333333335,0.33367470900217694,0.023076203962167103,0.02177400141954422
638,0.3777720269999918,3.172352,1.7325241565704346,-0.10912297666072845,0.15897536277770996,nan,0.15588414669036865,0.0,0.03270687535405159,1.0642204284667969,9.08038330078125,0.0,0.0,nan,nan,0.0,0.0,0.33231818675994873,0.29325294494628906,2.8098958333333335,0.33231818675994873,0.023081928491592407,0.02161373570561409
639,0.3799850180000135,3.172352,1.6487292051315308,-0.1049218475818634,0.21850286424160004,nan,0.14597217738628387,0.0,0.04211936518549919,1.3881785869598389,9.803153991699219,0.0,0.0,nan,nan,0.0,0.0,0.331951379776001,0.2861149311065674,2.8723958333333335,0.331951379776001,0.023067531486352284,0.021441511809825897
640,0.38143506599999455,3.172352,1.7176796197891235,-0.09413087368011475,0.11990878731012344,nan,0.15109723806381226,0.0,0.053845420479774475,1.5543286800384521,10.930809020996094,0.0,0.0,nan,nan,0.0,0.0,0.33172857761383057,0.2714040279388428,2.75,0.33172857761383057,0.023044002552827198,0.021277043968439102
641,0.3759257190000085,3.172352,2.301212787628174,-0.11356988549232483,0.19485808908939362,nan,0.2103412002325058,0.0,0.027956143021583557,1.0350098609924316,12.315642356872559,1.0,0.0,nan,nan,0.0,1.0,0.3353140354156494,0.2687211036682129,2.7473958333333335,0.3353140354156494,0.02317999800046285,0.021257635205984116
642,0.3757391450000114,3.172352,2.2338027954101562,-0.10969877243041992,0.22818180918693542,nan,0.20303654670715332,0.0,0.02871878445148468,1.0721428394317627,12.738128662109375,0.0,0.0,nan,nan,0.0,0.0,0.33534204959869385,0.2901516258716583,2.75,0.33534204959869385,0.02313220997651418,0.021172553300857544
643,0.37745968599995194,3.172352,2.2198240756988525,-0.10497372597455978,0.23895829916000366,nan,0.2008318156003952,0.0,0.03602319583296776,1.2895214557647705,12.638248443603516,0.0,0.0,nan,nan,0.0,0.0,0.33419597148895264,0.2672083377838135,2.8359375,0.33419597148895264,0.023137778043746948,0.021007347851991653
644,0.38078268700002127,3.172352,2.352318048477173,-0.10280895978212357,0.2416507601737976,nan,0.21287870407104492,0.0,0.041958048939704895,1.4960222244262695,12.648185729980469,1.0,0.0,nan,nan,0.0,1.0,0.3324633439381917,0.23682339489459991,2.8203125,0.3324633439381917,0.023167729377746582,0.02088053710758686
645,0.3757098860000383,3.172352,2.5652828216552734,-0.1613743007183075,0.344286173582077,nan,0.23884378373622894,0.0,0.006668852176517248,0.9193064570426941,11.138481140136719,0.0,0.0,nan,nan,0.0,0.0,0.3376121520996094,0.3221088945865631,2.828125,0.3376121520996094,0.02328956127166748,0.022916950285434723
646,0.3762151519999861,3.172352,2.2468087673187256,-0.1847320795059204,0.18796630203723907,nan,0.2068030685186386,0.0,0.008776139467954636,0.9285529851913452,10.843966484069824,0.0,0.0,nan,nan,0.0,0.0,0.33783026536305744,0.3237018287181854,2.5755208333333335,0.33783026536305744,0.023269253472487133,0.022921070456504822
647,0.3768549890000372,3.172352,2.121229648590088,-0.2012503445148468,0.2324344515800476,nan,0.1937832534313202,0.0,0.009813008829951286,0.9054263830184937,11.54318618774414,0.0,0.0,nan,nan,0.0,0.0,0.3380102713902791,0.32249805331230164,2.6015625,0.3380102713902791,0.02328595022360484,0.022942855954170227
648,0.3813814420000199,3.172352,2.1504018306732178,-0.206939697265625,0.22031888365745544,nan,0.1965256929397583,0.0,0.01057161670178175,1.0229038000106812,12.221933364868164,0.0,0.0,nan,nan,0.0,0.0,0.33733030160268146,0.30881133675575256,2.7526041666666665,0.33733030160268146,0.02329316983620326,0.023058369755744934
649,0.3808079570000018,3.172352,2.2913544178009033,-0.20164182782173157,0.3153496980667114,nan,0.21006309986114502,0.0,0.012640944682061672,1.1090542078018188,12.633941650390625,0.0,0.0,nan,nan,0.0,0.0,0.33612318833669025,0.30257609486579895,2.9609375,0.33612318833669025,0.023298288385073345,0.023058287799358368
650,0.38111667900000157,3.172352,2.3228487968444824,-0.20514366030693054,0.3257412314414978,nan,0.212894007563591,0.0,0.016547061502933502,1.2471938133239746,12.259489059448242,0.0,0.0,nan,nan,0.0,0.0,0.3355962832768758,0.30235177278518677,2.9348958333333335,0.3355962832768758,0.023309628168741863,0.02298625558614731
651,0.37983313400002316,3.172352,2.271730899810791,-0.20828333497047424,0.333333283662796,nan,0.20822177827358246,0.0,0.022161228582262993,1.1214735507965088,11.328158378601074,0.0,0.0,nan,nan,0.0,0.0,0.33605154355367023,0.3039815425872803,2.9166666666666665,0.33605154355367023,0.023328155279159546,0.022957317531108856
652,0.38221726599999784,3.172352,2.1305816173553467,-0.206167072057724,0.22987326979637146,nan,0.19434110820293427,0.0,0.027828168123960495,0.8812065124511719,10.476065635681152,0.0,0.0,nan,nan,0.0,0.0,0.3365127642949422,0.30856770277023315,2.953125,0.3365127642949422,0.023357560237248737,0.02305837720632553
653,0.38092036699998744,3.172352,1.9388872385025024,-0.2137184888124466,0.18641482293605804,nan,0.1744866818189621,0.0,0.03193475306034088,0.7915255427360535,10.210779190063477,0.0,0.0,nan,nan,0.0,0.0,0.33698121706644696,0.31408432126045227,2.7708333333333335,0.33698121706644696,0.023361362516880035,0.023058414459228516
654,0.380050381999979,3.172352,1.9680497646331787,-0.20309488475322723,0.1919947862625122,nan,0.17791470885276794,0.0,0.03519536554813385,0.8000733256340027,11.325971603393555,0.0,0.0,nan,nan,0.0,0.0,0.3375180164972941,0.32074394822120667,2.7630208333333335,0.3375180164972941,0.023335260649522144,0.023058392107486725
655,0.38521856499994556,3.172352,2.222362518310547,-0.17382657527923584,0.13021698594093323,nan,0.20139674842357635,0.0,0.039811067283153534,1.0480680465698242,12.917219161987305,0.0,0.0,nan,nan,0.0,0.0,0.3372008800506592,0.3273427486419678,2.8307291666666665,0.3372008800506592,0.023309325178464253,0.023043766617774963
656,0.384917578999989,3.172352,2.5198514461517334,-0.14544421434402466,0.15349705517292023,nan,0.22891049087047577,0.0,0.04873807355761528,1.2819411754608154,14.056689262390137,0.0,0.0,nan,nan,0.0,0.0,0.3359857002894084,0.30410924553871155,2.7682291666666665,0.3359857002894084,0.023284619053204853,0.022678866982460022
657,0.3756263840000429,3.172352,2.943804979324341,-0.12623269855976105,0.14302606880664825,nan,0.2734915018081665,0.0,0.030907314270734787,0.8495640754699707,12.691320419311523,1.0,0.0,nan,nan,0.0,1.0,0.33765049775441486,0.296145498752594,2.84375,0.33765049775441486,0.02329004059235255,0.022683411836624146
658,0.3765943700000207,3.172352,2.97339129447937,-0.12115707248449326,0.2656551003456116,nan,0.2793523967266083,0.0,0.022057607769966125,1.1178340911865234,10.582021713256836,0.0,0.0,nan,nan,0.0,0.0,0.3403466542561849,0.33024370670318604,2.8046875,0.3403466542561849,0.023213766515254974,0.022701218724250793
659,0.37587213599999814,3.172352,2.7733232975006104,-0.12338950484991074,0.30333104729652405,nan,0.2594667077064514,0.0,0.023343509063124657,1.400817632675171,9.5074462890625,0.0,0.0,nan,nan,0.0,0.0,0.34164102872212726,0.33193597197532654,2.796875,0.34164102872212726,0.02317682405312856,0.022683806717395782
660,0.3794015349999995,3.172352,2.4942750930786133,-0.13560844957828522,0.34058308601379395,nan,0.23089084029197693,0.0,0.025747399777173996,1.237969994544983,9.794096946716309,0.0,0.0,nan,nan,0.0,0.0,0.34270302454630536,0.329181432723999,2.9609375,0.34270302454630536,0.023162807027498882,0.022684089839458466
661,0.3851570889999607,3.172352,2.510516405105591,-0.13444578647613525,0.18336792290210724,nan,0.23268847167491913,0.0,0.02830110862851143,1.1717379093170166,10.6875,0.0,0.0,nan,nan,0.0,0.0,0.34380380312601727,0.32848525047302246,2.9453125,0.34380380312601727,0.023122114439805348,0.022546619176864624
662,0.38403234999998404,3.172352,2.8856921195983887,-0.11287225037813187,0.22512036561965942,nan,0.26947230100631714,0.0,0.03102748654782772,1.1801254749298096,11.192495346069336,0.0,0.0,nan,nan,0.0,0.0,0.34428560733795166,0.3285965025424957,2.5755208333333335,0.34428560733795166,0.02337477107842763,0.022589027881622314
663,0.3843732969999678,3.172352,3.411627769470215,-0.08911619335412979,0.30485373735427856,nan,0.32130125164985657,0.0,0.035192761570215225,1.3226367235183716,11.517240524291992,0.0,0.0,nan,nan,0.0,0.0,0.34356212615966797,0.32871267199516296,2.6875,0.34356212615966797,0.023198947310447693,0.022555477917194366
664,0.3853726329999745,3.172352,3.399714231491089,-0.09542932361364365,0.28657692670822144,nan,0.32011324167251587,0.0,0.04131244495511055,1.0850250720977783,11.260348320007324,0.0,0.0,nan,nan,0.0,0.0,0.34233522415161133,0.3251192271709442,2.8932291666666665,0.34233522415161133,0.023053040107091267,0.022559568285942078
665,0.3847274120000179,3.172352,2.9446146488189697,-0.1276111602783203,0.2899400293827057,nan,0.2749636769294739,0.0,0.04563034698367119,1.206603765487671,10.015389442443848,0.0,0.0,nan,nan,0.0,0.0,0.34209899107615155,0.32442706823349,2.7057291666666665,0.34209899107615155,0.023053536812464397,0.02258889377117157
666,0.38535310100002107,3.172352,2.515855550765991,-0.16348817944526672,0.1485416293144226,nan,0.23162871599197388,0.0,0.047038398683071136,1.4945505857467651,9.338138580322266,0.0,0.0,nan,nan,0.0,0.0,0.3421538670857747,0.32272905111312866,2.7890625,0.3421538670857747,0.02305203179518382,0.022623486816883087
667,0.3867313210000134,3.172352,2.332590341567993,-0.18279486894607544,0.27315351366996765,nan,0.21336928009986877,0.0,0.0485614649951458,1.2226260900497437,9.623480796813965,0.0,0.0,nan,nan,0.0,0.0,0.3417665958404541,0.305288165807724,2.9036458333333335,0.3417665958404541,0.023042351007461548,0.022702321410179138
668,0.3890472239999667,3.172352,2.306441307067871,-0.19177953898906708,0.2127002477645874,nan,0.21041393280029297,0.0,0.05329914391040802,1.1832512617111206,10.063146591186523,0.0,0.0,nan,nan,0.0,0.0,0.34043339888254803,0.2872503399848938,2.9348958333333335,0.34043339888254803,0.023064951101938885,0.022762998938560486
669,0.37595579600002793,3.172352,1.5348565578460693,-0.20976096391677856,0.19275732338428497,nan,0.13830247521400452,0.0,0.022919893264770508,0.93479323387146,7.632695198059082,1.0,0.0,nan,nan,0.0,1.0,0.3423531452814738,0.2856450378894806,2.9036458333333335,0.3423531452814738,0.023173709710439045,0.022765927016735077
670,0.38174792699999216,3.172352,1.3376332521438599,-0.2346665859222412,0.4349784255027771,nan,0.11977148056030273,0.0,0.02259634993970394,0.8897910118103027,6.615787506103516,0.0,0.0,nan,nan,0.0,0.0,0.34136207898457843,0.32099977135658264,2.8515625,0.34136207898457843,0.02315003176530202,0.022769659757614136
671,0.3816664980000155,3.172352,1.2095516920089722,-0.25403785705566406,0.39788511395454407,nan,0.10718073695898056,0.0,0.025307482108473778,0.9787837862968445,6.129666805267334,0.0,0.0,nan,nan,0.0,0.0,0.34004175662994385,0.3212599456310272,2.8541666666666665,0.34004175662994385,0.023178358872731526,0.02279994636774063
672,0.3815698499999485,3.172352,1.1097301244735718,-0.26118797063827515,0.22956138849258423,nan,0.09677080810070038,0.0,0.028236478567123413,1.0413569211959839,5.895502090454102,0.0,0.0,nan,nan,0.0,0.0,0.3375695546468099,0.31587445735931396,2.734375,0.3375695546468099,0.023205856482187908,0.022888116538524628
673,0.3852179150000552,3.172352,0.9790507555007935,-0.27222779393196106,0.3324192464351654,nan,0.0824664756655693,0.0,0.03184684365987778,1.1474651098251343,6.447335720062256,0.0,0.0,nan,nan,0.0,0.0,0.3347462813059489,0.308775931596756,2.9505208333333335,0.3347462813059489,0.023248523473739624,0.02289629727602005
674,0.38500067699999363,3.172352,0.9422805309295654,-0.273990273475647,0.29653212428092957,nan,0.07731467485427856,0.0,0.036236219108104706,1.559563398361206,6.958773612976074,0.0,0.0,nan,nan,0.0,0.0,0.33300336201985675,0.3063991963863373,3.046875,0.33300336201985675,0.023262247443199158,0.022845376282930374
675,0.3883185679999883,3.172352,1.0979176759719849,-0.2586970329284668,0.1538701355457306,nan,0.09132810682058334,0.0,0.04252956062555313,1.854880690574646,7.618719100952148,0.0,0.0,nan,nan,0.0,0.0,0.33172667026519775,0.3066082298755646,3.0625,0.33172667026519775,0.023263774812221527,0.022833388298749924
676,0.3861325940000029,3.172352,1.5198465585708618,-0.24851343035697937,0.17751242220401764,nan,0.13401205837726593,0.0,0.02736384980380535,1.5110443830490112,7.216796398162842,1.0,0.0,nan,nan,0.0,1.0,0.33212218681971234,0.30707988142967224,2.796875,0.33212218681971234,0.023342087864875793,0.022799868136644363
677,0.38230083400003423,3.172352,1.6019716262817383,-0.2557634115219116,0.38541439175605774,nan,0.1462005227804184,0.0,0.012720510363578796,1.1367400884628296,6.449657440185547,0.0,0.0,nan,nan,0.0,0.0,0.33341749509175617,0.3127654790878296,2.8567708333333335,0.33341749509175617,0.023302269478638966,0.022971801459789276
678,0.3792191900000148,3.172352,1.4794588088989258,-0.2605593502521515,0.39025163650512695,nan,0.1334245204925537,0.0,0.011883947066962719,1.1775147914886475,6.571478843688965,0.0,0.0,nan,nan,0.0,0.0,0.33432475725809735,0.31550127267837524,2.8984375,0.33432475725809735,0.023321519295374554,0.02296571433544159
679,0.38466638699998157,3.172352,1.3968043327331543,-0.2580225169658661,0.1536499559879303,nan,0.12513425946235657,0.0,0.011055339127779007,0.9862465858459473,7.133058071136475,0.0,0.0,nan,nan,0.0,0.0,0.33474016189575195,0.31319400668144226,2.7291666666666665,0.33474016189575195,0.023330559333165485,0.02298058569431305
680,0.3872539500000016,3.172352,1.507777452468872,-0.23932917416095734,0.31043675541877747,nan,0.13547635078430176,0.0,0.010706469416618347,0.9714792966842651,7.758292198181152,0.0,0.0,nan,nan,0.0,0.0,0.33379069964090985,0.3140961825847626,2.7604166666666665,0.33379069964090985,0.023332931101322174,0.023019306361675262
681,0.3827414529999942,3.172352,1.777299165725708,-0.20580613613128662,0.15996667742729187,nan,0.16180357336997986,0.0,0.010320927016437054,1.1279752254486084,7.9939188957214355,0.0,0.0,nan,nan,0.0,0.0,0.3309054374694824,0.30896875262260437,2.8880208333333335,0.3309054374694824,0.02331686516602834,0.02305823564529419
682,0.3837069389999783,3.172352,1.9604284763336182,-0.18820257484912872,0.21749058365821838,nan,0.17990677058696747,0.0,0.010368525981903076,0.9636306762695312,7.775163173675537,0.0,0.0,nan,nan,0.0,0.0,0.32805830240249634,0.3070264458656311,3.1354166666666665,0.32805830240249634,0.023313055435816448,0.02305813878774643
683,0.38370613899996897,3.172352,1.902162790298462,-0.20172087848186493,0.27978038787841797,nan,0.17422489821910858,0.0,0.010069014504551888,1.2096965312957764,7.290356636047363,0.0,0.0,nan,nan,0.0,0.0,0.3279368281364441,0.30546557903289795,3.1223958333333335,0.3279368281364441,0.023320895930131275,0.023058071732521057
684,0.3822459919999801,3.172352,1.7407134771347046,-0.21135100722312927,0.26052922010421753,nan,0.15852659940719604,0.0,0.010088859125971794,1.6680917739868164,6.807727813720703,0.0,0.0,nan,nan,0.0,0.0,0.33091936508814496,0.3087935745716095,3.0208333333333335,0.33091936508814496,0.023322659234205883,0.023058108985424042
685,0.38261224999996557,3.172352,1.6702975034713745,-0.2109832465648651,0.41926175355911255,nan,0.15198278427124023,0.0,0.012413817457854748,1.5304336547851562,6.246456146240234,0.0,0.0,nan,nan,0.0,0.0,0.3337086836496989,0.3194727897644043,2.8671875,0.3337086836496989,0.023302383720874786,0.02305808663368225
686,0.3818637679999597,3.172352,1.5428404808044434,-0.2226341962814331,0.11805106699466705,nan,0.13985177874565125,0.0,0.01530526578426361,1.2200665473937988,5.949323654174805,0.0,0.0,nan,nan,0.0,0.0,0.3351171811421712,0.32048195600509644,2.8515625,0.3351171811421712,0.023304373025894165,0.023058123886585236
687,0.37914260699994884,3.172352,1.5371438264846802,-0.22856208682060242,0.24519383907318115,nan,0.1393401324748993,0.0,0.0165567584335804,1.1793761253356934,5.767867565155029,0.0,0.0,nan,nan,0.0,0.0,0.3354119062423706,0.3209330439567566,2.7734375,0.3354119062423706,0.023327226440111797,0.02305806428194046
688,0.38180142200002365,3.172352,1.6762514114379883,-0.21554645895957947,0.25303754210472107,nan,0.15267227590084076,0.0,0.0160926915705204,1.2661616802215576,6.025054931640625,0.0,0.0,nan,nan,0.0,0.0,0.334169864654541,0.31484276056289673,2.8802083333333335,0.334169864654541,0.023355349898338318,0.023058123886585236
689,0.38437947699998176,3.172352,1.8216651678085327,-0.19805610179901123,0.21551096439361572,nan,0.16685716807842255,0.0,0.01612868905067444,0.9736441373825073,6.346574306488037,0.0,0.0,nan,nan,0.0,0.0,0.33123387893040973,0.29582223296165466,3.1119791666666665,0.33123387893040973,0.023374368747075398,0.023058101534843445
690,0.3850966599999879,3.172352,1.819869041442871,-0.20113493502140045,0.25303420424461365,nan,0.16564038395881653,0.0,0.016621358692646027,0.9109612703323364,7.227048397064209,0.0,0.0,nan,nan,0.0,0.0,0.32872341076533,0.29004546999931335,2.9947916666666665,0.32872341076533,0.02337114264567693,0.023058101534843445
691,0.38834578099999817,3.172352,1.8341948986053467,-0.19968053698539734,0.2646435499191284,nan,0.16524921357631683,0.0,0.01678113266825676,1.0919818878173828,8.339339256286621,0.0,0.0,nan,nan,0.0,0.0,0.32762591044108075,0.29008302092552185,3.0078125,0.32762591044108075,0.023350348075230915,0.023058168590068817
692,0.39018454699998983,3.172352,1.9813101291656494,-0.1818012148141861,0.1488259732723236,nan,0.17830273509025574,0.0,0.018350504338741302,1.340437650680542,9.589544296264648,0.0,0.0,nan,nan,0.0,0.0,0.32756735881169635,0.29482993483543396,3.0963541666666665,0.32756735881169635,0.023349458972613018,0.023058079183101654
693,0.3879127280000034,3.172352,2.145451068878174,-0.1611291915178299,0.40288347005844116,nan,0.1930614411830902,0.0,0.021922465413808823,1.5067481994628906,10.856249809265137,0.0,0.0,nan,nan,0.0,0.0,0.3282421827316284,0.2966139614582062,2.9791666666666665,0.3282421827316284,0.02335880696773529,0.023058049380779266
694,0.3911101649999864,3.172352,2.2364046573638916,-0.14957000315189362,0.37280142307281494,nan,0.20125888288021088,0.0,0.02710617706179619,1.6040773391723633,11.450820922851562,0.0,0.0,nan,nan,0.0,0.0,0.3297504981358846,0.2966068685054779,2.8802083333333335,0.3297504981358846,0.02336399753888448,0.023058056831359863
695,0.3903697910000119,3.172352,2.4403645992279053,-0.1394016146659851,0.3067602515220642,nan,0.22078648209571838,0.0,0.03320722281932831,1.467017412185669,11.718738555908203,0.0,0.0,nan,nan,0.0,0.0,0.33197398980458576,0.3073733448982239,2.8645833333333335,0.33197398980458576,0.02340007076660792,0.02305806428194046
696,0.39112890900003094,3.172352,2.53562068939209,-0.1420232653617859,0.20402489602565765,nan,0.23069767653942108,0.0,0.0395517498254776,1.1669797897338867,11.458266258239746,0.0,0.0,nan,nan,0.0,0.0,0.33387112617492676,0.3181798756122589,2.7916666666666665,0.33387112617492676,0.023401702443758648,0.023058004677295685
697,0.38967563899996094,3.172352,2.4302546977996826,-0.155452162027359,0.2737347185611725,nan,0.21997329592704773,0.0,0.043569933623075485,1.3288310766220093,11.144765853881836,0.0,0.0,nan,nan,0.0,0.0,0.3347482681274414,0.3108381927013397,2.8098958333333335,0.3347482681274414,0.023398404320081074,0.0230579674243927
698,0.39041143000002876,3.172352,2.396372079849243,-0.15731003880500793,0.3321629464626312,nan,0.21590691804885864,0.0,0.04690321534872055,1.421391248703003,11.023425102233887,0.0,0.0,nan,nan,0.0,0.0,0.3334196408589681,0.2997426390647888,2.8489583333333335,0.3334196408589681,0.02341505140066147,0.023058027029037476
699,0.390160748000028,3.172352,2.5407803058624268,-0.14739300310611725,0.23627176880836487,nan,0.22952616214752197,0.0,0.04968207702040672,1.3483731746673584,11.648367881774902,0.0,0.0,nan,nan,0.0,0.0,0.3315476377805074,0.2915923297405243,2.9947916666666665,0.3315476377805074,0.02338372419277827,0.023058004677295685
700,0.39466142699996,3.172352,2.6072466373443604,-0.14705020189285278,0.345088928937912,nan,0.23553311824798584,0.0,0.055030763149261475,1.2560482025146484,12.41565227508545,0.0,0.0,nan,nan,0.0,0.0,0.3308876156806946,0.29089662432670593,2.8802083333333335,0.3308876156806946,0.023349088927110035,0.023058034479618073
701,0.3934421870000051,3.172352,2.7224009037017822,-0.14656499028205872,0.2933095395565033,nan,0.2457171082496643,0.0,0.06309273838996887,1.3765876293182373,12.548254013061523,0.0,0.0,nan,nan,0.0,0.0,0.33125386635462445,0.29245248436927795,2.8307291666666665,0.33125386635462445,0.023349136114120483,0.023058027029037476
702,0.3950546920000306,3.172352,2.9021522998809814,-0.1355060189962387,0.26917392015457153,nan,0.26393941044807434,0.0,0.0730198547244072,1.3515193462371826,12.270362854003906,0.0,0.0,nan,nan,0.0,0.0,0.3318184018135071,0.2995504140853882,2.859375,0.3318184018135071,0.02334567904472351,0.023057900369167328
703,0.3957048670000063,3.172352,3.0390431880950928,-0.1176021546125412,0.2174818217754364,nan,0.2774479389190674,0.0,0.08506171405315399,1.4351110458374023,12.215974807739258,0.0,0.0,nan,nan,0.0,0.0,0.33235567808151245,0.30288437008857727,2.9322916666666665,0.33235567808151245,0.023303687572479248,0.023042209446430206
704,0.389861886999995,3.172352,2.909855604171753,-0.10893689095973969,0.30219370126724243,nan,0.26451143622398376,0.0,0.06916510313749313,1.4269797801971436,11.050886154174805,1.0,0.0,nan,nan,0.0,1.0,0.33511972427368164,0.3001999855041504,2.7734375,0.33511972427368164,0.02332467834154765,0.022985145449638367
705,0.3932418179999786,3.172352,3.0422110557556152,-0.09203286468982697,0.172807514667511,nan,0.2799520492553711,0.0,0.0663289874792099,1.3271669149398804,11.06686782836914,0.0,0.0,nan,nan,0.0,0.0,0.3372652530670166,0.3126779794692993,2.7395833333333335,0.3372652530670166,0.023328204949696858,0.022843457758426666
706,0.39097400000002835,3.172352,3.6747078895568848,-0.05426723510026932,0.26367589831352234,nan,0.34174489974975586,0.0,0.07732687890529633,1.2412775754928589,12.869842529296875,0.0,0.0,nan,nan,0.0,0.0,0.3381724754969279,0.3138747215270996,2.6875,0.3381724754969279,0.024091509481271107,0.022770501673221588
707,0.3882989299999622,3.172352,3.0586414337158203,-0.06847946345806122,0.10574778914451599,nan,0.28325849771499634,0.0,0.0498347282409668,1.2007511854171753,11.155973434448242,1.0,0.0,nan,nan,0.0,1.0,0.34050071239471436,0.3145395517349243,2.7838541666666665,0.34050071239471436,0.023433662950992584,0.02268832176923752
708,0.3914062669999794,3.172352,2.8277761936187744,-0.07540592551231384,0.1759045422077179,nan,0.2616078853607178,0.0,0.050447553396224976,1.3093093633651733,9.812273979187012,0.0,0.0,nan,nan,0.0,0.0,0.3404635190963745,0.31930726766586304,2.7265625,0.3404635190963745,0.02319592485825221,0.022610783576965332
709,0.3910939859999871,3.172352,2.6696014404296875,-0.09185637533664703,0.2166157364845276,nan,0.24495342373847961,0.0,0.057453036308288574,1.0699294805526733,9.566059112548828,0.0,0.0,nan,nan,0.0,0.0,0.3393569389979045,0.3191758394241333,2.6692708333333335,0.3393569389979045,0.02315191427866618,0.02260608971118927
710,0.38495503100000406,3.172352,2.671001434326172,-0.0999952182173729,0.323944628238678,nan,0.24288146197795868,0.0,0.062190573662519455,1.5580923557281494,9.926485061645508,0.0,0.0,nan,nan,0.0,0.0,0.3382417360941569,0.3215445578098297,2.6458333333333335,0.3382417360941569,0.023262773950894673,0.022775858640670776
711,0.3776123670000402,3.172352,2.6879591941833496,-0.09334589540958405,0.230619877576828,nan,0.2434711903333664,0.0,0.05254870280623436,1.3541511297225952,10.450575828552246,1.0,0.0,nan,nan,0.0,1.0,0.3374674320220947,0.3213081955909729,2.8645833333333335,0.3374674320220947,0.023597558339436848,0.022796519100666046
712,0.37882902000001195,3.172352,2.0019116401672363,-0.11005546152591705,0.2347835749387741,nan,0.18128125369548798,0.0,0.026347925886511803,0.7607256770133972,9.510066986083984,0.0,0.0,nan,nan,0.0,0.0,0.33807337284088135,0.3227730989456177,2.8489583333333335,0.33807337284088135,0.023084988196690876,0.022861920297145844
713,0.3792136889999824,3.172352,1.8059946298599243,-0.12354319542646408,0.2625851035118103,nan,0.16198872029781342,0.0,0.02953050658106804,0.6408402919769287,9.391983032226562,0.0,0.0,nan,nan,0.0,0.0,0.33874762058258057,0.32280340790748596,2.8697916666666665,0.33874762058258057,0.023051343858242035,0.02286893129348755
714,0.38061711000000287,3.172352,1.6160523891448975,-0.14043715596199036,0.16835246980190277,nan,0.143480584025383,0.0,0.033634670078754425,0.713108241558075,8.718951225280762,0.0,0.0,nan,nan,0.0,0.0,0.33909499645233154,0.3244702219963074,2.9348958333333335,0.33909499645233154,0.023043823738892872,0.022879309952259064
715,0.3839200009999786,3.172352,1.4815436601638794,-0.15442600846290588,0.19710546731948853,nan,0.12963345646858215,0.0,0.03901907429099083,0.8832709193229675,8.3733549118042,0.0,0.0,nan,nan,0.0,0.0,0.3385434150695801,0.32823407649993896,2.9114583333333335,0.3385434150695801,0.023054597278436024,0.022568143904209137
716,0.3902889859999732,3.172352,1.4360543489456177,-0.16279664635658264,0.17222513258457184,nan,0.12355288118124008,0.0,0.04689054936170578,1.2261223793029785,8.66018295288086,0.0,0.0,nan,nan,0.0,0.0,0.3382954200108846,0.32823410630226135,3.0260416666666665,0.3382954200108846,0.02305979033311208,0.02256420999765396
717,0.388182114000017,3.172352,1.4688677787780762,-0.1571308970451355,0.19006812572479248,nan,0.12532779574394226,0.0,0.057655490934848785,1.3228392601013184,9.13235855102539,0.0,0.0,nan,nan,0.0,0.0,0.33831532796223956,0.32568150758743286,2.9401041666666665,0.33831532796223956,0.023382713397343952,0.022517025470733643
718,0.3767727939999759,3.172352,1.4839074611663818,-0.14950290322303772,0.10627506673336029,nan,0.12812547385692596,0.0,0.03851742669939995,1.0229133367538452,8.890684127807617,1.0,0.0,nan,nan,0.0,1.0,0.33916930357615155,0.3257875144481659,2.7786458333333335,0.33916930357615155,0.0234481543302536,0.02246459573507309
719,0.38026162999994995,3.172352,1.204730749130249,-0.15900129079818726,0.1692395955324173,nan,0.10246926546096802,0.0,0.03280335292220116,0.855796754360199,8.318798065185547,0.0,0.0,nan,nan,0.0,0.0,0.33970463275909424,0.32820576429367065,2.875,0.33970463275909424,0.023118771612644196,0.022412404417991638
720,0.3796275350000542,3.172352,1.0700128078460693,-0.17421656847000122,0.20884770154953003,nan,0.08838614076375961,0.0,0.038552481681108475,0.858555018901825,8.213848114013672,0.0,0.0,nan,nan,0.0,0.0,0.3400905132293701,0.3204159736633301,2.8541666666666665,0.3400905132293701,0.023119859397411346,0.022358626127243042
721,0.38836416999998846,3.172352,0.9676843285560608,-0.19535325467586517,0.14264053106307983,nan,0.07791521400213242,0.0,0.044215258210897446,0.8968831896781921,8.546285629272461,0.0,0.0,nan,nan,0.0,0.0,0.3397206862767537,0.3176971971988678,2.6666666666666665,0.3397206862767537,0.02313046157360077,0.02231212705373764
722,0.3882855479999989,3.172352,0.9012312889099121,-0.21671374142169952,0.1365612894296646,nan,0.0707889124751091,0.0,0.05151084065437317,0.985733687877655,8.86739730834961,0.0,0.0,nan,nan,0.0,0.0,0.3379385868708293,0.3189208507537842,2.7838541666666665,0.3379385868708293,0.023118699590365093,0.022268593311309814
723,0.39391692199995987,3.172352,0.9578757882118225,-0.21822550892829895,0.23614083230495453,nan,0.07458661496639252,0.0,0.060748230665922165,1.2781716585159302,9.436354637145996,0.0,0.0,nan,nan,0.0,0.0,0.33588194847106934,0.30819353461265564,2.8333333333333335,0.33588194847106934,0.02313201626141866,0.0222332626581192
724,0.397943338999994,3.172352,1.0494945049285889,-0.1992616206407547,0.26894843578338623,nan,0.08135169744491577,0.0,0.07180312275886536,1.486395239830017,10.2694091796875,0.0,0.0,nan,nan,0.0,0.0,0.3336267868677775,0.3046860098838806,2.84375,0.3336267868677775,0.02315971503655116,0.022230789065361023
725,0.4001687489999881,3.172352,1.0845261812210083,-0.1847650408744812,0.2570551931858063,nan,0.08308717608451843,0.0,0.08636108040809631,1.5744662284851074,10.9930419921875,0.0,0.0,nan,nan,0.0,0.0,0.3318500518798828,0.3037833571434021,2.9244791666666665,0.3318500518798828,0.023154549300670624,0.0222560316324234
726,0.39980682399999523,3.172352,1.1980918645858765,-0.17415784299373627,0.18639875948429108,nan,0.09240151941776276,0.0,0.10324865579605103,1.6884098052978516,11.487948417663574,0.0,0.0,nan,nan,0.0,0.0,0.3313700755437215,0.30383703112602234,3.1223958333333335,0.3313700755437215,0.02312961717446645,0.02220643311738968
727,0.3936003100000107,3.172352,1.6612136363983154,-0.15796136856079102,0.15749359130859375,nan,0.13788415491580963,0.0,0.09484772384166718,1.6955699920654297,11.92352294921875,1.0,0.0,nan,nan,0.0,1.0,0.3326013485590617,0.3055260479450226,2.8489583333333335,0.3326013485590617,0.0232041801015536,0.022166702896356583
728,0.3952745490000211,3.172352,1.9223695993423462,-0.15062817931175232,0.15549913048744202,nan,0.1670975536108017,0.0,0.07841749489307404,1.5210914611816406,11.173532485961914,1.0,0.0,nan,nan,0.0,1.0,0.3345000743865967,0.30819371342658997,2.7265625,0.3345000743865967,0.023211608330408733,0.022341765463352203
729,0.3909473930000331,3.172352,1.9093233346939087,-0.12081488966941833,0.5664954781532288,nan,0.16883425414562225,0.0,0.06514235585927963,1.4675015211105347,10.05223274230957,0.0,0.0,nan,nan,0.0,0.0,0.33677109082539874,0.3101864755153656,2.8541666666666665,0.33677109082539874,0.02313648412624995,0.022756211459636688
730,0.39987949300001446,3.172352,1.867414951324463,-0.09396357834339142,0.47313612699508667,nan,0.15830691158771515,0.0,0.07642611861228943,1.4118142127990723,10.396574020385742,1.0,0.0,nan,nan,0.0,1.0,0.33658401171366376,0.30760619044303894,2.9296875,0.33658401171366376,0.02311481535434723,0.022763527929782867
731,0.39098848100002215,3.172352,1.7686909437179565,-0.08059527724981308,0.37760573625564575,nan,0.15407459437847137,0.0,0.04726260155439377,1.021862268447876,9.374913215637207,0.0,0.0,nan,nan,0.0,0.0,0.33780908584594727,0.3003911077976227,2.90625,0.33780908584594727,0.023140189548333485,0.02255070209503174
732,0.38700950800000555,3.172352,1.5990036725997925,-0.05849241092801094,0.1825856864452362,nan,0.1373405158519745,0.0,0.053275883197784424,1.0288423299789429,10.112508773803711,1.0,0.0,nan,nan,0.0,1.0,0.3371879657109578,0.3001564145088196,2.7864583333333335,0.3371879657109578,0.023112036287784576,0.02217051386833191
733,0.3882098589999714,3.172352,1.8557432889938354,-0.03843788802623749,0.30493685603141785,nan,0.1650390475988388,0.0,0.02519511803984642,0.7784709930419922,9.630409240722656,0.0,0.0,nan,nan,0.0,0.0,0.33670230706532794,0.30217742919921875,2.7239583333333335,0.33670230706532794,0.023097154994805653,0.02176225185394287
734,0.3906175089999806,3.172352,1.6424810886383057,-0.030717547982931137,0.24258069694042206,nan,0.14264458417892456,0.0,0.027622967958450317,0.830328643321991,9.785588264465332,0.0,0.0,nan,nan,0.0,0.0,0.3349039951960246,0.3046528697013855,2.7526041666666665,0.3349039951960246,0.023022336264451344,0.02152024209499359
735,0.3917961130000549,3.172352,1.5435603857040405,-0.030792027711868286,0.22550171613693237,nan,0.13158994913101196,0.0,0.03191690146923065,1.3323559761047363,10.014121055603027,0.0,0.0,nan,nan,0.0,0.0,0.33158642053604126,0.29479509592056274,2.8307291666666665,0.33158642053604126,0.022963859140872955,0.021253854036331177
736,0.395019034000029,3.172352,1.51289701461792,-0.034091271460056305,0.24290066957473755,nan,0.125336691737175,0.0,0.04303896427154541,2.4544692039489746,10.939611434936523,0.0,0.0,nan,nan,0.0,0.0,0.3273921211560567,0.28823044896125793,2.890625,0.3273921211560567,0.02294396609067917,0.02100236713886261
737,0.39915555299990046,3.172352,1.6222338676452637,-0.03259731084108353,0.21315693855285645,nan,0.13312441110610962,0.0,0.0625590905547142,2.7883849143981934,12.134613037109375,0.0,0.0,nan,nan,0.0,0.0,0.323794682820638,0.2831946909427643,2.765625,0.323794682820638,0.023016614218552906,0.020783551037311554
738,0.40333244800001467,3.172352,1.8010772466659546,-0.055549174547195435,0.14057566225528717,nan,0.14867335557937622,0.0,0.08737079799175262,2.6669135093688965,13.125860214233398,0.0,0.0,nan,nan,0.0,0.0,0.32228533426920575,0.2790086269378662,2.6640625,0.32228533426920575,0.022923991084098816,0.02063985913991928
739,0.40133842799991726,3.172352,2.1965126991271973,-0.10166983306407928,0.18919235467910767,nan,0.18688319623470306,0.0,0.10966535657644272,2.022667407989502,13.578323364257812,0.0,0.0,nan,nan,0.0,0.0,0.3239353696505229,0.2851721942424774,2.5755208333333335,0.3239353696505229,0.022930579880873363,0.02064020186662674
740,0.3921711430000414,3.172352,1.9818956851959229,-0.0974215716123581,0.13553649187088013,nan,0.16626429557800293,0.0,0.09889616817235947,1.6862170696258545,12.610824584960938,1.0,0.0,nan,nan,0.0,1.0,0.326046089331309,0.28868985176086426,2.7161458333333335,0.326046089331309,0.02309315154949824,0.02069854736328125
741,0.39674962300000516,3.172352,1.7951716184616089,-0.10324664413928986,0.28080812096595764,nan,0.15093323588371277,0.0,0.10425965487957001,1.9178097248077393,11.230551719665527,0.0,0.0,nan,nan,0.0,0.0,0.3250771760940552,0.26840144395828247,2.8333333333333335,0.3250771760940552,0.02305784324804942,0.020976312458515167
742,0.40245702699996855,3.172352,1.695317268371582,-0.10954409837722778,0.17217937111854553,nan,0.13936972618103027,0.0,0.12491347640752792,2.5382018089294434,12.015307426452637,0.0,0.0,nan,nan,0.0,0.0,0.3224673668543498,0.23733198642730713,2.7473958333333335,0.3224673668543498,0.023045400778452556,0.02083691954612732
743,0.3992502279999144,3.172352,1.9989229440689087,-0.15747275948524475,0.1578374207019806,nan,0.16784600913524628,0.0,0.10155388712882996,2.2183642387390137,11.705958366394043,2.0,0.0,nan,nan,0.0,2.0,0.32652541001637775,0.23786409199237823,2.828125,0.32652541001637775,0.023289764920870464,0.022149033844470978
744,0.40253184200003034,3.172352,1.8024731874465942,-0.17775821685791016,0.20392881333827972,nan,0.15467005968093872,0.0,0.08400272578001022,1.5826828479766846,10.324764251708984,0.0,0.0,nan,nan,0.0,0.0,0.32838910818099976,0.29906657338142395,2.7578125,0.32838910818099976,0.023244045674800873,0.022922761738300323
745,0.3979196039999806,3.172352,1.5630018711090088,-0.20268172025680542,0.2846066355705261,nan,0.12908843159675598,0.0,0.10231509804725647,1.5728075504302979,10.2396240234375,0.0,0.0,nan,nan,0.0,0.0,0.3282474676767985,0.29486459493637085,2.7682291666666665,0.3282474676767985,0.02325385312239329,0.02292204648256302
746,0.39872593100005815,3.172352,1.4533342123031616,-0.2087569236755371,0.18558365106582642,nan,0.11581842601299286,0.0,0.12087215483188629,2.1138486862182617,10.029792785644531,0.0,0.0,nan,nan,0.0,0.0,0.327795406182607,0.2946755886077881,2.5833333333333335,0.327795406182607,0.023280126353104908,0.022830210626125336
747,0.39513267299992094,3.172352,1.757409691810608,-0.1835559606552124,0.16986672580242157,nan,0.14881740510463715,0.0,0.09927522391080856,2.3767964839935303,9.59046745300293,2.0,0.0,nan,nan,0.0,2.0,0.3284781376520793,0.29874077439308167,2.6614583333333335,0.3284781376520793,0.02340763807296753,0.022873327136039734
748,0.399924224000074,3.172352,1.263989806175232,-0.17723014950752258,0.31096312403678894,nan,0.10393065214157104,0.0,0.07359285652637482,1.6764352321624756,9.226404190063477,0.0,0.0,nan,nan,0.0,0.0,0.3294480840365092,0.2976815402507782,2.6875,0.3294480840365092,0.023314322034517925,0.02288399636745453
749,0.401443501000017,3.172352,1.293100357055664,-0.15183815360069275,0.2537934482097626,nan,0.10405146330595016,0.0,0.08747059106826782,1.5943498611450195,9.922124862670898,0.0,0.0,nan,nan,0.0,0.0,0.3278311491012573,0.2944309413433075,2.7239583333333335,0.3278311491012573,0.023282426098982494,0.022899121046066284
750,0.40048471600005087,3.172352,1.4047688245773315,-0.11691655218601227,0.2810004651546478,nan,0.1137414202094078,0.0,0.10075622797012329,1.4895827770233154,10.12419319152832,0.0,0.0,nan,nan,0.0,0.0,0.32643328110376996,0.2945270240306854,2.734375,0.32643328110376996,0.023236433664957683,0.022208325564861298
751,0.40278921200001605,3.172352,1.5557901859283447,-0.08824431896209717,0.2620733976364136,nan,0.12760677933692932,0.0,0.11479340493679047,1.6108487844467163,10.774592399597168,0.0,0.0,nan,nan,0.0,0.0,0.32555681467056274,0.29521816968917847,2.71875,0.32555681467056274,0.02320472647746404,0.02216348797082901
752,0.40320108000003074,3.172352,1.7796756029129028,-0.06352390348911285,0.2197645753622055,nan,0.1492854356765747,0.0,0.12701234221458435,1.919451117515564,11.712115287780762,1.0,0.0,nan,nan,0.0,1.0,0.3259459137916565,0.29378730058670044,2.7083333333333335,0.3259459137916565,0.023227885365486145,0.02208074927330017
753,0.4044776620000903,3.172352,2.025909185409546,-0.042150311172008514,0.35950610041618347,nan,0.175071582198143,0.0,0.10499849170446396,1.673970103263855,12.449724197387695,0.0,0.0,nan,nan,0.0,0.0,0.32930833101272583,0.29396435618400574,2.6666666666666665,0.32930833101272583,0.023269392549991608,0.021991878747940063
754,0.4077552319999995,3.172352,2.105471611022949,-0.03180713206529617,0.4396531283855438,nan,0.181594580411911,0.0,0.12028371542692184,1.5396788120269775,13.123111724853516,0.0,0.0,nan,nan,0.0,0.0,0.3324286142985026,0.3007552921772003,2.6119791666666665,0.3324286142985026,0.023192934691905975,0.021908506751060486
755,0.40660844899991844,3.172352,2.04252552986145,-0.025781972333788872,0.21753425896167755,nan,0.17124716937541962,0.0,0.13913604617118835,1.81032395362854,13.821368217468262,0.0,0.0,nan,nan,0.0,0.0,0.3346753517786662,0.3088570237159729,2.484375,0.3346753517786662,0.023169100284576416,0.021830104291439056
756,0.40458255399994414,3.172352,2.136657953262329,-0.021477418020367622,0.21674741804599762,nan,0.17828583717346191,0.0,0.14095377922058105,1.944036841392517,15.558573722839355,1.0,0.0,nan,nan,0.0,1.0,0.3345739046732585,0.29959729313850403,2.5416666666666665,0.3345739046732585,0.023215266565481823,0.021759726107120514
757,0.40446387199995115,3.172352,2.5280954837799072,-0.024960223585367203,0.30706533789634705,nan,0.21998366713523865,0.0,0.10925405472517014,1.284278154373169,15.862017631530762,1.0,0.0,nan,nan,0.0,1.0,0.33592450618743896,0.29308146238327026,2.4739583333333335,0.33592450618743896,0.023255834976832073,0.021729327738285065
758,0.4089448070000117,3.172352,2.5617759227752686,-0.012143678031861782,0.15313352644443512,nan,0.22285299003124237,0.0,0.11326520144939423,1.3599157333374023,16.711048126220703,0.0,0.0,nan,nan,0.0,0.0,0.33708377679189044,0.28865674138069153,2.3984375,0.33708377679189044,0.02321018526951472,0.021650344133377075
759,0.4024672360000068,3.172352,2.598449468612671,-0.002273203805088997,0.18174466490745544,nan,0.2259572148323059,0.0,0.12481226772069931,1.8101050853729248,17.73115348815918,0.0,0.0,nan,nan,0.0,0.0,0.3374811013539632,0.2843455374240875,2.390625,0.3374811013539632,0.023193714519341786,0.021473519504070282
760,0.40510256899995056,3.172352,2.586888074874878,-0.000597713515162468,0.16070197522640228,nan,0.22339877486228943,0.0,0.13616250455379486,1.9132771492004395,18.34801483154297,0.0,0.0,nan,nan,0.0,0.0,0.3373156785964966,0.27613621950149536,2.3880208333333335,0.3373156785964966,0.02317216992378235,0.02129339799284935
761,0.4041462769999953,3.172352,2.5179219245910645,-0.0013596834614872932,0.12348989397287369,nan,0.21417135000228882,0.0,0.1493493616580963,1.8432908058166504,18.702045440673828,0.0,0.0,nan,nan,0.0,0.0,0.336114764213562,0.25893115997314453,2.4270833333333335,0.336114764213562,0.02316688746213913,0.021126095205545425
762,0.39894575999994686,3.172352,2.870745897293091,-0.027594411745667458,0.1633194088935852,nan,0.25121596455574036,0.0,0.1331278383731842,1.8388211727142334,17.779769897460938,1.0,0.0,nan,nan,0.0,1.0,0.3382175763448079,0.2494649887084961,2.5651041666666665,0.3382175763448079,0.023282436033089954,0.02106693759560585
763,0.3947714949999863,3.172352,2.892935037612915,-0.036129944026470184,0.3232787847518921,nan,0.2555832862854004,0.0,0.1185360997915268,1.8553953170776367,15.838088989257812,0.0,0.0,nan,nan,0.0,0.0,0.34058260917663574,0.31603410840034485,2.7734375,0.34058260917663574,0.023219299813111622,0.022383801639080048
764,0.3975160769999775,3.172352,2.8727474212646484,-0.02794267237186432,0.456281840801239,nan,0.2548827528953552,0.0,0.1225881576538086,1.6199452877044678,15.408926010131836,0.0,0.0,nan,nan,0.0,0.0,0.34182969729105633,0.32210564613342285,2.7630208333333335,0.34182969729105633,0.023177688320477802,0.022224269807338715
765,0.4013948580000033,3.172352,2.9183244705200195,-0.014985445886850357,0.18155665695667267,nan,0.25910472869873047,0.0,0.13221114873886108,1.6840013265609741,15.816059112548828,0.0,0.0,nan,nan,0.0,0.0,0.3422904809315999,0.3210259974002838,2.4947916666666665,0.3422904809315999,0.023322070638338726,0.02210848405957222
766,0.403192304000072,3.172352,3.319240093231201,0.011619806289672852,0.13255614042282104,nan,0.2959221601486206,0.0,0.13912218809127808,2.1358134746551514,17.802003860473633,1.0,0.0,nan,nan,0.0,1.0,0.34097715218861896,0.30205008387565613,2.4192708333333335,0.34097715218861896,0.02365625152985255,0.02198832482099533
767,0.39895365400002447,3.172352,4.007716655731201,0.032092947512865067,0.22042320668697357,nan,0.36644238233566284,0.0,0.11478310823440552,1.5551373958587646,17.181631088256836,0.0,0.0,nan,nan,0.0,0.0,0.3399819533030192,0.2980297803878784,2.5364583333333335,0.3399819533030192,0.023350936671098072,0.02179752290248871
768,0.39287591200002225,3.172352,2.859604597091675,-0.004143502563238144,0.24074581265449524,nan,0.25849950313568115,0.0,0.09046455472707748,1.2450218200683594,14.363783836364746,1.0,0.0,nan,nan,0.0,1.0,0.33780475457509357,0.2975033223628998,2.7421875,0.33780475457509357,0.023205953339735668,0.021547488868236542
769,0.40076277000002847,3.172352,2.0968832969665527,-0.021003026515245438,0.5498600006103516,nan,0.18448767066001892,0.0,0.0845983624458313,1.4936383962631226,12.101901054382324,0.0,0.0,nan,nan,0.0,0.0,0.3355041742324829,0.29443737864494324,2.8567708333333335,0.3355041742324829,0.023099253575007122,0.021269381046295166
770,0.3951775450000241,3.172352,1.9001073837280273,-0.023381270468235016,0.19019773602485657,nan,0.1639433652162552,0.0,0.09147797524929047,2.1355385780334473,12.231196403503418,0.0,0.0,nan,nan,0.0,0.0,0.3333313663800557,0.2824888825416565,2.7473958333333335,0.3333313663800557,0.023076216379801433,0.0209963396191597
771,0.38542241499999363,3.172352,2.0212035179138184,-0.023367533460259438,0.15407927334308624,nan,0.17622879147529602,0.0,0.07298286259174347,2.134502410888672,11.990816116333008,1.0,0.0,nan,nan,0.0,1.0,0.3322286407152812,0.2712593674659729,2.7109375,0.3322286407152812,0.023110094169775646,0.020756646990776062
772,0.3949704709999651,3.172352,2.000664710998535,-0.04586179554462433,0.15395896136760712,nan,0.17513403296470642,0.0,0.07414956390857697,2.1977477073669434,11.314596176147461,0.0,0.0,nan,nan,0.0,0.0,0.3300282955169678,0.26318681240081787,2.6770833333333335,0.3300282955169678,0.02304864178101222,0.020587299019098282
773,0.3984208399999716,3.172352,2.5669538974761963,-0.09905090928077698,0.3092631697654724,nan,0.23155388236045837,0.0,0.08207417279481888,1.6613596677780151,11.798866271972656,0.0,0.0,nan,nan,0.0,0.0,0.32838813463846844,0.27027463912963867,2.765625,0.32838813463846844,0.023025761047999065,0.02058258280158043
774,0.40115168200009066,3.172352,2.466610908508301,-0.09193895757198334,0.32601577043533325,nan,0.2202311009168625,0.0,0.08866863697767258,2.058195114135742,12.143138885498047,0.0,0.0,nan,nan,0.0,0.0,0.3271760741869609,0.30268293619155884,2.609375,0.3271760741869609,0.023025470475355785,0.020611472427845
775,0.38596415799997885,3.172352,2.0480618476867676,-0.07404901087284088,0.16600050032138824,nan,0.1823085993528366,0.0,0.04880429431796074,1.684216022491455,10.56451416015625,1.0,0.0,nan,nan,0.0,1.0,0.32761963208516437,0.29481738805770874,2.7526041666666665,0.32761963208516437,0.02319074422121048,0.020659245550632477
776,0.3913574509999762,3.172352,1.9185067415237427,-0.077119842171669,0.17597714066505432,nan,0.17028197646141052,0.0,0.04849472641944885,1.5681610107421875,9.79029655456543,0.0,0.0,nan,nan,0.0,0.0,0.32748061418533325,0.2947300970554352,2.8515625,0.32748061418533325,0.02310910075902939,0.022342897951602936
777,0.39645191899990095,3.172352,1.940512776374817,-0.08603198826313019,0.16479016840457916,nan,0.17205826938152313,0.0,0.05598829314112663,1.2835038900375366,9.681915283203125,0.0,0.0,nan,nan,0.0,0.0,0.32770683368047077,0.3004538118839264,2.9296875,0.32770683368047077,0.023122787475585938,0.022341012954711914
778,0.40012144999991506,3.172352,1.9547256231307983,-0.09475146234035492,0.25997909903526306,nan,0.17205719649791718,0.0,0.06655502319335938,1.032170057296753,10.29697322845459,0.0,0.0,nan,nan,0.0,0.0,0.3279040257136027,0.29968032240867615,2.828125,0.3279040257136027,0.02313872178395589,0.02234727144241333
779,0.4031231569999818,3.172352,2.2363228797912598,-0.09418383240699768,0.207396000623703,nan,0.19860123097896576,0.0,0.07838965952396393,1.123187780380249,11.332252502441406,0.0,0.0,nan,nan,0.0,0.0,0.32831428448359173,0.2998979091644287,2.8046875,0.32831428448359173,0.023181910316149395,0.02238328754901886
780,0.40841425500002515,3.172352,2.496633529663086,-0.08674882352352142,0.3027256727218628,nan,0.2237003743648529,0.0,0.09167706966400146,1.3671278953552246,12.016141891479492,0.0,0.0,nan,nan,0.0,0.0,0.32854223251342773,0.3052496314048767,2.6666666666666665,0.32854223251342773,0.02319183200597763,0.022317729890346527
781,0.4044041659999493,3.172352,2.4532573223114014,-0.09003729373216629,0.3771209418773651,nan,0.21790161728858948,0.0,0.10525571554899216,1.4925367832183838,12.182467460632324,0.0,0.0,nan,nan,0.0,0.0,0.3282485206921895,0.30792418122291565,2.8046875,0.3282485206921895,0.02316030114889145,0.022231727838516235
782,0.4029063060000908,3.172352,2.0908615589141846,-0.09781642258167267,0.23224875330924988,nan,0.18034301698207855,0.0,0.118098184466362,1.7471059560775757,12.083738327026367,0.0,0.0,nan,nan,0.0,0.0,0.3277997175852458,0.30510663986206055,2.8203125,0.3277997175852458,0.02313137302796046,0.022128358483314514
783,0.39511476899997433,3.172352,2.3985235691070557,-0.1091766357421875,0.148554265499115,nan,0.21107664704322815,0.0,0.08332288265228271,1.6419565677642822,12.546852111816406,2.0,0.0,nan,nan,0.0,2.0,0.329636812210083,0.29996490478515625,2.6744791666666665,0.329636812210083,0.023282262186209362,0.022114966064691544
784,0.39674218700008623,3.172352,1.9482791423797607,-0.12233022600412369,0.30165553092956543,nan,0.173458069562912,0.0,0.05924851447343826,1.0537818670272827,9.889434814453125,0.0,0.0,nan,nan,0.0,0.0,0.3305046161015828,0.2934558093547821,2.6901041666666665,0.3305046161015828,0.023160720864931744,0.022730067372322083
785,0.3988615729999765,3.172352,1.743733286857605,-0.13406506180763245,0.2705565392971039,nan,0.15233854949474335,0.0,0.06777520477771759,0.9694751501083374,9.577957153320312,0.0,0.0,nan,nan,0.0,0.0,0.3303777774175008,0.2926592528820038,2.8046875,0.3303777774175008,0.023155279457569122,0.022685885429382324
786,0.403030737999984,3.172352,1.6279300451278687,-0.14318357408046722,0.19400449097156525,nan,0.13957299292087555,0.0,0.0785636156797409,1.1849453449249268,9.023831367492676,0.0,0.0,nan,nan,0.0,0.0,0.3304367462793986,0.2919916808605194,2.8541666666666665,0.3304367462793986,0.023180616398652393,0.0226147398352623
787,0.38680244399995445,3.172352,1.6262297630310059,-0.12672892212867737,0.2581232786178589,nan,0.14246806502342224,0.0,0.04907258599996567,1.1723664999008179,8.446798324584961,1.0,0.0,nan,nan,0.0,1.0,0.3340506951014201,0.29176896810531616,2.7890625,0.3340506951014201,0.023238251606623333,0.02186325192451477
788,0.39061922999997023,3.172352,1.438461184501648,-0.09990156441926956,0.2205927073955536,nan,0.12283777445554733,0.0,0.05456426367163658,1.4082163572311401,8.568222045898438,0.0,0.0,nan,nan,0.0,0.0,0.33415647347768146,0.3135599195957184,2.9244791666666665,0.33415647347768146,0.023126448194185894,0.021770238876342773
789,0.39514997699996,3.172352,1.5002954006195068,-0.05671021714806557,0.22348883748054504,nan,0.12731575965881348,0.0,0.06372559070587158,1.4792664051055908,9.375190734863281,0.0,0.0,nan,nan,0.0,0.0,0.3334985574086507,0.30889955163002014,2.7291666666666665,0.3334985574086507,0.02310315767923991,0.02165377140045166
790,0.393790230000036,3.172352,1.6397004127502441,-0.024748653173446655,0.24169956147670746,nan,0.13958357274532318,0.0,0.0759565532207489,1.6584581136703491,10.372611045837402,0.0,0.0,nan,nan,0.0,0.0,0.3331206242243449,0.30107802152633667,2.8307291666666665,0.3331206242243449,0.023105743030707043,0.021626271307468414
791,0.3961066150000079,3.172352,1.8339619636535645,-0.0004413910210132599,0.17759595811367035,nan,0.15674589574337006,0.0,0.09119542688131332,1.961540937423706,11.649328231811523,0.0,0.0,nan,nan,0.0,0.0,0.3339122136433919,0.2925431728363037,2.7135416666666665,0.3339122136433919,0.023092721899350483,0.021427996456623077
792,0.3972611329999154,3.172352,1.8839243650436401,0.006854414939880371,0.1209341436624527,nan,0.1590459644794464,0.0,0.10920601338148117,1.9419937133789062,12.628039360046387,0.0,0.0,nan,nan,0.0,0.0,0.33400507767995197,0.2821252942085266,2.5703125,0.33400507767995197,0.023075595498085022,0.021225273609161377
793,0.39964611599998534,3.172352,1.8839150667190552,-0.011178061366081238,0.2914900481700897,nan,0.15496258437633514,0.0,0.12585431337356567,1.9330328702926636,13.637456893920898,1.0,0.0,nan,nan,0.0,1.0,0.3328255812327067,0.26840081810951233,2.3723958333333335,0.3328255812327067,0.023087782164414723,0.02103784680366516
794,0.39688387799992597,3.172352,2.3664753437042236,-0.01815522462129593,0.4564649760723114,nan,0.20594650506973267,0.0,0.10294914245605469,1.930595874786377,14.505454063415527,0.0,0.0,nan,nan,0.0,0.0,0.3317072590192159,0.24707120656967163,2.3984375,0.3317072590192159,0.023134879767894745,0.020868446677923203
795,0.4081869999999981,3.172352,2.493330240249634,-0.052991222590208054,0.35259678959846497,nan,0.2160353660583496,0.0,0.11513229459524155,1.7569025754928589,16.00303840637207,0.0,0.0,nan,nan,0.0,0.0,0.33003169298171997,0.2317575365304947,2.578125,0.33003169298171997,0.023178411026795704,0.020790576934814453
796,0.39762638199999856,3.172352,2.3097169399261475,-0.07323510944843292,0.13883085548877716,nan,0.2016284465789795,0.0,0.08702602982521057,1.124889612197876,15.64130973815918,1.0,0.0,nan,nan,0.0,1.0,0.33542974789937335,0.241514652967453,2.515625,0.33542974789937335,0.02321401486794154,0.020815446972846985
797,0.3959782220000534,3.172352,2.1022684574127197,-0.06351881474256516,0.2956334054470062,nan,0.18031476438045502,0.0,0.08783960342407227,1.1920945644378662,16.73147964477539,0.0,0.0,nan,nan,0.0,0.0,0.3357805013656616,0.3040507435798645,2.59375,0.3357805013656616,0.02314782639344533,0.02189783751964569
798,0.39687049899998783,3.172352,2.097639799118042,-0.05076359957456589,0.33415669202804565,nan,0.17662696540355682,0.0,0.09811028093099594,1.3963521718978882,18.118518829345703,0.0,0.0,nan,nan,0.0,0.0,0.33428919315338135,0.3042113780975342,2.5989583333333335,0.33428919315338135,0.02314135432243347,0.02181820571422577
799,0.40338412599999174,3.172352,2.091508626937866,-0.04100565239787102,0.2955498993396759,nan,0.173170804977417,0.0,0.11057859659194946,1.6206401586532593,18.68085479736328,0.0,0.0,nan,nan,0.0,0.0,0.3320188919703166,0.29892048239707947,2.6510416666666665,0.3320188919703166,0.02309747536977132,0.02174162119626999
800,0.40538695800000824,3.172352,2.236727476119995,-0.02472534030675888,0.27575114369392395,nan,0.18737177550792694,0.0,0.12684044241905212,1.667248010635376,19.445674896240234,0.0,0.0,nan,nan,0.0,0.0,0.32974382241566974,0.29616665840148926,2.6822916666666665,0.32974382241566974,0.023058824241161346,0.02165491133928299
801,0.4037528430000066,3.172352,2.4497671127319336,-0.0005811071023344994,0.2881421446800232,nan,0.20251908898353577,0.0,0.13899220526218414,1.6598199605941772,19.472299575805664,1.0,0.0,nan,nan,0.0,1.0,0.32859404881795246,0.295730322599411,2.7552083333333335,0.32859404881795246,0.023093417286872864,0.021551765501499176
802,0.46663117800005693,3.172352,2.587156295776367,0.024395057931542397,0.18714123964309692,nan,0.22647640109062195,0.0,0.09777432680130005,1.438018798828125,16.172653198242188,1.0,0.0,nan,nan,0.0,1.0,0.3302674889564514,0.29662156105041504,2.5729166666666665,0.3302674889564514,0.02315407246351242,0.021436937153339386
803,0.5540833829999201,3.172352,2.8124024868011475,0.04421127215027809,0.20172689855098724,nan,0.24946169555187225,0.0,0.10378891229629517,1.5826120376586914,16.106212615966797,0.0,0.0,nan,nan,0.0,0.0,0.3302102287610372,0.3031019866466522,2.5364583333333335,0.3302102287610372,0.022996964553991955,0.021318048238754272
804,0.46423464299994066,3.172352,3.2017362117767334,0.06454631686210632,0.10304230451583862,nan,0.28610143065452576,0.0,0.12252496182918549,2.1076016426086426,16.94266128540039,0.0,0.0,nan,nan,0.0,0.0,0.3298233548800151,0.29250678420066833,2.6276041666666665,0.3298233548800151,0.022961397965749104,0.021205268800258636
805,0.40352811800005384,3.172352,3.6163110733032227,0.08611176908016205,0.15944857895374298,nan,0.32441651821136475,0.0,0.1471346914768219,2.6062674522399902,17.018688201904297,0.0,0.0,nan,nan,0.0,0.0,0.32841066519419354,0.26589977741241455,2.71875,0.32841066519419354,0.02292695889870326,0.02110692486166954
806,0.3973967649999395,3.172352,3.7785909175872803,0.0796399712562561,0.1287791132926941,nan,0.33870071172714233,0.0,0.15492874383926392,2.6757545471191406,16.335384368896484,1.0,0.0,nan,nan,0.0,1.0,0.3288874824841817,0.24907144904136658,2.7135416666666665,0.3288874824841817,0.022971950471401215,0.021029215306043625
807,0.3904636209999808,3.172352,2.933354139328003,0.03445981815457344,0.11145118623971939,nan,0.26503986120224,0.0,0.09026259183883667,2.137439250946045,12.109049797058105,2.0,0.0,nan,nan,0.0,2.0,0.33345456918080646,0.24537430703639984,2.7005208333333335,0.33345456918080646,0.023026081422964733,0.020852159708738327
808,0.3959045699999706,3.172352,2.426957368850708,-0.03957076370716095,0.23158103227615356,nan,0.21454112231731415,0.0,0.07917613536119461,2.0716638565063477,9.419814109802246,1.0,0.0,nan,nan,0.0,1.0,0.33459556102752686,0.23422305285930634,2.71875,0.33459556102752686,0.02304001897573471,0.02079515904188156
809,0.38183085700006814,3.172352,2.0451555252075195,-0.07993651181459427,0.15979942679405212,nan,0.18476319313049316,0.0,0.05094935745000839,2.020488739013672,8.214092254638672,0.0,0.0,nan,nan,0.0,0.0,0.3400204579035441,0.3193899989128113,2.65625,0.3400204579035441,0.02301095922787984,0.02162204682826996
810,0.38257791399996677,3.172352,1.8025896549224854,-0.08163858950138092,0.16310007870197296,nan,0.15967506170272827,0.0,0.05453033372759819,2.0563626289367676,8.438421249389648,1.0,0.0,nan,nan,0.0,1.0,0.33951203028361004,0.3205820620059967,2.734375,0.33951203028361004,0.023058148721853893,0.021491363644599915
811,0.3822481089999883,3.172352,1.6660727262496948,-0.05925749987363815,0.2484973967075348,nan,0.14873334765434265,0.0,0.032010454684495926,1.4044394493103027,7.837213039398193,0.0,0.0,nan,nan,0.0,0.0,0.33831385771433514,0.3206007778644562,2.875,0.33831385771433514,0.02300778031349182,0.021310679614543915
812,0.38544370699992214,3.172352,1.4362872838974,-0.042562875896692276,0.20348283648490906,nan,0.12620726227760315,0.0,0.039301928132772446,1.3215572834014893,7.539402008056641,0.0,0.0,nan,nan,0.0,0.0,0.3349255720774333,0.3032416105270386,2.9765625,0.3349255720774333,0.022978872060775757,0.021114185452461243
813,0.38892534900003284,3.172352,1.2702586650848389,-0.0481148287653923,0.24024076759815216,nan,0.1090722382068634,0.0,0.048895757645368576,1.5043290853500366,7.6803717613220215,0.0,0.0,nan,nan,0.0,0.0,0.3318627675374349,0.2910144627094269,2.8828125,0.3318627675374349,0.022974600394566853,0.020926721394062042
814,0.3939744020000262,3.172352,1.2478139400482178,-0.05326072871685028,0.19894707202911377,nan,0.10500480234622955,0.0,0.06124170869588852,1.8220834732055664,8.140083312988281,0.0,0.0,nan,nan,0.0,0.0,0.32905425628026325,0.2596778869628906,2.8802083333333335,0.32905425628026325,0.02296311656634013,0.020743709057569504
815,0.39014709699995365,3.172352,1.7255033254623413,-0.10583333671092987,0.17199186980724335,nan,0.15020135045051575,0.0,0.048651259392499924,1.5211153030395508,9.007147789001465,1.0,0.0,nan,nan,0.0,1.0,0.33063703775405884,0.25704294443130493,2.9739583333333335,0.33063703775405884,0.023083224892616272,0.020725060254335403
816,0.3885116179999386,3.172352,1.8823860883712769,-0.0977141410112381,0.2095489650964737,nan,0.16702139377593994,0.0,0.03588163107633591,1.380651831626892,9.814373016357422,0.0,0.0,nan,nan,0.0,0.0,0.33301599820454914,0.3129118084907532,2.8776041666666665,0.33301599820454914,0.023103108008702595,0.02152910828590393
817,0.38909818000001906,3.172352,2.122131109237671,-0.07550546526908875,0.10832984745502472,nan,0.18954691290855408,0.0,0.04837658628821373,1.3677089214324951,10.643046379089355,0.0,0.0,nan,nan,0.0,0.0,0.3329813877741496,0.317123681306839,2.8567708333333335,0.3329813877741496,0.02309731642405192,0.02134842425584793
818,0.3904354039999589,3.172352,2.3998212814331055,-0.05219890922307968,0.20359548926353455,nan,0.21553683280944824,0.0,0.06340618431568146,1.5082014799118042,11.054464340209961,0.0,0.0,nan,nan,0.0,0.0,0.3327778975168864,0.3113458752632141,2.859375,0.3327778975168864,0.0230802521109581,0.02118348330259323
819,0.3940647759999365,3.172352,2.487276077270508,-0.03050123155117035,0.1861884891986847,nan,0.2228611409664154,0.0,0.08017611503601074,1.927823543548584,11.047000885009766,0.0,0.0,nan,nan,0.0,0.0,0.33166776100794476,0.30571943521499634,2.8671875,0.33166776100794476,0.02306199073791504,0.021031998097896576
820,0.3975471200000129,3.172352,2.3618860244750977,-0.013610593974590302,0.17905935645103455,nan,0.20788916945457458,0.0,0.09975766390562057,1.9597530364990234,11.723793029785156,0.0,0.0,nan,nan,0.0,0.0,0.3302907148996989,0.2974981963634491,2.8984375,0.3302907148996989,0.02302925040324529,0.020878911018371582
821,0.3970634920000293,3.172352,2.5142335891723633,-0.028421679511666298,0.18482007086277008,nan,0.21873927116394043,0.0,0.120062455534935,1.8013767004013062,12.718668937683105,0.0,0.0,nan,nan,0.0,0.0,0.33053360382715863,0.29295530915260315,2.8776041666666665,0.33053360382715863,0.02300650378068288,0.02074931561946869
822,0.38937088599993785,3.172352,2.8395442962646484,-0.035241346806287766,0.16488145291805267,nan,0.25157850980758667,0.0,0.1158478707075119,1.3854525089263916,13.700126647949219,1.0,0.0,nan,nan,0.0,1.0,0.3336889346440633,0.30283868312835693,2.6848958333333335,0.3336889346440633,0.023111966749032337,0.020717978477478027
823,0.3908102330000247,3.172352,2.8789145946502686,-0.00477665476500988,0.19887781143188477,nan,0.2586395740509033,0.0,0.1044720858335495,1.3253328800201416,14.559184074401855,0.0,0.0,nan,nan,0.0,0.0,0.33497802416483563,0.29816004633903503,2.7864583333333335,0.33497802416483563,0.023100537558396656,0.021984390914440155
824,0.3861686089999239,3.172352,2.790712594985962,-0.002247469499707222,0.13761383295059204,nan,0.2523874342441559,0.0,0.08154387772083282,1.2578585147857666,12.811986923217773,2.0,0.0,nan,nan,0.0,2.0,0.3353488842646281,0.297452449798584,2.796875,0.3353488842646281,0.023211491604646046,0.021838828921318054
825,0.3849312419999933,3.172352,2.0422322750091553,-0.004507457837462425,0.3414899408817291,nan,0.18282417953014374,0.0,0.04207227751612663,1.253173589706421,10.014678001403809,0.0,0.0,nan,nan,0.0,0.0,0.3353991111119588,0.29791706800460815,2.7708333333333335,0.3353991111119588,0.023129917681217194,0.02168285846710205
826,0.3850164790000008,3.172352,1.7535984516143799,-0.017984624952077866,0.22824731469154358,nan,0.15370593965053558,0.0,0.048621293157339096,1.6287965774536133,9.922707557678223,0.0,0.0,nan,nan,0.0,0.0,0.33382558822631836,0.2954276502132416,2.6302083333333335,0.33382558822631836,0.02302876114845276,0.02152489870786667
827,0.38561546400001134,3.172352,1.4966368675231934,-0.030416855588555336,0.10121700167655945,nan,0.12657877802848816,0.0,0.05792096257209778,1.815917730331421,10.065994262695312,0.0,0.0,nan,nan,0.0,0.0,0.3317907452583313,0.2857329547405243,2.9375,0.3317907452583313,0.022952315708001454,0.02136223390698433
828,0.38632470099992133,3.172352,1.2487436532974243,-0.0376921147108078,0.20047935843467712,nan,0.10018591582775116,0.0,0.07028977572917938,1.8459007740020752,9.56525993347168,0.0,0.0,nan,nan,0.0,0.0,0.32960081100463867,0.2712108790874481,2.9010416666666665,0.32960081100463867,0.022938445210456848,0.021182183176279068
829,0.3889023490000909,3.172352,1.126898169517517,-0.04298938438296318,0.23632360994815826,nan,0.0856873020529747,0.0,0.08458662033081055,2.056628465652466,9.789115905761719,0.0,0.0,nan,nan,0.0,0.0,0.32713202635447186,0.2492213398218155,2.8151041666666665,0.32713202635447186,0.02290799468755722,0.02098805457353592
830,0.38902028900008645,3.172352,1.4430606365203857,-0.07154758274555206,0.10645844787359238,nan,0.11916439980268478,0.0,0.08106140047311783,1.956526756286621,10.589818000793457,1.0,0.0,nan,nan,0.0,1.0,0.3280007044474284,0.23567107319831848,2.9791666666666665,0.3280007044474284,0.023028177519639332,0.020901121199131012
831,0.3941150950000747,3.172352,1.620511531829834,-0.08025717735290527,0.1718386858701706,nan,0.13805954158306122,0.0,0.07108539342880249,1.516061544418335,10.606245040893555,0.0,0.0,nan,nan,0.0,0.0,0.331478476524353,0.3000124394893646,3.1354166666666665,0.331478476524353,0.023007787764072418,0.021176666021347046
832,0.3916112480000038,3.172352,1.655609369277954,-0.060603708028793335,0.24997559189796448,nan,0.13995365798473358,0.0,0.08676531165838242,1.5261213779449463,10.414148330688477,0.0,0.0,nan,nan,0.0,0.0,0.3310995896657308,0.27970612049102783,3.015625,0.3310995896657308,0.022971438864866894,0.020981859415769577
833,0.3870490960000552,3.172352,1.8849201202392578,-0.051602549850940704,0.1226944848895073,nan,0.1614263355731964,0.0,0.07500885426998138,1.52500319480896,10.43111515045166,1.0,0.0,nan,nan,0.0,1.0,0.3312731385231018,0.24984125792980194,2.953125,0.3312731385231018,0.02302141735951106,0.020780671387910843
834,0.3878337770000826,3.172352,1.8502789735794067,-0.10053275525569916,0.16562756896018982,nan,0.16172313690185547,0.0,0.05646728724241257,1.439887285232544,10.204025268554688,1.0,0.0,nan,nan,0.0,1.0,0.3331796129544576,0.24717101454734802,3.0052083333333335,0.3331796129544576,0.02306436498959859,0.020757511258125305
835,0.38049039599991374,3.172352,1.5467314720153809,-0.09307537227869034,0.17713280022144318,nan,0.13154298067092896,0.0,0.038202784955501556,1.105137825012207,9.303878784179688,1.0,0.0,nan,nan,0.0,1.0,0.3345146179199219,0.3085799217224121,3.078125,0.3345146179199219,0.02305795003970464,0.021911807358264923
836,0.3725530299999491,3.172352,1.9664980173110962,-0.0840546041727066,0.26256170868873596,nan,0.1759772151708603,0.0,0.008913874626159668,0.92475426197052,10.69190788269043,0.0,0.0,nan,nan,0.0,0.0,0.3342063824335734,0.3081568777561188,3.1432291666666665,0.3342063824335734,0.02309957394997279,0.021898165345191956
837,0.37738615399996434,3.172352,1.7402831315994263,-0.06675682961940765,0.2835381031036377,nan,0.15449276566505432,0.0,0.013854402117431164,0.9954943656921387,9.734597206115723,0.0,0.0,nan,nan,0.0,0.0,0.3331569830576579,0.3052031695842743,3.1197916666666665,0.3331569830576579,0.0230850949883461,0.021833740174770355
838,0.3726738179999529,3.172352,1.5914523601531982,-0.04722001403570175,0.22540675103664398,nan,0.14029991626739502,0.0,0.018427934497594833,1.2370742559432983,8.545206069946289,0.0,0.0,nan,nan,0.0,0.0,0.3323318163553874,0.29962974786758423,3.0598958333333335,0.3323318163553874,0.023063160479068756,0.021721020340919495
839,0.3778550389999964,3.172352,1.4714207649230957,-0.033507101237773895,0.28312280774116516,nan,0.12831595540046692,0.0,0.023207616060972214,1.3101155757904053,8.088075637817383,0.0,0.0,nan,nan,0.0,0.0,0.33200226227442425,0.2948552370071411,2.9713541666666665,0.33200226227442425,0.023037955164909363,0.021572045981884003
840,0.38455353299991657,3.172352,1.308150053024292,-0.02960009127855301,0.2336726188659668,nan,0.11152337491512299,0.0,0.030364736914634705,0.9305826425552368,8.191542625427246,0.0,0.0,nan,nan,0.0,0.0,0.3318684895833333,0.28676456212997437,2.8515625,0.3318684895833333,0.022999974588553112,0.02140466868877411
841,0.38180035000004864,3.172352,1.232005000114441,-0.021098800003528595,0.27502426505088806,nan,0.1025628075003624,0.0,0.039787959307432175,1.2714093923568726,8.091333389282227,0.0,0.0,nan,nan,0.0,0.0,0.33105693260828656,0.27220994234085083,2.7864583333333335,0.33105693260828656,0.02298237383365631,0.021237101405858994
842,0.3811499219999632,3.172352,1.3092637062072754,-0.0028843022882938385,0.2635250389575958,nan,0.10880067199468613,0.0,0.05328477546572685,1.6850965023040771,8.460500717163086,0.0,0.0,nan,nan,0.0,0.0,0.3288390437761943,0.24924370646476746,3.0,0.3288390437761943,0.022955074906349182,0.021079257130622864
843,0.3863524910000251,3.172352,1.4348571300506592,-0.009710468351840973,0.16389663517475128,nan,0.11835407465696335,0.0,0.05997714027762413,1.8157899379730225,9.025594711303711,1.0,0.0,nan,nan,0.0,1.0,0.3277011513710022,0.22528785467147827,3.0,0.3277011513710022,0.02305870254834493,0.020962484180927277
844,0.388676055000019,3.172352,1.5942362546920776,-0.04486454278230667,0.19990092515945435,nan,0.1387535184621811,0.0,0.03805151209235191,1.177809238433838,8.864269256591797,0.0,0.0,nan,nan,0.0,0.0,0.331747571627299,0.30892109870910645,3.21875,0.331747571627299,0.02308804045120875,0.021861612796783447
845,0.3912722219999978,3.172352,1.5503215789794922,-0.03899972885847092,0.1628197729587555,nan,0.13313063979148865,0.0,0.04702407866716385,1.2427806854248047,9.121477127075195,0.0,0.0,nan,nan,0.0,0.0,0.3314027984937032,0.2991568148136139,3.078125,0.3314027984937032,0.023067014912764233,0.021723445504903793
846,0.3878936999999496,3.172352,1.4821399450302124,-0.045009203255176544,0.10187289863824844,nan,0.1264716237783432,0.0,0.05816462263464928,1.401064395904541,9.530084609985352,0.0,0.0,nan,nan,0.0,0.0,0.33084867397944134,0.2904480993747711,3.046875,0.33084867397944134,0.02305460472901662,0.021591011434793472
847,0.3919854600000008,3.172352,1.5293926000595093,-0.07105230540037155,0.21060901880264282,nan,0.13192783296108246,0.0,0.036660194396972656,1.1737592220306396,9.538045883178711,1.0,0.0,nan,nan,0.0,1.0,0.3328407406806946,0.28756141662597656,2.9791666666666665,0.3328407406806946,0.023180122176806133,0.021565575152635574
848,0.38792273700005353,3.172352,1.4243366718292236,-0.06259442120790482,0.33962154388427734,nan,0.12189264595508575,0.0,0.03326927870512009,1.0495686531066895,8.964956283569336,0.0,0.0,nan,nan,0.0,0.0,0.33428657054901123,0.2931491732597351,3.03125,0.33428657054901123,0.023096005121866863,0.02200520783662796
849,0.38664437800002815,3.172352,1.3431682586669922,-0.052699729800224304,0.2951602339744568,nan,0.11351337283849716,0.0,0.040118709206581116,0.9457461833953857,8.736078262329102,0.0,0.0,nan,nan,0.0,0.0,0.33531824747721356,0.30172497034072876,2.9921875,0.33531824747721356,0.02308782438437144,0.021882683038711548
850,0.3864737149999655,3.172352,1.2191739082336426,-0.052479490637779236,0.178336963057518,nan,0.10053806751966476,0.0,0.04731663316488266,1.0402965545654297,8.47001838684082,0.0,0.0,nan,nan,0.0,0.0,0.33533672491709393,0.3025686740875244,3.0286458333333335,0.33533672491709393,0.023077582319577534,0.02174931764602661
851,0.378513382000051,3.172352,1.0535531044006348,-0.06026698648929596,0.12288102507591248,nan,0.08200116455554962,0.0,0.04290768504142761,1.0327197313308716,8.2925386428833,1.0,0.0,nan,nan,0.0,1.0,0.3357214530309041,0.2983716130256653,2.9765625,0.3357214530309041,0.023099871973196667,0.02160167694091797
852,0.3769555930000479,3.172352,0.8270184993743896,-0.06665625423192978,0.12384259700775146,nan,0.06587096303701401,0.0,0.02008737623691559,1.1152942180633545,7.83929443359375,0.0,0.0,nan,nan,0.0,0.0,0.3377823034922282,0.32419994473457336,2.9739583333333335,0.3377823034922282,0.023024477064609528,0.021442361176013947
853,0.3795895419999624,3.172352,0.8190618753433228,-0.0771472156047821,0.18039050698280334,nan,0.06463577598333359,0.0,0.025168662890791893,1.1654179096221924,7.955318450927734,0.0,0.0,nan,nan,0.0,0.0,0.33781886100769043,0.3270373046398163,2.9973958333333335,0.33781886100769043,0.023022323846817017,0.021286092698574066
854,0.38187904999995226,3.172352,0.8205001950263977,-0.07673295587301254,0.10206618160009384,nan,0.06335191428661346,0.0,0.030468296259641647,1.3508307933807373,7.834764003753662,0.0,0.0,nan,nan,0.0,0.0,0.33720119794209796,0.3249330520629883,3.0755208333333335,0.33720119794209796,0.023002063234647114,0.02114173024892807
855,0.38124898699993537,3.172352,0.8093031048774719,-0.07084402441978455,0.09860369563102722,nan,0.06052243337035179,0.0,0.03722444176673889,1.6618326902389526,8.196577072143555,0.0,0.0,nan,nan,0.0,0.0,0.3355741500854492,0.31842005252838135,3.0208333333333335,0.3355741500854492,0.02298500140508016,0.021007560193538666
856,0.3811373099999855,3.172352,0.8125733137130737,-0.05469667166471481,0.09898647665977478,nan,0.05919410288333893,0.0,0.04658975824713707,1.790642261505127,8.611327171325684,0.0,0.0,nan,nan,0.0,0.0,0.33368444442749023,0.3052607774734497,3.1614583333333335,0.33368444442749023,0.022961251437664032,0.020875021815299988
857,0.3848885679999512,3.172352,0.8672488331794739,-0.033519014716148376,0.12678568065166473,nan,0.06355288624763489,0.0,0.0574064776301384,1.7632893323898315,9.19362735748291,0.0,0.0,nan,nan,0.0,0.0,0.3313607374827067,0.28395241498947144,3.2239583333333335,0.3313607374827067,0.02295113851626714,0.020747561007738113
858,0.38758217700001296,3.172352,1.3427927494049072,-0.07630254328250885,0.1240583211183548,nan,0.11057781428098679,0.0,0.06727605313062668,1.4310415983200073,9.228320121765137,0.0,0.0,nan,nan,0.0,0.0,0.32985015710194904,0.2832573652267456,2.9557291666666665,0.32985015710194904,0.022943176329135895,0.020722102373838425
859,0.3811062160000347,3.172352,1.3844186067581177,-0.07115426659584045,0.16167204082012177,nan,0.11967562139034271,0.0,0.029519369825720787,0.8167962431907654,7.187201499938965,1.0,0.0,nan,nan,0.0,1.0,0.3326500455538432,0.2940199673175812,3.0442708333333335,0.3326500455538432,0.023123815655708313,0.02076275646686554
860,0.3805479100000184,3.172352,1.1928436756134033,-0.06077881529927254,0.17273038625717163,nan,0.1024351716041565,0.0,0.021883275359869003,0.7906447649002075,6.0569915771484375,0.0,0.0,nan,nan,0.0,0.0,0.33346569538116455,0.3110913336277008,3.0338541666666665,0.33346569538116455,0.02306530127922694,0.021523378789424896
861,0.3818622830000322,3.172352,0.9673671722412109,-0.06301795691251755,0.11198356002569199,nan,0.07968471199274063,0.0,0.023810019716620445,0.7105876803398132,5.422139644622803,0.0,0.0,nan,nan,0.0,0.0,0.33371229966481525,0.3121132552623749,3.0078125,0.33371229966481525,0.023031992216904957,0.021439269185066223
862,0.3821839559999489,3.172352,0.8112512230873108,-0.06407590955495834,0.15225818753242493,nan,0.06376315653324127,0.0,0.027551043778657913,0.9195867776870728,5.374615669250488,0.0,0.0,nan,nan,0.0,0.0,0.3341126839319865,0.31485506892204285,3.140625,0.3341126839319865,0.022997771700223286,0.02138572931289673
863,0.38175199900001644,3.172352,0.7711694836616516,-0.05618160963058472,0.1283338963985443,nan,0.059557002037763596,0.0,0.03313025087118149,1.0886356830596924,5.628993988037109,0.0,0.0,nan,nan,0.0,0.0,0.3337262074152629,0.3166233003139496,3.1901041666666665,0.3337262074152629,0.022945627570152283,0.021348245441913605
864,0.3832751930000313,3.172352,0.7777388691902161,-0.04705948382616043,0.12675003707408905,nan,0.059724532067775726,0.0,0.040878456085920334,1.1091325283050537,5.968072414398193,0.0,0.0,nan,nan,0.0,0.0,0.3326691190401713,0.31704697012901306,3.1666666666666665,0.3326691190401713,0.022935450077056885,0.021298319101333618
865,0.382487281000067,3.172352,0.7858948707580566,-0.039810098707675934,0.1391133815050125,nan,0.05954768508672714,0.0,0.05071010813117027,1.1406419277191162,6.1778998374938965,0.0,0.0,nan,nan,0.0,0.0,0.33152663707733154,0.31790050864219666,3.0833333333333335,0.33152663707733154,0.0229224090774854,0.021221168339252472
866,0.3840025219999461,3.172352,0.7749142646789551,-0.03335864096879959,0.22287295758724213,nan,0.056366901844739914,0.0,0.062001973390579224,1.3019062280654907,6.266861915588379,0.0,0.0,nan,nan,0.0,0.0,0.330550750096639,0.31342238187789917,3.0390625,0.330550750096639,0.022896572947502136,0.02111300826072693
867,0.3834391529999266,3.172352,0.7388076782226562,-0.0230758935213089,0.1562260538339615,nan,0.053128018975257874,0.0,0.07553526759147644,1.7001755237579346,5.820214748382568,0.0,0.0,nan,nan,0.0,0.0,0.3294048110644023,0.2915549576282501,3.1171875,0.3294048110644023,0.022863889733950298,0.020963676273822784
868,0.3938508329999877,3.172352,0.813549280166626,-0.03099435567855835,0.10946808755397797,nan,0.05905267596244812,0.0,0.08497977256774902,2.233247756958008,5.748551845550537,1.0,0.0,nan,nan,0.0,1.0,0.3289511402448018,0.2748051583766937,3.0859375,0.3289511402448018,0.022912919521331787,0.020833000540733337
869,0.38670185900002707,3.172352,1.1437854766845703,-0.057603467255830765,0.17502354085445404,nan,0.0930040031671524,0.0,0.06029398739337921,1.9252426624298096,6.142618179321289,0.0,0.0,nan,nan,0.0,0.0,0.33244528373082477,0.30638387799263,3.0989583333333335,0.33244528373082477,0.022953540086746216,0.020827531814575195
870,0.38762828100004754,3.172352,1.3272063732147217,-0.0851687416434288,0.07180200517177582,nan,0.11127476394176483,0.0,0.058076173067092896,1.270151138305664,6.10349178314209,1.0,0.0,nan,nan,0.0,1.0,0.33381672700246173,0.3049941658973694,3.1015625,0.33381672700246173,0.023037217557430267,0.02080235630273819
871,0.37551166100001865,3.172352,1.400531530380249,-0.0971703752875328,0.06704194843769073,nan,0.12327121198177338,0.0,0.022200115025043488,0.8168937563896179,5.96835470199585,1.0,0.0,nan,nan,0.0,1.0,0.33624545733133954,0.31330418586730957,3.0520833333333335,0.33624545733133954,0.02311297506093979,0.02243659645318985
872,0.37447104800003217,3.172352,1.278236985206604,-0.10290105640888214,0.16260629892349243,nan,0.11121708154678345,0.0,0.004588681738823652,0.7530739307403564,5.567890167236328,0.0,0.0,nan,nan,0.0,0.0,0.337132732073466,0.3166440427303314,3.0651041666666665,0.337132732073466,0.023032655318578083,0.022365719079971313
873,0.37471961999995074,3.172352,0.9693409204483032,-0.11064646393060684,0.2067611664533615,nan,0.0804160088300705,0.0,0.006117976736277342,0.9471321105957031,5.048291206359863,0.0,0.0,nan,nan,0.0,0.0,0.33689244588216144,0.3200974762439728,3.1666666666666665,0.33689244588216144,0.02299441893895467,0.021793939173221588
874,0.3762444440000081,3.172352,0.6798554062843323,-0.11667605489492416,0.11562657356262207,nan,0.05149116367101669,0.0,0.008935833349823952,0.8471688032150269,5.049959182739258,0.0,0.0,nan,nan,0.0,0.0,0.3365468184153239,0.3191014230251312,3.1770833333333335,0.3365468184153239,0.02295067658027013,0.021703332662582397
875,0.3739161689999264,3.172352,0.5343047380447388,-0.11301695555448532,0.13400596380233765,nan,0.0368998721241951,0.0,0.012966537848114967,0.7954813838005066,5.533618927001953,0.0,0.0,nan,nan,0.0,0.0,0.33611218134562176,0.3230818510055542,3.1458333333333335,0.33611218134562176,0.02292695889870326,0.021584682166576385
876,0.3745460530000173,3.172352,0.5132041573524475,-0.10169811546802521,0.09483311325311661,nan,0.03421512618660927,0.0,0.018009977415204048,0.889386773109436,5.923093318939209,0.0,0.0,nan,nan,0.0,0.0,0.33467598756154376,0.3110133111476898,3.0416666666666665,0.33467598756154376,0.022925620277722675,0.02144297957420349
877,0.37888984999995046,3.172352,0.5638763308525085,-0.09082602709531784,0.10398784279823303,nan,0.03775600343942642,0.0,0.02494322508573532,1.1540225744247437,6.221734523773193,0.0,0.0,nan,nan,0.0,0.0,0.33189572890599567,0.297671377658844,3.1041666666666665,0.33189572890599567,0.02292143056790034,0.02127435803413391
878,0.3840342529999816,3.172352,0.614013671875,-0.08933422714471817,0.20264822244644165,nan,0.04212139546871185,0.0,0.03507951647043228,1.3448032140731812,6.2512030601501465,0.0,0.0,nan,nan,0.0,0.0,0.32924660046895343,0.28347471356391907,3.078125,0.32924660046895343,0.022926653424898785,0.02108856290578842
879,0.38293990300007863,3.172352,0.6613697409629822,-0.08346395939588547,0.13229623436927795,nan,0.04580507427453995,0.0,0.04809396713972092,1.6751316785812378,6.427120208740234,0.0,0.0,nan,nan,0.0,0.0,0.32750898599624634,0.26409563422203064,2.9401041666666665,0.32750898599624634,0.02295328179995219,0.020901955664157867
880,0.3914475130000028,3.172352,0.6941453218460083,-0.06671127676963806,0.19851340353488922,nan,0.04693576321005821,0.0,0.06347008049488068,1.9961856603622437,6.738131523132324,0.0,0.0,nan,nan,0.0,0.0,0.3250177502632141,0.23566967248916626,3.1875,0.3250177502632141,0.0229111909866333,0.020751316100358963
881,0.396534638999924,3.172352,1.0520774126052856,-0.11166539788246155,0.16201859712600708,nan,0.07945264875888824,0.0,0.07109317183494568,1.9139597415924072,7.4327712059021,1.0,0.0,nan,nan,0.0,1.0,0.3244964083035787,0.2333194613456726,3.15625,0.3244964083035787,0.02298281341791153,0.02073702961206436
882,0.3830793999999287,3.172352,0.6547747850418091,-0.0884694904088974,0.18081359565258026,nan,0.04505366086959839,0.0,0.04650101810693741,1.3127682209014893,5.963335037231445,0.0,0.0,nan,nan,0.0,0.0,0.32923734188079834,0.2887952923774719,3.2213541666666665,0.32923734188079834,0.023017128308614094,0.021197117865085602
883,0.38425799399999505,3.172352,0.6788067817687988,-0.05302391201257706,0.27509117126464844,nan,0.045883432030677795,0.0,0.05796339735388756,1.5115001201629639,6.1611433029174805,0.0,0.0,nan,nan,0.0,0.0,0.3279089530309041,0.2762647867202759,3.1223958333333335,0.3279089530309041,0.02297835300366084,0.021025780588388443
884,0.39047270200001094,3.172352,0.7803750038146973,-0.02162795513868332,0.15157544612884521,nan,0.05491067096590996,0.0,0.07338880002498627,1.6281579732894897,6.124567985534668,0.0,0.0,nan,nan,0.0,0.0,0.32575652996699017,0.2552103102207184,3.1484375,0.32575652996699017,0.022954617937405903,0.02085833251476288
885,0.3952914740000324,3.172352,1.2028924226760864,-0.02967221289873123,0.13769692182540894,nan,0.09773725271224976,0.0,0.05470811575651169,1.6857956647872925,6.050460338592529,1.0,0.0,nan,nan,0.0,1.0,0.32557882865269977,0.23889239132404327,3.125,0.32557882865269977,0.023044871787230175,0.02075938880443573
886,0.37627480300000116,3.172352,1.2507901191711426,-0.07293900847434998,0.11871929466724396,nan,0.10756542533636093,0.0,0.011273189447820187,0.9906485080718994,5.720142364501953,1.0,0.0,nan,nan,0.0,1.0,0.332506795724233,0.24481740593910217,3.1276041666666665,0.332506795724233,0.023183989028135937,0.021892279386520386
887,0.38216612600001554,3.172352,1.104794979095459,-0.08089105784893036,0.208321213722229,nan,0.09259083867073059,0.0,0.01152416318655014,0.7989591360092163,6.045339107513428,0.0,0.0,nan,nan,0.0,0.0,0.3336074749628703,0.31038421392440796,3.1380208333333335,0.3336074749628703,0.02310009052356084,0.022344648838043213
888,0.37871416400003,3.172352,1.0074267387390137,-0.09355665743350983,0.1424899697303772,nan,0.0826847180724144,0.0,0.014199299737811089,0.5403907299041748,6.6841278076171875,0.0,0.0,nan,nan,0.0,0.0,0.33480846881866455,0.31263822317123413,3.1901041666666665,0.33480846881866455,0.02308584749698639,0.022290274500846863
889,0.37953302500000063,3.172352,0.9433751106262207,-0.10531772673130035,0.09556731581687927,nan,0.07687301933765411,0.0,0.015570960007607937,0.5809913277626038,6.352099418640137,0.0,0.0,nan,nan,0.0,0.0,0.33570635318756104,0.31685352325439453,3.3645833333333335,0.33570635318756104,0.023088976740837097,0.0222586989402771
890,0.3818554019999283,3.172352,0.8774657845497131,-0.1165044754743576,0.09939253330230713,nan,0.0711541697382927,0.0,0.015868477523326874,0.7919365763664246,5.5289626121521,0.0,0.0,nan,nan,0.0,0.0,0.3359516461690267,0.3207911252975464,3.2786458333333335,0.3359516461690267,0.023112287123998005,0.022247441112995148
891,0.3832409829999506,3.172352,0.8308011889457703,-0.12886404991149902,0.21350400149822235,nan,0.0664525032043457,0.0,0.016092747449874878,1.1877284049987793,5.271493434906006,0.0,0.0,nan,nan,0.0,0.0,0.33506786823272705,0.32116395235061646,3.0364583333333335,0.33506786823272705,0.023143085340658825,0.02223079651594162
892,0.3863276600000063,3.172352,0.7473385334014893,-0.14562007784843445,0.14717073738574982,nan,0.05755368992686272,0.0,0.017958905547857285,0.9764900207519531,5.593443870544434,0.0,0.0,nan,nan,0.0,0.0,0.3329126834869385,0.3083375096321106,3.1145833333333335,0.3329126834869385,0.023136210938294727,0.02219206839799881
893,0.3847366660000944,3.172352,0.7093361020088196,-0.15279388427734375,0.16854102909564972,nan,0.05218634009361267,0.0,0.02002400904893875,0.9671726226806641,6.330981254577637,0.0,0.0,nan,nan,0.0,0.0,0.33041290442148846,0.29673901200294495,3.0859375,0.33041290442148846,0.023140350977579754,0.022123374044895172
894,0.38903177600002437,3.172352,0.7157512307167053,-0.14769484102725983,0.1969139277935028,nan,0.05106407031416893,0.0,0.02282000705599785,1.0042957067489624,7.240250587463379,0.0,0.0,nan,nan,0.0,0.0,0.3282910982767741,0.2939070761203766,3.203125,0.3282910982767741,0.023132435977458954,0.02202419936656952
895,0.39371986300000117,3.172352,0.745543897151947,-0.13682927191257477,0.1256587654352188,nan,0.05263299494981766,0.0,0.026569491252303123,1.000473976135254,7.929957866668701,0.0,0.0,nan,nan,0.0,0.0,0.32752225796381634,0.2939160466194153,3.2109375,0.32752225796381634,0.02312275767326355,0.021892771124839783
896,0.39414753300002303,3.172352,0.8401054739952087,-0.12125231325626373,0.2730900049209595,nan,0.0613962858915329,0.0,0.030552417039871216,0.9298927187919617,7.856809616088867,0.0,0.0,nan,nan,0.0,0.0,0.32737133900324505,0.2956165075302124,3.2447916666666665,0.32737133900324505,0.023128849764664967,0.021736256778240204
897,0.393158934999974,3.172352,0.9413144588470459,-0.11020899564027786,0.43980711698532104,nan,0.07195450365543365,0.0,0.035109780728816986,1.1999666690826416,7.656684875488281,0.0,0.0,nan,nan,0.0,0.0,0.3275475899378459,0.2987740933895111,3.3203125,0.3275475899378459,0.023135289549827576,0.021583817899227142
898,0.3934639110000262,3.172352,0.9903129935264587,-0.10132800042629242,0.12614251673221588,nan,0.07590276002883911,0.0,0.04430516064167023,1.939558982849121,7.576270580291748,0.0,0.0,nan,nan,0.0,0.0,0.3281553387641907,0.3054783046245575,3.3020833333333335,0.3281553387641907,0.023111388087272644,0.02145761251449585
899,0.3965688040000259,3.172352,1.0676816701889038,-0.08866335451602936,0.10528010874986649,nan,0.08167745172977448,0.0,0.061250071972608566,2.058492660522461,8.139152526855469,0.0,0.0,nan,nan,0.0,0.0,0.3289943337440491,0.30741333961486816,3.0625,0.3289943337440491,0.023144235213597614,0.0213463194668293
900,0.3952022199999874,3.172352,1.114930510520935,-0.0766979530453682,0.19310353696346283,nan,0.08450522273778915,0.0,0.08333369344472885,1.9549331665039062,9.027287483215332,0.0,0.0,nan,nan,0.0,0.0,0.32986714442571,0.2866184711456299,2.8463541666666665,0.32986714442571,0.023197568953037262,0.02122349664568901
901,0.3970964519999143,3.172352,1.2312780618667603,-0.06080339476466179,0.21853259205818176,nan,0.09294795989990234,0.0,0.10757406800985336,2.0234122276306152,10.246129989624023,0.0,0.0,nan,nan,0.0,0.0,0.33064496517181396,0.25956305861473083,2.796875,0.33064496517181396,0.023156598210334778,0.021063536405563354
902,0.4048749820000239,3.172352,1.20641028881073,-0.07381059229373932,0.12373768538236618,nan,0.08934187889099121,0.0,0.11294152587652206,1.7036212682724,9.93408489227295,1.0,0.0,nan,nan,0.0,1.0,0.3322042028109233,0.24223189055919647,2.7057291666666665,0.3322042028109233,0.02326748271783193,0.020961973816156387
903,0.3954994790000228,3.172352,1.0932658910751343,-0.11639365553855896,0.12577109038829803,nan,0.08322431892156601,0.0,0.08401217311620712,1.1480934619903564,7.819118499755859,1.0,0.0,nan,nan,0.0,1.0,0.3346192042032878,0.31046491861343384,2.828125,0.3346192042032878,0.023323513567447662,0.02300994098186493
904,0.39558186800002204,3.172352,1.2378720045089722,-0.13475766777992249,0.19176815450191498,nan,0.10156985372304916,0.0,0.05572850629687309,1.025559425354004,7.506710052490234,0.0,0.0,nan,nan,0.0,0.0,0.33334994316101074,0.3053508996963501,3.0286458333333335,0.33334994316101074,0.023224654297033947,0.022966600954532623
905,0.3981638950000388,3.172352,1.0785508155822754,-0.14408737421035767,0.24908898770809174,nan,0.08536811918020248,0.0,0.058385930955410004,1.1697072982788086,7.293100357055664,0.0,0.0,nan,nan,0.0,0.0,0.3321797847747803,0.3020366430282593,3.125,0.3321797847747803,0.023182461659113567,0.02290588617324829
906,0.39528222699993876,3.172352,1.4290263652801514,-0.13085901737213135,0.1915430724620819,nan,0.11906655132770538,0.0,0.04687090218067169,1.4697117805480957,7.3791046142578125,1.0,0.0,nan,nan,0.0,1.0,0.3319608171780904,0.29936128854751587,3.0807291666666665,0.3319608171780904,0.023214536408583324,0.02284952998161316
907,0.3934271030000218,3.172352,1.5935848951339722,-0.12554776668548584,0.1629439890384674,nan,0.1370403915643692,0.0,0.027468174695968628,1.1649749279022217,7.787901878356934,0.0,0.0,nan,nan,0.0,0.0,0.3325563669204712,0.29008376598358154,3.1692708333333335,0.3325563669204712,0.023142606019973755,0.022749289870262146
908,0.3953105629999527,3.172352,1.3881531953811646,-0.12295432388782501,0.22088731825351715,nan,0.11587857455015182,0.0,0.031585391610860825,1.2118334770202637,7.800174713134766,0.0,0.0,nan,nan,0.0,0.0,0.33140987157821655,0.2880808413028717,3.2057291666666665,0.33140987157821655,0.02316814164320628,0.022801093757152557
909,0.3965792589999637,3.172352,1.3334710597991943,-0.11199340969324112,0.24753659963607788,nan,0.10954784601926804,0.0,0.03616461157798767,1.2393864393234253,8.328746795654297,0.0,0.0,nan,nan,0.0,0.0,0.3291548291842143,0.288295179605484,3.1692708333333335,0.3291548291842143,0.02316407362620036,0.022729575634002686
910,0.3966149589999759,3.172352,1.2677536010742188,-0.10489232838153839,0.25606071949005127,nan,0.10218130052089691,0.0,0.0415123775601387,1.208725929260254,9.120203971862793,0.0,0.0,nan,nan,0.0,0.0,0.3272692958513896,0.292694091796875,3.2890625,0.3272692958513896,0.023110590875148773,0.021997883915901184
911,0.3990250560000277,3.172352,1.3017704486846924,-0.10478216409683228,0.24260136485099792,nan,0.10392782092094421,0.0,0.048799436539411545,1.710333228111267,10.418397903442383,0.0,0.0,nan,nan,0.0,0.0,0.32743491729100543,0.3009481132030487,3.2369791666666665,0.32743491729100543,0.02312012513478597,0.02174495905637741
912,0.4081422079999584,3.172352,1.4650723934173584,-0.09529957175254822,0.22483517229557037,nan,0.11811310052871704,0.0,0.06052538380026817,1.7262303829193115,11.4024076461792,0.0,0.0,nan,nan,0.0,0.0,0.3290196855862935,0.31050506234169006,2.9609375,0.3290196855862935,0.023190900683403015,0.021689534187316895
913,0.3999675009999919,3.172352,1.6771957874298096,-0.06733465194702148,0.34516772627830505,nan,0.13719558715820312,0.0,0.07483990490436554,1.4673559665679932,12.47367000579834,0.0,0.0,nan,nan,0.0,0.0,0.33143744866053265,0.31234338879585266,2.9973958333333335,0.33143744866053265,0.023159767190615337,0.021676085889339447
914,0.39717718800000057,3.172352,1.7644046545028687,-0.03786936029791832,0.25879907608032227,nan,0.1432051956653595,0.0,0.09255988895893097,1.613051176071167,13.909597396850586,0.0,0.0,nan,nan,0.0,0.0,0.3338453372319539,0.30404138565063477,2.9270833333333335,0.3338453372319539,0.023141553004582722,0.021515972912311554
915,0.3914085019999902,3.172352,1.7058391571044922,-0.015274040400981903,0.14658750593662262,nan,0.14037258923053741,0.0,0.08098660409450531,1.450814962387085,11.929929733276367,1.0,0.0,nan,nan,0.0,1.0,0.335506796836853,0.29423895478248596,2.9635416666666665,0.335506796836853,0.0231565460562706,0.02133713662624359
916,0.38934123000001364,3.172352,1.5954478979110718,-0.014007572084665298,0.24208784103393555,nan,0.1311037838459015,0.0,0.08290085196495056,1.4239381551742554,9.840822219848633,0.0,0.0,nan,nan,0.0,0.0,0.33573710918426514,0.28237900137901306,2.9036458333333335,0.33573710918426514,0.023083843290805817,0.021156251430511475
917,0.39214677300003586,3.172352,1.5172005891799927,-0.02519715391099453,0.3234883248806,nan,0.12290655076503754,0.0,0.09667603671550751,1.702612280845642,8.868332862854004,0.0,0.0,nan,nan,0.0,0.0,0.33498525619506836,0.26610928773880005,2.8932291666666665,0.33498525619506836,0.023069883386294048,0.020987533032894135
918,0.39371307700002944,3.172352,1.4910836219787598,-0.03524726629257202,0.24579466879367828,nan,0.11955994367599487,0.0,0.11168716847896576,2.2698352336883545,8.314542770385742,0.0,0.0,nan,nan,0.0,0.0,0.3329074780146281,0.24320612847805023,2.7994791666666665,0.3329074780146281,0.023058903714021046,0.020837005227804184
919,0.3969818090000672,3.172352,2.4864773750305176,-0.06529425829648972,0.1988489180803299,nan,0.21993708610534668,0.0,0.09682972729206085,2.2823753356933594,8.573795318603516,1.0,0.0,nan,nan,0.0,1.0,0.3308642506599426,0.23055629432201385,2.890625,0.3308642506599426,0.023116494218508404,0.020780183374881744
920,0.39380431200004296,3.172352,2.5598394870758057,-0.07030198723077774,0.14619959890842438,nan,0.22572827339172363,0.0,0.06059269607067108,1.5654361248016357,9.22842788696289,2.0,0.0,nan,nan,0.0,2.0,0.3347488244374593,0.24034897983074188,2.9505208333333335,0.3347488244374593,0.023149448136488598,0.02082959935069084
921,0.37922007099996335,3.172352,1.992509126663208,-0.042717549949884415,0.16319935023784637,nan,0.17918436229228973,0.0,0.010943075641989708,1.0411252975463867,7.7597270011901855,0.0,0.0,nan,nan,0.0,0.0,0.3384898503621419,0.313029408454895,3.1119791666666665,0.3384898503621419,0.023158137996991474,0.022853367030620575
922,0.38332196700002896,3.172352,1.9898247718811035,-0.039915379136800766,0.13373631238937378,nan,0.1782776415348053,0.0,0.012271549552679062,0.9043247699737549,8.432640075683594,0.0,0.0,nan,nan,0.0,0.0,0.3373342752456665,0.31412628293037415,3.0677083333333335,0.3373342752456665,0.02308668941259384,0.022861450910568237
923,0.3836974480000208,3.172352,2.016446590423584,-0.03735996037721634,0.10840920358896255,nan,0.18112275004386902,0.0,0.014459116384387016,0.9253345727920532,8.20864486694336,0.0,0.0,nan,nan,0.0,0.0,0.3356526295344035,0.3162364065647125,3.1145833333333335,0.3356526295344035,0.023075478772322338,0.021946929395198822
924,0.3797174690000702,3.172352,1.9558970928192139,-0.037229351699352264,0.16433630883693695,nan,0.174824520945549,0.0,0.017335107550024986,1.014116644859314,7.497959136962891,0.0,0.0,nan,nan,0.0,0.0,0.3342984914779663,0.3171516954898834,3.2630208333333335,0.3342984914779663,0.022994058827559154,0.021770194172859192
925,0.3778874500000029,3.172352,1.7723137140274048,-0.03775041550397873,0.2067420929670334,nan,0.15694400668144226,0.0,0.020078670233488083,1.0188648700714111,6.852538108825684,0.0,0.0,nan,nan,0.0,0.0,0.33422847588857013,0.31989505887031555,3.109375,0.33422847588857013,0.02298445999622345,0.021709084510803223
926,0.37296842199998537,3.172352,1.5712932348251343,-0.04107888042926788,0.18657207489013672,nan,0.13762561976909637,0.0,0.02326362393796444,1.0882830619812012,6.442253112792969,0.0,0.0,nan,nan,0.0,0.0,0.33443741003672284,0.31453728675842285,2.984375,0.33443741003672284,0.02298254519701004,0.021598003804683685
927,0.3750693780000347,3.172352,1.4260332584381104,-0.0446804016828537,0.6264449954032898,nan,0.12293490022420883,0.0,0.0284271202981472,1.1742188930511475,6.643795013427734,0.0,0.0,nan,nan,0.0,0.0,0.3341575463612874,0.30643704533576965,2.9869791666666665,0.3341575463612874,0.02298671503861745,0.021452590823173523
928,0.37851068400004806,3.172352,1.3405630588531494,-0.04687920957803726,0.17738723754882812,nan,0.11358889192342758,0.0,0.03626801073551178,1.4665206670761108,6.7871198654174805,0.0,0.0,nan,nan,0.0,0.0,0.33333786328633624,0.29927635192871094,3.015625,0.33333786328633624,0.02298450469970703,0.021289780735969543
929,0.3787010989999544,3.172352,1.250582218170166,-0.04331906884908676,0.48929956555366516,nan,0.10321202874183655,0.0,0.04696744680404663,1.6380246877670288,6.604093074798584,0.0,0.0,nan,nan,0.0,0.0,0.33246926466623944,0.28947699069976807,3.078125,0.33246926466623944,0.022976666688919067,0.021107830107212067
930,0.377949453000042,3.172352,1.1407179832458496,-0.040551524609327316,0.21770836412906647,nan,0.091591976583004,0.0,0.059290915727615356,1.7575016021728516,6.143683910369873,0.0,0.0,nan,nan,0.0,0.0,0.3320552905400594,0.2719094753265381,3.1484375,0.3320552905400594,0.022948913276195526,0.02091260626912117
931,0.3871285819999457,3.172352,1.0005500316619873,-0.04422268643975258,0.23874421417713165,nan,0.07816192507743835,0.0,0.07195969671010971,2.088493824005127,5.6928863525390625,0.0,0.0,nan,nan,0.0,0.0,0.33202526966730755,0.2430344671010971,3.0598958333333335,0.33202526966730755,0.02293959508339564,0.020727910101413727
932,0.3904949550000083,3.172352,1.249748706817627,-0.10714451968669891,0.22678686678409576,nan,0.10272474586963654,0.0,0.06668268144130707,2.0060253143310547,5.101630210876465,1.0,0.0,nan,nan,0.0,1.0,0.3351985216140747,0.23949657380580902,3.0572916666666665,0.3351985216140747,0.023038943608601887,0.02070939913392067
933,0.3862556169999607,3.172352,0.8842514157295227,-0.1216324120759964,0.22757098078727722,nan,0.06950798630714417,0.0,0.04315176606178284,1.5118387937545776,4.513882637023926,0.0,0.0,nan,nan,0.0,0.0,0.33978772163391113,0.33147168159484863,2.9973958333333335,0.33978772163391113,0.023065686225891113,0.022220291197299957
934,0.391606511999953,3.172352,0.8156325817108154,-0.13083884119987488,0.18038541078567505,nan,0.06099126860499382,0.0,0.05010119080543518,1.4435911178588867,5.187070846557617,0.0,0.0,nan,nan,0.0,0.0,0.3385382493336995,0.3228057324886322,3.0520833333333335,0.3385382493336995,0.023049578070640564,0.022141173481941223
935,0.3948390529999415,3.172352,1.0488089323043823,-0.12532100081443787,0.16918864846229553,nan,0.08348982036113739,0.0,0.035614822059869766,1.235704779624939,5.992709159851074,1.0,0.0,nan,nan,0.0,1.0,0.33671847979227704,0.3207889795303345,3.296875,0.33671847979227704,0.023129438360532124,0.022116240113973618
936,0.3943290339999521,3.172352,1.0606987476348877,-0.11959560960531235,0.24152980744838715,nan,0.08522392809391022,0.0,0.022976387292146683,0.9704279899597168,6.1728925704956055,0.0,0.0,nan,nan,0.0,0.0,0.3358609676361084,0.31868109107017517,3.4322916666666665,0.3358609676361084,0.023106515407562256,0.022846676409244537
937,0.39198239500001364,3.172352,1.0069217681884766,-0.11497117578983307,0.35297825932502747,nan,0.07898667454719543,0.0,0.026752939447760582,0.8089694380760193,6.498835563659668,0.0,0.0,nan,nan,0.0,0.0,0.33544520537058514,0.31864285469055176,3.296875,0.33544520537058514,0.023111815253893535,0.02276722341775894
938,0.3910060949999661,3.172352,0.9747791290283203,-0.11149536073207855,0.26058661937713623,nan,0.07479941844940186,0.0,0.031216531991958618,0.8970248699188232,6.618308067321777,0.0,0.0,nan,nan,0.0,0.0,0.33483155568440753,0.31962746381759644,3.2942708333333335,0.33483155568440753,0.023123276730378468,0.022719204425811768
939,0.39060108299997864,3.172352,0.8452054262161255,-0.1250595897436142,0.11943966895341873,nan,0.06198692321777344,0.0,0.03734877333045006,1.0029590129852295,7.0927534103393555,0.0,0.0,nan,nan,0.0,0.0,0.3346237341562907,0.3163067698478699,3.1432291666666665,0.3346237341562907,0.023135922849178314,0.02268069237470627
940,0.3915726980000045,3.172352,0.7818892598152161,-0.13304170966148376,0.10259890556335449,nan,0.05425195395946503,0.0,0.04566485434770584,1.2875103950500488,8.01395034790039,0.0,0.0,nan,nan,0.0,0.0,0.33524608612060547,0.3157632052898407,3.0885416666666665,0.33524608612060547,0.023129309217135113,0.02260439842939377
941,0.38809804000004533,3.172352,0.936738133430481,-0.12882588803768158,0.11312256008386612,nan,0.06663872301578522,0.0,0.051412634551525116,1.3322217464447021,8.645089149475098,1.0,0.0,nan,nan,0.0,1.0,0.33533644676208496,0.3166993260383606,3.0026041666666665,0.33533644676208496,0.023164610068003338,0.022484667599201202
942,0.38382042199998523,3.172352,1.3314703702926636,-0.12412500381469727,0.10031777620315552,nan,0.11136599630117416,0.0,0.02476617507636547,0.7788405418395996,7.739910125732422,0.0,0.0,nan,nan,0.0,0.0,0.33584868907928467,0.3203359544277191,2.8880208333333335,0.33584868907928467,0.023191305498282116,0.0228077694773674
943,0.39154863999999634,3.172352,1.2904236316680908,-0.12009973078966141,0.11441584676504135,nan,0.10626953095197678,0.0,0.029278716072440147,0.7332443594932556,8.167173385620117,0.0,0.0,nan,nan,0.0,0.0,0.33436115582784015,0.3125700056552887,3.078125,0.33436115582784015,0.023151283462842304,0.022900640964508057
944,0.38641580500006967,3.172352,1.28866446018219,-0.11723656207323074,0.14610928297042847,nan,0.10502631962299347,0.0,0.0341903492808342,0.9198309779167175,8.600479125976562,0.0,0.0,nan,nan,0.0,0.0,0.3325483997662862,0.31125321984291077,3.0572916666666665,0.3325483997662862,0.02315453936656316,0.022888220846652985
945,0.3906648379999069,3.172352,1.2071501016616821,-0.10961364209651947,0.13573384284973145,nan,0.09605219215154648,0.0,0.03925634175539017,1.1896066665649414,8.8251953125,0.0,0.0,nan,nan,0.0,0.0,0.33087780078252155,0.3083977699279785,3.2239583333333335,0.33087780078252155,0.02312160034974416,0.02213764190673828
946,0.3963246389999995,3.172352,1.2081615924835205,-0.0885101929306984,0.1482277661561966,nan,0.09513214230537415,0.0,0.043790049850940704,1.225501298904419,9.22043514251709,0.0,0.0,nan,nan,0.0,0.0,0.3301051656405131,0.3076739013195038,3.21875,0.3301051656405131,0.023115721841653187,0.022134602069854736
947,0.39228939999998147,3.172352,1.2578761577606201,-0.07258465141057968,0.20651796460151672,nan,0.09855297207832336,0.0,0.04991104453802109,1.0973098278045654,9.260592460632324,0.0,0.0,nan,nan,0.0,0.0,0.33000169197718304,0.30776453018188477,3.1015625,0.33000169197718304,0.023084876437981922,0.02207324653863907
948,0.394113996000101,3.172352,1.3078877925872803,-0.06094183027744293,0.2067759931087494,nan,0.1040494441986084,0.0,0.05772627890110016,1.1294207572937012,9.055482864379883,0.0,0.0,nan,nan,0.0,0.0,0.3300069371859233,0.30774301290512085,3.2395833333333335,0.3300069371859233,0.023079531888167065,0.021995581686496735
949,0.39565446699998574,3.172352,1.3992704153060913,-0.05551663041114807,0.39734596014022827,nan,0.1123257577419281,0.0,0.06786938011646271,1.2959904670715332,8.550832748413086,0.0,0.0,nan,nan,0.0,0.0,0.3293148875236511,0.30346769094467163,3.2057291666666665,0.3293148875236511,0.023066110908985138,0.021922513842582703
950,0.3962905099999716,3.172352,1.4031217098236084,-0.06334879249334335,0.31742680072784424,nan,0.10749974846839905,0.0,0.07955070585012436,1.458923101425171,8.046865463256836,1.0,0.0,nan,nan,0.0,1.0,0.3287087082862854,0.30316147208213806,3.2552083333333335,0.3287087082862854,0.02306625247001648,0.021848037838935852
951,0.3958124520000865,3.172352,1.4825845956802368,-0.05794680118560791,0.1619367003440857,nan,0.12290684878826141,0.0,0.054465364664793015,1.139963150024414,6.837594032287598,0.0,0.0,nan,nan,0.0,0.0,0.3308323820432027,0.3072015941143036,3.1276041666666665,0.3308323820432027,0.023122852047284443,0.02176292985677719
952,0.39401878099999976,3.172352,1.301417589187622,-0.06427979469299316,0.19524548947811127,nan,0.1038440391421318,0.0,0.06654277443885803,1.0851726531982422,7.005309104919434,0.0,0.0,nan,nan,0.0,0.0,0.3316550056139628,0.30693021416664124,3.0677083333333335,0.3316550056139628,0.02307632068792979,0.0216536745429039
953,0.396131144999913,3.172352,1.1962140798568726,-0.07081004232168198,0.15225249528884888,nan,0.09074725210666656,0.0,0.07727440446615219,1.2296271324157715,7.615877151489258,1.0,0.0,nan,nan,0.0,1.0,0.3330839276313782,0.30565640330314636,2.8697916666666665,0.3330839276313782,0.023116856813430786,0.02150818705558777
954,0.39440182299995286,3.172352,1.4672019481658936,-0.043642304837703705,0.18167974054813385,nan,0.11994640529155731,0.0,0.05679038166999817,1.2463716268539429,8.239158630371094,0.0,0.0,nan,nan,0.0,0.0,0.3348952531814575,0.30035635828971863,2.9453125,0.3348952531814575,0.023136178652445476,0.02132219821214676
955,0.3953856140000198,3.172352,1.4571460485458374,-0.02673441171646118,0.21195141971111298,nan,0.11738540977239609,0.0,0.0697910338640213,1.5118656158447266,9.075018882751465,0.0,0.0,nan,nan,0.0,0.0,0.33501537640889484,0.29037362337112427,3.0208333333333335,0.33501537640889484,0.02310536801815033,0.02111128717660904
956,0.3951044269999784,3.172352,1.3432810306549072,-0.022997215390205383,0.16914835572242737,nan,0.10519854724407196,0.0,0.08560697734355927,1.6132326126098633,9.7993803024292,0.0,0.0,nan,nan,0.0,0.0,0.33324845631917316,0.271619975566864,2.8411458333333335,0.33324845631917316,0.02310151110092799,0.020913027226924896
957,0.4035094380000146,3.172352,1.160295009613037,-0.02750697173178196,0.16284117102622986,nan,0.08504589647054672,0.0,0.10299303382635117,1.8066010475158691,10.04825496673584,0.0,0.0,nan,nan,0.0,0.0,0.32900585730870563,0.24208702147006989,2.9401041666666665,0.32900585730870563,0.023071472843488056,0.020750533789396286
958,0.4070188150000149,3.172352,1.3901312351226807,-0.08370761573314667,0.15318122506141663,nan,0.107083760201931,0.0,0.10535354912281036,1.58247971534729,10.647842407226562,1.0,0.0,nan,nan,0.0,1.0,0.3271368741989136,0.23941467702388763,2.9270833333333335,0.3271368741989136,0.02314334362745285,0.02073730155825615
959,0.4010051110000177,3.172352,1.4823729991912842,-0.08393485844135284,0.18352560698986053,nan,0.1196250468492508,0.0,0.08109790086746216,1.048822283744812,9.534575462341309,0.0,0.0,nan,nan,0.0,0.0,0.3298814495404561,0.29496312141418457,2.8880208333333335,0.3298814495404561,0.02317153165737788,0.02204476296901703
960,0.3969512929999155,3.172352,1.5490328073501587,-0.08269013464450836,0.07350683212280273,nan,0.12454360723495483,0.0,0.06761985272169113,0.966230571269989,10.074115753173828,1.0,0.0,nan,nan,0.0,1.0,0.3300465941429138,0.295001357793808,2.9296875,0.3300465941429138,0.023202536006768543,0.021932274103164673
961,0.3990540359999386,3.172352,1.5440360307693481,-0.06462357938289642,0.22570431232452393,nan,0.12532421946525574,0.0,0.05500224977731705,0.8396600484848022,10.501750946044922,0.0,0.0,nan,nan,0.0,0.0,0.33109796047210693,0.29842862486839294,3.0026041666666665,0.33109796047210693,0.023099012672901154,0.021817967295646667
962,0.39924205199997687,3.172352,1.6673479080200195,-0.03770725056529045,0.22663402557373047,nan,0.13713033497333527,0.0,0.06319764256477356,1.0601344108581543,10.859809875488281,0.0,0.0,nan,nan,0.0,0.0,0.33127276102701825,0.30400875210762024,2.9453125,0.33127276102701825,0.02306714653968811,0.021702535450458527
963,0.40397886599998856,3.172352,1.771722435951233,-0.015881238505244255,0.0997377261519432,nan,0.14598189294338226,0.0,0.07678123563528061,1.4069137573242188,11.709907531738281,0.0,0.0,nan,nan,0.0,0.0,0.3304430643717448,0.30490967631340027,2.890625,0.3304430643717448,0.02306277056535085,0.021576985716819763
964,0.4031324840000252,3.172352,1.5496995449066162,-0.017809249460697174,0.16534249484539032,nan,0.12205561250448227,0.0,0.09357041120529175,1.5999330282211304,11.922408103942871,0.0,0.0,nan,nan,0.0,0.0,0.32926225662231445,0.30571073293685913,2.8671875,0.32926225662231445,0.023061677813529968,0.021434232592582703
965,0.40233303999991676,3.172352,1.295696496963501,-0.025190800428390503,0.2377246916294098,nan,0.09464381635189056,0.0,0.11122777312994003,1.8057944774627686,12.20695686340332,0.0,0.0,nan,nan,0.0,0.0,0.32877351840337116,0.2940288484096527,2.9661458333333335,0.32877351840337116,0.023045462866624195,0.021277185529470444
966,0.4046808040000087,3.172352,1.3217843770980835,-0.01923496648669243,0.268707275390625,nan,0.09438209235668182,0.0,0.13066813349723816,2.0220699310302734,13.491782188415527,0.0,0.0,nan,nan,0.0,0.0,0.32824069261550903,0.27313733100891113,2.9453125,0.32824069261550903,0.023060046136379242,0.021115928888320923
967,0.4059142520000023,3.172352,2.078524112701416,-0.03410729765892029,0.20501084625720978,nan,0.17328421771526337,0.0,0.08808736503124237,1.6386981010437012,13.783080101013184,2.0,0.0,nan,nan,0.0,2.0,0.3323492407798767,0.2625575661659241,2.90625,0.3323492407798767,0.023260424534479778,0.02105708420276642
968,0.40062966499999675,3.172352,2.2001898288726807,-0.05336747318506241,0.24106931686401367,nan,0.18886733055114746,0.0,0.07336916774511337,1.4731006622314453,12.969228744506836,0.0,0.0,nan,nan,0.0,0.0,0.33537455399831134,0.30390891432762146,2.9140625,0.33537455399831134,0.02319224923849106,0.022552363574504852
969,0.3963165369999615,3.172352,2.0076043605804443,-0.05376162752509117,0.24997495114803314,nan,0.17122827470302582,0.0,0.08242687582969666,1.30120849609375,12.506576538085938,0.0,0.0,nan,nan,0.0,0.0,0.33509647846221924,0.30151498317718506,2.9010416666666665,0.33509647846221924,0.023170702159404755,0.022492550313472748
970,0.40031750200000715,3.172352,1.800209403038025,-0.05368797108530998,0.14896802604198456,nan,0.1501641571521759,0.0,0.09371905028820038,1.362352728843689,11.714972496032715,0.0,0.0,nan,nan,0.0,0.0,0.3330954114596049,0.3007543087005615,2.8776041666666665,0.3330954114596049,0.023119402428468067,0.022411175072193146
971,0.4036870669999644,3.172352,1.543607234954834,-0.07041598856449127,0.10076989978551865,nan,0.12460440397262573,0.0,0.10438387840986252,1.4299037456512451,10.482754707336426,0.0,0.0,nan,nan,0.0,0.0,0.33074772357940674,0.30137038230895996,2.9010416666666665,0.33074772357940674,0.02309369295835495,0.02230202406644821
972,0.40634385399994244,3.172352,1.4493403434753418,-0.08309376239776611,0.08603306859731674,nan,0.11292974650859833,0.0,0.111837238073349,1.8256124258041382,9.728078842163086,1.0,0.0,nan,nan,0.0,1.0,0.32864511013031006,0.3059360086917877,2.9244791666666665,0.32864511013031006,0.02308429777622223,0.022168196737766266
973,0.3921736839999994,3.172352,1.9954513311386108,-0.07622408121824265,0.15907378494739532,nan,0.17183062434196472,0.0,0.08132757246494293,1.5986125469207764,10.24750804901123,1.0,0.0,nan,nan,0.0,1.0,0.3298498789469401,0.30818548798561096,3.0390625,0.3298498789469401,0.023087022205193836,0.022025108337402344
974,0.38705486399999245,3.172352,2.025095224380493,-0.07343392074108124,0.19161148369312286,nan,0.1761760413646698,0.0,0.052272699773311615,1.349955439567566,10.046255111694336,0.0,0.0,nan,nan,0.0,0.0,0.33218224843343097,0.31290894746780396,2.9505208333333335,0.33218224843343097,0.0231102059284846,0.021892808377742767
975,0.389422264000018,3.172352,1.9510374069213867,-0.07074673473834991,0.39389529824256897,nan,0.16823723912239075,0.0,0.06084836646914482,1.7808177471160889,11.010176658630371,0.0,0.0,nan,nan,0.0,0.0,0.3320590853691101,0.3101738393306732,2.984375,0.3320590853691101,0.023027742902437847,0.021770477294921875
976,0.39698787800000446,3.172352,2.0873324871063232,-0.07294487208127975,0.10073232650756836,nan,0.18106983602046967,0.0,0.05112263560295105,1.8315706253051758,11.420756340026855,1.0,0.0,nan,nan,0.0,1.0,0.3327311674753825,0.3049132823944092,3.015625,0.3327311674753825,0.02310267835855484,0.021711546927690506
977,0.388807173000032,3.172352,1.9197008609771729,-0.09461803734302521,0.21985220909118652,nan,0.1679995059967041,0.0,0.04180051386356354,1.7771263122558594,9.999117851257324,0.0,0.0,nan,nan,0.0,0.0,0.33487645785013836,0.3108147382736206,3.0546875,0.33487645785013836,0.023100065688292187,0.022208891808986664
978,0.3915931180000598,3.172352,1.7761272192001343,-0.10664202272891998,0.3804905116558075,nan,0.15323269367218018,0.0,0.052055537700653076,1.8308446407318115,9.462739944458008,0.0,0.0,nan,nan,0.0,0.0,0.3370099465052287,0.3127656877040863,3.0104166666666665,0.3370099465052287,0.023076387743155163,0.02222282439470291
979,0.3937427399999933,3.172352,1.7564021348953247,-0.1014859527349472,0.19276289641857147,nan,0.14980816841125488,0.0,0.06301535665988922,1.8838911056518555,10.349227905273438,0.0,0.0,nan,nan,0.0,0.0,0.3390924533208211,0.31686699390411377,2.8489583333333335,0.3390924533208211,0.023072647551695507,0.02222713828086853
980,0.39951136199999837,3.172352,1.7472766637802124,-0.09739029407501221,0.1408100426197052,nan,0.14680984616279602,0.0,0.0759301632642746,1.774022102355957,11.086648941040039,0.0,0.0,nan,nan,0.0,0.0,0.34002685546875,0.32454195618629456,2.7916666666666665,0.34002685546875,0.023138167957464855,0.021909110248088837
981,0.3906439470000578,3.172352,2.2487354278564453,-0.07413199543952942,0.13044589757919312,nan,0.1995854377746582,0.0,0.05194075033068657,1.4269559383392334,11.592634201049805,1.0,0.0,nan,nan,0.0,1.0,0.3410545587539673,0.3291237950325012,2.9140625,0.3410545587539673,0.02308189868927002,0.02193007618188858
982,0.3872903019999967,3.172352,2.0448501110076904,-0.07033495604991913,0.142011821269989,nan,0.1796392798423767,0.0,0.05292823910713196,1.2150063514709473,12.026827812194824,0.0,0.0,nan,nan,0.0,0.0,0.3408186038335164,0.3240581452846527,2.8880208333333335,0.3408186038335164,0.023003282646338146,0.021846868097782135
983,0.3870644019999645,3.172352,1.895894169807434,-0.07544787973165512,0.1462399661540985,nan,0.1637715995311737,0.0,0.060508038848638535,1.2166831493377686,12.125643730163574,0.0,0.0,nan,nan,0.0,0.0,0.3399449984232585,0.32347241044044495,2.953125,0.3399449984232585,0.022999015947182972,0.02172258496284485
984,0.38812383699996644,3.172352,1.7347116470336914,-0.09328913688659668,0.2071102261543274,nan,0.14704754948616028,0.0,0.068653404712677,1.3659857511520386,11.176799774169922,0.0,0.0,nan,nan,0.0,0.0,0.3386976718902588,0.3192761540412903,2.7890625,0.3386976718902588,0.0229928120970726,0.0215955451130867
985,0.3907950750000282,3.172352,1.4717538356781006,-0.11220075190067291,0.10179387032985687,nan,0.12244771420955658,0.0,0.07162337005138397,1.4047486782073975,10.416900634765625,1.0,0.0,nan,nan,0.0,1.0,0.3376240332921346,0.30656933784484863,2.75,0.3376240332921346,0.02304886281490326,0.0214889794588089
986,0.3929459799999222,3.172352,1.0795819759368896,-0.12230285257101059,0.08639783412218094,nan,0.08705979585647583,0.0,0.05263366550207138,1.4075403213500977,8.891576766967773,0.0,0.0,nan,nan,0.0,0.0,0.3385814030965169,0.3146563768386841,3.0052083333333335,0.3385814030965169,0.022984666128953297,0.02140967547893524
987,0.3970363119999547,3.172352,1.0764193534851074,-0.12890100479125977,0.1848980337381363,nan,0.08375149965286255,0.0,0.06870098412036896,1.6897344589233398,10.195175170898438,0.0,0.0,nan,nan,0.0,0.0,0.3368239402770996,0.30635130405426025,2.9635416666666665,0.3368239402770996,0.022962172826131184,0.021328717470169067
988,0.4016492810000045,3.172352,1.2599211931228638,-0.11490556597709656,0.20990021526813507,nan,0.09937243163585663,0.0,0.09039473533630371,2.1837821006774902,12.512667655944824,1.0,0.0,nan,nan,0.0,1.0,0.33347376187642414,0.3013486862182617,2.9869791666666665,0.33347376187642414,0.022909072538216908,0.021217025816440582
989,0.4033296390000487,3.172352,2.1676082611083984,-0.08724071085453033,0.24683567881584167,nan,0.19054952263832092,0.0,0.07388006150722504,2.1305880546569824,12.605926513671875,0.0,0.0,nan,nan,0.0,0.0,0.3317429820696513,0.28138142824172974,2.8880208333333335,0.3317429820696513,0.023041635751724243,0.021061263978481293
990,0.40929431200004274,3.172352,2.424687623977661,-0.04867793619632721,0.22915256023406982,nan,0.21320483088493347,0.0,0.09608732163906097,2.0959107875823975,13.337331771850586,0.0,0.0,nan,nan,0.0,0.0,0.32922156651814777,0.25687557458877563,2.8776041666666665,0.32922156651814777,0.02309178312619527,0.02086234837770462
991,0.4156172210000477,3.172352,2.2656280994415283,-0.07754397392272949,0.09983409196138382,nan,0.19544009864330292,0.0,0.09477858245372772,2.4174795150756836,12.47766399383545,2.0,0.0,nan,nan,0.0,2.0,0.3313147823015849,0.25185441970825195,2.9401041666666665,0.3313147823015849,0.02301236242055893,0.02079235017299652
992,0.3886229509998884,3.172352,1.8908171653747559,-0.08849535882472992,0.09520617872476578,nan,0.1685340851545334,0.0,0.02922162041068077,1.5143897533416748,10.517704010009766,1.0,0.0,nan,nan,0.0,1.0,0.3395056327184041,0.3206646740436554,2.84375,0.3395056327184041,0.023166296382745106,0.02274753898382187
993,0.37532385700001214,3.172352,1.3073638677597046,-0.08816872537136078,0.1680179238319397,nan,0.11330357193946838,0.0,0.00458718603476882,1.2823599576950073,8.263056755065918,0.0,0.0,nan,nan,0.0,0.0,0.33922259012858075,0.3221987187862396,3.0260416666666665,0.33922259012858075,0.023007266223430634,0.021696507930755615
994,0.37310212900001716,3.172352,1.0873693227767944,-0.08135505020618439,0.1267838329076767,nan,0.09103356301784515,0.0,0.006502681877464056,1.0974891185760498,7.7654242515563965,0.0,0.0,nan,nan,0.0,0.0,0.33783479531606037,0.31077155470848083,3.1119791666666665,0.33783479531606037,0.02296549330155055,0.021593376994132996
995,0.37455772999999226,3.172352,1.031469464302063,-0.07166889309883118,0.18977072834968567,nan,0.0853550061583519,0.0,0.009413210675120354,1.1195542812347412,7.7482194900512695,0.0,0.0,nan,nan,0.0,0.0,0.33563653628031415,0.3017505407333374,3.203125,0.33563653628031415,0.022935946782430012,0.02148083597421646
996,0.3795209390000309,3.172352,0.9747793078422546,-0.06399808079004288,0.1448500156402588,nan,0.08030915260314941,0.0,0.01373075321316719,1.441537857055664,7.468903541564941,0.0,0.0,nan,nan,0.0,0.0,0.3332309126853943,0.2932598888874054,3.2447916666666665,0.3332309126853943,0.022918743391831715,0.02132757008075714
997,0.3787712470000315,3.172352,0.851116418838501,-0.06031063199043274,0.18339981138706207,nan,0.06842909753322601,0.0,0.021142205223441124,1.4498169422149658,6.971688270568848,0.0,0.0,nan,nan,0.0,0.0,0.3318108717600505,0.2825814187526703,3.15625,0.3318108717600505,0.02290339767932892,0.021161183714866638
998,0.3798537769999939,3.172352,0.7303203344345093,-0.0667005404829979,0.21941712498664856,nan,0.055392712354660034,0.0,0.03218933939933777,1.4664037227630615,7.02571964263916,0.0,0.0,nan,nan,0.0,0.0,0.331384797890981,0.266842782497406,3.0546875,0.331384797890981,0.02289246767759323,0.020995285362005234
999,0.38574855100000605,3.172352,0.6497113704681396,-0.08052557706832886,0.10844574868679047,nan,0.04504968971014023,0.0,0.04615561664104462,1.4742563962936401,7.242608547210693,0.0,0.0,nan,nan,0.0,0.0,0.3312978148460388,0.2424258291721344,2.921875,0.3312978148460388,0.02288535237312317,0.020837612450122833
