iter,t_iter_s,peak_mem_mb,loss,vx,grad_norm,terrain_level,loss_v,loss_clear,loss_gproj,loss_omega,loss_ctrl,loss_yaw,mean_abs_yaw_cmd,n_falls,n_timeouts,n_move_up,n_move_down,n_fall_height,n_fall_tilt,mean_base_h,min_base_h,mean_n_contact,mean_base_z,mean_foot_clear,min_foot_clear
0,1.9596152260000963,63.989248,2.8091650009155273,0.09248565137386322,0.8490981459617615,2.4853515625,0.27616626024246216,0.0,0.0003522977349348366,0.325390100479126,0.018301906064152718,2.7194470021640882e-05,0.0,0.0,0.0,0.0,0.0,0.0,0.0,0.33798809846242267,0.296132355928421,2.9059651692708335,0.25705669323603314,0.020040657371282578,-0.10675746202468872
1,0.8918788620001123,64.61696,2.626718759536743,0.11202262341976166,0.7881187200546265,2.4853515625,0.25756072998046875,0.0,0.0007667667232453823,0.04395301267504692,0.06409122049808502,8.076407539192587e-05,0.0,0.0,0.0,0.0,0.0,0.0,0.0,0.337169090906779,0.29278990626335144,3.8634033203125,0.2561701734860738,0.02130682518084844,-0.07068496942520142
2,0.897438473999955,64.61696,2.2899608612060547,0.1485028862953186,0.7777153253555298,2.4853515625,0.2228485643863678,0.0,0.0008737934986129403,0.04709189385175705,0.2330264449119568,0.00018386804731562734,0.0,0.0,0.0,0.0,0.0,0.0,0.0,0.33589692910512287,0.2923917770385742,3.893310546875,0.25478116671244305,0.02126963436603546,-0.0504799485206604
3,0.9004916829999274,64.61696,1.7547687292099,0.2129702866077423,0.711953341960907,2.4853515625,0.16784457862377167,0.0,0.0009721292881295085,0.049852024763822556,0.6076540946960449,0.00035394178121350706,0.0,0.0,0.0,0.0,0.0,0.0,0.0,0.33640122413635254,0.29627525806427,3.8812255859375,0.2552179495493571,0.021222067375977833,-0.029302865266799927
4,0.9493009730001631,64.61696,1.1576780080795288,0.30219754576683044,0.5403408408164978,2.4853515625,0.10589548945426941,0.0,0.001136794569902122,0.03996698558330536,1.2935709953308105,0.000599476567003876,0.0,0.0,0.0,0.0,0.0,0.0,0.0,0.33720560868581134,0.30286705493927,3.8653157552083335,0.2560184796651204,0.02114178240299225,-0.03388106822967529
5,0.9535919590000503,64.61696,0.6661664843559265,0.4087415337562561,0.335936963558197,2.4853515625,0.05331648513674736,0.0,0.001262452220544219,0.025878626853227615,2.4169015884399414,0.0008913049823604524,0.0,0.0,0.0,0.0,0.0,0.0,0.0,0.33714882532755536,0.29941415786743164,3.8599039713541665,0.25594749053319293,0.021009482443332672,-0.04358363151550293
6,0.9567013789999237,64.61696,0.4145297706127167,0.5174363851547241,0.09987296164035797,2.4853515625,0.02349112182855606,0.0,0.0012650354765355587,0.024101821705698967,4.074033737182617,0.0011494909413158894,0.0,0.0,0.0,0.0,0.0,0.0,0.0,0.3354421854019165,0.2936703562736511,3.8491617838541665,0.25427013635635376,0.020874030888080597,-0.05413109064102173
7,0.9446326620000036,64.61696,0.40522903203964233,0.6103842258453369,0.20542730391025543,2.4853515625,0.016524581238627434,0.0,0.0012022384908050299,0.049472250044345856,6.068489074707031,0.0012694596080109477,0.0,0.0,0.0,0.0,0.0,0.0,0.0,0.33132869005203247,0.2849588990211487,3.7899576822916665,0.25011104345321655,0.020709313452243805,-0.06421887874603271
8,0.9450111480000487,64.61696,0.49354100227355957,0.6603219509124756,0.31053924560546875,2.4853515625,0.0195554681122303,0.0,0.0013493325095623732,0.11428599059581757,7.628761291503906,0.0011923209531232715,0.0,0.0,0.0,0.0,0.0,0.0,0.0,0.3235466480255127,0.26299142837524414,3.39306640625,0.24229441086451212,0.020539849996566772,-0.07119917869567871
9,0.9131297629999153,64.61696,0.5734050273895264,0.6819161772727966,0.34306350350379944,2.4853515625,0.02231745421886444,0.0,0.0024408623576164246,0.34818705916404724,8.304180145263672,0.0009943394688889384,0.0,0.0,0.0,0.0,0.0,0.0,0.0,0.3118048310279846,0.2527156174182892,3.1815999348958335,0.23058881362279257,0.020458196600278217,-0.07583105564117432
10,0.9141512680000687,64.61696,0.6769474744796753,0.7120639085769653,0.39230409264564514,2.4853515625,0.027688447386026382,0.0,0.00672588124871254,0.9894986152648926,8.222014427185059,0.0008139984565787017,0.0,0.0,0.0,0.0,0.0,0.0,0.0,0.2979336380958557,0.2397756576538086,3.1871744791666665,0.21679923931757608,0.020371124148368835,-0.07747864723205566
11,0.9827911790000599,64.61696,0.8397343754768372,0.7483377456665039,0.4642309844493866,2.4853515625,0.039845846593379974,0.0,0.018536023795604706,1.9527215957641602,7.52460241317749,0.0007100722286850214,0.0,0.0,0.0,0.0,0.0,0.0,0.0,0.2826761205991109,0.21729636192321777,3.16162109375,0.2015730341275533,0.020381316542625427,-0.07747149467468262
12,1.0178709679998974,64.61696,1.1085693836212158,0.7673187851905823,0.49426165223121643,2.4853515625,0.0627240464091301,0.0,0.04421932250261307,3.4714293479919434,6.40512228012085,0.000695684168022126,0.0,0.0,0.0,0.0,0.0,0.0,0.0,0.26523441076278687,0.1935543715953827,3.1177571614583335,0.18408493200937906,0.02050882081190745,-0.0770120620727539
13,0.9403698430000986,64.61696,1.554452657699585,0.760461688041687,0.4393361806869507,2.4853515625,0.10187479108572006,0.0,0.09440118074417114,6.163960933685303,5.024463653564453,0.0007894361624494195,0.0,0.0,0.0,0.0,0.0,0.0,0.0,0.2454525629679362,0.1885029673576355,2.6542154947916665,0.16435617208480835,0.020540229976177216,-0.07475757598876953
14,0.9126921869999478,64.61696,3.4348013401031494,0.3534183204174042,1.476737380027771,2.4853515625,0.28904271125793457,0.0,0.17064641416072845,4.763796806335449,3.54365873336792,0.001013986300677061,0.0,0.0,0.0,0.0,0.0,0.0,0.0,0.23065505425135294,0.19770976901054382,1.6489664713541667,0.14939038952191672,0.02052008608977,-0.07044488191604614
15,0.8868442559999039,64.61696,7.376131057739258,-0.18792250752449036,3.2619307041168213,2.4853515625,0.6896376013755798,0.0,0.21979892253875732,2.5028839111328125,2.7355010509490967,0.001265728729777038,0.0,0.0,0.0,0.0,0.0,0.0,0.0,0.246088445186615,0.17175650596618652,1.9142659505208333,0.16426105300585428,0.020440932363271713,-0.063953697681427
16,0.8720983250000245,64.61696,6.505168437957764,-0.1526680290699005,2.304163932800293,2.48046875,0.6031928062438965,0.0,0.293203741312027,4.020275115966797,2.175662040710449,0.00964514072984457,0.0,5.0,0.0,0.0,5.0,0.0,5.0,0.26221511761347455,0.16233491897583008,1.902587890625,0.17991876602172852,0.0205267034471035,-0.05768299102783203
17,0.8954001909999079,64.61696,4.427065372467041,-0.011746557429432869,0.6377424001693726,2.4716796875,0.398118257522583,0.0,0.3538249433040619,1.2477904558181763,1.8893909454345703,0.019398611038923264,0.0,9.0,0.0,0.0,9.0,0.0,9.0,0.2727322181065877,0.18372485041618347,1.6410725911458333,0.18987069527308145,0.020599183936913807,-0.053185880184173584
18,0.8895984880000469,64.61696,3.775120735168457,0.04201682657003403,0.6614609956741333,2.462890625,0.3334367275238037,0.0,0.3796331286430359,0.38828930258750916,1.7753713130950928,0.028149094432592392,0.0,13.0,0.0,0.0,13.0,0.0,13.0,0.27915507555007935,0.22373425960540771,1.655029296875,0.19485940535863241,0.02065138891339302,-0.050905585289001465
19,0.876787424999975,64.61696,3.9820895195007324,0.02594638615846634,1.0316168069839478,2.4609375,0.3540149927139282,0.0,0.3908632695674896,0.15253470838069916,1.7722539901733398,0.015332164242863655,0.0,4.0,0.0,0.0,4.0,0.0,4.0,0.28203707933425903,0.23029203712940216,1.8641357421875,0.1974183718363444,0.020674660801887512,-0.0483860969543457
20,0.8810048249999909,64.61696,4.255383491516113,0.004951569251716137,0.8100517392158508,2.45703125,0.38101300597190857,0.0,0.390697181224823,0.10919761657714844,1.8889625072479248,0.009698549285531044,0.0,5.0,0.0,0.0,5.0,0.0,5.0,0.2826363444328308,0.22998517751693726,1.9667154947916667,0.1977535088857015,0.020645565042893093,-0.04606461524963379
21,0.9264036029999261,64.617472,4.388916492462158,-0.0036901708226650953,1.9589654207229614,2.45703125,0.39395058155059814,0.0,0.38524723052978516,0.13551494479179382,2.119072914123535,0.005895962473005056,0.0,0.0,0.0,0.0,0.0,0.0,0.0,0.28136712312698364,0.2267102599143982,2.0265299479166665,0.1963887413342794,0.020722636332114536,-0.04433095455169678
22,0.9553844630002004,64.617472,4.359720706939697,0.000601361389271915,1.5520099401474,2.45703125,0.3904230296611786,0.0,0.3782305121421814,0.1440834254026413,2.5062050819396973,0.007202307693660259,0.0,0.0,0.0,0.0,0.0,0.0,0.0,0.27943265438079834,0.22478502988815308,2.0361735026041665,0.1944240927696228,0.020756270736455917,-0.04235029220581055
23,0.9535272279999845,64.617472,4.231245517730713,0.012408962473273277,0.6501997709274292,2.455078125,0.37700268626213074,0.0,0.37231189012527466,0.13197650015354156,3.0524537563323975,0.011175310239195824,0.0,2.0,0.0,0.0,2.0,0.0,2.0,0.2779473463694255,0.22411313652992249,2.0297444661458335,0.1929400364557902,0.020765190323193867,-0.03895151615142822
24,0.9480615610000314,64.617472,4.081356048583984,0.026154574006795883,0.7088200449943542,2.453125,0.3612907826900482,0.0,0.37005746364593506,0.13680508732795715,3.7758336067199707,0.011193275451660156,0.0,2.0,0.0,0.0,2.0,0.0,2.0,0.27720282475153607,0.22365465760231018,2.0218505859375,0.1922406554222107,0.020757783204317093,-0.03648442029953003
25,1.006224962000033,64.617472,3.983043670654297,0.035688988864421844,0.4078383147716522,2.44921875,0.3505881726741791,0.0,0.37071093916893005,0.15578211843967438,4.746530532836914,0.01968742348253727,0.0,7.0,0.0,0.0,7.0,0.0,7.0,0.2774374485015869,0.221934512257576,2.0176188151041665,0.19239374001820883,0.02065253381927808,-0.034703969955444336
26,1.0784231849997923,64.617472,3.9575750827789307,0.04005523771047592,0.617521345615387,2.4462890625,0.34699302911758423,0.0,0.3741019666194916,0.1818191260099411,6.014322280883789,0.021230116486549377,0.0,3.0,0.0,0.0,3.0,0.0,3.0,0.2781320611635844,0.21663205325603485,2.0115966796875,0.19293816884358725,0.020564809441566467,-0.03477323055267334
27,1.0999953539999296,64.617472,3.972224473953247,0.041716426610946655,0.4996032118797302,2.4443359375,0.346920907497406,0.0,0.37854284048080444,0.20418553054332733,7.753852844238281,0.020720988512039185,0.0,3.0,0.0,0.0,3.0,0.0,3.0,0.27886344989140827,0.21741022169589996,1.9889322916666667,0.19346016645431519,0.02049110208948453,-0.03442329168319702
28,1.1018420610000703,64.617472,4.025536060333252,0.04226826876401901,0.47862115502357483,2.4404296875,0.3500242233276367,0.0,0.38200438022613525,0.23861077427864075,10.073694229125977,0.01897236332297325,0.0,4.0,0.0,0.0,4.0,0.0,4.0,0.2790396014849345,0.22026193141937256,1.9805501302083333,0.1934495766957601,0.020415327201286953,-0.03408932685852051
29,1.0674693890000526,64.617472,4.106571197509766,0.04265112057328224,0.2214292585849762,2.4375,0.35503095388412476,0.0,0.38352760672569275,0.3030358552932739,13.101274490356445,0.028806135058403015,0.0,4.0,0.0,0.0,4.0,0.0,4.0,0.27857232093811035,0.2142145037651062,1.9836832682291667,0.19284395376841226,0.020358627041180927,-0.03377246856689453
30,1.0645155720001185,64.617472,4.179872989654541,0.04039832577109337,0.18203912675380707,2.4326171875,0.35916948318481445,0.0,0.38324183225631714,0.36597156524658203,16.349998474121094,0.025420119985938072,0.0,6.0,0.0,0.0,6.0,0.0,6.0,0.27767155567804974,0.21651333570480347,2.0002034505208335,0.19168277581532797,0.020317617803812027,-0.033507466316223145
31,1.0929435830000784,64.617472,4.2811598777771,0.03318335860967636,0.20164167881011963,2.4287109375,0.366411030292511,0.0,0.3827524185180664,0.407066285610199,19.451557159423828,0.025463072583079338,0.0,5.0,0.0,0.0,5.0,0.0,5.0,0.2766765554745992,0.21928277611732483,2.0074055989583335,0.1904959281285604,0.020270992070436478,-0.03337222337722778
32,1.0144343309998476,64.617472,4.375054359436035,0.026782363653182983,0.2588202953338623,2.4267578125,0.37368011474609375,0.0,0.3845050036907196,0.4614980220794678,21.793102264404297,0.02387307584285736,0.0,3.0,0.0,0.0,3.0,0.0,3.0,0.2760792175928752,0.21913576126098633,2.0148111979166665,0.1896748145421346,0.0202014297246933,-0.033319175243377686
33,1.0723302559999865,64.617472,4.443174362182617,0.026241550222039223,0.3451661765575409,2.421875,0.379275381565094,0.0,0.39242082834243774,0.5434348583221436,22.971052169799805,0.0291165541857481,0.0,5.0,0.0,0.0,5.0,0.0,5.0,0.27556367715199787,0.21854743361473083,2.0135904947916665,0.18897634744644165,0.020216929415861767,-0.03335011005401611
34,1.137584021000066,64.617472,4.4702935218811035,0.027538716793060303,0.3177122473716736,2.416015625,0.38151049613952637,0.0,0.4022493362426758,0.6024607419967651,23.147705078125,0.04763669893145561,0.0,6.0,0.0,0.0,6.0,0.0,6.0,0.2757667899131775,0.21782776713371277,2.0021158854166665,0.18908504645029703,0.020201481878757477,-0.03359931707382202
35,1.1650701280000249,64.617472,4.445198059082031,0.03245770186185837,0.3012485206127167,2.4111328125,0.3798080384731293,0.0,0.4161660373210907,0.6890004873275757,22.096771240234375,0.051591865718364716,0.0,7.0,0.0,0.0,7.0,0.0,7.0,0.27635157108306885,0.21742019057273865,1.9823811848958333,0.18921802441279092,0.020106164117654163,-0.03396165370941162
36,1.1483791280002151,64.617472,4.395122051239014,0.03945581614971161,0.3259888291358948,2.408203125,0.37603557109832764,0.0,0.4364033639431,0.8054317235946655,20.231002807617188,0.06685608625411987,0.0,6.0,0.0,0.0,6.0,0.0,6.0,0.276871124903361,0.21728697419166565,1.9253743489583333,0.1896979014078776,0.020117922375599544,-0.03420501947402954
37,1.0777755830001752,64.617472,4.331119537353516,0.04425512254238129,0.2517912983894348,2.3916015625,0.3709305226802826,0.0,0.45531100034713745,0.9406854510307312,18.232946395874023,0.10877333581447601,0.0,18.0,0.0,0.0,18.0,0.0,18.0,0.2787053386370341,0.21133464574813843,1.8546956380208333,0.19132012128829956,0.02018283928434054,-0.03449469804763794
38,1.0527875299999323,64.617472,4.273189067840576,0.04772987216711044,0.2820095121860504,2.3828125,0.36729973554611206,0.0,0.4780779778957367,1.0533121824264526,15.73193645477295,0.1052151620388031,0.0,13.0,0.0,0.0,13.0,0.0,13.0,0.28109286228815716,0.2114056944847107,1.8426920572916667,0.19294063250223795,0.020197850962479908,-0.034498631954193115
39,1.040393738000148,64.617472,4.239616870880127,0.052760049700737,0.20748183131217957,2.3681640625,0.3653232455253601,0.0,0.5025800466537476,1.1928038597106934,13.326197624206543,0.15513384342193604,0.0,22.0,0.0,0.0,22.0,0.0,22.0,0.283544381459554,0.21333390474319458,1.8506266276041667,0.1944796641667684,0.02018250028292338,-0.04178663343191147
40,1.1009507710000435,64.617472,4.234619617462158,0.05281480401754379,0.17231392860412598,2.328125,0.3669721484184265,0.0,0.5134568214416504,1.3001351356506348,10.961019515991211,0.24129018187522888,0.0,54.0,0.0,0.0,54.0,0.0,54.0,0.2878719170888265,0.21516847610473633,1.8818359375,0.19829362630844116,0.020332268128792446,-0.04203968495130539
41,1.1404709900000398,64.617472,4.240325450897217,0.050055377185344696,0.14623799920082092,2.263671875,0.370872437953949,0.0,0.5071041584014893,1.3726552724838257,8.850729942321777,0.2509058117866516,0.0,77.0,0.0,0.0,77.0,0.0,77.0,0.2939622799555461,0.21610909700393677,1.9062093098958333,0.20372100671132407,0.02045982951919238,-0.04207199811935425
42,1.132598501000075,64.617472,4.233044147491455,0.04500966891646385,0.13098375499248505,2.1689453125,0.37532371282577515,0.0,0.4663701057434082,1.3360618352890015,7.114374160766602,0.3016417622566223,0.0,118.0,0.0,0.0,118.0,0.0,118.0,0.30326467752456665,0.21551233530044556,2.0010579427083335,0.21371954679489136,0.020560234785079956,-0.07711106538772583
43,1.0951790520000486,64.617472,4.168066501617432,0.04007453843951225,0.12957291305065155,2.03515625,0.37569648027420044,0.0,0.389528751373291,1.140223741531372,5.784257411956787,0.35253798961639404,0.0,161.0,0.0,0.0,161.0,0.0,161.0,0.31517793734868366,0.2149600386619568,2.2490234375,0.225344717502594,0.02083485076824824,-0.07544958591461182
44,1.0666146179999032,64.617472,3.994701862335205,0.04039624333381653,0.13144764304161072,1.916015625,0.36749133467674255,0.0,0.29230013489723206,0.8471199870109558,4.821096420288086,0.2928554117679596,0.0,148.0,0.0,0.0,148.0,0.0,148.0,0.32771917184193927,0.21460795402526855,2.5967203776041665,0.24030194679896036,0.021018820504347484,-0.07438302040100098
45,1.0356913210000585,64.617472,3.720841407775879,0.04788264259696007,0.1568070352077484,1.8369140625,0.3480703830718994,0.0,0.20193645358085632,0.5812383890151978,4.130094528198242,0.1944267749786377,0.0,104.0,0.0,0.0,104.0,0.0,104.0,0.3381810188293457,0.21456819772720337,2.9345703125,0.2531154751777649,0.02123658110698064,-0.07263576984405518
46,1.0264130769999156,64.617472,3.408986806869507,0.06662161648273468,0.13249091804027557,1.7880859375,0.32129839062690735,0.0,0.14958570897579193,0.446219801902771,3.6155123710632324,0.1442260593175888,0.0,65.0,0.0,0.0,65.0,0.0,65.0,0.3436148961385091,0.21469414234161377,3.1606038411458335,0.2610642711321513,0.02134765436251958,-0.06988406181335449
47,0.9956499639999947,64.617472,3.079037666320801,0.09130269289016724,0.19094997644424438,1.763671875,0.29170531034469604,0.0,0.11347126215696335,0.36493492126464844,3.1957919597625732,0.07279089093208313,0.0,35.0,0.0,0.0,35.0,0.0,35.0,0.3463679949442546,0.21496081352233887,3.3125,0.2653172016143799,0.021316503485043842,-0.07664549350738525
48,1.022290140999985,64.617472,2.7473974227905273,0.12278828024864197,0.11290214955806732,1.7509765625,0.2598390281200409,0.0,0.09688526391983032,0.3337891101837158,2.8800342082977295,0.0638100802898407,0.0,21.0,0.0,0.0,21.0,0.0,21.0,0.3467681407928467,0.21494793891906738,3.4063720703125,0.26689110199610394,0.021311255792776745,-0.07661384344100952
49,0.989222651999853,64.617472,2.429551839828491,0.1568160057067871,0.11023323982954025,1.734375,0.22887811064720154,0.0,0.08638499677181244,0.3174815773963928,2.6324353218078613,0.06465530395507812,0.0,21.0,0.0,0.0,21.0,0.0,21.0,0.3460837205251058,0.21385902166366577,3.4434407552083335,0.2663113872210185,0.021327157815297444,-0.07670485973358154
50,0.992244416000176,64.617472,2.1259121894836426,0.19137342274188995,0.19374136626720428,1.7216796875,0.1993093341588974,0.0,0.07488497346639633,0.29301950335502625,2.4916934967041016,0.046617742627859116,0.0,15.0,0.0,0.0,15.0,0.0,15.0,0.34518059094746906,0.21209806203842163,3.473388671875,0.26577528317769367,0.021378010511398315,-0.07670265436172485
51,0.9856381029999284,64.617472,1.8539776802062988,0.22562392055988312,0.08956939727067947,1.703125,0.17231866717338562,0.0,0.06221286207437515,0.30051159858703613,2.5240659713745117,0.04622624069452286,0.0,21.0,0.0,0.0,21.0,0.0,21.0,0.34398428599039715,0.2100355625152588,3.4906005859375,0.26500606536865234,0.021309442818164825,-0.07671117782592773
52,0.9607077729999673,64.617472,1.6298208236694336,0.2587282061576843,0.14284062385559082,1.689453125,0.14960448443889618,0.0,0.0516408234834671,0.3445347249507904,2.672334671020508,0.023197364062070847,0.0,14.0,0.0,0.0,14.0,0.0,14.0,0.3423186143239339,0.2073889970779419,3.4939371744791665,0.26314135392506915,0.021213464438915253,-0.07674014568328857
53,0.9510086220000176,64.617472,1.466685175895691,0.2871021330356598,0.06635192781686783,1.6845703125,0.13206759095191956,0.0,0.044530391693115234,0.4265904128551483,2.9762496948242188,0.026712283492088318,0.0,7.0,0.0,0.0,7.0,0.0,7.0,0.33983596165974933,0.20372939109802246,3.4863688151041665,0.26075716813405353,0.021131830910841625,-0.07677173614501953
54,0.9926791729999422,64.617472,1.350692868232727,0.3087436556816101,0.06647106260061264,1.67578125,0.11938540637493134,0.0,0.03985879570245743,0.5227746963500977,3.324596881866455,0.030439864844083786,0.0,9.0,0.0,0.0,9.0,0.0,9.0,0.3366617759068807,0.19913148880004883,3.4405517578125,0.25794680913289386,0.021070202191670735,-0.0768020749092102
55,0.9531229120000262,64.617472,1.265264868736267,0.32285457849502563,0.11597432941198349,1.6728515625,0.10994960367679596,0.0,0.035153329372406006,0.624645471572876,3.6956729888916016,0.022269483655691147,0.0,6.0,0.0,0.0,6.0,0.0,6.0,0.3333364725112915,0.19413495063781738,3.3538818359375,0.25514819224675495,0.021029581626256306,-0.07682967185974121
56,0.9482279669998661,64.617472,1.216395378112793,0.33124053478240967,0.10469459742307663,1.6669921875,0.10350315272808075,0.0,0.0311259962618351,0.7340975999832153,4.158461570739746,0.020818810909986496,0.0,7.0,0.0,0.0,7.0,0.0,7.0,0.329704483350118,0.18969935178756714,3.2875162760416665,0.2517778277397156,0.02095951388279597,-0.07686018943786621
57,0.933114777000128,64.617472,1.2027947902679443,0.3387890160083771,0.2313605695962906,1.666015625,0.10021823644638062,0.0,0.031288713216781616,0.883830726146698,4.714085578918457,0.021455127745866776,0.0,1.0,0.0,0.0,1.0,0.0,1.0,0.32553303241729736,0.18610292673110962,3.1974690755208335,0.2478328545888265,0.020952977240085602,-0.07690775394439697
58,0.9742907899999409,64.617472,1.2052721977233887,0.350838303565979,0.1405593752861023,1.6640625,0.09754517674446106,0.0,0.033518314361572266,1.0638402700424194,5.568545341491699,0.02776152268052101,0.0,3.0,0.0,0.0,3.0,0.0,3.0,0.32102298736572266,0.1835731863975525,3.108642578125,0.24351521333058676,0.02090309311946233,-0.07696270942687988
59,0.9652694970000084,64.617472,1.247784972190857,0.3653017580509186,0.14939692616462708,1.6630859375,0.09842447936534882,0.0,0.03908040374517441,1.316872477531433,6.603801250457764,0.03495095297694206,0.0,1.0,0.0,0.0,1.0,0.0,1.0,0.31574370463689166,0.1810147762298584,3.0161539713541665,0.23826183875401816,0.020801456024249394,-0.07704055309295654
60,0.9663087579999683,64.617472,1.3434817790985107,0.3791385293006897,0.14299292862415314,1.6591796875,0.10493654012680054,0.0,0.04623616859316826,1.6488298177719116,7.743165969848633,0.05151695758104324,0.0,6.0,0.0,0.0,6.0,0.0,6.0,0.30957446495691937,0.17797720432281494,2.9506022135416665,0.23233731587727866,0.020761032899220783,-0.07711774110794067
61,0.9552960470000471,64.617472,1.4787483215332031,0.40037643909454346,0.1656077802181244,1.6552734375,0.11580817401409149,0.0,0.056857816874980927,2.1283411979675293,8.684436798095703,0.06160328537225723,0.0,5.0,0.0,0.0,5.0,0.0,5.0,0.3023650447527568,0.17711615562438965,2.8819986979166665,0.2250466744105021,0.020798688133557636,-0.07707536220550537
62,0.9471622900000511,64.617472,1.6751879453659058,0.4320363402366638,0.18317928910255432,1.654296875,0.13245341181755066,0.0,0.0774739682674408,2.781254529953003,9.34222412109375,0.053144194185733795,0.0,2.0,0.0,0.0,2.0,0.0,2.0,0.29333386818567914,0.17715901136398315,2.7694498697916665,0.21597508589426676,0.02064461012681325,-0.07135218381881714
63,0.9426551179999478,64.617472,1.9525012969970703,0.4795264005661011,0.17592905461788177,1.6513671875,0.1556849479675293,0.0,0.10950835794210434,3.676243543624878,9.810149192810059,0.07176058739423752,0.0,5.0,0.0,0.0,5.0,0.0,5.0,0.2824828823407491,0.1785988211631775,2.5780436197916665,0.20526041587193808,0.020587950944900513,-0.07084131240844727
64,0.9764724770000157,64.617472,2.334730625152588,0.5136595368385315,0.17273952066898346,1.6484375,0.18893647193908691,0.0,0.15561231970787048,4.853878021240234,10.271036148071289,0.0673854723572731,0.0,7.0,0.0,0.0,7.0,0.0,7.0,0.2701344092686971,0.18183112144470215,2.3311767578125,0.1927706797917684,0.020482747505108517,-0.07738709449768066
65,0.9999669710000489,64.617472,3.2910494804382324,0.3893964886665344,0.17193233966827393,1.642578125,0.27966222167015076,0.0,0.21730928122997284,5.409161567687988,10.953527450561523,0.08392882347106934,0.0,8.0,0.0,0.0,8.0,0.0,8.0,0.2601309617360433,0.17919963598251343,2.084228515625,0.1823349396387736,0.020463451743125916,-0.07812857627868652
66,0.9953982570000335,64.617472,4.2753424644470215,0.24346491694450378,0.19780318439006805,1.6396484375,0.3754613399505615,0.0,0.287235826253891,5.223365783691406,11.525487899780273,0.08204955607652664,0.0,3.0,0.0,0.0,3.0,0.0,3.0,0.25669846932093304,0.17188692092895508,1.8522542317708333,0.17862643798192343,0.020418010652065277,-0.029950931668281555
67,1.091706676000058,64.617472,5.026494979858398,0.09082606434822083,0.3813087046146393,1.638671875,0.4489293098449707,0.0,0.36287111043930054,4.727540016174316,11.455101013183594,0.10265186429023743,0.0,1.0,0.0,0.0,1.0,1.0,0.0,0.2591582139333089,0.15984225273132324,1.629150390625,0.18092127641042074,0.020383649816115696,-0.11716938018798828
68,1.105119373999969,64.617472,5.216980934143066,0.027287917211651802,0.1404561847448349,1.6162109375,0.46655237674713135,0.0,0.4305076599121094,4.017267227172852,10.813814163208008,0.19630619883537292,0.0,33.0,0.0,0.0,33.0,0.0,33.0,0.2670418620109558,0.1688317060470581,1.51708984375,0.1883103847503662,0.020414390911658604,-0.11700499057769775
69,1.0926000590000058,64.617472,4.672921657562256,0.061368804425001144,0.12253552675247192,1.560546875,0.413338840007782,0.0,0.4504792094230652,3.4505393505096436,10.021093368530273,0.31499210000038147,0.0,100.0,0.0,0.0,100.0,0.0,100.0,0.2801894744237264,0.16994410753250122,1.5225016276041667,0.20237571001052856,0.020417841772238415,-0.11761510372161865
70,1.02439087200014,64.617472,4.127141952514648,0.0976925641298294,0.14037321507930756,1.4912109375,0.36373382806777954,0.0,0.4268729090690613,2.7611117362976074,9.511846542358398,0.28530773520469666,0.0,108.0,0.0,0.0,108.0,0.0,108.0,0.29459047317504883,0.17367368936538696,1.6692301432291667,0.21645472447077432,0.020585401604572933,-0.11745107173919678
71,1.0398280280001018,64.617472,3.7643537521362305,0.13324248790740967,0.152264803647995,1.416015625,0.3314354121685028,0.0,0.3940925598144531,2.448073387145996,9.266040802001953,0.3658064603805542,0.0,124.0,0.0,0.0,124.0,0.0,124.0,0.3051956295967102,0.18061113357543945,1.79296875,0.2274912198384603,0.020668459435304005,-0.11732494831085205
72,1.0874547600001279,64.617472,3.660576820373535,0.1485106647014618,0.15478244423866272,1.3232421875,0.32673758268356323,0.0,0.3299883008003235,2.311155319213867,8.95711898803711,0.38817912340164185,0.0,149.0,0.0,0.0,149.0,0.0,149.0,0.3149728973706563,0.18887042999267578,1.9576822916666667,0.23972674210866293,0.020971233646074932,-0.11726534366607666
73,1.057954713999834,64.617472,3.414928913116455,0.17744460701942444,0.1529734581708908,1.2392578125,0.3093148469924927,0.0,0.24832594394683838,2.196587324142456,8.5924072265625,0.279500812292099,0.0,134.0,0.0,0.0,134.0,0.0,134.0,0.32318758964538574,0.18303042650222778,2.22021484375,0.24856760104497275,0.021150062481562298,-0.1173323392868042
74,1.0571932750001451,64.617472,2.9961512088775635,0.2263895869255066,0.1391184777021408,1.1708984375,0.2722475826740265,0.0,0.18320798873901367,2.08607816696167,8.26968002319336,0.26215100288391113,0.0,113.0,0.0,0.0,113.0,0.0,113.0,0.32911092042922974,0.1842913031578064,2.3774820963541665,0.25551287333170575,0.021409064531326294,-0.11673927307128906
75,1.0462531580001269,64.617472,2.3922080993652344,0.28787297010421753,0.1389995515346527,1.1201171875,0.2174317091703415,0.0,0.11950071901082993,1.8485692739486694,7.839982509613037,0.16518104076385498,0.0,85.0,0.0,0.0,85.0,0.0,85.0,0.334514856338501,0.18274366855621338,2.4788004557291665,0.2634342908859253,0.021567160884539287,-0.09725052118301392
76,1.0505789520000235,64.617472,1.876170039176941,0.3579217493534088,0.11490372568368912,1.0869140625,0.16945132613182068,0.0,0.08062540739774704,1.695237159729004,7.1232404708862305,0.11409203708171844,0.0,51.0,0.0,0.0,51.0,0.0,51.0,0.3371339241663615,0.1797330379486084,2.563720703125,0.26703282197316486,0.02160573999087016,-0.09721428155899048
77,0.9967697840002074,64.617472,1.4957736730575562,0.42690321803092957,0.09951069951057434,1.06640625,0.13389015197753906,0.0,0.0579807311296463,1.629425048828125,6.164700984954834,0.08051465451717377,0.0,28.0,0.0,0.0,28.0,0.0,28.0,0.3381127119064331,0.17770099639892578,2.5968017578125,0.2690148750940959,0.02159976710875829,-0.09723013639450073
78,0.9583268349999798,64.617472,1.248546838760376,0.48705872893333435,0.06732755899429321,1.0517578125,0.11046120524406433,0.0,0.044857095927000046,1.7144525051116943,5.369087219238281,0.06517743319272995,0.0,24.0,0.0,0.0,24.0,0.0,24.0,0.3381783962249756,0.20116716623306274,2.6517740885416665,0.26922841866811115,0.02149930347998937,-0.09729951620101929
79,0.9301949020000393,64.617472,1.0909126996994019,0.5413414835929871,0.07614074647426605,1.0439453125,0.09564438462257385,0.0,0.036995988339185715,1.724682331085205,4.723984718322754,0.05153558775782585,0.0,12.0,0.0,0.0,12.0,0.0,12.0,0.3376610279083252,0.2000359296798706,2.706298828125,0.2688465515772502,0.021413631737232208,-0.09652066230773926
80,0.913407265999922,64.617472,1.0305532217025757,0.5840584635734558,0.059730369597673416,1.033203125,0.09005759656429291,0.0,0.033864982426166534,1.8019959926605225,4.151674747467041,0.037940483540296555,0.0,11.0,0.0,0.0,11.0,0.0,11.0,0.3363903760910034,0.19645220041275024,2.737548828125,0.2679789066314697,0.021337973574797314,-0.09644538164138794
81,0.9191696309999315,64.617472,1.0390652418136597,0.6120572090148926,0.09296729415655136,1.0322265625,0.09036397933959961,0.0,0.03797744959592819,1.9415326118469238,3.628084182739258,0.03799058496952057,0.0,2.0,0.0,0.0,2.0,0.0,2.0,0.3340890010197957,0.18841421604156494,2.7374674479166665,0.2657418449719747,0.021160719295342762,-0.09658986330032349
82,0.9201397619999625,64.617472,1.0671420097351074,0.6284283399581909,0.05810672417283058,1.0263671875,0.09234657138586044,0.0,0.04325944185256958,2.1490068435668945,3.1937079429626465,0.0434519499540329,0.0,7.0,0.0,0.0,7.0,0.0,7.0,0.3312194546063741,0.16612893342971802,2.7286783854166665,0.2631347378094991,0.02105518678824107,-0.0969591736793518
83,0.8812684440001703,64.617472,1.1058474779129028,0.6333958506584167,0.05903084948658943,1.0244140625,0.0953197106719017,0.0,0.05105585977435112,2.3272600173950195,2.892849922180176,0.029705286026000977,0.0,2.0,0.0,0.0,2.0,0.0,2.0,0.3278732895851135,0.16568946838378906,2.7340901692708335,0.25966876745224,0.02081288273135821,-0.10065186023712158
84,0.879932786000154,64.617472,1.205763339996338,0.6105381846427917,0.09618493169546127,1.021484375,0.10359709709882736,0.0,0.06446082890033722,2.552668333053589,2.7063567638397217,0.04552018642425537,0.0,4.0,0.0,0.0,4.0,0.0,4.0,0.32425397634506226,0.16843652725219727,2.7069905598958335,0.2558639446894328,0.02079073091348012,-0.09657937288284302
85,0.8944956750001438,64.617472,1.3901071548461914,0.5728485584259033,0.08320464193820953,1.0185546875,0.12027084082365036,0.0,0.08012615144252777,2.8679044246673584,2.581453800201416,0.04408882558345795,0.0,5.0,0.0,0.0,5.0,0.0,5.0,0.3215547800064087,0.1716262698173523,2.6392415364583335,0.2532360951105754,0.02070099612077077,-0.10645663738250732
86,0.9268282720001935,64.617472,1.6093775033950806,0.532155454158783,0.16818678379058838,1.015625,0.14048045873641968,0.0,0.100045345723629,3.2866077423095703,2.455988645553589,0.04467153549194336,0.0,6.0,0.0,0.0,6.0,0.0,6.0,0.3199964761734009,0.17390400171279907,2.5536702473958335,0.2514427900314331,0.020639513929684956,-0.10941112041473389
87,0.9949206310000136,64.617472,1.8384442329406738,0.4852987229824066,0.09399870038032532,1.0048828125,0.1613071858882904,0.0,0.1213391050696373,3.642693042755127,2.307631015777588,0.09019267559051514,0.0,23.0,0.0,0.0,23.0,0.0,23.0,0.31907018025716144,0.17456936836242676,2.4697265625,0.25034117698669434,0.020517520606517792,-0.09742182493209839
88,0.9822389210000892,64.617472,2.0625226497650146,0.429385244846344,0.08891445398330688,0.9921875,0.18284742534160614,0.0,0.13653987646102905,3.7631537914276123,2.160731792449951,0.11683164536952972,0.0,34.0,0.0,0.0,34.0,0.0,34.0,0.31880470116933185,0.17681431770324707,2.4261881510416665,0.24952757358551025,0.020264615615208943,-0.09754210710525513
89,1.1095484869999837,64.617472,2.2423670291900635,0.3833591938018799,0.08821240812540054,0.9716796875,0.20064496994018555,0.0,0.1490069180727005,3.7912395000457764,2.054993152618408,0.11242979764938354,0.0,36.0,0.0,0.0,36.0,0.0,36.0,0.31894630193710327,0.18711203336715698,2.3966471354166665,0.24942626555760702,0.02024424821138382,-0.0976911187171936
90,1.1400395979999303,64.617472,2.3874435424804688,0.34701359272003174,0.060122549533843994,0.9453125,0.21441102027893066,0.0,0.15839846432209015,3.6301989555358887,2.028304100036621,0.18941354751586914,0.0,59.0,0.0,0.0,59.0,0.0,59.0,0.3194347818692525,0.1980907917022705,2.4042154947916665,0.24923553069432577,0.020236422618230183,-0.09787601232528687
91,1.193245412999886,64.617472,2.4514858722686768,0.3233879804611206,0.05386979505419731,0.9150390625,0.2217336744070053,0.0,0.15686312317848206,3.393336057662964,2.0616374015808105,0.16373005509376526,0.0,61.0,0.0,0.0,61.0,0.0,61.0,0.32046931982040405,0.1916835904121399,2.4552815755208335,0.25022683540980023,0.02018693834543228,-0.09808212518692017
92,1.0585873679999622,64.617472,2.571343421936035,0.2927778363227844,0.06372540444135666,0.8876953125,0.23424923419952393,0.0,0.15743862092494965,2.910737991333008,2.1513631343841553,0.181644469499588,0.0,60.0,0.0,0.0,60.0,0.0,60.0,0.321866512298584,0.18937748670578003,2.4915364583333335,0.2511492967605591,0.02025597294171651,-0.09828168153762817
93,1.0151649669999188,64.617472,2.5634689331054688,0.2834303677082062,0.04711493104696274,0.8603515625,0.2345852553844452,0.0,0.15024468302726746,2.5549397468566895,2.2992701530456543,0.1692017763853073,0.0,66.0,0.0,0.0,66.0,0.0,66.0,0.3242024978001912,0.1893833875656128,2.5422770182291665,0.2532145182291667,0.0203612024585406,-0.09846168756484985
94,1.0489922270000989,64.617472,2.427778959274292,0.283767968416214,0.05193834379315376,0.8427734375,0.22183343768119812,0.0,0.14435261487960815,2.2346997261047363,2.4967868328094482,0.15527664124965668,0.0,51.0,0.0,0.0,51.0,0.0,51.0,0.32548439502716064,0.19035327434539795,2.590576171875,0.255068560441335,0.020332689086596172,-0.0985211730003357
95,1.0097465230001035,64.617472,2.239910125732422,0.29962486028671265,0.036240968853235245,0.8212890625,0.2036459743976593,0.0,0.1380660980939865,1.9165074825286865,2.703244209289551,0.1486371010541916,0.0,52.0,0.0,0.0,52.0,0.0,52.0,0.3265452782313029,0.18983423709869385,2.6328531901041665,0.2561103304227193,0.020340704669555027,-0.07794690132141113
96,0.9869139110001015,64.617472,2.053055763244629,0.31826427578926086,0.04493967071175575,0.8095703125,0.18513822555541992,0.0,0.13404327630996704,1.7332572937011719,2.9208221435546875,0.12303411960601807,0.0,36.0,0.0,0.0,36.0,0.0,36.0,0.3266971906026204,0.1897491216659546,2.6942952473958335,0.25662030776341754,0.020221737523873646,-0.07806402444839478
97,0.9952285279998705,64.617472,1.9626206159591675,0.3215095102787018,0.034008584916591644,0.791015625,0.17568093538284302,0.0,0.13105419278144836,1.5675147771835327,3.1594455242156982,0.14158695936203003,0.0,38.0,0.0,0.0,38.0,0.0,38.0,0.32669512430826825,0.17115509510040283,2.6985270182291665,0.2569730480511983,0.020164425174395244,-0.07836800813674927
98,0.9816017260000081,64.617472,1.7818201780319214,0.34149253368377686,0.03638516366481781,0.767578125,0.15904554724693298,0.0,0.11527210474014282,1.4420928955078125,3.2523562908172607,0.11149448156356812,0.0,45.0,0.0,0.0,45.0,0.0,45.0,0.3275100787480672,0.17009103298187256,2.7606201171875,0.25873953104019165,0.020091117670138676,-0.08573353290557861
99,0.9518370499999946,64.617472,1.632303237915039,0.3570544719696045,0.03746188059449196,0.75,0.14509397745132446,0.0,0.10297815501689911,1.3825280666351318,3.226682186126709,0.08652901649475098,0.0,32.0,0.0,0.0,32.0,0.0,32.0,0.3276817599932353,0.17008012533187866,2.8670247395833335,0.2598798672358195,0.020192315181096394,-0.0789041519165039
100,0.9656677299999501,64.617472,1.5860605239868164,0.367265522480011,0.037126146256923676,0.73828125,0.14032918214797974,0.0,0.09737732261419296,1.3659443855285645,3.2594776153564453,0.10178639739751816,0.0,29.0,0.0,0.0,29.0,0.0,29.0,0.3273250261942546,0.1711355447769165,2.9202067057291665,0.25999263922373456,0.02018046627442042,-0.07909029722213745
101,0.9750684919999912,64.617472,1.5431894063949585,0.37939560413360596,0.03765169158577919,0.7236328125,0.1365116536617279,0.0,0.08705279231071472,1.3788326978683472,3.360201597213745,0.07623393833637238,0.0,26.0,0.0,0.0,26.0,0.0,26.0,0.3276089032491048,0.17479246854782104,2.9469401041666665,0.26034613450368244,0.020104693869749706,-0.07920300960540771
102,0.9899806860000808,64.617472,1.472656011581421,0.3887086510658264,0.03520883247256279,0.705078125,0.12970201671123505,0.0,0.07663270831108093,1.4045747518539429,3.5152339935302734,0.07674133032560349,0.0,31.0,0.0,0.0,31.0,0.0,31.0,0.32795270284016925,0.17703944444656372,2.9641927083333335,0.26103536287943524,0.020174213995536167,-0.07922673225402832
103,1.0475057179999112,64.617472,1.434500813484192,0.4020308554172516,0.035472918301820755,0.697265625,0.12585535645484924,0.0,0.07161732763051987,1.4855480194091797,3.6851038932800293,0.07193166017532349,0.0,15.0,0.0,0.0,15.0,0.0,15.0,0.32753634452819824,0.17893612384796143,2.9578043619791665,0.2608118454615275,0.020279919107755024,-0.07758426666259766
104,1.0865340620000552,64.617472,1.4180940389633179,0.40676259994506836,0.032924070954322815,0.68359375,0.12401717901229858,0.0,0.06733541935682297,1.5877304077148438,3.8143515586853027,0.08872610330581665,0.0,25.0,0.0,0.0,25.0,0.0,25.0,0.32623404264450073,0.18089205026626587,2.9530029296875,0.25995373725891113,0.020277683933575947,-0.07761895656585693
105,1.0280547170000318,64.617472,1.390429973602295,0.4089909791946411,0.028784438967704773,0.677734375,0.1216994971036911,0.0,0.06283478438854218,1.6721675395965576,3.816138744354248,0.06991906464099884,0.0,16.0,0.0,0.0,16.0,0.0,16.0,0.3252023061116536,0.1820911169052124,2.9450276692708335,0.2588457067807515,0.020222123712301254,-0.07762008905410767
106,1.011696984000082,64.617472,1.401976227760315,0.40507763624191284,0.025514867156744003,0.671875,0.12256155908107758,0.0,0.06422948092222214,1.6632051467895508,3.8035950660705566,0.07469654083251953,0.0,11.0,0.0,0.0,11.0,0.0,11.0,0.32379605372746784,0.18126124143600464,2.9183756510416665,0.25791309277216595,0.020144714663426082,-0.07770228385925293
107,1.0298292720001427,64.617472,1.4451038837432861,0.4066464900970459,0.0455448180437088,0.66796875,0.12630115449428558,0.0,0.06877624243497849,1.7179319858551025,3.888348340988159,0.07155174016952515,0.0,8.0,0.0,0.0,8.0,0.0,8.0,0.3228415250778198,0.17897653579711914,2.8694661458333335,0.25714999437332153,0.02010595550139745,-0.07760661840438843
108,1.0576020660000722,64.617472,1.4933462142944336,0.41243988275527954,0.026606012135744095,0.662109375,0.13036470115184784,0.0,0.07305935025215149,1.8005955219268799,4.167481899261475,0.082890585064888,0.0,13.0,0.0,0.0,13.0,0.0,13.0,0.32225658496220905,0.17842918634414673,2.8110758463541665,0.25659579038619995,0.020329828063646953,-0.07767969369888306
109,1.2026275949999672,64.617472,1.5404940843582153,0.4211410582065582,0.02679886668920517,0.65625,0.13440069556236267,0.0,0.07698260247707367,1.931515097618103,4.518224716186523,0.08105355501174927,0.0,8.0,0.0,0.0,8.0,0.0,8.0,0.32184237241744995,0.17926788330078125,2.7290852864583335,0.2559020121892293,0.02035137638449669,-0.07757139205932617
110,1.3119242930001747,64.617472,1.5799756050109863,0.4306744933128357,0.0311320461332798,0.650390625,0.13783174753189087,0.0,0.07980953902006149,1.9978841543197632,4.848864555358887,0.08427231013774872,0.0,16.0,0.0,0.0,16.0,0.0,16.0,0.3215065797170003,0.1767290234565735,2.65478515625,0.2558266321818034,0.020319489141305287,-0.0777021050453186
111,1.270623224000019,64.617472,1.652588129043579,0.42926377058029175,0.03168674185872078,0.640625,0.14477698504924774,0.0,0.08345942199230194,2.003993272781372,4.9781494140625,0.10034756362438202,0.0,14.0,0.0,0.0,14.0,0.0,14.0,0.32074081897735596,0.1739518642425537,2.6023763020833335,0.25538212060928345,0.02020220955212911,-0.07773107290267944
112,1.1540243370000098,64.617472,1.7022147178649902,0.42233985662460327,0.030975190922617912,0.634765625,0.14961844682693481,0.0,0.09003206342458725,2.0466110706329346,4.943713665008545,0.08807592839002609,0.0,12.0,0.0,0.0,12.0,0.0,12.0,0.3196341594060262,0.1913585662841797,2.5683186848958335,0.2545472979545593,0.020163200795650482,-0.07746303081512451
113,1.01831319300004,64.617472,1.7668163776397705,0.42090630531311035,0.027308564633131027,0.6259765625,0.15512925386428833,0.0,0.09731332957744598,2.077702045440674,4.994997978210449,0.11952129006385803,0.0,19.0,0.0,0.0,19.0,0.0,19.0,0.31850719451904297,0.17509275674819946,2.558837890625,0.2537295420964559,0.020118684818347294,-0.07782250642776489
114,1.0601688920000925,64.617472,1.880505919456482,0.415019690990448,0.026600848883390427,0.6201171875,0.1660098433494568,0.0,0.10207732021808624,2.093371868133545,5.2826690673828125,0.12358959764242172,0.0,21.0,0.0,0.0,21.0,0.0,21.0,0.31817758083343506,0.17783242464065552,2.5289306640625,0.2540734012921651,0.019794358561436336,-0.0984763503074646
115,1.0340200789999017,64.617472,1.9690579175949097,0.4137665629386902,0.025202235206961632,0.61328125,0.17435374855995178,0.0,0.10681430995464325,2.184736728668213,5.646602630615234,0.11985738575458527,0.0,20.0,0.0,0.0,20.0,0.0,20.0,0.3191513220469157,0.18537181615829468,2.4786376953125,0.2548280358314514,0.019636424879233044,-0.09823280572891235
116,1.057176853999863,64.617472,2.0148637294769287,0.41729238629341125,0.02784484066069126,0.6025390625,0.17820356786251068,0.0,0.11123904585838318,2.306230068206787,5.989391326904297,0.1296171247959137,0.0,22.0,0.0,0.0,22.0,0.0,22.0,0.3199069102605184,0.19056236743927002,2.4340006510416665,0.255437711874644,0.019567194084326427,-0.09762471914291382
117,1.0781591080001363,64.617472,2.0349106788635254,0.4214780330657959,0.027577705681324005,0.5927734375,0.17963752150535583,0.0,0.11459490656852722,2.4813666343688965,6.145332336425781,0.14197765290737152,0.0,28.0,0.0,0.0,28.0,0.0,28.0,0.32001926501592,0.19104760885238647,2.3923746744791665,0.2561219334602356,0.019681042681137722,-0.09692412614822388
118,1.055081717999883,64.617472,2.099213123321533,0.4138801693916321,0.031055914238095284,0.5810546875,0.1857949197292328,0.0,0.11906769126653671,2.6660633087158203,5.941285610198975,0.1372668445110321,0.0,27.0,0.0,0.0,27.0,0.0,27.0,0.3195139765739441,0.19232356548309326,2.3778889973958335,0.25622381766637164,0.019610513001680374,-0.09700173139572144
119,1.150824215000057,64.617472,2.161386728286743,0.4077795147895813,0.02678794227540493,0.5712890625,0.1913001984357834,0.0,0.1275133490562439,2.871914863586426,5.594287395477295,0.1570046991109848,0.0,26.0,0.0,0.0,26.0,0.0,26.0,0.3189015785853068,0.19243663549423218,2.3465169270833335,0.25569339593251544,0.01948472609122594,-0.0970795750617981
120,1.0803348279998772,64.617472,2.2409191131591797,0.40180686116218567,0.031140105798840523,0.55859375,0.19943170249462128,0.0,0.12864312529563904,2.95033597946167,5.402102947235107,0.14869599044322968,0.0,35.0,0.0,0.0,35.0,0.0,35.0,0.31915682554244995,0.19280946254730225,2.3367106119791665,0.25613294045130414,0.019658466180165608,-0.09722930192947388
121,1.0617374609998933,64.617472,2.2275538444519043,0.40657705068588257,0.029987579211592674,0.5439453125,0.1983380764722824,0.0,0.1289903223514557,2.999178647994995,5.353208541870117,0.14527826011180878,0.0,39.0,0.0,0.0,39.0,0.0,39.0,0.3203260501225789,0.1869449019432068,2.3307698567708335,0.25751763582229614,0.019579409311215084,-0.09741920232772827
122,1.0575910000000022,64.617472,2.230961322784424,0.4137842655181885,0.03744520992040634,0.533203125,0.1980750411748886,0.0,0.13311372697353363,3.0803732872009277,5.377736568450928,0.18603184819221497,0.0,28.0,0.0,0.0,28.0,0.0,28.0,0.3210780620574951,0.18567383289337158,2.2971598307291665,0.25764485200246173,0.019596056391795475,-0.07799172401428223
123,1.0492024400000446,64.617472,2.25127911567688,0.4147442579269409,0.03174109384417534,0.5244140625,0.20021483302116394,0.0,0.1368774026632309,3.220832347869873,5.386767387390137,0.17497186362743378,0.0,26.0,0.0,0.0,26.0,0.0,26.0,0.3211267987887065,0.17944735288619995,2.2862548828125,0.2579118609428406,0.01963517690698306,-0.0779218077659607
124,1.0333317300001,64.617472,2.2866952419281006,0.41269049048423767,0.02977943792939186,0.51171875,0.20292064547538757,0.0,0.14888523519039154,3.353588819503784,5.201199054718018,0.20427179336547852,0.0,31.0,0.0,0.0,31.0,0.0,31.0,0.32022891441981,0.18688249588012695,2.2292073567708335,0.2566481828689575,0.019547985245784123,-0.07787162065505981
125,1.0630795449999368,64.617472,2.31187105178833,0.40683162212371826,0.027600077912211418,0.5029296875,0.2051921784877777,0.0,0.1568261682987213,3.413306713104248,4.835492134094238,0.18721026182174683,0.0,28.0,0.0,0.0,28.0,0.0,28.0,0.3193243741989136,0.18892890214920044,2.23681640625,0.25547248125076294,0.019436777879794438,-0.07782208919525146
126,1.1270232880001458,64.617472,2.3163936138153076,0.4026109576225281,0.023447077721357346,0.486328125,0.20553013682365417,0.0,0.16010743379592896,3.259458065032959,4.51943302154541,0.20986056327819824,0.0,46.0,0.0,0.0,46.0,0.0,46.0,0.3190649151802063,0.1855970025062561,2.2612711588541665,0.25573811928431195,0.019428675373395283,-0.07787775993347168
127,1.164129240999955,64.617472,2.305868148803711,0.40301117300987244,0.02147846296429634,0.4755859375,0.20496229827404022,0.0,0.15667639672756195,3.1578662395477295,4.296243190765381,0.21891073882579803,0.0,44.0,0.0,0.0,44.0,0.0,44.0,0.3188360929489136,0.1830485463142395,2.2996826171875,0.2560357650121053,0.019551005214452744,-0.07798171043395996
128,1.0539456120000068,64.617472,2.35680890083313,0.4011828899383545,0.0181706715375185,0.46484375,0.2102275937795639,0.0,0.15946397185325623,3.1404166221618652,4.184473991394043,0.19178923964500427,0.0,38.0,0.0,0.0,38.0,0.0,38.0,0.31842559576034546,0.18313324451446533,2.3323974609375,0.2558326721191406,0.019616782665252686,-0.07810384035110474
129,1.0811407620001319,64.617472,2.341163396835327,0.3985707461833954,0.016156654804944992,0.4423828125,0.20887391269207,0.0,0.15506841242313385,3.032644271850586,4.0682902336120605,0.2262997031211853,0.0,61.0,0.0,0.0,61.0,0.0,61.0,0.3188885450363159,0.18557792901992798,2.3646240234375,0.2559696435928345,0.019711279620726902,-0.0782245397567749
130,1.0955578340001466,64.617472,2.3175346851348877,0.39135462045669556,0.019708508625626564,0.427734375,0.20729641616344452,0.0,0.1528913527727127,2.919127941131592,3.8789443969726562,0.19293950498104095,0.0,36.0,0.0,0.0,36.0,0.0,36.0,0.3189324736595154,0.18861383199691772,2.4031168619791665,0.256428599357605,0.019729066640138626,-0.07827842235565186
131,1.0425390160000916,64.617472,2.2289836406707764,0.3925406336784363,0.014467906206846237,0.408203125,0.19873937964439392,0.0,0.14865067601203918,2.818218946456909,3.6416754722595215,0.21909967064857483,0.0,61.0,0.0,0.0,61.0,0.0,61.0,0.3189702033996582,0.18777042627334595,2.4249267578125,0.25637805461883545,0.019754725197951,-0.0783078670501709
132,1.0919741249999788,64.617472,2.143368721008301,0.39530354738235474,0.01730811782181263,0.396484375,0.19137829542160034,0.0,0.13813665509223938,2.678704023361206,3.3894925117492676,0.18383458256721497,0.0,46.0,0.0,0.0,46.0,0.0,46.0,0.31881097952524823,0.18693232536315918,2.4735107421875,0.2563893000284831,0.019911836832761765,-0.07832056283950806
133,1.0368667919999552,64.617472,2.0573668479919434,0.4062610864639282,0.015816237777471542,0.38671875,0.18320566415786743,0.0,0.1319604367017746,2.6046199798583984,3.2455997467041016,0.17737506330013275,0.0,44.0,0.0,0.0,44.0,0.0,44.0,0.3187599778175354,0.1858035922050476,2.5313720703125,0.25639935334523517,0.019886042922735214,-0.07811373472213745
134,1.0530764659999932,64.617472,1.9657944440841675,0.4068640470504761,0.010753851383924484,0.376953125,0.17506520450115204,0.0,0.12428488582372665,2.503455638885498,3.1510112285614014,0.1460854411125183,0.0,44.0,0.0,0.0,44.0,0.0,44.0,0.3190322319666545,0.18434524536132812,2.5599772135416665,0.25704065958658856,0.019905441751082737,-0.07806676626205444
135,1.0774357810000765,64.617472,1.8890336751937866,0.40992140769958496,0.010787979699671268,0.369140625,0.1680053472518921,0.0,0.12004785239696503,2.4477391242980957,3.0764575004577637,0.12387166917324066,0.0,31.0,0.0,0.0,31.0,0.0,31.0,0.3192764123280843,0.18423956632614136,2.5768636067708335,0.25776757796605426,0.01988132546345393,-0.0778658390045166
136,1.0739463120000892,64.617472,1.7985155582427979,0.42107832431793213,0.018123889341950417,0.359375,0.15898838639259338,0.0,0.11729144304990768,2.455430507659912,3.0078110694885254,0.14248928427696228,0.0,39.0,0.0,0.0,39.0,0.0,39.0,0.31902579466501874,0.1853005290031433,2.5851643880208335,0.2576718330383301,0.019801137348016102,-0.0776861310005188
137,1.0564473629999611,64.617472,1.714882254600525,0.43149223923683167,0.021609824150800705,0.3544921875,0.15067324042320251,0.0,0.11629994958639145,2.4542503356933594,2.9336891174316406,0.12512943148612976,0.0,29.0,0.0,0.0,29.0,0.0,29.0,0.3179083466529846,0.1896599531173706,2.5963948567708335,0.25708258152008057,0.019747608651717503,-0.07758772373199463
138,1.0569486100000631,64.617472,1.7142552137374878,0.4272117018699646,0.012169716879725456,0.34375,0.15031257271766663,0.0,0.11674785614013672,2.4384870529174805,2.909677028656006,0.14019010961055756,0.0,32.0,0.0,0.0,32.0,0.0,32.0,0.3167827328046163,0.19001725316047668,2.5909830729166665,0.2563320994377136,0.019658094892899197,-0.07804232835769653
139,1.0927293160000318,64.617472,1.7321308851242065,0.42639222741127014,0.014487220905721188,0.333984375,0.1515021026134491,0.0,0.1204596757888794,2.506580352783203,2.9302642345428467,0.16437822580337524,0.0,31.0,0.0,0.0,31.0,0.0,31.0,0.3163268566131592,0.190601646900177,2.5816243489583335,0.2560381491978963,0.01972123111287753,-0.07761591672897339
140,1.0720193779998226,64.617472,1.7491004467010498,0.42037057876586914,0.01594621315598488,0.326171875,0.15305817127227783,0.0,0.12085805833339691,2.540595531463623,2.9836859703063965,0.16950657963752747,0.0,38.0,0.0,0.0,38.0,0.0,38.0,0.31610063711802167,0.1909375786781311,2.5782470703125,0.2562267581621806,0.019789273540178936,-0.07793611288070679
141,1.1410463689999233,64.617472,1.7667425870895386,0.4105145335197449,0.018412724137306213,0.3212890625,0.15503814816474915,0.0,0.12100362032651901,2.5694210529327393,3.034602642059326,0.14439988136291504,0.0,27.0,0.0,0.0,27.0,0.0,27.0,0.3160524566968282,0.19447779655456543,2.6014811197916665,0.25633766253789264,0.019719262917836506,-0.07785207033157349
142,1.1068311159999666,64.617472,1.777222990989685,0.405997097492218,0.014860637485980988,0.31640625,0.1556142270565033,0.0,0.12524795532226562,2.6348369121551514,3.146466016769409,0.1550000160932541,0.0,36.0,0.0,0.0,36.0,0.0,36.0,0.3159775137901306,0.18948161602020264,2.6028238932291665,0.25644256671269733,0.019550451387961704,-0.07783830165863037
143,1.1191813890000049,64.617472,1.8221123218536377,0.39194685220718384,0.013347548432648182,0.3095703125,0.16020503640174866,0.0,0.1263226568698883,2.65486478805542,3.2379159927368164,0.1430167555809021,0.0,28.0,0.0,0.0,28.0,0.0,28.0,0.31634438037872314,0.18257147073745728,2.5777994791666665,0.2568697730700175,0.019559554755687714,-0.07781326770782471
144,1.127522203000126,64.617472,1.9314936399459839,0.374104380607605,0.015016592107713223,0.30078125,0.17113766074180603,0.0,0.12544845044612885,2.5723206996917725,3.2996788024902344,0.14833316206932068,0.0,44.0,0.0,0.0,44.0,0.0,44.0,0.3168917695681254,0.1824359893798828,2.5608723958333335,0.2577383915583293,0.019532347718874615,-0.07787919044494629
145,1.100303176999887,64.617472,1.944943904876709,0.37014248967170715,0.0174868181347847,0.2890625,0.17250248789787292,0.0,0.12329047918319702,2.5341453552246094,3.3207099437713623,0.15530474483966827,0.0,37.0,0.0,0.0,37.0,0.0,37.0,0.3174808422724406,0.1828264594078064,2.5685628255208335,0.25786062081654865,0.019511669874191284,-0.0777626633644104
146,1.1525236330001007,64.617472,1.9402990341186523,0.36742353439331055,0.009973983280360699,0.28125,0.17257890105247498,0.0,0.11866426467895508,2.436598539352417,3.371420383453369,0.15676957368850708,0.0,37.0,0.0,0.0,37.0,0.0,37.0,0.3180612524350484,0.1834980845451355,2.5925699869791665,0.25804150104522705,0.019516130288441975,-0.07771968841552734
147,1.089003041000069,64.617472,1.9594589471817017,0.36105749011039734,0.025358155369758606,0.2744140625,0.17455145716667175,0.0,0.11610589921474457,2.380457878112793,3.4311327934265137,0.17285224795341492,0.0,31.0,0.0,0.0,31.0,0.0,31.0,0.3183395465215047,0.18412548303604126,2.617431640625,0.25825774669647217,0.019552618265151978,-0.07894539833068848
148,1.0996867119999933,64.617472,1.9727452993392944,0.3577535152435303,0.011301740072667599,0.2666015625,0.17615258693695068,0.0,0.11619305610656738,2.2981910705566406,3.5581111907958984,0.1547977328300476,0.0,30.0,0.0,0.0,30.0,0.0,30.0,0.3188968300819397,0.18604600429534912,2.6138916015625,0.2586856683095296,0.019672146687904995,-0.07875806093215942
149,1.1347367099999701,64.617472,1.9358093738555908,0.3643720746040344,0.00864001177251339,0.2607421875,0.17256776988506317,0.0,0.11489379405975342,2.192676067352295,3.6743736267089844,0.15654222667217255,0.0,26.0,0.0,0.0,26.0,0.0,26.0,0.31937044858932495,0.18952959775924683,2.6118570963541665,0.2597523331642151,0.019657562176386516,-0.07807636260986328
150,1.1349839760000577,64.617472,1.9261525869369507,0.37163448333740234,0.012087251991033554,0.2548828125,0.1712876260280609,0.0,0.11873521655797958,2.141653060913086,3.799457311630249,0.16403767466545105,0.0,22.0,0.0,0.0,22.0,0.0,22.0,0.3196823199590047,0.18425267934799194,2.5862630208333335,0.2600790659586589,0.01958963026603063,-0.07830321788787842
151,1.0709540880000077,64.617472,1.9244959354400635,0.37884974479675293,0.010882414877414703,0.2470703125,0.17098268866539001,0.0,0.1202554926276207,2.1100738048553467,3.9061198234558105,0.15234887599945068,0.0,24.0,0.0,0.0,24.0,0.0,24.0,0.3198769887288411,0.1841803789138794,2.5663248697916665,0.26036179065704346,0.019660107791423798,-0.07915061712265015
152,1.0853627930000584,64.617472,1.9190657138824463,0.38011616468429565,0.012506900355219841,0.2412109375,0.17013190686702728,0.0,0.12259187549352646,2.1301186084747314,3.9817092418670654,0.16939610242843628,0.0,24.0,0.0,0.0,24.0,0.0,24.0,0.3193851312001546,0.1854056715965271,2.5720621744791665,0.26036129395167035,0.019596409052610397,-0.07913017272949219
153,1.0412843910000902,64.617472,1.989750862121582,0.37622660398483276,0.012836193665862083,0.232421875,0.1770203709602356,0.0,0.12239918112754822,2.123046636581421,4.051877498626709,0.17502811551094055,0.0,29.0,0.0,0.0,29.0,0.0,29.0,0.31924160321553546,0.18825793266296387,2.5834554036458335,0.26031704743703205,0.019753688325484593,-0.07833993434906006
154,1.1092425130000265,64.617472,1.9788044691085815,0.3800552785396576,0.010996583849191666,0.2275390625,0.17600128054618835,0.0,0.12061961740255356,2.1422946453094482,4.070859909057617,0.16365543007850647,0.0,27.0,0.0,0.0,27.0,0.0,27.0,0.31917238235473633,0.1935175061225891,2.58642578125,0.2604799469312032,0.019879067937533062,-0.07820743322372437
155,1.0989635119999548,64.617472,1.9665741920471191,0.38937944173812866,0.012879428453743458,0.220703125,0.17450349032878876,0.0,0.1176668256521225,2.1322550773620605,4.110151767730713,0.20199063420295715,0.0,32.0,0.0,0.0,32.0,0.0,32.0,0.3193294207255046,0.20092123746871948,2.5911051432291665,0.2607172727584839,0.019830629229545593,-0.0780329704284668
156,1.1069374770002014,64.617472,1.9190088510513306,0.39641273021698,0.01303036604076624,0.2119140625,0.17041924595832825,0.0,0.1122715175151825,2.099642515182495,4.094256401062012,0.16059967875480652,0.0,29.0,0.0,0.0,29.0,0.0,29.0,0.3195708394050598,0.20490753650665283,2.593994140625,0.2612058122952779,0.019852946201960247,-0.07799607515335083
157,1.1792705000000296,64.617472,1.899821400642395,0.3977333903312683,0.012237554416060448,0.20703125,0.1685720533132553,0.0,0.11011719703674316,2.0787153244018555,4.083869457244873,0.1673663854598999,0.0,23.0,0.0,0.0,23.0,0.0,23.0,0.31948526700337726,0.20225289463996887,2.5856526692708335,0.26091347138086957,0.019768717388312023,-0.07786202430725098
158,1.163893200000075,64.617472,1.879150390625,0.4020184874534607,0.010176273062825203,0.2021484375,0.16658049821853638,0.0,0.10827618837356567,2.0732791423797607,4.017078399658203,0.17166493833065033,0.0,24.0,0.0,0.0,24.0,0.0,24.0,0.31903127829233807,0.19802165031433105,2.5833740234375,0.2603071133295695,0.019791973133881886,-0.07780194282531738
159,1.1211190149999766,64.617472,1.835569143295288,0.41002124547958374,0.009028938598930836,0.1982421875,0.16231514513492584,0.0,0.10457226634025574,2.112119674682617,3.915788173675537,0.17985239624977112,0.0,28.0,0.0,0.0,28.0,0.0,28.0,0.31852734088897705,0.19492107629776,2.5959065755208335,0.25973602135976154,0.01970513289173444,-0.07786327600479126
160,1.1102351819999967,64.617472,1.816428542137146,0.41258782148361206,0.014012130908668041,0.1962890625,0.16068768501281738,0.0,0.10040595382452011,2.143768072128296,3.8512682914733887,0.18562845885753632,0.0,28.0,0.0,0.0,28.0,0.0,28.0,0.31826623280843097,0.19487863779067993,2.6212972005208335,0.25917381048202515,0.019775824000438053,-0.07830429077148438
161,1.0971496659999502,64.617472,1.7858567237854004,0.41694051027297974,0.015852227807044983,0.19140625,0.15812835097312927,0.0,0.09631526470184326,2.2428524494171143,3.85349440574646,0.1437399536371231,0.0,21.0,0.0,0.0,21.0,0.0,21.0,0.3183233340581258,0.19605612754821777,2.6290690104166665,0.2592850923538208,0.019909966737031937,-0.07822322845458984
162,1.0575073380000504,64.617472,1.8029969930648804,0.41733619570732117,0.015581103973090649,0.1865234375,0.1592041254043579,0.0,0.09885396808385849,2.3476271629333496,3.98834490776062,0.16588148474693298,0.0,21.0,0.0,0.0,21.0,0.0,21.0,0.3177970051765442,0.19879359006881714,2.605712890625,0.25884642203648883,0.01984870930512746,-0.07810038328170776
163,1.010148751000088,64.617472,1.8086029291152954,0.42338231205940247,0.019854914397001266,0.1845703125,0.1594529151916504,0.0,0.10093651711940765,2.468776226043701,4.047449111938477,0.17328493297100067,0.0,21.0,0.0,0.0,21.0,0.0,21.0,0.31722813844680786,0.19631138443946838,2.57861328125,0.2588008642196655,0.01994737982749939,-0.0780324935913086
164,1.088144980000152,64.617472,1.7935500144958496,0.43106210231781006,0.010727551765739918,0.1806640625,0.1577594131231308,0.0,0.10107730329036713,2.57831072807312,4.064167499542236,0.16160297393798828,0.0,22.0,0.0,0.0,22.0,0.0,22.0,0.316716472307841,0.19353026151657104,2.5764973958333335,0.258070449034373,0.020068436861038208,-0.07795929908752441
165,1.1772395719999622,64.617472,1.7952613830566406,0.43408477306365967,0.011729160323739052,0.1787109375,0.15740269422531128,0.0,0.10487151145935059,2.6131551265716553,4.032275676727295,0.17314641177654266,0.0,20.0,0.0,0.0,20.0,0.0,20.0,0.3157574534416199,0.18887102603912354,2.5801188151041665,0.2569732467333476,0.020018866906563442,-0.07817292213439941
166,1.0436265229998298,64.617472,1.861165165901184,0.43494194746017456,0.016290968284010887,0.1787109375,0.16332827508449554,0.0,0.11549993604421616,2.6842200756073,4.031804084777832,0.161253422498703,0.0,16.0,0.0,0.0,16.0,0.0,16.0,0.3146577874819438,0.18869858980178833,2.5390625,0.2556687394777934,0.01993059366941452,-0.07808190584182739
167,1.0578015240000695,64.617472,1.9229003190994263,0.4284260869026184,0.013833535835146904,0.1728515625,0.16867303848266602,0.0,0.12342282384634018,2.795877456665039,4.0841193199157715,0.17520253360271454,0.0,23.0,0.0,0.0,23.0,0.0,23.0,0.31363431612650555,0.18944206833839417,2.5153401692708335,0.2549339334170024,0.019926487157742184,-0.07795941829681396
168,1.0336430810000365,64.617472,1.9864239692687988,0.4210115671157837,0.01546940952539444,0.171875,0.17417185008525848,0.0,0.13058415055274963,2.8900890350341797,4.1729044914245605,0.20036852359771729,0.0,24.0,0.0,0.0,24.0,0.0,24.0,0.31322842836380005,0.18993830680847168,2.4829915364583335,0.2544455329577128,0.019825976341962814,-0.0780227780342102
169,1.2233115160001944,64.617472,2.0375494956970215,0.4210040867328644,0.016173582524061203,0.16796875,0.17827823758125305,0.0,0.13997170329093933,3.0741233825683594,4.183509349822998,0.210945725440979,0.0,28.0,0.0,0.0,28.0,0.0,28.0,0.312535027662913,0.1908433437347412,2.4521484375,0.2536538441975911,0.019866985579331715,-0.07813197374343872
170,1.1600148630000149,64.617472,2.1088876724243164,0.414898544549942,0.014274511486291885,0.1650390625,0.18475650250911713,0.0,0.14997297525405884,3.1877028942108154,4.1658830642700195,0.21058639883995056,0.0,21.0,0.0,0.0,21.0,0.0,21.0,0.31204022963841754,0.19661015272140503,2.4229736328125,0.25309252738952637,0.01994732270638148,-0.07814770936965942
171,1.1447635060001176,64.617472,2.178312301635742,0.4068068265914917,0.014694992452859879,0.16015625,0.19059449434280396,0.0,0.16413362324237823,3.305569648742676,4.180550575256348,0.23565971851348877,0.0,40.0,0.0,0.0,40.0,0.0,40.0,0.31132030487060547,0.1986721158027649,2.3943684895833335,0.251970112323761,0.01980593552192052,-0.07835042476654053
172,1.1430174040001475,64.617472,2.219305992126465,0.3978794813156128,0.010544939897954464,0.158203125,0.1941172331571579,0.0,0.16789333522319794,3.2440848350524902,4.141638278961182,0.27753591537475586,0.0,44.0,0.0,0.0,44.0,0.0,44.0,0.31120628118515015,0.19562122225761414,2.3951822916666665,0.25201435883839923,0.0197796697417895,-0.07828390598297119
173,1.1367905699999028,64.617472,2.2348814010620117,0.3947163224220276,0.013311833143234253,0.15625,0.19612610340118408,0.0,0.1706804484128952,3.2038979530334473,4.059665203094482,0.22154617309570312,0.0,38.0,0.0,0.0,38.0,0.0,38.0,0.31072070201237995,0.19435334205627441,2.4176432291666665,0.25212734937667847,0.01972845320900281,-0.07822781801223755
174,1.1554235789999439,64.617472,2.3238205909729004,0.37612056732177734,0.0142834996804595,0.1533203125,0.2042153924703598,0.0,0.17935042083263397,3.2685763835906982,3.997758388519287,0.25979673862457275,0.0,35.0,0.0,0.0,35.0,0.0,35.0,0.31084903081258136,0.1943517029285431,2.3725179036458335,0.2520945469538371,0.019866881271203358,-0.07819664478302002
175,1.1464351879999413,64.617472,2.3442704677581787,0.35906392335891724,0.012444596737623215,0.150390625,0.20603381097316742,0.0,0.1861211061477661,3.2391490936279297,4.0383100509643555,0.2634805142879486,0.0,42.0,0.0,0.0,42.0,0.0,42.0,0.3115572730700175,0.19350063800811768,2.352294921875,0.2528719703356425,0.020074357589085896,-0.0781700611114502
176,1.116789056000016,64.617472,2.2929491996765137,0.35711660981178284,0.010229703038930893,0.14453125,0.20108215510845184,0.0,0.1909077763557434,3.1281518936157227,4.068812847137451,0.24704113602638245,0.0,42.0,0.0,0.0,42.0,0.0,42.0,0.3120313088099162,0.18825161457061768,2.365234375,0.25372930367787677,0.020230660835901897,-0.07816880941390991
177,1.1086068820000037,64.617472,2.2798049449920654,0.35394060611724854,0.009894154034554958,0.1396484375,0.19978229701519012,0.0,0.19311419129371643,2.949329376220703,4.052600383758545,0.268435537815094,0.0,47.0,0.0,0.0,47.0,0.0,47.0,0.31235969066619873,0.18823182582855225,2.37353515625,0.2551622192064921,0.020232589294513065,-0.07821542024612427
178,1.086457639999935,64.617472,2.239844560623169,0.35465264320373535,0.010938170365989208,0.134765625,0.19638508558273315,0.0,0.18923942744731903,2.677868604660034,3.9533534049987793,0.2695346772670746,0.0,59.0,0.0,0.0,59.0,0.0,59.0,0.31284453471501666,0.1897476315498352,2.3928629557291665,0.2563094695409139,0.020140485217173893,-0.07826733589172363
179,1.0818567919998259,64.617472,2.1238582134246826,0.35654735565185547,0.008745867758989334,0.125,0.18629038333892822,0.0,0.17337040603160858,2.4365575313568115,3.802133560180664,0.2562384605407715,0.0,62.0,0.0,0.0,62.0,0.0,62.0,0.3146405816078186,0.19145727157592773,2.450439453125,0.25865787267684937,0.020166953404744465,-0.0783613920211792
180,1.0892329989999325,64.617472,1.9687039852142334,0.36480510234832764,0.007438094820827246,0.123046875,0.17259609699249268,0.0,0.15735962986946106,2.301826000213623,3.6680514812469482,0.22116947174072266,0.0,51.0,0.0,0.0,51.0,0.0,51.0,0.3167759378751119,0.1931179165840149,2.5200602213541665,0.26146896680196124,0.02037658542394638,-0.07846665382385254
181,1.0862301959998604,64.617472,1.8824821710586548,0.37817662954330444,0.011745003052055836,0.1201171875,0.16513857245445251,0.0,0.14964956045150757,2.308572292327881,3.541982412338257,0.1940472573041916,0.0,36.0,0.0,0.0,36.0,0.0,36.0,0.31792577107747394,0.19286948442459106,2.5680338541666665,0.2625967860221863,0.020509033153454464,-0.07854551076889038
182,1.1297590560000117,64.617472,1.8218259811401367,0.3874015808105469,0.008652642369270325,0.1171875,0.15952788293361664,0.0,0.14295977354049683,2.2274270057678223,3.4949216842651367,0.20711247622966766,0.0,55.0,0.0,0.0,55.0,0.0,55.0,0.3189591368039449,0.1931835412979126,2.5946044921875,0.263688325881958,0.020416585107644398,-0.07845669984817505
183,1.1530488339999465,64.617472,1.6917330026626587,0.3980528712272644,0.008823500946164131,0.115234375,0.14803606271743774,0.0,0.12734408676624298,2.0927443504333496,3.4020862579345703,0.17905831336975098,0.0,47.0,0.0,0.0,47.0,0.0,47.0,0.3203829526901245,0.19581842422485352,2.638916015625,0.2653827667236328,0.020470812916755676,-0.07860243320465088
184,1.2129728649999834,64.617472,1.5877230167388916,0.4086187481880188,0.009185564704239368,0.111328125,0.1389455497264862,0.0,0.11075223982334137,1.9521564245224,3.3191394805908203,0.16641294956207275,0.0,44.0,0.0,0.0,44.0,0.0,44.0,0.32158313194910687,0.19683632254600525,2.6958821614583335,0.2664535840352376,0.020466556151707966,-0.07853871583938599
185,1.155841234000036,64.617472,1.5067553520202637,0.4209904670715332,0.01073997002094984,0.1083984375,0.13130351901054382,0.0,0.10602670907974243,1.9932811260223389,3.2006824016571045,0.14333495497703552,0.0,26.0,0.0,0.0,26.0,0.0,26.0,0.3214258352915446,0.20064395666122437,2.7435302734375,0.2662852605183919,0.02049415558576584,-0.07830929756164551
186,1.1140347870000369,64.617472,1.490454077720642,0.4292994737625122,0.009099467657506466,0.10546875,0.1298743188381195,0.0,0.10139621794223785,1.9610776901245117,3.1044368743896484,0.14317570626735687,0.0,31.0,0.0,0.0,31.0,0.0,31.0,0.32127952575683594,0.19809678196907043,2.752197265625,0.2663702766100566,0.02052104224761327,-0.07813555002212524
187,1.1179071720000593,64.617472,1.4869402647018433,0.43472176790237427,0.009678036905825138,0.1005859375,0.1300189346075058,0.0,0.09687411785125732,1.9563044309616089,3.0455780029296875,0.12248168885707855,0.0,27.0,0.0,0.0,27.0,0.0,27.0,0.32099578777949017,0.19897350668907166,2.752197265625,0.2665286461512248,0.0205577053129673,-0.07812243700027466
188,1.0584507599999142,64.617472,1.491666555404663,0.4377475082874298,0.01432832982391119,0.099609375,0.13041986525058746,0.0,0.09477773308753967,2.0286977291107178,3.0533742904663086,0.12829503417015076,0.0,20.0,0.0,0.0,20.0,0.0,20.0,0.3204067548116048,0.19902420043945312,2.7792561848958335,0.2659410238265991,0.02055758113662402,-0.07821476459503174
189,1.0497384180000608,64.617472,1.5397381782531738,0.43417614698410034,0.015028456225991249,0.0986328125,0.1350439190864563,0.0,0.09481272101402283,1.9743226766586304,3.1935558319091797,0.13154509663581848,0.0,24.0,0.0,0.0,24.0,0.0,24.0,0.32010940710703534,0.19905894994735718,2.784423828125,0.2655948996543884,0.020408252875010174,-0.07830780744552612
190,1.0224970740000572,64.617472,1.532522201538086,0.4374479353427887,0.013785453513264656,0.09765625,0.13427147269248962,0.0,0.0968879908323288,1.90679931640625,3.326131820678711,0.11605026572942734,0.0,19.0,0.0,0.0,19.0,0.0,19.0,0.32034917672475177,0.19201165437698364,2.7742919921875,0.26570945978164673,0.02031826103727023,-0.07836514711380005
191,1.0169291560000602,64.617472,1.5604381561279297,0.4304092824459076,0.015637248754501343,0.095703125,0.13725252449512482,0.0,0.09495808929204941,1.8043873310089111,3.369800090789795,0.1280137300491333,0.0,24.0,0.0,0.0,24.0,0.0,24.0,0.3205050826072693,0.19085395336151123,2.7537027994791665,0.2661237915356954,0.02018825461467107,-0.07836318016052246
192,1.0085868880000817,64.617472,1.5582458972930908,0.4278833270072937,0.01169788371771574,0.095703125,0.13702914118766785,0.0,0.09520421922206879,1.7952404022216797,3.3492207527160645,0.1315631866455078,0.0,18.0,0.0,0.0,18.0,0.0,18.0,0.3202524383862813,0.1879928708076477,2.7347005208333335,0.26599278052647907,0.020072337239980698,-0.07822299003601074
193,1.0379246479999438,64.617472,1.5913184881210327,0.4261544942855835,0.009732292965054512,0.0927734375,0.14040756225585938,0.0,0.09314195811748505,1.7752403020858765,3.374739646911621,0.125408336520195,0.0,29.0,0.0,0.0,29.0,0.0,29.0,0.31996095180511475,0.1866375207901001,2.7491048177083335,0.2660286823908488,0.020277796934048336,-0.07806926965713501
194,1.0686023890000342,64.617472,1.5833994150161743,0.42553550004959106,0.012023470364511013,0.091796875,0.14001405239105225,0.0,0.08773772418498993,1.7144702672958374,3.3612308502197266,0.12307433784008026,0.0,23.0,0.0,0.0,23.0,0.0,23.0,0.32003464301427204,0.18677747249603271,2.7379557291666665,0.26625265677769977,0.02035665015379588,-0.07798469066619873
195,1.0591876700000284,64.617472,1.5729453563690186,0.4267376959323883,0.012334682047367096,0.08984375,0.13904593884944916,0.0,0.088785320520401,1.7019124031066895,3.4140543937683105,0.10814112424850464,0.0,14.0,0.0,0.0,14.0,0.0,14.0,0.3199337124824524,0.18978315591812134,2.729248046875,0.2662115693092346,0.020418864985307057,-0.0779004693031311
196,1.1645229150001342,64.617472,1.5864760875701904,0.4252030849456787,0.027052899822592735,0.0888671875,0.139834463596344,0.0,0.09423200786113739,1.7633693218231201,3.4652185440063477,0.12234427779912949,0.0,16.0,0.0,0.0,16.0,0.0,16.0,0.3196844657262166,0.19587355852127075,2.6890869140625,0.2660505970319112,0.020461510866880417,-0.07787352800369263
197,1.1017357900000206,64.617472,1.6316916942596436,0.4168165922164917,0.02373030036687851,0.0859375,0.14393025636672974,0.0,0.09725043177604675,1.8383187055587769,3.510016918182373,0.1322377622127533,0.0,19.0,0.0,0.0,19.0,0.0,19.0,0.31947827339172363,0.19676601886749268,2.676025390625,0.2659567395846049,0.02046472206711769,-0.07823026180267334
198,1.0807949620000272,64.617472,1.6642671823501587,0.4072627127170563,0.017887739464640617,0.0849609375,0.14762428402900696,0.0,0.09560243785381317,1.8195232152938843,3.5175836086273193,0.1082405298948288,0.0,13.0,0.0,0.0,13.0,0.0,13.0,0.3202839692433675,0.20220407843589783,2.688232421875,0.26648284991582233,0.020502937336762745,-0.07803648710250854
199,1.0825310909999644,64.617472,1.664050817489624,0.41142693161964417,0.021932566538453102,0.0849609375,0.1469329297542572,0.0,0.09945157170295715,1.8631324768066406,3.5366392135620117,0.13694354891777039,0.0,21.0,0.0,0.0,21.0,0.0,21.0,0.32080078125,0.20685815811157227,2.6931966145833335,0.26654158035914105,0.020480234175920486,-0.07802951335906982
200,1.0712813249999726,64.617472,1.682499885559082,0.4066259264945984,0.013550538569688797,0.083984375,0.1493532955646515,0.0,0.09300875663757324,1.8196048736572266,3.5616602897644043,0.1301119178533554,0.0,25.0,0.0,0.0,25.0,0.0,25.0,0.3221014340718587,0.20982027053833008,2.6812337239583335,0.2676432132720947,0.020401363571484882,-0.07813674211502075
201,1.0606373400000848,64.617472,1.6438806056976318,0.4109920263290405,0.029448801651597023,0.0830078125,0.14536727964878082,0.0,0.09297005832195282,1.8565278053283691,3.5908517837524414,0.1339625120162964,0.0,16.0,0.0,0.0,16.0,0.0,16.0,0.3224964141845703,0.20774057507514954,2.6721598307291665,0.2681559721628825,0.020393577714761097,-0.07791906595230103
202,1.0441499179999028,64.617472,1.6088345050811768,0.41434261202812195,0.01414143480360508,0.08203125,0.14166992902755737,0.0,0.09267934411764145,1.8713996410369873,3.702582836151123,0.13451674580574036,0.0,16.0,0.0,0.0,16.0,0.0,16.0,0.3219841718673706,0.19791972637176514,2.679931640625,0.2680187424023946,0.02030279114842415,-0.0779271125793457
203,1.0208136090000153,64.617472,1.6564728021621704,0.40974974632263184,0.020812883973121643,0.0810546875,0.14617499709129333,0.0,0.0955931544303894,1.8761494159698486,3.8579859733581543,0.12065872550010681,0.0,15.0,0.0,0.0,15.0,0.0,15.0,0.32152636845906574,0.1933872103691101,2.6579182942708335,0.26757532358169556,0.020210328201452892,-0.07733374834060669
204,1.0322095459998764,64.617472,1.6820491552352905,0.40680035948753357,0.021367257460951805,0.0810546875,0.14824669063091278,0.0,0.10006865113973618,1.9431865215301514,3.910541296005249,0.14441990852355957,0.0,17.0,0.0,0.0,17.0,0.0,17.0,0.320823609828949,0.19339531660079956,2.6284586588541665,0.2669686476389567,0.02007858206828435,-0.07813835144042969
205,1.0316458190000048,64.617472,1.7076650857925415,0.40019556879997253,0.026555759832262993,0.0791015625,0.15076836943626404,0.0,0.10177305340766907,1.97273850440979,3.9041450023651123,0.14286088943481445,0.0,17.0,0.0,0.0,17.0,0.0,17.0,0.3202348550160726,0.19529908895492554,2.6360270182291665,0.26666510105133057,0.020080171525478363,-0.07797718048095703
206,1.0378864100000555,64.617472,1.7158633470535278,0.3950919210910797,0.019749311730265617,0.0791015625,0.15133695304393768,0.0,0.1023588627576828,1.9616248607635498,4.000500202178955,0.15267816185951233,0.0,22.0,0.0,0.0,22.0,0.0,22.0,0.3202169934908549,0.19840842485427856,2.6260172526041665,0.26645030577977497,0.020057782530784607,-0.07788693904876709
207,1.0485874999999396,64.617472,1.6937450170516968,0.3943922221660614,0.02129978872835636,0.076171875,0.14911583065986633,0.0,0.10261820256710052,1.9541394710540771,4.075840950012207,0.14677385985851288,0.0,22.0,0.0,0.0,22.0,0.0,22.0,0.3204039732615153,0.2024937868118286,2.6003824869791665,0.26666555802027386,0.02004178861776988,-0.07838356494903564
208,1.144597800999918,64.617472,1.667890191078186,0.397497296333313,0.024942973628640175,0.076171875,0.14623869955539703,0.0,0.1039535254240036,2.006256580352783,4.174735069274902,0.15183836221694946,0.0,19.0,0.0,0.0,19.0,0.0,19.0,0.320231835047404,0.19355672597885132,2.5933024088541665,0.26681264241536456,0.02014115701119105,-0.0790562629699707
209,1.1584302339999795,64.617472,1.6594364643096924,0.39900749921798706,0.021078817546367645,0.0751953125,0.14462286233901978,0.0,0.10740744322538376,2.1166982650756836,4.304958343505859,0.17218057811260223,0.0,21.0,0.0,0.0,21.0,0.0,21.0,0.3196140726407369,0.19438093900680542,2.5798746744791665,0.26632775863011676,0.020108928283055622,-0.07904034852981567
210,1.1039562599999044,64.617472,1.659805178642273,0.3942488729953766,0.024251170456409454,0.07421875,0.1445169895887375,0.0,0.10801909863948822,2.172245502471924,4.4007086753845215,0.16932788491249084,0.0,19.0,0.0,0.0,19.0,0.0,19.0,0.31922409931818646,0.20052963495254517,2.5709635416666665,0.2664659221967061,0.020216894646485645,-0.07757693529129028
211,1.104199011999981,64.617472,1.6358661651611328,0.3939036428928375,0.020666973665356636,0.0732421875,0.1421467363834381,0.0,0.11207835376262665,2.2038142681121826,4.2842326164245605,0.1648949682712555,0.0,18.0,0.0,0.0,18.0,0.0,18.0,0.3189537525177002,0.20095938444137573,2.5713297526041665,0.26620352268218994,0.020251364757617314,-0.07819139957427979
212,1.0996605829998316,64.617472,1.659505009651184,0.38946080207824707,0.03725862130522728,0.0732421875,0.14380338788032532,0.0,0.11900091171264648,2.2990105152130127,4.264107704162598,0.18312935531139374,0.0,16.0,0.0,0.0,16.0,0.0,16.0,0.318538765112559,0.2016560435295105,2.5431315104166665,0.26600581407546997,0.02028380086024602,-0.07808822393417358
213,1.1275711440000578,64.617472,1.6736505031585693,0.38850587606430054,0.03108850121498108,0.072265625,0.14479398727416992,0.0,0.1228247731924057,2.3617300987243652,4.29010009765625,0.19896438717842102,0.0,28.0,0.0,0.0,28.0,0.0,28.0,0.3189100424448649,0.19641536474227905,2.5286865234375,0.26647226015726727,0.020286915202935536,-0.07797282934188843
214,1.0852497359999234,64.617472,1.736249566078186,0.38232603669166565,0.031013747677206993,0.072265625,0.15128901600837708,0.0,0.12292277812957764,2.303377628326416,4.3503570556640625,0.18363109230995178,0.0,23.0,0.0,0.0,23.0,0.0,23.0,0.3196357885996501,0.19640523195266724,2.5223388671875,0.2671804030736287,0.020275898277759552,-0.07790035009384155
215,1.091750336999894,64.617472,1.7619725465774536,0.37847447395324707,0.02957138977944851,0.072265625,0.15303008258342743,0.0,0.13064360618591309,2.268280506134033,4.401610851287842,0.2142445296049118,0.0,25.0,0.0,0.0,25.0,0.0,25.0,0.31979366143544513,0.19343310594558716,2.4961344401041665,0.26717281341552734,0.020126843204100926,-0.07799363136291504
216,1.0578739579998455,64.617472,1.7525705099105835,0.37696361541748047,0.025550665333867073,0.0712890625,0.15264233946800232,0.0,0.12728063762187958,2.1316075325012207,4.407428741455078,0.20527434349060059,0.0,31.0,0.0,0.0,31.0,0.0,31.0,0.3204857110977173,0.19238591194152832,2.4949137369791665,0.26825831333796185,0.02023214101791382,-0.07799875736236572
217,1.060098810999989,64.617472,1.723318338394165,0.3787406384944916,0.019136864691972733,0.0712890625,0.1495290994644165,0.0,0.12832111120224,2.174074172973633,4.246440410614014,0.23289690911769867,0.0,28.0,0.0,0.0,28.0,0.0,28.0,0.3205435872077942,0.19292312860488892,2.4768880208333335,0.2687415877978007,0.020127400755882263,-0.07796138525009155
218,1.0859218279999823,64.617472,1.7159920930862427,0.3799302577972412,0.022711191326379776,0.0703125,0.1490464061498642,0.0,0.12750586867332458,2.210318088531494,4.0491766929626465,0.23100587725639343,0.0,31.0,0.0,0.0,31.0,0.0,31.0,0.32069780429204303,0.18901805579662323,2.5269775390625,0.2689095139503479,0.020218301564455032,-0.0779145359992981
219,1.10533433899991,64.617472,1.7036583423614502,0.37739965319633484,0.033537499606609344,0.0703125,0.14788034558296204,0.0,0.12895271182060242,2.1732938289642334,3.949911117553711,0.22807693481445312,0.0,28.0,0.0,0.0,28.0,0.0,28.0,0.32076762119929,0.18862716853618622,2.5521240234375,0.26899947722752887,0.02032207449277242,-0.07788163423538208
220,1.0245610550000492,64.617472,1.7620218992233276,0.3675271272659302,0.026374930515885353,0.0703125,0.1541147530078888,0.0,0.1268349587917328,2.0035929679870605,3.944326400756836,0.22717514634132385,0.0,29.0,0.0,0.0,29.0,0.0,29.0,0.32139015197753906,0.19383978843688965,2.554931640625,0.2694901426633199,0.020299645761648815,-0.07795119285583496
221,1.0606334659998993,64.617472,1.7568955421447754,0.3641257882118225,0.02585439570248127,0.0693359375,0.1538601517677307,0.0,0.1242062896490097,1.9352843761444092,3.970738172531128,0.22016768157482147,0.0,36.0,0.0,0.0,36.0,0.0,36.0,0.3222498297691345,0.19284576177597046,2.5585530598958335,0.2702578902244568,0.020377819736798603,-0.07801377773284912
222,1.073800565999818,64.617472,1.7053340673446655,0.36488670110702515,0.01831655018031597,0.068359375,0.14954577386379242,0.0,0.11574652045965195,1.8319991827011108,3.9675955772399902,0.20813553035259247,0.0,35.0,0.0,0.0,35.0,0.0,35.0,0.3230401873588562,0.19222894310951233,2.5825602213541665,0.27111109097798664,0.020426198840141296,-0.07792067527770996
223,1.0796366700001272,64.617472,1.6119849681854248,0.377424031496048,0.020892666652798653,0.068359375,0.1407141089439392,0.0,0.11081384867429733,1.7620398998260498,3.8124136924743652,0.2031026929616928,0.0,28.0,0.0,0.0,28.0,0.0,28.0,0.32324812809626263,0.19180652499198914,2.6031901041666665,0.2711527744928996,0.020333896080652874,-0.07771682739257812
224,1.121741381999982,64.617472,1.5338956117630005,0.38988757133483887,0.014750989153981209,0.068359375,0.13363349437713623,0.0,0.10147921741008759,1.654396414756775,3.638731002807617,0.206022709608078,0.0,37.0,0.0,0.0,37.0,0.0,37.0,0.32294245560963947,0.19264709949493408,2.6368001302083335,0.27085282405217487,0.020321980118751526,-0.07819867134094238
225,1.0981376170000203,64.617472,1.4608490467071533,0.4002131521701813,0.01856904663145542,0.06640625,0.12724736332893372,0.0,0.09189026057720184,1.577958106994629,3.5616488456726074,0.17745213210582733,0.0,22.0,0.0,0.0,22.0,0.0,22.0,0.3228307366371155,0.1941603720188141,2.6775309244791665,0.27075310548146564,0.02034476896127065,-0.07815080881118774
226,1.1313370450000093,64.617472,1.4218705892562866,0.4039759039878845,0.023802977055311203,0.064453125,0.1235889121890068,0.0,0.08812310546636581,1.5690767765045166,3.5914103984832764,0.17141489684581757,0.0,17.0,0.0,0.0,17.0,0.0,17.0,0.32224031289418537,0.1945512294769287,2.6746826171875,0.27063389619191486,0.020342654238144558,-0.07806545495986938
227,1.232496183000194,64.617472,1.443739652633667,0.408024400472641,0.026388395577669144,0.064453125,0.12564754486083984,0.0,0.08795399963855743,1.6055330038070679,3.7265682220458984,0.16989189386367798,0.0,18.0,0.0,0.0,18.0,0.0,18.0,0.32172711690266925,0.19619721174240112,2.6808675130208335,0.27001527945200604,0.02038414776325226,-0.07812625169754028
228,1.1307474879999972,64.617472,1.4532818794250488,0.41158729791641235,0.028608061373233795,0.0634765625,0.12631160020828247,0.0,0.08780156821012497,1.617465853691101,3.814502239227295,0.1772163361310959,0.0,19.0,0.0,0.0,19.0,0.0,19.0,0.3213606874148051,0.2012547254562378,2.6734212239583335,0.26948612928390503,0.020457930862903595,-0.0780671238899231
229,1.1278775719999885,64.617472,1.4338746070861816,0.41024208068847656,0.02854880876839161,0.0634765625,0.12431889772415161,0.0,0.08565168082714081,1.546546220779419,3.854119062423706,0.1770750731229782,0.0,18.0,0.0,0.0,18.0,0.0,18.0,0.321210781733195,0.19720274209976196,2.6816813151041665,0.26907745997111004,0.020504962652921677,-0.07800447940826416
230,1.130631540999957,64.617472,1.359113335609436,0.4176748991012573,0.020336216315627098,0.0615234375,0.1168392151594162,0.0,0.08450722694396973,1.5960077047348022,3.7933831214904785,0.17098668217658997,0.0,20.0,0.0,0.0,20.0,0.0,20.0,0.32090967893600464,0.19250786304473877,2.6868489583333335,0.26876328388849896,0.020554963499307632,-0.0781937837600708
231,1.0567129110002043,64.617472,1.3285419940948486,0.42045313119888306,0.028525134548544884,0.0615234375,0.11383753269910812,0.0,0.08581893146038055,1.649773359298706,3.698497772216797,0.17261064052581787,0.0,15.0,0.0,0.0,15.0,0.0,15.0,0.32046542565027875,0.1905289590358734,2.6891682942708335,0.2686750292778015,0.02052210768063863,-0.07814532518386841
232,1.0088731820001158,64.617472,1.3261927366256714,0.42294126749038696,0.029821030795574188,0.0595703125,0.11379405111074448,0.0,0.08368116617202759,1.6230266094207764,3.720000743865967,0.17069396376609802,0.0,18.0,0.0,0.0,18.0,0.0,18.0,0.320545494556427,0.19130364060401917,2.701416015625,0.26933542887369794,0.020560414840777714,-0.07813185453414917
233,1.026611363000029,64.617472,1.3608282804489136,0.4219149947166443,0.04493575915694237,0.0595703125,0.11712782084941864,0.0,0.08425508439540863,1.6631735563278198,3.7509219646453857,0.1821483075618744,0.0,14.0,0.0,0.0,14.0,0.0,14.0,0.3210662603378296,0.19507718086242676,2.6766764322916665,0.269808570543925,0.02055599292119344,-0.07820755243301392
234,1.0479187399998864,64.617472,1.3820621967315674,0.420232892036438,0.022887855768203735,0.0595703125,0.11887776851654053,0.0,0.08787064999341965,1.694305419921875,3.894113063812256,0.19056570529937744,0.0,21.0,0.0,0.0,21.0,0.0,21.0,0.3214682737986247,0.1973508894443512,2.6473795572916665,0.2702467242876689,0.02054440602660179,-0.07824498414993286
235,1.0578059110000595,64.617472,1.3639271259307861,0.4145795404911041,0.03214101865887642,0.0595703125,0.11728017032146454,0.0,0.08666946738958359,1.6810147762298584,3.972079038619995,0.17960743606090546,0.0,14.0,0.0,0.0,14.0,0.0,14.0,0.32183794180552167,0.1991245150566101,2.6527913411458335,0.2705891529719035,0.020490936934947968,-0.07815694808959961
236,1.0635919239998657,64.617472,1.4288287162780762,0.4051854908466339,0.024888135492801666,0.0595703125,0.12315751612186432,0.0,0.09148522466421127,1.676274299621582,4.092565059661865,0.19492942094802856,0.0,16.0,0.0,0.0,16.0,0.0,16.0,0.32157764832178753,0.20230698585510254,2.6617431640625,0.270321786403656,0.020397743831078213,-0.07826685905456543
237,1.1004899389999991,64.617472,1.4148547649383545,0.4040127396583557,0.0327562615275383,0.0595703125,0.12182079255580902,0.0,0.09247028827667236,1.6719802618026733,4.039272308349609,0.1993454098701477,0.0,22.0,0.0,0.0,22.0,0.0,22.0,0.32190457979838055,0.1998302936553955,2.6440022786458335,0.2705349326133728,0.02038551742831866,-0.07828444242477417
238,1.068995373000007,64.617472,1.4280521869659424,0.40112680196762085,0.06468901038169861,0.0595703125,0.12335082143545151,0.0,0.09184669703245163,1.6275027990341187,3.9732131958007812,0.19956612586975098,0.0,21.0,0.0,0.0,21.0,0.0,21.0,0.32208186388015747,0.19965729117393494,2.6678873697916665,0.2709057331085205,0.02033854027589162,-0.0783461332321167
239,1.0439312669998344,64.617472,1.4209535121917725,0.40530431270599365,0.033784255385398865,0.0595703125,0.12290400266647339,0.0,0.0866072028875351,1.5881054401397705,3.999830961227417,0.18962232768535614,0.0,25.0,0.0,0.0,25.0,0.0,25.0,0.3228791356086731,0.19987517595291138,2.6848551432291665,0.27163930733998615,0.020376617709795635,-0.07841652631759644
240,1.021436352000137,64.617472,1.3344982862472534,0.41658633947372437,0.032109737396240234,0.0595703125,0.11470936238765717,0.0,0.07971441745758057,1.5517539978027344,3.997234344482422,0.1871119737625122,0.0,19.0,0.0,0.0,19.0,0.0,19.0,0.323938250541687,0.20256194472312927,2.6883138020833335,0.27251364787419635,0.020395391931136448,-0.07808411121368408
241,1.0148376590000225,64.617472,1.3044513463974,0.4200463891029358,0.02272966504096985,0.05859375,0.11185997724533081,0.0,0.08003388345241547,1.517058253288269,4.051960468292236,0.17228445410728455,0.0,10.0,0.0,0.0,10.0,0.0,10.0,0.3238641619682312,0.20721149444580078,2.684326171875,0.2724188566207886,0.020334158092737198,-0.07784569263458252
242,1.0207548219998444,64.617472,1.3429266214370728,0.41847312450408936,0.026601459830999374,0.056640625,0.11535845696926117,0.0,0.08098772168159485,1.5538005828857422,4.121121406555176,0.1984422504901886,0.0,19.0,0.0,0.0,19.0,0.0,19.0,0.32345672448476154,0.2085108757019043,2.674560546875,0.2721206744511922,0.020384017378091812,-0.07783973217010498
243,1.0315622530001747,64.617472,1.3845641613006592,0.40921545028686523,0.05371931567788124,0.056640625,0.11925159394741058,0.0,0.08420735597610474,1.5982894897460938,4.17390775680542,0.19433856010437012,0.0,14.0,0.0,0.0,14.0,0.0,14.0,0.3224051396052043,0.20056474208831787,2.685791015625,0.27132562796274823,0.020448440064986546,-0.07839727401733398
244,1.019232251999938,64.617472,1.4172313213348389,0.3970602750778198,0.05735389515757561,0.056640625,0.12240584194660187,0.0,0.08529692888259888,1.5667093992233276,4.220293998718262,0.19065915048122406,0.0,17.0,0.0,0.0,17.0,0.0,17.0,0.3218090931574504,0.2005566954612732,2.6888020833333335,0.2709227005640666,0.02053253600994746,-0.07823395729064941
245,1.0302420350001285,64.617472,1.343600869178772,0.39956074953079224,0.038345225155353546,0.0556640625,0.11553919315338135,0.0,0.07988302409648895,1.5700883865356445,4.1327104568481445,0.17424654960632324,0.0,23.0,0.0,0.0,23.0,0.0,23.0,0.3219459454218547,0.20188027620315552,2.7200113932291665,0.27139459053675336,0.0205390565097332,-0.07812052965164185
246,1.0289347000000362,64.617472,1.2878831624984741,0.40719643235206604,0.037947382777929306,0.0546875,0.1102696880698204,0.0,0.07445355504751205,1.495810866355896,4.061568737030029,0.16916953027248383,0.0,22.0,0.0,0.0,22.0,0.0,22.0,0.3222148021062215,0.20187976956367493,2.7471923828125,0.27219178279240924,0.0205874207119147,-0.07815343141555786
247,1.0024849010001162,64.617472,1.2549874782562256,0.4153016209602356,0.0344848558306694,0.0537109375,0.1072767898440361,0.0,0.07227682322263718,1.4563896656036377,3.9625613689422607,0.16557784378528595,0.0,16.0,0.0,0.0,16.0,0.0,16.0,0.3223937153816223,0.2018435001373291,2.750244140625,0.2726624806722005,0.0205666683614254,-0.07818740606307983
248,1.0325382789999367,64.617472,1.2496190071105957,0.4174971580505371,0.020249659195542336,0.0537109375,0.1072167381644249,0.0,0.07050057500600815,1.4612867832183838,3.8993091583251953,0.14523184299468994,0.0,12.0,0.0,0.0,12.0,0.0,12.0,0.3225088914235433,0.20301389694213867,2.7417805989583335,0.27290137608846027,0.020556174218654633,-0.07818883657455444
249,1.101667414999838,64.617472,1.2455871105194092,0.413687139749527,0.022029144689440727,0.0537109375,0.10665874183177948,0.0,0.0725434422492981,1.523101568222046,3.887460708618164,0.14852198958396912,0.0,15.0,0.0,0.0,15.0,0.0,15.0,0.322330117225647,0.20441976189613342,2.7309163411458335,0.27271000544230145,0.020539590468009312,-0.0781288743019104
250,1.0901177820001067,64.617472,1.2343050241470337,0.4085286855697632,0.04506085440516472,0.0537109375,0.10519325733184814,0.0,0.07557769864797592,1.5896729230880737,3.9148449897766113,0.16822926700115204,0.0,17.0,0.0,0.0,17.0,0.0,17.0,0.3220237096150716,0.21028417348861694,2.7336018880208335,0.27229517698287964,0.020465058585007984,-0.07809865474700928
251,1.0186989389999326,64.617472,1.2342275381088257,0.40673765540122986,0.08192401379346848,0.052734375,0.1052761822938919,0.0,0.07468815892934799,1.586745023727417,3.924755811691284,0.17321240901947021,0.0,14.0,0.0,0.0,14.0,0.0,14.0,0.32201268275578815,0.216627836227417,2.7711995442708335,0.2722295920054118,0.02059025193254153,-0.07823628187179565
252,1.0190663319999658,64.617472,1.2458587884902954,0.4106704890727997,0.040896639227867126,0.052734375,0.10609281063079834,0.0,0.07684686034917831,1.5670427083969116,4.004518985748291,0.16160035133361816,0.0,12.0,0.0,0.0,12.0,0.0,12.0,0.32224782307942706,0.2127525806427002,2.7871907552083335,0.27243008216222125,0.020650239040454228,-0.07828539609909058
253,0.9954230810001263,64.617472,1.267369270324707,0.4223279356956482,0.049843430519104004,0.052734375,0.10785113275051117,0.0,0.08040489256381989,1.5907787084579468,4.074393272399902,0.16610534489154816,0.0,12.0,0.0,0.0,12.0,0.0,12.0,0.3225095868110657,0.21200577914714813,2.7432861328125,0.2727113962173462,0.02069090058406194,-0.07842963933944702
254,0.9850450980000005,64.617472,1.2579851150512695,0.43331360816955566,0.050074316561222076,0.052734375,0.10675462335348129,0.0,0.08246435225009918,1.564150094985962,4.162410259246826,0.17420785129070282,0.0,16.0,0.0,0.0,16.0,0.0,16.0,0.32269320885340375,0.21204689145088196,2.7061767578125,0.2728024323781331,0.020605050027370453,-0.07841134071350098
255,1.007548960000122,64.617472,1.278307557106018,0.4362063407897949,0.046275775879621506,0.052734375,0.10846009105443954,0.0,0.08450770378112793,1.5602033138275146,4.254371166229248,0.18359702825546265,0.0,15.0,0.0,0.0,15.0,0.0,15.0,0.3222825725873311,0.2106339931488037,2.6707763671875,0.2721755305926005,0.020573643346627552,-0.07833355665206909
256,0.9807434960000592,64.617472,1.3123724460601807,0.42671728134155273,0.029614493250846863,0.052734375,0.11181609332561493,0.0,0.08533408492803574,1.581674575805664,4.399897575378418,0.1643669605255127,0.0,10.0,0.0,0.0,10.0,0.0,10.0,0.3212410608927409,0.2086963653564453,2.640625,0.27129876613616943,0.020779004941384,-0.07755273580551147
257,0.9936982330000319,64.617472,1.3319283723831177,0.41013574600219727,0.03364851325750351,0.052734375,0.11344200372695923,0.0,0.08575697988271713,1.5814554691314697,4.448001861572266,0.19474683701992035,0.0,27.0,0.0,0.0,27.0,0.0,27.0,0.3199470241864522,0.20760846138000488,2.639892578125,0.2702123522758484,0.020778290927410126,-0.07780027389526367
258,1.015227872999958,64.617472,1.411929726600647,0.3822523355484009,0.08160902559757233,0.0517578125,0.12194563448429108,0.0,0.08282648772001266,1.5300053358078003,4.3932952880859375,0.18798425793647766,0.0,14.0,0.0,0.0,14.0,0.0,14.0,0.3191978732744853,0.20660945773124695,2.6842854817708335,0.2697718342145284,0.020689791689316433,-0.07774502038955688
259,0.9993095079998966,64.617472,1.4499468803405762,0.3650096654891968,0.0780879408121109,0.0517578125,0.1257806420326233,0.0,0.08175729960203171,1.589076042175293,4.264008522033691,0.1937600076198578,0.0,17.0,0.0,0.0,17.0,0.0,17.0,0.3186066548029582,0.19842055439949036,2.7377522786458335,0.26929901043574017,0.02062902847925822,-0.07769662141799927
260,1.014069414000005,64.617472,1.4625908136367798,0.35965976119041443,0.06165500730276108,0.0517578125,0.12703478336334229,0.0,0.08076390624046326,1.6379531621932983,4.176022052764893,0.19486761093139648,0.0,14.0,0.0,0.0,14.0,0.0,14.0,0.31928445895512897,0.19823220372200012,2.7593180338541665,0.26977620522181195,0.020557548850774765,-0.07768255472183228
261,1.036334757000077,64.617472,1.3827320337295532,0.3733077645301819,0.03408398479223251,0.0498046875,0.1192684918642044,0.0,0.07795992493629456,1.6947873830795288,4.12324333190918,0.17737415432929993,0.0,16.0,0.0,0.0,16.0,0.0,16.0,0.320839524269104,0.2005520462989807,2.7518717447916665,0.2714059154192607,0.020538306484619778,-0.0777168869972229
262,1.011716589000116,64.617472,1.3110507726669312,0.3949037790298462,0.04241751506924629,0.0498046875,0.11180558055639267,0.0,0.07724460959434509,1.7135794162750244,4.132169246673584,0.18839672207832336,0.0,13.0,0.0,0.0,13.0,0.0,13.0,0.3223247528076172,0.198039710521698,2.7041422526041665,0.2727371056874593,0.02054680387179057,-0.07771861553192139
263,1.0294044079998912,64.617472,1.2750487327575684,0.4110538363456726,0.040706392377614975,0.048828125,0.1080375462770462,0.0,0.07813820242881775,1.6736180782318115,4.12432861328125,0.1899254322052002,0.0,13.0,0.0,0.0,13.0,0.0,13.0,0.32315460840861004,0.18346446752548218,2.6753743489583335,0.273436705271403,0.020578368256489437,-0.078122079372406
264,1.0218511690000014,64.617472,1.2846167087554932,0.4163280427455902,0.026149509474635124,0.0478515625,0.10903112590312958,0.0,0.07998079061508179,1.627926230430603,4.0502471923828125,0.2031862437725067,0.0,12.0,0.0,0.0,12.0,0.0,12.0,0.32266392310460407,0.18043828010559082,2.6632893880208335,0.27329015731811523,0.020554813245932262,-0.07880866527557373
265,1.0364181870002085,64.617472,1.3252251148223877,0.4132632911205292,0.0375363714993,0.046875,0.112948477268219,0.0,0.0837230533361435,1.6717846393585205,3.9982755184173584,0.2039620578289032,0.0,12.0,0.0,0.0,12.0,0.0,12.0,0.3214832345644633,0.18311423063278198,2.6831461588541665,0.2722052534421285,0.020476970821619034,-0.078727126121521
266,1.0246305560001474,64.617472,1.3611606359481812,0.40484750270843506,0.038634464144706726,0.046875,0.11622997373342514,0.0,0.08591994643211365,1.6927947998046875,4.062404632568359,0.22682175040245056,0.0,18.0,0.0,0.0,18.0,0.0,18.0,0.3203103343645732,0.18952065706253052,2.691162109375,0.271248459815979,0.020581665138403576,-0.07850003242492676
267,0.9873954890001642,64.617472,1.3885787725448608,0.3976001739501953,0.03892601281404495,0.044921875,0.11899513006210327,0.0,0.0888821929693222,1.7886066436767578,4.000421524047852,0.2302922010421753,0.0,16.0,0.0,0.0,16.0,0.0,16.0,0.3194813132286072,0.1940590739250183,2.7025553385416665,0.2705707947413127,0.0205543947716554,-0.07851094007492065
268,0.9952769409999291,64.617472,1.4086391925811768,0.38734424114227295,0.03714846447110176,0.044921875,0.12107992172241211,0.0,0.08963082730770111,1.8412237167358398,3.91599178314209,0.22283372282981873,0.0,21.0,0.0,0.0,21.0,0.0,21.0,0.31930341323216754,0.18920165300369263,2.73681640625,0.27049092451731366,0.02060723801453908,-0.0785599946975708
269,1.012200527999994,64.617472,1.4440641403198242,0.3726515471935272,0.10479416698217392,0.044921875,0.12464147061109543,0.0,0.0927267074584961,1.8376283645629883,3.8788490295410156,0.2055877447128296,0.0,14.0,0.0,0.0,14.0,0.0,14.0,0.3192578951517741,0.1880713701248169,2.7238362630208335,0.2705664436022441,0.020667945345242817,-0.07856273651123047
270,1.130371734999926,64.617472,1.4737077951431274,0.3648329973220825,0.022114461287856102,0.0439453125,0.12698204815387726,0.0,0.0937855988740921,1.8648427724838257,4.046052932739258,0.23568832874298096,0.0,23.0,0.0,0.0,23.0,0.0,23.0,0.3197936813036601,0.19429051876068115,2.7003987630208335,0.27134275436401367,0.020709979037443798,-0.07859361171722412
271,1.0134207429998696,64.617472,1.4676671028137207,0.3663051128387451,0.023205023258924484,0.0419921875,0.12623357772827148,0.0,0.0940103530883789,1.9146093130111694,4.185971260070801,0.22553591430187225,0.0,15.0,0.0,0.0,15.0,0.0,15.0,0.32045114040374756,0.2002784013748169,2.6896565755208335,0.2720712224642436,0.02068265527486801,-0.07779854536056519
272,1.007488665999972,64.617472,1.462628960609436,0.37372517585754395,0.028170308098196983,0.0419921875,0.12524209916591644,0.0,0.09601593017578125,1.9492048025131226,4.4948625564575195,0.22160325944423676,0.0,17.0,0.0,0.0,17.0,0.0,17.0,0.3205779393513997,0.1996387243270874,2.675537109375,0.2725168665250142,0.020741930852333706,-0.07789874076843262
273,1.0153558260001319,64.617472,1.4751962423324585,0.38622742891311646,0.04974672570824623,0.0419921875,0.125970721244812,0.0,0.09747785329818726,1.9388411045074463,4.869610786437988,0.23581042885780334,0.0,21.0,0.0,0.0,21.0,0.0,21.0,0.32047826051712036,0.19634383916854858,2.6335856119791665,0.2723489999771118,0.020881143709023792,-0.0780213475227356
274,1.046485303999816,64.617472,1.5201027393341064,0.3915250301361084,0.05239371210336685,0.0419921875,0.13012290000915527,0.0,0.1000775694847107,1.7979199886322021,4.9447855949401855,0.25977903604507446,0.0,16.0,0.0,0.0,16.0,0.0,16.0,0.32023781538009644,0.1951732039451599,2.5990804036458335,0.27168556054433185,0.020749706774950027,-0.07803022861480713
275,1.0619327160000012,64.617472,1.5573854446411133,0.39264971017837524,0.057949863374233246,0.0419921875,0.13421906530857086,0.0,0.0986243337392807,1.6629890203475952,4.8683600425720215,0.24152998626232147,0.0,24.0,0.0,0.0,24.0,0.0,24.0,0.3191590706507365,0.19530022144317627,2.5757649739583335,0.27059117952982586,0.020914070308208466,-0.07802170515060425
276,1.020598557999847,64.617472,1.5599746704101562,0.3893806040287018,0.043762657791376114,0.0419921875,0.134624183177948,0.0,0.10122713446617126,1.6233108043670654,4.599841594696045,0.232385516166687,0.0,12.0,0.0,0.0,12.0,0.0,12.0,0.3174166679382324,0.19474047422409058,2.597412109375,0.2688528696695964,0.02088590959707896,-0.07798779010772705
277,1.0286640860001626,64.617472,1.517078161239624,0.3821524381637573,0.02204975113272667,0.0419921875,0.13040074706077576,0.0,0.10470807552337646,1.6869615316390991,4.2449774742126465,0.23199836909770966,0.0,18.0,0.0,0.0,18.0,0.0,18.0,0.3164521058400472,0.19565260410308838,2.5900472005208335,0.2676088809967041,0.020830235133568447,-0.07781821489334106
278,1.0360642240000288,64.617472,1.5410019159317017,0.3642042279243469,0.03294728323817253,0.041015625,0.1326039433479309,0.0,0.10809679329395294,1.753315806388855,3.9905059337615967,0.2470027208328247,0.0,19.0,0.0,0.0,19.0,0.0,19.0,0.3159691294034322,0.1979222297668457,2.58447265625,0.26709256569544476,0.020770835379759472,-0.0777844786643982
279,1.0455745040001148,64.617472,1.5875039100646973,0.3444898724555969,0.04989456385374069,0.041015625,0.13729816675186157,0.0,0.11065490543842316,1.7874274253845215,3.8938310146331787,0.24632684886455536,0.0,27.0,0.0,0.0,27.0,0.0,27.0,0.3161258101463318,0.1970883011817932,2.6004231770833335,0.2671851913134257,0.02073767160375913,-0.07790613174438477
280,1.0330648690000999,64.617472,1.5966466665267944,0.32971107959747314,0.06828562915325165,0.041015625,0.1386891007423401,0.0,0.11011221259832382,1.8278608322143555,3.7881438732147217,0.2297791838645935,0.0,20.0,0.0,0.0,20.0,0.0,20.0,0.31667153040568036,0.1948176622390747,2.6504313151041665,0.26800356308619183,0.020858938495318096,-0.07771569490432739
281,1.024136924000004,64.617472,1.5865284204483032,0.32890546321868896,0.0249504204839468,0.041015625,0.13724789023399353,0.0,0.11149643361568451,1.9382842779159546,3.840949058532715,0.2428809404373169,0.0,22.0,0.0,0.0,22.0,0.0,22.0,0.3174500862757365,0.19437876343727112,2.7005615234375,0.2688180406888326,0.020886167883872986,-0.07775330543518066
282,1.006243250999887,64.617472,1.5904525518417358,0.3351703882217407,0.01972966268658638,0.041015625,0.13778942823410034,0.0,0.10837683081626892,1.9433574676513672,4.03552770614624,0.2358807921409607,0.0,24.0,0.0,0.0,24.0,0.0,24.0,0.3190393845240275,0.18770819902420044,2.720947265625,0.27044198910395306,0.020932902892430622,-0.07803791761398315
283,1.044690189999983,64.617472,1.5145803689956665,0.3559299111366272,0.02791384793817997,0.041015625,0.13014785945415497,0.0,0.10673131793737411,1.8955626487731934,4.116343021392822,0.24680447578430176,0.0,22.0,0.0,0.0,22.0,0.0,22.0,0.3203422625859578,0.18686681985855103,2.7049153645833335,0.27170026302337646,0.02088266611099243,-0.07791990041732788
284,1.116089466000176,64.617472,1.4799669981002808,0.37386322021484375,0.03402741625905037,0.0400390625,0.12657922506332397,0.0,0.10426482558250427,1.7631038427352905,4.207203388214111,0.2641264796257019,0.0,25.0,0.0,0.0,25.0,0.0,25.0,0.32099135716756183,0.18750202655792236,2.6779378255208335,0.2723260323206584,0.020955373843510944,-0.07808995246887207
285,1.0915283799999997,64.617472,1.4535900354385376,0.3894076347351074,0.04444146156311035,0.0390625,0.12433310598134995,0.0,0.09862377494573593,1.6548562049865723,4.318785667419434,0.23759454488754272,0.0,21.0,0.0,0.0,21.0,0.0,21.0,0.3214493791262309,0.18935757875442505,2.6775716145833335,0.2729046742121379,0.020926860471566517,-0.07813471555709839
286,1.0068268640000042,64.617472,1.4380651712417603,0.4061540365219116,0.0542265921831131,0.0390625,0.12266366183757782,0.0,0.09590750932693481,1.6431477069854736,4.300309658050537,0.2795657217502594,0.0,27.0,0.0,0.0,27.0,0.0,27.0,0.32130366563796997,0.1896459460258484,2.67578125,0.27287818988164264,0.020863667130470276,-0.07759159803390503
287,1.0310981879999872,64.617472,1.4558219909667969,0.41065287590026855,0.041374921798706055,0.037109375,0.12538930773735046,0.0,0.08920077979564667,1.6003262996673584,4.1346755027771,0.26215240359306335,0.0,22.0,0.0,0.0,22.0,0.0,22.0,0.32101064920425415,0.1897178292274475,2.7093505859375,0.27252064148585003,0.02089715252319972,-0.0775410532951355
288,0.9898435350000909,64.617472,1.4153978824615479,0.40877535939216614,0.0339038148522377,0.037109375,0.1215503066778183,0.0,0.08750282973051071,1.639019250869751,3.9872090816497803,0.2754758298397064,0.0,21.0,0.0,0.0,21.0,0.0,21.0,0.32002554337183636,0.19211697578430176,2.7173258463541665,0.27190836270650226,0.020944287379582722,-0.07751584053039551
289,1.046447511999986,64.617472,1.3745239973068237,0.3964237570762634,0.019498225301504135,0.037109375,0.11762978881597519,0.0,0.0875840038061142,1.7600975036621094,3.8150997161865234,0.2647039294242859,0.0,18.0,0.0,0.0,18.0,0.0,18.0,0.31885312000910443,0.19885188341140747,2.7280680338541665,0.271053413550059,0.020900309085845947,-0.07745915651321411
290,1.0602880110000115,64.617472,1.3821449279785156,0.37813377380371094,0.07222062349319458,0.037109375,0.11838769912719727,0.0,0.0912298783659935,1.8648360967636108,3.7414615154266357,0.24024240672588348,0.0,15.0,0.0,0.0,15.0,0.0,15.0,0.31779688596725464,0.2036302238702774,2.7234293619791665,0.2699064612388611,0.020816860099633534,-0.0778762698173523
291,1.024778126000001,64.617472,1.438777208328247,0.36079275608062744,0.06575708836317062,0.037109375,0.12331657856702805,0.0,0.09645700454711914,1.9428075551986694,3.8190112113952637,0.25461411476135254,0.0,18.0,0.0,0.0,18.0,0.0,18.0,0.31754499673843384,0.2068536877632141,2.7143147786458335,0.26939237117767334,0.020788336793581646,-0.07786762714385986
292,0.9795367870001428,64.617472,1.4682164192199707,0.3512282967567444,0.036333534866571426,0.037109375,0.12570655345916748,0.0,0.09917130321264267,2.0208840370178223,4.043959617614746,0.2553686499595642,0.0,15.0,0.0,0.0,15.0,0.0,15.0,0.31818002462387085,0.20456361770629883,2.7231852213541665,0.26993213097254437,0.020802507797876995,-0.07772445678710938
293,0.9958922000000712,64.617472,1.4954447746276855,0.34979376196861267,0.01802898570895195,0.037109375,0.12811516225337982,0.0,0.10058075189590454,2.0719385147094727,4.248218536376953,0.2552317976951599,0.0,21.0,0.0,0.0,21.0,0.0,21.0,0.319292147954305,0.20460879802703857,2.6973876953125,0.2710963487625122,0.021003007888793945,-0.07767355442047119
294,0.9913123809999433,64.617472,1.4775453805923462,0.35871195793151855,0.027200140058994293,0.0361328125,0.12604685127735138,0.0,0.10213305801153183,2.063721179962158,4.44391393661499,0.24932849407196045,0.0,22.0,0.0,0.0,22.0,0.0,22.0,0.32009806235631305,0.20153802633285522,2.6626383463541665,0.27197303374608356,0.021008615692456562,-0.07783418893814087
295,0.9793443399998978,64.617472,1.497600793838501,0.36477792263031006,0.0390620157122612,0.0361328125,0.128096342086792,0.0,0.10209237039089203,1.933034896850586,4.59855842590332,0.23538117110729218,0.0,10.0,0.0,0.0,10.0,0.0,10.0,0.32056862115859985,0.19496166706085205,2.6357421875,0.2726629575093587,0.02103075385093689,-0.07798242568969727
296,1.0130319739998868,64.617472,1.5218186378479004,0.3715762794017792,0.03836682438850403,0.0361328125,0.1300278902053833,0.0,0.10482959449291229,1.8103716373443604,4.653809547424316,0.27142569422721863,0.0,24.0,0.0,0.0,24.0,0.0,24.0,0.3202097415924072,0.18863815069198608,2.5971272786458335,0.2725156744321187,0.021038961907227833,-0.07814669609069824
297,1.0095259560000613,64.617472,1.5652074813842773,0.37119346857070923,0.030303865671157837,0.0361328125,0.1347358226776123,0.0,0.10322938859462738,1.643136978149414,4.640377998352051,0.263487845659256,0.0,22.0,0.0,0.0,22.0,0.0,22.0,0.3199814160664876,0.18815875053405762,2.572021484375,0.27229974667231244,0.02092013508081436,-0.07759511470794678
298,1.0069091709999611,64.617472,1.5565283298492432,0.3786528706550598,0.03276364877820015,0.0361328125,0.13421142101287842,0.0,0.1008930504322052,1.588934302330017,4.626598834991455,0.26347780227661133,0.0,29.0,0.0,0.0,29.0,0.0,29.0,0.3197723627090454,0.18869459629058838,2.5821126302083335,0.27215009927749634,0.02075418457388878,-0.0775071382522583
299,1.0169021669998983,64.617472,1.477767825126648,0.38570356369018555,0.01898803561925888,0.03515625,0.12692487239837646,0.0,0.09918244183063507,1.6311267614364624,4.493290901184082,0.24044746160507202,0.0,19.0,0.0,0.0,19.0,0.0,19.0,0.3193872769673665,0.18998634815216064,2.59716796875,0.27174752950668335,0.020734716206789017,-0.07744520902633667
300,1.0302395609999166,64.617472,1.4617259502410889,0.37662366032600403,0.060861553996801376,0.03515625,0.1256347894668579,0.0,0.0973440632224083,1.6134151220321655,4.273246765136719,0.23877477645874023,0.0,21.0,0.0,0.0,21.0,0.0,21.0,0.31915287176767987,0.19076943397521973,2.6017252604166665,0.2712951898574829,0.02071155731876691,-0.07741129398345947
301,1.0285040700000536,64.617472,1.444732904434204,0.3678613007068634,0.04977264255285263,0.03515625,0.12354892492294312,0.0,0.10202636569738388,1.7014532089233398,4.189202308654785,0.23847204446792603,0.0,12.0,0.0,0.0,12.0,0.0,12.0,0.31822391351064044,0.19547462463378906,2.6527506510416665,0.2701886494954427,0.020775997390349705,-0.07741361856460571
302,1.0880791150000277,64.617472,1.4569995403289795,0.35931873321533203,0.019319236278533936,0.03515625,0.12449865788221359,0.0,0.1026131734251976,1.782668113708496,4.273765563964844,0.2338130921125412,0.0,26.0,0.0,0.0,26.0,0.0,26.0,0.3179541826248169,0.2033839076757431,2.6764322916666665,0.26989205678304035,0.02078453203042348,-0.07731270790100098
303,1.09271499700003,64.617472,1.4495266675949097,0.35854995250701904,0.023705512285232544,0.03515625,0.12402596324682236,0.0,0.09915284812450409,1.898480772972107,4.348644256591797,0.22685126960277557,0.0,25.0,0.0,0.0,25.0,0.0,25.0,0.3188455104827881,0.19724345207214355,2.6863606770833335,0.27088449398676556,0.0208344633380572,-0.07722175121307373
304,1.0796557339999708,64.617472,1.428891658782959,0.3634646534919739,0.01887107454240322,0.03515625,0.12195388972759247,0.0,0.09896634519100189,2.0104596614837646,4.306589126586914,0.22509035468101501,0.0,17.0,0.0,0.0,17.0,0.0,17.0,0.31960107882817584,0.19289594888687134,2.6670328776041665,0.2720030148824056,0.021023703118165333,-0.07715749740600586
305,1.1954959560000589,64.617472,1.4502071142196655,0.3632431626319885,0.030927246436476707,0.03515625,0.12400840222835541,0.0,0.09708818048238754,1.9779348373413086,4.399349212646484,0.24292241036891937,0.0,28.0,0.0,0.0,28.0,0.0,28.0,0.32034383217493695,0.1923873871564865,2.6456298828125,0.2728691101074219,0.021091399093468983,-0.07721024751663208
306,1.0740890330000639,64.617472,1.458678960800171,0.36715126037597656,0.02224555052816868,0.0341796875,0.12509354948997498,0.0,0.09471248835325241,1.876168966293335,4.348191738128662,0.2523931562900543,0.0,19.0,0.0,0.0,19.0,0.0,19.0,0.3207470973332723,0.19298849999904633,2.6137288411458335,0.2731083234151204,0.021102483073870342,-0.07730871438980103
307,1.0282273830000577,64.617472,1.4332313537597656,0.3715275824069977,0.021230878308415413,0.0341796875,0.12255128473043442,0.0,0.09436093270778656,1.8008801937103271,4.307023048400879,0.24962179362773895,0.0,20.0,0.0,0.0,20.0,0.0,20.0,0.32002286116282147,0.1931237280368805,2.6418863932291665,0.27228768666585285,0.02096717804670334,-0.07743597030639648
308,1.043079119999902,64.617472,1.4542607069015503,0.3707945644855499,0.01023103203624487,0.0322265625,0.12444935739040375,0.0,0.09648116677999496,1.7529196739196777,4.240176677703857,0.2672850787639618,0.0,17.0,0.0,0.0,17.0,0.0,17.0,0.31910953919092816,0.19315972924232483,2.6433919270833335,0.2715295950571696,0.020945255955060322,-0.07755810022354126
309,1.0400757249999515,64.617472,1.4479612112045288,0.37101003527641296,0.01409937534481287,0.03125,0.12396083772182465,0.0,0.09573228657245636,1.7152683734893799,4.198420524597168,0.2709977626800537,0.0,24.0,0.0,0.0,24.0,0.0,24.0,0.3189513087272644,0.18816334009170532,2.6559244791666665,0.27161367734273273,0.020858938495318096,-0.07801127433776855
310,1.0051046419998784,64.617472,1.489267349243164,0.36389395594596863,0.04717332497239113,0.0302734375,0.12800481915473938,0.0,0.09952650964260101,1.6861157417297363,4.091692924499512,0.26091066002845764,0.0,13.0,0.0,0.0,13.0,0.0,13.0,0.3184116284052531,0.18768256902694702,2.6414794921875,0.2711787819862366,0.020914778113365173,-0.07794493436813354
311,1.0042067419999512,64.617472,1.4872679710388184,0.3612214922904968,0.025594113394618034,0.029296875,0.12764804065227509,0.0,0.10245885699987411,1.6966623067855835,4.053387641906738,0.24720971286296844,0.0,15.0,0.0,0.0,15.0,0.0,15.0,0.3184209664662679,0.18870699405670166,2.6554768880208335,0.27127395073572796,0.020958639681339264,-0.07818520069122314
312,1.0070303879999756,64.617472,1.4442144632339478,0.36430519819259644,0.013873273506760597,0.029296875,0.12314082682132721,0.0,0.10650210082530975,1.7047903537750244,4.125060081481934,0.23334786295890808,0.0,17.0,0.0,0.0,17.0,0.0,17.0,0.3184509476025899,0.19043558835983276,2.6883951822916665,0.2714666922887166,0.021095360318819683,-0.07842808961868286
313,1.0228400779999447,64.617472,1.4013054370880127,0.36719435453414917,0.02329883724451065,0.029296875,0.1189793199300766,0.0,0.10329266637563705,1.6841623783111572,4.179744720458984,0.23602883517742157,0.0,27.0,0.0,0.0,27.0,0.0,27.0,0.3189099431037903,0.19092941284179688,2.6732584635416665,0.2724109689394633,0.021148361265659332,-0.07855021953582764
314,1.0211330490001274,64.617472,1.3636260032653809,0.3741753101348877,0.025925111025571823,0.0283203125,0.11556985229253769,0.0,0.1009029969573021,1.6880311965942383,4.197787284851074,0.22302302718162537,0.0,24.0,0.0,0.0,24.0,0.0,24.0,0.3193122943242391,0.1943255066871643,2.6930745442708335,0.2731420397758484,0.02115448812643687,-0.07854300737380981
315,1.0464379929999268,64.617472,1.341013789176941,0.3762955069541931,0.02061169408261776,0.02734375,0.11387618631124496,0.0,0.09836926311254501,1.7325958013534546,4.106029510498047,0.20123714208602905,0.0,22.0,0.0,0.0,22.0,0.0,22.0,0.31977057456970215,0.20497053861618042,2.69140625,0.273546834786733,0.021146103739738464,-0.07839620113372803
316,1.0230324389999623,64.617472,1.3693196773529053,0.37177619338035583,0.01276951190084219,0.02734375,0.11676912009716034,0.0,0.09728961437940598,1.734482765197754,4.097474098205566,0.22064772248268127,0.0,25.0,0.0,0.0,25.0,0.0,25.0,0.3199434081713359,0.2013368010520935,2.68408203125,0.2736010154088338,0.021167881786823273,-0.07831716537475586
317,1.058722803000137,64.617472,1.3861804008483887,0.36505401134490967,0.018663793802261353,0.0263671875,0.11876257508993149,0.0,0.09254477918148041,1.709154486656189,4.0476884841918945,0.22604767978191376,0.0,31.0,0.0,0.0,31.0,0.0,31.0,0.3199674089749654,0.19816160202026367,2.6955159505208335,0.2736779451370239,0.02120278775691986,-0.07826542854309082
318,1.030941347999942,64.617472,1.3585805892944336,0.35906273126602173,0.013150205835700035,0.0263671875,0.11638425290584564,0.0,0.08923190832138062,1.6841089725494385,3.9575462341308594,0.21485278010368347,0.0,18.0,0.0,0.0,18.0,0.0,18.0,0.3197238047917684,0.19851309061050415,2.7162272135416665,0.27367156744003296,0.02120058238506317,-0.07822775840759277
319,1.028734070000155,64.617472,1.3584214448928833,0.3522282838821411,0.04305676743388176,0.0244140625,0.11644773185253143,0.0,0.08944439142942429,1.7269105911254883,3.8429925441741943,0.2106330841779709,0.0,18.0,0.0,0.0,18.0,0.0,18.0,0.31910522778828937,0.20119209587574005,2.75,0.2733294566472371,0.021313828726609547,-0.07819616794586182
320,1.019162372999972,64.617472,1.3908283710479736,0.342488557100296,0.016683761030435562,0.0234375,0.11968989670276642,0.0,0.09174174070358276,1.7607859373092651,3.8600213527679443,0.19924239814281464,0.0,15.0,0.0,0.0,15.0,0.0,15.0,0.31935904423395794,0.203952819108963,2.7440185546875,0.27357204755147296,0.021267607808113098,-0.07822203636169434
321,1.0241099289999056,64.617472,1.3872535228729248,0.34117740392684937,0.04267033934593201,0.0234375,0.11938439309597015,0.0,0.09419751167297363,1.7697632312774658,3.8280181884765625,0.19504296779632568,0.0,13.0,0.0,0.0,13.0,0.0,13.0,0.32018240292867023,0.19939690828323364,2.7281087239583335,0.2742611765861511,0.021185047924518585,-0.07829487323760986
322,1.0583762139999635,64.617472,1.390520691871643,0.3450831174850464,0.010079327039420605,0.0234375,0.11916407197713852,0.0,0.09568607807159424,1.7269132137298584,3.924506664276123,0.22408334910869598,0.0,22.0,0.0,0.0,22.0,0.0,22.0,0.3207945227622986,0.19155627489089966,2.6963704427083335,0.2752026716868083,0.02114917089541753,-0.07839059829711914
323,1.0833837650000078,64.617472,1.3473652601242065,0.3581202030181885,0.02296580746769905,0.0224609375,0.11495009064674377,0.0,0.09267395734786987,1.6864216327667236,4.027921676635742,0.22614189982414246,0.0,24.0,0.0,0.0,24.0,0.0,24.0,0.3213414748509725,0.19057655334472656,2.6917724609375,0.27610647678375244,0.021075596412022907,-0.07853955030441284
324,0.9819232449999618,64.617472,1.3377224206924438,0.36981290578842163,0.017241643741726875,0.0224609375,0.11447199434041977,0.0,0.09101998805999756,1.5944770574569702,4.07135534286499,0.1951133906841278,0.0,10.0,0.0,0.0,10.0,0.0,10.0,0.3214755455652873,0.1913091540336609,2.6841634114583335,0.27622556686401367,0.021042369306087494,-0.07866859436035156
325,0.9813056280002002,64.617472,1.3429220914840698,0.3796619772911072,0.024523461237549782,0.0224609375,0.11495935916900635,0.0,0.08943899720907211,1.4786732196807861,4.12297248840332,0.2095552533864975,0.0,25.0,0.0,0.0,25.0,0.0,25.0,0.32153181234995526,0.19297921657562256,2.6934814453125,0.27636947234471637,0.02119581401348114,-0.07870286703109741
326,0.9843583219999346,64.617472,1.3419034481048584,0.3886401653289795,0.020712876692414284,0.0224609375,0.11498169600963593,0.0,0.08816421031951904,1.4369491338729858,4.120116233825684,0.20562011003494263,0.0,13.0,0.0,0.0,13.0,0.0,13.0,0.32134588559468585,0.19357681274414062,2.7102864583333335,0.27620571851730347,0.021197790900866192,-0.07760447263717651
327,1.0262905590000173,64.617472,1.3448923826217651,0.39538925886154175,0.023480799049139023,0.0224609375,0.11521348357200623,0.0,0.08708299696445465,1.385372519493103,4.188875198364258,0.2083815336227417,0.0,18.0,0.0,0.0,18.0,0.0,18.0,0.32123782237370807,0.19061225652694702,2.704345703125,0.27586430311203003,0.021167606115341187,-0.07870006561279297
328,0.9990178120001474,64.617472,1.2903755903244019,0.40389716625213623,0.023931162431836128,0.0224609375,0.11013844609260559,0.0,0.08446232974529266,1.3915002346038818,4.095487117767334,0.19455614686012268,0.0,18.0,0.0,0.0,18.0,0.0,18.0,0.32069812218348187,0.18931204080581665,2.7098388671875,0.27507450183232623,0.02111132691303889,-0.07858043909072876
329,1.0099964460000592,64.617472,1.2488493919372559,0.40122276544570923,0.01622609607875347,0.0224609375,0.10573771595954895,0.0,0.08400265872478485,1.4812591075897217,4.037208557128906,0.20877310633659363,0.0,18.0,0.0,0.0,18.0,0.0,18.0,0.31974754730860394,0.1900913119316101,2.7162272135416665,0.2739566961924235,0.02112296720345815,-0.07847189903259277
330,1.0104316040001322,64.617472,1.258122205734253,0.3893314301967621,0.011027863249182701,0.0224609375,0.1068728119134903,0.0,0.0816441997885704,1.601410150527954,3.9897336959838867,0.18828055262565613,0.0,11.0,0.0,0.0,11.0,0.0,11.0,0.31890491644541424,0.1968604326248169,2.7460123697916665,0.2729814449946086,0.021199412643909454,-0.07849778980016708
331,1.0220850960001826,64.617472,1.2701027393341064,0.37929096817970276,0.015412774868309498,0.0224609375,0.10778465121984482,0.0,0.0832245945930481,1.7061742544174194,4.017647743225098,0.19617360830307007,0.0,17.0,0.0,0.0,17.0,0.0,17.0,0.3183145721753438,0.19526457786560059,2.7686360677083335,0.2723970015843709,0.021183071037133534,-0.07838835567235947
332,1.0054746859998431,64.617472,1.3074177503585815,0.36804547905921936,0.021869976073503494,0.0224609375,0.1112423986196518,0.0,0.08514650166034698,1.8095840215682983,4.088791847229004,0.19504491984844208,0.0,12.0,0.0,0.0,12.0,0.0,12.0,0.3181712031364441,0.19441628456115723,2.776611328125,0.27226682504018146,0.02118538071711858,-0.07837367057800293
333,1.1127230719998806,64.617472,1.336423635482788,0.3589751720428467,0.03624389320611954,0.0224609375,0.11365215480327606,0.0,0.08681147545576096,1.8921540975570679,4.175477981567383,0.21846520900726318,0.0,13.0,0.0,0.0,13.0,0.0,13.0,0.31850091616312665,0.19464516639709473,2.7502034505208335,0.27257909377415973,0.02130422244469325,-0.07838118076324463
334,1.0381692010000734,64.617472,1.3460633754730225,0.35628166794776917,0.017750296741724014,0.0224609375,0.1142178624868393,0.0,0.0884750485420227,1.9796308279037476,4.280402183532715,0.2239847034215927,0.0,15.0,0.0,0.0,15.0,0.0,15.0,0.319386084874471,0.1994938850402832,2.7181803385416665,0.27313878138860065,0.021247295041879017,-0.07823915779590607
335,1.0305528310000227,64.617472,1.3410098552703857,0.3579902648925781,0.018321026116609573,0.0224609375,0.11355368793010712,0.0,0.08978595584630966,1.9870383739471436,4.328847885131836,0.23281513154506683,0.0,20.0,0.0,0.0,20.0,0.0,20.0,0.31995195150375366,0.19539642333984375,2.673828125,0.27363912264506024,0.021270523468653362,-0.07859945297241211
336,1.0118616710001334,64.617472,1.3241852521896362,0.36623620986938477,0.01395897101610899,0.0224609375,0.11154001951217651,0.0,0.09186580777168274,1.9512686729431152,4.45500373840332,0.24221965670585632,0.0,16.0,0.0,0.0,16.0,0.0,16.0,0.3196024497350057,0.19271337985992432,2.6673583984375,0.27352317174275714,0.021252731482187908,-0.07843130826950073
337,1.0111877330000425,64.617472,1.2975937128067017,0.3788910508155823,0.03799706697463989,0.021484375,0.10850565880537033,0.0,0.09231352061033249,1.844215750694275,4.530400276184082,0.27176037430763245,0.0,22.0,0.0,0.0,22.0,0.0,22.0,0.31904975573221844,0.19286644458770752,2.6537679036458335,0.27334829171498615,0.02131201575199763,-0.0785789042711258
338,0.9825562720000107,64.617472,1.3169211149215698,0.3856942653656006,0.03769462928175926,0.021484375,0.11073720455169678,0.0,0.09358232468366623,1.7323148250579834,4.508591175079346,0.23768222332000732,0.0,16.0,0.0,0.0,16.0,0.0,16.0,0.31861557563145954,0.1943863034248352,2.6507975260416665,0.273252010345459,0.021286845207214355,-0.06569236516952515
339,0.9914018770000439,64.617472,1.3252942562103271,0.38721200823783875,0.012687897309660912,0.021484375,0.11145617067813873,0.0,0.0983855128288269,1.7505815029144287,4.368066787719727,0.2377173751592636,0.0,13.0,0.0,0.0,13.0,0.0,13.0,0.3177868326505025,0.19506120681762695,2.6188151041666665,0.27269025643666583,0.02122181902329127,-0.06398260593414307
340,0.9699348540000301,64.617472,1.4133092164993286,0.3773125112056732,0.03966031223535538,0.021484375,0.1195661872625351,0.0,0.10602416843175888,1.735965609550476,4.2879719734191895,0.2597516179084778,0.0,14.0,0.0,0.0,14.0,0.0,14.0,0.3171472946802775,0.1971517950296402,2.6152750651041665,0.2719130913416545,0.021217040717601776,-0.06396496295928955
341,0.9705051569999341,64.617472,1.4549860954284668,0.3695443868637085,0.01010423805564642,0.021484375,0.12331944704055786,0.0,0.11209726333618164,1.7567384243011475,4.342135429382324,0.2569357454776764,0.0,22.0,0.0,0.0,22.0,0.0,22.0,0.31669116020202637,0.19609111547470093,2.6134847005208335,0.2714000145594279,0.021221617857615154,-0.06397515535354614
342,1.0131899549999162,64.617472,1.4573689699172974,0.3629990518093109,0.016966288909316063,0.021484375,0.12357258051633835,0.0,0.1134856790304184,1.7909581661224365,4.322240829467773,0.251825749874115,0.0,22.0,0.0,0.0,22.0,0.0,22.0,0.31621859471003216,0.19310897588729858,2.6300048828125,0.27113070090611774,0.021242879331111908,-0.06405788660049438
343,1.0698467469999287,64.617472,1.4722176790237427,0.3589686453342438,0.010395413264632225,0.0205078125,0.12502750754356384,0.0,0.11549735069274902,1.868865966796875,4.308690071105957,0.24090521037578583,0.0,21.0,0.0,0.0,21.0,0.0,21.0,0.31574398279190063,0.18881386518478394,2.662353515625,0.2707623243331909,0.021359547972679138,-0.06414550542831421
344,1.034913596000024,64.617472,1.4542005062103271,0.3556811213493347,0.009326514787971973,0.0205078125,0.12322540581226349,0.0,0.11309542506933212,1.868436336517334,4.376397132873535,0.2611510157585144,0.0,34.0,0.0,0.0,34.0,0.0,34.0,0.31627941131591797,0.18879657983779907,2.6834309895833335,0.27143200238545734,0.021487558881441753,-0.06419378519058228
345,0.9825807540000824,64.617472,1.451066255569458,0.3478776216506958,0.022084606811404228,0.0205078125,0.12362347543239594,0.0,0.10824330151081085,1.8614728450775146,4.436089515686035,0.23607341945171356,0.0,27.0,0.0,0.0,27.0,0.0,27.0,0.31766464312871295,0.19014418125152588,2.6941324869791665,0.27235686779022217,0.021467943986256916,-0.06905046105384827
346,1.0079409910001687,64.617472,1.4457850456237793,0.34511205554008484,0.01750476472079754,0.0205078125,0.12370675057172775,0.0,0.10373127460479736,1.8553745746612549,4.366236686706543,0.21535122394561768,0.0,26.0,0.0,0.0,26.0,0.0,26.0,0.31902531782786053,0.1927240490913391,2.6771647135416665,0.27341437339782715,0.02141236513853073,-0.07627812027931213
347,1.101507072000004,64.617472,1.404221773147583,0.3508908748626709,0.012486178427934647,0.0205078125,0.12000036239624023,0.0,0.09688276052474976,1.7862374782562256,4.276848793029785,0.22081391513347626,0.0,31.0,0.0,0.0,31.0,0.0,31.0,0.3200655182202657,0.19763267040252686,2.6466878255208335,0.27425531546274823,0.02154171218474706,-0.06380361318588257
348,1.0944240300000274,64.617472,1.3708239793777466,0.3534570634365082,0.021722283214330673,0.01953125,0.11709694564342499,0.0,0.09298509359359741,1.712951421737671,4.035911560058594,0.23839816451072693,0.0,27.0,0.0,0.0,27.0,0.0,27.0,0.3199015061060588,0.18789446353912354,2.6646728515625,0.27406632900238037,0.021499524513880413,-0.06423932313919067
349,1.0775828690000253,64.617472,1.3681614398956299,0.3480517864227295,0.03387174755334854,0.01953125,0.1176261156797409,0.0,0.0873422846198082,1.563066840171814,3.7982020378112793,0.2249426543712616,0.0,22.0,0.0,0.0,22.0,0.0,22.0,0.31912914911905926,0.18734997510910034,2.7181803385416665,0.2737153172492981,0.02148710936307907,-0.06416994333267212
350,1.0633392780000577,64.617472,1.3594260215759277,0.3508554697036743,0.0429425910115242,0.01953125,0.11694102734327316,0.0,0.0860389769077301,1.4696483612060547,3.7488954067230225,0.2125188708305359,0.0,12.0,0.0,0.0,12.0,0.0,12.0,0.3188120722770691,0.18768800795078278,2.7652994791666665,0.2734147310256958,0.021471937497456867,-0.06405913829803467
351,1.0323225259999163,64.617472,1.31209135055542,0.364495187997818,0.03119288943707943,0.01953125,0.11221950501203537,0.0,0.08624716848134995,1.3958191871643066,3.770021438598633,0.21969984471797943,0.0,22.0,0.0,0.0,22.0,0.0,22.0,0.319288690884908,0.19107478857040405,2.7681070963541665,0.27405110994974774,0.021474473178386688,-0.06398564577102661
352,0.9991838570001619,64.617472,1.2615008354187012,0.3825719952583313,0.0207956675440073,0.01953125,0.10741844773292542,0.0,0.08354141563177109,1.3640308380126953,3.766108274459839,0.21291583776474,0.0,18.0,0.0,0.0,18.0,0.0,18.0,0.32032620906829834,0.19180530309677124,2.7616373697916665,0.27524256706237793,0.02140257755915324,-0.07916635274887085
353,0.9894743679999465,64.617472,1.2324997186660767,0.4028494358062744,0.027553705498576164,0.0185546875,0.10433709621429443,0.0,0.08271085470914841,1.4117950201034546,3.8182501792907715,0.20921067893505096,0.0,11.0,0.0,0.0,11.0,0.0,11.0,0.3209773898124695,0.19536596536636353,2.7494303385416665,0.27606527010599774,0.021230489015579224,-0.0791635513305664
354,0.9947075479999512,64.617472,1.2236188650131226,0.41796743869781494,0.039453428238630295,0.0185546875,0.1032915711402893,0.0,0.08398443460464478,1.4407920837402344,3.8993263244628906,0.20610563457012177,0.0,15.0,0.0,0.0,15.0,0.0,15.0,0.3211439649264018,0.20612871646881104,2.7349039713541665,0.2764042019844055,0.021412385006745655,-0.06382399797439575
355,0.9802962050000588,64.617472,1.1849586963653564,0.4275889992713928,0.0321916863322258,0.0185546875,0.09954436123371124,0.0,0.08339361846446991,1.467005968093872,3.832714080810547,0.2031792402267456,0.0,17.0,0.0,0.0,17.0,0.0,17.0,0.3206752936045329,0.20869238674640656,2.7401936848958335,0.2761564254760742,0.02139204243818919,-0.07841920852661133
356,1.0381749379998837,64.617472,1.2006717920303345,0.42090338468551636,0.027123982086777687,0.0185546875,0.1011381447315216,0.0,0.08058663457632065,1.4990324974060059,3.807772397994995,0.2116008847951889,0.0,20.0,0.0,0.0,20.0,0.0,20.0,0.3198218146959941,0.20731432735919952,2.7663981119791665,0.27526511748631793,0.021324194967746735,-0.07834267616271973
357,1.0411691909998808,64.617472,1.2454866170883179,0.40797752141952515,0.013634853065013885,0.0185546875,0.10555709898471832,0.0,0.08020283281803131,1.5656001567840576,3.8726348876953125,0.217372328042984,0.0,15.0,0.0,0.0,15.0,0.0,15.0,0.31895484526952106,0.2000531554222107,2.7988688151041665,0.2743886113166809,0.021306609114011128,-0.07826191186904907
358,1.0476747079999313,64.617472,1.264473557472229,0.3896988034248352,0.01097192708402872,0.0185546875,0.10766728967428207,0.0,0.07713907212018967,1.618978500366211,3.9096198081970215,0.22068433463573456,0.0,18.0,0.0,0.0,18.0,0.0,18.0,0.31924577554066974,0.2031843364238739,2.80224609375,0.274247407913208,0.02139206478993098,-0.0781782865524292
359,1.0546315260000938,64.617472,1.298819899559021,0.3679862320423126,0.09978564828634262,0.0185546875,0.11114450544118881,0.0,0.07739652693271637,1.6893184185028076,3.9135642051696777,0.21246406435966492,0.0,16.0,0.0,0.0,16.0,0.0,16.0,0.31902841726938885,0.20495082437992096,2.8061116536458335,0.27395327885945636,0.021396021048227947,-0.06416457891464233
360,1.0426481429999512,64.617472,1.3198837041854858,0.35487139225006104,0.046920839697122574,0.0185546875,0.11283139884471893,0.0,0.0763205736875534,1.7454965114593506,4.151665687561035,0.22089295089244843,0.0,14.0,0.0,0.0,14.0,0.0,14.0,0.3191734751065572,0.20698577165603638,2.8283284505208335,0.27405959367752075,0.02130666623512904,-0.06416457891464233
361,1.0254010270000435,64.617472,1.2880222797393799,0.35649043321609497,0.013806654140353203,0.0185546875,0.10954153537750244,0.0,0.0735340490937233,1.8244743347167969,4.404677867889404,0.21782022714614868,0.0,15.0,0.0,0.0,15.0,0.0,15.0,0.31999154885609943,0.19456273317337036,2.8087972005208335,0.2750023603439331,0.021216899156570435,-0.07833677530288696
362,1.0873818249999658,64.617472,1.2307316064834595,0.36795729398727417,0.01391227450221777,0.017578125,0.10357382893562317,0.0,0.07239322364330292,1.8846311569213867,4.529728889465332,0.2207687348127365,0.0,8.0,0.0,0.0,8.0,0.0,8.0,0.3206159273783366,0.1897871494293213,2.7941080729166665,0.27560919523239136,0.02118519941965739,-0.07842320203781128
363,1.0723069250000208,64.617472,1.230010986328125,0.3808634579181671,0.02875875122845173,0.017578125,0.10306396335363388,0.0,0.07207754254341125,1.9212430715560913,4.842042922973633,0.2261827439069748,0.0,13.0,0.0,0.0,13.0,0.0,13.0,0.32119011878967285,0.1897910237312317,2.7685139973958335,0.2760382890701294,0.021245121955871582,-0.0785987377166748
364,0.9820238299998891,64.617472,1.2497475147247314,0.39641863107681274,0.04836512729525566,0.017578125,0.10465620458126068,0.0,0.07396423816680908,1.810367465019226,4.9817914962768555,0.2494996041059494,0.0,14.0,0.0,0.0,14.0,0.0,14.0,0.3212342858314514,0.19116568565368652,2.7141927083333335,0.27614253759384155,0.021121857066949207,-0.07864952087402344
365,0.9946493830000236,64.617472,1.2583626508712769,0.4027482867240906,0.04669525846838951,0.017578125,0.10576393455266953,0.0,0.07450773566961288,1.6222295761108398,4.910820960998535,0.24715003371238708,0.0,9.0,0.0,0.0,9.0,0.0,9.0,0.3211558262507121,0.19240009784698486,2.6668294270833335,0.2757948438326518,0.02120966712633769,-0.07839161157608032
366,1.010927276000075,64.617472,1.2903550863265991,0.401883989572525,0.04082601144909859,0.017578125,0.10857117176055908,0.0,0.0800504982471466,1.5935416221618652,4.794153213500977,0.2492593228816986,0.0,6.0,0.0,0.0,6.0,0.0,6.0,0.3196352918942769,0.18186825513839722,2.646484375,0.2742975950241089,0.02125326544046402,-0.07865583896636963
367,1.0005544459997964,64.617472,1.3114701509475708,0.3978472352027893,0.027445249259471893,0.017578125,0.10998772084712982,0.0,0.08781050890684128,1.588012933731079,4.777480125427246,0.25520744919776917,0.0,7.0,0.0,0.0,7.0,0.0,7.0,0.3176535367965698,0.182144895195961,2.6676432291666665,0.27248072624206543,0.021210278073946636,-0.07851463556289673
368,0.9965634269999555,64.617472,1.318367600440979,0.386787474155426,0.013686778023838997,0.017578125,0.11039137840270996,0.0,0.09310247749090195,1.620531439781189,4.5916948318481445,0.2584441304206848,0.0,13.0,0.0,0.0,13.0,0.0,13.0,0.3163086175918579,0.187529057264328,2.655517578125,0.2712048490842183,0.021187789738178253,-0.07834112644195557
369,1.0191162520000034,64.617472,1.3720978498458862,0.367092102766037,0.04664555564522743,0.017578125,0.1153206080198288,0.0,0.09907889366149902,1.7353227138519287,4.489325523376465,0.2620629072189331,0.0,10.0,0.0,0.0,10.0,0.0,10.0,0.3152983784675598,0.19066818058490753,2.6518961588541665,0.27023675044377643,0.02115484078725179,-0.0782155990600586
370,1.0191528339998968,64.617472,1.4173481464385986,0.3520154356956482,0.03637386113405228,0.0166015625,0.11923658102750778,0.0,0.10531415790319443,1.997667670249939,4.595118999481201,0.263624370098114,0.0,14.0,0.0,0.0,14.0,0.0,14.0,0.3155181407928467,0.20185363292694092,2.6492513020833335,0.2702520489692688,0.02119489014148712,-0.07810711860656738
371,1.0704980819998582,64.617472,1.4822230339050293,0.34084272384643555,0.018626635894179344,0.0166015625,0.1250530332326889,0.0,0.11155450344085693,2.1898088455200195,4.747010231018066,0.28800344467163086,0.0,21.0,0.0,0.0,21.0,0.0,21.0,0.31604093313217163,0.19828754663467407,2.6357014973958335,0.27084728082021076,0.02116747448841731,-0.07801413536071777
372,1.0285249189998922,64.617472,1.510249376296997,0.33436480164527893,0.019056493416428566,0.0166015625,0.12767094373703003,0.0,0.11305111646652222,2.3255457878112793,4.859877109527588,0.2984309196472168,0.0,22.0,0.0,0.0,22.0,0.0,22.0,0.3173069357872009,0.20198620855808258,2.6197102864583335,0.2719842990239461,0.021141404906908672,-0.07796972990036011
373,1.0461652250000952,64.617472,1.5276991128921509,0.3311222493648529,0.014046468771994114,0.0166015625,0.12898431718349457,0.0,0.11605167388916016,2.3267552852630615,5.02795934677124,0.3140377402305603,0.0,23.0,0.0,0.0,23.0,0.0,23.0,0.3182777365048726,0.21158325672149658,2.5833333333333335,0.27297882239023846,0.021187178790569305,-0.07803773880004883
374,1.0258492699999806,64.617472,1.5881820917129517,0.32985740900039673,0.02655642107129097,0.015625,0.13481055200099945,0.0,0.12004354596138,2.149973154067993,5.113064765930176,0.3318905830383301,0.0,23.0,0.0,0.0,23.0,0.0,23.0,0.3187303940455119,0.20084846019744873,2.532958984375,0.27359674374262494,0.0212349866827329,-0.07814562320709229
375,1.0628862860000936,64.617472,1.584595799446106,0.3330259919166565,0.0231124609708786,0.015625,0.13528263568878174,0.0,0.11371716111898422,1.844814658164978,4.782384395599365,0.35296058654785156,0.0,43.0,0.0,0.0,43.0,0.0,43.0,0.3194555441538493,0.19300180673599243,2.5371500651041665,0.27429109811782837,0.021348200738430023,-0.0641217827796936
376,1.0199761940000371,64.617472,1.5437414646148682,0.3406025767326355,0.010332769714295864,0.015625,0.1323912888765335,0.0,0.10324490070343018,1.6386938095092773,4.490380764007568,0.32577085494995117,0.0,33.0,0.0,0.0,33.0,0.0,33.0,0.3194054365158081,0.19275587797164917,2.580078125,0.2743712266286214,0.021328342457612354,-0.06401407718658447
377,0.9447689849998824,64.617472,1.5021330118179321,0.34881794452667236,0.009103934280574322,0.015625,0.12890544533729553,0.0,0.10090357065200806,1.5155805349349976,4.230271816253662,0.30210113525390625,0.0,13.0,0.0,0.0,13.0,0.0,13.0,0.3184881607691447,0.19367486238479614,2.626220703125,0.2736885150273641,0.021456065277258556,-0.06396007537841797
378,0.9628865380000207,64.617472,1.5046319961547852,0.34908488392829895,0.038769859820604324,0.015625,0.12920671701431274,0.0,0.10453125089406967,1.448695182800293,3.96419095993042,0.3054584264755249,0.0,18.0,0.0,0.0,18.0,0.0,18.0,0.3174826304117839,0.1950627565383911,2.6107991536458335,0.2727926969528198,0.02148354798555374,-0.06392431259155273
379,0.9607811960001982,64.617472,1.4571722745895386,0.3546958565711975,0.038240060210227966,0.015625,0.12463746964931488,0.0,0.1024254783987999,1.4625723361968994,3.880967855453491,0.304055392742157,0.0,25.0,0.0,0.0,25.0,0.0,25.0,0.31694839398066205,0.19515351951122284,2.6676432291666665,0.27255018552144367,0.021406687796115875,-0.07810842990875244
380,0.9590436650000811,64.617472,1.4018584489822388,0.3611510992050171,0.02418404258787632,0.015625,0.11911401152610779,0.0,0.1007782444357872,1.5154149532318115,3.9056968688964844,0.2944628596305847,0.0,17.0,0.0,0.0,17.0,0.0,17.0,0.31674448649088544,0.19605599343776703,2.7244873046875,0.2724911570549011,0.021259014805157978,-0.07789725065231323
381,0.9673208660001364,64.617472,1.3316453695297241,0.37527644634246826,0.0201204065233469,0.015625,0.11205030977725983,0.0,0.09985335916280746,1.6005725860595703,3.9930834770202637,0.2756839394569397,0.0,17.0,0.0,0.0,17.0,0.0,17.0,0.3168933192888896,0.19991256296634674,2.7366536458333335,0.2728285789489746,0.021299888690312702,-0.07772886753082275
382,1.005459867000127,64.617472,1.2532645463943481,0.39676621556282043,0.029900340363383293,0.015625,0.10407397150993347,0.0,0.09853242337703705,1.6146749258041382,4.083009243011475,0.2812257409095764,0.0,22.0,0.0,0.0,22.0,0.0,22.0,0.3175557255744934,0.20219755172729492,2.744140625,0.27367550134658813,0.021258465945720673,-0.07752221822738647
383,1.0225049789999048,64.617472,1.2466665506362915,0.4086020588874817,0.043121736496686935,0.015625,0.10338665544986725,0.0,0.09772519767284393,1.6675198078155518,4.223732948303223,0.27157965302467346,0.0,14.0,0.0,0.0,14.0,0.0,14.0,0.31794673204421997,0.20094266533851624,2.7428385416666665,0.2737971742947896,0.021258922914663952,-0.07734912633895874
384,1.0561168229999112,64.617472,1.2454270124435425,0.4144262671470642,0.050035715103149414,0.015625,0.10298781096935272,0.0,0.0965874195098877,1.7352960109710693,4.284874439239502,0.29575392603874207,0.0,20.0,0.0,0.0,20.0,0.0,20.0,0.31811197598775226,0.20070931315422058,2.7175699869791665,0.27384928862253827,0.021249324083328247,-0.07725298404693604
385,1.0735524829999576,64.617472,1.3019397258758545,0.4068484306335449,0.036643579602241516,0.015625,0.10893991589546204,0.0,0.09494908899068832,1.7369897365570068,4.276455879211426,0.28086596727371216,0.0,17.0,0.0,0.0,17.0,0.0,17.0,0.3182267149289449,0.19682806730270386,2.6959635416666665,0.27369604508082074,0.021433666348457336,-0.07737851142883301
386,1.073052025999914,64.617472,1.3346660137176514,0.3923793435096741,0.016957903280854225,0.015625,0.11242686212062836,0.0,0.09189915657043457,1.7832387685775757,4.228827476501465,0.2920742630958557,0.0,24.0,0.0,0.0,24.0,0.0,24.0,0.317923625310262,0.1832120418548584,2.7094319661458335,0.2733067274093628,0.02156659464041392,-0.0621342658996582
387,1.104448537000053,64.617472,1.3398334980010986,0.3735576868057251,0.04069105163216591,0.015625,0.11312125623226166,0.0,0.08739228546619415,1.787431001663208,4.215860366821289,0.30926379561424255,0.0,27.0,0.0,0.0,27.0,0.0,27.0,0.31798219680786133,0.18146991729736328,2.7429606119791665,0.27329591910044354,0.021367122729619343,-0.07685939222574234
388,1.0241854519999833,64.617472,1.2892979383468628,0.36203211545944214,0.05652746185660362,0.015625,0.10864809155464172,0.0,0.08409242331981659,1.8154287338256836,4.135190963745117,0.2841101884841919,0.0,13.0,0.0,0.0,13.0,0.0,13.0,0.3178643385569255,0.1828513741493225,2.7749430338541665,0.2732187310854594,0.021306040386358898,-0.077073834836483
389,1.0064885899998899,64.617472,1.306697964668274,0.3503645062446594,0.03261406719684601,0.0146484375,0.11020033061504364,0.0,0.08371373265981674,1.8240660429000854,4.144274711608887,0.2960495948791504,0.0,22.0,0.0,0.0,22.0,0.0,22.0,0.3179107904434204,0.18900877237319946,2.7874348958333335,0.27343571186065674,0.0214051753282547,-0.07734670490026474
390,0.9504867620000823,64.617472,1.3206214904785156,0.3475067615509033,0.025134962052106857,0.0146484375,0.1116468533873558,0.0,0.08133779466152191,1.8706483840942383,4.308533668518066,0.2827325463294983,0.0,13.0,0.0,0.0,13.0,0.0,13.0,0.31869186957677204,0.1941307783126831,2.7856038411458335,0.2744259238243103,0.02146648367245992,-0.07770238816738129
391,0.9900109129998782,64.617472,1.2962881326675415,0.35388216376304626,0.02827867493033409,0.0146484375,0.10906252264976501,0.0,0.08181340992450714,1.8600867986679077,4.490410804748535,0.28337621688842773,0.0,16.0,0.0,0.0,16.0,0.0,16.0,0.3197317322095235,0.19667261838912964,2.7509765625,0.27539153893788654,0.021594998737176258,-0.07809889316558838
392,0.9988410050000311,64.617472,1.2602860927581787,0.3707909882068634,0.02222643420100212,0.0146484375,0.1052037701010704,0.0,0.08309842646121979,1.8390541076660156,4.598464488983154,0.28675758838653564,0.0,14.0,0.0,0.0,14.0,0.0,14.0,0.32042890787124634,0.19949662685394287,2.6971435546875,0.27593473593393963,0.021545325716336567,-0.0783221572637558
393,1.024560597000118,64.617472,1.2768158912658691,0.386427104473114,0.04216920584440231,0.013671875,0.10664119571447372,0.0,0.08597525954246521,1.7418889999389648,4.662813186645508,0.286434531211853,0.0,16.0,0.0,0.0,16.0,0.0,16.0,0.3204023043314616,0.19775119423866272,2.6817220052083335,0.27581141392389935,0.021479522188504536,-0.0732695683836937
394,1.0086273530000653,64.617472,1.2538113594055176,0.4016319513320923,0.05736342445015907,0.0126953125,0.10427893698215485,0.0,0.08543681353330612,1.619545817375183,4.613701820373535,0.3029496669769287,0.0,18.0,0.0,0.0,18.0,0.0,18.0,0.3201942245165507,0.19271351397037506,2.6754150390625,0.2755978504816691,0.02142855276664098,-0.06652519106864929
395,1.0301571040001818,64.617472,1.2446078062057495,0.40669333934783936,0.041426271200180054,0.01171875,0.10358494520187378,0.0,0.0865183100104332,1.5475835800170898,4.394667625427246,0.2905488908290863,0.0,17.0,0.0,0.0,17.0,0.0,17.0,0.3193108042081197,0.19688579440116882,2.6631673177083335,0.2747596303621928,0.021362915635108948,-0.06864511221647263
396,1.0055950459998257,64.617472,1.2938405275344849,0.39852380752563477,0.01638302206993103,0.0107421875,0.10876201093196869,0.0,0.08846565335988998,1.5189322233200073,4.158412456512451,0.2744177281856537,0.0,10.0,0.0,0.0,10.0,0.0,10.0,0.3177000085512797,0.19329026341438293,2.666748046875,0.27360616127649945,0.02137766033411026,-0.07216686755418777
397,1.0004416669999046,64.617472,1.3577666282653809,0.3761974573135376,0.01946432515978813,0.0107421875,0.11480085551738739,0.0,0.09462424367666245,1.5872466564178467,3.998802900314331,0.27771592140197754,0.0,11.0,0.0,0.0,11.0,0.0,11.0,0.3157033324241638,0.1898009479045868,2.6915283203125,0.27166136105855304,0.02134191244840622,-0.07850157469511032
398,1.0173790449998705,64.617472,1.3932971954345703,0.35227975249290466,0.08356606215238571,0.0107421875,0.11750882118940353,0.0,0.10065162181854248,1.736652135848999,3.8800952434539795,0.3169042468070984,0.0,16.0,0.0,0.0,16.0,0.0,16.0,0.31437593698501587,0.18827372789382935,2.7374267578125,0.2701419989267985,0.021310317019621532,-0.07850079983472824
399,1.0081265799999528,64.617472,1.408162236213684,0.34035560488700867,0.010658000595867634,0.0107421875,0.11860938370227814,0.0,0.10294029116630554,1.8558382987976074,4.076234817504883,0.3176787495613098,0.0,17.0,0.0,0.0,17.0,0.0,17.0,0.31437941392262775,0.18815496563911438,2.7906494140625,0.2698206901550293,0.021349867184956867,-0.07859471440315247
400,1.0594022559998848,64.617472,1.4675387144088745,0.3298371732234955,0.018206654116511345,0.0107421875,0.12454360723495483,0.0,0.1023566946387291,1.8882659673690796,4.316880702972412,0.31659436225891113,0.0,23.0,0.0,0.0,23.0,0.0,23.0,0.3154171903928121,0.19028474390506744,2.7713216145833335,0.2710312406222026,0.021411456167697906,-0.07871508598327637
401,1.0253694519999499,64.617472,1.476805329322815,0.32878291606903076,0.038224831223487854,0.0107421875,0.1256829798221588,0.0,0.1017920970916748,1.9871902465820312,4.494557857513428,0.2973238527774811,0.0,15.0,0.0,0.0,15.0,0.0,15.0,0.3173331419626872,0.19669437408447266,2.76220703125,0.2729086677233378,0.02143164724111557,-0.07873769849538803
402,1.0492093540001406,64.617472,1.4374414682388306,0.3402106761932373,0.023968281224370003,0.0107421875,0.1212422251701355,0.0,0.10098190605640411,2.058243751525879,4.747720718383789,0.3282012939453125,0.0,24.0,0.0,0.0,24.0,0.0,24.0,0.3194861213366191,0.2004506140947342,2.7078857421875,0.27495670318603516,0.021529073516527813,-0.06191658973693848
403,1.0745354539999425,64.617472,1.3994982242584229,0.3560308814048767,0.03332202509045601,0.009765625,0.11785262823104858,0.0,0.09589152038097382,1.9274911880493164,4.873868942260742,0.34247297048568726,0.0,28.0,0.0,0.0,28.0,0.0,28.0,0.321292519569397,0.19964417815208435,2.664794921875,0.2765985131263733,0.02146984140078227,-0.061907052993774414
404,0.9951817870000923,64.617472,1.3342221975326538,0.37286943197250366,0.03881845995783806,0.009765625,0.11210909485816956,0.0,0.08941658586263657,1.6900105476379395,4.707579612731934,0.33801040053367615,0.0,25.0,0.0,0.0,25.0,0.0,25.0,0.3217051426569621,0.20582963526248932,2.6514892578125,0.2770123283068339,0.021448517839113872,-0.061880409717559814
405,1.0077088670000194,64.617472,1.328992247581482,0.37682729959487915,0.021886058151721954,0.009765625,0.11263430118560791,0.0,0.08192846924066544,1.4406898021697998,4.470576763153076,0.3188011944293976,0.0,22.0,0.0,0.0,22.0,0.0,22.0,0.3216248154640198,0.201982781291008,2.6841634114583335,0.27684537569681805,0.021526301900545757,-0.06185615062713623
406,1.0275829629999862,64.617472,1.323673129081726,0.37915530800819397,0.024802226573228836,0.009765625,0.11247281730175018,0.0,0.08040067553520203,1.349740982055664,4.267394542694092,0.3228667974472046,0.0,19.0,0.0,0.0,19.0,0.0,19.0,0.3210751215616862,0.2001655548810959,2.705322265625,0.2763048013051351,0.021391873558362324,-0.061867594718933105
407,1.0095505020001383,64.617472,1.3205995559692383,0.37913286685943604,0.036859434098005295,0.009765625,0.11234050989151001,0.0,0.0803835541009903,1.375403881072998,4.0860209465026855,0.3223055601119995,0.0,13.0,0.0,0.0,13.0,0.0,13.0,0.32054336865743,0.20084735751152039,2.7184651692708335,0.2756822903951009,0.021250255405902863,-0.06185328960418701
408,1.0062439559999348,64.617472,1.305631399154663,0.373604416847229,0.027750948444008827,0.009765625,0.11081922054290771,0.0,0.08098658919334412,1.4191112518310547,3.997406005859375,0.3133516311645508,0.0,17.0,0.0,0.0,17.0,0.0,17.0,0.319953719774882,0.20276612043380737,2.7437744140625,0.27509023745854694,0.021258908013502758,-0.061852455139160156
409,0.9781109120001474,64.617472,1.2929993867874146,0.3705641031265259,0.01673275977373123,0.009765625,0.1092623919248581,0.0,0.08173945546150208,1.4769901037216187,3.99678373336792,0.31371045112609863,0.0,13.0,0.0,0.0,13.0,0.0,13.0,0.31969348589579266,0.19262078404426575,2.7624104817708335,0.27466922998428345,0.021386442085107166,-0.061833083629608154
410,1.018493355999908,64.617472,1.259545922279358,0.3710555136203766,0.031639061868190765,0.009765625,0.10570358484983444,0.0,0.08180331438779831,1.5606591701507568,3.964017629623413,0.31360042095184326,0.0,20.0,0.0,0.0,20.0,0.0,20.0,0.31950928767522174,0.20134565234184265,2.7784016927083335,0.2744244535764058,0.021381984154383343,-0.06182068586349487
411,1.0108237629999621,64.617472,1.2151427268981934,0.3744174838066101,0.014355601742863655,0.009765625,0.10142365097999573,0.0,0.07852306216955185,1.6555089950561523,3.9973742961883545,0.30734169483184814,0.0,19.0,0.0,0.0,19.0,0.0,19.0,0.31967322031656903,0.20771777629852295,2.82421875,0.27462150653203327,0.021476333340009052,-0.061805009841918945
412,0.9989994860000024,64.617472,1.1762877702713013,0.38168075680732727,0.014699399471282959,0.009765625,0.09748848527669907,0.0,0.07780131697654724,1.7413077354431152,4.156012058258057,0.3001177906990051,0.0,11.0,0.0,0.0,11.0,0.0,11.0,0.31986818710962933,0.2083178609609604,2.8454996744791665,0.2749994198481242,0.02147793521483739,-0.06180185079574585
413,1.035957296000106,64.617472,1.175267219543457,0.39087724685668945,0.03247002139687538,0.009765625,0.09650199860334396,0.0,0.08020399510860443,1.7923226356506348,4.329575538635254,0.34903809428215027,0.0,17.0,0.0,0.0,17.0,0.0,17.0,0.3201920787493388,0.21006976068019867,2.8172607421875,0.2751363714536031,0.021482663849989574,-0.061808228492736816
414,1.0541454500000782,64.617472,1.1638309955596924,0.3981912136077881,0.033119697123765945,0.009765625,0.09574463218450546,0.0,0.07896507531404495,1.7311172485351562,4.335843086242676,0.3310422897338867,0.0,16.0,0.0,0.0,16.0,0.0,16.0,0.3206314245859782,0.21463237702846527,2.7847086588541665,0.2753458023071289,0.02148355295260747,-0.0617637038230896
415,1.0060289389998616,64.617472,1.1993905305862427,0.39515483379364014,0.03184138983488083,0.009765625,0.09940046072006226,0.0,0.07669302076101303,1.6627615690231323,4.269000053405762,0.34027594327926636,0.0,14.0,0.0,0.0,14.0,0.0,14.0,0.32071969906489056,0.2199535369873047,2.75439453125,0.27537794907887775,0.021479979157447815,-0.0617637038230896
416,1.0383097060000637,64.617472,1.247719407081604,0.38553375005722046,0.0372149683535099,0.0087890625,0.10409532487392426,0.0,0.07901637256145477,1.629246711730957,4.260265350341797,0.35228368639945984,0.0,14.0,0.0,0.0,14.0,0.0,14.0,0.32045163710912067,0.2165614366531372,2.7519938151041665,0.2751819094022115,0.021479470034440357,-0.06276458501815796
417,1.0068109419999018,64.617472,1.275201439857483,0.37404486536979675,0.014245583675801754,0.0087890625,0.10691555589437485,0.0,0.08035239577293396,1.6161584854125977,4.2028632164001465,0.36206138134002686,0.0,12.0,0.0,0.0,12.0,0.0,12.0,0.32005685567855835,0.21111512184143066,2.7478841145833335,0.27504467964172363,0.02148714413245519,-0.06259721517562866
418,1.021321946000171,64.617472,1.2887169122695923,0.36495980620384216,0.010554241016507149,0.0087890625,0.10802024602890015,0.0,0.08163739740848541,1.63059401512146,4.204001426696777,0.3808775842189789,0.0,23.0,0.0,0.0,23.0,0.0,23.0,0.3196691672007243,0.2086518406867981,2.7356363932291665,0.2746514876683553,0.021436333656311035,-0.0626489520072937
419,1.015409899000133,64.617472,1.2408300638198853,0.36472180485725403,0.04284964129328728,0.0087890625,0.10362984985113144,0.0,0.08016505092382431,1.6521222591400146,4.148637771606445,0.3436352610588074,0.0,12.0,0.0,0.0,12.0,0.0,12.0,0.3194692134857178,0.2075832039117813,2.7483723958333335,0.2744499246279399,0.021428972482681274,-0.06264251470565796
420,1.0348022369998944,64.617472,1.2380788326263428,0.3619385063648224,0.026966528967022896,0.0087890625,0.10294526815414429,0.0,0.08129952847957611,1.6803951263427734,4.3055877685546875,0.3515293002128601,0.0,12.0,0.0,0.0,12.0,0.0,12.0,0.3199118971824646,0.20824028551578522,2.7483723958333335,0.2747965653737386,0.021379629770914715,-0.06261074542999268
421,1.0300953189998836,64.617472,1.1755900382995605,0.3733727037906647,0.016550669446587563,0.0087890625,0.09646660089492798,0.0,0.08267691731452942,1.769240140914917,4.383691787719727,0.34190160036087036,0.0,14.0,0.0,0.0,14.0,0.0,14.0,0.3202775518099467,0.20962640643119812,2.720947265625,0.27528182665507,0.021369320650895435,-0.06259918212890625
422,1.0424130219998915,64.617472,1.1800966262817383,0.3847809433937073,0.038475401699543,0.0087890625,0.09648801386356354,0.0,0.08200893551111221,1.7669031620025635,4.612617492675781,0.35598087310791016,0.0,21.0,0.0,0.0,21.0,0.0,21.0,0.32086145877838135,0.21515926718711853,2.7068277994791665,0.2759058475494385,0.021326954166094463,-0.0626717209815979
423,1.0094043520000469,64.617472,1.1913363933563232,0.39317867159843445,0.04193446785211563,0.0087890625,0.09813643991947174,0.0,0.07995443046092987,1.6802473068237305,4.63207483291626,0.3294205665588379,0.0,14.0,0.0,0.0,14.0,0.0,14.0,0.3211117188135783,0.21052442491054535,2.6846923828125,0.2763654390970866,0.021300291021664936,-0.06304258108139038
424,1.0308200219999435,64.617472,1.2020326852798462,0.3990896940231323,0.033716559410095215,0.0087890625,0.09925683587789536,0.0,0.08079789578914642,1.6349695920944214,4.443083763122559,0.3426935076713562,0.0,16.0,0.0,0.0,16.0,0.0,16.0,0.32052433490753174,0.20961613953113556,2.6811930338541665,0.27568302551905316,0.021250185867150623,-0.0629240870475769
425,1.011133548999851,64.617472,1.2473762035369873,0.39538997411727905,0.012625516392290592,0.0087890625,0.10382010787725449,0.0,0.08158491551876068,1.5754830837249756,4.25678825378418,0.3541713356971741,0.0,17.0,0.0,0.0,17.0,0.0,17.0,0.3195517857869466,0.2091895192861557,2.7079264322916665,0.27481627464294434,0.0211540882786115,-0.06295639276504517
426,0.9991458770000463,64.617472,1.2403987646102905,0.3873836100101471,0.024067770689725876,0.0087890625,0.10352354496717453,0.0,0.08355262875556946,1.508886694908142,4.091620445251465,0.3234236538410187,0.0,11.0,0.0,0.0,11.0,0.0,11.0,0.31887948513031006,0.20563630759716034,2.7303059895833335,0.27404733498891193,0.021176973978678387,-0.06311684846878052
427,1.0092491630000495,64.617472,1.271338701248169,0.37079858779907227,0.025728736072778702,0.0087890625,0.10602596402168274,0.0,0.08947384357452393,1.544560194015503,4.051496505737305,0.35406869649887085,0.0,14.0,0.0,0.0,14.0,0.0,14.0,0.3180297414461772,0.2051195651292801,2.7275797526041665,0.27330013116200763,0.02122497061888377,-0.06321758031845093
428,1.0393999709999662,64.617472,1.2895256280899048,0.35957181453704834,0.025707915425300598,0.0087890625,0.10762889683246613,0.0,0.09160403907299042,1.6188740730285645,4.065186500549316,0.35395893454551697,0.0,21.0,0.0,0.0,21.0,0.0,21.0,0.31789517402648926,0.20935244858264923,2.7518310546875,0.2731022834777832,0.021350935101509094,-0.06309807300567627
429,1.0097364780001499,64.617472,1.3127353191375732,0.3512337803840637,0.013656020164489746,0.0087890625,0.10979195684194565,0.0,0.09265395998954773,1.6755180358886719,4.160728454589844,0.35759419202804565,0.0,14.0,0.0,0.0,14.0,0.0,14.0,0.31814465920130414,0.21115685999393463,2.7853597005208335,0.2732911507288615,0.021445535123348236,-0.06327778100967407
430,1.0515987500000392,64.617472,1.3155579566955566,0.3470079302787781,0.01692558079957962,0.0087890625,0.11012694239616394,0.0,0.09192122519016266,1.7200978994369507,4.188655376434326,0.36118221282958984,0.0,21.0,0.0,0.0,21.0,0.0,21.0,0.3186916907628377,0.21077649295330048,2.78515625,0.27425869305928546,0.02146625518798828,-0.06326884031295776
431,1.054196212999841,64.617472,1.2783117294311523,0.35139700770378113,0.015342989936470985,0.0087890625,0.10655957460403442,0.0,0.09138699620962143,1.7737455368041992,4.182795524597168,0.3554267883300781,0.0,19.0,0.0,0.0,19.0,0.0,19.0,0.31936713059743244,0.20990800857543945,2.8084716796875,0.27518461147944134,0.021373704075813293,-0.06305962800979614
432,1.177109449999989,64.617472,1.2313549518585205,0.3588021993637085,0.0261722132563591,0.0087890625,0.1020633727312088,0.0,0.08895911276340485,1.765151023864746,4.136462211608887,0.3580963611602783,0.0,18.0,0.0,0.0,18.0,0.0,18.0,0.32026668389638263,0.20863217115402222,2.7716064453125,0.27585381269454956,0.021474972367286682,-0.06317049264907837
433,1.0528257169999051,64.617472,1.2005943059921265,0.36980098485946655,0.011912236921489239,0.0087890625,0.09911978244781494,0.0,0.08730360120534897,1.6468071937561035,4.151689529418945,0.3664230704307556,0.0,21.0,0.0,0.0,21.0,0.0,21.0,0.3206602732340495,0.20612190663814545,2.7715657552083335,0.2763764063517253,0.02153548349936803,-0.06278449296951294
434,1.0177530809999098,64.617472,1.1681777238845825,0.384956955909729,0.023790225386619568,0.0087890625,0.09643469750881195,0.0,0.08086012303829193,1.508300542831421,4.14192008972168,0.3594134747982025,0.0,19.0,0.0,0.0,19.0,0.0,19.0,0.320978045463562,0.20649763941764832,2.7503662109375,0.2767125368118286,0.021570029358069103,-0.06267422437667847
435,1.0496687249999468,64.617472,1.1677751541137695,0.39332303404808044,0.019989656284451485,0.0087890625,0.09652581810951233,0.0,0.07855594158172607,1.4413642883300781,4.09468936920166,0.3604653775691986,0.0,19.0,0.0,0.0,19.0,0.0,19.0,0.3206021984418233,0.20839495956897736,2.7685139973958335,0.2762450973192851,0.02158621201912562,-0.06259578466415405
436,1.0510355419999087,64.617472,1.1645019054412842,0.40111735463142395,0.021338075399398804,0.0087890625,0.09636648744344711,0.0,0.07702729105949402,1.4202518463134766,4.003802299499512,0.3571907877922058,0.0,12.0,0.0,0.0,12.0,0.0,12.0,0.3202129403750102,0.20684438943862915,2.8120930989583335,0.27564241488774616,0.021490022540092468,-0.06254583597183228
437,1.0543997270001455,64.617472,1.1465615034103394,0.40426498651504517,0.02350112423300743,0.0078125,0.09471385926008224,0.0,0.07404494285583496,1.3755029439926147,3.9764907360076904,0.363784521818161,0.0,21.0,0.0,0.0,21.0,0.0,21.0,0.31968913475672406,0.20549312233924866,2.8218180338541665,0.2751605312029521,0.02147440363963445,-0.06254571676254272
438,1.0251751020000484,64.617472,1.0943666696548462,0.4039533734321594,0.017817609012126923,0.0078125,0.09000002592802048,0.0,0.07057946175336838,1.341230869293213,3.848191976547241,0.3456540107727051,0.0,9.0,0.0,0.0,9.0,0.0,9.0,0.3190285762151082,0.20159077644348145,2.8643798828125,0.27476994196573895,0.02143085499604543,-0.06265085935592651
439,1.0329446099999586,64.617472,1.1061229705810547,0.39642226696014404,0.044203463941812515,0.0078125,0.09073428809642792,0.0,0.07388131320476532,1.4215463399887085,3.800179958343506,0.34200501441955566,0.0,9.0,0.0,0.0,9.0,0.0,9.0,0.3179771701494853,0.19682694971561432,2.8679606119791665,0.27409974733988446,0.021438052256902058,-0.06327468156814575
440,1.032131364000179,64.617472,1.1328742504119873,0.38871005177497864,0.01377418078482151,0.0078125,0.09287812560796738,0.0,0.07447447627782822,1.5399060249328613,3.9711833000183105,0.36243653297424316,0.0,16.0,0.0,0.0,16.0,0.0,16.0,0.31824586788813275,0.19917961955070496,2.857177734375,0.2745137612024943,0.02148670454819997,-0.06323391199111938
441,0.9815107490001083,64.617472,1.1082978248596191,0.38814735412597656,0.0298305731266737,0.0078125,0.09025111049413681,0.0,0.07439910620450974,1.7145862579345703,4.151481628417969,0.3555537164211273,0.0,10.0,0.0,0.0,10.0,0.0,10.0,0.31907594203948975,0.20302940905094147,2.8411458333333335,0.275435209274292,0.02148917814095815,-0.06319743394851685
442,1.013337902000103,64.617472,1.1436011791229248,0.3835493326187134,0.0312176663428545,0.0078125,0.09358318895101547,0.0,0.0732298493385315,1.76931893825531,4.236937522888184,0.3674761652946472,0.0,22.0,0.0,0.0,22.0,0.0,22.0,0.3196628491083781,0.2047150880098343,2.8255615234375,0.2761341730753581,0.021469630300998688,-0.06322634220123291
443,0.9843221139999514,64.617472,1.128486156463623,0.3799298405647278,0.025597136467695236,0.0078125,0.09233826398849487,0.0,0.07185953855514526,1.7640104293823242,4.169389247894287,0.36922869086265564,0.0,9.0,0.0,0.0,9.0,0.0,9.0,0.32018838326136273,0.20415307581424713,2.8059895833333335,0.2763838768005371,0.02143777906894684,-0.06323617696762085
444,1.0194761289999406,64.617472,1.1454788446426392,0.3728153109550476,0.013631032779812813,0.0078125,0.09390127658843994,0.0,0.07476161420345306,1.6973341703414917,4.088234901428223,0.378701388835907,0.0,10.0,0.0,0.0,10.0,0.0,10.0,0.31968363126118976,0.20362187922000885,2.8162027994791665,0.2759413719177246,0.021507551272710163,-0.06326502561569214
445,1.084061174999988,64.617472,1.1530448198318481,0.3672383725643158,0.06207522749900818,0.0078125,0.09460459649562836,0.0,0.07751882076263428,1.6598899364471436,3.9992494583129883,0.38704079389572144,0.0,13.0,0.0,0.0,13.0,0.0,13.0,0.31947914759318036,0.20355544984340668,2.812255859375,0.2756129701932271,0.02150566875934601,-0.06185871362686157
446,1.0493096599998353,64.617472,1.1379989385604858,0.3691709637641907,0.02317984029650688,0.0078125,0.09293965995311737,0.0,0.07820330560207367,1.6218175888061523,4.05897331237793,0.3996708393096924,0.0,13.0,0.0,0.0,13.0,0.0,13.0,0.3198302189509074,0.20504243671894073,2.8273111979166665,0.27571972211201984,0.021460565427939098,-0.06185352802276611
447,1.0111508080001386,64.617472,1.1374034881591797,0.3751569986343384,0.013229839503765106,0.0078125,0.09277769923210144,0.0,0.07691489160060883,1.5951809883117676,4.218981742858887,0.4023941457271576,0.0,15.0,0.0,0.0,15.0,0.0,15.0,0.3199929396311442,0.2063751220703125,2.8056640625,0.2760972778002421,0.021448356409867603,-0.06185317039489746
448,1.0178370529999938,64.617472,1.1230548620224,0.3867855370044708,0.03137980028986931,0.0078125,0.0914643406867981,0.0,0.0728035420179367,1.6006211042404175,4.424620628356934,0.3943852186203003,0.0,17.0,0.0,0.0,17.0,0.0,17.0,0.3202876051266988,0.20566530525684357,2.8152669270833335,0.2765709161758423,0.02159251521031062,-0.06183922290802002
449,0.9846792890000415,64.617472,1.139175534248352,0.3951653242111206,0.04278052598237991,0.0078125,0.09319284558296204,0.0,0.07330026477575302,1.5527032613754272,4.4988203048706055,0.37608689069747925,0.0,10.0,0.0,0.0,10.0,0.0,10.0,0.3202134966850281,0.20464110374450684,2.773681640625,0.2764708598454793,0.021595748762289684,-0.06181967258453369
450,1.0359913869999673,64.617472,1.174187183380127,0.3931652307510376,0.03340645506978035,0.0078125,0.0966707095503807,0.0,0.07527525722980499,1.4689464569091797,4.417031764984131,0.3849833011627197,0.0,13.0,0.0,0.0,13.0,0.0,13.0,0.3200472593307495,0.198377788066864,2.7560221354166665,0.2761198878288269,0.021486053864161175,-0.06181776523590088
451,1.050196299999925,64.617472,1.1698017120361328,0.39056596159935,0.01907753385603428,0.0068359375,0.09651964157819748,0.0,0.07521972060203552,1.458103895187378,4.184286594390869,0.3721800744533539,0.0,14.0,0.0,0.0,14.0,0.0,14.0,0.319533904393514,0.19400453567504883,2.7452799479166665,0.2756207585334778,0.021483061214288075,-0.06183105707168579
452,1.0491374059999998,64.617472,1.1686855554580688,0.38074302673339844,0.015924138948321342,0.0068359375,0.09650599211454391,0.0,0.07516602426767349,1.4988231658935547,4.031373500823975,0.37040671706199646,0.0,16.0,0.0,0.0,16.0,0.0,16.0,0.31880690654118854,0.19396865367889404,2.7628173828125,0.2751413782437642,0.021493996183077495,-0.06183946132659912
453,1.0496976350000295,64.617472,1.1586657762527466,0.3679133951663971,0.06648711860179901,0.0068359375,0.09549222886562347,0.0,0.07692711055278778,1.5992059707641602,3.934602737426758,0.3655731678009033,0.0,7.0,0.0,0.0,7.0,0.0,7.0,0.31798497835795086,0.21401388943195343,2.803466796875,0.2745153506596883,0.021612425645192463,-0.061764657497406006
454,1.0239950580000823,64.617472,1.180416464805603,0.3587387800216675,0.06706631928682327,0.0068359375,0.09684091806411743,0.0,0.07942887395620346,1.7144744396209717,4.022728443145752,0.3995508551597595,0.0,16.0,0.0,0.0,16.0,0.0,16.0,0.31731947263081867,0.2084776759147644,2.8523763020833335,0.273859441280365,0.021583775679270428,-0.06176990270614624
455,1.0370844449998913,64.617472,1.1787769794464111,0.36406973004341125,0.025746967643499374,0.0068359375,0.09647588431835175,0.0,0.07895802706480026,1.778360366821289,4.351406097412109,0.381696879863739,0.0,12.0,0.0,0.0,12.0,0.0,12.0,0.3176267743110657,0.20336979627609253,2.8712565104166665,0.2744554281234741,0.02153914173444112,-0.06184673309326172
456,1.0568117430000257,64.617472,1.1896731853485107,0.37874943017959595,0.0377945601940155,0.0068359375,0.0967978984117508,0.0,0.08108548820018768,1.7836570739746094,4.647518157958984,0.41175636649131775,0.0,16.0,0.0,0.0,16.0,0.0,16.0,0.31851784388224286,0.20309504866600037,2.8080240885416665,0.2754425009091695,0.021614839633305866,-0.06182861328125
457,1.1494945859999461,64.617472,1.2118892669677734,0.3941951096057892,0.062295034527778625,0.0068359375,0.09894444048404694,0.0,0.07998830080032349,1.7096322774887085,4.828200817108154,0.41180557012557983,0.0,15.0,0.0,0.0,15.0,0.0,15.0,0.31978170077006024,0.20367003977298737,2.7196451822916665,0.2766856551170349,0.02152431259552638,-0.06252700090408325
458,1.0180679519999103,64.617472,1.1867533922195435,0.41023701429367065,0.06712979078292847,0.0068359375,0.09669788181781769,0.0,0.0787222608923912,1.6228399276733398,4.773082733154297,0.4066309332847595,0.0,15.0,0.0,0.0,15.0,0.0,15.0,0.32038124402364093,0.2036566138267517,2.6772867838541665,0.27727534373601276,0.021425604820251465,-0.06180793046951294
459,1.0386456329999874,64.617472,1.1681466102600098,0.4140750765800476,0.05205048993229866,0.0068359375,0.09534817934036255,0.0,0.07823704183101654,1.5560191869735718,4.485012054443359,0.405484676361084,0.0,17.0,0.0,0.0,17.0,0.0,17.0,0.3200448155403137,0.20618925988674164,2.6679280598958335,0.2768160303433736,0.021387336154778797,-0.06235992908477783
460,1.006503031999955,64.617472,1.1909775733947754,0.4058513343334198,0.022905515506863594,0.0068359375,0.09806352853775024,0.0,0.08025869727134705,1.556409239768982,4.174787521362305,0.3886336088180542,0.0,8.0,0.0,0.0,8.0,0.0,8.0,0.319106121857961,0.2105671763420105,2.6973470052083335,0.27541836102803546,0.02130049963792165,-0.06232142448425293
461,1.0344676660001824,64.617472,1.1871079206466675,0.3891334533691406,0.04065527021884918,0.0068359375,0.0975656732916832,0.0,0.08362036943435669,1.5847362279891968,3.941011428833008,0.40460890531539917,0.0,15.0,0.0,0.0,15.0,0.0,15.0,0.3179197112719218,0.21362373232841492,2.74755859375,0.27404969930648804,0.021376140415668488,-0.062284886837005615
462,1.025320334999833,64.617472,1.2407476902008057,0.3596608638763428,0.040131133049726486,0.0068359375,0.10311342775821686,0.0,0.08463817834854126,1.5825221538543701,3.839175224304199,0.39611488580703735,0.0,16.0,0.0,0.0,16.0,0.0,16.0,0.31744833787282306,0.21125398576259613,2.7975667317708335,0.27366940180460614,0.02142833173274994,-0.06233561038970947
463,0.9968841810000413,64.617472,1.2847644090652466,0.33834099769592285,0.122587651014328,0.0068359375,0.10747140645980835,0.0,0.0879334807395935,1.6386418342590332,3.8191299438476562,0.3836476802825928,0.0,15.0,0.0,0.0,15.0,0.0,15.0,0.3178317944208781,0.2074330449104309,2.8094889322916665,0.2738429109255473,0.021410730977853138,-0.06247609853744507
464,0.9816127679998772,64.617472,1.3180540800094604,0.3307923376560211,0.052836623042821884,0.0068359375,0.11049449443817139,0.0,0.0876920148730278,1.6447361707687378,3.9942626953125,0.3983367383480072,0.0,18.0,0.0,0.0,18.0,0.0,18.0,0.3188690145810445,0.2012540102005005,2.8257649739583335,0.27461912234624225,0.021402162810166676,-0.06259971857070923
465,0.965948649999973,64.617472,1.2603387832641602,0.346657395362854,0.021811196580529213,0.0068359375,0.10452881455421448,0.0,0.08688219636678696,1.7323246002197266,4.248298168182373,0.3843512237071991,0.0,13.0,0.0,0.0,13.0,0.0,13.0,0.3199528257052104,0.20049390196800232,2.8264567057291665,0.27555425961812335,0.021493146816889446,-0.06270378828048706
466,0.9941295529999934,64.617472,1.2225465774536133,0.3733522295951843,0.034570008516311646,0.0068359375,0.10048791766166687,0.0,0.0860641822218895,1.7670753002166748,4.521787643432617,0.38406461477279663,0.0,14.0,0.0,0.0,14.0,0.0,14.0,0.3207772572835286,0.20032024383544922,2.769775390625,0.27636194229125977,0.02154510219891866,-0.06281840801239014
467,1.0261966769999162,64.617472,1.2044084072113037,0.4002058207988739,0.07145853340625763,0.0068359375,0.0987183079123497,0.0,0.08406949043273926,1.6101850271224976,4.65810489654541,0.3870188593864441,0.0,19.0,0.0,0.0,19.0,0.0,19.0,0.3213462034861247,0.19559167325496674,2.7247314453125,0.27695510784784955,0.021554273863633473,-0.0629313588142395
468,1.029796160999922,64.617472,1.2297943830490112,0.42029455304145813,0.07960151135921478,0.0068359375,0.1017681360244751,0.0,0.08099135011434555,1.42617928981781,4.6198649406433105,0.38988417387008667,0.0,16.0,0.0,0.0,16.0,0.0,16.0,0.32197930415471393,0.19587531685829163,2.6698404947916665,0.2770907481511434,0.02148137738307317,-0.06299334764480591
469,1.053356481000037,64.617472,1.2750047445297241,0.4304649531841278,0.07372535765171051,0.0068359375,0.10687936842441559,0.0,0.07918287813663483,1.411381483078003,4.358624458312988,0.37324756383895874,0.0,18.0,0.0,0.0,18.0,0.0,18.0,0.3216034173965454,0.1995222121477127,2.6417236328125,0.2766886353492737,0.021474093198776245,-0.06219702959060669
470,1.0970952019999913,64.617472,1.2640540599822998,0.42780327796936035,0.04998301342129707,0.0068359375,0.10624746978282928,0.0,0.07540927827358246,1.4358190298080444,4.005814552307129,0.3724338412284851,0.0,17.0,0.0,0.0,17.0,0.0,17.0,0.32050790389378864,0.20016343891620636,2.7419026692708335,0.2752981384595235,0.021435603499412537,-0.06298035383224487
471,1.0719929819999834,64.617472,1.1975382566452026,0.41256049275398254,0.061804596334695816,0.0068359375,0.09985403716564178,0.0,0.076442189514637,1.5112850666046143,3.646711826324463,0.36073946952819824,0.0,11.0,0.0,0.0,11.0,0.0,11.0,0.3183160026868184,0.19742661714553833,2.8055013020833335,0.2730551560719808,0.021283961832523346,-0.06293338537216187
472,1.0409549819999029,64.617472,1.2087129354476929,0.37876075506210327,0.04736243933439255,0.0068359375,0.10076254606246948,0.0,0.07732870429754257,1.6012616157531738,3.5166754722595215,0.3671659827232361,0.0,17.0,0.0,0.0,17.0,0.0,17.0,0.31631215413411456,0.19501161575317383,2.8253173828125,0.2710009018580119,0.021237559616565704,-0.06286615133285522
473,1.0213598380000803,64.617472,1.2373090982437134,0.3513507843017578,0.0617205947637558,0.0068359375,0.10352091491222382,0.0,0.07748690247535706,1.7659997940063477,3.5756945610046387,0.3494292199611664,0.0,16.0,0.0,0.0,16.0,0.0,16.0,0.3154842257499695,0.19905617833137512,2.8333740234375,0.2703767816225688,0.021239856878916424,-0.06285816431045532
474,1.0214171930001612,64.617472,1.277235507965088,0.33384495973587036,0.16055989265441895,0.0068359375,0.10715370625257492,0.0,0.07953300327062607,1.9414513111114502,3.7179126739501953,0.3423376679420471,0.0,11.0,0.0,0.0,11.0,0.0,11.0,0.3158211310704549,0.20201343297958374,2.8501790364583335,0.2703672448794047,0.021221262713273365,-0.06297266483306885
475,1.0334399329999542,64.617472,1.2945997714996338,0.3348827660083771,0.09801682829856873,0.0068359375,0.1080697700381279,0.0,0.08487400412559509,2.19473934173584,4.0549211502075195,0.3420032858848572,0.0,7.0,0.0,0.0,7.0,0.0,7.0,0.31682254870732623,0.2022690623998642,2.847900390625,0.2711598873138428,0.021282921234766643,-0.06303900480270386
476,1.0721591239998816,64.617472,1.2604645490646362,0.35477226972579956,0.03971214219927788,0.0068359375,0.10379371047019958,0.0,0.08548812568187714,2.3799471855163574,4.725224494934082,0.34795674681663513,0.0,21.0,0.0,0.0,21.0,0.0,21.0,0.3188108603159587,0.20097452402114868,2.8012288411458335,0.27287358045578003,0.021284053723017376,-0.06305962800979614
477,0.9744942029999493,64.617472,1.2207356691360474,0.3813056945800781,0.06967715173959732,0.0068359375,0.09938186407089233,0.0,0.08541970700025558,2.3509488105773926,5.3585920333862305,0.3438875377178192,0.0,14.0,0.0,0.0,14.0,0.0,14.0,0.32071707646052044,0.19978854060173035,2.7034505208333335,0.2747702399889628,0.021328228215376537,-0.0629836916923523
478,1.006003918000033,64.617472,1.2589819431304932,0.39971011877059937,0.0974053144454956,0.0068359375,0.10290106385946274,0.0,0.08491355180740356,2.098090648651123,5.665836334228516,0.36136946082115173,0.0,18.0,0.0,0.0,18.0,0.0,18.0,0.32139013210932416,0.20218133926391602,2.6177978515625,0.2757834593454997,0.021274504562218983,-0.06312006711959839
479,1.003337472999874,64.617472,1.3567060232162476,0.4046948254108429,0.10800733417272568,0.0068359375,0.1127137541770935,0.0,0.0861520916223526,1.8227099180221558,5.628631114959717,0.3724515438079834,0.0,17.0,0.0,0.0,17.0,0.0,17.0,0.3209221561749776,0.1992468237876892,2.6058756510416665,0.2759313186009725,0.021291933953762054,-0.06311053037643433
480,0.9841552919999685,64.617472,1.401909351348877,0.4077438712120056,0.08508671820163727,0.0068359375,0.11723210662603378,0.0,0.08968843519687653,1.6992595195770264,5.294076442718506,0.3868388533592224,0.0,16.0,0.0,0.0,16.0,0.0,16.0,0.32036159435908,0.19939464330673218,2.62255859375,0.27553518613179523,0.021223229666550953,-0.06263822317123413
481,0.9393274460001066,64.617472,1.44283127784729,0.39655783772468567,0.05623575672507286,0.0068359375,0.12185757607221603,0.0,0.09520124644041061,1.6121795177459717,4.706489562988281,0.37285226583480835,0.0,9.0,0.0,0.0,9.0,0.0,9.0,0.3197718858718872,0.21151103079319,2.597412109375,0.27483906348546344,0.0211930051445961,-0.06255900859832764
482,0.9563688589998947,64.617472,1.4718657732009888,0.37482529878616333,0.026041388511657715,0.0068359375,0.12470975518226624,0.0,0.10448222607374191,1.6305502653121948,4.1633501052856445,0.3806955814361572,0.0,12.0,0.0,0.0,12.0,0.0,12.0,0.3182708223660787,0.20983198285102844,2.5707194010416665,0.2734669049580892,0.021186523139476776,-0.06254631280899048
483,0.9524719339999592,64.617472,1.4894894361495972,0.34740257263183594,0.10486440360546112,0.0068359375,0.12579353153705597,0.0,0.11616158485412598,1.8113492727279663,3.8898704051971436,0.3730494976043701,0.0,11.0,0.0,0.0,11.0,0.0,11.0,0.3161339561144511,0.20921607315540314,2.5491536458333335,0.2716023524602254,0.021176842351754505,-0.06331545114517212
484,0.9780936419999762,64.617472,1.563672423362732,0.31932926177978516,0.045848846435546875,0.0068359375,0.13240781426429749,0.0,0.12510190904140472,2.0313680171966553,3.9454221725463867,0.37283194065093994,0.0,13.0,0.0,0.0,13.0,0.0,13.0,0.31483260790507,0.20771920680999756,2.564453125,0.27034489313761395,0.021270195643107098,-0.06317627429962158
485,1.0812798200001907,64.617472,1.618276834487915,0.30250999331474304,0.08588521927595139,0.0078125,0.13696619868278503,0.0,0.13300973176956177,2.353393077850342,3.9939002990722656,0.40744397044181824,0.0,22.0,0.0,1.0,21.0,0.0,22.0,0.31412263711293537,0.20855599641799927,2.5789794921875,0.2698094646135966,0.021418931583563488,-0.06300729513168335
486,0.9671138659998633,64.617472,1.6189395189285278,0.2915220260620117,0.041491322219371796,0.0078125,0.13671138882637024,0.0,0.13397067785263062,2.6194794178009033,4.217582702636719,0.4094099998474121,0.0,30.0,0.0,0.0,30.0,0.0,30.0,0.3144572178522746,0.20908403396606445,2.6072998046875,0.27049416303634644,0.02145244429508845,-0.06289571523666382
487,0.9989155160001246,64.617472,1.6290820837020874,0.28971144556999207,0.027841294184327126,0.0078125,0.13731563091278076,0.0,0.13395875692367554,2.634768486022949,4.579093933105469,0.43460363149642944,0.0,31.0,0.0,0.0,31.0,0.0,31.0,0.31559497117996216,0.2039831578731537,2.6063232421875,0.2714560031890869,0.021382078528404236,-0.06280738115310669
488,1.0028604540000288,64.617472,1.6191585063934326,0.29643404483795166,0.022898077964782715,0.0078125,0.13668225705623627,0.0,0.12802298367023468,2.399827003479004,4.809762477874756,0.44464749097824097,0.0,42.0,0.0,0.0,42.0,0.0,42.0,0.3168158531188965,0.2021133005619049,2.5612386067708335,0.2725844581921895,0.021428699294726055,-0.06284528970718384
489,0.9776559439999346,64.617472,1.645269513130188,0.3017219603061676,0.024526694789528847,0.0078125,0.14009329676628113,0.0,0.11810921132564545,2.0566439628601074,4.8541107177734375,0.43332919478416443,0.0,35.0,0.0,0.0,35.0,0.0,35.0,0.3175036112467448,0.20271141827106476,2.5376790364583335,0.2733345031738281,0.021350443363189697,-0.06284981966018677
490,0.9783782109998356,64.617472,1.606359601020813,0.313577800989151,0.026414675638079643,0.0078125,0.13670599460601807,0.0,0.11433055251836777,1.82448410987854,4.871026515960693,0.4007661044597626,0.0,23.0,0.0,0.0,23.0,0.0,23.0,0.31743520498275757,0.2058030366897583,2.5420735677083335,0.273658553759257,0.021252493063608806,-0.06283766031265259
491,0.9699850340000467,64.617472,1.540591835975647,0.32759523391723633,0.020281612873077393,0.0078125,0.13107256591320038,0.0,0.1115487813949585,1.5445888042449951,4.604625225067139,0.37262505292892456,0.0,21.0,0.0,0.0,21.0,0.0,21.0,0.3176196217536926,0.20389607548713684,2.5360921223958335,0.27407656113306683,0.021245611210664112,-0.06285899877548218
492,0.990594751000117,64.617472,1.4754986763000488,0.34909865260124207,0.025452734902501106,0.0078125,0.1242760643362999,0.0,0.11420409381389618,1.388270616531372,4.301392555236816,0.41063401103019714,0.0,22.0,0.0,0.0,22.0,0.0,22.0,0.31690847873687744,0.203546941280365,2.5123697916666665,0.27351107199986774,0.02126069615284602,-0.06297570466995239
493,1.0230928739999854,64.617472,1.460702657699585,0.36217713356018066,0.02622224949300289,0.0078125,0.1230127215385437,0.0,0.11097382009029388,1.322932481765747,4.076216220855713,0.3895193934440613,0.0,25.0,0.0,0.0,25.0,0.0,25.0,0.3161467711130778,0.20497819781303406,2.5520426432291665,0.27282506227493286,0.02129882574081421,-0.06301146745681763
494,0.9734798689999025,64.617472,1.4112595319747925,0.3739674687385559,0.029069174081087112,0.0078125,0.11839722096920013,0.0,0.10911421477794647,1.3701990842819214,3.8660688400268555,0.3630230128765106,0.0,20.0,0.0,0.0,20.0,0.0,20.0,0.3152530590693156,0.2003343254327774,2.6665445963541665,0.2718874216079712,0.02141740421454112,-0.06244117021560669
495,0.992864230999885,64.617472,1.3345946073532104,0.3804943561553955,0.02184835635125637,0.0078125,0.11096857488155365,0.0,0.11185376346111298,1.4713411331176758,3.5335988998413086,0.3614356219768524,0.0,19.0,0.0,0.0,19.0,0.0,19.0,0.3145768642425537,0.19480757415294647,2.7230631510416665,0.2711830933888753,0.021284783879915874,-0.062340736389160156
496,1.016213020000123,64.617472,1.2651009559631348,0.3785322904586792,0.017924245446920395,0.0078125,0.1043335497379303,0.0,0.1091495081782341,1.6238278150558472,3.535658597946167,0.35396283864974976,0.0,26.0,0.0,0.0,26.0,0.0,26.0,0.3153090278307597,0.1946268379688263,2.7559000651041665,0.2719638744990031,0.02118627478679021,-0.06227678060531616
497,1.0214675590000297,64.617472,1.1987744569778442,0.37703099846839905,0.011112716980278492,0.0078125,0.09825396537780762,0.0,0.10464201867580414,1.7466243505477905,3.6322855949401855,0.3417496085166931,0.0,26.0,0.0,0.0,26.0,0.0,26.0,0.31663042306900024,0.19588279724121094,2.7821858723958335,0.2732287645339966,0.02116852005322774,-0.062162816524505615
498,1.0313892720000695,64.617472,1.206267237663269,0.3676653504371643,0.009181439876556396,0.0087890625,0.09903180599212646,0.0,0.10266236960887909,1.8192195892333984,3.686062812805176,0.3584059178829193,0.0,25.0,0.0,1.0,24.0,0.0,25.0,0.31753899653752643,0.2017734944820404,2.7751871744791665,0.2740858197212219,0.021212597688039143,-0.06213873624801636
499,1.0621530569999322,64.617472,1.2488009929656982,0.35943031311035156,0.022752968594431877,0.0087890625,0.10320544242858887,0.0,0.10067848861217499,1.9524412155151367,3.770343542098999,0.3522110879421234,0.0,19.0,0.0,0.0,19.0,0.0,19.0,0.31757688522338867,0.20626693964004517,2.7904052734375,0.27439939975738525,0.02121136834224065,-0.06219279766082764
500,1.045164368000087,64.617472,1.3089581727981567,0.35024434328079224,0.0253872312605381,0.0087890625,0.10890942066907883,0.0,0.09860434383153915,2.0149788856506348,3.9872207641601562,0.3668188750743866,0.0,25.0,0.0,0.0,25.0,0.0,25.0,0.31788859764734906,0.2076241374015808,2.7741292317708335,0.27461159229278564,0.021214790642261505,-0.06237858533859253
501,1.051913863999971,64.617472,1.3477916717529297,0.3414311408996582,0.027933403849601746,0.0087890625,0.11334636807441711,0.0,0.09337659925222397,1.9491099119186401,4.090146064758301,0.35572347044944763,0.0,21.0,0.0,0.0,21.0,0.0,21.0,0.3186747034390767,0.20753419399261475,2.739501953125,0.2754364212354024,0.021245708068211872,-0.06232684850692749
502,1.0347927119998985,64.617472,1.3667103052139282,0.3418874740600586,0.015223964117467403,0.009765625,0.1154998168349266,0.0,0.0904589295387268,1.899969458580017,4.124913215637207,0.3566280007362366,0.0,33.0,0.0,1.0,32.0,0.0,33.0,0.31939963499705,0.2076496034860611,2.738037109375,0.276241938273112,0.021313707033793133,-0.06225103139877319
503,1.0200108409999302,64.617472,1.32785964012146,0.3487507104873657,0.01697051338851452,0.009765625,0.11238016933202744,0.0,0.08200334012508392,1.742632269859314,4.304462432861328,0.3433878421783447,0.0,19.0,0.0,0.0,19.0,0.0,19.0,0.3209297259648641,0.20644532144069672,2.7521565755208335,0.2775310277938843,0.021337027351061504,-0.06221562623977661
504,0.9985655719999613,64.617472,1.2648547887802124,0.3626762628555298,0.009025351144373417,0.0078125,0.10649552196264267,0.0,0.07958933711051941,1.5664873123168945,4.190641403198242,0.3456766605377197,0.0,18.0,1.0,0.0,19.0,0.0,18.0,0.32173941532770794,0.2038819044828415,2.7327067057291665,0.2783517638842265,0.021349723140398662,-0.06211119890213013
505,0.9682402509999974,64.617472,1.216420292854309,0.37784773111343384,0.01728888973593712,0.0078125,0.10215529054403305,0.0,0.0791122317314148,1.4433245658874512,4.103048324584961,0.3162802755832672,0.0,14.0,0.0,0.0,14.0,0.0,14.0,0.3224500815073649,0.20211049914360046,2.7185872395833335,0.2787633538246155,0.02147165189186732,-0.06201481819152832
506,1.0231486170000608,64.617472,1.1429533958435059,0.3990354537963867,0.018885966390371323,0.0078125,0.0945432186126709,0.0,0.08132427930831909,1.4065487384796143,3.990388870239258,0.32608863711357117,0.0,12.0,0.0,0.0,12.0,0.0,12.0,0.3223726749420166,0.20239274203777313,2.7134195963541665,0.27843568722407025,0.021467822293440502,-0.06200110912322998
507,0.9985276269999304,64.617472,1.1490120887756348,0.4057588577270508,0.02453400194644928,0.0078125,0.09513042867183685,0.0,0.08221347630023956,1.3843454122543335,3.9118151664733887,0.3216589093208313,0.0,13.0,0.0,0.0,13.0,0.0,13.0,0.3218713005383809,0.20680944621562958,2.7105305989583335,0.27767324447631836,0.0214519997437795,-0.06207066774368286
508,0.9447971689999122,64.617472,1.1365994215011597,0.40824171900749207,0.026825236156582832,0.0078125,0.09413039684295654,0.0,0.08088545501232147,1.3508167266845703,3.793429136276245,0.3167712390422821,0.0,16.0,0.0,0.0,16.0,0.0,16.0,0.32130904992421466,0.20881538093090057,2.750732421875,0.277163565158844,0.021448493003845215,-0.061397016048431396
509,0.9882847740000216,64.617472,1.1076480150222778,0.4095659852027893,0.01757722534239292,0.0078125,0.09109322726726532,0.0,0.08142480254173279,1.420638084411621,3.7772653102874756,0.313896507024765,0.0,13.0,0.0,0.0,13.0,0.0,13.0,0.3206671476364136,0.2152501344680786,2.7933756510416665,0.2765657901763916,0.021513953804969788,-0.04974907636642456
510,1.041033046000166,64.617472,1.1545031070709229,0.39983069896698,0.015922335907816887,0.0078125,0.09564393013715744,0.0,0.08295878022909164,1.4879153966903687,3.9083125591278076,0.3016481101512909,0.0,14.0,0.0,0.0,14.0,0.0,14.0,0.3204652468363444,0.21718277037143707,2.8096923828125,0.27636468410491943,0.021440133452415466,-0.05361098051071167
511,1.0196204750000106,64.617472,1.1946568489074707,0.38501787185668945,0.011782473884522915,0.0078125,0.0996311604976654,0.0,0.08080889284610748,1.5475640296936035,3.979051351547241,0.3038176894187927,0.0,18.0,0.0,0.0,18.0,0.0,18.0,0.3206605513890584,0.20581451058387756,2.7940266927083335,0.27676548560460407,0.021395246187845867,-0.06305629014968872
512,1.0008421400000316,64.617472,1.2286003828048706,0.3696260452270508,0.022506309673190117,0.0078125,0.10270139575004578,0.0,0.0802115872502327,1.6787904500961304,4.0466156005859375,0.31813016533851624,0.0,14.0,0.0,0.0,14.0,0.0,14.0,0.3202093044916789,0.19815488159656525,2.7918701171875,0.27668901284535724,0.021406094233194988,-0.06297367811203003
513,0.99595075000002,64.617472,1.2260987758636475,0.35958701372146606,0.0136132026091218,0.0078125,0.10212059319019318,0.0,0.079526387155056,1.7911685705184937,4.155341148376465,0.3392772376537323,0.0,18.0,0.0,0.0,18.0,0.0,18.0,0.32027633984883624,0.19759488105773926,2.7959798177083335,0.27641260623931885,0.02136235435803731,-0.06299251317977905
514,0.9527269979998891,64.617472,1.2615642547607422,0.3500349223613739,0.04169359430670738,0.0078125,0.10571323335170746,0.0,0.07818210124969482,1.8228988647460938,4.187130928039551,0.3377476632595062,0.0,13.0,0.0,0.0,13.0,0.0,13.0,0.3201696475346883,0.20671074092388153,2.7828369140625,0.2760729988416036,0.02127537876367569,-0.0630308985710144
515,1.0036570740001025,64.617472,1.2939499616622925,0.3469656705856323,0.05244632437825203,0.0078125,0.10843490064144135,0.0,0.08063732832670212,1.8486722707748413,4.2579874992370605,0.3578142523765564,0.0,14.0,0.0,0.0,14.0,0.0,14.0,0.3197198510169983,0.20513541996479034,2.7862141927083335,0.2754475275675456,0.021304398775100708,-0.06311458349227905
516,0.9664627629999814,64.617472,1.2871931791305542,0.34986647963523865,0.010776855051517487,0.0078125,0.10790000855922699,0.0,0.0770852267742157,1.7702277898788452,4.511347770690918,0.35139092803001404,0.0,17.0,0.0,0.0,17.0,0.0,17.0,0.3195386330286662,0.20130358636379242,2.7956949869791665,0.275440514087677,0.021374260385831196,-0.06322640180587769
517,0.9747467250001591,64.617472,1.3181079626083374,0.35401156544685364,0.01600717380642891,0.0078125,0.1110265851020813,0.0,0.07669263333082199,1.6162627935409546,4.634853363037109,0.35154661536216736,0.0,16.0,0.0,0.0,16.0,0.0,16.0,0.3197873036066691,0.20146188139915466,2.7842610677083335,0.27555567026138306,0.02136119951804479,-0.06336641311645508
518,0.9827970199999072,64.617472,1.28439462184906,0.36795443296432495,0.010852457955479622,0.0078125,0.10751134157180786,0.0,0.07578442245721817,1.530082106590271,4.660716533660889,0.3691747784614563,0.0,19.0,0.0,0.0,19.0,0.0,19.0,0.3196580410003662,0.20397193729877472,2.7371419270833335,0.27540385723114014,0.02136021852493286,-0.06353551149368286
519,0.9583109640000202,64.617472,1.2546383142471313,0.3801668882369995,0.025141319260001183,0.0078125,0.10515254735946655,0.0,0.07280512154102325,1.4061836004257202,4.69815731048584,0.31459254026412964,0.0,14.0,0.0,0.0,14.0,0.0,14.0,0.31944260994593304,0.204026460647583,2.72265625,0.2753075162569682,0.021297392745812733,-0.06367868185043335
520,0.9492604910001319,64.617472,1.2487132549285889,0.3898095488548279,0.03295528143644333,0.0078125,0.10429259389638901,0.0,0.07423135638237,1.3467481136322021,4.673830032348633,0.32598283886909485,0.0,10.0,0.0,0.0,10.0,0.0,10.0,0.3183651963869731,0.20230306684970856,2.71875,0.2746359507242839,0.021309974292914074,-0.06373316049575806
521,0.9443024879999484,64.617472,1.2088487148284912,0.398393452167511,0.02643665298819542,0.0078125,0.10045900195837021,0.0,0.07758258283138275,1.3843939304351807,4.419619560241699,0.2995526194572449,0.0,8.0,0.0,0.0,8.0,0.0,8.0,0.31706706682840985,0.20043979585170746,2.7347005208333335,0.2735481858253479,0.021369631091753643,-0.06347447633743286
522,0.9898486419999699,64.617472,1.2317856550216675,0.39537256956100464,0.06267188489437103,0.0078125,0.10226833820343018,0.0,0.08401983976364136,1.4267101287841797,4.2702131271362305,0.3155168294906616,0.0,8.0,0.0,0.0,8.0,0.0,8.0,0.3161113460858663,0.20593273639678955,2.7742513020833335,0.2724130153656006,0.021399947504202526,-0.06309133768081665
523,0.9606423059999543,64.617472,1.2657390832901,0.38843661546707153,0.03395712748169899,0.0078125,0.10525038093328476,0.0,0.08639880269765854,1.4521640539169312,4.394079208374023,0.3336432874202728,0.0,15.0,0.0,0.0,15.0,0.0,15.0,0.3163510759671529,0.20752960443496704,2.8026529947916665,0.2725101312001546,0.021439944704373676,-0.06282925605773926
524,0.9261753970001791,64.617472,1.2433661222457886,0.38908857107162476,0.033342596143484116,0.0078125,0.10302460193634033,0.0,0.08894040435552597,1.5556268692016602,4.428045272827148,0.32231295108795166,0.0,11.0,0.0,0.0,11.0,0.0,11.0,0.31756017605463666,0.20369060337543488,2.8032633463541665,0.27346205711364746,0.02134689688682556,-0.06379228830337524
525,0.9472434029999022,64.617472,1.228709101676941,0.3855912685394287,0.01938677951693535,0.0078125,0.10134198516607285,0.0,0.09100955724716187,1.6779232025146484,4.359859466552734,0.3408818244934082,0.0,21.0,0.0,0.0,21.0,0.0,21.0,0.3187295397122701,0.20352794229984283,2.7557373046875,0.274486780166626,0.021341346204280853,-0.06369417905807495
526,0.9465438320000885,64.617472,1.248580813407898,0.3747307062149048,0.026238884776830673,0.0078125,0.10326047241687775,0.0,0.09014344215393066,1.7445564270019531,4.337244033813477,0.3636274039745331,0.0,18.0,0.0,0.0,18.0,0.0,18.0,0.3198164105415344,0.20462442934513092,2.7279866536458335,0.2754550774892171,0.02133895456790924,-0.06352442502975464
527,1.0968153630001325,64.617472,1.280548095703125,0.3608037233352661,0.024358615279197693,0.0078125,0.10632292926311493,0.0,0.09043125808238983,1.8153455257415771,4.257162094116211,0.38258180022239685,0.0,21.0,0.0,0.0,21.0,0.0,21.0,0.32042845090230304,0.2060476690530777,2.7319742838541665,0.2758915225664775,0.02131762107213338,-0.06341809034347534
528,0.9933501369998794,64.617472,1.2493970394134521,0.3569597899913788,0.02139609307050705,0.0087890625,0.10404980182647705,0.0,0.08493798971176147,1.7897899150848389,4.143049716949463,0.3580467700958252,0.0,24.0,0.0,1.0,23.0,0.0,24.0,0.32118167479832965,0.20504483580589294,2.76025390625,0.27629180749257404,0.021233888963858288,-0.06333267688751221
529,0.9512339619998329,64.617472,1.239559531211853,0.35692358016967773,0.0343640074133873,0.0087890625,0.10337407886981964,0.0,0.08188953995704651,1.6815088987350464,3.993101119995117,0.3719038665294647,0.0,19.0,0.0,0.0,19.0,0.0,19.0,0.3212883671124776,0.20422445237636566,2.7840169270833335,0.2761337359746297,0.02123989164829254,-0.06335002183914185
530,0.9557115650000014,64.617472,1.2688841819763184,0.35632550716400146,0.0242218766361475,0.0087890625,0.10643710941076279,0.0,0.0809088796377182,1.6343154907226562,3.9669721126556396,0.3799218535423279,0.0,16.0,0.0,0.0,16.0,0.0,16.0,0.3214213252067566,0.20244772732257843,2.7895100911458335,0.27648236354192096,0.021303681035836537,-0.06353944540023804
531,0.9804825789999541,64.617472,1.2586253881454468,0.3629337549209595,0.03736388683319092,0.0087890625,0.1054646223783493,0.0,0.08130224049091339,1.572344183921814,4.0478363037109375,0.37971410155296326,0.0,16.0,0.0,0.0,16.0,0.0,16.0,0.3217596411705017,0.20334981381893158,2.7784423828125,0.27687503894170123,0.021353212495644886,-0.06373876333236694
532,0.9864042640001571,64.617472,1.2109683752059937,0.3804813623428345,0.013422827236354351,0.0087890625,0.10091708600521088,0.0,0.07952555269002914,1.503401517868042,4.13149356842041,0.35466012358665466,0.0,19.0,0.0,0.0,19.0,0.0,19.0,0.3216760754585266,0.20517010986804962,2.7933349609375,0.27719096342722577,0.021377623081207275,-0.06393349170684814
533,0.9730362109999078,64.617472,1.2199714183807373,0.3925371766090393,0.019148025661706924,0.0087890625,0.10170000791549683,0.0,0.0802537277340889,1.4143779277801514,4.163866996765137,0.3478442132472992,0.0,13.0,0.0,0.0,13.0,0.0,13.0,0.3211495478947957,0.20593777298927307,2.7803141276041665,0.27671531836191815,0.021546815832455952,-0.0640985369682312
534,0.9745627080001213,64.617472,1.18916916847229,0.40761107206344604,0.036763373762369156,0.0087890625,0.09872478246688843,0.0,0.08020203560590744,1.3877878189086914,4.140292167663574,0.33110660314559937,0.0,12.0,0.0,0.0,12.0,0.0,12.0,0.3203031023343404,0.20240040123462677,2.7699381510416665,0.27572713295618695,0.02155929058790207,-0.06415754556655884
535,0.9700462610001068,64.617472,1.2073312997817993,0.41466107964515686,0.042701493948698044,0.0078125,0.10029776394367218,0.0,0.08157282322645187,1.3893868923187256,4.098665714263916,0.33847784996032715,0.0,13.0,0.0,0.0,13.0,0.0,13.0,0.31928040583928424,0.197576642036438,2.7632242838541665,0.2744554082552592,0.021586398283640545,-0.06413429975509644
536,0.95435339200003,64.617472,1.1560473442077637,0.4209831953048706,0.03916328400373459,0.0078125,0.09504785388708115,0.0,0.0815911740064621,1.458801507949829,4.027358055114746,0.34454840421676636,0.0,15.0,0.0,0.0,15.0,0.0,15.0,0.3184952934583028,0.1984998732805252,2.8086344401041665,0.273632009824117,0.021547260383764904,-0.06401365995407104
537,1.0182676410001932,64.617472,1.0869134664535522,0.4199230372905731,0.01868114247918129,0.0068359375,0.08822029829025269,0.0,0.08223599195480347,1.5421626567840576,3.9312045574188232,0.35006487369537354,0.0,19.0,0.0,0.0,19.0,0.0,19.0,0.31799978017807007,0.19888688623905182,2.8139241536458335,0.2733458876609802,0.02151837944984436,-0.06393557786941528
538,1.024350381999966,64.617472,1.0683839321136475,0.4042971432209015,0.011720106936991215,0.0068359375,0.0871206670999527,0.0,0.07649564743041992,1.555860996246338,3.916682243347168,0.31556981801986694,0.0,15.0,0.0,0.0,15.0,0.0,15.0,0.31832871834437054,0.20272471010684967,2.8372802734375,0.2739429473876953,0.021478377282619476,-0.0634835958480835
539,1.0513103169998885,64.617472,1.1107885837554932,0.38414424657821655,0.039522089064121246,0.0068359375,0.09090600907802582,0.0,0.07754209637641907,1.67268967628479,4.01400089263916,0.3335527777671814,0.0,16.0,0.0,0.0,16.0,0.0,16.0,0.31845680872599286,0.205762580037117,2.8403727213541665,0.274129052956899,0.021428152918815613,-0.06334465742111206
540,1.0204701510001541,64.617472,1.1240113973617554,0.3699740469455719,0.03446933254599571,0.0068359375,0.09213131666183472,0.0,0.0760631188750267,1.7354762554168701,4.098599433898926,0.33389610052108765,0.0,11.0,0.0,0.0,11.0,0.0,11.0,0.31867645184199017,0.19845187664031982,2.8406982421875,0.2745993137359619,0.021370289226373036,-0.06320434808731079
541,0.9945249580000564,64.617472,1.1880382299423218,0.35869649052619934,0.0697009488940239,0.0068359375,0.09790673106908798,0.0,0.07665184140205383,1.8429923057556152,4.195870876312256,0.3690212666988373,0.0,16.0,0.0,0.0,16.0,0.0,16.0,0.31894294420878094,0.1982223391532898,2.8352864583333335,0.27489368120829266,0.021422068277994793,-0.06307882070541382
542,0.9908434800001942,64.617472,1.1873688697814941,0.36460554599761963,0.049003176391124725,0.0068359375,0.09736378490924835,0.0,0.07641768455505371,1.9622939825057983,4.504343032836914,0.37839359045028687,0.0,13.0,0.0,0.0,13.0,0.0,13.0,0.3198099732398987,0.20195896923542023,2.8351236979166665,0.27551241715749103,0.02147800972064336,-0.0629846453666687
543,1.002399141000069,64.617472,1.1924195289611816,0.3782905638217926,0.03071674145758152,0.0068359375,0.09761464595794678,0.0,0.07782185077667236,1.899989128112793,4.902161598205566,0.37777215242385864,0.0,15.0,0.0,0.0,15.0,0.0,15.0,0.3209737737973531,0.20075970888137817,2.7936197916666665,0.2764124274253845,0.021502211689949036,-0.06298279762268066
544,0.983499275999975,64.617472,1.1503260135650635,0.4006078243255615,0.06704170256853104,0.0068359375,0.09390836954116821,0.0,0.07445593178272247,1.7131729125976562,5.081609725952148,0.35964497923851013,0.0,16.0,0.0,0.0,16.0,0.0,16.0,0.32252879937489826,0.19656935334205627,2.7337239583333335,0.27792590856552124,0.02153849850098292,-0.06307029724121094
545,1.0153510360000837,64.617472,1.131986379623413,0.4183705449104309,0.07810070365667343,0.0068359375,0.09196364134550095,0.0,0.07514583319425583,1.5984013080596924,5.082007884979248,0.3738242983818054,0.0,16.0,0.0,0.0,16.0,0.0,16.0,0.32274343570073444,0.20415693521499634,2.6721598307291665,0.27834588289260864,0.021567724645137787,-0.03514138609170914
546,0.9573843820001002,64.617472,1.1428909301757812,0.42500758171081543,0.0705532655119896,0.0068359375,0.09360717236995697,0.0,0.07429154962301254,1.5019363164901733,4.900033473968506,0.3507555425167084,0.0,14.0,0.0,0.0,14.0,0.0,14.0,0.32255786657333374,0.2083835005760193,2.6464436848958335,0.2781617244084676,0.021537842849890392,-0.03478744626045227
547,0.9915740950000327,64.617472,1.1655514240264893,0.41798239946365356,0.023900263011455536,0.0068359375,0.09633006155490875,0.0,0.07689899206161499,1.4552834033966064,4.521991729736328,0.3316686153411865,0.0,7.0,0.0,0.0,7.0,0.0,7.0,0.32160453001658124,0.20824657380580902,2.6793619791666665,0.2772403160730998,0.021451152861118317,-0.035519376397132874
548,1.0992981740000687,64.617472,1.168474555015564,0.3966812789440155,0.025381457060575485,0.0068359375,0.09634701907634735,0.0,0.08418627828359604,1.475417137145996,4.17728328704834,0.3351021707057953,0.0,12.0,0.0,0.0,12.0,0.0,12.0,0.31962092717488605,0.21272528171539307,2.7135416666666665,0.2752368052800496,0.021388063828150432,-0.04105965793132782
549,1.093952826000077,64.617472,1.2296743392944336,0.36272600293159485,0.06976962089538574,0.0068359375,0.10229998826980591,0.0,0.08641528338193893,1.5250701904296875,4.030612468719482,0.3415960669517517,0.0,16.0,0.0,0.0,16.0,0.0,16.0,0.31856558720270794,0.2061900496482849,2.76953125,0.274352769056956,0.02141067385673523,-0.03412913531064987
550,1.0753305319999527,64.617472,1.287148118019104,0.33698809146881104,0.02994373068213463,0.0068359375,0.10839366167783737,0.0,0.0855478048324585,1.5505387783050537,4.0319318771362305,0.3241409361362457,0.0,17.0,0.0,0.0,17.0,0.0,17.0,0.31903813282648724,0.21088314056396484,2.7749430338541665,0.274913748105367,0.02143767476081848,-0.0630679726600647
551,1.0316789210000934,64.617472,1.3215056657791138,0.3227628469467163,0.08028440177440643,0.0068359375,0.11193009465932846,0.0,0.08485378324985504,1.6170504093170166,4.097148418426514,0.32710525393486023,0.0,16.0,0.0,0.0,16.0,0.0,16.0,0.3201415737469991,0.2006176859140396,2.7757161458333335,0.27626540263493854,0.02131705979506175,-0.06293660402297974
552,0.9946727250001004,64.617472,1.274948000907898,0.3271128833293915,0.049788929522037506,0.0068359375,0.10690106451511383,0.0,0.08375313133001328,1.7770817279815674,4.3221235275268555,0.3382328152656555,0.0,15.0,0.0,0.0,15.0,0.0,15.0,0.3211590647697449,0.19699768722057343,2.77197265625,0.2771616578102112,0.0214503879348437,-0.06266981363296509
553,0.9803987820000657,64.617472,1.2206463813781738,0.34317004680633545,0.05948324501514435,0.0068359375,0.1007295548915863,0.0,0.0843643844127655,1.8761905431747437,4.609668254852295,0.35815712809562683,0.0,14.0,0.0,0.0,14.0,0.0,14.0,0.3211793303489685,0.1910465955734253,2.7333170572916665,0.2773573199907939,0.021524687608083088,-0.06209367513656616
554,0.9706126710000262,64.617472,1.2119877338409424,0.35971778631210327,0.03881421312689781,0.0068359375,0.09956344217061996,0.0,0.08142080903053284,1.7871925830841064,4.949410915374756,0.3653077483177185,0.0,15.0,0.0,0.0,15.0,0.0,15.0,0.3208655118942261,0.18556581437587738,2.7258707682291665,0.2772154410680135,0.021581935385862987,-0.0599590539932251
555,0.9960107909998897,64.617472,1.2017284631729126,0.38365691900253296,0.057379573583602905,0.0068359375,0.0982540100812912,0.0,0.08098478615283966,1.6399447917938232,5.060985565185547,0.38150161504745483,0.0,14.0,0.0,0.0,14.0,0.0,14.0,0.32037003835042316,0.1857547014951706,2.6890055338541665,0.2765889565149943,0.02145763983329137,-0.053616344928741455
556,1.0495514970000386,64.617472,1.2179793119430542,0.40496188402175903,0.08211556077003479,0.0068359375,0.10014931857585907,0.0,0.07704328745603561,1.5086991786956787,5.097207069396973,0.3804108798503876,0.0,15.0,0.0,0.0,15.0,0.0,15.0,0.3198562463124593,0.18315473198890686,2.7038981119791665,0.2762555678685506,0.021544342239697773,-0.03666955232620239
557,1.070468511000172,64.617472,1.228062629699707,0.41808372735977173,0.08175946772098541,0.0068359375,0.10123356431722641,0.0,0.07786185294389725,1.485027551651001,4.882300853729248,0.3935811519622803,0.0,15.0,0.0,0.0,15.0,0.0,15.0,0.31931155920028687,0.1821061223745346,2.7139485677083335,0.2753795385360718,0.02152476708094279,-0.02066648006439209
558,1.0744044979999217,64.617472,1.2650734186172485,0.41331860423088074,0.05481192097067833,0.0078125,0.10518767684698105,0.0,0.07868246734142303,1.4655570983886719,4.637576103210449,0.3801635503768921,0.0,11.0,0.0,1.0,10.0,0.0,11.0,0.318775753180186,0.19970236718654633,2.7459309895833335,0.27453380823135376,0.021419674158096313,-0.023107975721359253
559,1.0435834940001314,64.617472,1.2714883089065552,0.3935169279575348,0.025312505662441254,0.0068359375,0.10570140182971954,0.0,0.08303199708461761,1.5455231666564941,4.382447719573975,0.36966580152511597,0.0,8.0,0.0,0.0,8.0,0.0,8.0,0.3174489140510559,0.20477446913719177,2.7412516276041665,0.27334487438201904,0.02142862727244695,-0.0242497306317091
560,1.043537631999925,64.617472,1.2860172986984253,0.3641792833805084,0.025516705587506294,0.0068359375,0.10697329044342041,0.0,0.08703474700450897,1.6224358081817627,4.174884796142578,0.37194129824638367,0.0,18.0,0.0,0.0,18.0,0.0,18.0,0.3167072335879008,0.20098145306110382,2.7429606119791665,0.2727440396944682,0.021453499794006348,-0.015403002500534058
561,1.0351441770001202,64.617472,1.256550908088684,0.3446151614189148,0.06943807750940323,0.0068359375,0.10431936383247375,0.0,0.08838550746440887,1.7081680297851562,3.962554931640625,0.3600497841835022,0.0,13.0,0.0,0.0,13.0,0.0,13.0,0.31677202383677167,0.20476076006889343,2.7459309895833335,0.2727540135383606,0.021337146560351055,-0.016015855595469475
562,1.00464977799993,64.617472,1.2307474613189697,0.33526796102523804,0.07116621732711792,0.0068359375,0.10183893144130707,0.0,0.0891503095626831,1.9026210308074951,3.9726996421813965,0.35482698678970337,0.0,17.0,0.0,0.0,17.0,0.0,17.0,0.3174449602762858,0.20686523616313934,2.7481689453125,0.27333565553029376,0.021370820701122284,-0.01931522600352764
563,0.9620779889999085,64.617472,1.2638810873031616,0.3278111219406128,0.055091582238674164,0.0068359375,0.10515384376049042,0.0,0.08867323398590088,2.101565361022949,4.100276470184326,0.34250950813293457,0.0,14.0,0.0,0.0,14.0,0.0,14.0,0.31845617294311523,0.20368395745754242,2.7707112630208335,0.27437885602315265,0.021388240158557892,-0.024690989404916763
564,0.987153846999945,64.617472,1.2707628011703491,0.33311083912849426,0.04813564568758011,0.0068359375,0.10489366948604584,0.0,0.09436400979757309,2.2573108673095703,4.400808334350586,0.36258184909820557,0.0,9.0,0.0,0.0,9.0,0.0,9.0,0.3190217812856038,0.20138201117515564,2.7067464192708335,0.27508215109507245,0.021427581707636516,-0.01868734136223793
565,1.0942002300000695,64.617472,1.2835713624954224,0.3430052101612091,0.02372957020998001,0.0068359375,0.10558924078941345,0.0,0.0956922322511673,2.165987730026245,4.7898173332214355,0.38740986585617065,0.0,23.0,0.0,0.0,23.0,0.0,23.0,0.32011449337005615,0.20160937309265137,2.6707356770833335,0.2760843237241109,0.02153762678305308,-0.0188777893781662
566,1.0815641799999867,64.617472,1.2855603694915771,0.3570556640625,0.02974601462483406,0.0078125,0.10535100102424622,0.0,0.09594810009002686,1.9545817375183105,4.938731670379639,0.42461490631103516,0.0,14.0,0.0,1.0,13.0,0.0,14.0,0.3204508622487386,0.19845983386039734,2.6512858072916665,0.27619751294453937,0.021672611435254414,-0.018926076591014862
567,0.9909670039999128,64.617472,1.346287727355957,0.36644184589385986,0.05767243355512619,0.0078125,0.11143480241298676,0.0,0.096987783908844,1.6920007467269897,4.990503311157227,0.42935603857040405,0.0,21.0,0.0,0.0,21.0,0.0,21.0,0.32039443651835126,0.19725438952445984,2.6454671223958335,0.27602966626485187,0.02162331094344457,-0.03300592303276062
568,0.9858583010000075,64.617472,1.353759527206421,0.3787767291069031,0.05317310988903046,0.0078125,0.11279791593551636,0.0,0.09694799035787582,1.4625117778778076,4.765763759613037,0.4171310365200043,0.0,16.0,0.0,0.0,16.0,0.0,16.0,0.3200875123341878,0.19729071855545044,2.6383056640625,0.27571622530619305,0.021567173302173615,-0.03320497274398804
569,0.9775143419999495,64.617472,1.3374016284942627,0.3845338821411133,0.046224962919950485,0.0078125,0.11140601336956024,0.0,0.0962563082575798,1.3694361448287964,4.508481979370117,0.41959571838378906,0.0,20.0,0.0,0.0,20.0,0.0,20.0,0.3190691073735555,0.20553313195705414,2.6643473307291665,0.274974266688029,0.02158976097901662,-0.03320100158452988
570,0.9770825430000514,64.617472,1.2979596853256226,0.37898698449134827,0.024601541459560394,0.0078125,0.10771556198596954,0.0,0.09318792819976807,1.3619637489318848,4.237775802612305,0.4234863221645355,0.0,21.0,0.0,1.0,20.0,0.0,21.0,0.3182959755261739,0.20128750801086426,2.6818440755208335,0.2742416461308797,0.021545184155305225,-0.02102155238389969
571,0.9719549690000804,64.617472,1.246727705001831,0.36840569972991943,0.056642141193151474,0.0078125,0.10279963910579681,0.0,0.09317329525947571,1.5283197164535522,4.003140449523926,0.3941769301891327,0.0,12.0,0.0,0.0,12.0,0.0,12.0,0.31701479355494183,0.1975848376750946,2.709228515625,0.2731970151265462,0.021430914600690205,-0.014567160978913307
572,0.9930930129999069,64.617472,1.2565125226974487,0.35443639755249023,0.06580899655818939,0.0078125,0.10333263128995895,0.0,0.09646004438400269,1.7745051383972168,4.108959197998047,0.3850521445274353,0.0,15.0,0.0,0.0,15.0,0.0,15.0,0.31595049301783246,0.19509676098823547,2.7337239583333335,0.2718977133433024,0.021521476407845814,-0.011896451003849506
573,0.9579936939999243,64.617472,1.2895005941390991,0.3487743139266968,0.018927114084362984,0.0078125,0.10601493716239929,0.0,0.09997047483921051,2.0245816707611084,4.4481706619262695,0.39062654972076416,0.0,15.0,0.0,0.0,15.0,0.0,15.0,0.3162815769513448,0.19545495510101318,2.74560546875,0.27148377895355225,0.021541158358256023,-0.011487309820950031
574,0.9651491179999994,64.617472,1.3373870849609375,0.346817284822464,0.02380283735692501,0.0078125,0.1101778969168663,0.0,0.10525403916835785,2.2294211387634277,4.726199150085449,0.3887670040130615,0.0,11.0,0.0,0.0,11.0,0.0,11.0,0.31658806403477985,0.20438748598098755,2.7392171223958335,0.2716377178827922,0.02156827598810196,-0.02063736319541931
575,1.0223971580001034,64.617472,1.3569645881652832,0.3512369990348816,0.033670566976070404,0.0078125,0.11138159036636353,0.0,0.11092130839824677,2.2969212532043457,4.990530490875244,0.4032895267009735,0.0,18.0,0.0,0.0,18.0,0.0,18.0,0.31705228487650555,0.2025061398744583,2.7024332682291665,0.27236056327819824,0.021667932470639546,-0.01369739044457674
576,1.0517170619998524,64.617472,1.3303344249725342,0.35983580350875854,0.03399097919464111,0.0078125,0.10853147506713867,0.0,0.10902967303991318,2.174199104309082,5.022984504699707,0.4298151433467865,0.0,31.0,0.0,0.0,31.0,0.0,31.0,0.31829768419265747,0.19166965782642365,2.6493326822916665,0.273682435353597,0.021692638595898945,-0.008881640620529652
577,0.9885957869998947,64.617472,1.3440845012664795,0.35931891202926636,0.02629607915878296,0.0087890625,0.11069636046886444,0.0,0.101017527282238,1.9185457229614258,4.940213203430176,0.42959529161453247,0.0,28.0,0.0,1.0,27.0,0.0,28.0,0.3192451198895772,0.20623241364955902,2.60888671875,0.27495185534159344,0.021657792230447132,-0.00661277212202549
578,0.9731921520001379,64.617472,1.3719414472579956,0.3535197079181671,0.01956849731504917,0.0087890625,0.11431511491537094,0.0,0.09486231207847595,1.7060801982879639,4.771018028259277,0.42219167947769165,0.0,25.0,0.0,0.0,25.0,0.0,25.0,0.3195250829060872,0.20685802400112152,2.62158203125,0.2755095958709717,0.021595460673173267,-0.01704922318458557
579,0.942056047999813,64.617472,1.361809492111206,0.3492060899734497,0.018135186284780502,0.0087890625,0.11428451538085938,0.0,0.09064038842916489,1.5688022375106812,4.505688667297363,0.3978126049041748,0.0,21.0,0.0,0.0,21.0,0.0,21.0,0.31962746381759644,0.20778827369213104,2.6663411458333335,0.2758280237515767,0.021546892821788788,-0.01761253923177719
580,0.957346477000101,64.617472,1.3424854278564453,0.3469746708869934,0.016035767272114754,0.0087890625,0.11279585212469101,0.0,0.0906451866030693,1.4877681732177734,4.250940322875977,0.39390382170677185,0.0,20.0,0.0,0.0,20.0,0.0,20.0,0.3192436297734578,0.2094123214483261,2.7086181640625,0.27574896812438965,0.021621979773044586,-0.018368326127529144
581,1.0108638739998241,64.617472,1.251969337463379,0.3511725664138794,0.05262764170765877,0.0087890625,0.10399048775434494,0.0,0.0897347554564476,1.4303159713745117,3.9961230754852295,0.4007197320461273,0.0,17.0,0.0,0.0,17.0,0.0,17.0,0.31921104590098065,0.20858247578144073,2.7447102864583335,0.2757373054822286,0.02170085906982422,-0.02662288397550583
582,0.9857332830001724,64.617472,1.166432499885559,0.3596322536468506,0.022563094273209572,0.0087890625,0.09577213227748871,0.0,0.08823119103908539,1.4033044576644897,3.944152355194092,0.38226914405822754,0.0,18.0,0.0,0.0,18.0,0.0,18.0,0.319033404191335,0.20779217779636383,2.7921956380208335,0.27572405338287354,0.021608238418896992,-0.030920065939426422
583,0.9912619960000484,64.617472,1.136631965637207,0.36775246262550354,0.016779443249106407,0.0087890625,0.09259502589702606,0.0,0.08925728499889374,1.4474446773529053,3.9727046489715576,0.3779953420162201,0.0,19.0,0.0,1.0,18.0,0.0,19.0,0.3188986579577128,0.20637167990207672,2.7831624348958335,0.27602412303288776,0.021663894255956013,-0.03116631507873535
584,0.9738636399999905,64.617472,1.0953900814056396,0.3787407875061035,0.018280744552612305,0.0087890625,0.08863301575183868,0.0,0.08979695290327072,1.6170891523361206,3.9827067852020264,0.3563988208770752,0.0,11.0,0.0,0.0,11.0,0.0,11.0,0.3193867603937785,0.198697030544281,2.7696126302083335,0.27633196115493774,0.021624845763047535,-0.031178824603557587
585,0.9865976779999528,64.617472,1.1108719110488892,0.3838486671447754,0.025982774794101715,0.0087890625,0.09006109833717346,0.0,0.09158581495285034,1.7177642583847046,4.092785835266113,0.33910465240478516,0.0,18.0,0.0,0.0,18.0,0.0,18.0,0.3193684021631877,0.19642500579357147,2.7971598307291665,0.2765475312868754,0.021547722319761913,-0.030982501804828644
586,0.974959963999936,64.617472,1.109253168106079,0.38997113704681396,0.026076773181557655,0.0087890625,0.08994834870100021,0.0,0.09287309646606445,1.7622569799423218,4.179298400878906,0.32847458124160767,0.0,10.0,0.0,0.0,10.0,0.0,10.0,0.3194877902666728,0.20696257054805756,2.7930094401041665,0.2765977780024211,0.02156150092681249,-0.030993685126304626
587,1.0158850749999147,64.617472,1.1699270009994507,0.3871852159500122,0.02162822149693966,0.0087890625,0.09560223668813705,0.0,0.0977044552564621,1.7235145568847656,4.118973731994629,0.3467406630516052,0.0,13.0,0.0,0.0,13.0,0.0,13.0,0.31893964608510333,0.2089085429906845,2.7623291015625,0.27591272195180255,0.0216461643576622,-0.031294673681259155
588,1.0423789490000672,64.617472,1.226289987564087,0.3806999623775482,0.01459097396582365,0.0087890625,0.10088126361370087,0.0,0.09630831331014633,1.7060630321502686,4.189664840698242,0.3687264919281006,0.0,24.0,0.0,1.0,23.0,0.0,24.0,0.3188565770785014,0.20651152729988098,2.7738037109375,0.2756721576054891,0.021696187555789948,-0.03191620856523514
589,1.0623804360000122,64.617472,1.260553002357483,0.37315765023231506,0.016391407698392868,0.0078125,0.10467526316642761,0.0,0.09071622788906097,1.6461541652679443,4.256623268127441,0.3603362441062927,0.0,32.0,0.0,0.0,32.0,0.0,32.0,0.31937124331792194,0.20098382234573364,2.7794596354166665,0.27603546778361004,0.021768301725387573,-0.029063113033771515
590,1.0693341919998147,64.617472,1.2464617490768433,0.36912983655929565,0.016870835795998573,0.0078125,0.10380859673023224,0.0,0.08293353766202927,1.6507859230041504,4.275058746337891,0.3622671961784363,0.0,21.0,0.0,0.0,21.0,0.0,21.0,0.32016799847284955,0.20043599605560303,2.7695719401041665,0.2767264048258464,0.021804903944333393,-0.01990342140197754
591,1.0425738650001222,64.617472,1.205104112625122,0.3706960678100586,0.019238129258155823,0.0078125,0.10035774111747742,0.0,0.0765293538570404,1.601769208908081,4.184452056884766,0.35856032371520996,0.0,27.0,0.0,0.0,27.0,0.0,27.0,0.32124239206314087,0.2023281306028366,2.7698567708333335,0.27740635474522907,0.021860743562380474,-0.012688799761235714
592,1.0727544910000688,64.617472,1.1280484199523926,0.3742031455039978,0.07202055305242538,0.0078125,0.09345303475856781,0.0,0.07221031188964844,1.5571706295013428,4.057755947113037,0.32038480043411255,0.0,13.0,0.0,0.0,13.0,0.0,13.0,0.321894109249115,0.20016464591026306,2.8168538411458335,0.2778506676355998,0.021912018458048504,-0.012331216596066952
593,1.0937943029998678,64.617472,1.1106631755828857,0.3754870295524597,0.011745323427021503,0.0078125,0.09153074026107788,0.0,0.07162119448184967,1.5462477207183838,4.057258129119873,0.3407192826271057,0.0,19.0,0.0,0.0,19.0,0.0,19.0,0.3221343954404195,0.2067587971687317,2.8249104817708335,0.2781805197397868,0.021844019492467243,-0.012235421687364578
594,0.9926626889998715,64.617472,1.087373971939087,0.3827064037322998,0.012614978477358818,0.0078125,0.08957114070653915,0.0,0.0693538710474968,1.5399807691574097,4.056462287902832,0.3179755210876465,0.0,13.0,0.0,0.0,13.0,0.0,13.0,0.322845458984375,0.20499977469444275,2.8219401041666665,0.27879146734873456,0.02187943955262502,-0.014376198872923851
595,0.9484341730001233,64.617472,1.0669277906417847,0.39543288946151733,0.018517179414629936,0.0068359375,0.08716361969709396,0.0,0.07119125127792358,1.5644493103027344,4.2038984298706055,0.32495373487472534,0.0,12.0,0.0,0.0,12.0,0.0,12.0,0.3229503234227498,0.20650865137577057,2.8190511067708335,0.27889108657836914,0.021831825375556946,-0.01916109398007393
596,0.9858587329999864,64.617472,1.0724204778671265,0.40429386496543884,0.02695772424340248,0.0068359375,0.08752372115850449,0.0,0.07336051017045975,1.506471872329712,4.286713123321533,0.3276669979095459,0.0,10.0,0.0,0.0,10.0,0.0,10.0,0.3230954011281331,0.20669180154800415,2.8091634114583335,0.27881195147832233,0.02176305651664734,-0.019776131957769394
597,1.001591359000031,64.617472,1.118769645690918,0.407539427280426,0.042531609535217285,0.0068359375,0.09198560565710068,0.0,0.07374969124794006,1.4517569541931152,4.39616584777832,0.34273847937583923,0.0,17.0,0.0,0.0,17.0,0.0,17.0,0.3234089215596517,0.20670729875564575,2.7842610677083335,0.27874602874120075,0.021679021418094635,-0.018614444881677628
598,0.9786298359999819,64.617472,1.0751453638076782,0.4137755334377289,0.043611619621515274,0.0068359375,0.088285431265831,0.0,0.07090218365192413,1.4289263486862183,4.294896125793457,0.29686301946640015,0.0,17.0,0.0,0.0,17.0,0.0,17.0,0.32340796788533527,0.21530359983444214,2.7928873697916665,0.2786409060160319,0.021644798417886097,-0.02002011053264141
599,0.9497018819999994,64.617472,1.0099846124649048,0.41196781396865845,0.025030232965946198,0.0078125,0.0818612277507782,0.0,0.07008752226829529,1.477487325668335,4.129643440246582,0.29288429021835327,0.0,16.0,0.0,1.0,15.0,0.0,16.0,0.32255105177561444,0.21225574612617493,2.8054606119791665,0.27787617842356366,0.021567508578300476,-0.019514551386237144
600,0.9790329279999241,64.617472,1.0446633100509644,0.39156317710876465,0.032039351761341095,0.0078125,0.0857316255569458,0.0,0.06960742175579071,1.4677605628967285,3.9507179260253906,0.28351137042045593,0.0,12.0,0.0,0.0,12.0,0.0,12.0,0.3223392566045125,0.2075590044260025,2.8149007161458335,0.2774517734845479,0.021612117687861126,-0.01951931230723858
601,0.9968722670000716,64.617472,1.0592817068099976,0.3748370409011841,0.09841582179069519,0.0078125,0.08693641424179077,0.0,0.07110331952571869,1.5997183322906494,3.9029338359832764,0.3061791956424713,0.0,13.0,0.0,0.0,13.0,0.0,13.0,0.3219790458679199,0.20715323090553284,2.8326416015625,0.2769975463549296,0.02164200445016225,-0.019525988027453423
602,0.9653502139999546,64.617472,1.0687810182571411,0.3645123541355133,0.023444900289177895,0.0078125,0.0875810980796814,0.0,0.07117056846618652,1.7287153005599976,4.101000785827637,0.29965028166770935,0.0,19.0,0.0,0.0,19.0,0.0,19.0,0.3214537700017293,0.20744501054286957,2.8726806640625,0.2768954435984294,0.02168829490741094,-0.01944020204246044
603,0.928458159999991,64.617472,1.0764894485473633,0.36571604013442993,0.025179069489240646,0.0068359375,0.08806215226650238,0.0,0.0688977763056755,1.8372678756713867,4.3784894943237305,0.30393078923225403,0.0,16.0,0.0,0.0,16.0,0.0,16.0,0.32174330949783325,0.2115989476442337,2.8640543619791665,0.277327020963033,0.021711672345797222,-0.014965031296014786
604,0.9321866569998747,64.617472,1.0766409635543823,0.37356099486351013,0.05836585909128189,0.0068359375,0.08778475224971771,0.0,0.06972009688615799,1.867783546447754,4.489147663116455,0.3116929233074188,0.0,9.0,0.0,0.0,9.0,0.0,9.0,0.32196541627248126,0.2139439433813095,2.8167317708333335,0.27740869919459027,0.021543145179748535,-0.015781288966536522
605,0.9590067229999022,64.617472,1.0933245420455933,0.38309627771377563,0.02173321694135666,0.0068359375,0.088797926902771,0.0,0.07298877090215683,1.823967695236206,4.656834125518799,0.3313639163970947,0.0,13.0,0.0,0.0,13.0,0.0,13.0,0.32144161065419513,0.20587266981601715,2.809326171875,0.2769884665807088,0.021544143557548523,-0.01563524268567562
606,0.9685324790000323,64.617472,1.1118097305297852,0.39302974939346313,0.026649093255400658,0.0068359375,0.09039044380187988,0.0,0.07411196827888489,1.7075127363204956,4.8427934646606445,0.33467555046081543,0.0,12.0,0.0,0.0,12.0,0.0,12.0,0.3213447332382202,0.2071525603532791,2.7901611328125,0.2768102288246155,0.021506865819295246,-0.014856977388262749
607,0.9507167910001044,64.617472,1.1570117473602295,0.4038023054599762,0.053221091628074646,0.0068359375,0.0946817621588707,0.0,0.07623355090618134,1.5507876873016357,4.884910583496094,0.35304826498031616,0.0,11.0,0.0,0.0,11.0,0.0,11.0,0.32162413994471234,0.20202533900737762,2.7415364583333335,0.2769918243090312,0.02152448644240697,-0.0482931062579155
608,0.9790212499999598,64.617472,1.160139799118042,0.4197632372379303,0.07527978718280792,0.0068359375,0.09518963098526001,0.0,0.07531340420246124,1.487931251525879,4.884195327758789,0.35006627440452576,0.0,22.0,0.0,0.0,22.0,0.0,22.0,0.321927547454834,0.20028801262378693,2.7043050130208335,0.27742087841033936,0.021540234486262005,-0.06683938950300217
609,0.9481117120001272,64.617472,1.1352347135543823,0.4260253608226776,0.06636263430118561,0.0068359375,0.09305371344089508,0.0,0.07455019652843475,1.4461864233016968,4.699732780456543,0.34537696838378906,0.0,14.0,0.0,0.0,14.0,0.0,14.0,0.3216737707455953,0.20048199594020844,2.7228597005208335,0.277040958404541,0.021473422646522522,-0.07654336839914322
610,0.9668267060001199,64.617472,1.1516207456588745,0.40806955099105835,0.03202974796295166,0.005859375,0.09483925998210907,0.0,0.07561519742012024,1.4456995725631714,4.407015800476074,0.3397744596004486,0.0,17.0,0.0,0.0,17.0,0.0,17.0,0.32045404116312665,0.19992229342460632,2.7389729817708335,0.27596505482991535,0.02151058365901311,-0.0765329971909523
611,0.9596485780000421,64.617472,1.1541686058044434,0.3784690499305725,0.03562591224908829,0.005859375,0.09548201411962509,0.0,0.07550011575222015,1.515375018119812,4.099216461181641,0.3292335867881775,0.0,14.0,0.0,0.0,14.0,0.0,14.0,0.31955504417419434,0.19547253847122192,2.7985432942708335,0.27539507548014325,0.021592602133750916,-0.07665540277957916
612,0.9756950579999284,64.617472,1.192275047302246,0.35277947783470154,0.20321567356586456,0.005859375,0.09928171336650848,0.0,0.07988008856773376,1.6782357692718506,3.9641194343566895,0.31323280930519104,0.0,5.0,0.0,0.0,5.0,0.0,5.0,0.31937503814697266,0.19411657750606537,2.8107503255208335,0.2753055890401204,0.02146406223376592,-0.07687811553478241
613,0.993359332999944,64.617472,1.2056596279144287,0.34632983803749084,0.014404173009097576,0.005859375,0.09990405291318893,0.0,0.08463829755783081,1.8517415523529053,4.260288238525391,0.32159844040870667,0.0,15.0,0.0,0.0,15.0,0.0,15.0,0.3198634584744771,0.19686616957187653,2.821044921875,0.2759584387143453,0.02140483756860097,-0.07697935402393341
614,0.9942186890000357,64.617472,1.1961100101470947,0.3513909578323364,0.0201959740370512,0.005859375,0.09824535250663757,0.0,0.08758348226547241,1.996814250946045,4.5605082511901855,0.3368709087371826,0.0,14.0,0.0,0.0,14.0,0.0,14.0,0.32047011454900104,0.20025712251663208,2.7860514322916665,0.2769199013710022,0.021520627041657765,-0.013574398122727871
615,0.9588936869999998,64.617472,1.2035243511199951,0.3649064898490906,0.035468827933073044,0.005859375,0.09831847995519638,0.0,0.0871661826968193,2.059553623199463,4.926770210266113,0.36116117238998413,0.0,22.0,0.0,0.0,22.0,0.0,22.0,0.3212214708328247,0.20309048891067505,2.7420654296875,0.2780940334002177,0.02153623104095459,-0.013585253618657589
616,0.9378137159999369,64.617472,1.2048447132110596,0.38063833117485046,0.047328632324934006,0.005859375,0.09854260087013245,0.0,0.08608168363571167,1.9460442066192627,5.04738712310791,0.345904678106308,0.0,11.0,0.0,0.0,11.0,0.0,11.0,0.32155728340148926,0.21007731556892395,2.6717936197916665,0.27858448028564453,0.021544719735781353,-0.01965988241136074
617,0.9517138539999905,64.617472,1.2106542587280273,0.3911840319633484,0.05192345008254051,0.005859375,0.09894748777151108,0.0,0.08690749108791351,1.7914928197860718,4.946385860443115,0.3697655200958252,0.0,16.0,0.0,0.0,16.0,0.0,16.0,0.32086239258448285,0.20292621850967407,2.6132405598958335,0.2777729829152425,0.021597882111867268,-0.018099678680300713
618,0.9392706180001369,64.617472,1.256181240081787,0.39083096385002136,0.042810384184122086,0.005859375,0.10370850563049316,0.0,0.0873415470123291,1.6244487762451172,4.706051826477051,0.38399845361709595,0.0,17.0,0.0,0.0,17.0,0.0,17.0,0.3202196756998698,0.2028827965259552,2.6348063151041665,0.2766098578770955,0.021662053962548573,-0.016611505299806595
619,0.9593203429999448,64.617472,1.2803174257278442,0.388422429561615,0.021608518436551094,0.005859375,0.10628434270620346,0.0,0.09015035629272461,1.5449354648590088,4.491595268249512,0.3954582214355469,0.0,11.0,0.0,0.0,11.0,0.0,11.0,0.31921470165252686,0.20188406109809875,2.704345703125,0.2754655083020528,0.021618681649367016,-0.026695553213357925
620,1.0075884860000315,64.617472,1.2886244058609009,0.376420259475708,0.020563391968607903,0.005859375,0.10725961625576019,0.0,0.09216412156820297,1.4829223155975342,4.320010662078857,0.39567333459854126,0.0,17.0,0.0,0.0,17.0,0.0,17.0,0.31842992703119916,0.2031528651714325,2.7344156901041665,0.2746666669845581,0.021514000991980236,-0.02225450426340103
621,1.003325238999878,64.617472,1.287570834159851,0.3616725504398346,0.052961159497499466,0.005859375,0.1070975512266159,0.0,0.09407313913106918,1.5147452354431152,4.2590718269348145,0.38660043478012085,0.0,14.0,0.0,0.0,14.0,0.0,14.0,0.31799383958180744,0.21032612025737762,2.7437744140625,0.27428855498631793,0.02146162341038386,-0.015404286794364452
622,1.0994753449999735,64.617472,1.3066459894180298,0.3453797399997711,0.1010311022400856,0.005859375,0.1085704118013382,0.0,0.09815596044063568,1.6220186948776245,4.27914571762085,0.38110339641571045,0.0,13.0,0.0,0.0,13.0,0.0,13.0,0.31745829184850055,0.20326004922389984,2.750732421875,0.27394813299179077,0.021563475330670673,-0.016874950379133224
623,1.0615077999998448,64.617472,1.3092395067214966,0.3404679298400879,0.027730870991945267,0.005859375,0.10843031108379364,0.0,0.09848171472549438,1.751793622970581,4.548306465148926,0.36975717544555664,0.0,16.0,0.0,0.0,16.0,0.0,16.0,0.31761536995569867,0.20318163931369781,2.7355550130208335,0.2741074760754903,0.021629643936951954,-0.017858754843473434
624,1.0177512699999625,64.617472,1.285565733909607,0.34736788272857666,0.01678781397640705,0.005859375,0.10541953891515732,0.0,0.1007881909608841,1.9904632568359375,4.823729991912842,0.3738400936126709,0.0,13.0,0.0,0.0,13.0,0.0,13.0,0.31767745812733966,0.20197874307632446,2.7153727213541665,0.27426377932230633,0.02160895864168803,-0.018567603081464767
625,1.0029694849999942,64.617472,1.3123939037322998,0.3532799184322357,0.03443531692028046,0.005859375,0.10781706869602203,0.0,0.10221783816814423,2.172534465789795,5.12501859664917,0.3666726052761078,0.0,17.0,0.0,0.0,17.0,0.0,17.0,0.3180635968844096,0.198286771774292,2.7029622395833335,0.27459196249643963,0.021564650038878124,-0.018951397389173508
626,1.0350912430001245,64.617472,1.3140145540237427,0.3577241599559784,0.0532400980591774,0.005859375,0.10803574323654175,0.0,0.09947391599416733,2.1659231185913086,5.217723846435547,0.3760862350463867,0.0,24.0,0.0,0.0,24.0,0.0,24.0,0.31863001982371014,0.19116592407226562,2.6983642578125,0.2751453121503194,0.02156515171130498,-0.019596541300415993
627,1.0249220069999865,64.617472,1.3551996946334839,0.3602296710014343,0.055532895028591156,0.005859375,0.11241915822029114,0.0,0.09444992244243622,2.0392873287200928,5.169317245483398,0.3876548707485199,0.0,20.0,0.0,0.0,20.0,0.0,20.0,0.3193427125612895,0.19138121604919434,2.6765543619791665,0.2758830189704895,0.021522924304008484,-0.018733326345682144
628,1.0105749599999854,64.617472,1.3883857727050781,0.36225396394729614,0.045886244624853134,0.005859375,0.1158103346824646,0.0,0.09482666105031967,1.889396071434021,4.960399150848389,0.407177209854126,0.0,19.0,0.0,0.0,19.0,0.0,19.0,0.3196430603663127,0.1933261752128601,2.6505940755208335,0.2761313120524089,0.02160086731115977,-0.018944095820188522
629,1.012615237000091,64.617472,1.3710294961929321,0.36172184348106384,0.03853563219308853,0.005859375,0.1146983727812767,0.0,0.09103082120418549,1.6999223232269287,4.5218634605407715,0.42069554328918457,0.0,27.0,0.0,0.0,27.0,0.0,27.0,0.3201616406440735,0.19294053316116333,2.6441650390625,0.27658116817474365,0.02165360003709793,-0.01968015730381012
630,0.9975672529999429,64.617472,1.315661072731018,0.35598886013031006,0.023808257654309273,0.005859375,0.1104549914598465,0.0,0.08410219848155975,1.4988621473312378,4.114565849304199,0.3920329511165619,0.0,25.0,0.0,0.0,25.0,0.0,25.0,0.32036558787027997,0.19615474343299866,2.6959635416666665,0.2765610416730245,0.021650274594624836,-0.01855551078915596
631,1.0401857750000545,64.617472,1.3027251958847046,0.3428644835948944,0.06818918883800507,0.005859375,0.10980942100286484,0.0,0.08353494107723236,1.4072809219360352,3.725955009460449,0.3806110620498657,0.0,12.0,0.0,0.0,12.0,0.0,12.0,0.31960417826970416,0.1905025839805603,2.7333984375,0.27575890223185223,0.021526696781317394,-0.017530974000692368
632,1.007130022000183,64.617472,1.3137766122817993,0.3327450156211853,0.06994505226612091,0.005859375,0.11084606498479843,0.0,0.08472399413585663,1.4183391332626343,3.595612049102783,0.39401787519454956,0.0,18.0,0.0,0.0,18.0,0.0,18.0,0.31927194197972614,0.20363281667232513,2.7887369791666665,0.27528244256973267,0.021579367419083912,-0.013741507194936275
633,0.9808990490000724,64.617472,1.265486240386963,0.3329949975013733,0.06068596988916397,0.005859375,0.10630011558532715,0.0,0.08427341282367706,1.4610307216644287,3.639533519744873,0.3664950728416443,0.0,14.0,0.0,0.0,14.0,0.0,14.0,0.3193896810213725,0.19562049210071564,2.7916259765625,0.27539390325546265,0.02161455402771632,-0.012954852543771267
634,0.9856308389998958,64.617472,1.2149827480316162,0.34052538871765137,0.017618568614125252,0.005859375,0.10113160312175751,0.0,0.08448916673660278,1.581982970237732,3.9544334411621094,0.3610725402832031,0.0,18.0,0.0,0.0,18.0,0.0,18.0,0.32014966011047363,0.19818177819252014,2.799072265625,0.2760513822237651,0.021617102126280468,-0.0778387188911438
635,0.9811212570000407,64.617472,1.2185039520263672,0.3475792706012726,0.09419472515583038,0.005859375,0.10112784802913666,0.0,0.0866541713476181,1.7098811864852905,4.285615921020508,0.3502464294433594,0.0,6.0,0.0,0.0,6.0,0.0,6.0,0.3204890489578247,0.19908322393894196,2.7845865885416665,0.27655065059661865,0.021664599577585857,-0.07759042084217072
636,1.0008305369999562,64.617472,1.2206214666366577,0.36233657598495483,0.04302545636892319,0.005859375,0.10019486397504807,0.0,0.08973917365074158,1.8435554504394531,4.941403388977051,0.36606234312057495,0.0,17.0,0.0,0.0,17.0,0.0,17.0,0.32078617811203003,0.20097842812538147,2.7721354166666665,0.2768795092900594,0.021644537647565205,-0.07751143723726273
637,0.9844681609999952,64.617472,1.2278058528900146,0.38298094272613525,0.07145150750875473,0.005859375,0.10035070031881332,0.0,0.09030520915985107,1.8553217649459839,5.327878475189209,0.3807162642478943,0.0,15.0,0.0,0.0,15.0,0.0,15.0,0.32129810253779095,0.2011166214942932,2.7406005859375,0.27720485130945843,0.021605511506398518,-0.07743172347545624
638,0.9483696400000099,64.617472,1.2414902448654175,0.40332794189453125,0.09512659907341003,0.0068359375,0.10185053199529648,0.0,0.08869230002164841,1.792891263961792,5.386290550231934,0.37140196561813354,0.0,13.0,0.0,1.0,12.0,0.0,13.0,0.32164200146993,0.20069178938865662,2.699951171875,0.27713968356450397,0.021556841830412548,-0.077389657497406
639,0.964839315999825,64.617472,1.2545418739318848,0.4110286235809326,0.09036848694086075,0.0068359375,0.1031615287065506,0.0,0.08724842965602875,1.6690294742584229,5.109025955200195,0.3974345624446869,0.0,20.0,0.0,0.0,20.0,0.0,20.0,0.321053405602773,0.20078426599502563,2.6736246744791665,0.27652378877003986,0.021501965820789337,-0.07739673554897308
640,1.0090261889999965,64.617472,1.2517564296722412,0.40709418058395386,0.06903789937496185,0.0068359375,0.10360901057720184,0.0,0.08156204223632812,1.5662997961044312,4.684154987335205,0.3978758752346039,0.0,21.0,0.0,0.0,21.0,0.0,21.0,0.3208337227503459,0.20413875579833984,2.7049153645833335,0.27638057867685956,0.021498054265975952,-0.07748578488826752
641,0.9851681650000046,64.617472,1.2737016677856445,0.3903696537017822,0.026129426434636116,0.0068359375,0.10640176385641098,0.0,0.07900117337703705,1.5596846342086792,4.339993476867676,0.3796188235282898,0.0,13.0,0.0,0.0,13.0,0.0,13.0,0.320473591486613,0.2048836648464203,2.7081705729166665,0.2761618693669637,0.021544245382150013,-0.07760299742221832
642,1.0287856769998598,64.617472,1.3153507709503174,0.3612992465496063,0.03712090104818344,0.0068359375,0.11049091815948486,0.0,0.08209192752838135,1.6276777982711792,4.049142360687256,0.3935980200767517,0.0,20.0,0.0,0.0,20.0,0.0,20.0,0.3199462294578552,0.20276691019535065,2.7150065104166665,0.27576857805252075,0.0215610737601916,-0.07773929834365845
643,0.9896412260000034,64.617472,1.32870614528656,0.3354043960571289,0.04840246960520744,0.0068359375,0.11215387284755707,0.0,0.08200976252555847,1.6814446449279785,3.8017215728759766,0.38338014483451843,0.0,17.0,0.0,0.0,17.0,0.0,17.0,0.3201252023379008,0.20055918395519257,2.730224609375,0.27574817339579266,0.021593473851680756,-0.0778113305568695
644,0.9902002899998479,64.617472,1.3348884582519531,0.31443291902542114,0.10642744600772858,0.0068359375,0.1128813847899437,0.0,0.08426063507795334,1.7689130306243896,3.552110195159912,0.3848905563354492,0.0,9.0,0.0,0.0,9.0,0.0,9.0,0.319832444190979,0.20324547588825226,2.7395833333333335,0.2756999731063843,0.021653252343336742,-0.07781288027763367
645,1.053237038000134,64.617472,1.3529459238052368,0.30513709783554077,0.12265308201313019,0.005859375,0.11411869525909424,0.0,0.08970081806182861,1.9048519134521484,3.566633701324463,0.39395222067832947,0.0,12.0,0.0,0.0,12.0,0.0,12.0,0.3192855914433797,0.2034754753112793,2.7723795572916665,0.2752299904823303,0.0215870663523674,-0.07779348641633987
646,1.0055211500000496,64.617472,1.3393045663833618,0.30972719192504883,0.06759776175022125,0.005859375,0.11206740140914917,0.0,0.09176307916641235,2.038268804550171,3.9170310497283936,0.4019709527492523,0.0,17.0,0.0,0.0,17.0,0.0,17.0,0.31926973660786945,0.20459285378456116,2.7884521484375,0.2752631704012553,0.021561463673909504,-0.07775396853685379
647,1.0090046600000733,64.617472,1.3103532791137695,0.32596248388290405,0.01916620135307312,0.0068359375,0.10878777503967285,0.0,0.09093771874904633,2.0672338008880615,4.482966423034668,0.39281076192855835,0.0,16.0,0.0,1.0,15.0,0.0,16.0,0.3192679484685262,0.2043331414461136,2.7476806640625,0.27549779415130615,0.021613001823425293,-0.07772290706634521
648,1.0297909089999848,64.617472,1.2901248931884766,0.345564067363739,0.03890107944607735,0.0078125,0.1064085066318512,0.0,0.0894627571105957,1.9440391063690186,4.893816947937012,0.413975328207016,0.0,23.0,0.0,1.0,22.0,0.0,23.0,0.3191695809364319,0.20527595281600952,2.6929524739583335,0.27558334668477374,0.02151431639989217,-0.07762811332941055
649,1.0278524509999443,64.617472,1.2733930349349976,0.36496680974960327,0.05240767449140549,0.0078125,0.1049267053604126,0.0,0.08760958164930344,1.7416785955429077,5.124781131744385,0.38713109493255615,0.0,11.0,0.0,0.0,11.0,0.0,11.0,0.31900550921758014,0.20534005761146545,2.6874593098958335,0.27563275893529254,0.021418360372384388,-0.07746636867523193
650,1.0093441740000344,64.617472,1.2948790788650513,0.37801307439804077,0.06983271986246109,0.0078125,0.10705594718456268,0.0,0.08842887729406357,1.5205010175704956,5.1587371826171875,0.3941284120082855,0.0,21.0,0.0,0.0,21.0,0.0,21.0,0.3189583420753479,0.1979445070028305,2.674560546875,0.2755000591278076,0.021467683215936024,-0.07736418396234512
651,0.9966880419999598,64.617472,1.298514485359192,0.39044421911239624,0.07322487235069275,0.0078125,0.10807081311941147,0.0,0.08587710559368134,1.3575013875961304,4.93277645111084,0.38321632146835327,0.0,17.0,0.0,0.0,17.0,0.0,17.0,0.31914575894673664,0.19513066112995148,2.6620686848958335,0.27579351266225177,0.021408359209696453,-0.07736580073833466
652,0.9980628280000019,64.617472,1.28242027759552,0.3963552713394165,0.060208193957805634,0.0078125,0.10643523931503296,0.0,0.08698633313179016,1.3733795881271362,4.652076721191406,0.3900318145751953,0.0,12.0,0.0,0.0,12.0,0.0,12.0,0.31845366954803467,0.19625872373580933,2.6924641927083335,0.27531707286834717,0.021415171523888905,-0.07740163803100586
653,1.0194339499998932,64.617472,1.2372006177902222,0.3920556902885437,0.03499826043844223,0.0078125,0.10179494321346283,0.0,0.08963613957166672,1.5422061681747437,4.330342769622803,0.39094850420951843,0.0,13.0,0.0,0.0,13.0,0.0,13.0,0.31767799456914264,0.20073984563350677,2.7213541666666665,0.2743255893389384,0.021486697097619373,-0.05167466402053833
654,1.0198098360001495,64.617472,1.2408844232559204,0.3727274239063263,0.017267493531107903,0.0078125,0.10206841677427292,0.0,0.09267647564411163,1.7000846862792969,4.0737457275390625,0.3932989239692688,0.0,14.0,0.0,0.0,14.0,0.0,14.0,0.3172253171602885,0.20915274322032928,2.7073160807291665,0.27370280027389526,0.02150817960500717,-0.051235541701316833
655,1.0231472969999231,64.617472,1.2630599737167358,0.3502935767173767,0.055139437317848206,0.0078125,0.10394652187824249,0.0,0.09694863855838776,1.931505560874939,3.8705968856811523,0.41063207387924194,0.0,13.0,0.0,0.0,13.0,0.0,13.0,0.3169082800547282,0.2095639556646347,2.7293701171875,0.27338312069574994,0.021433924635251362,-0.050973378121852875
656,1.0269911150001008,64.617472,1.3042597770690918,0.3296120762825012,0.029199985787272453,0.0078125,0.10758720338344574,0.0,0.10145680606365204,2.1532435417175293,3.80935001373291,0.4269009530544281,0.0,19.0,0.0,0.0,19.0,0.0,19.0,0.31666723887125653,0.20462675392627716,2.7222493489583335,0.27333537737528485,0.021408696969350178,-0.05095633864402771
657,1.0110782130000189,64.617472,1.3606547117233276,0.3124421536922455,0.0900174081325531,0.0078125,0.11310773342847824,0.0,0.10324491560459137,2.258192539215088,3.7985990047454834,0.435499906539917,0.0,16.0,0.0,0.0,16.0,0.0,16.0,0.31718921661376953,0.20491339266300201,2.7093505859375,0.2740680972735087,0.02140244593222936,-0.07872039824724197
658,1.013974135999888,64.617472,1.4246656894683838,0.30479463934898376,0.03628930822014809,0.0078125,0.11921729892492294,0.0,0.10507228225469589,2.3178458213806152,3.939666748046875,0.4499290883541107,0.0,21.0,0.0,0.0,21.0,0.0,21.0,0.317829171816508,0.20710574090480804,2.7098388671875,0.2747497359911601,0.021372608840465546,-0.07864191383123398
659,1.0432839879999847,64.617472,1.4666426181793213,0.3030577003955841,0.03128865733742714,0.0078125,0.12301900237798691,0.0,0.10522256791591644,2.264504909515381,4.1607465744018555,0.48247724771499634,0.0,31.0,0.0,0.0,31.0,0.0,31.0,0.3188072641690572,0.20579446852207184,2.6984049479166665,0.275451918443044,0.021401236454645794,-0.07860252261161804
660,1.058886381000093,64.617472,1.4954801797866821,0.3038129210472107,0.03364044800400734,0.0078125,0.12662896513938904,0.0,0.09934404492378235,2.039076328277588,4.443748474121094,0.44275760650634766,0.0,19.0,0.0,0.0,19.0,0.0,19.0,0.32021568218866986,0.19882354140281677,2.6962076822916665,0.27636194229125977,0.02143394450346629,-0.07854674011468887
661,1.0750880719999714,64.617472,1.4612975120544434,0.3170451521873474,0.014499975368380547,0.0078125,0.12291598320007324,0.0,0.09675531089305878,1.754315733909607,4.6778411865234375,0.4923338294029236,0.0,31.0,0.0,0.0,31.0,0.0,31.0,0.3208618760108948,0.19602036476135254,2.6459147135416665,0.2768546938896179,0.02137935906648636,-0.0784912183880806
662,0.9966860140000335,64.617472,1.4172316789627075,0.3337259888648987,0.026462845504283905,0.0078125,0.11958818137645721,0.0,0.090279221534729,1.4660675525665283,4.780740261077881,0.4372444152832031,0.0,17.0,0.0,0.0,17.0,0.0,17.0,0.3212621609369914,0.19455388188362122,2.6625569661458335,0.2772706945737203,0.02133071670929591,-0.07843801379203796
663,0.9535240210000211,64.617472,1.324283242225647,0.361655592918396,0.04070033133029938,0.0078125,0.11030562967061996,0.0,0.09311266988515854,1.3868014812469482,4.681285858154297,0.42471811175346375,0.0,14.0,0.0,0.0,14.0,0.0,14.0,0.3207460443178813,0.19466866552829742,2.6558837890625,0.27679959932963055,0.021322737137476604,-0.07842238247394562
664,0.9396716119999837,64.617472,1.2650772333145142,0.3826266825199127,0.04788001999258995,0.0078125,0.10442815721035004,0.0,0.09485771507024765,1.3217252492904663,4.46173095703125,0.42482826113700867,0.0,11.0,0.0,0.0,11.0,0.0,11.0,0.32014421621958417,0.19463951885700226,2.6415608723958335,0.2762386004130046,0.02131066471338272,-0.07849308103322983
665,0.966906975000029,64.617472,1.2324984073638916,0.39509040117263794,0.04625653475522995,0.0078125,0.1009313315153122,0.0,0.09978581964969635,1.3443278074264526,4.271121978759766,0.4221919775009155,0.0,13.0,0.0,0.0,13.0,0.0,13.0,0.3190206090609233,0.19551663100719452,2.6539713541666665,0.2751515905062358,0.021242099503676098,-0.07861840724945068
666,1.0008370079999622,64.617472,1.1872612237930298,0.39944568276405334,0.035562288016080856,0.0078125,0.09612387418746948,0.0,0.10314080119132996,1.48912513256073,4.150498390197754,0.4260305166244507,0.0,13.0,0.0,0.0,13.0,0.0,13.0,0.3179847002029419,0.2048020213842392,2.648193359375,0.2739671468734741,0.021223353842894237,-0.05133616179227829
667,1.1275515940001242,64.617472,1.2276942729949951,0.38321834802627563,0.022809935733675957,0.0078125,0.09983386844396591,0.0,0.10448972880840302,1.6859121322631836,4.155592918395996,0.4231956899166107,0.0,16.0,0.0,0.0,16.0,0.0,16.0,0.3169148564338684,0.20381276309490204,2.6704508463541665,0.2734322150548299,0.021285325288772583,-0.05129005014896393
668,1.0240236939998795,64.617472,1.2881397008895874,0.35947802662849426,0.029714467003941536,0.009765625,0.1055658683180809,0.0,0.10621394962072372,1.8775453567504883,4.247074127197266,0.4180692434310913,0.0,18.0,0.0,2.0,16.0,0.0,18.0,0.31624064842859906,0.2065552920103073,2.6874593098958335,0.27312294642130536,0.021268849571545918,-0.05130225419998169
669,1.0342223019999892,64.617472,1.3510472774505615,0.34132033586502075,0.017587117850780487,0.009765625,0.11155550181865692,0.0,0.10709194839000702,2.0904335975646973,4.394741058349609,0.4253171384334564,0.0,23.0,0.0,0.0,23.0,0.0,23.0,0.3162354628245036,0.2092227041721344,2.7151285807291665,0.27351168791453045,0.02133527398109436,-0.05132720619440079
670,1.0580137249999098,64.617472,1.3680130243301392,0.3288743793964386,0.0170387402176857,0.01171875,0.11323802173137665,0.0,0.10488872230052948,2.2292113304138184,4.46903133392334,0.4253707826137543,0.0,25.0,0.0,2.0,23.0,0.0,25.0,0.3167237440745036,0.20604929327964783,2.7210693359375,0.27405305703481037,0.02146003892024358,-0.05127893388271332
671,1.0365555000000768,64.617472,1.3789573907852173,0.3175448179244995,0.017124902456998825,0.01171875,0.11473961174488068,0.0,0.1008690595626831,2.258733034133911,4.409337043762207,0.41373777389526367,0.0,25.0,0.0,0.0,25.0,0.0,25.0,0.3177702824274699,0.2029063105583191,2.7226155598958335,0.2749382257461548,0.0215090811252594,-0.07797756046056747
672,1.0169838580000032,64.617472,1.419527530670166,0.3078880310058594,0.03325987234711647,0.0126953125,0.1187094897031784,0.0,0.09913194179534912,2.218555450439453,4.378352165222168,0.4439440667629242,0.0,28.0,0.0,1.0,27.0,0.0,28.0,0.3188188076019287,0.1965855062007904,2.6998697916666665,0.2758130033810933,0.021432578563690186,-0.07859911024570465
673,0.9977601929999764,64.617472,1.46648108959198,0.3013952076435089,0.0751459002494812,0.0126953125,0.12377965450286865,0.0,0.09346296638250351,2.0806875228881836,4.385001182556152,0.4570481777191162,0.0,22.0,0.0,0.0,22.0,0.0,22.0,0.32008324066797894,0.19654333591461182,2.6996663411458335,0.2767795920372009,0.02143180121978124,-0.07851714640855789
674,1.0305432889999793,64.617472,1.4675909280776978,0.30176085233688354,0.030055224895477295,0.0126953125,0.1245584487915039,0.0,0.09239916503429413,1.9307607412338257,4.360835552215576,0.4279322028160095,0.0,23.0,0.0,0.0,23.0,0.0,23.0,0.3209071358044942,0.19698165357112885,2.6841227213541665,0.2772677739461263,0.021479701002438862,-0.07833519577980042
675,1.0609370939998826,64.617472,1.4455088376998901,0.30902519822120667,0.016667481511831284,0.01171875,0.1226518377661705,0.0,0.08903234452009201,1.7110538482666016,4.436433792114258,0.43193507194519043,0.0,27.0,0.0,0.0,27.0,0.0,27.0,0.3212629755338033,0.19754347205162048,2.6962483723958335,0.27747591336568195,0.02145859847466151,-0.07789859920740128
676,1.0550447919999897,64.617472,1.3765804767608643,0.32644546031951904,0.0105967465788126,0.0126953125,0.11658470332622528,0.0,0.08491911739110947,1.5184078216552734,4.408654689788818,0.3896159827709198,0.0,18.0,0.0,1.0,17.0,0.0,18.0,0.3213205536206563,0.20415903627872467,2.7166748046875,0.2776488661766052,0.021424030264218647,-0.07674788683652878
677,1.0353837640000165,64.617472,1.2768845558166504,0.3512622117996216,0.01644453965127468,0.0126953125,0.10685259103775024,0.0,0.08267159759998322,1.3543708324432373,4.339592933654785,0.38661545515060425,0.0,23.0,0.0,0.0,23.0,0.0,23.0,0.3217937747637431,0.20169410109519958,2.7247721354166665,0.27787651618321735,0.021419435739517212,-0.07723455876111984
678,1.0340581430000384,64.617472,1.1842029094696045,0.3728260099887848,0.031512875109910965,0.0126953125,0.09798746556043625,0.0,0.08308571577072144,1.249345064163208,4.229128837585449,0.3622554540634155,0.0,8.0,0.0,0.0,8.0,0.0,8.0,0.3216349482536316,0.19876612722873688,2.7283121744791665,0.2777307430903117,0.021396865447362263,-0.0768853947520256
679,1.0578347129999202,64.617472,1.1312520503997803,0.3903478682041168,0.033038679510354996,0.01171875,0.09253381192684174,0.0,0.08528520911931992,1.2742475271224976,4.266887187957764,0.3585231900215149,0.0,20.0,0.0,0.0,20.0,0.0,20.0,0.32170599699020386,0.19660109281539917,2.7419026692708335,0.2776315013567607,0.021414123475551605,-0.07610607147216797
680,1.0330303339999318,64.617472,1.1137770414352417,0.40181517601013184,0.05337090417742729,0.01171875,0.09085814654827118,0.0,0.08418139815330505,1.384969711303711,4.3273396492004395,0.35777196288108826,0.0,16.0,0.0,0.0,16.0,0.0,16.0,0.3217507600784302,0.20007002353668213,2.7830403645833335,0.27745914459228516,0.021551993985970814,-0.05131874978542328
681,1.0380914499999108,64.617472,1.0984036922454834,0.40536797046661377,0.039619434624910355,0.01171875,0.08910346031188965,0.0,0.08545318245887756,1.5307948589324951,4.292178630828857,0.3627609610557556,0.0,19.0,0.0,0.0,19.0,0.0,19.0,0.3212846716245015,0.2075100690126419,2.792236328125,0.276938796043396,0.02156469722588857,-0.05133183300495148
682,1.024914204000197,64.617472,1.1094614267349243,0.3962171673774719,0.02805195562541485,0.01171875,0.09036257863044739,0.0,0.0832596868276596,1.6552412509918213,4.346693992614746,0.35454171895980835,0.0,15.0,0.0,0.0,15.0,0.0,15.0,0.32093703746795654,0.20740944147109985,2.8322347005208335,0.2765113115310669,0.021504635612169903,-0.051285870373249054
683,1.0136919149999812,64.617472,1.122347116470337,0.3846668004989624,0.021893566474318504,0.01171875,0.09141084551811218,0.0,0.0825730487704277,1.7816448211669922,4.367339134216309,0.3619846701622009,0.0,18.0,0.0,0.0,18.0,0.0,18.0,0.3209981918334961,0.2121039777994156,2.8310139973958335,0.27632759014765423,0.021458446979522705,-0.0513126403093338
684,1.0198222040000928,64.617472,1.140755534172058,0.37168946862220764,0.017437295988202095,0.01171875,0.0929686650633812,0.0,0.0840221643447876,1.947472333908081,4.308609962463379,0.3775147795677185,0.0,14.0,0.0,0.0,14.0,0.0,14.0,0.3210671345392863,0.21986399590969086,2.77880859375,0.2763397693634033,0.021443235377470653,-0.07646238803863525
685,1.0205592810000326,64.617472,1.195436954498291,0.3523355722427368,0.043553516268730164,0.01171875,0.09854309260845184,0.0,0.08186708390712738,2.0010178089141846,4.237461090087891,0.38113659620285034,0.0,19.0,0.0,0.0,19.0,0.0,19.0,0.3216562271118164,0.2176828235387802,2.762451171875,0.27673961718877155,0.021414351960023243,-0.07854856550693512
686,0.9919222249998256,64.617472,1.2574313879013062,0.3372417986392975,0.026885399594902992,0.0107421875,0.1045980378985405,0.0,0.08128415793180466,2.0764214992523193,4.292539596557617,0.38451844453811646,0.0,17.0,0.0,0.0,17.0,0.0,17.0,0.3218945463498433,0.21432387828826904,2.750732421875,0.2770635684331258,0.02141333868106206,-0.07849398255348206
687,0.9724273970000468,64.617472,1.257365107536316,0.3296299874782562,0.05568687617778778,0.0107421875,0.10454239696264267,0.0,0.07966583967208862,2.0536580085754395,4.211667537689209,0.4123102128505707,0.0,21.0,0.0,0.0,21.0,0.0,21.0,0.32195905844370526,0.20761530101299286,2.7366129557291665,0.2771523793538411,0.021417928238709767,-0.078435517847538
688,0.9526470370001334,64.617472,1.2829890251159668,0.32543253898620605,0.0233567263931036,0.0107421875,0.10737147182226181,0.0,0.07821940630674362,1.9823150634765625,4.32661247253418,0.38714873790740967,0.0,18.0,0.0,0.0,18.0,0.0,18.0,0.3218814531962077,0.2084280252456665,2.7701416015625,0.2772889931996663,0.021312308808167774,-0.07830484211444855
689,0.9581266919999507,64.617472,1.329988956451416,0.32762372493743896,0.015002154745161533,0.0107421875,0.11192803084850311,0.0,0.07993070781230927,1.8302972316741943,4.420536994934082,0.39120960235595703,0.0,12.0,0.0,0.0,12.0,0.0,12.0,0.32231026887893677,0.20551826059818268,2.7623291015625,0.27783169349034625,0.02130461484193802,-0.0778156965970993
690,0.9853066309999576,64.617472,1.300726294517517,0.34164363145828247,0.024220675230026245,0.0107421875,0.10906040668487549,0.0,0.0787692666053772,1.6984657049179077,4.488346099853516,0.3900144100189209,0.0,25.0,0.0,0.0,25.0,0.0,25.0,0.3230966329574585,0.20535282790660858,2.7061767578125,0.27843620379765827,0.021173675855000813,-0.07834570854902267
691,0.9511973919998127,64.617472,1.2801589965820312,0.3500000834465027,0.027303269132971764,0.01171875,0.10751944780349731,0.0,0.07665432244539261,1.5033624172210693,4.436165809631348,0.37137922644615173,0.0,12.0,0.0,1.0,11.0,0.0,12.0,0.3233102560043335,0.20514391362667084,2.7145182291666665,0.27858491738637287,0.021174602210521698,-0.07824645936489105
692,0.9683171570000013,64.617472,1.2447344064712524,0.36071622371673584,0.02632025256752968,0.0107421875,0.10379236936569214,0.0,0.07888337969779968,1.390798568725586,4.424504280090332,0.37605926394462585,0.0,20.0,0.0,0.0,20.0,0.0,20.0,0.32257165511449176,0.20452441275119781,2.7393391927083335,0.27790353695551556,0.021159835159778595,-0.07713823020458221
693,0.9718912700000146,64.617472,1.19467031955719,0.3725546598434448,0.026651199907064438,0.0107421875,0.09922240674495697,0.0,0.07852926105260849,1.3680747747421265,4.367708206176758,0.34631890058517456,0.0,12.0,0.0,0.0,12.0,0.0,12.0,0.32219064235687256,0.2046251893043518,2.7133382161458335,0.2775659958521525,0.021139204502105713,-0.07699526846408844
694,0.9759009370000058,64.617472,1.200958013534546,0.374652624130249,0.02907291240990162,0.0107421875,0.0995795950293541,0.0,0.07958756387233734,1.3720288276672363,4.382443428039551,0.3596988320350647,0.0,18.0,0.0,0.0,18.0,0.0,18.0,0.32128753264745075,0.19759319722652435,2.7398274739583335,0.2769947449366252,0.021123133599758148,-0.07822360843420029
695,0.9763220239999555,64.617472,1.120837688446045,0.38374072313308716,0.020566243678331375,0.009765625,0.0916963443160057,0.0,0.07969509065151215,1.5045750141143799,4.380218505859375,0.3409022092819214,0.0,9.0,0.0,0.0,9.0,0.0,9.0,0.3203534285227458,0.19701865315437317,2.7984619140625,0.2761245171229045,0.02107284963130951,-0.07873561978340149
696,0.9542303819998779,64.617472,1.120306134223938,0.38255774974823,0.02243764139711857,0.009765625,0.09115193784236908,0.0,0.08358824253082275,1.632865309715271,4.413616180419922,0.3532775044441223,0.0,10.0,0.0,0.0,10.0,0.0,10.0,0.31961941719055176,0.19923870265483856,2.8157552083333335,0.2753520607948303,0.021115735173225403,-0.07875091582536697
697,0.9759590950000074,64.617472,1.1769280433654785,0.3735237717628479,0.03280811756849289,0.009765625,0.09618128836154938,0.0,0.08630222082138062,1.7617690563201904,4.504556655883789,0.3855951428413391,0.0,20.0,0.0,0.0,20.0,0.0,20.0,0.3198954661687215,0.20652234554290771,2.7969156901041665,0.27549992005030316,0.021166255076726277,-0.07873230427503586
698,0.9977711260000888,64.617472,1.2132320404052734,0.3662351071834564,0.04059182479977608,0.0087890625,0.09954934567213058,0.0,0.08642425388097763,1.8698112964630127,4.509761333465576,0.4037204682826996,0.0,14.0,0.0,0.0,14.0,0.0,14.0,0.32073259353637695,0.2057381123304367,2.7745768229166665,0.27616365750630695,0.02123722682396571,-0.07857868075370789
699,1.0454333990001032,64.617472,1.2263038158416748,0.3570981025695801,0.023659300059080124,0.0087890625,0.10054439306259155,0.0,0.08673311769962311,1.9414846897125244,4.5816802978515625,0.43345803022384644,0.0,23.0,0.0,0.0,23.0,0.0,23.0,0.3214367429415385,0.20581860840320587,2.7533772786458335,0.2767656048138936,0.021256156265735626,-0.07849277555942535
700,1.0463695869998446,64.617472,1.2161732912063599,0.35274696350097656,0.013389083556830883,0.0087890625,0.09967474639415741,0.0,0.08575811237096786,1.9562591314315796,4.490276336669922,0.4327358603477478,0.0,17.0,0.0,0.0,17.0,0.0,17.0,0.321610947450002,0.20946992933750153,2.7161458333333335,0.27692468961079914,0.021276357273260754,-0.07842531055212021
701,1.0783316669999294,64.617472,1.2541766166687012,0.34363672137260437,0.03041905350983143,0.0078125,0.10335489362478256,0.0,0.08447020500898361,1.9336780309677124,4.461248397827148,0.44455385208129883,0.0,22.0,0.0,0.0,22.0,0.0,22.0,0.3213670651117961,0.20995548367500305,2.7322184244791665,0.27671436468760174,0.021303626398245495,-0.07837403565645218
702,1.0211899910000284,64.617472,1.3001927137374878,0.33629074692726135,0.037364594638347626,0.0078125,0.1080862432718277,0.0,0.08216419816017151,1.8984920978546143,4.387887001037598,0.4496360719203949,0.0,21.0,0.0,0.0,21.0,0.0,21.0,0.3210841615994771,0.20701909065246582,2.7473958333333335,0.2767707904179891,0.021339580416679382,-0.07834002375602722
703,0.9984876340001847,64.617472,1.338165044784546,0.3336540460586548,0.017902212217450142,0.0078125,0.11244072765111923,0.0,0.07882467657327652,1.7984817028045654,4.479022026062012,0.4108675718307495,0.0,18.0,1.0,0.0,19.0,0.0,18.0,0.32128389676411945,0.2049698531627655,2.7344563802083335,0.2772374749183655,0.021275239686171215,-0.07838133722543716
704,0.9735000880000371,64.617472,1.2961701154708862,0.3443072438240051,0.022854167968034744,0.0078125,0.10833564400672913,0.0,0.07903850078582764,1.6972990036010742,4.513261318206787,0.40165671706199646,0.0,14.0,0.0,0.0,14.0,0.0,14.0,0.321563720703125,0.20632639527320862,2.7480875651041665,0.27772541840871173,0.021297452350457508,-0.07847573608160019
705,0.9688698259999455,64.617472,1.2491756677627563,0.35706689953804016,0.011799239553511143,0.0068359375,0.10382958501577377,0.0,0.07956140488386154,1.5239503383636475,4.578976631164551,0.38271602988243103,0.0,16.0,0.0,0.0,16.0,0.0,16.0,0.32193656762441,0.2103288471698761,2.7235514322916665,0.27812649806340534,0.021382431189219158,-0.0786345899105072
706,1.0300441419999515,64.617472,1.237797737121582,0.3678951859474182,0.017173392698168755,0.0068359375,0.10282409191131592,0.0,0.08089694380760193,1.4015874862670898,4.586597442626953,0.3735212981700897,0.0,15.0,0.0,0.0,15.0,0.0,15.0,0.3218930959701538,0.21025565266609192,2.6881510416666665,0.27822933594385785,0.021450137098630268,-0.0786457359790802
707,1.0378157600000577,64.617472,1.223675012588501,0.37873268127441406,0.028798982501029968,0.0068359375,0.10125234723091125,0.0,0.08241419494152069,1.3813936710357666,4.597200870513916,0.37343424558639526,0.0,11.0,0.0,0.0,11.0,0.0,11.0,0.32159554958343506,0.21356946229934692,2.7042236328125,0.27805020411809284,0.02154174695412318,-0.051332756876945496
708,0.9632205600000816,64.617472,1.1583232879638672,0.39131057262420654,0.038508959114551544,0.0068359375,0.09472741931676865,0.0,0.08398503065109253,1.414107084274292,4.557439804077148,0.3596001863479614,0.0,11.0,0.0,0.0,11.0,0.0,11.0,0.3206920623779297,0.21539442241191864,2.7259114583333335,0.2775147755940755,0.021538930634657543,-0.05128695070743561
709,0.9657259790001262,64.617472,1.0993022918701172,0.3973151743412018,0.03717124089598656,0.0068359375,0.08883621543645859,0.0,0.08540908992290497,1.4729880094528198,4.39112663269043,0.3609732389450073,0.0,15.0,0.0,0.0,15.0,0.0,15.0,0.3199718197186788,0.21619296073913574,2.74365234375,0.27681273221969604,0.021531778077284496,-0.07860741019248962
710,0.9917310640000778,64.617472,1.0869077444076538,0.39274829626083374,0.02215280570089817,0.0068359375,0.08754106611013412,0.0,0.08721943944692612,1.5577032566070557,4.3563947677612305,0.367664635181427,0.0,10.0,0.0,0.0,10.0,0.0,10.0,0.3194960355758667,0.21165871620178223,2.7440592447916665,0.27624716361363727,0.021446955700715382,-0.07869137078523636
711,1.0097458830000505,64.617472,1.128082513809204,0.3785269856452942,0.01985606737434864,0.0068359375,0.09108787775039673,0.0,0.08975645154714584,1.7092088460922241,4.440282344818115,0.3845701813697815,0.0,15.0,0.0,0.0,15.0,0.0,15.0,0.31906108061472577,0.20712608098983765,2.75048828125,0.2759767572085063,0.02147178848584493,-0.07857690006494522
712,0.9961822559998836,64.617472,1.1831048727035522,0.3607028126716614,0.05682353302836418,0.0068359375,0.09641870856285095,0.0,0.09012161195278168,1.8536558151245117,4.537432670593262,0.38438186049461365,0.0,13.0,0.0,0.0,13.0,0.0,13.0,0.3189377387364705,0.20393159985542297,2.746337890625,0.27619604269663495,0.021433865030606587,-0.07848053425550461
713,1.00090109499979,64.617472,1.287724494934082,0.3387271761894226,0.03131533041596413,0.0068359375,0.10640323162078857,0.0,0.09099399298429489,1.9695056676864624,4.700005531311035,0.40302759408950806,0.0,21.0,0.0,0.0,21.0,0.0,21.0,0.3193856080373128,0.2002742439508438,2.7431640625,0.27632532517115277,0.021365349491437275,-0.07840602099895477
714,0.9602619409999988,64.617472,1.2952125072479248,0.3329828083515167,0.01789998449385166,0.0068359375,0.1073351725935936,0.0,0.08864472806453705,1.9590624570846558,4.782116413116455,0.3973988890647888,0.0,16.0,0.0,0.0,16.0,0.0,16.0,0.32017125686009723,0.21913012862205505,2.759033203125,0.2767943739891052,0.021469940741856892,-0.07814893871545792
715,0.9818514190001224,64.617472,1.2664780616760254,0.33737877011299133,0.016998780891299248,0.0078125,0.10430451482534409,0.0,0.08682255446910858,1.9599021673202515,4.739186763763428,0.4236668348312378,0.0,18.0,0.0,1.0,17.0,0.0,18.0,0.32039952278137207,0.21175485849380493,2.73974609375,0.2772671580314636,0.02158098171154658,-0.07746349275112152
716,0.9819179050000457,64.617472,1.2577400207519531,0.34388625621795654,0.01815631054341793,0.0078125,0.10369499772787094,0.0,0.08447277545928955,1.84712815284729,4.599602699279785,0.4262925088405609,0.0,17.0,0.0,0.0,17.0,0.0,17.0,0.32074002424875897,0.21097278594970703,2.6914876302083335,0.27743758757909137,0.0215938538312912,-0.07832783460617065
717,0.9699628629998642,64.617472,1.2456234693527222,0.34862270951271057,0.012789842672646046,0.0078125,0.10277237743139267,0.0,0.08357183635234833,1.7075283527374268,4.488278865814209,0.41400426626205444,0.0,17.0,0.0,0.0,17.0,0.0,17.0,0.3204493721326192,0.21100811660289764,2.697021484375,0.27697932720184326,0.021598227322101593,-0.07836932688951492
718,0.9745603349999783,64.617472,1.2335461378097534,0.35551369190216064,0.05872814729809761,0.0078125,0.10186179727315903,0.0,0.0838201493024826,1.580148696899414,4.328859329223633,0.4058598279953003,0.0,13.0,0.0,0.0,13.0,0.0,13.0,0.31994593143463135,0.2035668045282364,2.7440592447916665,0.2764444947242737,0.021557770669460297,-0.07815845310688019
719,1.0430148509999526,64.617472,1.235617995262146,0.3638337254524231,0.014941118657588959,0.0078125,0.10213681310415268,0.0,0.08473005145788193,1.4854934215545654,4.348635673522949,0.40242427587509155,0.0,12.0,0.0,0.0,12.0,0.0,12.0,0.31977150837580365,0.20488975942134857,2.7249348958333335,0.27623311678568524,0.021464889248212177,-0.07731814682483673
720,1.0070439290000195,64.617472,1.2562499046325684,0.3706662952899933,0.025837142020463943,0.0078125,0.1040302962064743,0.0,0.08446397632360458,1.4017524719238281,4.388967514038086,0.42304155230522156,0.0,17.0,1.0,1.0,17.0,0.0,17.0,0.3198907971382141,0.2049557864665985,2.7314453125,0.27619363864262897,0.021303546925385792,-0.0763387605547905
721,1.073236179000105,64.617472,1.2161842584609985,0.38127437233924866,0.02578188106417656,0.0078125,0.10042285174131393,0.0,0.08276380598545074,1.4226049184799194,4.32528018951416,0.38980376720428467,0.0,15.0,0.0,0.0,15.0,0.0,15.0,0.31960731744766235,0.20474255084991455,2.76513671875,0.27576090892155963,0.021314360201358795,-0.07748240977525711
722,1.0475113110001075,64.617472,1.1878173351287842,0.38287729024887085,0.028100626543164253,0.0078125,0.09760525822639465,0.0,0.08195789158344269,1.4982528686523438,4.310584545135498,0.3870309591293335,0.0,13.0,0.0,0.0,13.0,0.0,13.0,0.3191796541213989,0.20262829959392548,2.8051350911458335,0.27528993288675946,0.021396542588869732,-0.07865224033594131
723,1.0700464079998255,64.617472,1.1735049486160278,0.38310086727142334,0.027807701379060745,0.0078125,0.09555481374263763,0.0,0.08549382537603378,1.6207479238510132,4.368077278137207,0.4126499593257904,0.0,11.0,0.0,0.0,11.0,0.0,11.0,0.31844015916188556,0.20187807083129883,2.8079833984375,0.27483852704366046,0.02147435148557027,-0.07863885164260864
724,1.0747647809998853,64.617472,1.179795265197754,0.37656480073928833,0.016727987676858902,0.0078125,0.09589807689189911,0.0,0.08776592463254929,1.7524646520614624,4.44776725769043,0.4215868413448334,0.0,14.0,0.0,0.0,14.0,0.0,14.0,0.3186703523000081,0.20456865429878235,2.78466796875,0.27511340379714966,0.02144219974676768,-0.07850024849176407
725,1.061765259999902,64.617472,1.2154160737991333,0.36572152376174927,0.01179014053195715,0.0078125,0.09892259538173676,0.0,0.090266153216362,1.856311559677124,4.535065650939941,0.45525431632995605,0.0,11.0,0.0,0.0,11.0,0.0,11.0,0.31925984223683673,0.196602463722229,2.7554524739583335,0.27567243576049805,0.021383566160996754,-0.07837646454572678
726,1.097086906999948,64.617472,1.2237664461135864,0.3554317057132721,0.022110432386398315,0.0078125,0.09954071044921875,0.0,0.09181138128042221,1.9230798482894897,4.5640459060668945,0.4650246500968933,0.0,14.0,0.0,0.0,14.0,0.0,14.0,0.3193401098251343,0.1962190866470337,2.7423095703125,0.27582818269729614,0.02132331331570943,-0.0782780572772026
727,1.035010242999988,64.617472,1.2595535516738892,0.34473657608032227,0.01933867484331131,0.0078125,0.10298933833837509,0.0,0.08973012864589691,1.9829046726226807,4.537398338317871,0.4903971552848816,0.0,20.0,0.0,0.0,20.0,0.0,20.0,0.3196639617284139,0.195348858833313,2.7529296875,0.2759206493695577,0.021321674187978108,-0.07817763090133667
728,0.9963491860000886,64.617472,1.3093187808990479,0.3319116234779358,0.024555735290050507,0.0078125,0.1082707941532135,0.0,0.08799593150615692,1.9375642538070679,4.453135967254639,0.48010706901550293,0.0,19.0,0.0,0.0,19.0,0.0,19.0,0.32014286518096924,0.1951432228088379,2.7533772786458335,0.2761857509613037,0.02131422112385432,-0.07811284810304642
729,0.9690650949999053,64.617472,1.3301295042037964,0.324241578578949,0.0212270375341177,0.0078125,0.11067339032888412,0.0,0.08591799437999725,1.896996021270752,4.275866508483887,0.4801202714443207,0.0,16.0,0.0,0.0,16.0,0.0,16.0,0.3206368684768677,0.20220820605754852,2.739990234375,0.27668527762095135,0.02136990676323573,-0.07820595800876617
730,0.9760958960000607,64.617472,1.3350893259048462,0.3221539855003357,0.028951134532690048,0.0078125,0.11093489825725555,0.0,0.086973637342453,1.814772367477417,4.118485450744629,0.504976212978363,0.0,16.0,0.0,0.0,16.0,0.0,16.0,0.3204808036486308,0.20228151977062225,2.716064453125,0.2767118414243062,0.021490613619486492,-0.07698363065719604
731,1.0031500049999522,64.617472,1.3177497386932373,0.32265859842300415,0.0257001630961895,0.0078125,0.10972508043050766,0.0,0.08515285700559616,1.681523084640503,4.029559135437012,0.4865304231643677,0.0,17.0,0.0,0.0,17.0,0.0,17.0,0.3207416534423828,0.1989656388759613,2.7236735026041665,0.27696160475413006,0.021558364232381184,-0.06704221665859222
732,1.0307614230000581,64.617472,1.3667373657226562,0.32097291946411133,0.049693845212459564,0.0078125,0.11491724103689194,0.0,0.08578573167324066,1.5648024082183838,3.9814834594726562,0.47680068016052246,0.0,12.0,0.0,0.0,12.0,0.0,12.0,0.32097818454106647,0.1989358514547348,2.7139078776041665,0.27710344394048053,0.02157755196094513,-0.06756430864334106
733,1.0274509010000656,64.617472,1.3811324834823608,0.32529449462890625,0.04019906744360924,0.0078125,0.116288922727108,0.0,0.08632593601942062,1.5080450773239136,4.103077411651611,0.4754409193992615,0.0,17.0,0.0,0.0,17.0,0.0,17.0,0.3207915226618449,0.2031082957983017,2.7213541666666665,0.27693066994349164,0.021529545386632282,-0.0680418536067009
734,0.9975725199999488,64.617472,1.35146164894104,0.33792823553085327,0.0251070074737072,0.0078125,0.11329486221075058,0.0,0.0876278206706047,1.449062705039978,4.299202919006348,0.45609188079833984,0.0,13.0,0.0,0.0,13.0,0.0,13.0,0.32030826807022095,0.1942373514175415,2.7268473307291665,0.27641258637110394,0.021571194132169087,-0.06865648925304413
735,0.9956728739998653,64.617472,1.2955008745193481,0.3540894389152527,0.02858797274529934,0.0078125,0.1077888011932373,0.0,0.08335032314062119,1.3896516561508179,4.473611831665039,0.4620668888092041,0.0,20.0,0.0,0.0,20.0,0.0,20.0,0.3207864761352539,0.18423369526863098,2.7544759114583335,0.27670403321584064,0.021434674660364788,-0.06968819350004196
736,1.0543049049999809,64.617472,1.2473481893539429,0.37298017740249634,0.038590408861637115,0.0078125,0.10276111960411072,0.0,0.08554649353027344,1.4452135562896729,4.5370588302612305,0.45600101351737976,0.0,14.0,0.0,0.0,14.0,0.0,14.0,0.3204987049102783,0.17798641324043274,2.7498779296875,0.27609459559122723,0.02139458805322647,-0.06979521363973618
737,1.0362446710000768,64.617472,1.2466048002243042,0.38385093212127686,0.048164352774620056,0.0078125,0.10248228162527084,0.0,0.08482164144515991,1.5040534734725952,4.658641815185547,0.46201464533805847,0.0,11.0,0.0,0.0,11.0,0.0,11.0,0.3202261726061503,0.18070384860038757,2.78369140625,0.2756772041320801,0.021353704233964283,-0.06946374475955963
738,1.1431978470000104,64.617472,1.314500093460083,0.3792889714241028,0.05438481643795967,0.0078125,0.10891610383987427,0.0,0.0864374190568924,1.5436838865280151,4.799951553344727,0.47603440284729004,0.0,16.0,0.0,0.0,16.0,0.0,16.0,0.32033387819925946,0.1828695833683014,2.7772216796875,0.2756004333496094,0.02134021371603012,-0.07186418771743774
739,1.0184441919998335,64.617472,1.2805089950561523,0.3787393271923065,0.039151351898908615,0.0087890625,0.10546724498271942,0.0,0.08571647107601166,1.6421070098876953,4.731464385986328,0.491732120513916,0.0,16.0,1.0,1.0,16.0,0.0,16.0,0.3208935856819153,0.19816048443317413,2.739013671875,0.2759961287180583,0.02135581026474635,-0.07519221305847168
740,1.012729459999946,64.617472,1.2664192914962769,0.37200313806533813,0.030372314155101776,0.0087890625,0.10388873517513275,0.0,0.08488141000270844,1.7473886013031006,4.652196407318115,0.5117694139480591,0.0,21.0,0.0,0.0,21.0,0.0,21.0,0.32121137777964276,0.19976869225502014,2.75341796875,0.2759849429130554,0.0212543581922849,-0.07760142534971237
741,0.9807268359998034,64.617472,1.2487375736236572,0.35762012004852295,0.01850300095975399,0.0087890625,0.10241641849279404,0.0,0.08246638625860214,1.8190349340438843,4.409316539764404,0.5117905139923096,0.0,16.0,0.0,0.0,16.0,0.0,16.0,0.32147236665089923,0.20147186517715454,2.7662760416666665,0.2760705550511678,0.021234725912412006,-0.07621759176254272
742,0.9847855299999537,64.617472,1.3158435821533203,0.3357319235801697,0.026044320315122604,0.0087890625,0.10952702164649963,0.0,0.08274780958890915,1.861633539199829,4.230039596557617,0.493941068649292,0.0,18.0,0.0,0.0,18.0,0.0,18.0,0.3217046856880188,0.20258310437202454,2.7600504557291665,0.2762373685836792,0.021408046285311382,-0.0513341948390007
743,0.9812313340000856,64.617472,1.3402875661849976,0.32049041986465454,0.07145793735980988,0.0087890625,0.1121380552649498,0.0,0.07870276272296906,1.9280316829681396,4.104076385498047,0.506233811378479,0.0,22.0,0.0,0.0,22.0,0.0,22.0,0.3222987453142802,0.20312534272670746,2.7978922526041665,0.27695538600285846,0.02140569935242335,-0.05128398537635803
744,0.9730733889998646,64.617472,1.354444146156311,0.3095809519290924,0.05196071043610573,0.0087890625,0.11375436186790466,0.0,0.07499711215496063,1.894121527671814,4.143136501312256,0.5078136324882507,0.0,23.0,0.0,0.0,23.0,0.0,23.0,0.323112686475118,0.20620548725128174,2.8051350911458335,0.2779608964920044,0.021433865030606587,-0.05511415749788284
745,0.9924564169998575,64.617472,1.3211935758590698,0.31118538975715637,0.09300633519887924,0.0087890625,0.11120285838842392,0.0,0.07087194919586182,1.8211735486984253,4.176495552062988,0.4647931456565857,0.0,13.0,0.0,0.0,13.0,0.0,13.0,0.3238527774810791,0.20599235594272614,2.7677408854166665,0.2790214419364929,0.021395936608314514,-0.07323040813207626
746,0.9724784320001163,64.617472,1.2873197793960571,0.32622087001800537,0.07365503907203674,0.0087890625,0.10756411403417587,0.0,0.06953191757202148,1.760886549949646,4.520109176635742,0.4611697196960449,0.0,15.0,0.0,0.0,15.0,0.0,15.0,0.32358187437057495,0.2052324116230011,2.77978515625,0.27914748589197796,0.02143980811039607,-0.0753471702337265
747,0.9353177380000943,64.617472,1.2443599700927734,0.3512980043888092,0.021797992289066315,0.0087890625,0.10322462022304535,0.0,0.06927421689033508,1.6398166418075562,4.979933738708496,0.4280184507369995,0.0,7.0,0.0,0.0,7.0,0.0,7.0,0.3232187032699585,0.20510408282279968,2.77001953125,0.2787301739056905,0.02143124242623647,-0.0771310105919838
748,0.9571157560001211,64.617472,1.1920406818389893,0.38498765230178833,0.06446881592273712,0.0087890625,0.0973505973815918,0.0,0.07378730177879333,1.575415849685669,5.284292697906494,0.438283771276474,0.0,9.0,0.0,0.0,9.0,0.0,9.0,0.32250481843948364,0.20769856870174408,2.741943359375,0.27796196937561035,0.021409424642721813,-0.07725442200899124
749,0.9880165730000954,64.617472,1.2082715034484863,0.4077449440956116,0.08976401388645172,0.0087890625,0.0988280177116394,0.0,0.07520899921655655,1.441955327987671,5.305025577545166,0.4443257451057434,0.0,15.0,0.0,0.0,15.0,0.0,15.0,0.32184284925460815,0.2040366381406784,2.71875,0.2773370146751404,0.02130232999722163,-0.0772460326552391
750,0.9735857420000684,64.617472,1.2178103923797607,0.42100414633750916,0.1021176353096962,0.0087890625,0.09982262551784515,0.0,0.07635404914617538,1.4398744106292725,5.238006591796875,0.424207866191864,0.0,13.0,0.0,0.0,13.0,0.0,13.0,0.3209649125734965,0.20614375174045563,2.7184244791666665,0.2766857147216797,0.021168219546477,-0.07772503793239594
751,0.9830803780000679,64.617472,1.2120529413223267,0.420818030834198,0.07571685314178467,0.0087890625,0.09916990995407104,0.0,0.078632652759552,1.5027823448181152,4.965788841247559,0.42014703154563904,0.0,11.0,0.0,0.0,11.0,0.0,11.0,0.31983325878779095,0.20619060099124908,2.7223307291666665,0.2757636308670044,0.021232960124810536,-0.07802829891443253
752,0.9946861179998905,64.617472,1.1903043985366821,0.4023091495037079,0.03457281365990639,0.0087890625,0.09680448472499847,0.0,0.08215528726577759,1.6091430187225342,4.586864948272705,0.4400738477706909,0.0,11.0,0.0,0.0,11.0,0.0,11.0,0.3185936013857524,0.21067658066749573,2.7062174479166665,0.2749093770980835,0.02134845902522405,-0.07808426022529602
753,0.9889743300000191,64.617472,1.2091645002365112,0.3728911280632019,0.04225701466202736,0.009765625,0.09859570860862732,0.0,0.08526383340358734,1.823221206665039,4.393241882324219,0.43461334705352783,0.0,18.0,0.0,1.0,17.0,0.0,18.0,0.31780656178792316,0.21479953825473785,2.7086181640625,0.27426956097284955,0.021369747817516327,-0.07676064223051071
754,0.9615856420000455,64.617472,1.2421661615371704,0.34582918882369995,0.09879501163959503,0.009765625,0.10164932906627655,0.0,0.08936330676078796,2.0327506065368652,4.224071502685547,0.44520509243011475,0.0,11.0,0.0,0.0,11.0,0.0,11.0,0.3172759215037028,0.2101965844631195,2.7269694010416665,0.2736164728800456,0.021290719509124756,-0.07401920109987259
755,0.970441707999953,64.617472,1.327256202697754,0.32380545139312744,0.01867031492292881,0.009765625,0.10945439338684082,0.0,0.09487102925777435,2.191464900970459,4.288600921630859,0.47379201650619507,0.0,18.0,0.0,0.0,18.0,0.0,18.0,0.31707141796747845,0.20824354887008667,2.7288818359375,0.273512860139211,0.021261746684710186,-0.07389895617961884
756,0.9909762810000302,64.617472,1.335379719734192,0.3152998685836792,0.02941150777041912,0.009765625,0.11027318239212036,0.0,0.09256737679243088,2.3518929481506348,4.334296226501465,0.4719114303588867,0.0,26.0,0.0,0.0,26.0,0.0,26.0,0.3180101315180461,0.20259445905685425,2.7307942708333335,0.2744234999020894,0.021314201255639393,-0.07350582629442215
757,0.9762008970001261,64.617472,1.3390039205551147,0.31372594833374023,0.048003874719142914,0.009765625,0.1104518324136734,0.0,0.09024342894554138,2.469172477722168,4.451360702514648,0.4746272563934326,0.0,18.0,0.0,0.0,18.0,0.0,18.0,0.31900028387705487,0.20589925348758698,2.7309163411458335,0.27534979581832886,0.021383720139662426,-0.07458198070526123
758,0.9810650270001133,64.617472,1.357398271560669,0.3167667090892792,0.04496455937623978,0.009765625,0.11211360991001129,0.0,0.09065350890159607,2.392117977142334,4.574044227600098,0.48674750328063965,0.0,23.0,0.0,0.0,23.0,0.0,23.0,0.3195649782816569,0.20167501270771027,2.6595458984375,0.2760271628697713,0.02144385625918706,-0.0768188014626503
759,0.9684148110000024,64.617472,1.404128909111023,0.3203778564929962,0.0279036033898592,0.009765625,0.11692257970571518,0.0,0.08741363137960434,2.181121587753296,4.766871929168701,0.4857127070426941,0.0,22.0,0.0,0.0,22.0,0.0,22.0,0.3197430968284607,0.20098553597927094,2.655517578125,0.27636152505874634,0.021560529867808025,-0.07844804972410202
760,0.9749593240001104,64.617472,1.394565463066101,0.32844799757003784,0.042410120368003845,0.009765625,0.11603865027427673,0.0,0.08865094184875488,1.9404147863388062,4.796313762664795,0.4880492687225342,0.0,13.0,0.0,0.0,13.0,0.0,13.0,0.31898367404937744,0.196905717253685,2.6891682942708335,0.27585484584172565,0.02155922104914983,-0.07847972959280014
761,0.9675228480000442,64.617472,1.41482412815094,0.33728405833244324,0.02052243985235691,0.0107421875,0.11772018671035767,0.0,0.09577389806509018,1.690649390220642,4.953286647796631,0.4835512638092041,0.0,8.0,1.0,1.0,8.0,0.0,8.0,0.3182978431383769,0.19499291479587555,2.6882731119791665,0.27528876066207886,0.021510337789853413,-0.07857061922550201
762,0.9781065439999566,64.617472,1.4307160377502441,0.3503243923187256,0.035115309059619904,0.0107421875,0.11886333674192429,0.0,0.1024179682135582,1.524158000946045,5.017916679382324,0.4887007176876068,0.0,16.0,0.0,0.0,16.0,0.0,16.0,0.31802139679590863,0.19515441358089447,2.6376139322916665,0.2750174601872762,0.02149381736914317,-0.07866808772087097
763,0.989218800000117,64.617472,1.3908953666687012,0.3659321665763855,0.03950466588139534,0.01171875,0.11469745635986328,0.0,0.10618361085653305,1.446223258972168,5.035089015960693,0.4753449857234955,0.0,19.0,1.0,2.0,18.0,0.0,19.0,0.31741370757420856,0.19459491968154907,2.6094970703125,0.27469581365585327,0.02160511662562688,-0.07810268551111221
764,1.1000247899999067,64.617472,1.389211893081665,0.369887113571167,0.048938632011413574,0.01171875,0.11458214372396469,0.0,0.10715287178754807,1.4361308813095093,4.912294387817383,0.489560067653656,0.0,22.0,0.0,0.0,22.0,0.0,22.0,0.3174894054730733,0.195074662566185,2.5818277994791665,0.27447426319122314,0.021557422975699108,-0.051323093473911285
765,1.0814090659998783,64.617472,1.3226945400238037,0.3747836947441101,0.04570126533508301,0.01171875,0.10789503902196884,0.0,0.10910876095294952,1.636267900466919,4.742711544036865,0.4833471179008484,0.0,13.0,0.0,0.0,13.0,0.0,13.0,0.31718019644419354,0.19423724710941315,2.6050618489583335,0.2738702694574992,0.021470894416173298,-0.0513383150100708
766,1.0240905849998398,64.617472,1.3007991313934326,0.3684113025665283,0.0338982418179512,0.01171875,0.10503391921520233,0.0,0.1155707836151123,1.915642499923706,4.6093668937683105,0.5085633993148804,0.0,16.0,0.0,0.0,16.0,0.0,16.0,0.31651488939921063,0.1984529197216034,2.6627604166666665,0.2729607820510864,0.021443831423918407,-0.051298581063747406
767,1.022983566000221,64.617472,1.331620454788208,0.35344910621643066,0.025291386991739273,0.0107421875,0.10810266435146332,0.0,0.1180330142378807,2.0629959106445312,4.464522361755371,0.5177827477455139,0.0,22.0,0.0,0.0,22.0,0.0,22.0,0.3169281284014384,0.19747616350650787,2.6820882161458335,0.2731856306393941,0.021333823601404827,-0.05131617188453674
768,1.0388941889998478,64.617472,1.3425384759902954,0.3406853973865509,0.0230607520788908,0.0107421875,0.10961126536130905,0.0,0.1157691478729248,2.1302006244659424,4.2907867431640625,0.5380216836929321,0.0,31.0,0.0,0.0,31.0,0.0,31.0,0.317624032497406,0.19788581132888794,2.6977945963541665,0.27399365107218426,0.02132359892129898,-0.05133973807096481
769,1.0073259169998892,64.617472,1.3868284225463867,0.3237885534763336,0.02250828966498375,0.009765625,0.1147000640630722,0.0,0.10644981265068054,2.0717391967773438,4.1120100021362305,0.5381443500518799,0.0,35.0,0.0,0.0,35.0,0.0,35.0,0.3185214400291443,0.20182467997074127,2.7244466145833335,0.2749372720718384,0.021482999126116436,-0.05130097270011902
770,0.9897446519998994,64.617472,1.409942626953125,0.3106039762496948,0.05311964824795723,0.0107421875,0.11758222430944443,0.0,0.09991864860057831,2.013031482696533,4.020395755767822,0.5196678042411804,0.0,24.0,0.0,1.0,23.0,0.0,24.0,0.31892848014831543,0.2010236233472824,2.7374674479166665,0.2756999731063843,0.02157542109489441,-0.051313549280166626
771,0.9901800759998878,64.617472,1.4281210899353027,0.30806732177734375,0.04520503059029579,0.0107421875,0.11965671181678772,0.0,0.0949258804321289,1.9503391981124878,3.978853940963745,0.5273496508598328,0.0,26.0,0.0,0.0,26.0,0.0,26.0,0.31944793462753296,0.20980659127235413,2.7313232421875,0.2763589421908061,0.021624058485031128,-0.0513153076171875
772,0.9935555670001577,64.617472,1.4127724170684814,0.31010615825653076,0.05096837878227234,0.0107421875,0.1187029480934143,0.0,0.08806119859218597,1.8476228713989258,4.041975975036621,0.5067365765571594,0.0,26.0,0.0,0.0,26.0,0.0,26.0,0.31974611679712933,0.20527297258377075,2.7502848307291665,0.2766125400861104,0.021613366901874542,-0.05133192986249924
773,0.9668129050000971,64.617472,1.3680566549301147,0.3158072829246521,0.07158106565475464,0.0107421875,0.11479976773262024,0.0,0.08239934593439102,1.6748244762420654,4.133159160614014,0.4875833988189697,0.0,17.0,0.0,0.0,17.0,0.0,17.0,0.3204127748807271,0.19834646582603455,2.7692057291666665,0.27705544233322144,0.021618008613586426,-0.05133114755153656
774,0.9729753299998265,64.617472,1.3062232732772827,0.3347100019454956,0.05486445873975754,0.0107421875,0.1087956428527832,0.0,0.08308181166648865,1.5586742162704468,4.346958637237549,0.4649698734283447,0.0,14.0,0.0,0.0,14.0,0.0,14.0,0.32086535294850665,0.20276904106140137,2.7690836588541665,0.2774474223454793,0.021600874761740368,-0.05131072551012039
775,0.9789328909998858,64.617472,1.2354912757873535,0.36385226249694824,0.03796468675136566,0.0107421875,0.1016833633184433,0.0,0.08131039142608643,1.4564460515975952,4.588785171508789,0.46094846725463867,0.0,15.0,0.0,0.0,15.0,0.0,15.0,0.3217651844024658,0.2111622840166092,2.7332763671875,0.2784039576848348,0.021650714178880055,-0.051339007914066315
776,0.9811936200001128,64.617472,1.1726069450378418,0.39609599113464355,0.06457455456256866,0.009765625,0.09507480263710022,0.0,0.08284333348274231,1.3736896514892578,4.802043437957764,0.46723484992980957,0.0,13.0,0.0,0.0,13.0,0.0,13.0,0.3222438891728719,0.2054119110107422,2.723876953125,0.2786002556482951,0.021699210007985432,-0.05128392577171326
777,0.9566259739999623,64.617472,1.1547863483428955,0.4147123694419861,0.08775055408477783,0.0107421875,0.09320896118879318,0.0,0.08520691096782684,1.3618154525756836,4.99788236618042,0.44294190406799316,0.0,10.0,0.0,1.0,9.0,0.0,10.0,0.32204971710840863,0.19362419843673706,2.6834716796875,0.27833958466847736,0.021705754101276398,-0.05130540579557419
778,0.958228366999947,64.617472,1.1511039733886719,0.42123469710350037,0.07926712185144424,0.009765625,0.09285420179367065,0.0,0.08473219722509384,1.4295848608016968,5.123757362365723,0.43029698729515076,0.0,17.0,0.0,0.0,17.0,0.0,17.0,0.3217734495798747,0.1967138648033142,2.6539713541666665,0.27799155314763385,0.021709273258845013,-0.05134018510580063
779,0.9619362879998334,64.617472,1.138702154159546,0.4143717885017395,0.0650409460067749,0.0107421875,0.09120357036590576,0.0,0.08693721145391464,1.5384862422943115,5.1059417724609375,0.44590097665786743,0.0,12.0,0.0,1.0,11.0,0.0,12.0,0.3208751678466797,0.2084532529115677,2.6764322916666665,0.2771056095759074,0.02165175974369049,-0.051299989223480225
780,0.9938811170000008,64.617472,1.1536616086959839,0.39434680342674255,0.04865916818380356,0.0107421875,0.09283453226089478,0.0,0.08880369365215302,1.741491675376892,4.898380279541016,0.4277450740337372,0.0,15.0,0.0,0.0,15.0,0.0,15.0,0.3201343019803365,0.20643891394138336,2.711181640625,0.276292363802592,0.02167284240325292,-0.05133233964443207
781,1.0003165919999901,64.617472,1.168789029121399,0.3744109570980072,0.0368313305079937,0.0107421875,0.09425655007362366,0.0,0.09010367095470428,1.9719834327697754,4.544553756713867,0.4367685914039612,0.0,16.0,0.0,0.0,16.0,0.0,16.0,0.31991899013519287,0.20348745584487915,2.7136637369791665,0.2759313980738322,0.021602908770243328,-0.051338739693164825
782,0.9816516900000352,64.617472,1.2331769466400146,0.35376742482185364,0.05327087268233299,0.0107421875,0.10023456811904907,0.0,0.09343749284744263,2.141335964202881,4.236685752868652,0.47473180294036865,0.0,16.0,0.0,0.0,16.0,0.0,16.0,0.3197464148203532,0.20413419604301453,2.7179768880208335,0.27575552463531494,0.021604135632514954,-0.051303766667842865
783,0.9974435230001291,64.617472,1.3027273416519165,0.33212384581565857,0.08230976015329361,0.0107421875,0.1070624440908432,0.0,0.09704449027776718,2.1907644271850586,4.1416802406311035,0.4767991304397583,0.0,17.0,0.0,0.0,17.0,0.0,17.0,0.31976354122161865,0.20821505784988403,2.6997477213541665,0.2758171757062276,0.021647557616233826,-0.05133309215307236
784,1.0190565279999646,64.617472,1.3693307638168335,0.31688395142555237,0.03958559036254883,0.0107421875,0.1137574315071106,0.0,0.09660665690898895,2.104994535446167,4.159600257873535,0.48508983850479126,0.0,28.0,0.0,0.0,28.0,0.0,28.0,0.3199627200762431,0.20557911694049835,2.6593424479166665,0.27647536993026733,0.021729446947574615,-0.05133112519979477
785,0.9917454440001165,64.617472,1.39179265499115,0.3119528293609619,0.09415500611066818,0.009765625,0.11607879400253296,0.0,0.09713824838399887,1.9826812744140625,4.208407878875732,0.4809229373931885,0.0,13.0,0.0,0.0,13.0,0.0,13.0,0.31939438978830975,0.2011532485485077,2.6502278645833335,0.27594260374705,0.021727497378985088,-0.0599852129817009
786,0.96608064499992,64.617472,1.445656180381775,0.3098889887332916,0.039765000343322754,0.009765625,0.1212044283747673,0.0,0.09821727126836777,1.81516695022583,4.392683982849121,0.49522513151168823,0.0,19.0,0.0,0.0,19.0,0.0,19.0,0.3183816472689311,0.19839362800121307,2.6870524088541665,0.27500394980112713,0.02169157812992732,-0.059797026216983795
787,1.013593425000181,64.617472,1.4903686046600342,0.31692367792129517,0.04481349140405655,0.009765625,0.1253630518913269,0.0,0.09895050525665283,1.676548957824707,4.588735580444336,0.5102864503860474,0.0,22.0,0.0,0.0,22.0,0.0,22.0,0.3177132209142049,0.19867295026779175,2.6947428385416665,0.2742970983187358,0.02159525950749715,-0.06872501969337463
788,0.9701088809999874,64.617472,1.4810267686843872,0.330236554145813,0.060283660888671875,0.009765625,0.12474285066127777,0.0,0.09536733478307724,1.5975351333618164,4.750551223754883,0.4777517318725586,0.0,19.0,0.0,0.0,19.0,0.0,19.0,0.3178356687227885,0.202401265501976,2.6993001302083335,0.2741919159889221,0.021487380067507427,-0.07099328190088272
789,0.983856883000044,64.617472,1.4359463453292847,0.35339629650115967,0.04278944432735443,0.009765625,0.1196766346693039,0.0,0.0965430960059166,1.5714120864868164,5.066158771514893,0.47821468114852905,0.0,17.0,0.0,0.0,17.0,0.0,17.0,0.3176787495613098,0.19887907803058624,2.71435546875,0.2741684118906657,0.021505750715732574,-0.07139808684587479
790,0.9887898720000976,64.617472,1.3536912202835083,0.3803166449069977,0.06539308279752731,0.0087890625,0.11129175126552582,0.0,0.09836985170841217,1.5474472045898438,5.080930233001709,0.47319135069847107,0.0,18.0,0.0,0.0,18.0,0.0,18.0,0.31785380840301514,0.19883395731449127,2.6754150390625,0.2744486331939697,0.021528616547584534,-0.07180396467447281
791,1.0067690310002035,64.617472,1.3333373069763184,0.396758109331131,0.07921668887138367,0.0087890625,0.10952521860599518,0.0,0.09881117194890976,1.5179927349090576,5.000392913818359,0.45168185234069824,0.0,16.0,0.0,0.0,16.0,0.0,16.0,0.3180306752522786,0.200539693236351,2.6581624348958335,0.27479392290115356,0.021453802784283955,-0.07232866436243057
792,0.99528556700011,64.617472,1.2689684629440308,0.41054701805114746,0.06951465457677841,0.0087890625,0.10311603546142578,0.0,0.10197414457798004,1.6033481359481812,4.8591837882995605,0.4484714865684509,0.0,16.0,0.0,0.0,16.0,0.0,16.0,0.3177224000295003,0.2011461853981018,2.6678059895833335,0.2745392322540283,0.02140850822130839,-0.07632726430892944
793,0.9874076820001392,64.617472,1.2403478622436523,0.4060712456703186,0.05219333618879318,0.0078125,0.10043646395206451,0.0,0.10239320993423462,1.7280662059783936,4.646154880523682,0.4549914300441742,0.0,23.0,0.0,0.0,23.0,0.0,23.0,0.31768739223480225,0.20875166356563568,2.6735026041666665,0.2743874192237854,0.021320422490437824,-0.07637538015842438
794,0.9939395660001082,64.617472,1.2486941814422607,0.389285683631897,0.025252066552639008,0.0078125,0.10149824619293213,0.0,0.10515762865543365,1.8082940578460693,4.302021026611328,0.4660767912864685,0.0,16.0,0.0,0.0,16.0,0.0,16.0,0.31809431314468384,0.1975935995578766,2.6501057942708335,0.27456408739089966,0.021284622450669605,-0.07649978995323181
795,1.107493747000035,64.617472,1.2719987630844116,0.37466198205947876,0.036040838807821274,0.0078125,0.10319967567920685,0.0,0.11028015613555908,2.0385892391204834,4.167714595794678,0.4905927777290344,0.0,20.0,0.0,1.0,19.0,0.0,20.0,0.3180773854255676,0.19704079627990723,2.6549886067708335,0.27453382809956867,0.02138395607471466,-0.0784701406955719
796,1.1550254459998541,64.617472,1.3234018087387085,0.3555290699005127,0.027923543006181717,0.0068359375,0.10827752947807312,0.0,0.10912205278873444,2.168755054473877,4.217843055725098,0.4944143295288086,0.0,25.0,0.0,0.0,25.0,0.0,25.0,0.3185474673906962,0.1967209428548813,2.673583984375,0.27509591976801556,0.021397838989893597,-0.07841911166906357
797,1.1345040579999477,64.617472,1.341930866241455,0.34290608763694763,0.043751221150159836,0.0078125,0.11045104265213013,0.0,0.10562488436698914,2.2491936683654785,4.16756534576416,0.4822859764099121,0.0,34.0,0.0,1.0,33.0,0.0,34.0,0.3192056616147359,0.19773751497268677,2.7034505208333335,0.27586785952250165,0.02139499286810557,-0.07704780250787735
798,1.111476625000023,64.617472,1.3543808460235596,0.335752010345459,0.02460167557001114,0.0087890625,0.1122433990240097,0.0,0.09593276679515839,2.305175304412842,4.154219627380371,0.48792558908462524,0.0,39.0,0.0,1.0,38.0,0.0,39.0,0.3202962478001912,0.20024587213993073,2.7298583984375,0.2769661744435628,0.021453845004240673,-0.07735209912061691
799,1.0930778209999517,64.617472,1.3481744527816772,0.3287431299686432,0.028582435101270676,0.0087890625,0.112767294049263,0.0,0.08644630014896393,2.1991119384765625,4.114145278930664,0.44950151443481445,0.0,25.0,0.0,0.0,25.0,0.0,25.0,0.32144874334335327,0.20228470861911774,2.7539876302083335,0.27776368459065753,0.021466396749019623,-0.07771581411361694
800,1.0514095859998633,64.617472,1.3225609064102173,0.32920390367507935,0.05700381472706795,0.0087890625,0.11073437333106995,0.0,0.08435678482055664,1.9723314046859741,3.9587035179138184,0.4545268416404724,0.0,16.0,0.0,0.0,16.0,0.0,16.0,0.32192158699035645,0.20272895693778992,2.7571207682291665,0.2783441146214803,0.021377262969811756,-0.07786549627780914
801,1.0173015889999988,64.617472,1.3076117038726807,0.33283254504203796,0.05690658092498779,0.0087890625,0.10954105854034424,0.0,0.08529844880104065,1.7333977222442627,3.8991591930389404,0.4446226954460144,0.0,17.0,0.0,0.0,17.0,0.0,17.0,0.322124183177948,0.1935134381055832,2.7380777994791665,0.27844929695129395,0.02132171392440796,-0.0779857486486435
802,0.9973083860002134,64.617472,1.2775722742080688,0.3426337242126465,0.026496058329939842,0.0087890625,0.10615523159503937,0.0,0.0873289555311203,1.5456537008285522,4.143156051635742,0.46644148230552673,0.0,11.0,0.0,0.0,11.0,0.0,11.0,0.32216904560724896,0.18902234733104706,2.7260335286458335,0.278417428334554,0.021229291955629986,-0.07802879065275192
803,1.0002450239999234,64.617472,1.2725234031677246,0.35421353578567505,0.02382194623351097,0.0078125,0.10573101043701172,0.0,0.08683912456035614,1.4363038539886475,4.374436378479004,0.43740761280059814,0.0,17.0,0.0,0.0,17.0,0.0,17.0,0.3223564624786377,0.18707813322544098,2.6847737630208335,0.2786311109860738,0.02121657133102417,-0.07761749625205994
804,1.0031299550000767,64.617472,1.2538740634918213,0.36870214343070984,0.035730406641960144,0.0078125,0.10365079343318939,0.0,0.08659631013870239,1.4821605682373047,4.5112433433532715,0.4258900582790375,0.0,15.0,0.0,0.0,15.0,0.0,15.0,0.32184408108393353,0.18708671629428864,2.6659749348958335,0.27805785338083905,0.021206311881542206,-0.07792024314403534
805,0.9693987400000879,64.617472,1.2111960649490356,0.38158178329467773,0.04399266093969345,0.0078125,0.09917359799146652,0.0,0.08737696707248688,1.5547069311141968,4.533888816833496,0.40959200263023376,0.0,9.0,0.0,0.0,9.0,0.0,9.0,0.32055169343948364,0.18986134231090546,2.6883138020833335,0.2770097851753235,0.021238175531228382,-0.07788578420877457
806,0.9687549540001328,64.617472,1.186984896659851,0.3894293010234833,0.05257662013173103,0.0078125,0.09653361886739731,0.0,0.09041701257228851,1.575768232345581,4.441783905029297,0.408674955368042,0.0,17.0,0.0,0.0,17.0,0.0,17.0,0.31925833225250244,0.19230379164218903,2.7198079427083335,0.2757616440455119,0.02121657133102417,-0.07787303626537323
807,0.9921961320001174,64.617472,1.2021383047103882,0.3894295394420624,0.049047570675611496,0.0078125,0.09834795445203781,0.0,0.08863918483257294,1.5901087522506714,4.276766777038574,0.4017123579978943,0.0,17.0,0.0,0.0,17.0,0.0,17.0,0.3188158671061198,0.2029407024383545,2.7284342447916665,0.27523672580718994,0.02122304340203603,-0.07794661074876785
808,1.006801502999906,64.617472,1.2361994981765747,0.38565441966056824,0.03329882770776749,0.0078125,0.1014425978064537,0.0,0.09072177857160568,1.691248893737793,4.219237804412842,0.4222041070461273,0.0,11.0,0.0,0.0,11.0,0.0,11.0,0.3189029296239217,0.198384091258049,2.7331136067708335,0.2749752998352051,0.021215324600537617,-0.07809139788150787
809,1.0256041029999778,64.617472,1.2789952754974365,0.37561625242233276,0.033413536846637726,0.0078125,0.10509900748729706,0.0,0.09548090398311615,1.8223741054534912,4.256623268127441,0.4526274800300598,0.0,15.0,0.0,0.0,15.0,0.0,15.0,0.31882824500401813,0.1978396326303482,2.7108968098958335,0.27494901418685913,0.021210946142673492,-0.07827178388834
810,1.0464969709998968,64.617472,1.3066792488098145,0.36228135228157043,0.01854378543794155,0.0078125,0.10753534734249115,0.0,0.09744918346405029,1.8653019666671753,4.406444072723389,0.466974675655365,0.0,20.0,0.0,0.0,20.0,0.0,20.0,0.3191216190656026,0.19780191779136658,2.7093912760416665,0.2750355402628581,0.02119321624437968,-0.07841568440198898
811,1.022362024000131,64.617472,1.3624999523162842,0.34583091735839844,0.03806135430932045,0.0078125,0.11312703788280487,0.0,0.09551610797643661,1.9285328388214111,4.545389175415039,0.4595686197280884,0.0,21.0,0.0,0.0,21.0,0.0,21.0,0.319229523340861,0.19886000454425812,2.7239583333333335,0.27490681409835815,0.02127126355965932,-0.051313258707523346
812,1.0511209300000246,64.617472,1.3657275438308716,0.34105968475341797,0.023141738027334213,0.0087890625,0.1135517954826355,0.0,0.09103596210479736,1.9767379760742188,4.694222450256348,0.4567747712135315,0.0,27.0,0.0,1.0,26.0,0.0,27.0,0.3194630940755208,0.1992248147726059,2.732177734375,0.27521197001139325,0.02124863862991333,-0.05132891237735748
813,1.005737955000086,64.617472,1.4005026817321777,0.3347432017326355,0.02650580182671547,0.0087890625,0.11763345450162888,0.0,0.08543650805950165,1.9286117553710938,4.740240097045898,0.4490277171134949,0.0,22.0,0.0,0.0,22.0,0.0,22.0,0.3201550443967183,0.19985881447792053,2.7273356119791665,0.27581016222635907,0.021196817358334858,-0.05128971487283707
814,0.9773815399998966,64.617472,1.3903465270996094,0.33833402395248413,0.0400020070374012,0.0087890625,0.11676900833845139,0.0,0.08514657616615295,1.8943731784820557,4.729463577270508,0.4404343068599701,0.0,20.0,0.0,0.0,20.0,0.0,20.0,0.32074644168217975,0.20154248178005219,2.7170003255208335,0.27607587973276776,0.02120235065619151,-0.05131649225950241
815,0.9591328359999807,64.617472,1.2910139560699463,0.35358133912086487,0.03078627958893776,0.0087890625,0.10765857994556427,0.0,0.07870477437973022,1.7608978748321533,4.752734184265137,0.41017550230026245,0.0,24.0,0.0,0.0,24.0,0.0,24.0,0.3217240571975708,0.20183390378952026,2.7252604166666665,0.27730367581049603,0.021239685515562694,-0.051335692405700684
816,0.9815933569998379,64.617472,1.2378302812576294,0.3643472492694855,0.025954723358154297,0.0087890625,0.10258901119232178,0.0,0.07849450409412384,1.6074481010437012,4.6926116943359375,0.3992394804954529,0.0,18.0,0.0,0.0,18.0,0.0,18.0,0.32193740208943683,0.2005605846643448,2.7193603515625,0.27778377135594684,0.021354511380195618,-0.05128902196884155
817,0.983586121000144,64.617472,1.2405747175216675,0.3692670464515686,0.02507619559764862,0.0087890625,0.10323484241962433,0.0,0.07864798605442047,1.4524521827697754,4.612752914428711,0.3795747756958008,0.0,14.0,0.0,0.0,14.0,0.0,14.0,0.32215789953867596,0.1941126137971878,2.7093912760416665,0.27805449565251666,0.021353768805662792,-0.05131485313177109
818,0.9864955620000728,64.617472,1.2639684677124023,0.37128910422325134,0.025130385532975197,0.0087890625,0.10536092519760132,0.0,0.08242429047822952,1.4015891551971436,4.529829978942871,0.377147376537323,0.0,11.0,0.0,0.0,11.0,0.0,11.0,0.3217892249425252,0.19064810872077942,2.6993815104166665,0.277898629506429,0.021347505350907642,-0.05133593827486038
819,0.9852033549998396,64.617472,1.2082254886627197,0.37954214215278625,0.03532862290740013,0.0087890625,0.0997006744146347,0.0,0.08418890088796616,1.465099811553955,4.486512184143066,0.3722303509712219,0.0,13.0,0.0,0.0,13.0,0.0,13.0,0.3213498592376709,0.18490536510944366,2.7041015625,0.2775341471036275,0.021308787167072296,-0.07848282903432846
820,0.9652061399999639,64.617472,1.1911523342132568,0.3829747140407562,0.03488217666745186,0.0087890625,0.0973813384771347,0.0,0.08868104219436646,1.5805248022079468,4.473653793334961,0.38569340109825134,0.0,15.0,0.0,0.0,15.0,0.0,15.0,0.32051239411036175,0.1801040768623352,2.6988525390625,0.2767835259437561,0.021212222675482433,-0.07845413684844971
821,1.0515978030000497,64.617472,1.203015685081482,0.37832504510879517,0.03036440536379814,0.0087890625,0.0980730652809143,0.0,0.09150352329015732,1.7132444381713867,4.562716484069824,0.3867177367210388,0.0,12.0,0.0,0.0,12.0,0.0,12.0,0.3201879064242045,0.17793171107769012,2.7013753255208335,0.27630873521169025,0.021197371184825897,-0.07839140295982361
822,1.0454741739999918,64.617472,1.2557743787765503,0.3675329089164734,0.027057969942688942,0.0078125,0.10312794148921967,0.0,0.09458857029676437,1.8834985494613647,4.698491096496582,0.3751645088195801,0.0,14.0,0.0,0.0,14.0,0.0,14.0,0.320008118947347,0.1779414862394333,2.69970703125,0.2761293252309163,0.021253918608029682,-0.051288969814777374
823,1.0532312269999693,64.617472,1.3364025354385376,0.35579055547714233,0.029853956773877144,0.0068359375,0.11052429676055908,0.0,0.10030516237020493,2.056344509124756,4.8495283126831055,0.3935231566429138,0.0,12.0,0.0,0.0,12.0,0.0,12.0,0.3201449712117513,0.18050923943519592,2.68701171875,0.2762564420700073,0.02140294760465622,-0.05130581557750702
824,1.0349372399998629,64.617472,1.39328932762146,0.3472762107849121,0.02956162579357624,0.0068359375,0.11541742086410522,0.0,0.10450077056884766,2.107550621032715,4.893964767456055,0.4445088803768158,0.0,22.0,0.0,0.0,22.0,0.0,22.0,0.3201354146003723,0.20518583059310913,2.6935221354166665,0.27622300386428833,0.021427221596240997,-0.051329806447029114
825,0.9786326400001144,64.617472,1.4394112825393677,0.3339274525642395,0.02337503619492054,0.005859375,0.1203530877828598,0.0,0.09950385987758636,1.9809913635253906,4.95368766784668,0.45108675956726074,0.0,33.0,0.0,0.0,33.0,0.0,33.0,0.3206694722175598,0.20564907789230347,2.7115478515625,0.27671297391255695,0.021440190573533375,-0.051278844475746155
826,0.9474788739998985,64.617472,1.432686686515808,0.3293851912021637,0.02828923985362053,0.005859375,0.12045791745185852,0.0,0.0942111611366272,1.8815486431121826,4.818249225616455,0.43032801151275635,0.0,22.0,0.0,0.0,22.0,0.0,22.0,0.32076571385065716,0.1951221227645874,2.7196044921875,0.27706823746363324,0.021594728032747906,-0.05130863934755325
827,0.9726539700000103,64.617472,1.3974595069885254,0.3281351327896118,0.014260544441640377,0.005859375,0.11756648868322372,0.0,0.08627945184707642,1.759106159210205,4.5762128829956055,0.4342205226421356,0.0,29.0,0.0,0.0,29.0,0.0,29.0,0.3208942810694377,0.1938551664352417,2.7333170572916665,0.27735890944798786,0.021656975150108337,-0.05133253335952759
828,0.9671061330000157,64.617472,1.3546463251113892,0.3264690637588501,0.02706882171332836,0.005859375,0.11404600739479065,0.0,0.07976022362709045,1.6043553352355957,4.430115699768066,0.42152851819992065,0.0,16.0,0.0,0.0,16.0,0.0,16.0,0.32102249066034955,0.19526715576648712,2.7507731119791665,0.27745747566223145,0.0215632567803065,-0.051291197538375854
829,0.9806990439999481,64.617472,1.328256368637085,0.3266771733760834,0.08957554399967194,0.005859375,0.11177192628383636,0.0,0.07973530143499374,1.5988059043884277,4.282285690307617,0.4039153456687927,0.0,16.0,0.0,0.0,16.0,0.0,16.0,0.32062538464864093,0.19802965223789215,2.7497151692708335,0.27745455503463745,0.021560174723466236,-0.05131431668996811
830,0.9614284290000796,64.617472,1.3369004726409912,0.3305789828300476,0.027358485385775566,0.005859375,0.11231746524572372,0.0,0.0807274803519249,1.6049383878707886,4.481241226196289,0.4071846008300781,0.0,12.0,0.0,0.0,12.0,0.0,12.0,0.3204328417778015,0.1992063671350479,2.7614339192708335,0.27735581000645954,0.021640412509441376,-0.05133489519357681
831,0.9597311150000678,64.617472,1.3335106372833252,0.34131303429603577,0.035613905638456345,0.005859375,0.11149998754262924,0.0,0.08495478332042694,1.6178816556930542,4.648907661437988,0.41577762365341187,0.0,16.0,0.0,0.0,16.0,0.0,16.0,0.32070692380269367,0.19938941299915314,2.7419026692708335,0.27722195784250897,0.021651114026705425,-0.05133667588233948
832,0.9585804880000524,64.617472,1.3067606687545776,0.3572642505168915,0.02748602069914341,0.005859375,0.10911508649587631,0.0,0.08404754102230072,1.5916966199874878,4.825780868530273,0.3989090323448181,0.0,12.0,0.0,0.0,12.0,0.0,12.0,0.3212323586146037,0.2031213641166687,2.7474772135416665,0.2775688370068868,0.021612877647082012,-0.05131057649850845
833,0.9745951410000089,64.617472,1.2815569639205933,0.3732379078865051,0.038071051239967346,0.005859375,0.10658638924360275,0.0,0.08531275391578674,1.5814177989959717,4.767236232757568,0.39954179525375366,0.0,20.0,0.0,0.0,20.0,0.0,20.0,0.3215339779853821,0.20593100786209106,2.7273763020833335,0.27761878569920856,0.021503257254759472,-0.0513334795832634
834,0.9915072589999454,64.617472,1.2664000988006592,0.3842264711856842,0.043750714510679245,0.005859375,0.10529857873916626,0.0,0.08219489455223083,1.51522958278656,4.800585746765137,0.38330337405204773,0.0,12.0,0.0,0.0,12.0,0.0,12.0,0.32172244787216187,0.19989164173603058,2.7420654296875,0.27815840641657513,0.021460177997748058,-0.05128799378871918
835,1.038287475999823,64.617472,1.238616704940796,0.3929325044155121,0.05198894813656807,0.005859375,0.1023489385843277,0.0,0.08575375378131866,1.5396926403045654,4.749068737030029,0.3873707950115204,0.0,14.0,0.0,0.0,14.0,0.0,14.0,0.3218357563018799,0.1947498619556427,2.7292887369791665,0.27837103605270386,0.021550580859184265,-0.05130141228437424
836,0.9770238680000602,64.617472,1.23060142993927,0.394727885723114,0.045889172703027725,0.005859375,0.1014007180929184,0.0,0.08635824918746948,1.5944099426269531,4.645303249359131,0.41349658370018005,0.0,15.0,0.0,0.0,15.0,0.0,15.0,0.32229942083358765,0.20708414912223816,2.7020670572916665,0.27865904569625854,0.021536750098069508,-0.05132444202899933
837,1.1648718619999272,64.617472,1.2412961721420288,0.38556885719299316,0.02957170084118843,0.0048828125,0.10239894688129425,0.0,0.08721461147069931,1.7081254720687866,4.527830123901367,0.41489243507385254,0.0,13.0,0.0,0.0,13.0,0.0,13.0,0.32208706935246784,0.20715562999248505,2.7182210286458335,0.2782603899637858,0.021510789791742962,-0.051331646740436554
838,1.015127585000073,64.617472,1.2942768335342407,0.36418280005455017,0.02646489255130291,0.00390625,0.10765928030014038,0.0,0.08639375865459442,1.780199408531189,4.485622882843018,0.4071548879146576,0.0,18.0,0.0,0.0,18.0,0.0,18.0,0.3215105136235555,0.2101752758026123,2.7456461588541665,0.2780056794484456,0.0215814212958018,-0.051295965909957886
839,1.0173670750000383,64.617472,1.3295822143554688,0.3449617028236389,0.022009309381246567,0.00390625,0.111050546169281,0.0,0.08610260486602783,1.84967839717865,4.365943908691406,0.4376192092895508,0.0,19.0,0.0,0.0,19.0,0.0,19.0,0.32133279244105023,0.21006585657596588,2.7377115885416665,0.2778649727503459,0.021511375904083252,-0.0513269305229187
840,1.012521692000064,64.617472,1.353061318397522,0.3325028717517853,0.049785513430833817,0.00390625,0.1135430634021759,0.0,0.08600329607725143,1.9380919933319092,4.260572910308838,0.4194009006023407,0.0,14.0,0.0,0.0,14.0,0.0,14.0,0.3212321400642395,0.2004755586385727,2.7479248046875,0.2776978214581807,0.021459346016248066,-0.05128581076860428
841,1.0268539710000368,64.617472,1.3878755569458008,0.3224429488182068,0.02687000297009945,0.00390625,0.11698295921087265,0.0,0.08414913713932037,1.9916563034057617,4.365260601043701,0.42449039220809937,0.0,23.0,0.0,0.0,23.0,0.0,23.0,0.32139116525650024,0.19696399569511414,2.7488606770833335,0.2780255079269409,0.021485591928164165,-0.0513141006231308
842,1.0359272150001289,64.617472,1.359548807144165,0.3199399411678314,0.01655796729028225,0.00390625,0.11438600718975067,0.0,0.07946939766407013,1.9728240966796875,4.41232967376709,0.4235823154449463,0.0,22.0,0.0,0.0,22.0,0.0,22.0,0.3221319516499837,0.1976362019777298,2.7348225911458335,0.2788197994232178,0.021403719981511433,-0.051339246332645416
843,1.0122212400001445,64.617472,1.348370909690857,0.3218592703342438,0.09637544304132462,0.00390625,0.11338798701763153,0.0,0.07859821617603302,1.9555332660675049,4.4817280769348145,0.40982502698898315,0.0,9.0,0.0,0.0,9.0,0.0,9.0,0.32216187318166095,0.19853608310222626,2.7344563802083335,0.27883217732111615,0.021409034729003906,-0.05133930593729019
844,1.0485068170000886,64.617472,1.3460520505905151,0.32919684052467346,0.0514867827296257,0.00390625,0.11261802911758423,0.0,0.0807313472032547,1.8609907627105713,4.790943145751953,0.4251595437526703,0.0,23.0,0.0,0.0,23.0,0.0,23.0,0.3218543330828349,0.19909940659999847,2.7184244791666665,0.2782924969991048,0.021354615688323975,-0.05130434036254883
845,0.9790109439998105,64.617472,1.3330955505371094,0.3391377627849579,0.026562152430415154,0.00390625,0.11147334426641464,0.0,0.07734090089797974,1.6632945537567139,5.199164867401123,0.40379270911216736,0.0,13.0,0.0,0.0,13.0,0.0,13.0,0.321563462416331,0.19941763579845428,2.6964925130208335,0.27787671486536664,0.0213981494307518,-0.051336705684661865
846,0.9736170569999558,64.617472,1.333561897277832,0.3511892557144165,0.033912234008312225,0.00390625,0.11124080419540405,0.0,0.07864460349082947,1.519654631614685,5.34671688079834,0.40268969535827637,0.0,10.0,0.0,0.0,10.0,0.0,10.0,0.32062365611394245,0.19982147216796875,2.695556640625,0.27697376410166424,0.021323683361212414,-0.05133409798145294
847,0.9696316059998935,64.617472,1.343520998954773,0.365983247756958,0.05076806992292404,0.00390625,0.11160691827535629,0.0,0.08285713195800781,1.4454116821289062,5.558459281921387,0.40749916434288025,0.0,9.0,0.0,0.0,9.0,0.0,9.0,0.3196583191553752,0.1970556527376175,2.70068359375,0.27591176827748615,0.021321130295594532,-0.051301516592502594
848,0.9844916980000562,64.617472,1.3307805061340332,0.37941139936447144,0.061043985188007355,0.00390625,0.10999886691570282,0.0,0.08759887516498566,1.4727767705917358,5.537099838256836,0.41265571117401123,0.0,8.0,0.0,0.0,8.0,0.0,8.0,0.31938370068868,0.19701431691646576,2.6743570963541665,0.2754702965418498,0.02133051057656606,-0.05132684111595154
849,0.9938351680000324,64.617472,1.364598274230957,0.3812508285045624,0.0628041997551918,0.00390625,0.11305606365203857,0.0,0.09120014309883118,1.5671600103378296,5.377305030822754,0.4246140420436859,0.0,15.0,0.0,0.0,15.0,0.0,15.0,0.3191993832588196,0.20980851352214813,2.6281331380208335,0.2754164934158325,0.02144496887922287,-0.05133602023124695
