iter,t_iter_s,peak_mem_mb,loss,vx,grad_norm,terrain_level,loss_v,loss_clear,loss_gproj,loss_tilt,tilt_frac_active,loss_fq,loss_fres,foot_res_abs_mean,foot_res_x_abs_mean,foot_res_y_abs_mean,loss_omega,loss_ctrl,loss_yaw,mean_abs_yaw_cmd,n_falls,n_timeouts,n_move_up,n_move_down,n_fall_height,n_fall_tilt,mean_base_h,min_base_h,mean_n_contact,mean_base_z,mean_foot_clear,min_foot_clear
0,2.1141716439999527,110.598656,1.752647876739502,0.09510800242424011,0.3420998752117157,2.4853515625,0.16700296103954315,0.0,0.0003377581888344139,0.0,0.0,2.174379005737137e-06,9.08643050934188e-06,0.002653932198882103,0.0018428105395287275,0.0018446746980771422,0.29574286937713623,0.004115755204111338,2.7302605303702876e-05,0.0,0.0,0.0,0.0,0.0,0.0,0.0,0.33795003096262616,0.29620620608329773,2.9576822916666665,0.2570186257362366,0.020044103264808655,-0.10674995183944702
1,0.9489017140001579,111.625728,1.6865237951278687,0.1042918786406517,0.3134593665599823,2.4853515625,0.16049718856811523,0.0,0.0007176547078415751,0.0,0.0,2.3046177375363186e-06,3.807985876846942e-06,0.001698320615105331,0.0009672718006186187,0.0012677665799856186,0.031768739223480225,0.013401133939623833,8.111999341053888e-05,0.0,0.0,0.0,0.0,0.0,0.0,0.0,0.3370985984802246,0.2934075891971588,3.8540852864583335,0.2561063965161641,0.021348990499973297,-0.07255107164382935
2,0.9743522320000011,111.625728,1.6602107286453247,0.10799871385097504,0.3455432057380676,2.4853515625,0.1572231650352478,0.0,0.0008427910506725311,0.0,0.0,2.322505451957113e-06,4.263886239641579e-06,0.001862325007095933,0.0014738703612238169,0.0010060823988169432,0.02082483470439911,0.04859478399157524,0.00017534357903059572,0.0,0.0,0.0,0.0,0.0,0.0,0.0,0.3356361786524455,0.2920306622982025,3.8790283203125,0.2545711398124695,0.021308449407418568,-0.02905767410993576
3,0.9846161200000552,111.625728,1.5781534910202026,0.11840635538101196,0.3829176723957062,2.4853515625,0.14842963218688965,0.0,0.0008923082496039569,0.0,0.0,2.337540081498446e-06,3.558165872163954e-06,0.0017004541587084532,0.0012678432976827025,0.001073707127943635,0.01927773654460907,0.1222929060459137,0.00030142179457470775,0.0,0.0,0.0,0.0,0.0,0.0,0.0,0.3358641068140666,0.29591238498687744,3.8636067708333335,0.2546948790550232,0.021260010699431103,-0.029109306633472443
4,1.0917362989998765,111.625728,1.4067565202713013,0.14169837534427643,0.4084538221359253,2.4853515625,0.13057419657707214,0.0,0.0009181518107652664,0.0,0.0,2.316219706699485e-06,3.259798859289731e-06,0.0016113872407004237,0.0007391480612568557,0.0013305911561474204,0.015228450298309326,0.25956207513809204,0.0004379552265163511,0.0,0.0,0.0,0.0,0.0,0.0,0.0,0.3365231355031331,0.29860618710517883,3.8608805338541665,0.2553390661875407,0.02121882637341817,-0.029225774109363556
5,1.0213565869999002,111.625728,1.165765404701233,0.17872297763824463,0.41576263308525085,2.4853515625,0.10507377237081528,0.0,0.0009236984769813716,0.0,0.0,2.436603153910255e-06,4.507424819166772e-06,0.0020368050318211317,0.0012194502633064985,0.0015354648930951953,0.01107755210250616,0.49745044112205505,0.0005572900990955532,0.0,0.0,0.0,0.0,0.0,0.0,0.0,0.33691171805063885,0.3037623465061188,3.8693440755208335,0.2557103435198466,0.02116420865058899,-0.033952176570892334
6,0.9720138239999869,111.625728,0.8809435963630676,0.2299799621105194,0.38477084040641785,2.4853515625,0.07493307441473007,0.0,0.0009110399405471981,0.0,0.0,2.5374147298862226e-06,4.189507308183238e-06,0.0016453377902507782,0.0013011512346565723,0.0008742621866986156,0.009067865088582039,0.8886629939079285,0.0006410378264263272,0.0,0.0,0.0,0.0,0.0,0.0,0.0,0.33690834045410156,0.30142855644226074,3.8659261067708335,0.2556975881258647,0.021094930668671925,-0.041564345359802246
7,0.9765489779999825,111.625728,0.6111629009246826,0.29274827241897583,0.31384897232055664,2.4853515625,0.04555495083332062,0.0,0.0008774538873694837,0.0,0.0,2.5653314423834672e-06,3.838074917439371e-06,0.0019135785987600684,0.0013762186281383038,0.0010838131420314312,0.008782039396464825,1.50570809841156,0.0006879243301227689,0.0,0.0,0.0,0.0,0.0,0.0,0.0,0.3364309072494507,0.29839828610420227,3.8665771484375,0.2552567521731059,0.020996806522210438,-0.05004239082336426
8,0.9638640289999785,111.625728,0.39795640110969543,0.36564773321151733,0.20381633937358856,2.4853515625,0.021087568253278732,0.0,0.0008441628888249397,0.0,0.0,2.6072962100442965e-06,2.6067662020068383e-06,0.0015258988132700324,0.0009564454085193574,0.0009902364108711481,0.008880912326276302,2.4571244716644287,0.0007035997696220875,0.0,0.0,0.0,0.0,0.0,0.0,0.0,0.3352617422739665,0.29479050636291504,3.8549397786458335,0.2540890375773112,0.020865708589553833,-0.05864071846008301
9,0.9759914600001593,111.625728,0.3020005226135254,0.440150648355484,0.21457548439502716,2.4853515625,0.00672917440533638,0.0,0.0008500831900164485,0.0,0.0,2.848180656656041e-06,4.4608250391320325e-06,0.001953803701326251,0.0013571528252214193,0.0011349651031196117,0.012766614556312561,3.830810546875,0.0006960034370422363,0.0,0.0,0.0,0.0,0.0,0.0,0.0,0.3328041235605876,0.28986498713493347,3.8278401692708335,0.2516428232192993,0.02076280613740285,-0.06658530235290527
10,0.9660952890001226,111.625728,0.3247997462749481,0.5019764304161072,0.25617915391921997,2.4853515625,0.003042799886316061,0.0,0.0009534438140690327,0.0,0.0,3.1534152640233515e-06,3.615804871515138e-06,0.0017108004540205002,0.0011650100350379944,0.0011498844251036644,0.027262944728136063,5.573683738708496,0.0006701967213302851,0.0,0.0,0.0,0.0,0.0,0.0,0.0,0.32840681076049805,0.27743566036224365,3.7217610677083335,0.2471896012624105,0.02065051595369975,-0.07425755262374878
11,0.9706796729999496,111.625728,0.4054639935493469,0.5394322276115417,0.3113182485103607,2.4853515625,0.00450433325022459,0.0,0.0012815871741622686,0.0,0.0,3.482215106487274e-06,3.492820496830973e-06,0.0017069163732230663,0.0012138206511735916,0.0010637921513989568,0.060044459998607635,7.37179708480835,0.0006277699721977115,0.0,0.0,0.0,0.0,0.0,0.0,0.0,0.321167528629303,0.25984442234039307,3.378173828125,0.2399362325668335,0.020505085587501526,-0.07731246948242188
12,0.9797942790000889,111.625728,0.5004175901412964,0.566963791847229,0.38503170013427734,2.4853515625,0.007633134722709656,0.0,0.002216526074334979,0.0,0.0,3.824400664598215e-06,4.632399395632092e-06,0.00204352755099535,0.0016098199412226677,0.0011118364054709673,0.1905405968427658,8.838863372802734,0.0005742229986935854,0.0,0.0,0.0,0.0,0.0,0.0,0.0,0.31112921237945557,0.23667234182357788,3.2212727864583335,0.22992481787999472,0.020475211242834728,-0.07736450433731079
13,0.9893056939999951,111.625728,0.6263297200202942,0.6052862405776978,0.40038272738456726,2.4853515625,0.014506540261209011,0.0,0.005063903518021107,0.0,0.0,4.345985416875919e-06,2.5851284135569585e-06,0.001497170189395547,0.0006305387942120433,0.0012708124704658985,0.5498427748680115,9.776178359985352,0.0005222954787313938,0.0,0.0,0.0,0.0,0.0,0.0,0.0,0.29945937792460126,0.20787985622882843,3.2067057291666665,0.21833248933156332,0.020375230660041172,-0.07742053270339966
14,1.0438415070000246,111.625728,0.8213313817977905,0.6475860476493835,0.4584487974643707,2.4853515625,0.028629077598452568,0.0,0.012275062501430511,0.0,0.0,4.930325303575955e-06,2.3142192731029354e-06,0.0014715427532792091,0.001205243868753314,0.0007144261035136878,1.0944284200668335,9.982351303100586,0.0004844826180487871,0.0,0.0,0.0,0.0,0.0,0.0,0.0,0.28651026884714764,0.20063267648220062,3.1534016927083335,0.205437699953715,0.020305215070645016,-0.0774693489074707
15,1.104996667000023,111.625728,1.0869423151016235,0.6823658347129822,0.5332364439964294,2.4853515625,0.0509987473487854,0.0,0.027346663177013397,0.0,0.0,5.4174192882783245e-06,4.1614034671511035e-06,0.0018493086099624634,0.0010301538277417421,0.0014154245145618916,1.9093517065048218,9.454893112182617,0.0004723147430922836,0.0,0.0,0.0,0.0,0.0,0.0,0.0,0.27134042978286743,0.20118281245231628,3.1095377604166665,0.1901716192563375,0.020438143362601597,-0.07747846841812134
16,1.0232694270000593,111.625728,1.4468984603881836,0.70168137550354,0.5317071676254272,2.4853515625,0.08183547109365463,0.0,0.056365739554166794,1.877685340545554e-09,0.0004069010610692203,5.786273504782002e-06,3.4413242246955633e-06,0.0017066238215193152,0.001280603464692831,0.0009794308571144938,3.4155356884002686,8.269683837890625,0.0005054612411186099,0.0,0.0,0.0,0.0,0.0,0.0,0.0,0.2530617912610372,0.1808752864599228,3.0491536458333335,0.1719314455986023,0.020614164570967358,-0.07718563079833984
17,1.1129396889998588,111.625728,1.9291932582855225,0.6766480207443237,0.41886457800865173,2.4853515625,0.1245918720960617,0.0,0.10976353287696838,9.133402727456996e-07,0.001953125,6.055176982044941e-06,2.230461632279912e-06,0.001405930845066905,0.001031380146741867,0.0007903216173872352,5.750222682952881,6.5164384841918945,0.0006116798031143844,0.0,0.0,0.0,0.0,0.0,0.0,0.0,0.23275325695673624,0.18319202959537506,2.4239095052083335,0.15162710348765054,0.020583606014649074,-0.07632136344909668
18,1.0236312440001711,111.625728,4.234569072723389,0.03446299955248833,1.4811222553253174,2.4853515625,0.35899776220321655,0.0,0.1658436506986618,8.25936695036944e-06,0.0030110678635537624,6.357580787152983e-06,1.2778843938576756e-06,0.001017807167954743,0.0005251341499388218,0.0007901733624748886,1.9112272262573242,4.847133159637451,0.0008328424300998449,0.0,0.0,0.0,0.0,0.0,0.0,0.0,0.226828932762146,0.1888696551322937,1.6960042317708333,0.14561471343040466,0.0205112819870313,-0.07449483871459961
19,0.9929763580000781,111.625728,5.707801342010498,-0.18638502061367035,1.8051550388336182,2.4853515625,0.5108849406242371,0.0,0.20652341842651367,2.9125147193553858e-05,0.01570638082921505,6.409130492102122e-06,2.0035749912494794e-06,0.0012602461501955986,0.0006470835069194436,0.0009987769881263375,2.4307191371917725,3.7187411785125732,0.001198811805807054,0.0,0.0,0.0,0.0,0.0,0.0,0.0,0.2422833244005839,0.17828476428985596,1.953857421875,0.16104024648666382,0.02046111722787221,-0.07200539112091064
20,1.011973775000115,111.625728,4.201170444488525,-0.08496765792369843,1.6056478023529053,2.4853515625,0.36196014285087585,0.0,0.2694200873374939,0.0001497307966928929,0.0662434920668602,6.444015525630675e-06,3.653590738394996e-06,0.0016565097030252218,0.0010763281024992466,0.0011268809903413057,2.30495023727417,3.1032111644744873,0.0017247585346922278,0.0,0.0,0.0,0.0,0.0,0.0,0.0,0.25359565019607544,0.17753517627716064,1.8771565755208333,0.17176582415898642,0.020505675425132115,-0.06901788711547852
21,1.0037174730000515,111.625728,2.9547007083892822,0.021021723747253418,1.066555142402649,2.4814453125,0.23851847648620605,0.0,0.30965113639831543,0.0006329023744910955,0.3134765625,6.4758851294755004e-06,5.360527211450972e-06,0.001990143908187747,0.0012576075969263911,0.0014087341260164976,0.6716219782829285,2.981391429901123,0.012267766520380974,0.0,4.0,0.0,0.0,4.0,0.0,4.0,0.26059818267822266,0.1661524772644043,1.7548828125,0.17846725384394327,0.02051965519785881,-0.06691586971282959
22,1.0015013830000044,111.625728,2.8874285221099854,0.0226309671998024,0.2935654819011688,2.4697265625,0.2327483594417572,0.0,0.32263004779815674,0.0009160581976175308,0.8143717646598816,5.7305833252030425e-06,6.163634679978713e-06,0.0021770629100501537,0.001276710070669651,0.0016080070054158568,0.18794414401054382,3.0508229732513428,0.017922595143318176,0.0,12.0,0.0,0.0,12.0,0.0,12.0,0.2644725441932678,0.18626675009727478,1.8404947916666667,0.1812814474105835,0.02053929368654887,-0.06530612707138062
23,0.993936235000092,111.625728,3.119105815887451,-0.001301003503613174,0.5241806507110596,2.46484375,0.2562413811683655,0.0,0.32216453552246094,0.0008899003150872886,0.8357747793197632,5.492700438480824e-06,1.9052965853916248e-06,0.001263165264390409,0.0007330275839194655,0.0009103046613745391,0.08452188968658447,3.123103141784668,0.006587361916899681,0.0,5.0,0.0,0.0,5.0,0.0,5.0,0.2657305598258972,0.19099602103233337,1.9475504557291667,0.18158807357152304,0.020554069429636,-0.06463050842285156
24,1.0181552799999736,111.625728,3.253830909729004,-0.011212904937565327,1.0597820281982422,2.4638671875,0.2689059376716614,0.0,0.316646546125412,0.0009341005934402347,0.7175700068473816,5.475380021380261e-06,8.587260253989371e-07,0.0008383215172216296,0.0005132211372256279,0.0005641537718474865,0.11087494343519211,3.3098790645599365,0.004652494098991156,0.0,1.0,0.0,0.0,1.0,0.0,1.0,0.26455140113830566,0.21019664406776428,2.0152587890625,0.18006086349487305,0.020576012631257374,-0.06489461660385132
25,1.0370207349999419,111.62624,3.2711517810821533,-0.008107928559184074,1.119586706161499,2.4638671875,0.2694395184516907,0.0,0.30773091316223145,0.0010261638090014458,0.3115234375,5.394874278863426e-06,3.669600118882954e-06,0.0016331488732248545,0.0010386854410171509,0.0010533544700592756,0.13929042220115662,3.6645379066467285,0.005538749508559704,0.0,0.0,0.0,0.0,0.0,0.0,0.0,0.26200876633326214,0.2069205343723297,2.0302327473958335,0.17747918764750162,0.020604489992062252,-0.06522834300994873
26,1.0566669990000719,111.62624,3.2274210453033447,0.00043529077083803713,0.76689612865448,2.462890625,0.26370441913604736,0.0,0.297508180141449,0.0010479167103767395,0.1041259765625,5.37381265530712e-06,7.834040843590628e-06,0.0023067696020007133,0.001444158493541181,0.0015601705526933074,0.13270114362239838,4.178629398345947,0.00632240017876029,0.0,1.0,0.0,0.0,1.0,0.0,1.0,0.2593236764272054,0.20396947860717773,2.0345865885416665,0.17495987812678018,0.020619904001553852,-0.06580460071563721
27,1.1956197800000155,111.644672,3.0699503421783447,0.019765086472034454,0.7923908233642578,2.4619140625,0.24650055170059204,0.0,0.2893010377883911,0.001135324826464057,0.0906982421875,5.3926064538245555e-06,8.42696590552805e-06,0.002401926089078188,0.0014636712148785591,0.0015970245003700256,0.1269887238740921,4.841014385223389,0.00810410175472498,0.0,1.0,0.0,0.0,1.0,0.0,1.0,0.2567379872004191,0.20109617710113525,2.0257568359375,0.17238030831019083,0.020633557190497715,-0.06665819883346558
28,1.1111080200000742,111.644672,2.9218904972076416,0.03715021163225174,0.47660037875175476,2.4609375,0.2307949960231781,0.0,0.2817430794239044,0.0011126062599942088,0.0845947265625,5.400981081038481e-06,4.8174547373491805e-06,0.0018891658401116729,0.0012035780819132924,0.0011088106548413634,0.12422269582748413,5.680721282958984,0.01858442835509777,0.0,4.0,0.0,0.0,4.0,0.0,4.0,0.2547107934951782,0.198003888130188,2.0279541015625,0.17052318652470908,0.020629145205020905,-0.0669170618057251
29,1.0982032890001392,111.644672,2.8866665363311768,0.04329848662018776,0.45612475275993347,2.45703125,0.22618898749351501,0.0,0.2755815386772156,0.0009056706912815571,0.0771891325712204,5.352838343242183e-06,9.208733331433905e-07,0.0008723170030862093,0.0005551723297685385,0.0005482134874910116,0.13145990669727325,6.658199310302734,0.009866558015346527,0.0,4.0,0.0,0.0,4.0,0.0,4.0,0.25373133023579914,0.196696937084198,2.025390625,0.16951743761698404,0.020566745350758236,-0.06697827577590942
30,1.085646474999976,111.644672,2.906616449356079,0.046059660613536835,0.4448978006839752,2.4541015625,0.22619616985321045,0.0,0.27458977699279785,0.0009129485115408897,0.07470703125,5.2497289289021865e-06,4.2347487578808796e-06,0.0018112484831362963,0.0011106978636234999,0.00124066649004817,0.17166543006896973,7.79923152923584,0.024508237838745117,0.0,4.0,0.0,0.0,4.0,0.0,4.0,0.25301917394002277,0.19459426403045654,2.0174967447916665,0.16868871450424194,0.02054682746529579,-0.06694221496582031
31,1.11841116100004,111.644672,2.9225456714630127,0.0461849570274353,0.41601717472076416,2.4501953125,0.22620683908462524,0.0,0.2735867202281952,0.000714546418748796,0.0706380233168602,5.328723091224674e-06,5.649320428346982e-06,0.0020188353955745697,0.0013250960037112236,0.0012561357580125332,0.19490496814250946,9.05423355102539,0.013831830583512783,0.0,5.0,0.0,0.0,5.0,0.0,5.0,0.2530135114987691,0.19310367107391357,2.001220703125,0.16844401756922403,0.02054076020916303,-0.06661903858184814
32,1.1994574519999333,111.644672,2.9565649032592773,0.03655664622783661,0.6244661211967468,2.447265625,0.22905778884887695,0.0,0.27465158700942993,0.0007134891930036247,0.0691731795668602,5.316225724527612e-06,1.212426013807999e-06,0.00098241469822824,0.0005237497389316559,0.0007571814930997789,0.13966655731201172,10.275206565856934,0.010915359482169151,0.0,3.0,0.0,0.0,3.0,0.0,3.0,0.2530144453048706,0.19273674488067627,2.0025227864583335,0.1683590809504191,0.020545057952404022,-0.06584203243255615
33,1.178468755999802,111.644672,2.994779109954834,0.030940266326069832,0.5613060593605042,2.4453125,0.23166954517364502,0.0,0.2748172879219055,0.000738098518922925,0.0669352263212204,5.278557182464283e-06,3.22667710861424e-06,0.0016555842012166977,0.0011614812538027763,0.0009125670185312629,0.11500899493694305,11.661600112915039,0.019389523193240166,0.0,2.0,0.0,0.0,2.0,0.0,2.0,0.2533902128537496,0.19276118278503418,2.0039469401041665,0.16861297686894736,0.02055157721042633,-0.0632941722869873
34,1.3398159450000549,111.644672,2.992626190185547,0.03350283205509186,0.6313062310218811,2.44140625,0.23048031330108643,0.0,0.2755807042121887,0.0008539303089492023,0.0714111328125,5.2697951105074026e-06,6.295023922575638e-06,0.002072678180411458,0.0013762264279648662,0.0012739746598526835,0.12695373594760895,13.065505981445312,0.01887933537364006,0.0,4.0,0.0,0.0,4.0,0.0,4.0,0.2534998059272766,0.1934148073196411,2.0139567057291665,0.16850429773330688,0.02051878223816554,-0.06069141626358032
35,1.185548142000016,111.644672,2.988853931427002,0.035382144153118134,0.41625338792800903,2.4365234375,0.2297583520412445,0.0,0.27376696467399597,0.0007665387238375843,0.076416015625,5.356933797884267e-06,3.627131718531018e-06,0.0016941739013418555,0.0009286954300478101,0.001256657880730927,0.11174415051937103,14.450592041015625,0.025521378964185715,0.0,6.0,0.0,0.0,6.0,0.0,6.0,0.2538921634356181,0.19164875149726868,2.02490234375,0.16851294040679932,0.02041451260447502,-0.05729800462722778
36,1.1980491189999611,111.644672,2.994922161102295,0.036725372076034546,0.4753949046134949,2.4345703125,0.2302308976650238,0.0,0.2729417681694031,0.0007627205923199654,0.075439453125,5.56380382477073e-06,1.6539395346626407e-06,0.0011755574960261583,0.0008545212331227958,0.0006764491554349661,0.11671248078346252,15.44925594329834,0.015981504693627357,0.0,3.0,0.0,0.0,3.0,0.0,3.0,0.25403712193171185,0.19052094221115112,2.0343017578125,0.16851957639058432,0.02038413907090823,-0.052399635314941406
37,1.2312546890000249,111.644672,2.9876067638397217,0.03785406053066254,0.5069171190261841,2.4296875,0.22951577603816986,0.0,0.2713410258293152,0.0005763167282566428,0.0706787109375,5.703644092136528e-06,4.6738159653614275e-06,0.0018700349610298872,0.001262795994989574,0.0011151654180139303,0.11919238418340683,16.278738021850586,0.012562508694827557,0.0,5.0,0.0,0.0,5.0,0.0,5.0,0.2547539671262105,0.19024580717086792,2.0552571614583335,0.16904211044311523,0.020303620646397274,-0.04559028148651123
38,1.2727783309999268,111.644672,2.9721553325653076,0.03992761671543121,0.5451081395149231,2.4296875,0.22844073176383972,0.0,0.27467045187950134,0.0006926883943378925,0.0713297575712204,5.707495347451186e-06,2.5189417556248372e-06,0.0014034080086275935,0.0005144069436937571,0.0011730650439858437,0.14785943925380707,17.049442291259766,0.010347533971071243,0.0,0.0,0.0,0.0,0.0,0.0,0.0,0.2550765872001648,0.19679981470108032,2.07958984375,0.1693448026974996,0.02026788517832756,-0.03861808776855469
39,1.2586294939999334,111.644672,2.9567105770111084,0.04135475680232048,0.2970261573791504,2.42578125,0.22695529460906982,0.0,0.27950358390808105,0.0007713683298788965,0.0721028670668602,5.734205842600204e-06,1.8539774373493856e-06,0.0011774497106671333,0.0009763337438926101,0.0004986747517250478,0.16488215327262878,18.007492065429688,0.021830137819051743,0.0,6.0,0.0,0.0,6.0,0.0,6.0,0.25606950124104816,0.19745957851409912,2.093994140625,0.17054176330566406,0.02029083048303922,-0.031845152378082275
40,1.1983711479999783,111.644672,2.9245338439941406,0.04477786272764206,0.4055452048778534,2.4228515625,0.22438469529151917,0.0,0.28560906648635864,0.0006953546544536948,0.0748697966337204,5.811439223180059e-06,3.984410795965232e-06,0.001888550235889852,0.001004676567390561,0.0013883624924346805,0.20551025867462158,18.278409957885742,0.016972247511148453,0.0,3.0,0.0,0.0,3.0,0.0,3.0,0.2580359975496928,0.19362401962280273,2.118408203125,0.17232292890548706,0.02024685467282931,-0.02521413564682007
41,1.2019939599999816,111.644672,2.8887782096862793,0.047120556235313416,0.3548876941204071,2.4208984375,0.22191964089870453,0.0,0.2964252829551697,0.0007378212176263332,0.159912109375,5.8843957049248274e-06,2.0085162759642117e-06,0.0012497639982029796,0.0008224775083363056,0.0008145699976012111,0.25657469034194946,18.204601287841797,0.017994515597820282,0.0,4.0,0.0,0.0,4.0,0.0,4.0,0.2606751322746277,0.20224884152412415,2.1273193359375,0.17477285861968994,0.020253002643585205,-0.01845163106918335
42,1.1354003579999699,111.644672,2.8702332973480225,0.046625565737485886,0.42619064450263977,2.419921875,0.22113636136054993,0.0,0.3116398751735687,0.0009402567520737648,0.527099609375,5.7899942476069555e-06,2.703013251448283e-06,0.0015007153851911426,0.0008727893000468612,0.001049961894750595,0.3105795383453369,17.895282745361328,0.014679115265607834,0.0,1.0,0.0,0.0,1.0,0.0,1.0,0.26393091678619385,0.200486421585083,2.0921223958333335,0.17789330085118613,0.020243701835473377,-0.013040900230407715
43,1.1595075990001078,111.644672,2.8751299381256104,0.043551649898290634,0.3661803603172302,2.4169921875,0.2222805917263031,0.0,0.3298417329788208,0.0013331947848200798,0.880859375,5.6837247939256486e-06,2.194972466895706e-06,0.0012172784190624952,0.0006600585766136646,0.0009038894204422832,0.3793765902519226,17.701614379882812,0.020357247442007065,0.0,5.0,0.0,0.0,5.0,0.0,5.0,0.2679266929626465,0.19638442993164062,2.0625406901041665,0.1818703810373942,0.020219037930170696,-0.017205871641635895
44,1.1565478009999879,111.644672,2.8781192302703857,0.04178261011838913,0.47962722182273865,2.412109375,0.2231183499097824,0.0,0.3493693768978119,0.0020330247934907675,0.9112548828125,5.794698154204525e-06,2.247159500257112e-06,0.001323253265582025,0.0007645775331184268,0.0009883546736091375,0.40903395414352417,17.114421844482422,0.030798789113759995,0.0,5.0,0.0,0.0,5.0,0.0,5.0,0.27230223019917804,0.213650643825531,2.0302327473958335,0.1859606901804606,0.020168607433636982,-0.03733266890048981
45,1.1234788739998294,111.644672,2.8924732208251953,0.038466379046440125,0.3480154275894165,2.4072265625,0.22538140416145325,0.0,0.36766135692596436,0.0030203114729374647,0.914306640625,5.802704436064232e-06,2.0627383037208347e-06,0.00131960678845644,0.0010205409489572048,0.0007374158012680709,0.38704848289489746,16.337236404418945,0.021339699625968933,0.0,7.0,0.0,0.0,7.0,0.0,7.0,0.27647876739501953,0.20610857009887695,1.99755859375,0.18987496693929037,0.020092392961184185,-0.040332891047000885
46,1.129229457000065,111.644672,2.925391912460327,0.03501182049512863,0.5622164607048035,2.4033203125,0.22955211997032166,0.0,0.3837401270866394,0.004118553828448057,0.9160970449447632,5.864943432243308e-06,2.2502131287183147e-06,0.0014196204720064998,0.00065893295686692,0.0010918666375800967,0.3468632102012634,15.09760856628418,0.0346311591565609,0.0,6.0,0.0,0.0,6.0,0.0,6.0,0.2801186839739482,0.20747840404510498,1.9773763020833333,0.1932078798611959,0.02006879945596059,-0.040969446301460266
47,1.1048154500001601,111.644672,2.9878201484680176,0.02709580957889557,0.48133257031440735,2.3994140625,0.23684057593345642,0.0,0.3951030373573303,0.005224015098065138,0.9128825068473816,5.971259270154405e-06,2.3522261471953243e-06,0.0013642188860103488,0.000829616270493716,0.0009538325248286128,0.3009139895439148,13.758275985717773,0.034570738673210144,0.0,7.0,0.0,0.0,7.0,0.0,7.0,0.2829403877258301,0.21420365571975708,1.9534505208333333,0.1956232786178589,0.020072583109140396,-0.03500015288591385
48,1.066939218000016,111.644672,3.079350471496582,0.017421521246433258,0.44787847995758057,2.3955078125,0.24700570106506348,0.0,0.402482271194458,0.006198903080075979,0.9093424677848816,6.094119726185454e-06,8.441193131147884e-07,0.0008138499688357115,0.0005934720393270254,0.0004314762481953949,0.27292922139167786,12.3599853515625,0.03249605372548103,0.0,5.0,0.0,0.0,5.0,0.0,5.0,0.28448204199473065,0.21329814195632935,1.9455973307291667,0.1970262130101522,0.0200859730442365,-0.034973278641700745
49,1.0846668239998962,111.644672,3.1937928199768066,0.006235659122467041,0.35270655155181885,2.38671875,0.259623259305954,0.0,0.40408429503440857,0.006706805434077978,0.9060465693473816,6.254778782022186e-06,1.5750465536257252e-06,0.0011428494472056627,0.0005765898386016488,0.0008325788076035678,0.275300532579422,10.994067192077637,0.03754301369190216,0.0,10.0,0.0,0.0,10.0,0.0,10.0,0.28517065445582074,0.20747780799865723,1.9520670572916667,0.19749444723129272,0.0200423796971639,-0.03469809144735336
50,1.079429110999854,111.644672,3.281151056289673,-0.0036721082869917154,0.28687623143196106,2.3779296875,0.269794762134552,0.0,0.39894765615463257,0.0065752360969781876,0.8985189199447632,6.297841082414379e-06,1.885296455839125e-06,0.001213868847116828,0.0008435085765086114,0.0007760637672618032,0.26930809020996094,9.705260276794434,0.041927680373191833,0.0,10.0,0.0,0.0,10.0,0.0,10.0,0.28501999378204346,0.20772671699523926,1.97314453125,0.19712571303049722,0.019978792717059452,-0.034633100032806396
51,1.0608695250000437,111.644672,3.3287081718444824,-0.010586105287075043,0.25364986062049866,2.373046875,0.2761744260787964,0.0,0.39167553186416626,0.006335299462080002,0.8922119140625,6.185410711623263e-06,1.057617168953584e-06,0.0009375432273373008,0.0006846803589724004,0.00047362514305859804,0.26498669385910034,8.554739952087402,0.03443607687950134,0.0,7.0,0.0,0.0,7.0,0.0,7.0,0.2842116554578145,0.21678712964057922,1.9969482421875,0.1963391900062561,0.020019234468539555,-0.044521212577819824
52,1.0694793180000488,111.644672,3.3272125720977783,-0.011354809626936913,0.13748739659786224,2.3662109375,0.2772650420665741,0.0,0.3823394179344177,0.0059678815305233,0.8855387568473816,6.17476462139166e-06,1.0976926887451555e-06,0.0009147496894001961,0.0004543478135019541,0.0006794569781050086,0.2681853175163269,7.705140113830566,0.03758090361952782,0.0,9.0,0.0,0.0,9.0,0.0,9.0,0.2829010883967082,0.21011391282081604,2.0234375,0.19494412342707315,0.020039159804582596,-0.05565398931503296
53,1.0470173389999218,111.644672,3.2924749851226807,-0.007981173694133759,0.14958176016807556,2.361328125,0.27512434124946594,0.0,0.3719401955604553,0.005540532525628805,0.8763021230697632,6.054655386833474e-06,1.2169479077783762e-06,0.0009774153586477041,0.0005538386176340282,0.0006999209290370345,0.2661164402961731,7.068842887878418,0.03561358153820038,0.0,8.0,0.0,0.0,8.0,0.0,8.0,0.2814582784970601,0.22164610028266907,2.0410563151041665,0.19356387853622437,0.020009676615397137,-0.06832343339920044
54,1.14997746500012,111.644672,3.247295379638672,-0.00272070849314332,0.11405343562364578,2.3427734375,0.2712792158126831,0.0,0.36022719740867615,0.004910835064947605,0.863525390625,5.991350008116569e-06,7.81608946454071e-07,0.000770401326008141,0.0004834215505979955,0.0004906115937046707,0.2541661858558655,6.691413879394531,0.06968960911035538,0.0,20.0,0.0,0.0,20.0,0.0,20.0,0.2807486653327942,0.22432905435562134,2.0639241536458335,0.1926108400026957,0.01998259872198105,-0.07679027318954468
55,1.2554285639998852,111.644672,3.187016010284424,0.0032858282793313265,0.19993749260902405,2.333984375,0.2666403353214264,0.0,0.34848183393478394,0.004091170616447926,0.849365234375,5.791689090983709e-06,1.0625484492265969e-06,0.0008932605269365013,0.000522992224432528,0.0005891856271773577,0.23796120285987854,6.499862194061279,0.05327301472425461,0.0,11.0,0.0,0.0,11.0,0.0,11.0,0.280753751595815,0.22825482487678528,2.0928141276041665,0.19213255246480307,0.01995864510536194,-0.07675290107727051
56,1.1827679660000285,111.644672,3.1316611766815186,0.012301359325647354,0.1986428201198578,2.330078125,0.26150792837142944,0.0,0.34306102991104126,0.0037727418821305037,0.8409423828125,5.570179382630158e-06,9.562759260006715e-07,0.0008293433929793537,0.0005218992009758949,0.0005140526336617768,0.26735398173332214,6.619173049926758,0.033823102712631226,0.0,6.0,0.0,0.0,6.0,0.0,6.0,0.2804386615753174,0.2273908108472824,2.1103922526041665,0.19176270564397177,0.019948262721300125,-0.07667475938796997
57,1.1737214350000613,111.644672,3.110309362411499,0.019183404743671417,0.17707206308841705,2.3232421875,0.25849539041519165,0.0,0.34406980872154236,0.00419602170586586,0.8377279043197632,5.59370619157562e-06,8.324065561282623e-07,0.0007376825669780374,0.000458517053630203,0.0005098687252029777,0.31995147466659546,6.997121334075928,0.04481290280818939,0.0,9.0,0.0,0.0,9.0,0.0,9.0,0.2798725366592407,0.22618448734283447,2.1148681640625,0.19119940201441446,0.01993834724028905,-0.07661080360412598
58,1.156781626999873,111.644672,3.0746009349823,0.026830434799194336,0.1577245146036148,2.314453125,0.2541576325893402,0.0,0.34316396713256836,0.004356816876679659,0.8280029296875,5.483652330440236e-06,1.0845379847523873e-06,0.0008302537025883794,0.0004995166673325002,0.0005755801685154438,0.3791200518608093,7.567774772644043,0.059541255235672,0.0,12.0,0.0,0.0,12.0,0.0,12.0,0.28009311358133954,0.19983819127082825,2.1182047526041665,0.1915978193283081,0.019974884887536366,-0.07655823230743408
59,1.1006999220001035,111.644672,3.0426671504974365,0.034142035990953445,0.1449173092842102,2.30859375,0.25017476081848145,0.0,0.34386205673217773,0.004697777330875397,0.8189290761947632,5.451678589452058e-06,9.99974986370944e-07,0.0008466963190585375,0.0005154251120984554,0.0005527525208890438,0.44413942098617554,8.238499641418457,0.053469739854335785,0.0,8.0,0.0,0.0,8.0,0.0,8.0,0.2805635730425517,0.203652024269104,2.1252848307291665,0.19194342692693075,0.019975411395231884,-0.07651394605636597
60,1.1017369070000314,111.644672,3.0268197059631348,0.041046708822250366,0.1485026627779007,2.302734375,0.2475137710571289,0.0,0.3476465344429016,0.005547143053263426,0.8104248046875,5.449096988741076e-06,8.694051985003171e-07,0.0008374699391424656,0.0005410289741121233,0.0005324053927324712,0.522070050239563,8.919391632080078,0.06069405376911163,0.0,11.0,0.0,0.0,11.0,0.0,11.0,0.2809733947118123,0.21220703423023224,2.1083170572916665,0.19171681006749472,0.020005889236927032,-0.07648485898971558
61,1.1153747109999586,111.644672,3.015955686569214,0.04791421443223953,0.12363538146018982,2.2900390625,0.24523916840553284,0.0,0.35127705335617065,0.006566229276359081,0.7997640371322632,5.5336454352072906e-06,7.878272754169302e-07,0.0007933392189443111,0.000514851650223136,0.000490507751237601,0.5964450836181641,9.592016220092773,0.07109294831752777,0.0,14.0,0.0,0.0,14.0,0.0,14.0,0.28163784742355347,0.2167178988456726,2.1080322265625,0.19229968388875326,0.020006448030471802,-0.07646411657333374
62,1.1013471930000378,111.644672,3.000722885131836,0.05398322641849518,0.12032642960548401,2.27734375,0.2433636635541916,0.0,0.35357600450515747,0.007704573683440685,0.7837728261947632,5.6405997383990325e-06,7.735161489108577e-07,0.0007693159277550876,0.0004921081708744168,0.0005043556448072195,0.6573106050491333,10.036170959472656,0.06710512936115265,0.0,17.0,0.0,0.0,17.0,0.0,17.0,0.28276809056599933,0.2125013768672943,2.0937093098958335,0.19350743293762207,0.020008668303489685,-0.07644665241241455
63,1.2154120630000307,111.644672,2.9886553287506104,0.05883161723613739,0.12209481745958328,2.2626953125,0.24209646880626678,0.0,0.35558947920799255,0.009078191593289375,0.7668864130973816,5.684839379682671e-06,8.475047934553004e-07,0.0008110282942652702,0.0005770206335000694,0.00045578513527289033,0.7153195738792419,10.180848121643066,0.08311590552330017,0.0,22.0,0.0,0.0,22.0,0.0,22.0,0.2840949296951294,0.2066234052181244,2.1024169921875,0.19490593671798706,0.020028868069251377,-0.07643067836761475
64,1.2387997270000142,111.644672,2.9587693214416504,0.06490284204483032,0.11528866738080978,2.232421875,0.23974958062171936,0.0,0.354846328496933,0.010444235056638718,0.7432454824447632,5.6205572036560625e-06,9.084782277568593e-07,0.000840380962472409,0.00048521830467507243,0.0005916400696150959,0.7718783617019653,9.961671829223633,0.10819238424301147,0.0,35.0,0.0,0.0,35.0,0.0,35.0,0.28589202960332233,0.20698553323745728,2.1182861328125,0.19672167301177979,0.01998295138279597,-0.07641875743865967
65,1.2167227100001128,111.644672,2.887892484664917,0.07308568805456161,0.11471808701753616,2.193359375,0.23435503244400024,0.0,0.34505391120910645,0.010788935236632824,0.707275390625,5.541330665437272e-06,7.131468464649515e-07,0.0007408728706650436,0.0004326355119701475,0.0004995235940441489,0.7862417697906494,9.475452423095703,0.14019905030727386,0.0,46.0,0.0,0.0,46.0,0.0,46.0,0.28908201058705646,0.21307745575904846,2.1716715494791665,0.19917968908945718,0.02007952332496643,-0.07641804218292236
66,1.1481592400000409,111.644672,2.794288158416748,0.08163659274578094,0.10341020673513412,2.169921875,0.22770187258720398,0.0,0.33508020639419556,0.01092846691608429,0.6711019277572632,5.430055807664758e-06,7.005763791312347e-07,0.0007393625564873219,0.0004182146512903273,0.000521334121003747,0.7905786037445068,8.753469467163086,0.10420044511556625,0.0,29.0,0.0,0.0,29.0,0.0,29.0,0.2924419045448303,0.21898707747459412,2.2196451822916665,0.20227020978927612,0.02015693113207817,-0.0764319896697998
67,1.136889192000126,111.644672,2.727532386779785,0.08991402387619019,0.09126128256320953,2.1376953125,0.22238831222057343,0.0,0.3305494785308838,0.011911733075976372,0.6446940302848816,5.399951533036074e-06,6.556428502335621e-07,0.0006921683670952916,0.0004440992488525808,0.00043186463881284,0.8229926824569702,7.92721700668335,0.14032039046287537,0.0,41.0,0.0,0.0,41.0,0.0,41.0,0.2951725522677104,0.21064645051956177,2.2594401041666665,0.20407209793726602,0.02029278874397278,-0.07645440101623535
68,1.138466600999891,111.644672,2.6442341804504395,0.09794216603040695,0.0748416930437088,2.109375,0.21646380424499512,0.0,0.32350802421569824,0.012642174027860165,0.6126302480697632,5.189473085920326e-06,6.175680482556345e-07,0.0006587393581867218,0.0004938654019497335,0.00035393130383454263,0.8576659560203552,7.0850629806518555,0.12098696827888489,0.0,34.0,0.0,0.0,34.0,0.0,34.0,0.29826364914576214,0.21130752563476562,2.3109537760416665,0.20732210079828897,0.020363114774227142,-0.07648330926895142
69,1.1442291060000116,111.644672,2.5658586025238037,0.10647398233413696,0.07222845405340195,2.0693359375,0.2109016478061676,0.0,0.31380903720855713,0.013264143839478493,0.5747477412223816,5.04095396536286e-06,7.116292977116245e-07,0.000693355337716639,0.0004227968747727573,0.0004726895713247359,0.9024231433868408,6.365059852600098,0.10705506056547165,0.0,46.0,0.0,0.0,46.0,0.0,46.0,0.30180227756500244,0.2121802568435669,2.3557942708333335,0.2118537425994873,0.020434634139140446,-0.0770103931427002
70,1.1246298050000405,111.644672,2.49627685546875,0.11595063656568527,0.06217748671770096,2.0341796875,0.20551401376724243,0.0,0.3036949336528778,0.013872124254703522,0.538818359375,5.0091693992726505e-06,7.310289902306977e-07,0.0006960983737371862,0.00038480194052681327,0.0004951540031470358,0.9639605283737183,5.703771591186523,0.15179985761642456,0.0,48.0,0.0,0.0,48.0,0.0,48.0,0.30491189161936444,0.2139911651611328,2.401611328125,0.2155133088429769,0.02051092063387235,-0.07710540294647217
71,1.1010050770000817,111.644672,2.4417476654052734,0.11559608578681946,0.052223630249500275,1.9833984375,0.20251885056495667,0.0,0.28431740403175354,0.01316596008837223,0.5013834834098816,4.837462256546132e-06,7.258108780661132e-07,0.0007234966615214944,0.00044419686309993267,0.0004891685675829649,0.9480948448181152,5.162452697753906,0.1615082025527954,0.0,61.0,0.0,0.0,61.0,0.0,61.0,0.30923378467559814,0.21645843982696533,2.44873046875,0.2212057908376058,0.02063194289803505,-0.07716399431228638
72,1.083576265999909,111.644672,2.3880720138549805,0.11411044001579285,0.05778252333402634,1.947265625,0.19978255033493042,0.0,0.26635852456092834,0.012236859649419785,0.4680582880973816,4.763607648783363e-06,8.108889915092732e-07,0.0007968726567924023,0.0004725633771158755,0.0005436459323391318,0.9486531019210815,4.67551326751709,0.13041828572750092,0.0,47.0,0.0,0.0,47.0,0.0,47.0,0.3133087754249573,0.21388950943946838,2.519775390625,0.2259949048360189,0.020610562215248745,-0.07722210884094238
73,1.2639397729999473,111.644672,2.3543701171875,0.11217866092920303,0.053806789219379425,1.9111328125,0.198482483625412,0.0,0.2549448609352112,0.01204837765544653,0.4432373046875,4.732820798380999e-06,7.298883133444178e-07,0.0007630240870639682,0.0004514119355008006,0.0005188100039958954,0.9168376922607422,4.2743964195251465,0.10684315860271454,0.0,45.0,0.0,0.0,45.0,0.0,45.0,0.3164582848548889,0.20827290415763855,2.5709228515625,0.23020501931508383,0.020635017504294712,-0.07726085186004639
74,1.124806592999903,111.644672,2.34108829498291,0.10840055346488953,0.07536597549915314,1.8818359375,0.19905738532543182,0.0,0.24086037278175354,0.011678427457809448,0.4154866635799408,4.528057161223842e-06,6.440545803343412e-07,0.0006886680494062603,0.0004973377799615264,0.0003735071513801813,0.8856887817382812,3.993281841278076,0.1091160699725151,0.0,40.0,0.0,0.0,40.0,0.0,40.0,0.3196001847585042,0.2068253755569458,2.6284586588541665,0.23358052968978882,0.020663258930047352,-0.0772634744644165
75,1.1337322700001096,111.644672,2.3656821250915527,0.10269647091627121,0.06292825937271118,1.8291015625,0.20224504172801971,0.0,0.2242930382490158,0.011534523218870163,0.3805745542049408,4.537363565759733e-06,7.514169624300848e-07,0.0007588219596073031,0.000534823804628104,0.00043209188152104616,0.8649680018424988,3.867342710494995,0.19312116503715515,0.0,65.0,0.0,0.0,65.0,0.0,65.0,0.32228944698969525,0.20432206988334656,2.6831461588541665,0.23661579688390097,0.020868425567944843,-0.07724219560623169
76,1.1458606779999627,111.644672,2.32572340965271,0.09835391491651535,0.05333901569247246,1.7841796875,0.2015194594860077,0.0,0.19515880942344666,0.00971389189362526,0.331787109375,4.42844384451746e-06,7.321286830119789e-07,0.0007428365061059594,0.0005312036955729127,0.0004173690394964069,0.7954686880111694,3.7953267097473145,0.12433116137981415,0.0,53.0,0.0,0.0,53.0,0.0,53.0,0.3266378442446391,0.20329150557518005,2.79248046875,0.2411784529685974,0.020940005779266357,-0.05231446027755737
77,1.114190742000119,111.644672,2.3129239082336426,0.09258235991001129,0.05032070726156235,1.75,0.20235542953014374,0.0,0.17326614260673523,0.008435415104031563,0.2917887568473816,4.4375101424520835e-06,6.731840471729811e-07,0.0007115303305909038,0.0004512669984251261,0.00046166041283868253,0.7314914464950562,3.742042303085327,0.10089381784200668,0.0,47.0,0.0,0.0,47.0,0.0,47.0,0.3300575613975525,0.2131040394306183,2.8817952473958335,0.24466955661773682,0.021021895110607147,-0.04620647430419922
78,1.0748354699999254,111.644672,2.328362226486206,0.08485039323568344,0.05134814605116844,1.72265625,0.20554280281066895,0.0,0.15539845824241638,0.007401406764984131,0.2607015073299408,4.3944210119661875e-06,6.457056542785722e-07,0.0006836377433501184,0.00038705766201019287,0.0004876663151662797,0.690248966217041,3.700108528137207,0.09060804545879364,0.0,37.0,0.0,0.0,37.0,0.0,37.0,0.3328978816668193,0.2133789360523224,2.9381103515625,0.24812312920888266,0.0210306520263354,-0.062002718448638916
79,1.088525650000065,111.644672,2.3546974658966064,0.07979857176542282,0.05559418722987175,1.7021484375,0.20936129987239838,0.0,0.14277295768260956,0.006833911873400211,0.2403564453125,4.295422513678204e-06,5.697024789697025e-07,0.0006384660955518484,0.0003876207338180393,0.00043216539779677987,0.7028335332870483,3.690650463104248,0.10019959509372711,0.0,33.0,0.0,0.0,33.0,0.0,33.0,0.3348699410756429,0.216200590133667,2.9929606119791665,0.25034181276957196,0.021026380360126495,-0.062033236026763916
80,1.090666937999913,111.644672,2.398144006729126,0.07382631301879883,0.07818255573511124,1.681640625,0.21524643898010254,0.0,0.13387200236320496,0.0065604811534285545,0.2247721403837204,4.19517709815409e-06,5.582056132880098e-07,0.0006276849890127778,0.00038901384687051177,0.0004091687442269176,0.7113224864006042,3.7044901847839355,0.0511745922267437,0.0,24.0,0.0,0.0,24.0,0.0,24.0,0.33633553981781006,0.22213035821914673,3.0279134114583335,0.2520071268081665,0.02104750523964564,-0.0741615891456604
81,1.0693997319999653,111.644672,2.439883232116699,0.06777644902467728,0.06014930084347725,1.6669921875,0.22017961740493774,0.0,0.122949980199337,0.00594305619597435,0.2054036557674408,4.1979160414484795e-06,5.680537356056448e-07,0.0006348478491418064,0.00036008318420499563,0.00043694916530512273,0.7046212553977966,3.767378330230713,0.05879735201597214,0.0,28.0,0.0,0.0,28.0,0.0,28.0,0.3379257917404175,0.2287442684173584,3.0495198567708335,0.25423113505045575,0.02093617618083954,-0.07701718807220459
82,1.0942872939999688,111.644672,2.4564127922058105,0.06626088917255402,0.07470118999481201,1.646484375,0.22235959768295288,0.0,0.11279436200857162,0.005460119806230068,0.1872965544462204,4.1751218304852955e-06,5.329566761247406e-07,0.0006182339857332408,0.00036715282476507127,0.00042158429278060794,0.7281949520111084,3.826582670211792,0.07030066847801208,0.0,28.0,0.0,0.0,28.0,0.0,28.0,0.3389410972595215,0.22504106163978577,3.078125,0.2553667028745015,0.020987669626871746,-0.07705795764923096
83,1.0741730299998835,111.644672,2.4170825481414795,0.07042989879846573,0.05843813344836235,1.6328125,0.21908317506313324,0.0,0.10430459678173065,0.0051331911236047745,0.16845703125,4.070785053045256e-06,5.839275445396197e-07,0.000665572821162641,0.0004058876947965473,0.00044749112566933036,0.7620716094970703,3.9326610565185547,0.07764134556055069,0.0,23.0,0.0,0.0,23.0,0.0,23.0,0.3397475878397624,0.20561884343624115,3.1069742838541665,0.2557479937871297,0.021011896431446075,-0.11776936054229736
84,1.0629630979999547,111.644672,2.316235303878784,0.08313913643360138,0.0746082291007042,1.6142578125,0.20981554687023163,0.0,0.09583961963653564,0.004777773283421993,0.15625,3.87938007406774e-06,5.064867991677602e-07,0.0006099831080064178,0.0004230805207043886,0.00035148783354088664,0.8070256114006042,4.046874523162842,0.05818730592727661,0.0,21.0,0.0,0.0,21.0,0.0,21.0,0.34017499287923175,0.2076408565044403,3.1438395182291665,0.25673019886016846,0.020964051286379497,-0.11773812770843506
85,1.0538950459999796,111.644672,2.174900531768799,0.10156666487455368,0.06846436858177185,1.607421875,0.1964227855205536,0.0,0.0890234112739563,0.004527329932898283,0.14501953125,3.6622220704884967e-06,4.5566412154585123e-07,0.0005818658391945064,0.00039570554508827627,0.0003443822206463665,0.8374985456466675,4.230165481567383,0.040595173835754395,0.0,10.0,0.0,0.0,10.0,0.0,10.0,0.34034276008605957,0.21170300245285034,3.1407470703125,0.2563384175300598,0.020980489750703175,-0.11773860454559326
86,1.1502588669998204,111.644672,1.9971306324005127,0.12952901422977448,0.08511784672737122,1.595703125,0.1787104457616806,0.0,0.08469457924365997,0.004585926420986652,0.1373291015625,3.6280907806940377e-06,4.882226107838505e-07,0.0005962324212305248,0.0003553592541720718,0.0003991127014160156,0.8834857940673828,4.432592391967773,0.05368781089782715,0.0,17.0,0.0,0.0,17.0,0.0,17.0,0.3401671250661214,0.21400591731071472,3.1260172526041665,0.25636688868204754,0.021112839380900066,-0.11776876449584961
87,1.1758595989999776,111.644672,1.771044373512268,0.16701959073543549,0.049879368394613266,1.580078125,0.15622249245643616,0.0,0.07927846163511276,0.004593629390001297,0.12646484375,3.6100791476201266e-06,5.036487209508778e-07,0.0006037807906977832,0.00043682497926056385,0.0003379876143299043,0.8989992141723633,4.667496681213379,0.0626804456114769,0.0,19.0,0.0,0.0,19.0,0.0,19.0,0.33971885840098065,0.2089695930480957,3.1134847005208335,0.2564461628595988,0.02114062011241913,-0.07622849941253662
88,1.0473817450001661,111.644672,1.4861199855804443,0.2154657542705536,0.045074038207530975,1.56640625,0.12820982933044434,0.0,0.06730465590953827,0.003641547169536352,0.1064453125,3.5458392630971503e-06,5.155137614565319e-07,0.0006032774690538645,0.00039106630720198154,0.00038714148104190826,0.8754193186759949,4.903223037719727,0.06276486814022064,0.0,20.0,0.0,0.0,20.0,0.0,20.0,0.3395020564397176,0.2074236273765564,3.078857421875,0.2557872533798218,0.02114063749710719,-0.0917741060256958
89,1.0403457140000683,111.644672,1.1975014209747314,0.27190566062927246,0.04579465091228485,1.556640625,0.09963546693325043,0.0,0.05917462706565857,0.002955792937427759,0.09375,3.507979954520124e-06,5.439158030640101e-07,0.0006183565710671246,0.000421439966885373,0.00036632685805670917,0.8761805295944214,5.187743663787842,0.059776172041893005,0.0,14.0,0.0,0.0,14.0,0.0,14.0,0.33862125873565674,0.209686279296875,3.0659993489583335,0.2552107771237691,0.021104012926419575,-0.09777510166168213
90,1.0454464559998087,111.644672,0.9681731462478638,0.33675581216812134,0.05118779093027115,1.5498046875,0.07678770273923874,0.0,0.05277445167303085,0.002489836420863867,0.0837809294462204,3.5838888834405225e-06,5.007316303817788e-07,0.0005926359444856644,0.0004009490367025137,0.0003506816574372351,0.9380115866661072,5.466132640838623,0.03613436222076416,0.0,11.0,0.0,0.0,11.0,0.0,11.0,0.33748610814412433,0.20211216807365417,3.036865234375,0.25450942913691205,0.021072794993718464,-0.0979195237159729
91,1.0441789850001442,111.644672,0.8527311682701111,0.40517568588256836,0.05650946497917175,1.5439453125,0.06471766531467438,0.0,0.04953302443027496,0.0022715013474226,0.0773518905043602,3.53687710230588e-06,4.94937012263108e-07,0.0005842619575560093,0.0004050719435326755,0.000333207193762064,1.029720664024353,5.644566535949707,0.043164417147636414,0.0,6.0,0.0,0.0,6.0,0.0,6.0,0.3359568516413371,0.173395037651062,2.9940592447916665,0.2535252571105957,0.02089463174343109,-0.11581337451934814
92,1.04764556300006,111.644672,0.8634719252586365,0.46670570969581604,0.06864795088768005,1.537109375,0.0652545839548111,0.0,0.04640577360987663,0.002055966993793845,0.0711263045668602,3.6602868931367993e-06,5.176519835004001e-07,0.0006148231914266944,0.0003878427087329328,0.00038857373874634504,1.1415096521377563,5.761594772338867,0.046038299798965454,0.0,10.0,0.0,0.0,10.0,0.0,10.0,0.3339302142461141,0.1740073561668396,2.9388834635416665,0.2518889506657918,0.020684823393821716,-0.11241424083709717
93,1.053311506,111.644672,0.9403184652328491,0.5180069208145142,0.07747365534305573,1.53125,0.07238741219043732,0.0,0.044046156108379364,0.0018996307626366615,0.0647786483168602,3.841131274384679e-06,4.5940913651065785e-07,0.0005719971377402544,0.00036179227754473686,0.00036524463212117553,1.264743685722351,5.698979377746582,0.04437863454222679,0.0,8.0,0.0,0.0,8.0,0.0,8.0,0.33187876145044964,0.180078387260437,2.9154866536458335,0.25027010838190716,0.020442865788936615,-0.11759960651397705
94,1.1878814960000454,111.644672,1.0322744846343994,0.5573866367340088,0.07236157357692719,1.5224609375,0.08100499957799911,0.0,0.04141725227236748,0.0017169518396258354,0.0570475272834301,4.1107282413577195e-06,4.401088062877534e-07,0.0005651144310832024,0.000357077457010746,0.0003568214306142181,1.3371760845184326,5.492099761962891,0.03649317845702171,0.0,9.0,0.0,0.0,9.0,0.0,9.0,0.3301338354746501,0.18696856498718262,2.8736165364583335,0.24812153975168863,0.019922054062287014,-0.11748862266540527
95,1.099831950999942,111.644672,1.119443416595459,0.5873837471008301,0.09152265638113022,1.517578125,0.08886560052633286,0.0,0.040472857654094696,0.0016208210727199912,0.0512288436293602,4.472688488021959e-06,4.3088402890134603e-07,0.0005527687026187778,0.00037983525544404984,0.0003169536357745528,1.4445104598999023,5.313948631286621,0.03477492183446884,0.0,6.0,0.0,0.0,6.0,0.0,6.0,0.3286320964495341,0.18248462677001953,2.8253987630208335,0.24653025468190512,0.019483825812737148,-0.11733126640319824
96,1.1785897380000279,111.644672,1.1873033046722412,0.6039748787879944,0.08343815803527832,1.513671875,0.09533326327800751,0.0,0.03933700546622276,0.001486114226281643,0.0458984375,4.590727257891558e-06,4.3788654124909954e-07,0.0005618524155579507,0.00033393799094483256,0.0003720358363352716,1.6570806503295898,5.129563331604004,0.03543933480978012,0.0,7.0,0.0,0.0,7.0,0.0,7.0,0.32736382881800336,0.17974472045898438,2.78466796875,0.24542065461476645,0.019077582905689876,-0.11726784706115723
97,1.0808200930000567,111.644672,1.2367504835128784,0.6059117317199707,0.08738548308610916,1.5107421875,0.0996721088886261,0.0,0.03722435235977173,0.0009744401904754341,0.0432942733168602,4.916332727589179e-06,4.882795110461302e-07,0.0005843478138558567,0.0003596823080442846,0.00038175348890945315,1.9259746074676514,4.836417198181152,0.03897816687822342,0.0,9.0,0.0,0.0,9.0,0.0,9.0,0.32639483610788983,0.18003302812576294,2.7375081380208335,0.24451597531636557,0.018691112597783405,-0.1172112226486206
98,1.0443297049998819,111.644672,1.3022398948669434,0.5950180292129517,0.0778186246752739,1.5078125,0.10549318790435791,0.0,0.03975334390997887,0.0007950448780320585,0.0437418632209301,5.209665232541738e-06,5.189248213355313e-07,0.0006093399133533239,0.0003563558857422322,0.00041019299533218145,2.1411118507385254,4.585558891296387,0.04314155876636505,0.0,4.0,0.0,0.0,4.0,0.0,4.0,0.32471974690755206,0.18486899137496948,2.6869710286458335,0.2431889772415161,0.018577358374993008,-0.11716616153717041
99,1.1097059779999654,111.644672,1.3504353761672974,0.5770760774612427,0.08537093549966812,1.50390625,0.10940609872341156,0.0,0.04440925270318985,0.0008541375282220542,0.0409749373793602,5.544273790292209e-06,5.97730718254752e-07,0.0006658680504187942,0.00038968570879660547,0.0004461898934096098,2.412949562072754,4.343206405639648,0.05282539874315262,0.0,5.0,0.0,0.0,5.0,0.0,5.0,0.32310742139816284,0.19004535675048828,2.6717529296875,0.24177457888921103,0.018331042180458706,-0.11718416213989258
100,1.106129022999994,111.644672,1.4023876190185547,0.552483856678009,0.07717485725879669,1.501953125,0.1138053685426712,0.0,0.050797298550605774,0.0009412089129909873,0.0411376953125,5.921147931076121e-06,6.270271342145861e-07,0.0006765459547750652,0.00039325584657490253,0.00047043286031112075,2.7302565574645996,4.141535758972168,0.04498840868473053,0.0,3.0,0.0,0.0,3.0,0.0,3.0,0.32206032673517865,0.18516123294830322,2.6324869791666665,0.2406182885169983,0.018062212814887364,-0.11733269691467285
101,1.2021312489998763,111.644672,1.482293963432312,0.5206426382064819,0.0710197314620018,1.498046875,0.12097930908203125,0.0,0.058642178773880005,0.0008764115045778453,0.041259765625,6.122948889242252e-06,6.617004828513018e-07,0.0006975621217861772,0.00039516593096777797,0.0005012402543798089,2.9112346172332764,4.124167442321777,0.046226225793361664,0.0,7.0,0.0,0.0,7.0,0.0,7.0,0.3215674161911011,0.1734713315963745,2.6159261067708335,0.24028261502583823,0.018391986687978108,-0.11695230007171631
102,1.0882574029999432,111.644672,1.561281442642212,0.4898601770401001,0.06416137516498566,1.494140625,0.1275690644979477,0.0,0.07067850232124329,0.0009805941954255104,0.0505778007209301,6.435096111090388e-06,6.037834054950508e-07,0.0006750248139724135,0.00038466270780190825,0.00047514913603663445,3.0869503021240234,4.277752876281738,0.0544997975230217,0.0,6.0,0.0,0.0,6.0,0.0,6.0,0.320943017800649,0.182550311088562,2.5582275390625,0.23973286151885986,0.018477680782477062,-0.09869349002838135
103,1.0435155909999594,111.644672,1.657393455505371,0.4564524292945862,0.07564976811408997,1.490234375,0.13578425347805023,0.0,0.08525839447975159,0.0010143708204850554,0.0626627653837204,6.831576229160419e-06,5.843726285092998e-07,0.0006539334426634014,0.000373025395674631,0.00046218885108828545,3.2224185466766357,4.464332580566406,0.056860506534576416,0.0,5.0,0.0,0.0,5.0,0.0,5.0,0.32035831610361737,0.16025352478027344,2.4906412760416665,0.2392810583114624,0.018313731998205185,-0.0989682674407959
104,0.9759583919999386,111.644672,1.745137333869934,0.4306354224681854,0.0586242713034153,1.484375,0.14283445477485657,0.0,0.10355129092931747,0.0013908016262575984,0.0792236328125,7.067223123158328e-06,6.695648835375323e-07,0.0007095582550391555,0.0004595107748173177,0.00044322069152258337,3.3733558654785156,4.691277980804443,0.07210608571767807,0.0,9.0,0.0,0.0,9.0,0.0,9.0,0.32007114092508954,0.16582512855529785,2.4164632161458335,0.23864124218622842,0.018695786595344543,-0.09913688898086548
105,1.0309647999999925,111.644672,1.8308757543563843,0.40942126512527466,0.07522477954626083,1.4794921875,0.1494694948196411,0.0,0.12446536868810654,0.0020316275767982006,0.1120198592543602,7.399777587124845e-06,6.247473152143357e-07,0.0006710991146974266,0.00044045131653547287,0.00041875988245010376,3.4815425872802734,4.843782424926758,0.08828024566173553,0.0,11.0,0.0,0.0,11.0,0.0,11.0,0.31967659791310626,0.18240630626678467,2.3282877604166665,0.2375995715459188,0.01870706429084142,-0.10882509499788284
106,1.0151443539998581,111.644672,1.9154921770095825,0.38436946272850037,0.08353784680366516,1.4716796875,0.15621264278888702,0.0,0.14621923863887787,0.002932364586740732,0.1514078825712204,7.69030702940654e-06,7.993547797013889e-07,0.0007472517900168896,0.0005234392010606825,0.00043057705624960363,3.5140814781188965,4.943202972412109,0.10021790117025375,0.0,12.0,0.0,0.0,12.0,0.0,12.0,0.31909215450286865,0.20147854089736938,2.232421875,0.23656771580378214,0.018491435796022415,-0.10914056748151779
107,1.0348308130000987,111.644672,1.9981766939163208,0.357806921005249,0.04799279570579529,1.4541015625,0.16297119855880737,0.0,0.16399437189102173,0.004047165159136057,0.1846110075712204,7.95152664068155e-06,7.314411050174385e-07,0.0007041535573080182,0.0004634947399608791,0.0004288880154490471,3.451272487640381,4.904166221618652,0.13695253431797028,0.0,26.0,0.0,0.0,26.0,0.0,26.0,0.31911834081013996,0.1887720823287964,2.1442057291666665,0.23650377988815308,0.01841605454683304,-0.10929390043020248
108,1.0003844539999136,111.644672,2.037907361984253,0.3365308940410614,0.051843661814928055,1.4443359375,0.166618213057518,0.0,0.17982083559036255,0.005657169036567211,0.2153727263212204,8.010480087250471e-06,7.249001896525442e-07,0.0007135602063499391,0.0004526799311861396,0.00045315473107621074,3.3612966537475586,4.727998733520508,0.13575762510299683,0.0,22.0,0.0,0.0,22.0,0.0,22.0,0.3189047972361247,0.2040976881980896,2.159423828125,0.23616230487823486,0.018196050077676773,-0.10928899794816971
109,1.2297293310000441,111.644672,2.1263723373413086,0.31041455268859863,0.051032114773988724,1.4169921875,0.17422649264335632,0.0,0.19175466895103455,0.007224617525935173,0.236572265625,8.215566595026758e-06,7.055282367218751e-07,0.000695739290677011,0.00044568924931809306,0.00044335139682516456,3.181450605392456,4.482673645019531,0.2111310213804245,0.0,45.0,0.0,0.0,45.0,0.0,45.0,0.3178475499153137,0.17649120092391968,2.1919759114583335,0.23529078563054404,0.018167495727539062,-0.09805870056152344
110,1.064967413999966,111.644672,2.2239160537719727,0.28290897607803345,0.04883768409490585,1.384765625,0.18442100286483765,0.0,0.19221392273902893,0.0077105178497731686,0.2424723356962204,8.219001756515354e-06,7.724276542830921e-07,0.0007384979980997741,0.0004718296695500612,0.000466987956315279,3.0277628898620605,4.152614116668701,0.19954431056976318,0.0,52.0,0.0,0.0,52.0,0.0,52.0,0.31740786631902057,0.1766476035118103,2.2510579427083335,0.23629643519719443,0.017947915941476822,-0.09787768125534058
111,1.0409952779998548,111.644672,2.2585108280181885,0.26183921098709106,0.046186696738004684,1.34375,0.18900281190872192,0.0,0.18461057543754578,0.0074635958299040794,0.2429606169462204,8.25152346806135e-06,6.630334610235877e-07,0.0006873774691484869,0.00043351502972655,0.0004431296547409147,2.831150770187378,3.772779941558838,0.19126927852630615,0.0,68.0,0.0,0.0,68.0,0.0,68.0,0.31812822818756104,0.1758309006690979,2.3597412109375,0.23841023445129395,0.01806661734978358,-0.09788399934768677
112,1.0701272870001048,111.644672,2.2776060104370117,0.23812730610370636,0.053166914731264114,1.31640625,0.19286954402923584,0.0,0.17383234202861786,0.006372053176164627,0.2400716245174408,7.839835234335624e-06,7.025648756098235e-07,0.0007085732650011778,0.0004700653371401131,0.000432117551099509,2.5291452407836914,3.3450241088867188,0.19655132293701172,0.0,49.0,0.0,0.0,49.0,0.0,49.0,0.31884831190109253,0.17588233947753906,2.4414876302083335,0.23906097809473673,0.018379059930642445,-0.09835439920425415
113,1.0406828390000555,111.644672,2.2885429859161377,0.21722207963466644,0.05198775231838226,1.28515625,0.19531314074993134,0.0,0.16882136464118958,0.006529055070132017,0.2381591796875,7.522875421273056e-06,7.544470008724602e-07,0.0007205076399259269,0.0004966735141351819,0.0004217682871967554,2.343365430831909,2.982037305831909,0.17969179153442383,0.0,52.0,0.0,0.0,52.0,0.0,52.0,0.3192700147628784,0.17918366193771362,2.5181884765625,0.23943030834197998,0.018689144402742386,-0.09873676300048828
114,1.0359759270002087,111.644672,2.305471897125244,0.19551271200180054,0.04569840803742409,1.255859375,0.19757017493247986,0.0,0.16550730168819427,0.007641464471817017,0.2373860776424408,7.187694336607819e-06,7.787281788296241e-07,0.0007334500551223755,0.000501705682836473,0.000434792076703161,2.1258046627044678,2.7208831310272217,0.228887677192688,0.0,47.0,0.0,0.0,47.0,0.0,47.0,0.31934285163879395,0.18363332748413086,2.573974609375,0.23981751998265585,0.01891108602285385,-0.09908860921859741
115,1.0953890640000736,111.644672,2.2141311168670654,0.18359148502349854,0.05232210457324982,1.2236328125,0.1909264773130417,0.0,0.14822424948215485,0.006700767204165459,0.2119140625,6.835765361756785e-06,6.253184778870491e-07,0.0006616857717745006,0.0004412515554577112,0.00040309398900717497,1.8834079504013062,2.448068141937256,0.1946086287498474,0.0,55.0,0.0,0.0,55.0,0.0,55.0,0.3209887345631917,0.18728452920913696,2.6440022786458335,0.2427919308344523,0.01912149414420128,-0.09931528568267822
116,1.0933222919998116,111.644672,2.1168601512908936,0.18658354878425598,0.06808537989854813,1.203125,0.18259847164154053,0.0,0.1410520374774933,0.006743911188095808,0.1998291015625,6.515450877486728e-06,5.651452852362127e-07,0.0006317595252767205,0.0004175538197159767,0.00038464946555905044,1.7696870565414429,2.254066228866577,0.16718149185180664,0.0,37.0,0.0,0.0,37.0,0.0,37.0,0.3218747576077779,0.19016039371490479,2.706298828125,0.24396133422851562,0.01960361748933792,-0.09933680295944214
117,1.0809818789998644,111.644672,1.974374771118164,0.19005346298217773,0.06381327658891678,1.1787109375,0.1694565713405609,0.0,0.13256844878196716,0.006801575422286987,0.1844889372587204,6.236239187273895e-06,5.248431875770621e-07,0.0006064386107027531,0.00039454037323594093,0.00037765922024846077,1.6682422161102295,2.116654634475708,0.15663951635360718,0.0,33.0,0.0,0.0,33.0,0.0,33.0,0.3229471842447917,0.18707646429538727,2.7549235026041665,0.2454893390337626,0.02006777251760165,-0.09806638956069946
118,1.3011527430001024,111.644672,1.8442529439926147,0.19734451174736023,0.05725019797682762,1.1611328125,0.15763835608959198,0.0,0.12495642900466919,0.006659272592514753,0.1716715544462204,5.920228431932628e-06,5.500908173416974e-07,0.0006186786340549588,0.0004166607977822423,0.0003731530741788447,1.5353788137435913,2.04813289642334,0.15587013959884644,0.0,33.0,0.0,0.0,33.0,0.0,33.0,0.32405316829681396,0.18525981903076172,2.7951253255208335,0.2471464474995931,0.02019203205903371,-0.09795624017715454
119,1.0851962209999328,111.644672,1.6995563507080078,0.21280786395072937,0.03903719782829285,1.1474609375,0.14363530278205872,0.0,0.11904337257146835,0.006602361332625151,0.1559244841337204,5.7257930166088045e-06,5.16600834998826e-07,0.0006008773343637586,0.0004046592803206295,0.00036285672103986144,1.4234092235565186,2.0142271518707275,0.1823614537715912,0.0,33.0,0.0,0.0,33.0,0.0,33.0,0.3253902594248454,0.1816902756690979,2.8151448567708335,0.24917240937550864,0.020258496205012005,-0.09782916307449341
120,1.0741932389998965,111.644672,1.5133929252624512,0.23338857293128967,0.03430994600057602,1.1240234375,0.12669192254543304,0.0,0.10601421445608139,0.00565720722079277,0.1365559995174408,5.33244519829168e-06,4.18363470089389e-07,0.0005340964416973293,0.0003487970388960093,0.0003311636974103749,1.3371027708053589,1.9655803442001343,0.17670390009880066,0.0,38.0,0.0,0.0,38.0,0.0,38.0,0.3274551232655843,0.18788844347000122,2.8712972005208335,0.2516062657038371,0.020318102091550827,-0.09870702028274536
121,1.015393432999872,111.644672,1.3811742067337036,0.25114333629608154,0.04065346345305443,1.1123046875,0.11467017233371735,0.0,0.09484335035085678,0.00453692814335227,0.1287434995174408,5.168191819393542e-06,4.0488131958227314e-07,0.0005189415533095598,0.0003303149715065956,0.00032529205782338977,1.2816457748413086,1.9654746055603027,0.1380368322134018,0.0,24.0,0.0,0.0,24.0,0.0,24.0,0.3283119797706604,0.1933487057685852,2.9579671223958335,0.253335436185201,0.020353509734074276,-0.09853297472000122
122,1.0384914070000377,111.644672,1.2791001796722412,0.26833415031433105,0.03146231919527054,1.099609375,0.10436350107192993,0.0,0.0904364213347435,0.004277329426258802,0.1255289763212204,5.118217359267874e-06,4.114153568934853e-07,0.0005181403248570859,0.0003181165084242821,0.0003399872803129256,1.2924578189849854,2.043992042541504,0.13506007194519043,0.0,22.0,0.0,0.0,22.0,0.0,22.0,0.3284022808074951,0.19774824380874634,2.9991048177083335,0.25345009565353394,0.02023524170120557,-0.09871608018875122
123,1.0471405779999259,111.644672,1.2282308340072632,0.2739945948123932,0.039170797914266586,1.0869140625,0.09947111457586288,0.0,0.08605103194713593,0.0039656925946474075,0.1195068359375,4.901002284896094e-06,4.574402225898666e-07,0.000554444850422442,0.00035472982563078403,0.00035196036333218217,1.2929787635803223,2.156885862350464,0.1387121081352234,0.0,21.0,0.0,0.0,21.0,0.0,21.0,0.3284497062365214,0.19596874713897705,3.0105794270833335,0.25362159808476764,0.02008279909690221,-0.09870892763137817
124,1.0527967810000973,111.644672,1.1648741960525513,0.27939194440841675,0.032818425446748734,1.0751953125,0.09342557191848755,0.0,0.07804903388023376,0.0034093153662979603,0.1057535856962204,4.94870801048819e-06,4.2850703607655305e-07,0.0005376662593334913,0.00035612922511063516,0.00033264438388869166,1.2883906364440918,2.289546489715576,0.13478730618953705,0.0,25.0,0.0,0.0,25.0,0.0,25.0,0.32843561967213947,0.1885637491941452,3.0369873046875,0.25341176986694336,0.019869850327571232,-0.09875541925430298
125,1.1278431840000849,111.644672,1.1199429035186768,0.2865847945213318,0.02845604531466961,1.06640625,0.0890430435538292,0.0,0.07365599274635315,0.003298529190942645,0.0972900390625,4.889910087513272e-06,4.0547473645347054e-07,0.0005227099172770977,0.0003385246673133224,0.0003292202018201351,1.2837426662445068,2.475818634033203,0.12217237800359726,0.0,16.0,0.0,0.0,16.0,0.0,16.0,0.3282324473063151,0.18809829652309418,3.0500895182291665,0.25312785307566327,0.019622800250848133,-0.09905785322189331
126,1.129292951000025,111.644672,1.11701500415802,0.29143524169921875,0.03154105693101883,1.0556640625,0.0884295105934143,0.0,0.0715162381529808,0.003322850912809372,0.0927327498793602,4.8848460210138e-06,4.1232087255593797e-07,0.0005270700203254819,0.0003326442092657089,0.00034352781949564815,1.2896907329559326,2.684143543243408,0.13476133346557617,0.0,20.0,0.0,0.0,20.0,0.0,20.0,0.32760391632715863,0.18757732212543488,3.0487874348958335,0.2523433367411296,0.019612590471903484,-0.0990343689918518
127,1.0362536869999985,111.644672,1.1028873920440674,0.29426607489585876,0.03262239694595337,1.0498046875,0.0873846560716629,0.0,0.06584703922271729,0.0027065975591540337,0.0845947265625,4.769419774675043e-06,4.0800938450047397e-07,0.0005346918478608131,0.0003427240008022636,0.00033953363890759647,1.2813665866851807,2.8483595848083496,0.12439670413732529,0.0,12.0,0.0,0.0,12.0,0.0,12.0,0.32755450407663983,0.18813581764698029,3.0465901692708335,0.25216490030288696,0.01979289824763934,-0.09897845983505249
128,1.0463640150001083,111.644672,1.0923689603805542,0.3004114031791687,0.029445281252264977,1.0400390625,0.08596824109554291,0.0,0.0642070323228836,0.002638684120029211,0.0831705778837204,4.776899459102424e-06,4.3153085016456316e-07,0.00054017553338781,0.0003512706607580185,0.000337075674906373,1.301479458808899,3.0883560180664062,0.12135368585586548,0.0,12.0,0.0,0.0,12.0,0.0,12.0,0.3268358111381531,0.18858087062835693,3.0522054036458335,0.2518749038378398,0.019713745762904484,-0.09896856546401978
129,1.0330169339999884,111.644672,1.0786798000335693,0.30639392137527466,0.046983711421489716,1.0341796875,0.08427958935499191,0.0,0.06455215811729431,0.0028210512828081846,0.081787109375,4.797033398062922e-06,4.019364041596418e-07,0.0005176135455258191,0.0003341380215715617,0.0003217205812688917,1.3654078245162964,3.3484301567077637,0.10285647213459015,0.0,7.0,0.0,0.0,7.0,1.0,6.0,0.3260382612546285,0.15870773792266846,3.0418294270833335,0.2512974937756856,0.0197557732462883,-0.0989944338798523
130,1.0340922159998627,111.644672,1.0802273750305176,0.3134557008743286,0.0265999473631382,1.0283203125,0.08387742936611176,0.0,0.06522350013256073,0.0030566079076379538,0.0846761092543602,4.857431122218259e-06,4.265024813321361e-07,0.0005319443298503757,0.00034659888478927314,0.00032900500809773803,1.4142740964889526,3.6789004802703857,0.11527696251869202,0.0,11.0,0.0,0.0,11.0,0.0,11.0,0.32541775703430176,0.18203610181808472,3.0083414713541665,0.2504489024480184,0.019603390246629715,-0.09900170564651489
131,1.0279870400001982,111.644672,1.0886434316635132,0.32475560903549194,0.02882271446287632,1.0205078125,0.08453607559204102,0.0,0.06373760104179382,0.003039088100194931,0.0820719450712204,4.801283921551658e-06,4.5632822320840205e-07,0.0005542858270928264,0.0003664748219307512,0.00034677115036174655,1.440008521080017,4.010946750640869,0.13081145286560059,0.0,12.0,0.0,0.0,12.0,0.0,12.0,0.3250097632408142,0.17988526821136475,2.9747314453125,0.2502443194389343,0.019439011812210083,-0.09777790307998657
132,1.0231550850000986,111.644672,1.0759862661361694,0.34314680099487305,0.031743522733449936,1.0126953125,0.0829719752073288,0.0,0.06085439771413803,0.002723183948546648,0.0768229216337204,4.91547643832746e-06,4.326732323534088e-07,0.0005424427217803895,0.0003570537955965847,0.0003389437624718994,1.4143428802490234,4.301749229431152,0.13175860047340393,0.0,15.0,0.0,0.0,15.0,0.0,15.0,0.3248240351676941,0.17992371320724487,2.94384765625,0.2504236102104187,0.019346064577500027,-0.09765595197677612
133,1.1733597449999706,111.644672,1.079677939414978,0.3617863655090332,0.032606516033411026,1.005859375,0.08326259255409241,0.0,0.058855921030044556,0.002360803307965398,0.0719401091337204,4.986545718566049e-06,3.9890673519948905e-07,0.0005210288218222558,0.00034283107379451394,0.0003217609191779047,1.3988523483276367,4.572459697723389,0.1232416033744812,0.0,11.0,0.0,0.0,11.0,0.0,11.0,0.32429959376653034,0.18162375688552856,2.901611328125,0.250029981136322,0.01938030868768692,-0.09761840105056763
134,1.0295149609999044,111.644672,1.0940452814102173,0.3838973343372345,0.03806132823228836,1.00390625,0.0842462107539177,0.0,0.05748995393514633,0.001961375121027231,0.0695393905043602,5.071072791906772e-06,3.9022637565722107e-07,0.0005176979466341436,0.0003235659678466618,0.0003374165971763432,1.4170722961425781,4.8355302810668945,0.12460409104824066,0.0,8.0,0.0,0.0,8.0,0.0,8.0,0.3239528338114421,0.18404000997543335,2.8646647135416665,0.25010355313618976,0.019087928036848705,-0.09763902425765991
135,1.0157985270000154,111.644672,1.1262835264205933,0.4074721932411194,0.0423639751970768,0.9970703125,0.08677353709936142,0.0,0.05943169444799423,0.001975275808945298,0.0665283203125,5.258290002529975e-06,3.7594185187117546e-07,0.0005099645350128412,0.0003381617716513574,0.0003118650638498366,1.4766120910644531,5.117690563201904,0.11002425849437714,0.0,7.0,0.0,0.0,7.0,0.0,7.0,0.3234707514444987,0.18863052129745483,2.8043619791666665,0.24978220462799072,0.01869361350933711,-0.09754341840744019
136,1.103800357999944,111.644672,1.1968343257904053,0.42733943462371826,0.045141614973545074,0.9912109375,0.09298683702945709,0.0,0.06299556791782379,0.0022461675107479095,0.0691731795668602,5.389901161834132e-06,3.8722518524991756e-07,0.0005167420022189617,0.00034793358645401895,0.00030696645262651145,1.594870924949646,5.28894567489624,0.12833796441555023,0.0,10.0,0.0,0.0,10.0,0.0,10.0,0.32273467381795246,0.1870853155851364,2.7273763020833335,0.24918478727340698,0.01858863855401675,-0.09750276803970337
137,1.1200514839999869,111.644672,1.2659928798675537,0.4424464702606201,0.04634019359946251,0.9833984375,0.0996023640036583,0.0,0.063460573554039,0.002055050805211067,0.0753987655043602,5.602446435659658e-06,4.087909246663912e-07,0.0005282486090436578,0.0003542591293808073,0.0003116688458248973,1.7135652303695679,5.268298625946045,0.11356105655431747,0.0,10.0,0.0,0.0,10.0,0.0,10.0,0.3222850759824117,0.18292666971683502,2.676513671875,0.24862337112426758,0.018450308591127396,-0.09908205270767212
138,1.0746285170000647,111.644672,1.366860032081604,0.4504640996456146,0.04905503988265991,0.9814453125,0.1091393530368805,0.0,0.06604287028312683,0.002361692488193512,0.077880859375,5.7570573517296e-06,4.4125201270617254e-07,0.0005537946708500385,0.0003801033308263868,0.00031518968171440065,1.7684290409088135,5.17965841293335,0.11531735956668854,0.0,9.0,0.0,0.0,9.0,0.0,9.0,0.32170190413792926,0.1789427250623703,2.654052734375,0.24785592158635458,0.01802377278606097,-0.09903818368911743
139,1.0654174569999668,111.644672,1.448315978050232,0.45518478751182556,0.041302260011434555,0.9765625,0.11683248728513718,0.0,0.06846804171800613,0.002389089670032263,0.0774332731962204,5.898835297557525e-06,4.387761691759806e-07,0.0005632082466036081,0.0003803903819061816,0.00032470966107212007,1.847464919090271,5.105471611022949,0.11524985730648041,0.0,11.0,0.0,0.0,11.0,0.0,11.0,0.3216513196627299,0.1768975406885147,2.6224772135416665,0.2475827137629191,0.018029278765122097,-0.09890609979629517
140,1.160330174999899,111.644672,1.5596287250518799,0.45270949602127075,0.03921940550208092,0.9697265625,0.12734569609165192,0.0,0.07215207815170288,0.0026544544380158186,0.0803629606962204,6.026914888934698e-06,4.356014642326045e-07,0.000562513479962945,0.00037395558319985867,0.00033356354106217623,2.0182814598083496,5.024624824523926,0.13057594001293182,0.0,12.0,0.0,0.0,12.0,0.0,12.0,0.32155460119247437,0.17605192959308624,2.5780843098958335,0.2476866046587626,0.018050714085499447,-0.09884649515151978
141,1.09562973900006,111.644672,1.635547399520874,0.45223498344421387,0.03386125713586807,0.9609375,0.13477858901023865,0.0,0.07248134911060333,0.002402090933173895,0.0784098356962204,6.083020707592368e-06,4.235980668454431e-07,0.0005524051957763731,0.0003601379576139152,0.0003354028449393809,2.2063145637512207,4.984591484069824,0.13584750890731812,0.0,15.0,0.0,0.0,15.0,0.0,15.0,0.3224121332168579,0.17377348244190216,2.5434163411458335,0.2483510971069336,0.01830440138777097,-0.09884887933731079
142,1.029104795999956,111.644672,1.6991770267486572,0.4545595049858093,0.031114567071199417,0.9521484375,0.1407594531774521,0.0,0.07677106559276581,0.002296913182362914,0.084228515625,6.226873665582389e-06,3.9706864640720596e-07,0.0005319300107657909,0.00034818396670743823,0.0003203520318493247,2.357313632965088,4.8929243087768555,0.1279790848493576,0.0,13.0,0.0,0.0,13.0,0.0,13.0,0.32200056314468384,0.1718689650297165,2.5099690755208335,0.24810616175333658,0.017989661544561386,-0.09883385896682739
143,1.0167458290000013,111.644672,1.7660776376724243,0.4539622962474823,0.03774220123887062,0.9501953125,0.14711305499076843,0.0,0.08266255259513855,0.0023080692626535892,0.0884196013212204,6.384170319506666e-06,4.104873028154543e-07,0.0005410392768681049,0.00035030103754252195,0.00032820747583173215,2.4872074127197266,4.7067084312438965,0.11614812910556793,0.0,6.0,0.0,0.0,6.0,0.0,6.0,0.3209417263666789,0.17188094556331635,2.4759114583333335,0.24738154808680216,0.017576246211926144,-0.09902983903884888
144,1.0193964780000897,111.644672,1.8274482488632202,0.44635260105133057,0.03252170979976654,0.939453125,0.15224185585975647,0.0,0.09148480743169785,0.002657463774085045,0.0919596403837204,6.5963445194938686e-06,4.2759194229802233e-07,0.0005510285845957696,0.000347531633451581,0.0003474690893199295,2.603785991668701,4.594882488250732,0.13856087625026703,0.0,13.0,0.0,0.0,13.0,0.0,13.0,0.3197698990503947,0.17282621562480927,2.4495849609375,0.24622311194737753,0.017490456501642864,-0.09891241788864136
145,0.9925122849999752,111.644672,1.8616645336151123,0.44560566544532776,0.0267751757055521,0.9365234375,0.15479832887649536,0.0,0.09849131107330322,0.0024608068633824587,0.0943196639418602,6.791013220208697e-06,4.186505293546361e-07,0.0005441955872811377,0.0003437942359596491,0.0003441399603616446,2.7684972286224365,4.591084003448486,0.1491587609052658,0.0,11.0,0.0,0.0,11.0,0.0,11.0,0.31885290145874023,0.17635707557201385,2.4276123046875,0.24503580729166666,0.01763138920068741,-0.09873241186141968
146,1.100768483000138,111.644672,1.8687175512313843,0.44665706157684326,0.0284440778195858,0.927734375,0.15390804409980774,0.0,0.11123436689376831,0.00283980555832386,0.1073811873793602,7.0826745286467485e-06,4.3479019495862303e-07,0.0005503479624167085,0.00035655935062095523,0.00034390506334602833,2.990666151046753,4.516819953918457,0.1654234528541565,0.0,16.0,0.0,0.0,16.0,0.0,16.0,0.3172261714935303,0.18136610090732574,2.3824462890625,0.2431734005610148,0.01762246588865916,-0.09858542680740356
147,1.1213967020000837,111.644672,1.9677621126174927,0.4249799847602844,0.024943016469478607,0.9208984375,0.1632450520992279,0.0,0.12146924436092377,0.0027505806647241116,0.1183268278837204,7.101118171704002e-06,4.6821656951578916e-07,0.0005741719505749643,0.0003821403661277145,0.00035019879578612745,3.106660842895508,4.410547256469727,0.17485658824443817,0.0,14.0,0.0,0.0,14.0,0.0,14.0,0.3163793087005615,0.18207789957523346,2.3100992838541665,0.24226697285970053,0.017705573389927547,-0.09921932220458984
148,1.17607615299994,111.644672,2.099349021911621,0.39277440309524536,0.020020917057991028,0.9130859375,0.1755484789609909,0.0,0.13587746024131775,0.0031708385795354843,0.1464436948299408,7.088757683959557e-06,4.869368694926379e-07,0.0005859014927409589,0.00039110713987611234,0.000354048766894266,3.260963201522827,4.267706871032715,0.18113768100738525,0.0,19.0,0.0,0.0,19.0,0.0,19.0,0.3157053589820862,0.1778201311826706,2.2542724609375,0.24141542116800943,0.017913542687892914,-0.09928935766220093
149,1.020295767999869,111.644672,2.2188186645507812,0.35966646671295166,0.019950712099671364,0.8974609375,0.1866941899061203,0.0,0.15201567113399506,0.0037996917963027954,0.1868489682674408,7.001031917752698e-06,4.708910523731902e-07,0.0005814303294755518,0.0003864190948661417,0.00035337050212547183,3.520709991455078,4.065798759460449,0.1861134022474289,0.0,20.0,0.0,0.0,20.0,0.0,20.0,0.31561054786046344,0.17457349598407745,2.2133382161458335,0.24076255162556967,0.018248928089936573,-0.09923231601715088
150,1.0883848200001012,111.644672,2.250426769256592,0.33508914709091187,0.02027583308517933,0.8740234375,0.18885748088359833,0.0,0.16685667634010315,0.004835988860577345,0.2183024138212204,6.918889539520023e-06,4.941134079672338e-07,0.000593986245803535,0.00039646890945732594,0.0003580483025871217,3.5501537322998047,3.873617172241211,0.24072878062725067,0.0,40.0,0.0,0.0,40.0,0.0,40.0,0.31502461433410645,0.19097864627838135,2.2220052083333335,0.24015925327936807,0.018285207450389862,-0.09759539365768433
151,1.0406744580000122,111.644672,2.237494468688965,0.3128942847251892,0.020072247833013535,0.85546875,0.18797115981578827,0.0,0.1727157086133957,0.005425133742392063,0.2299397885799408,6.823921921750298e-06,5.109885705678607e-07,0.0006043995381332934,0.0004018931067548692,0.00036834372440353036,3.397203207015991,3.666971206665039,0.23183774948120117,0.0,37.0,0.0,0.0,37.0,0.0,37.0,0.31461163361867267,0.1860852837562561,2.2720133463541665,0.23977025349934897,0.018160610149304073,-0.09895521402359009
152,1.02960635799991,111.644672,2.247932195663452,0.28998005390167236,0.020599734038114548,0.8388671875,0.18966972827911377,0.0,0.17424635589122772,0.006016070023179054,0.2421875,6.6514180616650265e-06,4.976207605977834e-07,0.0005919556133449078,0.0003866144397761673,0.00036786316195502877,3.1455142498016357,3.501253128051758,0.25206243991851807,0.0,53.0,0.0,0.0,53.0,0.0,53.0,0.3154449462890625,0.19028019905090332,2.3075764973958335,0.24053160349527994,0.01813860610127449,-0.09893566370010376
153,1.046508360999951,111.644672,2.2159910202026367,0.2739101052284241,0.024607837200164795,0.8154296875,0.18745744228363037,0.0,0.17234104871749878,0.00661391532048583,0.244140625,6.586017661902588e-06,4.913227940051001e-07,0.0005852300673723221,0.0003829249762929976,0.00035861757351085544,2.9114603996276855,3.3770103454589844,0.21504011750221252,0.0,51.0,0.0,0.0,51.0,0.0,51.0,0.31575365861256915,0.1914048194885254,2.3590901692708335,0.24136426051457724,0.018133567025264103,-0.09889012575149536
154,1.0544498480001039,111.644672,2.170372247695923,0.2601078748703003,0.023239389061927795,0.7958984375,0.18399667739868164,0.0,0.16536682844161987,0.006670703180134296,0.2368571013212204,6.386371296684956e-06,4.7516061840724433e-07,0.0005879316013306379,0.0004048021219205111,0.00034312214120291173,2.648634672164917,3.2496871948242188,0.22793102264404297,0.0,49.0,0.0,0.0,49.0,0.0,49.0,0.3165932099024455,0.19077980518341064,2.4160563151041665,0.2433059016863505,0.018180225044488907,-0.09882146120071411
155,1.0178772000001572,111.644672,2.108902931213379,0.2542100250720978,0.022845860570669174,0.771484375,0.17869269847869873,0.0,0.16213683784008026,0.007550232112407684,0.2377522885799408,6.3340085034724325e-06,4.4572055912794895e-07,0.0005660326569341123,0.0003913119435310364,0.00032596869277767837,2.496087074279785,3.0958752632141113,0.2079755961894989,0.0,49.0,0.0,0.0,49.0,0.0,49.0,0.31747172276179,0.1897594928741455,2.4770100911458335,0.24407857656478882,0.018293431649605434,-0.09760242700576782
156,1.04059112799996,111.644672,1.9874367713928223,0.25735509395599365,0.022123226895928383,0.7529296875,0.1677810400724411,0.0,0.15067368745803833,0.007431432604789734,0.2172444760799408,6.243354619073216e-06,4.166180076481396e-07,0.000531413999851793,0.0003600616182666272,0.00031381825101561844,2.2614097595214844,2.8710837364196777,0.21696028113365173,0.0,49.0,0.0,0.0,49.0,0.0,49.0,0.3185384472211202,0.18633264303207397,2.5388997395833335,0.24526512622833252,0.018364739914735157,-0.09750694036483765
157,1.1799944249999044,111.644672,1.8492109775543213,0.26633337140083313,0.02593308687210083,0.7392578125,0.1554410457611084,0.0,0.1403384655714035,0.007231410592794418,0.2001139372587204,5.983234132145299e-06,4.0488862396159675e-07,0.0005261264741420746,0.0003518957819323987,0.0003198315971530974,2.0555219650268555,2.633384943008423,0.21833071112632751,0.0,43.0,0.0,0.0,43.0,0.0,43.0,0.3191623290379842,0.18414664268493652,2.6039225260416665,0.24638744195302328,0.01829599340756734,-0.09716778993606567
158,1.116774243000009,111.644672,1.724195122718811,0.2721351981163025,0.019506514072418213,0.71484375,0.14450564980506897,0.0,0.12598590552806854,0.006762090139091015,0.1746419370174408,5.677285571437096e-06,4.0924518884821737e-07,0.0005340292118489742,0.00034696582588367164,0.0003347987658344209,1.8466339111328125,2.4925079345703125,0.21384380757808685,0.0,48.0,0.0,0.0,48.0,0.0,48.0,0.319656769434611,0.19361072778701782,2.670654296875,0.24768064419428507,0.018616178383429844,-0.09732204675674438
159,1.0868177410000044,111.644672,1.5984270572662354,0.2802494764328003,0.023916231468319893,0.6953125,0.13379651308059692,0.0,0.1086362823843956,0.005337034817785025,0.14892578125,5.488991064339643e-06,4.0544006196796545e-07,0.000534368387889117,0.0003350982442498207,0.0003431567456573248,1.6826210021972656,2.404998302459717,0.1906011402606964,0.0,43.0,0.0,0.0,43.0,0.0,43.0,0.3210590680440267,0.19086802005767822,2.7281087239583335,0.24893339474995932,0.018957652151584625,-0.09723061323165894
160,1.1564126890000352,111.644672,1.485323190689087,0.2920842170715332,0.030986476689577103,0.68359375,0.12367447465658188,0.0,0.09805189073085785,0.004593710880726576,0.1338704526424408,5.374369720811956e-06,3.727490707206016e-07,0.0005156330298632383,0.0003284590784460306,0.0003258849901612848,1.6034650802612305,2.3501250743865967,0.16893315315246582,0.0,32.0,0.0,0.0,32.0,0.0,32.0,0.3220382332801819,0.1960238218307495,2.7713216145833335,0.24945805470148721,0.019131225844224293,-0.09711247682571411
161,1.1398317000000588,111.644672,1.369523286819458,0.3089037537574768,0.025479482486844063,0.6728515625,0.11284717172384262,0.0,0.0908435508608818,0.004277724772691727,0.1207275390625,5.230428541835863e-06,3.5206036841373134e-07,0.0005033903289586306,0.0003219075151719153,0.00031708573806099594,1.5296058654785156,2.301943778991699,0.1679881513118744,0.0,25.0,0.0,0.0,25.0,0.0,25.0,0.32285362482070923,0.18941926956176758,2.8058675130208335,0.2502549688021342,0.01911470542351405,-0.09703892469406128
162,1.1040205050001077,111.644672,1.2562358379364014,0.3233916163444519,0.019463881850242615,0.6650390625,0.1026102602481842,0.0,0.08122406154870987,0.003277333453297615,0.1112467497587204,5.065609911980573e-06,3.297293460491346e-07,0.0004920986830256879,0.0003024832985829562,0.000318833946948871,1.4234598875045776,2.2212626934051514,0.1427030861377716,0.0,25.0,0.0,0.0,25.0,0.0,25.0,0.32376108566919964,0.1885039210319519,2.8470052083333335,0.2514690160751343,0.019419295092423756,-0.09715944528579712
163,1.1336548829999629,111.644672,1.144278645515442,0.3418393135070801,0.03609493374824524,0.6572265625,0.09178023040294647,0.0,0.0763852521777153,0.0029890923760831356,0.1078694686293602,5.087814315629657e-06,3.079586292642489e-07,0.00047366783837787807,0.0002947754110209644,0.0003037441929336637,1.3788766860961914,2.1779301166534424,0.1414089798927307,0.0,19.0,0.0,0.0,19.0,0.0,19.0,0.3242388765017192,0.1887415051460266,2.8521321614583335,0.25197980801264447,0.01924831544359525,-0.09739130735397339
164,1.0337730460000785,111.644672,1.0737892389297485,0.35467761754989624,0.019411228597164154,0.6513671875,0.08509057760238647,0.0,0.07165005058050156,0.002648182911798358,0.0983479842543602,5.095742380945012e-06,3.0999842692835955e-07,0.0004722385201603174,0.0002924176515080035,0.00030095558031462133,1.3867335319519043,2.176300048828125,0.12198731303215027,0.0,19.0,0.0,0.0,19.0,0.0,19.0,0.3244319756825765,0.19009989500045776,2.87744140625,0.2524518569310506,0.019292524705330532,-0.09763079881668091
165,1.0981341110000358,111.644672,1.0448848009109497,0.3644564151763916,0.019766204059123993,0.6435546875,0.08203457295894623,0.0,0.06919549405574799,0.002623442094773054,0.0922037810087204,5.107513970870059e-06,3.0691609254063223e-07,0.0004671405185945332,0.0002926923334598541,0.00029971529147587717,1.434240698814392,2.2426962852478027,0.13084611296653748,0.0,12.0,0.0,0.0,12.0,0.0,12.0,0.3246618111928304,0.1928446888923645,2.894287109375,0.25298112630844116,0.01915568858385086,-0.09786242246627808
166,1.13356775200009,111.644672,1.0459688901901245,0.3708314299583435,0.028596678748726845,0.634765625,0.0822107195854187,0.0,0.06750139594078064,0.0027853797655552626,0.0846354216337204,5.066120593255619e-06,3.107646193711844e-07,0.0004629140894394368,0.00029115163488313556,0.0003010258951690048,1.4743878841400146,2.3589015007019043,0.11779101938009262,0.0,16.0,0.0,0.0,16.0,0.0,16.0,0.32508814334869385,0.1920272707939148,2.889404296875,0.2534334858258565,0.018938183784484863,-0.09808224439620972
167,1.0139656310000191,111.644672,1.0533154010772705,0.3783577084541321,0.020759591832756996,0.630859375,0.08261003345251083,0.0,0.06572720408439636,0.0027683060616254807,0.0809326171875,5.110096026328392e-06,3.242532784497598e-07,0.000473831023555249,0.00029978848760947585,0.00030722725205123425,1.526468276977539,2.480250358581543,0.12412548065185547,0.0,12.0,0.0,0.0,12.0,0.0,12.0,0.32535086075464886,0.1921675205230713,2.8981119791666665,0.2540445526440938,0.01885302613178889,-0.0981336236000061
168,1.0247870850000709,111.644672,1.0705317258834839,0.38388943672180176,0.02066788636147976,0.6240234375,0.08380868285894394,0.0,0.06500043720006943,0.0027212235145270824,0.0780029296875,5.249155492492719e-06,3.278018425589835e-07,0.0004725747276097536,0.00031095437589101493,0.00029368570540100336,1.5436633825302124,2.6133904457092285,0.12156956642866135,0.0,13.0,0.0,0.0,13.0,0.0,13.0,0.3250981370608012,0.19524359703063965,2.8953450520833335,0.2541525363922119,0.01878332595030467,-0.09742814302444458
169,1.0081219900000633,111.644672,1.085942029953003,0.3872983753681183,0.016395026817917824,0.623046875,0.08497511595487595,0.0,0.0635635182261467,0.002473205793648958,0.0767822265625,5.310923370416276e-06,3.21413324400055e-07,0.0004614174831658602,0.0003076721332035959,0.00028011665563099086,1.5412845611572266,2.7390830516815186,0.12497520446777344,0.0,8.0,0.0,0.0,8.0,0.0,8.0,0.3249322175979614,0.19626176357269287,2.8819580078125,0.254084845383962,0.018866055955489475,-0.09781008958816528
170,1.0234117620000234,111.644672,1.120489478111267,0.3851870000362396,0.018776947632431984,0.6162109375,0.08803647756576538,0.0,0.06316002458333969,0.002527959179133177,0.0746256560087204,5.374647116695996e-06,3.385503930530831e-07,0.00047718524001538754,0.0003149219846818596,0.0002941689162980765,1.59187912940979,2.8591175079345703,0.13899266719818115,0.0,15.0,0.0,0.0,15.0,0.0,15.0,0.3244664470354716,0.19493359327316284,2.8671875,0.2538558840751648,0.01886487379670143,-0.09801751375198364
171,1.0171872569999323,111.644672,1.1481263637542725,0.38303011655807495,0.019127288833260536,0.611328125,0.09077255427837372,0.0,0.05906231328845024,0.0019534281454980373,0.0673014372587204,5.440040240500821e-06,3.297856778772257e-07,0.00047212987556122243,0.00032263476168736815,0.00028065877268090844,1.5631787776947021,2.9604711532592773,0.1379649043083191,0.0,12.0,0.0,0.0,12.0,0.0,12.0,0.32405640681584674,0.1948620080947876,2.8666585286458335,0.2541056474049886,0.018819188078244526,-0.097964346408844
172,1.0594734639998933,111.644672,1.1623555421829224,0.38515031337738037,0.021203501150012016,0.6083984375,0.09168460965156555,0.0,0.0584087073802948,0.0017209830693900585,0.0643717497587204,5.597398740064818e-06,3.4309468333049153e-07,0.0004748505016323179,0.0003258786746300757,0.00027813747874461114,1.5384414196014404,3.1118850708007812,0.15387237071990967,0.0,9.0,0.0,0.0,9.0,0.0,9.0,0.3233289321263631,0.19404339790344238,2.8784993489583335,0.2536533872286479,0.01893636832634608,-0.09796124696731567
173,1.05968830300003,111.644672,1.1848669052124023,0.38542354106903076,0.021380648016929626,0.60546875,0.09373171627521515,0.0,0.059324126690626144,0.0017499197274446487,0.0641682967543602,5.716501618735492e-06,3.6517639045996475e-07,0.0004896362079307437,0.00034166008117608726,0.0002823920513037592,1.5779643058776855,3.269230842590332,0.1385861039161682,0.0,6.0,0.0,0.0,6.0,0.0,6.0,0.3226513663927714,0.19156664609909058,2.8613688151041665,0.25304587682088214,0.018949348479509354,-0.09800392389297485
174,1.0879920380000385,111.644672,1.2177364826202393,0.3819987177848816,0.020218510180711746,0.6025390625,0.09637825191020966,0.0,0.062384333461523056,0.0018361968686804175,0.0693766325712204,5.755525307904463e-06,3.8182361095095985e-07,0.0005043163546361029,0.0003464055189397186,0.0002972928050439805,1.583728551864624,3.3972060680389404,0.15352730453014374,0.0,8.0,0.0,0.0,8.0,0.0,8.0,0.3218047420183818,0.18959659337997437,2.8277587890625,0.25242531299591064,0.01897944261630376,-0.09805375337600708
175,1.1953325399999812,111.644672,1.2419896125793457,0.378449410200119,0.023529130965471268,0.6025390625,0.09850995242595673,0.0,0.06492411345243454,0.0018023567972704768,0.0723470076918602,5.843386588821886e-06,3.654002398434386e-07,0.0004959634970873594,0.0003413073718547821,0.00028754581580869853,1.5476980209350586,3.508679151535034,0.1500946283340454,0.0,7.0,0.0,0.0,7.0,0.0,7.0,0.32142223914464313,0.18612658977508545,2.8011881510416665,0.25175899267196655,0.019031820197900135,-0.09811371564865112
176,1.0522649659999388,111.644672,1.2570570707321167,0.3756362795829773,0.018083248287439346,0.599609375,0.0996423214673996,0.0,0.06854551285505295,0.0019095292082056403,0.075439453125,5.9694202718674205e-06,3.7182815049163764e-07,0.0004984750412404537,0.0003389134944882244,0.0002921795821748674,1.5677649974822998,3.6244313716888428,0.1512523591518402,0.0,6.0,0.0,0.0,6.0,0.0,6.0,0.32099034388860065,0.18836963176727295,2.7758382161458335,0.2515471975008647,0.01900503660241763,-0.09818631410598755
177,1.066867689999981,111.644672,1.2925128936767578,0.3715863823890686,0.02019789069890976,0.5966796875,0.10246827453374863,0.0,0.0746825784444809,0.0025758896954357624,0.0834147185087204,6.027611561876256e-06,3.708072142671881e-07,0.0005014725611545146,0.00034630356822162867,0.0002892644261009991,1.6443555355072021,3.7581095695495605,0.16995516419410706,0.0,8.0,0.0,0.0,8.0,0.0,8.0,0.3205024003982544,0.1916649341583252,2.7269287109375,0.25104280312856037,0.01896151527762413,-0.09824949502944946
178,1.0939098359999662,111.644672,1.3446787595748901,0.36747583746910095,0.01740054227411747,0.58984375,0.10748791694641113,0.0,0.07630490511655807,0.0028562142979353666,0.0880126953125,6.034110811015125e-06,3.839629414414958e-07,0.0005128412740305066,0.00035235844552516937,0.0002995670074597001,1.6378066539764404,3.901768207550049,0.1728188693523407,0.0,14.0,0.0,0.0,14.0,0.0,14.0,0.3204899827639262,0.1958056092262268,2.7030436197916665,0.2510632872581482,0.018837058295806248,-0.09833425283432007
179,1.0812460569998166,111.644672,1.3934218883514404,0.36392372846603394,0.018258092924952507,0.5830078125,0.11216281354427338,0.0,0.07680100202560425,0.0027509506326168776,0.0870361328125,6.0965212469454855e-06,3.7929180507489946e-07,0.000503475428558886,0.00033492554211989045,0.0003078404115512967,1.671583890914917,3.984556198120117,0.17999595403671265,0.0,15.0,0.0,0.0,15.0,0.0,15.0,0.3202930490175883,0.19413405656814575,2.6715087890625,0.2511836290359497,0.01893942306439082,-0.09834975004196167
180,1.0307827980000184,111.644672,1.4252002239227295,0.358274906873703,0.015822237357497215,0.580078125,0.1153278797864914,0.0,0.07812317460775375,0.002819451969116926,0.0899658203125,6.126283551566303e-06,3.6968242511647986e-07,0.0004928495618514717,0.00031986809335649014,0.0003078378504142165,1.6894664764404297,4.076344966888428,0.16619105637073517,0.0,10.0,0.0,0.0,10.0,0.0,10.0,0.3203681508700053,0.19337230920791626,2.6523030598958335,0.2517025868097941,0.019003763794898987,-0.09762293100357056
181,1.0345871759998317,111.644672,1.4626981019973755,0.35351693630218506,0.015720678493380547,0.5751953125,0.1183464378118515,0.0,0.08112838864326477,0.0034147766418755054,0.09521484375,6.192669388838112e-06,3.6627506005970645e-07,0.0004880610795225948,0.00031257857335731387,0.0003088903031311929,1.683071494102478,4.241143703460693,0.1999848484992981,0.0,16.0,0.0,0.0,16.0,0.0,16.0,0.3207649389902751,0.1771758794784546,2.6444498697916665,0.2518989642461141,0.018868647515773773,-0.09834486246109009
182,1.0372184069999548,111.644672,1.446073055267334,0.35704028606414795,0.016268573701381683,0.568359375,0.1170039027929306,0.0,0.0805501937866211,0.0033912435173988342,0.0928141325712204,6.1593723330588546e-06,3.683785223529412e-07,0.0004847354721277952,0.0003208301495760679,0.00029877881752327085,1.650838851928711,4.24256706237793,0.1807078719139099,0.0,18.0,0.0,0.0,18.0,0.0,18.0,0.3210768699645996,0.17618830502033234,2.6274820963541665,0.25212077299753827,0.018884003162384033,-0.09815293550491333
183,1.0300113129999318,111.644672,1.4130879640579224,0.3634790778160095,0.01730392687022686,0.5673828125,0.11395329236984253,0.0,0.07827132940292358,0.0029232241213321686,0.0902099609375,6.105191459937487e-06,3.8804463997621497e-07,0.0005018373485654593,0.00032990900217555463,0.0003074236446991563,1.6848068237304688,4.123380661010742,0.18758776783943176,0.0,13.0,0.0,0.0,13.0,0.0,13.0,0.3210981488227844,0.1767200380563736,2.6330159505208335,0.25237520535786945,0.018804386258125305,-0.09790951013565063
184,1.141028272999847,111.644672,1.387737512588501,0.3716275691986084,0.02399587817490101,0.5634765625,0.11133092641830444,0.0,0.07824781537055969,0.002949817106127739,0.0907389372587204,6.209343609953066e-06,3.733506162006961e-07,0.0004906122339889407,0.0003224439569748938,0.0003045170451514423,1.7462228536605835,4.105354309082031,0.17856739461421967,0.0,16.0,0.0,0.0,16.0,0.0,16.0,0.320779283841451,0.1791083812713623,2.6532389322916665,0.25213972727457684,0.018790575365225475,-0.0977523922920227
185,1.0751775639998868,111.644672,1.3893784284591675,0.3750344514846802,0.02861064486205578,0.5625,0.11110448092222214,0.0,0.07923378050327301,0.0027722446247935295,0.0958251953125,6.334237696137279e-06,3.693365613344213e-07,0.00048478980897925794,0.00031538051553070545,0.0003063651965931058,1.7735300064086914,4.148000717163086,0.18119999766349792,0.0,7.0,0.0,0.0,7.0,0.0,7.0,0.3203033208847046,0.18313510715961456,2.6690266927083335,0.2515376806259155,0.01887701079249382,-0.09769588708877563
186,1.0368308279998928,111.644672,1.4208961725234985,0.37300246953964233,0.019902072846889496,0.5546875,0.11368940770626068,0.0,0.08155197650194168,0.003302804660052061,0.09716796875,6.359498911479022e-06,3.6817664295085706e-07,0.0004910683492198586,0.00031733751529827714,0.0003088015946559608,1.8824381828308105,4.200629234313965,0.20243553817272186,0.0,16.0,0.0,0.0,16.0,0.0,16.0,0.3202319343884786,0.19142013788223267,2.6687825520833335,0.2512007753054301,0.019012416402498882,-0.09772545099258423
187,1.0473281100000804,111.644672,1.4231477975845337,0.3710167407989502,0.01958671770989895,0.548828125,0.11405913531780243,0.0,0.08083417266607285,0.003455457277595997,0.0929362028837204,6.284078608587151e-06,3.6670115832748706e-07,0.0004997591022402048,0.0003275514463894069,0.000308846530970186,1.9345371723175049,4.089526653289795,0.20131491124629974,0.0,17.0,0.0,0.0,17.0,0.0,17.0,0.32052455345789593,0.18950122594833374,2.6747233072916665,0.2517499327659607,0.018968974550565083,-0.09788495302200317
188,1.047521912999855,111.644672,1.3954899311065674,0.36734408140182495,0.01987377554178238,0.54296875,0.11187960207462311,0.0,0.07812659442424774,0.003066001459956169,0.0911458358168602,6.30866543360753e-06,3.5989225466437347e-07,0.0004999478696845472,0.000331612303853035,0.0003048432990908623,1.8631031513214111,3.8811378479003906,0.18470117449760437,0.0,13.0,0.0,0.0,13.0,0.0,13.0,0.320920725663503,0.18965566158294678,2.6894124348958335,0.25193188587824505,0.01895541821916898,-0.09779912233352661
189,1.0127641369999765,111.644672,1.370630145072937,0.3651668131351471,0.016252733767032623,0.541015625,0.109494149684906,0.0,0.07906629145145416,0.0032319072633981705,0.0949300155043602,6.385836059052963e-06,3.3389682130291476e-07,0.00047908478882163763,0.0003166181268170476,0.00029355642618611455,1.818270206451416,3.709441661834717,0.18984290957450867,0.0,15.0,0.0,0.0,15.0,0.0,15.0,0.32115111748377484,0.1908433437347412,2.6961263020833335,0.25183554490407306,0.018788740038871765,-0.09780889749526978
190,1.02354566300005,111.644672,1.3442000150680542,0.35927078127861023,0.015925897285342216,0.537109375,0.1071992963552475,0.0,0.07605445384979248,0.002642844570800662,0.0931803435087204,6.432464488170808e-06,3.3495587103971047e-07,0.00047784726484678686,0.00031628209399059415,0.00029278892907314,1.795743703842163,3.4750897884368896,0.18618687987327576,0.0,15.0,0.0,0.0,15.0,0.0,15.0,0.32135693232218426,0.19113999605178833,2.7008870442708335,0.25202832619349164,0.01885433743397395,-0.09788233041763306
191,1.0156943120000506,111.644672,1.340566873550415,0.351692795753479,0.013035839423537254,0.5322265625,0.10677041858434677,0.0,0.07605739682912827,0.0027242936193943024,0.093505859375,6.480247066065203e-06,3.5363478900762857e-07,0.0004819556779693812,0.00032205230672843754,0.0002916958765126765,1.745387077331543,3.3894805908203125,0.2033071219921112,0.0,16.0,0.0,0.0,16.0,0.0,16.0,0.3213079373041789,0.19035309553146362,2.7140299479166665,0.25193212429682416,0.01870276654760043,-0.09806913137435913
192,1.0204620540000633,111.644672,1.3112531900405884,0.35209572315216064,0.01743791624903679,0.5263671875,0.1042730063199997,0.0,0.0740472823381424,0.0026149905752390623,0.08740234375,6.442256562877446e-06,3.3367163609909767e-07,0.00046519743045791984,0.00031735189259052277,0.0002761424984782934,1.7117652893066406,3.3140628337860107,0.1972261369228363,0.0,14.0,0.0,0.0,14.0,0.0,14.0,0.32146022717158,0.19032138586044312,2.7110595703125,0.2517776091893514,0.018587491164604824,-0.09809118509292603
193,1.0096685249998245,111.644672,1.307241678237915,0.3446943163871765,0.01574225351214409,0.5205078125,0.10450520366430283,0.0,0.07139261811971664,0.0023466567508876324,0.085693359375,6.358863174682483e-06,3.3483124184385815e-07,0.0004667668545152992,0.0003173936565872282,0.0002766269608400762,1.6491363048553467,3.2246482372283936,0.18050861358642578,0.0,14.0,0.0,0.0,14.0,0.0,14.0,0.3217655618985494,0.1926124095916748,2.7551676432291665,0.2516365647315979,0.018434548129638035,-0.09735041856765747
194,1.0179763880000792,111.644672,1.2981513738632202,0.3425854444503784,0.025370273739099503,0.515625,0.10329438745975494,0.0,0.07351890951395035,0.002626910340040922,0.0869140625,6.462697911047144e-06,3.3096239349106327e-07,0.00046478910371661186,0.0003138624888379127,0.00027633478748612106,1.6353505849838257,3.143263578414917,0.18923203647136688,0.0,13.0,0.0,0.0,13.0,0.0,13.0,0.3219434420267741,0.19822421669960022,2.7898763020833335,0.2514929374059041,0.01853460321823756,-0.09811002016067505
195,1.019570597999973,111.644672,1.2782199382781982,0.33952978253364563,0.03305971994996071,0.5107421875,0.1012897714972496,0.0,0.0738629400730133,0.00260151457041502,0.0929768905043602,6.443635356845334e-06,3.3011778555191995e-07,0.0004648267640732229,0.00031149559072218835,0.0002805934345815331,1.6114673614501953,3.0581164360046387,0.19284872710704803,0.0,9.0,0.0,0.0,9.0,0.0,9.0,0.32248151302337646,0.1968148946762085,2.8027750651041665,0.2520953416824341,0.01866928239663442,-0.09797388315200806
196,1.0513862210000298,111.644672,1.2422698736190796,0.3437430262565613,0.01702645793557167,0.50390625,0.09801054000854492,0.0,0.07308448851108551,0.0027369658928364515,0.0947265625,6.337047580018407e-06,3.1623955010218197e-07,0.0004611346812453121,0.0003052480751648545,0.0002801971568260342,1.5448908805847168,2.9944448471069336,0.19768939912319183,0.0,19.0,0.0,0.0,19.0,0.0,19.0,0.32333072026570636,0.19711369276046753,2.81298828125,0.25304200251897174,0.01844426989555359,-0.09774833917617798
197,1.0063979300000483,111.644672,1.1808059215545654,0.3548673391342163,0.016864104196429253,0.498046875,0.09239664673805237,0.0,0.06909703463315964,0.002570351120084524,0.0889485701918602,6.267454409680795e-06,3.1167976999313396e-07,0.00045778145431540906,0.00030735155451111495,0.00027541021700017154,1.4723323583602905,2.9065723419189453,0.18537449836730957,0.0,20.0,0.0,0.0,20.0,0.0,20.0,0.32457250356674194,0.20040643215179443,2.8278401692708335,0.2546012004216512,0.018313929438591003,-0.09758597612380981
198,1.005582215000004,111.644672,1.1404104232788086,0.36736783385276794,0.018480321392416954,0.494140625,0.08853810280561447,0.0,0.06451855599880219,0.0022337203845381737,0.083251953125,6.308890078798868e-06,3.1116243803808175e-07,0.0004491765866987407,0.0003021352458745241,0.00026975106447935104,1.415308952331543,2.878629684448242,0.19867432117462158,0.0,18.0,0.0,0.0,18.0,0.0,18.0,0.32549575964609784,0.1929391622543335,2.8350016276041665,0.25552570819854736,0.018339989085992176,-0.0974699854850769
199,1.0168716430000586,111.644672,1.0890214443206787,0.3801051676273346,0.01820002682507038,0.48828125,0.08444049209356308,0.0,0.058772098273038864,0.0016041097696870565,0.0709635466337204,6.2687258832738735e-06,3.0780006454733666e-07,0.0004496077890507877,0.0002985709288623184,0.0002726702659856528,1.4119386672973633,2.8482208251953125,0.16671964526176453,0.0,17.0,0.0,0.0,17.0,0.0,17.0,0.32612476746241253,0.186390221118927,2.8352457682291665,0.2561005751291911,0.018552421281735103,-0.09738832712173462
200,0.9601649779999661,111.644672,1.06607985496521,0.3884301781654358,0.017830949276685715,0.486328125,0.08217479288578033,0.0,0.058699898421764374,0.0015513317193835974,0.0720621794462204,6.215755092853215e-06,3.0748773838240595e-07,0.0004556554486043751,0.0002943452273029834,0.00028243017732165754,1.417104721069336,2.8306968212127686,0.17566566169261932,0.0,7.0,0.0,0.0,7.0,0.0,7.0,0.32592904567718506,0.19767537713050842,2.8533935546875,0.25622793038686115,0.01862542952100436,-0.09764963388442993
201,0.9768403650000437,111.644672,1.0666288137435913,0.39080655574798584,0.019098563119769096,0.482421875,0.08224351704120636,0.0,0.06055968627333641,0.001923315692692995,0.0743408203125,6.159936219773954e-06,3.071086212003138e-07,0.0004573474288918078,0.00029189648921601474,0.00028669447056017816,1.4270999431610107,2.827669858932495,0.16492660343647003,0.0,11.0,0.0,0.0,11.0,0.0,11.0,0.32527222235997516,0.19659990072250366,2.8706868489583335,0.25580912828445435,0.01851560299595197,-0.09742528200149536
202,0.9716465270000754,111.644672,1.0531809329986572,0.38678401708602905,0.01661064103245735,0.478515625,0.08078557252883911,0.0,0.061323732137680054,0.002269649412482977,0.075439453125,6.2034791881160345e-06,2.9911473120591836e-07,0.0004484399687498808,0.0002860741806216538,0.00028263882268220186,1.4265555143356323,2.8172824382781982,0.1641225516796112,0.0,10.0,0.0,0.0,10.0,0.0,10.0,0.3246640165646871,0.19162023067474365,2.8548990885416665,0.2555473844210307,0.018412147959073383,-0.09741145372390747
203,0.9762285109998174,111.644672,1.0469964742660522,0.37584713101387024,0.017023257911205292,0.47265625,0.0800456702709198,0.0,0.06092417985200882,0.0023758690804243088,0.0752766951918602,6.195630703587085e-06,2.9539120305344113e-07,0.0004380959435366094,0.000290664320345968,0.00026478254585526884,1.4181770086288452,2.80774188041687,0.17341654002666473,0.0,15.0,0.0,0.0,15.0,0.0,15.0,0.3239697416623433,0.18948400020599365,2.843505859375,0.2551439007123311,0.018270354717969894,-0.09744316339492798
204,0.9794706960001349,111.644672,1.0503315925598145,0.3649231195449829,0.041939981281757355,0.4677734375,0.08053602278232574,0.0,0.05868455767631531,0.0020237616263329983,0.0710042342543602,6.19494585407665e-06,3.0552084240298427e-07,0.0004410340916365385,0.0003051711537409574,0.000253605714533478,1.439194917678833,2.8271071910858154,0.16470155119895935,0.0,11.0,0.0,0.0,11.0,0.0,11.0,0.3233267068862915,0.1898784339427948,2.8485514322916665,0.2548666795094808,0.018326570590337116,-0.09752172231674194
205,0.9698840459998337,111.644672,1.0892491340637207,0.350485622882843,0.029477404430508614,0.46484375,0.08441828936338425,0.0,0.05590100213885307,0.0018826359882950783,0.0665283203125,6.214150744199287e-06,3.123276997030189e-07,0.0004478756454773247,0.0003095064021181315,0.000255499966442585,1.4234247207641602,2.9620566368103027,0.17512497305870056,0.0,17.0,0.0,0.0,17.0,0.0,17.0,0.3231559793154399,0.1896095871925354,2.8501790364583335,0.254925012588501,0.01844699556628863,-0.0976291298866272
206,0.9699876790000417,111.644672,1.0630748271942139,0.34997135400772095,0.027670705690979958,0.4599609375,0.08229206502437592,0.0,0.05242099612951279,0.0017360843485221267,0.0640462264418602,6.085036147851497e-06,2.9179054195083154e-07,0.00043052606633864343,0.0002991991932503879,0.0002452534972690046,1.3882067203521729,3.0051543712615967,0.17205695807933807,0.0,14.0,0.0,0.0,14.0,0.0,14.0,0.3235710660616557,0.19137144088745117,2.8863932291666665,0.2555705706278483,0.018262919038534164,-0.09765845537185669
207,1.1362636669998665,111.644672,1.0329645872116089,0.35836130380630493,0.02735370583832264,0.4580078125,0.07962846010923386,0.0,0.04955413192510605,0.0016037409659475088,0.0582682304084301,6.092646799515933e-06,2.826885179274541e-07,0.00042032182682305574,0.0002882546978071332,0.00024320080410689116,1.3515911102294922,3.0414397716522217,0.15051236748695374,0.0,10.0,0.0,0.0,10.0,0.0,10.0,0.32396332422892254,0.19162797927856445,2.8653971354166665,0.2563798824946086,0.01808811475833257,-0.09745818376541138
208,0.9914874399999007,111.644672,1.044379711151123,0.37283432483673096,0.029658298939466476,0.4560546875,0.08064552396535873,0.0,0.048734039068222046,0.001635894412174821,0.0540771484375,6.165098511701217e-06,2.809689760852052e-07,0.000415914662880823,0.00028630311135202646,0.00023988477187231183,1.3034578561782837,3.1332778930664062,0.15149074792861938,0.0,7.0,0.0,0.0,7.0,0.0,7.0,0.32466938098271686,0.19389712810516357,2.8248697916666665,0.25750287373860675,0.017864276965459187,-0.09717565774917603
209,0.9751129689998379,111.644672,1.0294041633605957,0.39933016896247864,0.041359998285770416,0.451171875,0.07910951972007751,0.0,0.046070899814367294,0.0012018757406622171,0.0500081405043602,6.27910185357905e-06,2.651496231464989e-07,0.00040561897912994027,0.0002837151405401528,0.00023066284484229982,1.2765662670135498,3.204573631286621,0.1582350730895996,0.0,11.0,0.0,0.0,11.0,0.0,11.0,0.3252527316411336,0.1954280138015747,2.827392578125,0.2584741512934367,0.017909048746029537,-0.09760338068008423
210,0.9519824960000278,111.644672,1.0534014701843262,0.42359334230422974,0.08238157629966736,0.44921875,0.08101020753383636,0.0,0.047525908797979355,0.0010827097576111555,0.0531005859375,6.478871910076123e-06,2.6145016818190925e-07,0.0004079064237885177,0.00027925067115575075,0.00023793274885974824,1.2787420749664307,3.314056396484375,0.14811444282531738,0.0,3.0,0.0,0.0,3.0,0.0,3.0,0.3253636956214905,0.19282519817352295,2.7923990885416665,0.2587546110153198,0.017971669634183247,-0.09914129972457886
211,0.9566362329999265,111.644672,1.0502992868423462,0.4399357736110687,0.08153479546308517,0.4482421875,0.08013193309307098,0.0,0.051385872066020966,0.0011296257143840194,0.0586344413459301,6.60825162412948e-06,2.765651174740924e-07,0.00042121222941204906,0.0002746248501352966,0.0002637195575516671,1.3011425733566284,3.373660087585449,0.15286672115325928,0.0,4.0,0.0,0.0,4.0,0.0,4.0,0.32465728123982746,0.1866033673286438,2.7679443359375,0.25826974709828693,0.018014398713906605,-0.09920364618301392
212,0.9574929089999387,111.644672,1.0390828847885132,0.4360644519329071,0.0533105842769146,0.4453125,0.07851295918226242,0.0,0.05568376183509827,0.0012004089076071978,0.0618896484375,6.807698355260072e-06,2.798880416321481e-07,0.0004135193885304034,0.0002732095308601856,0.0002528297482058406,1.3467903137207031,3.4241957664489746,0.15025460720062256,0.0,4.0,0.0,0.0,4.0,0.0,4.0,0.3235558271408081,0.18793773651123047,2.7451578776041665,0.25694427887598675,0.01814688245455424,-0.09847575426101685
213,0.9474336119999407,111.644672,1.0436975955963135,0.41391444206237793,0.03795529529452324,0.439453125,0.07842467725276947,0.0,0.060590606182813644,0.0014259752351790667,0.0724690780043602,6.8929107328585815e-06,3.0107062798379047e-07,0.0004365652275737375,0.00027165748178958893,0.0002833363541867584,1.4022783041000366,3.497413158416748,0.16171732544898987,0.0,7.0,0.0,0.0,7.0,0.0,7.0,0.3221292495727539,0.19449791312217712,2.752685546875,0.2553413311640422,0.01815183460712433,-0.09925991296768188
214,0.966193168000018,111.644672,1.0710699558258057,0.37811315059661865,0.091901034116745,0.4365234375,0.0809454470872879,0.0,0.06409484148025513,0.0014113560318946838,0.0799560546875,6.843305072834482e-06,3.07384397046917e-07,0.00044178380630910397,0.0002865818969439715,0.00027322801179252565,1.447156310081482,3.5900793075561523,0.15999199450016022,0.0,6.0,0.0,0.0,6.0,0.0,6.0,0.3210129539171855,0.19408315420150757,2.739990234375,0.25430115063985187,0.018137564261754353,-0.09925514459609985
215,0.9752298739999787,111.644672,1.1138015985488892,0.34697845578193665,0.07243594527244568,0.4326171875,0.08447947353124619,0.0,0.0693422481417656,0.0019031136762350798,0.0827229842543602,6.902418590470916e-06,3.320721475574828e-07,0.0004633564385585487,0.0003085235948674381,0.00028173395548947155,1.4917696714401245,3.7499423027038574,0.18313144147396088,0.0,10.0,0.0,0.0,10.0,0.0,10.0,0.3206804593404134,0.1941034197807312,2.7318115234375,0.25406932830810547,0.018100858976443607,-0.09925895929336548
216,0.9986838990000706,111.644672,1.177290916442871,0.32204967737197876,0.05070992559194565,0.427734375,0.0908048152923584,0.0,0.07020145654678345,0.0020216801203787327,0.0829671248793602,6.868463060527574e-06,3.260548169237154e-07,0.00045124045573174953,0.00030790461460128427,0.00026646710466593504,1.486070990562439,3.922182083129883,0.18833091855049133,0.0,13.0,0.0,0.0,13.0,0.0,13.0,0.32264721393585205,0.19490888714790344,2.7389729817708335,0.25582653284072876,0.01822870969772339,-0.09926825761795044
217,0.9871703539999999,111.644672,1.1964987516403198,0.3200710415840149,0.10794715583324432,0.4228515625,0.09255236387252808,0.0,0.07068905234336853,0.0021978288423269987,0.0846354216337204,6.985242634982569e-06,3.416119795929262e-07,0.00046262756222859025,0.00030810534371994436,0.00027848189347423613,1.5365056991577148,4.090315818786621,0.17913514375686646,0.0,7.0,0.0,0.0,7.0,0.0,7.0,0.3249754508336385,0.194675475358963,2.6831868489583335,0.25794456402460736,0.018306826551755268,-0.09926289319992065
218,0.9793083350000416,111.644672,1.1977791786193848,0.3308827877044678,0.02636890485882759,0.41796875,0.09213708341121674,0.0,0.07038812339305878,0.002431357279419899,0.0862223356962204,7.06681885276339e-06,3.360285063536139e-07,0.0004634654032997787,0.0003292500914540142,0.00025685556465759873,1.5718090534210205,4.325706481933594,0.1957162618637085,0.0,13.0,0.0,0.0,13.0,0.0,13.0,0.3268287181854248,0.195756196975708,2.6688639322916665,0.25966684023539227,0.018273865183194477,-0.09924226999282837
219,0.9838774530001047,111.644672,1.1684757471084595,0.34705743193626404,0.039986155927181244,0.4130859375,0.0895221158862114,0.0,0.06651997566223145,0.002046920359134674,0.0874430388212204,7.029600965324789e-06,3.5114754837195505e-07,0.0004821610345970839,0.00033186073414981365,0.0002833945327438414,1.4711759090423584,4.37049674987793,0.1901223361492157,0.0,15.0,0.0,0.0,15.0,0.0,15.0,0.32832958300908405,0.19715267419815063,2.6727701822916665,0.26091909408569336,0.018130866189797718,-0.09916526079177856
220,1.101010573999929,111.644672,1.1545767784118652,0.3625902235507965,0.04800988361239433,0.4091796875,0.08809515088796616,0.0,0.06638716906309128,0.0020326534286141396,0.0876057967543602,7.028624168015085e-06,3.371512775629526e-07,0.0004817393491975963,0.0003221158985979855,0.00029006414115428925,1.2913999557495117,4.419031143188477,0.1940627545118332,0.0,11.0,0.0,0.0,11.0,0.0,11.0,0.3289848764737447,0.1993858516216278,2.6663411458333335,0.2615420420964559,0.018131205191214878,-0.099132239818573
221,1.0455852659999891,111.644672,1.1429719924926758,0.38091203570365906,0.05902894213795662,0.408203125,0.08724640309810638,0.0,0.06379182636737823,0.0016559999203309417,0.0851643905043602,7.077726877469104e-06,3.2756418022472644e-07,0.0004688455373980105,0.000321247149258852,0.00027281403890810907,1.1647629737854004,4.317953109741211,0.1849338710308075,0.0,10.0,0.0,0.0,10.0,0.0,10.0,0.32962419589360553,0.19743993878364563,2.6789957682291665,0.26211827993392944,0.018111422657966614,-0.09912759065628052
222,1.0280029250000098,111.644672,1.1250910758972168,0.4033066928386688,0.06389357149600983,0.4052734375,0.08541685342788696,0.0,0.06485770642757416,0.0016977329505607486,0.085693359375,7.180663487815764e-06,3.4866479836637154e-07,0.00048698842874728143,0.0003367525932844728,0.00028158395434729755,1.1751450300216675,4.174206733703613,0.1867458075284958,0.0,11.0,0.0,0.0,11.0,0.0,11.0,0.3293662468592326,0.19299709796905518,2.6947835286458335,0.26182717084884644,0.018041179825862248,-0.09915691614151001
223,1.0489856540000346,111.644672,1.1327153444290161,0.41767817735671997,0.08823078125715256,0.40234375,0.08593564480543137,0.0,0.06713435798883438,0.0017134476220235229,0.0879313200712204,7.292725058505312e-06,3.417381719827972e-07,0.0004700500285252929,0.0003274565970059484,0.0002711161505430937,1.2573840618133545,3.9941678047180176,0.1825474500656128,0.0,5.0,0.0,0.0,5.0,0.0,5.0,0.3285115957260132,0.19784054160118103,2.6951090494791665,0.2610345681508382,0.017957198123137157,-0.09920722246170044
224,1.0409713950000423,111.644672,1.1272473335266113,0.4242754876613617,0.08567319065332413,0.400390625,0.08491842448711395,0.0,0.07086216658353806,0.0018286795821040869,0.0997314453125,7.412912054860499e-06,3.348734480823623e-07,0.00045994421816430986,0.0003133682475890964,0.0002707024395931512,1.385595679283142,3.827989101409912,0.18950912356376648,0.0,9.0,0.0,0.0,9.0,0.0,9.0,0.3273388147354126,0.19820550084114075,2.6933186848958335,0.2594282229741414,0.017975335319836933,-0.09922391176223755
225,0.999522221999996,111.644672,1.1164485216140747,0.4083833694458008,0.04967919737100601,0.3955078125,0.08361119031906128,0.0,0.07453916221857071,0.0021316371858119965,0.0995686873793602,7.44664703233866e-06,3.1656463761464693e-07,0.0004557291395030916,0.00031157571356743574,0.00026651297230273485,1.4138673543930054,3.6961612701416016,0.20366650819778442,0.0,11.0,0.0,0.0,11.0,0.0,11.0,0.32627662022908527,0.19795238971710205,2.6590576171875,0.25828589995702106,0.018180424968401592,-0.0986056923866272
226,0.9729984979999244,111.644672,1.1238850355148315,0.3758802115917206,0.0233084075152874,0.3935546875,0.08440008759498596,0.0,0.07680270075798035,0.0024015288800001144,0.1002197265625,7.457353603967931e-06,3.1842350267652364e-07,0.00047408806858584285,0.0003130047407466918,0.00028944964287802577,1.408756971359253,3.598728895187378,0.1939169466495514,0.0,15.0,0.0,0.0,15.0,0.0,15.0,0.3255492051442464,0.1955249011516571,2.6454264322916665,0.2576341430346171,0.018255123247702915,-0.09731549024581909
227,0.9585908809999637,111.644672,1.1721630096435547,0.33978328108787537,0.0621347613632679,0.390625,0.0891883596777916,0.0,0.0783291757106781,0.0024688979610800743,0.0981038436293602,7.487346010748297e-06,3.240812418425776e-07,0.0004802718758583069,0.00032185326563194394,0.0002900038380175829,1.5464963912963867,3.634462356567383,0.18103504180908203,0.0,9.0,0.0,0.0,9.0,0.0,9.0,0.32477958997090656,0.19520366191864014,2.627197265625,0.256811002890269,0.018185485154390335,-0.0973162055015564
228,0.9676030999999057,111.644672,1.2753573656082153,0.3028455972671509,0.04277091473340988,0.3857421875,0.09908845275640488,0.0,0.08103907108306885,0.0024031074717640877,0.0984700545668602,7.496273155993549e-06,3.5109400187138817e-07,0.0004918377380818129,0.00033286225516349077,0.0002906694426201284,1.664316177368164,3.6922693252563477,0.20199933648109436,0.0,15.0,0.0,0.0,15.0,0.0,15.0,0.3240420420964559,0.19654789566993713,2.6007893880208335,0.25607816378275555,0.018249057233333588,-0.09727579355239868
229,1.117102186000011,111.644672,1.408448576927185,0.26828378438949585,0.15519608557224274,0.3828125,0.11259700357913971,0.0,0.08187980949878693,0.002230310346931219,0.0987141951918602,7.394607564492617e-06,3.4845879781642e-07,0.00048194872215390205,0.00032419877243228257,0.0002866372815333307,1.739274024963379,3.661182403564453,0.19906994700431824,0.0,12.0,0.0,0.0,12.0,0.0,12.0,0.3238554795583089,0.19776129722595215,2.627197265625,0.25567976633707684,0.018169187009334564,-0.09722834825515747
230,1.026024403999827,111.644672,1.5206596851348877,0.24522589147090912,0.13294237852096558,0.3818359375,0.12335797399282455,0.0,0.0832894891500473,0.0025607231073081493,0.1005452498793602,7.427919626934454e-06,3.258202809774957e-07,0.0004633583303075284,0.0003155067970510572,0.0002702157653402537,1.751250982284546,3.7210073471069336,0.22122913599014282,0.0,15.0,0.0,0.0,15.0,0.0,15.0,0.32398982842763263,0.19851207733154297,2.6639404296875,0.2554736336072286,0.018198882540067036,-0.09724193811416626
231,1.0338914159999604,111.644672,1.5186785459518433,0.24525482952594757,0.03330414742231369,0.376953125,0.1235785111784935,0.0,0.08006039261817932,0.002279213396832347,0.0980224609375,7.345184712903574e-06,3.1885278417576046e-07,0.0004555744235403836,0.0003009925421793014,0.00027580789173953235,1.7279808521270752,3.819375991821289,0.21539334952831268,0.0,18.0,0.0,0.0,18.0,0.0,18.0,0.32487207651138306,0.20072633028030396,2.6798095703125,0.25613834460576373,0.018086907764275868,-0.09731167554855347
232,1.0129363239998384,111.644672,1.4548897743225098,0.26303064823150635,0.09923479706048965,0.376953125,0.11741596460342407,0.0,0.07755767554044724,0.002102899830788374,0.0954182967543602,7.242484116432024e-06,2.9818991720276244e-07,0.0004387147491797805,0.00029996150988154113,0.0002561772707849741,1.7302582263946533,3.8440377712249756,0.21568253636360168,0.0,11.0,0.0,0.0,11.0,0.0,11.0,0.3252921899159749,0.20402871072292328,2.7107340494791665,0.25693774223327637,0.018087238073349,-0.09734588861465454
233,0.9982633629999782,111.644672,1.368331789970398,0.28795313835144043,0.0428694449365139,0.3740234375,0.10843749344348907,0.0,0.07712341845035553,0.002173822373151779,0.0968424528837204,7.176076906034723e-06,3.198334468379471e-07,0.00046222051605582237,0.0003137863823212683,0.00027218504692427814,1.6628340482711792,4.0218353271484375,0.23031017184257507,0.0,10.0,0.0,0.0,10.0,0.0,10.0,0.3251745104789734,0.19218330085277557,2.7463785807291665,0.2568716804186503,0.017964430153369904,-0.09718829393386841
234,0.9687613569999485,111.644672,1.3018256425857544,0.3140910863876343,0.02209741435945034,0.37109375,0.10158941149711609,0.0,0.0769883245229721,0.002148678991943598,0.0941975936293602,7.1059052970667835e-06,3.4162434303652844e-07,0.0004821416805498302,0.0003243788960389793,0.0002879297244362533,1.5396546125411987,4.261981964111328,0.23363026976585388,0.0,11.0,0.0,0.0,11.0,0.0,11.0,0.3250732223192851,0.19193968176841736,2.7294514973958335,0.25686949491500854,0.017897893985112507,-0.09713464975357056
235,1.0068620600000031,111.644672,1.2695424556732178,0.3439863920211792,0.04192731902003288,0.3671875,0.0977829322218895,0.0,0.07865138351917267,0.002354247495532036,0.0972086638212204,7.15068745194003e-06,3.427807655498327e-07,0.00047524290857836604,0.00032452051527798176,0.0002822163514792919,1.4413760900497437,4.448827743530273,0.25167495012283325,0.0,13.0,0.0,0.0,13.0,0.0,13.0,0.32528720299402875,0.19379422068595886,2.7022298177083335,0.2567042112350464,0.017737499127785366,-0.0971258282661438
236,0.9982238239999788,111.644672,1.2186344861984253,0.3749610185623169,0.05953218787908554,0.361328125,0.09288303554058075,0.0,0.07650229334831238,0.0020370339043438435,0.0977783203125,7.136044587241486e-06,3.7109256822986936e-07,0.0004944546963088214,0.000334392418153584,0.0002962832513730973,1.3393043279647827,4.546870231628418,0.2185029238462448,0.0,16.0,0.0,0.0,16.0,0.0,16.0,0.3253745237986247,0.19404223561286926,2.6995442708333335,0.2568597396214803,0.01773463562130928,-0.09718912839889526
237,1.169349524999916,111.644672,1.2019917964935303,0.40085721015930176,0.07552744448184967,0.3603515625,0.09134739637374878,0.0,0.07590341567993164,0.0018377902451902628,0.0966796875,7.136773092497606e-06,3.664919745460793e-07,0.0004897367907688022,0.0003363286959938705,0.0002865769783966243,1.3236387968063354,4.593845367431641,0.20328661799430847,0.0,10.0,0.0,0.0,10.0,0.0,10.0,0.32488354047139484,0.18409836292266846,2.6996663411458335,0.2564199964205424,0.017699869970480602,-0.09729605913162231
238,1.0222094069999912,111.644672,1.2434594631195068,0.414182186126709,0.08550229668617249,0.3564453125,0.09500807523727417,0.0,0.07958805561065674,0.0021244650706648827,0.1011556014418602,7.2299581006518565e-06,3.3319085446237295e-07,0.00046703050611540675,0.0003138254105579108,0.0002779117785394192,1.383001685142517,4.499661445617676,0.21512719988822937,0.0,15.0,0.0,0.0,15.0,0.0,15.0,0.323878010114034,0.1627458930015564,2.6977945963541665,0.25522321462631226,0.01779262845714887,-0.097537100315094
239,0.9543150970000625,111.644672,1.2624361515045166,0.4156869649887085,0.08356362581253052,0.3505859375,0.09707682579755783,0.0,0.07919105142354965,0.0019684135913848877,0.1003824919462204,7.182992703747004e-06,2.960947824703908e-07,0.00044521744712255895,0.0002957562101073563,0.0002719300682656467,1.4464168548583984,4.257532596588135,0.2131015658378601,0.0,15.0,0.0,0.0,15.0,0.0,15.0,0.3233661651611328,0.18656107783317566,2.7149658203125,0.2548208236694336,0.017830733209848404,-0.09760361909866333
240,0.9749220020000848,111.644672,1.2489399909973145,0.40841546654701233,0.06602907925844193,0.3466796875,0.0960853099822998,0.0,0.07889115810394287,0.0020041370298713446,0.0952555388212204,7.048738098092144e-06,2.9026409720245283e-07,0.0004461982462089509,0.00029407115653157234,0.0002747270045801997,1.5004000663757324,4.051699161529541,0.20013925433158875,0.0,15.0,0.0,0.0,15.0,0.0,15.0,0.3227159380912781,0.19354674220085144,2.7059733072916665,0.2546900510787964,0.017674319446086884,-0.09741491079330444
241,0.976217404999943,111.644672,1.2461533546447754,0.39136603474617004,0.05290257930755615,0.341796875,0.09555545449256897,0.0,0.08084072917699814,0.002194393891841173,0.0961100310087204,7.051059128571069e-06,2.831878873621463e-07,0.0004426164086908102,0.0003033282409887761,0.00025654491037130356,1.6204755306243896,3.8540267944335938,0.20390957593917847,0.0,17.0,0.0,0.0,17.0,0.0,17.0,0.32184531291325885,0.19496911764144897,2.6735026041666665,0.2541881998380025,0.017805717885494232,-0.09741383790969849
242,1.0015346019999924,111.644672,1.2537485361099243,0.36787301301956177,0.036832790821790695,0.333984375,0.09617315232753754,0.0,0.0798172578215599,0.0018033233936876059,0.0976969450712204,7.0615146796626505e-06,3.1458932880923385e-07,0.00046045391354709864,0.0003194200689904392,0.0002618752187117934,1.7538676261901855,3.666161298751831,0.2162078619003296,0.0,21.0,0.0,0.0,21.0,0.0,21.0,0.3207769791285197,0.1961381435394287,2.6820882161458335,0.25350141525268555,0.018033521870772045,-0.09746056795120239
243,0.9564592219999213,111.644672,1.294983983039856,0.33763015270233154,0.020478306338191032,0.3310546875,0.10016332566738129,0.0,0.08321256935596466,0.0018586644437164068,0.1016845703125,7.004636700003175e-06,3.2907846048146894e-07,0.00046677415957674384,0.00031492076232098043,0.00027483204030431807,1.8439183235168457,3.584862470626831,0.2244427651166916,0.0,13.0,0.0,0.0,13.0,0.0,13.0,0.3194100658098857,0.19353216886520386,2.6468505859375,0.25263094902038574,0.01811752716700236,-0.09754782915115356
244,0.9825342899998759,111.644672,1.3435128927230835,0.31019943952560425,0.05156197398900986,0.3271484375,0.10489214956760406,0.0,0.08758430927991867,0.0020166512113064528,0.1029866561293602,6.961575763853034e-06,3.1244957199305645e-07,0.00045946164755150676,0.0003018125134985894,0.0002820653317030519,1.9370663166046143,3.5037622451782227,0.23078489303588867,0.0,16.0,0.0,0.0,16.0,0.0,16.0,0.31793212890625,0.19155478477478027,2.6463623046875,0.251602570215861,0.018019340932369232,-0.09769994020462036
245,0.9771913829999903,111.644672,1.438960313796997,0.28228050470352173,0.04120199754834175,0.326171875,0.11405207961797714,0.0,0.091743104159832,0.002179924864321947,0.1062418669462204,6.914509867783636e-06,3.101030756624823e-07,0.0004635196819435805,0.00030712049920111895,0.0002819107030518353,1.9362523555755615,3.5109012126922607,0.25710296630859375,0.0,15.0,0.0,0.0,15.0,0.0,15.0,0.3169877727826436,0.1913771629333496,2.6387939453125,0.25066816806793213,0.018172120054562885,-0.09760886430740356
246,0.9920784060000187,111.644672,1.5328526496887207,0.26060065627098083,0.0523112490773201,0.32421875,0.12333282083272934,0.0,0.09557609260082245,0.002340161707252264,0.1156005859375,6.985592335695401e-06,3.0572994091926375e-07,0.0004577485960908234,0.00029574206564575434,0.00028341327561065555,1.8414171934127808,3.5633959770202637,0.2605839669704437,0.0,17.0,0.0,0.0,17.0,0.0,17.0,0.3166233499844869,0.1939864158630371,2.6334228515625,0.250458021958669,0.018353001525004704,-0.09735852479934692
247,1.1589490240000941,111.644672,1.5715076923370361,0.24832552671432495,0.037021227180957794,0.318359375,0.127438485622406,0.0,0.09546715021133423,0.002304050140082836,0.117431640625,6.906579983478878e-06,3.0761634661757853e-07,0.00045610632514581084,0.0002984711609315127,0.0002778401249088347,1.7305368185043335,3.635258436203003,0.2734931409358978,0.0,20.0,0.0,0.0,20.0,0.0,20.0,0.31727198759714764,0.19688469171524048,2.6195068359375,0.25107608238856,0.018580800543228786,-0.09764796495437622
248,0.9956870170001366,111.644672,1.5736370086669922,0.24501487612724304,0.09543855488300323,0.3154296875,0.12805500626564026,0.0,0.0974678099155426,0.0022383718751370907,0.1198323592543602,6.737865533068543e-06,2.843228514848306e-07,0.0004369958187453449,0.00029481956153176725,0.0002603065804578364,1.6065452098846436,3.6842610836029053,0.2671646475791931,0.0,14.0,0.0,0.0,14.0,0.0,14.0,0.3183426856994629,0.1947384774684906,2.5998942057291665,0.2522554397583008,0.018591636170943577,-0.09760266542434692
249,1.013121910999871,111.644672,1.5210109949111938,0.2563215494155884,0.06080543249845505,0.3134765625,0.12268181145191193,0.0,0.10036033391952515,0.002242863643914461,0.1260986328125,6.803149517509155e-06,2.9746649943263037e-07,0.0004449922125786543,0.0003039257135242224,0.0002636100980453193,1.6049693822860718,3.8312201499938965,0.26027870178222656,0.0,14.0,0.0,0.0,14.0,0.0,14.0,0.3186772068341573,0.19273686408996582,2.6007893880208335,0.25296612580617267,0.01834283396601677,-0.09748190641403198
250,1.0472375760000432,111.644672,1.4738432168960571,0.2706502377986908,0.07311519980430603,0.310546875,0.11727076023817062,0.0,0.10595076531171799,0.00259923143312335,0.1354573667049408,6.910452611919027e-06,3.109076658347476e-07,0.00045872185728512704,0.0003095389693044126,0.0002734034205786884,1.647603988647461,3.995931625366211,0.28191328048706055,0.0,14.0,0.0,0.0,14.0,0.0,14.0,0.3190896113713582,0.19065675139427185,2.6009928385416665,0.2535502314567566,0.018200422326723736,-0.09839195013046265
251,1.021427193000136,111.644672,1.4092248678207397,0.2900505065917969,0.01570858433842659,0.3056640625,0.11088623851537704,0.0,0.10756116360425949,0.0030015292577445507,0.146728515625,6.881472472741734e-06,3.2063758226286154e-07,0.0004629500908777118,0.00030682695796713233,0.0002811401500366628,1.5713094472885132,4.113284111022949,0.2660484313964844,0.0,21.0,0.0,0.0,21.0,0.0,21.0,0.32012106974919635,0.19065067172050476,2.5840250651041665,0.2547198335329692,0.018274237712224323,-0.09817606210708618
252,1.0376061939998635,111.644672,1.3557217121124268,0.3060115575790405,0.019502267241477966,0.30078125,0.10622336715459824,0.0,0.10674750059843063,0.0031695645302534103,0.148681640625,6.680594651697902e-06,3.221446149836993e-07,0.00046355114318430424,0.00029911688761785626,0.00028888334054499865,1.4470380544662476,4.16365385055542,0.24523720145225525,0.0,19.0,0.0,0.0,19.0,0.0,19.0,0.3216395974159241,0.19095927476882935,2.5793863932291665,0.2571248610814412,0.01828629771868388,-0.09811443090438843
253,1.0492502310000873,111.644672,1.3059258460998535,0.331714928150177,0.030288102105259895,0.2978515625,0.10170508921146393,0.0,0.10499632358551025,0.0031824647448956966,0.1490071713924408,6.523117008327972e-06,3.024373427251703e-07,0.00044414898729883134,0.00029344623908400536,0.0002693879068829119,1.3985955715179443,4.185141563415527,0.2378414124250412,0.0,19.0,0.0,0.0,19.0,0.0,19.0,0.32326996326446533,0.19109198451042175,2.591552734375,0.25899465878804523,0.018206326911846798,-0.09806805849075317
254,1.032569075000083,111.644672,1.2731322050094604,0.36067062616348267,0.040106065571308136,0.2919921875,0.09825041145086288,0.0,0.10287445783615112,0.0034050210379064083,0.1435546875,6.537086846947204e-06,2.902037863350415e-07,0.00043258070945739746,0.00029006574186496437,0.00025867909425869584,1.3997958898544312,4.162164688110352,0.25438830256462097,0.0,23.0,0.0,0.0,23.0,0.0,23.0,0.3238869110743205,0.1928880512714386,2.6095377604166665,0.25990376869837445,0.018244852622350056,-0.09803277254104614
255,1.0439280870000403,111.644672,1.3062841892242432,0.3725716471672058,0.055193040519952774,0.287109375,0.10182090103626251,0.0,0.09825699031352997,0.003481101943179965,0.136474609375,6.4285359258065e-06,3.117364428817382e-07,0.0004492068546824157,0.00030010606860741973,0.00027242579380981624,1.3812241554260254,4.151144027709961,0.2571493983268738,0.0,24.0,0.0,0.0,24.0,0.0,24.0,0.32396819194157916,0.19916921854019165,2.6419270833333335,0.2603801091512044,0.018358285228411358,-0.09809333086013794
256,1.0467504810001174,111.644672,1.29958975315094,0.3828747272491455,0.05653936415910721,0.28125,0.1011134535074234,0.0,0.09437023103237152,0.0038243872113525867,0.1254476010799408,6.271351594477892e-06,2.88948825755142e-07,0.0004290453507564962,0.0002870349562726915,0.0002575040562078357,1.4272210597991943,4.060296058654785,0.29932403564453125,0.0,26.0,0.0,0.0,26.0,0.0,26.0,0.3239000042279561,0.2078673243522644,2.6967366536458335,0.260512908299764,0.01831968625386556,-0.09820753335952759
257,1.103550771000073,111.644672,1.2303409576416016,0.3869447708129883,0.05154867097735405,0.2783203125,0.09527643769979477,0.0,0.0864035040140152,0.0032520245295017958,0.1169026717543602,6.196666618052404e-06,2.697556453767902e-07,0.00042274215957149863,0.0002877346705645323,0.00024607134400866926,1.4533610343933105,3.8532800674438477,0.25270864367485046,0.0,20.0,0.0,0.0,20.0,0.0,20.0,0.3231689929962158,0.19779914617538452,2.749267578125,0.26007471481959027,0.018174782395362854,-0.09832769632339478
258,1.1055593640001007,111.644672,1.183775782585144,0.38084036111831665,0.041215598583221436,0.27734375,0.09095823764801025,0.0,0.08311395347118378,0.00300780450925231,0.1180419921875,6.156077688501682e-06,2.709751925067394e-07,0.00042404778650961816,0.00028792693046852946,0.000251607911195606,1.5070741176605225,3.6412105560302734,0.2402891367673874,0.0,19.0,0.0,0.0,19.0,0.0,19.0,0.3224939505259196,0.19658321142196655,2.7682698567708335,0.2591026822725932,0.01831808437903722,-0.0984615683555603
259,1.0232386980001138,111.644672,1.1573987007141113,0.3725401759147644,0.030037885531783104,0.275390625,0.08808837831020355,0.0,0.08069805800914764,0.00258375215344131,0.1088460311293602,6.168307209009072e-06,2.6098445005118265e-07,0.0004147001018282026,0.0002792543964460492,0.00024690941791050136,1.6245651245117188,3.4579825401306152,0.26478058099746704,0.0,15.0,0.0,0.0,15.0,0.0,15.0,0.3219646414120992,0.20401480793952942,2.7771809895833335,0.2582988142967224,0.018387609471877415,-0.0985913872718811
260,1.0434692139999697,111.644672,1.165795922279358,0.35259807109832764,0.0175506342202425,0.271484375,0.08901366591453552,0.0,0.07874643057584763,0.0024717007763683796,0.1043294295668602,6.1971550167072564e-06,2.5215021537405846e-07,0.0004064356617163867,0.00027238065376877785,0.00024493824457749724,1.6920132637023926,3.359555721282959,0.2561608850955963,0.0,18.0,0.0,0.0,18.0,0.0,18.0,0.3215816219647725,0.2010769546031952,2.7622477213541665,0.25773294766743976,0.018460247665643692,-0.09870392084121704
261,1.0107526109998162,111.644672,1.171601414680481,0.33328086137771606,0.02762291580438614,0.26953125,0.08955562114715576,0.0,0.07735268771648407,0.002431797794997692,0.1021321639418602,6.269268396863481e-06,2.44743375787948e-07,0.0003978897584602237,0.0002705950173549354,0.0002355999022256583,1.79313325881958,3.2496345043182373,0.26204535365104675,0.0,14.0,0.0,0.0,14.0,0.0,14.0,0.321334441502889,0.19461819529533386,2.759033203125,0.25740031401316327,0.018356456110874813,-0.09876853227615356
262,1.016587859999845,111.644672,1.194197654724121,0.31361207365989685,0.04195582866668701,0.267578125,0.09184335172176361,0.0,0.07599112391471863,0.0021347475703805685,0.0998128280043602,6.346881036733976e-06,2.6179924361713347e-07,0.00040412135422229767,0.00027293196762911975,0.00024189951363950968,1.8627119064331055,3.2479820251464844,0.258658766746521,0.0,14.0,0.0,0.0,14.0,0.0,14.0,0.32068989674250287,0.19241014122962952,2.7493489583333335,0.25713201363881427,0.018568452447652817,-0.09876352548599243
263,1.0326149499999246,111.644672,1.236387848854065,0.2951085567474365,0.059062909334897995,0.26171875,0.09613184630870819,0.0,0.07570409029722214,0.0018918626010417938,0.0954996794462204,6.3464567574555986e-06,2.5565086048118246e-07,0.0004004446673206985,0.0002664559578988701,0.00024128187214955688,1.9032330513000488,3.3278987407684326,0.26276278495788574,0.0,19.0,0.0,0.0,19.0,0.0,19.0,0.3201688726743062,0.19161173701286316,2.7445068359375,0.2566809455553691,0.01860748479763667,-0.09856027364730835
264,1.0021986490000927,111.644672,1.2869367599487305,0.2788708209991455,0.11349540203809738,0.259765625,0.10150067508220673,0.0,0.07741138339042664,0.001884045428596437,0.0995279997587204,6.303947884589434e-06,2.596429453660676e-07,0.0004073744057677686,0.0002637924626469612,0.00025296706007793546,1.8232488632202148,3.4345245361328125,0.24002626538276672,0.0,6.0,0.0,0.0,6.0,0.0,6.0,0.31995852788289386,0.19512903690338135,2.7711588541666665,0.2565838893254598,0.01853436479965846,-0.09834104776382446
265,1.0058236180000222,111.644672,1.3162461519241333,0.2782430648803711,0.10184379667043686,0.259765625,0.10353489220142365,0.0,0.08345220983028412,0.0024812384508550167,0.10400390625,6.342766937450506e-06,2.551292652697157e-07,0.00040557445026934147,0.0002573835081420839,0.0002580600557848811,1.7138075828552246,3.680767774581909,0.27598750591278076,0.0,10.0,0.0,0.0,10.0,0.0,10.0,0.32064058383305866,0.1943683624267578,2.760009765625,0.257354478041331,0.018548411627610523,-0.09815317392349243
266,1.0326019780000024,111.644672,1.2908567190170288,0.2926240861415863,0.024629011750221252,0.255859375,0.10074203461408615,0.0,0.08595824241638184,0.002739835064858198,0.1110432967543602,6.39890049569658e-06,2.577369855316647e-07,0.0004102397651877254,0.0002669744426384568,0.0002529758494347334,1.6281466484069824,3.9992570877075195,0.26481735706329346,0.0,14.0,0.0,0.0,14.0,0.0,14.0,0.3220182458559672,0.19430971145629883,2.7283528645833335,0.25855040550231934,0.0185601810614268,-0.09731990098953247
267,1.0241690820000713,111.644672,1.2544270753860474,0.314875066280365,0.021852795034646988,0.255859375,0.09678792953491211,0.0,0.08690875768661499,0.0028979021590203047,0.1111653670668602,6.415051757358015e-06,2.45629166784056e-07,0.00040091233677230775,0.00027008194592781365,0.0002366357803111896,1.4840221405029297,4.277365684509277,0.268533319234848,0.0,11.0,0.0,0.0,11.0,0.0,11.0,0.32337387402852374,0.19554969668388367,2.6487223307291665,0.2600509325663249,0.01857593779762586,-0.09817105531692505
268,1.1705472449998524,111.644672,1.2066360712051392,0.34221506118774414,0.044490303844213486,0.2509765625,0.09209263324737549,0.0,0.08363126218318939,0.0029342519119381905,0.1029052734375,6.26739529252518e-06,2.5986045670833846e-07,0.00040728290332481265,0.0002823574177455157,0.00023157992109190673,1.3695873022079468,4.498188018798828,0.28515323996543884,0.0,23.0,0.0,0.0,23.0,0.0,23.0,0.3243454694747925,0.19219863414764404,2.6330973307291665,0.26154067118962604,0.018622121463219326,-0.0981636643409729
269,1.0342051889999766,111.644672,1.126202940940857,0.37111663818359375,0.059429753571748734,0.2470703125,0.0848480686545372,0.0,0.07522290199995041,0.0019782469607889652,0.0885416716337204,6.1417008510034066e-06,2.641261858116195e-07,0.0004091732553206384,0.00028106942772865295,0.00023778963077347726,1.2685751914978027,4.593894004821777,0.27627143263816833,0.0,23.0,0.0,0.0,23.0,0.0,23.0,0.32444039980570477,0.18964964151382446,2.6568196614583335,0.2621604998906453,0.018555427591005962,-0.09806638956069946
270,0.9764898199998697,111.644672,1.0900495052337646,0.39362820982933044,0.0689081996679306,0.244140625,0.0815594494342804,0.0,0.07378485053777695,0.0016784975305199623,0.0888671875,6.030258646205766e-06,2.629838604661927e-07,0.0004066487308591604,0.0002704565704334527,0.0002427317958790809,1.3244014978408813,4.551632404327393,0.26391512155532837,0.0,11.0,0.0,0.0,11.0,0.0,11.0,0.3237232764561971,0.18965286016464233,2.6778971354166665,0.26176867882410687,0.018563222140073776,-0.09800726175308228
271,0.9692765639999834,111.644672,1.0950679779052734,0.40709978342056274,0.08173094689846039,0.2421875,0.08194756507873535,0.0,0.07513471692800522,0.0016546270344406366,0.0937906950712204,5.9879012042074464e-06,2.5792991209527827e-07,0.00040710356552153826,0.0002723171783145517,0.0002436921640764922,1.4605216979980469,4.488536357879639,0.2584167718887329,0.0,9.0,0.0,0.0,9.0,0.0,9.0,0.3226551612218221,0.1891343593597412,2.7019449869791665,0.2608715295791626,0.018568024039268494,-0.09798294305801392
272,0.9798291879999397,111.644672,1.1467794179916382,0.4028276205062866,0.06715089082717896,0.23828125,0.08618360757827759,0.0,0.08156037330627441,0.0022927122190594673,0.1060791015625,6.028101779520512e-06,2.5730730612849584e-07,0.0004085075343027711,0.0002724030055105686,0.00024304675753228366,1.6840928792953491,4.417502403259277,0.2879652678966522,0.0,15.0,0.0,0.0,15.0,0.0,15.0,0.321227490901947,0.18936580419540405,2.7095133463541665,0.2596415678660075,0.018780570477247238,-0.09799903631210327
273,0.968382186999861,111.644672,1.150985598564148,0.38905394077301025,0.046392589807510376,0.2333984375,0.08659009635448456,0.0,0.08516477793455124,0.002512400271371007,0.1084798201918602,5.937227797403466e-06,2.3941427684803784e-07,0.00039940071292221546,0.0002675577998161316,0.0002371226146351546,1.8021973371505737,4.272582054138184,0.27176716923713684,0.0,10.0,0.0,0.0,10.0,0.0,10.0,0.3205614884694417,0.19400858879089355,2.7159423828125,0.25932302077611286,0.01887620985507965,-0.0980873703956604
274,1.0162524320001012,111.644672,1.1504592895507812,0.37344950437545776,0.03611069172620773,0.2275390625,0.08597253262996674,0.0,0.08692304790019989,0.0026753402780741453,0.1106363981962204,5.915898327657487e-06,2.3205477361898375e-07,0.0003883778117597103,0.0002575922408141196,0.0002353643940296024,1.9414089918136597,4.1285295486450195,0.30616480112075806,0.0,26.0,0.0,0.0,26.0,0.0,26.0,0.31961512565612793,0.19391071796417236,2.6907145182291665,0.2589932084083557,0.018951187531153362,-0.09825354814529419
275,0.9824805480000123,111.644672,1.1601184606552124,0.3488413095474243,0.015486900694668293,0.2265625,0.08750991523265839,0.0,0.08728720247745514,0.0026155938394367695,0.1028645858168602,5.8243840612703934e-06,2.317845826382836e-07,0.0003836649120785296,0.00026408396661281586,0.0002221741888206452,1.9971331357955933,3.984067916870117,0.26936110854148865,0.0,17.0,0.0,0.0,17.0,0.0,17.0,0.31928519407908124,0.1939154863357544,2.6948649088541665,0.2587983210881551,0.019028520832459133,-0.09826332330703735
276,1.172393910999972,111.644672,1.1972650289535522,0.32258081436157227,0.015887882560491562,0.220703125,0.09128205478191376,0.0,0.0867711529135704,0.0025878434535115957,0.0972493514418602,5.669398433383321e-06,2.4794647401904513e-07,0.00040071294642984867,0.00027174525894224644,0.00023739183961879462,2.0526185035705566,3.839156150817871,0.3059135377407074,0.0,25.0,0.0,0.0,25.0,0.0,25.0,0.3190861741701762,0.19567227363586426,2.6544189453125,0.25895190238952637,0.018903076648712158,-0.09762614965438843
277,0.9962614290000147,111.644672,1.2242034673690796,0.30239754915237427,0.03957000747323036,0.21875,0.09457500278949738,0.0,0.0855615884065628,0.0023116988595575094,0.0970052108168602,5.6215662880276795e-06,2.3502474277847796e-07,0.0003889930376317352,0.0002654434065334499,0.00022786867339164019,2.0759682655334473,3.645153045654297,0.2794111967086792,0.0,17.0,0.0,0.0,17.0,0.0,17.0,0.318458616733551,0.1957903504371643,2.654052734375,0.2585639754931132,0.018918193876743317,-0.09770649671554565
278,1.012470004000079,111.644672,1.2958189249038696,0.2818191349506378,0.07714460790157318,0.2138671875,0.1013798639178276,0.0,0.08808696269989014,0.002265392802655697,0.103515625,5.656438588630408e-06,2.2770711893826956e-07,0.00038766799843870103,0.0002646706998348236,0.00022846319188829511,2.0786843299865723,3.507758140563965,0.3106011748313904,0.0,16.0,0.0,0.0,16.0,0.0,16.0,0.3181883494059245,0.1897362619638443,2.64013671875,0.2581024765968323,0.018893952171007793,-0.09740453958511353
279,0.9761130350000258,111.644672,1.3766382932662964,0.2691015303134918,0.06415008008480072,0.2119140625,0.10926155745983124,0.0,0.09085844457149506,0.002326610730960965,0.1084798201918602,5.629608040180756e-06,2.2388030629372224e-07,0.00038905732799321413,0.0002684990759007633,0.00022363255266100168,2.0800998210906982,3.5165505409240723,0.315327525138855,0.0,16.0,0.0,0.0,16.0,0.0,16.0,0.317801574865977,0.18945126235485077,2.652099609375,0.25826485951741535,0.01888572797179222,-0.09738260507583618
280,0.9954781720000483,111.644672,1.4455572366714478,0.2621617913246155,0.08938358724117279,0.2109375,0.1158125251531601,0.0,0.09533210843801498,0.002674221061170101,0.1129150390625,5.615135705738794e-06,2.2632079321738274e-07,0.0003886055201292038,0.00026168787735514343,0.00023128552129492164,2.045877456665039,3.688678741455078,0.3296096920967102,0.0,13.0,0.0,0.0,13.0,0.0,13.0,0.31836825609207153,0.19005583226680756,2.6649576822916665,0.25871004660924274,0.018820278346538544,-0.09825319051742554
281,1.1009234939999715,111.644672,1.44356107711792,0.268216609954834,0.01460393238812685,0.2080078125,0.11552475392818451,0.0,0.0979895293712616,0.0025892346166074276,0.1189778670668602,5.6098069762811065e-06,2.2786001352415042e-07,0.0003854118986055255,0.0002564888563938439,0.00023092629271559417,1.9430456161499023,3.9098010063171387,0.3300609588623047,0.0,18.0,0.0,0.0,18.0,0.0,18.0,0.319463849067688,0.19284610450267792,2.6481119791666665,0.2596105734507243,0.018750033030907314,-0.09818059206008911
282,1.045892345999846,111.644672,1.3974515199661255,0.28455328941345215,0.015814952552318573,0.2060546875,0.11060788482427597,0.0,0.10302518308162689,0.0026685642078518867,0.1277262419462204,5.638442871713778e-06,2.2871761018450343e-07,0.00038872321601957083,0.0002596961858216673,0.0002308161638211459,1.8011159896850586,3.9951014518737793,0.3371732831001282,0.0,18.0,0.0,0.0,18.0,0.0,18.0,0.32031987110773724,0.1946786493062973,2.6204020182291665,0.26066388686498004,0.018645978222290676,-0.09803897142410278
283,1.0024778029999197,111.644672,1.3210395574569702,0.3012450039386749,0.033145856112241745,0.2041015625,0.10325297713279724,0.0,0.10598304122686386,0.002564572263509035,0.1362711638212204,5.5809246077842545e-06,2.152145697209562e-07,0.00037255510687828064,0.00025456497678533196,0.00021795436623506248,1.611229419708252,3.8940329551696777,0.32120734453201294,0.0,13.0,0.0,0.0,13.0,0.0,13.0,0.32094740867614746,0.1950675994157791,2.57861328125,0.26157567898432416,0.018758617341518402,-0.09793895483016968
284,1.0335302840001077,111.644672,1.2552045583724976,0.3188340663909912,0.013825049623847008,0.201171875,0.09657981246709824,0.0,0.11001002788543701,0.002979724435135722,0.1505533903837204,5.494799552252516e-06,2.1253106297081104e-07,0.00036615863791666925,0.00024381726689171046,0.0002205271739512682,1.4547256231307983,3.814786434173584,0.32814154028892517,0.0,18.0,0.0,0.0,18.0,0.0,18.0,0.32057178020477295,0.1948937475681305,2.5640869140625,0.26160794496536255,0.018754950414101284,-0.09785407781600952
285,1.0462019999999939,111.644672,1.241397500038147,0.32702499628067017,0.020340843126177788,0.197265625,0.0952317863702774,0.0,0.11032788455486298,0.0033714747987687588,0.151611328125,5.483025233843364e-06,2.327885511022032e-07,0.0003798559191636741,0.00025685952277854085,0.00022558512864634395,1.3977715969085693,3.77949595451355,0.32029348611831665,0.0,23.0,0.0,0.0,23.0,0.0,23.0,0.3201258381207784,0.1858687400817871,2.5858561197916665,0.2614319920539856,0.018626852581898373,-0.0978345274925232
286,1.0654679599999781,111.644672,1.2365788221359253,0.33340397477149963,0.032875921577215195,0.19140625,0.09474676847457886,0.0,0.1086510717868805,0.0036020618863403797,0.1487630307674408,5.450327989819925e-06,2.2893570417181763e-07,0.0003857389965560287,0.0002639430749695748,0.00022640079259872437,1.4530932903289795,3.809234380722046,0.3186945617198944,0.0,23.0,0.0,0.0,23.0,0.0,23.0,0.31987108786900836,0.18693006038665771,2.6461588541666665,0.26133986314137775,0.01854557792345683,-0.09792953729629517
287,1.1033077310000863,111.644672,1.2051022052764893,0.3439010977745056,0.028481267392635345,0.1884765625,0.09224440902471542,0.0,0.10626046359539032,0.0036000991240143776,0.1496988981962204,5.33874481334351e-06,2.1236624547782412e-07,0.0003735407954081893,0.0002546283067204058,0.00021981043391861022,1.5989717245101929,3.8244829177856445,0.2990649938583374,0.0,20.0,0.0,0.0,20.0,0.0,20.0,0.31999699274698895,0.19261270761489868,2.6982421875,0.26170376936594647,0.018385643760363262,-0.09807521104812622
288,1.1333392019998882,111.644672,1.2074085474014282,0.3443993628025055,0.031699925661087036,0.185546875,0.09252254664897919,0.0,0.10316847264766693,0.0037139239721000195,0.156005859375,5.294783477438614e-06,2.3183923758551828e-07,0.0003827901091426611,0.0002647025103215128,0.00021765280689578503,1.7125988006591797,3.9138855934143066,0.3068469762802124,0.0,29.0,0.0,0.0,29.0,0.0,29.0,0.3204480806986491,0.1936836838722229,2.734619140625,0.26209519306818646,0.01827147975564003,-0.09811955690383911
289,1.0378722760001438,111.644672,1.2099575996398926,0.33695846796035767,0.029655614867806435,0.181640625,0.09328080713748932,0.0,0.09623353183269501,0.0034846714697778225,0.1426595151424408,5.1877786972909234e-06,2.1836454777712788e-07,0.0003707829746417701,0.00025808761711232364,0.00021113675029482692,1.6927964687347412,3.9734532833099365,0.31053274869918823,0.0,31.0,0.0,0.0,31.0,0.0,31.0,0.32181455691655475,0.19742178916931152,2.7354329427083335,0.26370133956273395,0.018443956971168518,-0.0973619818687439
290,1.0124455430000125,111.644672,1.1997467279434204,0.33311548829078674,0.025027764961123466,0.1806640625,0.09261824935674667,0.0,0.0908278077840805,0.003335233312100172,0.1285400390625,5.131432317284634e-06,2.0531666677925386e-07,0.0003625156241469085,0.0002565910981502384,0.0002031803596764803,1.6812576055526733,3.9165916442871094,0.30949828028678894,0.0,23.0,0.0,0.0,23.0,0.0,23.0,0.32284873723983765,0.1897677779197693,2.7415364583333335,0.26461853583653766,0.018687327702840168,-0.09746891260147095
291,1.0135981460000494,111.644672,1.169795036315918,0.33408334851264954,0.02618551440536976,0.1767578125,0.0899728462100029,0.0,0.08577382564544678,0.0034429244697093964,0.1126708984375,5.12677706865361e-06,2.027578602792346e-07,0.00035385944647714496,0.00025135540636256337,0.00019521359354257584,1.7068097591400146,3.75557279586792,0.30220407247543335,0.0,26.0,0.0,0.0,26.0,0.0,26.0,0.32286983728408813,0.18733006715774536,2.7201741536458335,0.2645922501881917,0.018586013466119766,-0.09740597009658813
292,1.028152622999869,111.644672,1.149884819984436,0.32741403579711914,0.012901490554213524,0.169921875,0.08855243772268295,0.0,0.07795825600624084,0.003122311783954501,0.0992024764418602,5.03224873682484e-06,2.000675038971167e-07,0.0003495760611258447,0.0002447089063934982,0.00019677476666402072,1.682032585144043,3.5948731899261475,0.3148497939109802,0.0,28.0,0.0,0.0,28.0,0.0,28.0,0.32236868143081665,0.18901300430297852,2.7388102213541665,0.2641238172849019,0.01858583837747574,-0.09842807054519653
293,1.0724914309998894,111.644672,1.138850212097168,0.31770992279052734,0.011775736697018147,0.1689453125,0.0882631167769432,0.0,0.07050275802612305,0.002433194313198328,0.0859375,5.028081432101317e-06,2.0452981175367313e-07,0.00035862927325069904,0.00024759024381637573,0.00020447220595087856,1.652773141860962,3.530475616455078,0.29570847749710083,0.0,20.0,0.0,0.0,20.0,0.0,20.0,0.3215503692626953,0.18825285136699677,2.8037109375,0.2631027301152547,0.018394986788431805,-0.09840494394302368
294,1.08832396899993,111.644672,1.1333578824996948,0.31048882007598877,0.020178211852908134,0.1689453125,0.08803661912679672,0.0,0.0670403465628624,0.0019508004188537598,0.0824788436293602,5.074593900644686e-06,1.8845899774078134e-07,0.0003414884558878839,0.0002264689392177388,0.00020532100461423397,1.662107229232788,3.5106005668640137,0.2906847596168518,0.0,12.0,0.0,0.0,12.0,0.0,12.0,0.32070090373357135,0.18888847529888153,2.7932942708333335,0.26268573602040607,0.01848524808883667,-0.09807068109512329
295,0.9864114740000787,111.644672,1.1547822952270508,0.30526283383369446,0.03983002156019211,0.16796875,0.0900062844157219,0.0,0.06842704117298126,0.0019237216329202056,0.082275390625,5.090643753646873e-06,1.867377932285308e-07,0.00034526732633821666,0.00023305648937821388,0.0002021093387156725,1.6928315162658691,3.568912982940674,0.29635629057884216,0.0,11.0,0.0,0.0,11.0,0.0,11.0,0.32035644849141437,0.19010354578495026,2.8014322916666665,0.26233601570129395,0.018461890518665314,-0.09779232740402222
296,1.005463060000011,111.644672,1.1988662481307983,0.29953324794769287,0.08170764893293381,0.166015625,0.09411601722240448,0.0,0.0714312419295311,0.002288972958922386,0.0819498747587204,5.103676812723279e-06,1.8430829129556514e-07,0.00034094363218173385,0.0002285194059368223,0.00020197810954414308,1.6184062957763672,3.759174346923828,0.2963106036186218,0.0,11.0,0.0,0.0,11.0,0.0,11.0,0.3205926815668742,0.1903541535139084,2.7754720052083335,0.26264609893163043,0.018472231924533844,-0.09758740663528442
297,1.0351299600001767,111.644672,1.212851881980896,0.3030362129211426,0.022666020318865776,0.1650390625,0.09508785605430603,0.0,0.07287147641181946,0.0025660661049187183,0.0792236328125,5.12434553456842e-06,1.8155034808842174e-07,0.0003386245807632804,0.00022697224630974233,0.0002001641842070967,1.5491169691085815,3.979990005493164,0.3125476539134979,0.0,20.0,0.0,0.0,20.0,0.0,20.0,0.321186641852061,0.19242314994335175,2.743896484375,0.26331130663553876,0.018573475380738575,-0.09751182794570923
298,1.021319252000012,111.644672,1.1698232889175415,0.3132299780845642,0.011462613940238953,0.166015625,0.09148620814085007,0.0,0.06862315535545349,0.0018271701410412788,0.0726318359375,5.131925263412995e-06,1.7617757919197174e-07,0.00033321906812489033,0.0002215200656792149,0.0001977999199880287,1.4979333877563477,4.038502216339111,0.2717869281768799,0.0,11.0,0.0,1.0,10.0,0.0,11.0,0.32191210985183716,0.20042264461517334,2.7378336588541665,0.2641608516375224,0.018542084842920303,-0.09734684228897095
299,1.0059444779999467,111.644672,1.1375329494476318,0.32636207342147827,0.018301954492926598,0.1640625,0.08786748349666595,0.0,0.07099820673465729,0.0017946854932233691,0.0775960311293602,5.169581527297851e-06,1.7343140257253253e-07,0.00033205162617377937,0.00022493301366921514,0.0001942825474543497,1.5092544555664062,4.0816144943237305,0.2756035029888153,0.0,12.0,0.0,0.0,12.0,0.0,12.0,0.32195476690928143,0.1952640414237976,2.73193359375,0.2643392086029053,0.018358580768108368,-0.09732729196548462
300,1.0039720520001083,111.644672,1.1038507223129272,0.3382084369659424,0.02625710889697075,0.162109375,0.08440844714641571,0.0,0.07200955599546432,0.0016323996242135763,0.0850016325712204,5.197979589866009e-06,1.8453155803399568e-07,0.000339951686328277,0.00023412369773723185,0.00019731101929210126,1.4924225807189941,4.09224796295166,0.2825448215007782,0.0,13.0,0.0,0.0,13.0,0.0,13.0,0.322162389755249,0.18509966135025024,2.7069905598958335,0.26457224289576214,0.018442779779434204,-0.09812885522842407
301,1.0308587060001173,111.644672,1.0999428033828735,0.34498798847198486,0.02921750210225582,0.1591796875,0.08411087840795517,0.0,0.07216064631938934,0.001385473646223545,0.0901285856962204,5.215490091359243e-06,2.0148422663623933e-07,0.0003496416029520333,0.00024371634935960174,0.000198919209651649,1.454516887664795,4.074968338012695,0.2890593409538269,0.0,12.0,0.0,0.0,12.0,0.0,12.0,0.32246168454488117,0.19569432735443115,2.6882731119791665,0.26473836104075116,0.0186655359963576,-0.09788912534713745
302,1.0141206999999213,111.644672,1.0969964265823364,0.3522835671901703,0.028404977172613144,0.1572265625,0.08378314226865768,0.0,0.07440241426229477,0.0014968039467930794,0.0958658903837204,5.185162081033923e-06,1.9347962165738863e-07,0.00034455745480954647,0.00023482588585466146,0.00020109687466174364,1.46555757522583,4.090237617492676,0.2761527895927429,0.0,10.0,0.0,0.0,10.0,0.0,10.0,0.3224936326344808,0.19883866608142853,2.6835123697916665,0.2646621863047282,0.018717216948668163,-0.09762650728225708
303,1.1735863239998707,111.644672,1.1249752044677734,0.3518281579017639,0.0349530354142189,0.1533203125,0.08611324429512024,0.0,0.07609887421131134,0.0018326386343687773,0.0951741561293602,5.1458309826557525e-06,1.8489018316358852e-07,0.0003429186763241887,0.00023734811111353338,0.00019652943592518568,1.5128834247589111,4.188753128051758,0.29851803183555603,0.0,17.0,0.0,0.0,17.0,0.0,17.0,0.3223794102668762,0.20127809047698975,2.7095133463541665,0.26440536975860596,0.01886819675564766,-0.09761267900466919
304,1.0375446729999567,111.644672,1.1103826761245728,0.34864068031311035,0.022129345685243607,0.1513671875,0.08511751890182495,0.0,0.07384161651134491,0.0016493949806317687,0.0885416716337204,5.069997314421926e-06,1.8303884985471086e-07,0.0003378665423952043,0.00023429380962625146,0.00019369821529835463,1.5093560218811035,4.101325035095215,0.2869909405708313,0.0,17.0,0.0,0.0,17.0,0.0,17.0,0.3222578962643941,0.19945384562015533,2.7249755859375,0.26435691118240356,0.01905638227860133,-0.09734946489334106
305,1.0484643259999302,111.644672,1.1269689798355103,0.3405125141143799,0.021678905934095383,0.1494140625,0.086418017745018,0.0,0.07745689153671265,0.0020931740291416645,0.0953776091337204,5.0964545152965e-06,1.749426701280754e-07,0.0003233687311876565,0.00022521917708218098,0.000184200907824561,1.563463568687439,3.9568212032318115,0.29855477809906006,0.0,10.0,0.0,0.0,10.0,0.0,10.0,0.32154687245686847,0.19009579718112946,2.7227376302083335,0.263582984606425,0.019110477219025295,-0.0972854495048523
306,1.0697750939998514,111.644672,1.153843641281128,0.3317726254463196,0.015048556961119175,0.1484375,0.08908629417419434,0.0,0.07702074944972992,0.0021642660722136497,0.0911051481962204,5.017397143092239e-06,1.6998376395349624e-07,0.0003270604065619409,0.0002257497690152377,0.00018844012811314315,1.5887243747711182,3.9307074546813965,0.3096389174461365,0.0,14.0,0.0,0.0,14.0,0.0,14.0,0.32154085238774616,0.18897436559200287,2.7352294921875,0.26362597942352295,0.019072401026884716,-0.0972490906715393
307,1.0775723829999606,111.644672,1.1674809455871582,0.3235640525817871,0.016460353508591652,0.146484375,0.09026312828063965,0.0,0.0777117908000946,0.0023042624816298485,0.0953776091337204,4.983347935194615e-06,1.6925979196003027e-07,0.00032381966593675315,0.0002195143315475434,0.00019093402079306543,1.6829509735107422,3.9075193405151367,0.32064929604530334,0.0,19.0,0.0,0.0,19.0,0.0,19.0,0.32151248057683307,0.18968887627124786,2.7497965494791665,0.26386253039042157,0.019051569203535717,-0.09750372171401978
308,1.0598144809998757,111.644672,1.1747643947601318,0.3120984137058258,0.011425572447478771,0.1455078125,0.09110744297504425,0.0,0.07525418698787689,0.0019449086394160986,0.0929362028837204,4.993278253095923e-06,1.7072451896638086e-07,0.0003238963254261762,0.0002216363063780591,0.00018868273764383048,1.73431396484375,3.8686511516571045,0.3147762417793274,0.0,17.0,0.0,1.0,16.0,0.0,17.0,0.3218246102333069,0.19130481779575348,2.7661539713541665,0.2644452253977458,0.018960288415352505,-0.09742647409439087
309,1.0561911429999782,111.644672,1.1754519939422607,0.30536457896232605,0.013530160300433636,0.14453125,0.09136082977056503,0.0,0.07481783628463745,0.0019585981499403715,0.0924072265625,5.008590505894972e-06,1.7867378687697055e-07,0.00032889755675569177,0.00022562264348380268,0.00018955090490635484,1.7494916915893555,3.870878219604492,0.3001823425292969,0.0,16.0,0.0,0.0,16.0,0.0,16.0,0.3222510019938151,0.19213534891605377,2.781982421875,0.26464031140009564,0.018878756711880367,-0.09751373529434204
310,1.1764784430001782,111.644672,1.1540212631225586,0.3037109076976776,0.030081890523433685,0.142578125,0.08941051363945007,0.0,0.07328277826309204,0.0016463648062199354,0.0894368514418602,4.982674454367952e-06,1.805854026315501e-07,0.0003308443119749427,0.00022954632004257292,0.00018655596068128943,1.7900819778442383,3.862326145172119,0.3097732961177826,0.0,17.0,0.0,0.0,17.0,0.0,17.0,0.3228934605916341,0.19601209461688995,2.7696126302083335,0.2649043599764506,0.018961018572251003,-0.09756356477737427
311,1.117632211,111.644672,1.1275867223739624,0.30489110946655273,0.04202910140156746,0.142578125,0.08725540339946747,0.0,0.07237401604652405,0.0014732249546796083,0.0858154296875,4.960395472153323e-06,1.6986328432722075e-07,0.0003228220739401877,0.00021775253117084503,0.0001912117877509445,1.7278121709823608,3.808034896850586,0.2891165018081665,0.0,14.0,0.0,0.0,14.0,0.0,14.0,0.323081374168396,0.19712185859680176,2.7782796223958335,0.2648379405339559,0.01909843956430753,-0.09734946489334106
312,1.1008000660001471,111.644672,1.1160274744033813,0.3084072470664978,0.03756820037961006,0.1416015625,0.08610934019088745,0.0,0.07259948551654816,0.0014685825444757938,0.0908610075712204,4.997788437322015e-06,1.699041689562364e-07,0.00032445669057779014,0.00022335979156196117,0.00018698940402828157,1.6431052684783936,3.840614080429077,0.28453752398490906,0.0,17.0,0.0,0.0,17.0,0.0,17.0,0.32327359914779663,0.19693416357040405,2.7925618489583335,0.26484690109888714,0.018902304271856945,-0.09733742475509644
313,1.0729876059999697,111.644672,1.1069601774215698,0.31625330448150635,0.04338201880455017,0.140625,0.0850256010890007,0.0,0.07473941892385483,0.001589197083376348,0.0956624373793602,5.021352990297601e-06,1.76518369698897e-07,0.00033283382072113454,0.00023442930250894278,0.00018659525085240602,1.599747657775879,3.874129295349121,0.2952594757080078,0.0,13.0,0.0,0.0,13.0,0.0,13.0,0.32331424951553345,0.1970638632774353,2.7907307942708335,0.2650350530942281,0.019083792964617412,-0.09729188680648804
314,1.0701175629999398,111.644672,1.099899411201477,0.323172390460968,0.013652787543833256,0.1396484375,0.08434729278087616,0.0,0.07663482427597046,0.0018548208754509687,0.1001383513212204,5.005622369935736e-06,1.6212763398470997e-07,0.00031573293381370604,0.00021884786838199943,0.00017985032172873616,1.5092071294784546,3.984321355819702,0.2836645841598511,0.0,13.0,0.0,0.0,13.0,0.0,13.0,0.32402998208999634,0.19706928730010986,2.7609456380208335,0.2658093372980754,0.019222383697827656,-0.09738999605178833
315,1.0761887070000284,111.644672,1.0601506233215332,0.33717137575149536,0.025652948766946793,0.1396484375,0.08032733201980591,0.0,0.07481827586889267,0.0017488873563706875,0.09619140625,4.954220003128285e-06,1.6512831280124374e-07,0.0003240396035835147,0.00022145826369524002,0.00018914898100774735,1.4602868556976318,4.071346282958984,0.29207977652549744,0.0,21.0,0.0,0.0,21.0,0.0,21.0,0.3247382442156474,0.19826698303222656,2.7467041015625,0.26648203531901044,0.01935537780324618,-0.09739667177200317
316,1.0415534250000746,111.644672,1.0219659805297852,0.35319551825523376,0.024392353370785713,0.1357421875,0.07641655206680298,0.0,0.07463596016168594,0.0017701414180919528,0.0919189453125,4.999231350666378e-06,1.7870377178041963e-07,0.00033221274497918785,0.0002351043513044715,0.00018636549066286534,1.4728736877441406,4.142055034637451,0.2861233651638031,0.0,14.0,0.0,0.0,14.0,0.0,14.0,0.32467472553253174,0.20468807220458984,2.751708984375,0.2666919430096944,0.01934826746582985,-0.09747511148452759
317,1.0614549160000024,111.644672,1.0216174125671387,0.3610782325267792,0.039523832499980927,0.1337890625,0.07618072628974915,0.0,0.075762078166008,0.0019464341457933187,0.0996500700712204,4.987189640814904e-06,1.7241978866877616e-07,0.0003225753898732364,0.00022035057190805674,0.00018906906188931316,1.5008728504180908,4.2232794761657715,0.2930956780910492,0.0,18.0,0.0,0.0,18.0,0.0,18.0,0.324226438999176,0.20159389078617096,2.7562662760416665,0.26653216282526654,0.019260577857494354,-0.09725886583328247
318,1.0478777680000348,111.644672,1.0186342000961304,0.3626667857170105,0.035864803940057755,0.1328125,0.07586944103240967,0.0,0.07513981312513351,0.0019967127591371536,0.1008707731962204,4.9992040658253245e-06,1.736662795792654e-07,0.0003272808971814811,0.00022821080347057432,0.00018737446225713938,1.541377067565918,4.119712829589844,0.29216378927230835,0.0,12.0,0.0,0.0,12.0,0.0,12.0,0.3237415353457133,0.1904609054327011,2.7606201171875,0.26590530077616376,0.01916590208808581,-0.09726446866989136
319,1.050452297999982,111.644672,1.0278537273406982,0.3591228723526001,0.037829622626304626,0.130859375,0.07677881419658661,0.0,0.07427414506673813,0.002175765810534358,0.0945231169462204,4.967160748492461e-06,1.733711769702495e-07,0.0003249840228818357,0.00022874886053614318,0.0001830763358157128,1.5975818634033203,4.08933162689209,0.29638946056365967,0.0,19.0,0.0,0.0,19.0,0.0,19.0,0.32321951786677044,0.1875639408826828,2.7947184244791665,0.2654727101325989,0.019260824968417484,-0.09727758169174194
320,1.0305237869999928,111.644672,1.0224241018295288,0.35329246520996094,0.014925102703273296,0.130859375,0.07651425898075104,0.0,0.07219665497541428,0.0021223898511379957,0.0911458358168602,4.953692950948607e-06,1.5562548583147873e-07,0.0003132205456495285,0.00020762835629284382,0.00018882651056628674,1.6566604375839233,3.9296529293060303,0.29307612776756287,0.0,16.0,0.0,0.0,16.0,0.0,16.0,0.3226704001426697,0.18781353533267975,2.8175048828125,0.2649314800898234,0.019256836424271267,-0.09748250246047974
321,1.0255617580000944,111.644672,1.0326526165008545,0.3422605097293854,0.01097171101719141,0.1298828125,0.07743726670742035,0.0,0.07252668589353561,0.002213309518992901,0.0937093123793602,5.003395017411094e-06,1.589489642128683e-07,0.0003180346975568682,0.00021767066209577024,0.00018396279483567923,1.6806979179382324,3.84741473197937,0.29169726371765137,0.0,16.0,0.0,0.0,16.0,0.0,16.0,0.32199980815251666,0.1896287053823471,2.8258463541666665,0.2642180720965068,0.019420334448417027,-0.09774905443191528
322,1.014219654000044,111.644672,1.0434242486953735,0.3330303430557251,0.05115222558379173,0.1298828125,0.07831471413373947,0.0,0.07117011398077011,0.0020566557068377733,0.0939127653837204,4.992842605133774e-06,1.6776678535279643e-07,0.0003291160683147609,0.00022587405692320317,0.00019102904479950666,1.7195849418640137,3.8646674156188965,0.30373474955558777,0.0,16.0,0.0,0.0,16.0,0.0,16.0,0.3218885064125061,0.18983246386051178,2.8296712239583335,0.26398444175720215,0.019439971695343655,-0.09802371263504028
323,0.9935938199998873,111.644672,1.0521070957183838,0.32373282313346863,0.014269039034843445,0.1298828125,0.07907810807228088,0.0,0.07059016823768616,0.0018989922245964408,0.08984375,5.043485089117894e-06,1.533046258828108e-07,0.00031171340378932655,0.00021002166613470763,0.0001852751593105495,1.732501745223999,4.056905269622803,0.2983418405056,0.0,16.0,0.0,0.0,16.0,0.0,16.0,0.32222652435302734,0.19192369282245636,2.7991943359375,0.26434268554051715,0.01940712456901868,-0.0982627272605896
324,1.0475082180000754,111.644672,1.042197585105896,0.32134145498275757,0.04494147375226021,0.1298828125,0.07807516306638718,0.0,0.0708911269903183,0.0015908193308860064,0.0892740935087204,5.1241340770502575e-06,1.5153497656683612e-07,0.0003144371439702809,0.00021560100140050054,0.00018314667977392673,1.7541186809539795,4.135167598724365,0.2865322232246399,0.0,9.0,0.0,0.0,9.0,0.0,9.0,0.322626531124115,0.1926133930683136,2.783447265625,0.2645784219106038,0.019374600301186245,-0.09831053018569946
325,1.118739479999931,111.644672,1.0537786483764648,0.32380956411361694,0.012854929082095623,0.1259765625,0.07861792296171188,0.0,0.07251676172018051,0.001765417866408825,0.085693359375,5.100475391373038e-06,1.669696416684019e-07,0.0003262773097958416,0.0002239781169919297,0.0001886961399577558,1.8075950145721436,4.316581726074219,0.3173084259033203,0.0,17.0,0.0,0.0,17.0,0.0,17.0,0.32287925481796265,0.19155867397785187,2.7672119140625,0.26476895809173584,0.019377638896306355,-0.09830290079116821
326,1.0072788770000898,111.644672,1.070768117904663,0.32574090361595154,0.03436533361673355,0.125,0.08039350062608719,0.0,0.0718921646475792,0.0017919186502695084,0.08447265625,5.0932812882820144e-06,1.663973705490207e-07,0.00032492377795279026,0.00022437243023887277,0.00018464933964423835,1.7540290355682373,4.440229415893555,0.31369107961654663,0.0,20.0,0.0,0.0,20.0,0.0,20.0,0.3231213092803955,0.19258129596710205,2.7384033203125,0.26539812485376996,0.019434865564107895,-0.09815675020217896
327,0.992018422000001,111.644672,1.0751004219055176,0.32904595136642456,0.016736112534999847,0.125,0.0810043215751648,0.0,0.07054471224546432,0.0016806423664093018,0.0810953825712204,5.212140877119964e-06,1.5529882091414038e-07,0.00031412564567290246,0.00021375436335802078,0.00018387200543656945,1.6782803535461426,4.413262844085693,0.29722413420677185,0.0,9.0,0.0,0.0,9.0,0.0,9.0,0.3233277002970378,0.19086703658103943,2.7029215494791665,0.2657391428947449,0.019358488420645397,-0.09812527894973755
328,1.0030587650001053,111.644672,1.0695780515670776,0.33394962549209595,0.038561467081308365,0.125,0.08035895973443985,0.0,0.07252436131238937,0.0016573680331930518,0.0819905623793602,5.249914011073997e-06,1.5954661591877084e-07,0.00031733058858662844,0.00021959992591291666,0.00018220736819785088,1.6255998611450195,4.434108734130859,0.2992208003997803,0.0,19.0,0.0,0.0,19.0,0.0,19.0,0.32321826616923016,0.1903603971004486,2.7128092447916665,0.265799601872762,0.019402900089820225,-0.098064124584198
329,1.0060437530000854,111.644672,1.052440881729126,0.3350434899330139,0.012032563798129559,0.1240234375,0.07885327190160751,0.0,0.07215645909309387,0.001470964285545051,0.0841878280043602,5.294519269227749e-06,1.644031470959817e-07,0.0003228585119359195,0.0002253512357128784,0.0001825701183406636,1.5302464962005615,4.312437057495117,0.30090171098709106,0.0,12.0,0.0,0.0,12.0,0.0,12.0,0.3230755130449931,0.19047129154205322,2.7013346354166665,0.26601356267929077,0.01936957985162735,-0.09803324937820435
330,0.9997663980000198,111.644672,1.059323787689209,0.3312711715698242,0.03163522481918335,0.1240234375,0.07926258444786072,0.0,0.07652455568313599,0.0016986588016152382,0.0870361328125,5.291443812893704e-06,1.5843441758534027e-07,0.00031586538534611464,0.00021933803509455174,0.00017953687347471714,1.503922939300537,4.230867385864258,0.3167825937271118,0.0,13.0,0.0,0.0,13.0,0.0,13.0,0.3226962685585022,0.19127002358436584,2.6734212239583335,0.2656025489171346,0.019363635530074436,-0.09801441431045532
331,0.9919424290001189,111.644672,1.0966590642929077,0.32077860832214355,0.009852269664406776,0.1220703125,0.08305861800909042,0.0,0.07591215521097183,0.0015412191860377789,0.0854899138212204,5.289532964525279e-06,1.672911196237692e-07,0.0003223245730623603,0.00022858180454932153,0.00017902941908687353,1.4692448377609253,4.217090606689453,0.31160086393356323,0.0,17.0,0.0,0.0,17.0,0.0,17.0,0.3220470150311788,0.19231675565242767,2.6909586588541665,0.26510387659072876,0.019315247734387715,-0.09805244207382202
332,1.105190001999972,111.644672,1.0897681713104248,0.3216041922569275,0.014915539883077145,0.1220703125,0.08224718272686005,0.0,0.07771140336990356,0.0013770610094070435,0.0885823592543602,5.281335234030848e-06,1.6116413803501928e-07,0.0003187787951901555,0.00021987743093632162,0.00018426994211040437,1.5210975408554077,4.2414984703063965,0.3060806095600128,0.0,11.0,0.0,0.0,11.0,0.0,11.0,0.32147345940272015,0.18807627260684967,2.7170817057291665,0.26457669337590534,0.019297582407792408,-0.09811574220657349
333,1.0931357099998422,111.644672,1.1002000570297241,0.3224506974220276,0.03768104314804077,0.1201171875,0.08270189166069031,0.0,0.08332931995391846,0.0016345077892765403,0.0986328125,5.310344022291247e-06,1.7178587086164043e-07,0.00032466932316310704,0.0002187517675338313,0.00019019631145056337,1.6345646381378174,4.199108600616455,0.30738914012908936,0.0,7.0,0.0,0.0,7.0,0.0,7.0,0.32085704803466797,0.18811456859111786,2.7235514322916665,0.2641211946805318,0.019329326848189037,-0.09822028875350952
334,1.0137463210000988,111.644672,1.1373202800750732,0.31945937871932983,0.020558608695864677,0.1201171875,0.08547355979681015,0.0,0.08775240182876587,0.0020445266272872686,0.1102701872587204,5.350105311663356e-06,1.8439691018556914e-07,0.0003378705296199769,0.00023335672449320555,0.00019424482889007777,1.7393712997436523,4.336536407470703,0.3353174328804016,0.0,16.0,0.0,0.0,16.0,0.0,16.0,0.3207247257232666,0.19276350736618042,2.7088216145833335,0.2640664180119832,0.019332355509201687,-0.0983538031578064
335,1.0127751400000307,111.644672,1.1452323198318481,0.3238333761692047,0.037391550838947296,0.119140625,0.08574776351451874,0.0,0.08928465098142624,0.0021444985177367926,0.1147867888212204,5.383853022067342e-06,1.7255551654216106e-07,0.0003213660093024373,0.00021611788542941213,0.0001897007750812918,1.8534066677093506,4.477242946624756,0.34562045335769653,0.0,18.0,0.0,0.0,18.0,0.0,18.0,0.32057400544484455,0.19303584098815918,2.7122802734375,0.26429710785547894,0.019409410655498505,-0.09849268198013306
336,1.0397849789999327,111.644672,1.144972562789917,0.32358241081237793,0.016907619312405586,0.1181640625,0.08598463982343674,0.0,0.08648937940597534,0.0017472943291068077,0.112548828125,5.317191153153544e-06,1.8269471979692753e-07,0.0003286352730356157,0.0002335545577807352,0.00017966370796784759,1.9024989604949951,4.43686056137085,0.3499617576599121,0.0,22.0,0.0,0.0,22.0,0.0,22.0,0.3209531903266907,0.1969386637210846,2.72607421875,0.2650281588236491,0.01938585191965103,-0.09862643480300903
337,1.0534862299998622,111.644672,1.143789529800415,0.31940144300460815,0.013340937905013561,0.1162109375,0.08602731674909592,0.0,0.08703026175498962,0.0018508031498640776,0.1180013045668602,5.292228706821334e-06,1.7613785985304276e-07,0.00033302028896287084,0.00023203645832836628,0.00019031039846595377,1.893141746520996,4.248501777648926,0.34693431854248047,0.0,19.0,0.0,0.0,19.0,0.0,19.0,0.3205147584279378,0.20118576288223267,2.7342122395833335,0.264762024084727,0.019350513815879822,-0.09869581460952759
338,1.068965918999993,111.644672,1.19672691822052,0.30913490056991577,0.02473873645067215,0.1162109375,0.09132120013237,0.0,0.0866880714893341,0.001969360513612628,0.1167399138212204,5.27718066223315e-06,1.64268357139008e-07,0.0003135442966595292,0.0002069530019070953,0.0001897377660498023,1.763601303100586,4.16229772567749,0.37303078174591064,0.0,18.0,0.0,0.0,18.0,0.0,18.0,0.32047808170318604,0.20089614391326904,2.7312418619791665,0.264463206132253,0.01926819110910098,-0.09867483377456665
339,1.0202485219999744,111.644672,1.227986454963684,0.30180060863494873,0.0334182009100914,0.1162109375,0.09497363865375519,0.0,0.08698630332946777,0.0019420532044023275,0.1148274764418602,5.280666300677694e-06,1.7206444624662254e-07,0.00033257491304539144,0.00022061924391891807,0.0001992444013012573,1.634136438369751,3.9680161476135254,0.3605799078941345,0.0,14.0,0.0,0.0,14.0,0.0,14.0,0.32068872451782227,0.19987279176712036,2.7262369791666665,0.2647929588953654,0.019379983345667522,-0.09843403100967407
340,1.0062386229999447,111.644672,1.2265520095825195,0.29986128211021423,0.06958318501710892,0.1162109375,0.09472646564245224,0.0,0.08936993777751923,0.002003585919737816,0.1212158203125,5.26706480741268e-06,1.7612623537388572e-07,0.0003353537176735699,0.00022177367645781487,0.00020148517796769738,1.6079297065734863,3.831026077270508,0.3653847575187683,0.0,10.0,0.0,0.0,10.0,0.0,10.0,0.3207600514094035,0.19771069288253784,2.7186279296875,0.26482945680618286,0.019299164414405823,-0.09828716516494751
341,0.9985404710000694,111.644672,1.2261532545089722,0.302747517824173,0.025368811562657356,0.115234375,0.09405484050512314,0.0,0.09390030801296234,0.0025197563227266073,0.1232096403837204,5.301963028614409e-06,1.6532160884707991e-07,0.0003221652877982706,0.00021006233873777092,0.00019788781355600804,1.6316550970077515,4.0132365226745605,0.37079256772994995,0.0,13.0,0.0,0.0,13.0,0.0,13.0,0.3208719491958618,0.19879668951034546,2.73583984375,0.2647327780723572,0.01935298616687457,-0.09824949502944946
342,1.1957842679998976,111.644672,1.2167295217514038,0.30755504965782166,0.018413614481687546,0.1142578125,0.09296153485774994,0.0,0.09467866271734238,0.0027910261414945126,0.1217041015625,5.288234206091147e-06,1.7574760136085388e-07,0.00032868896960280836,0.0002276416344102472,0.00018564585479907691,1.6318433284759521,4.184566497802734,0.38818472623825073,0.0,22.0,0.0,0.0,22.0,0.0,22.0,0.3217725157737732,0.19903528690338135,2.6971842447916665,0.265313188234965,0.019504652669032414,-0.09822207689285278
343,1.0313962339998852,111.644672,1.1724755764007568,0.3166032135486603,0.030741890892386436,0.111328125,0.08916634321212769,0.0,0.0918954610824585,0.0026316549628973007,0.119873046875,5.176252216188004e-06,1.6601052266196348e-07,0.0003166363458149135,0.00021453594672493637,0.00018500792793929577,1.683830738067627,4.228752136230469,0.36490368843078613,0.0,22.0,0.0,0.0,22.0,0.0,22.0,0.3228868047396342,0.19648349285125732,2.7076009114583335,0.2660675247510274,0.019491802901029587,-0.09819430112838745
344,1.0014160960001846,111.644672,1.1402512788772583,0.32342010736465454,0.02521965093910694,0.1103515625,0.08651749789714813,0.0,0.08806243538856506,0.0025177355855703354,0.1162109375,5.1479337344062515e-06,1.6133901681314455e-07,0.00031245718128047884,0.00021850489429198205,0.00017648660286795348,1.6382782459259033,4.209031581878662,0.3345956802368164,0.0,19.0,0.0,0.0,19.0,0.0,19.0,0.3230147163073222,0.19360259175300598,2.7181396484375,0.26643898089726764,0.019511620203653973,-0.09818035364151001
345,0.9962518709999131,111.644672,1.1144298315048218,0.32957303524017334,0.0300163421779871,0.1103515625,0.08416110277175903,0.0,0.08408735692501068,0.0023680212907493114,0.1101888045668602,5.101764600112801e-06,1.6763321752932825e-07,0.0003201838117092848,0.00022768054623156786,0.00017694079724606127,1.5227668285369873,4.166316032409668,0.3445736765861511,0.0,25.0,0.0,0.0,25.0,0.0,25.0,0.3225758870442708,0.19068995118141174,2.7423502604166665,0.26634544134140015,0.01957429200410843,-0.09820228815078735
346,0.9900115579998783,111.644672,1.0889208316802979,0.3340885043144226,0.014649453572928905,0.1103515625,0.08223254233598709,0.0,0.07986032217741013,0.0019475551089271903,0.1048990935087204,5.080958999315044e-06,1.6525937951428205e-07,0.00031936782761476934,0.00021471688523888588,0.0001900726929306984,1.4635347127914429,4.011015892028809,0.3242873549461365,0.0,14.0,0.0,0.0,14.0,0.0,14.0,0.3219500581423442,0.1940167248249054,2.7668863932291665,0.26578529675801593,0.01959506298104922,-0.09825235605239868
347,0.9933412739999312,111.644672,1.088453769683838,0.3328242897987366,0.01643482595682144,0.1103515625,0.08166439831256866,0.0,0.08079101890325546,0.0020402565132826567,0.1029866561293602,5.129691999172792e-06,1.634372210901347e-07,0.00031691050389781594,0.00021825374278705567,0.00018280504446011037,1.5015662908554077,3.9465529918670654,0.3533352315425873,0.0,18.0,0.0,0.0,18.0,0.0,18.0,0.32096153497695923,0.19435793161392212,2.779052734375,0.2648472785949707,0.019429511080185573,-0.09833639860153198
348,0.9843362759997945,111.644672,1.0889891386032104,0.3259071707725525,0.01499619334936142,0.1103515625,0.0820249542593956,0.0,0.07817301154136658,0.0017171574290841818,0.0989583358168602,5.124824383528903e-06,1.531922748654324e-07,0.00030858381069265306,0.00020726774528156966,0.00018491646915208548,1.5333417654037476,3.8974757194519043,0.3440278470516205,0.0,14.0,0.0,0.0,14.0,0.0,14.0,0.32076825698216754,0.19768285751342773,2.7743326822916665,0.26465700070063275,0.019444598505894344,-0.09843510389328003
349,0.9645688460000201,111.644672,1.0910152196884155,0.3196691572666168,0.014833742752671242,0.109375,0.08223091810941696,0.0,0.0786687433719635,0.0017878896323964,0.1022135466337204,5.186658199818339e-06,1.6395196666962875e-07,0.00031084107467904687,0.00021842958813067526,0.0001744752808008343,1.6026638746261597,3.8382391929626465,0.34417662024497986,0.0,13.0,0.0,0.0,13.0,0.0,13.0,0.3202950954437256,0.20168918371200562,2.7754313151041665,0.2643543283144633,0.01944381867845853,-0.09852522611618042
350,0.9843395370000962,111.644672,1.1081459522247314,0.31286853551864624,0.04238709807395935,0.107421875,0.08337699621915817,0.0,0.0800347775220871,0.001959851011633873,0.1028238981962204,5.220338607614394e-06,1.6285434867313597e-07,0.00031652924371883273,0.0002199653536081314,0.00018099229782819748,1.6615546941757202,3.821514129638672,0.3723694682121277,0.0,14.0,0.0,0.0,14.0,0.0,14.0,0.32000776131947833,0.19920867681503296,2.7601318359375,0.2641327381134033,0.019489628573258717,-0.09853106737136841
351,0.9974629639998511,111.644672,1.1087151765823364,0.31179022789001465,0.010636434890329838,0.107421875,0.08326137810945511,0.0,0.07949043810367584,0.0019374907715246081,0.1016031950712204,5.183413122722413e-06,1.6242054812209972e-07,0.0003136108862236142,0.00021764710254501551,0.00017876751371659338,1.6929950714111328,3.971302032470703,0.38829371333122253,0.0,19.0,0.0,0.0,19.0,0.0,19.0,0.3199695547421773,0.1989160180091858,2.7721761067708335,0.2643931706746419,0.0195030743877093,-0.09729021787643433
352,1.002710979000085,111.644672,1.0989817380905151,0.31532180309295654,0.010184602811932564,0.1064453125,0.08253172039985657,0.0,0.07742755115032196,0.0016958232736214995,0.1011962890625,5.131113994139014e-06,1.5244094697663968e-07,0.0003092174883931875,0.00021673503215424716,0.00017361724167130888,1.7415990829467773,4.051137924194336,0.37724143266677856,0.0,17.0,0.0,0.0,17.0,0.0,17.0,0.320501705010732,0.19856470823287964,2.7649739583333335,0.2649165789286296,0.019467638184626896,-0.09728807210922241
353,1.1577873349999663,111.644672,1.1008830070495605,0.3170323967933655,0.010096807964146137,0.10546875,0.08277718722820282,0.0,0.07715760916471481,0.0015609109541401267,0.0975341796875,5.116729425935773e-06,1.6147708947755746e-07,0.0003164279041811824,0.00022583719692192972,0.0001730001240503043,1.7029527425765991,4.056303024291992,0.372877299785614,0.0,12.0,0.0,0.0,12.0,0.0,12.0,0.3205619255701701,0.19848871231079102,2.7577718098958335,0.26525264978408813,0.01932832847038905,-0.09737187623977661
354,1.049302244000046,111.644672,1.1074841022491455,0.3199007511138916,0.015263457782566547,0.10546875,0.08306342363357544,0.0,0.07970042526721954,0.0017663853941485286,0.1020100936293602,5.112328835821245e-06,1.4190078445608378e-07,0.00029723174520768225,0.00019963865634053946,0.00017684884369373322,1.6464974880218506,4.138927936553955,0.38395845890045166,0.0,11.0,0.0,0.0,11.0,0.0,11.0,0.32053232192993164,0.19958597421646118,2.7523193359375,0.26542045672734577,0.01924661671121915,-0.09750479459762573
355,1.0840198239998244,111.644672,1.123846411705017,0.31912368535995483,0.019321158528327942,0.10546875,0.08459556102752686,0.0,0.08205430209636688,0.0019243558635935187,0.102294921875,5.131790203449782e-06,1.43038548117147e-07,0.00029645205358974636,0.00020611262880265713,0.0001690764765953645,1.5737190246582031,4.102302551269531,0.3929220139980316,0.0,13.0,0.0,0.0,13.0,0.0,13.0,0.32032255331675213,0.20021548867225647,2.7246907552083335,0.2652949094772339,0.019377365708351135,-0.09766155481338501
356,1.079232237000042,111.644672,1.145154356956482,0.3125806450843811,0.009822413325309753,0.103515625,0.08672116696834564,0.0,0.08381612598896027,0.0018532276153564453,0.1031494140625,5.093206254969118e-06,1.5362309113697847e-07,0.0003064604534301907,0.00021644045773427933,0.00017233513062819839,1.5216805934906006,4.123419284820557,0.3954986035823822,0.0,14.0,0.0,0.0,14.0,0.0,14.0,0.3202923536300659,0.1960148811340332,2.7118326822916665,0.2652767499287923,0.019457136591275532,-0.0977051854133606
357,1.0633131760000651,111.644672,1.1429129838943481,0.3127442002296448,0.011060507036745548,0.103515625,0.0863906592130661,0.0,0.08506137132644653,0.0018354536732658744,0.1019287109375,5.118583430885337e-06,1.3637389884024742e-07,0.0002940522972494364,0.00020456218044273555,0.0001676387619227171,1.528002142906189,4.1586222648620605,0.3928496241569519,0.0,12.0,0.0,0.0,12.0,0.0,12.0,0.3205275932947795,0.18195271492004395,2.7156168619791665,0.26539377371470135,0.019485754271348316,-0.09754687547683716
358,1.0705403980000483,111.644672,1.1516963243484497,0.31420767307281494,0.024584049358963966,0.103515625,0.08696438372135162,0.0,0.08888918161392212,0.002056259661912918,0.1140543669462204,5.178715127840405e-06,1.6677040548529476e-07,0.0003182752407155931,0.00022732451907359064,0.00017538372776471078,1.523577094078064,4.1820387840271,0.38942617177963257,0.0,13.0,0.0,0.0,13.0,0.0,13.0,0.3202066620190938,0.17970812320709229,2.7245279947916665,0.26518893241882324,0.019405631969372433,-0.09754902124404907
359,1.0535766610000792,111.644672,1.1573411226272583,0.3165271282196045,0.011222236789762974,0.103515625,0.08712959289550781,0.0,0.09009408950805664,0.0018756194040179253,0.1175130233168602,5.173808858671691e-06,1.5230880023864302e-07,0.00030303531093522906,0.0002108657208736986,0.00017326194210909307,1.5560433864593506,4.255671501159668,0.41000139713287354,0.0,16.0,0.0,0.0,16.0,0.0,16.0,0.3202393253644307,0.18312817811965942,2.6970621744791665,0.2653561035792033,0.019353684037923813,-0.09760171175003052
360,1.0434838119999768,111.644672,1.1659578084945679,0.31524503231048584,0.016613859683275223,0.1025390625,0.08811096847057343,0.0,0.09092336893081665,0.0015075368573889136,0.1210530623793602,5.1338911362108774e-06,1.547755346109625e-07,0.00030504068126901984,0.00021446353639476,0.00017129804473370314,1.5710481405258179,4.343473434448242,0.38423919677734375,0.0,9.0,0.0,0.0,9.0,0.0,9.0,0.3205877145131429,0.19364064931869507,2.6982421875,0.26586830615997314,0.019394385317961376,-0.09769970178604126
361,1.0988031980000414,111.644672,1.1473863124847412,0.3236353397369385,0.024799242615699768,0.1015625,0.08547808229923248,0.0,0.09562352299690247,0.001902801333926618,0.1293538510799408,5.210239578445908e-06,1.54916421024609e-07,0.0003024516627192497,0.00020852137822657824,0.0001740674488246441,1.6986467838287354,4.385362148284912,0.40581274032592773,0.0,16.0,0.0,0.0,16.0,0.0,16.0,0.3203807473182678,0.1939677596092224,2.6870524088541665,0.26573942104975384,0.01935550073782603,-0.09782463312149048
362,1.05473221200009,111.644672,1.160195231437683,0.3211744427680969,0.026648426428437233,0.1015625,0.08670513331890106,0.0,0.09622146934270859,0.0020079324021935463,0.1329345703125,5.227905603533145e-06,1.5132161479414208e-07,0.00030646324739791453,0.00020511652110144496,0.00018358507077209651,1.7174773216247559,4.3780317306518555,0.4056456983089447,0.0,18.0,0.0,0.0,18.0,0.0,18.0,0.3201189438501994,0.1950598955154419,2.6835530598958335,0.2656192382176717,0.01929931715130806,-0.09784072637557983
363,1.0521072750000258,111.644672,1.1493772268295288,0.3203586935997009,0.014817249029874802,0.1015625,0.08564117550849915,0.0,0.0961325466632843,0.002085508778691292,0.1354573667049408,5.22387108503608e-06,1.7151273823401425e-07,0.0003258395881857723,0.0002168746868846938,0.00019812848768197,1.7390804290771484,4.25929069519043,0.41781187057495117,0.0,21.0,0.0,0.0,21.0,0.0,21.0,0.3199557662010193,0.1958855390548706,2.6888834635416665,0.26536162694295246,0.019303179035584133,-0.09750813245773315
364,1.080340144000047,111.644672,1.1771798133850098,0.31211429834365845,0.014781738631427288,0.1005859375,0.08857430517673492,0.0,0.09560992568731308,0.0021605670917779207,0.1337483823299408,5.148855962033849e-06,1.5383909612864954e-07,0.00031592100276611745,0.0001990970631595701,0.00020315998699516058,1.7841293811798096,4.195017337799072,0.4147714376449585,0.0,17.0,0.0,0.0,17.0,0.0,17.0,0.31952333450317383,0.19745707511901855,2.7168782552083335,0.2651265660921733,0.0193939246237278,-0.09756642580032349
365,1.0870274549999976,111.644672,1.2059192657470703,0.30324411392211914,0.0156402550637722,0.1005859375,0.091630719602108,0.0,0.09475462883710861,0.0023766551166772842,0.1365966796875,5.147941010363866e-06,1.7198293278397614e-07,0.00033258702023886144,0.0002131849032593891,0.000209938851185143,1.768958330154419,4.138705253601074,0.4149739146232605,0.0,19.0,0.0,0.0,19.0,0.0,19.0,0.31951598326365155,0.19534313678741455,2.7171630859375,0.26522870858510333,0.019565874089797337,-0.09766250848770142
366,1.1176485400001184,111.644672,1.2050529718399048,0.2960463762283325,0.02029791846871376,0.099609375,0.09205596148967743,0.0,0.090436652302742,0.002260809764266014,0.1304117888212204,5.10148674948141e-06,1.5886152482380567e-07,0.0003157732426188886,0.00020509291789494455,0.00019538833294063807,1.6822799444198608,4.006274223327637,0.4172705113887787,0.0,27.0,0.0,0.0,27.0,0.0,27.0,0.32021864255269367,0.19531995058059692,2.7002766927083335,0.26577605803807575,0.019629294673601787,-0.0974302887916565
367,1.0847176099998705,111.644672,1.2179057598114014,0.29005613923072815,0.027248967438936234,0.099609375,0.09361456334590912,0.0,0.08792414516210556,0.0022548965644091368,0.1212158203125,5.0789822125807405e-06,1.6342747244380007e-07,0.000327492190990597,0.00022050124243833125,0.00019671616610139608,1.6486337184906006,4.039280891418457,0.4087693393230438,0.0,18.0,0.0,0.0,18.0,0.0,18.0,0.32061344385147095,0.19628006219863892,2.7287190755208335,0.26612655321757,0.019478987902402878,-0.0974162220954895
368,1.1736675590000232,111.644672,1.1935724020004272,0.2901209592819214,0.01732398010790348,0.0986328125,0.09162133932113647,0.0,0.08403128385543823,0.0021408437751233578,0.1116943359375,5.0643666327232495e-06,1.5160831878802128e-07,0.0003137819585390389,0.00020664490875788033,0.00019032966520171613,1.6176445484161377,4.001463890075684,0.4069996774196625,0.0,28.0,0.0,0.0,28.0,0.0,28.0,0.3214251399040222,0.19677108526229858,2.7345377604166665,0.26674048105875653,0.01971525823076566,-0.0974777340888977
369,1.0507353950001743,111.644672,1.1781705617904663,0.29083189368247986,0.04317915067076683,0.0986328125,0.0905926525592804,0.0,0.08002787083387375,0.0019298400729894638,0.1050211638212204,5.0540411393740214e-06,1.6354596255041542e-07,0.00032147273304872215,0.00022312448709271848,0.0001847520179580897,1.603656530380249,3.9065253734588623,0.4066496789455414,0.0,11.0,0.0,0.0,11.0,0.0,11.0,0.3220942219098409,0.19896847009658813,2.75048828125,0.26719919840494794,0.019728707770506542,-0.0970349907875061
370,1.0483464409999215,111.644672,1.1372666358947754,0.2970293462276459,0.04493222013115883,0.0966796875,0.08658193051815033,0.0,0.07862000167369843,0.0018657443579286337,0.0984700545668602,5.084970325697213e-06,1.423137945266717e-07,0.0002976824180223048,0.00020108476746827364,0.000176480200025253,1.5710499286651611,3.8944854736328125,0.40459340810775757,0.0,21.0,0.0,0.0,21.0,0.0,21.0,0.3221876819928487,0.19958332180976868,2.7548421223958335,0.26725133260091144,0.019748854140440624,-0.09705442190170288
371,1.028387979999934,111.644672,1.0916911363601685,0.30943724513053894,0.013102196156978607,0.0947265625,0.08240440487861633,0.0,0.07579664885997772,0.0017229057848453522,0.0921223983168602,5.075726221548393e-06,1.8035396465165832e-07,0.0003345219593029469,0.0002437746006762609,0.00017992440552916378,1.4949102401733398,4.04102897644043,0.38224920630455017,0.0,18.0,0.0,0.0,18.0,0.0,18.0,0.32266761859258014,0.19879603385925293,2.7607828776041665,0.26750487089157104,0.019687493642171223,-0.09704655408859253
372,1.017501478999975,111.644672,1.0441148281097412,0.326846718788147,0.019557176157832146,0.09375,0.07768665254116058,0.0,0.07416994869709015,0.0014827498234808445,0.0925699919462204,5.000384589948226e-06,1.5216537008200248e-07,0.00031382121960632503,0.00021934747928753495,0.00017647675122134387,1.4246327877044678,4.156766414642334,0.3909463882446289,0.0,11.0,0.0,0.0,11.0,0.0,11.0,0.32293405135472614,0.18803125619888306,2.7568359375,0.2678305506706238,0.019627923766771953,-0.09700924158096313
373,0.9854270509999878,111.644672,1.0127015113830566,0.34453701972961426,0.022734828293323517,0.0927734375,0.07437486201524734,0.0,0.07539935410022736,0.0016054082661867142,0.0977783203125,4.9687714636093006e-06,1.6858655271789758e-07,0.00031883944757282734,0.0002265250077471137,0.00017597980331629515,1.4294993877410889,4.277318954467773,0.3815188407897949,0.0,10.0,0.0,0.0,10.0,0.0,10.0,0.3224395314852397,0.17112618684768677,2.768310546875,0.2675856153170268,0.019627234588066738,-0.09700208902359009
374,1.0083720380000614,111.644672,1.0175225734710693,0.352536141872406,0.037087004631757736,0.0927734375,0.07436075806617737,0.0,0.07808901369571686,0.0018240995705127716,0.1051839217543602,5.011875600757776e-06,1.5041293011108792e-07,0.00031065207440406084,0.00020600877178367227,0.00018713016470428556,1.4444384574890137,4.373948574066162,0.39003893733024597,0.0,11.0,0.0,0.0,11.0,0.0,11.0,0.3219316005706787,0.17764341831207275,2.7718912760416665,0.26696352163950604,0.019539573540290196,-0.09705263376235962
375,1.0063021040000422,111.644672,1.0263211727142334,0.3551652431488037,0.031729958951473236,0.0927734375,0.07499851286411285,0.0,0.07920369505882263,0.001980012049898505,0.1053873747587204,5.080783921584953e-06,1.7111105421463435e-07,0.00032580544939264655,0.000224227987928316,0.0001893283915705979,1.4475245475769043,4.387080192565918,0.3995211124420166,0.0,13.0,0.0,0.0,13.0,0.0,13.0,0.3214753270149231,0.18364423513412476,2.7541910807291665,0.2664928436279297,0.019432281454404194,-0.0971406102180481
376,1.0537747939999917,111.644672,1.0234792232513428,0.3546159565448761,0.026779137551784515,0.0927734375,0.07461663335561752,0.0,0.07864437997341156,0.002263128524646163,0.1049397811293602,5.144528586242814e-06,1.5524580021519796e-07,0.0003165208036080003,0.00020951549231540412,0.00019567887648008764,1.4847339391708374,4.279369354248047,0.40073704719543457,0.0,15.0,0.0,0.0,15.0,0.0,15.0,0.32097703218460083,0.18715894222259521,2.7528483072916665,0.26590196291605633,0.01936444267630577,-0.09711486101150513
377,1.0530735549998553,111.644672,1.026585340499878,0.3488427698612213,0.03398336470127106,0.0927734375,0.07509559392929077,0.0,0.07454605400562286,0.002012161538004875,0.0955403670668602,5.084315944259288e-06,1.6288645099393761e-07,0.0003175961319357157,0.00021183041098993272,0.00019231965416111052,1.57780122756958,4.220912933349609,0.40282389521598816,0.0,21.0,0.0,0.0,21.0,0.0,21.0,0.3206711212793986,0.18893146514892578,2.7881266276041665,0.2655821641286214,0.019373069206873577,-0.09713894128799438
378,1.0462983990000794,111.644672,1.0398861169815063,0.3392239809036255,0.019726499915122986,0.0927734375,0.07692347466945648,0.0,0.07196220010519028,0.0017771029379218817,0.0928141325712204,5.015103852201719e-06,1.7494119219918502e-07,0.0003376039385329932,0.00023363866785075516,0.00019371631788089871,1.645899772644043,4.208833694458008,0.3788880705833435,0.0,18.0,0.0,0.0,18.0,0.0,18.0,0.32044323285420734,0.19063520431518555,2.8072916666666665,0.2654721140861511,0.01935826614499092,-0.09713548421859741
379,1.0270917240000017,111.644672,1.0471858978271484,0.3262611925601959,0.03767788037657738,0.091796875,0.07786313444375992,0.0,0.0703979879617691,0.0013760619331151247,0.0889892578125,4.948807600158034e-06,1.5275490738986264e-07,0.00030884353327564895,0.00020729991956613958,0.00018428036128170788,1.6823570728302002,4.120645999908447,0.38399577140808105,0.0,13.0,0.0,0.0,13.0,0.0,13.0,0.32077054182688397,0.19053584337234497,2.8248291015625,0.26571627457936603,0.01937114695707957,-0.09715348482131958
380,1.0232066419998773,111.644672,1.0887693166732788,0.31389331817626953,0.03106207400560379,0.0908203125,0.08168663084506989,0.0,0.07351081073284149,0.0016137605998665094,0.0972900390625,4.9677501010592096e-06,1.5763720284667215e-07,0.0003213569871149957,0.00022110179997980595,0.00018489989452064037,1.7593200206756592,4.219882488250732,0.38173770904541016,0.0,9.0,0.0,0.0,9.0,0.0,9.0,0.32090415557225543,0.19014346599578857,2.8265787760416665,0.2656923333803813,0.019473237295945484,-0.09721165895462036
381,1.120172741000033,111.644672,1.0971410274505615,0.30979931354522705,0.020144861191511154,0.0869140625,0.08234535157680511,0.0,0.07523703575134277,0.0018898647977039218,0.10205078125,4.9044019760913216e-06,1.4743149279183854e-07,0.00030572194373235106,0.00020902462711092085,0.00017679229495115578,1.8152101039886475,4.259612083435059,0.38825833797454834,0.0,14.0,0.0,0.0,14.0,0.0,14.0,0.3216944734255473,0.1922088861465454,2.8059895833333335,0.26625120639801025,0.01950803150733312,-0.09726113080978394
382,1.0339898120000726,111.644672,1.094006061553955,0.3088286519050598,0.013061308301985264,0.0859375,0.0822107344865799,0.0,0.07282036542892456,0.0019064940279349685,0.0972086638212204,4.806458946404746e-06,1.412561516644928e-07,0.00029848143458366394,0.0002014791825786233,0.00017620679864194244,1.796255111694336,4.364784240722656,0.3919614255428314,0.0,17.0,0.0,0.0,17.0,0.0,17.0,0.3228165904680888,0.19575536251068115,2.8137613932291665,0.267532745997111,0.019558197508255642,-0.09734708070755005
383,1.0030705920000855,111.644672,1.0820651054382324,0.3119581341743469,0.018525969237089157,0.0859375,0.08135108649730682,0.0,0.06887663900852203,0.001577002345584333,0.0869140625,4.8150154725590255e-06,1.3558030786953168e-07,0.00028781965374946594,0.00019396081916056573,0.00017065260908566415,1.7202295064926147,4.397524833679199,0.3911518454551697,0.0,14.0,0.0,0.0,14.0,0.0,14.0,0.3238966266314189,0.2072370946407318,2.7825113932291665,0.26853712399800617,0.019652631133794785,-0.09748834371566772
384,1.070220479999989,111.644672,1.053024411201477,0.32254916429519653,0.018331697210669518,0.0859375,0.07811259478330612,0.0,0.0702669620513916,0.0018475360702723265,0.0814208984375,4.898575753031764e-06,1.5481916193493817e-07,0.00031223968835547566,0.00021668674889951944,0.00017861599917523563,1.634208083152771,4.435851573944092,0.40585654973983765,0.0,11.0,0.0,0.0,11.0,0.0,11.0,0.3239160378774007,0.19972443580627441,2.7622884114583335,0.2685213088989258,0.019579419245322544,-0.09770041704177856
385,1.0664033410000684,111.644672,1.0506082773208618,0.3266352415084839,0.01589910313487053,0.0859375,0.07806744426488876,0.0,0.06858905404806137,0.0016867415979504585,0.076171875,4.9356831368641e-06,1.4594320418837015e-07,0.0003085900389123708,0.00020883651450276375,0.0001827871601562947,1.507791519165039,4.470155715942383,0.40661749243736267,0.0,14.0,0.0,0.0,14.0,0.0,14.0,0.32386751969655353,0.19587743282318115,2.7447509765625,0.26851435502370197,0.01966128870844841,-0.0979200005531311
386,1.0290987350001615,111.644672,1.0619831085205078,0.32998526096343994,0.02712145633995533,0.0859375,0.0792369395494461,0.0,0.06970331817865372,0.0017203395254909992,0.0774739608168602,4.97043856739765e-06,1.694650961781008e-07,0.0003322248812764883,0.00022719909611623734,0.0001937107736011967,1.438481330871582,4.537639617919922,0.3948591351509094,0.0,12.0,0.0,0.0,12.0,0.0,12.0,0.3234040339787801,0.19587218761444092,2.7530924479166665,0.26807936032613117,0.019633202503124874,-0.09816926717758179
387,0.9946448230000442,111.644672,1.0505592823028564,0.3336089849472046,0.024027111008763313,0.0849609375,0.07809442281723022,0.0,0.07047320902347565,0.0015106676146388054,0.0830485075712204,5.041134045313811e-06,1.6475522102155082e-07,0.00033379928208887577,0.00022228385205380619,0.00019932849681936204,1.4053328037261963,4.491650581359863,0.39106810092926025,0.0,8.0,0.0,0.0,8.0,0.0,8.0,0.3228085438410441,0.1891237497329712,2.7425537109375,0.26754387219746906,0.019594865540663402,-0.09834820032119751
388,1.0338021569998546,111.644672,1.0771749019622803,0.3317713141441345,0.05060894042253494,0.0849609375,0.08026151359081268,0.0,0.07474146783351898,0.001775028882548213,0.0947672575712204,5.136152140039485e-06,1.8971488202623732e-07,0.0003610764106269926,0.0002529585617594421,0.00020623754244297743,1.426579475402832,4.35994815826416,0.3977240324020386,0.0,9.0,0.0,0.0,9.0,0.0,9.0,0.32196446259816486,0.1882677674293518,2.7292887369791665,0.266692856947581,0.01971183344721794,-0.09815293550491333
389,1.061492729000065,111.644672,1.0987440347671509,0.33003491163253784,0.03370370343327522,0.083984375,0.0818602442741394,0.0,0.07819319516420364,0.001977462787181139,0.0943196639418602,5.164340109331533e-06,1.70301177604415e-07,0.00033828275627456605,0.0002197341382270679,0.0002065447624772787,1.4644593000411987,4.4074835777282715,0.4103384017944336,0.0,6.0,0.0,0.0,6.0,0.0,6.0,0.321320374806722,0.18955153226852417,2.7517496744791665,0.26591674486796063,0.019743672261635464,-0.09842759370803833
390,1.0612661229999958,111.644672,1.1019270420074463,0.32894909381866455,0.03348344564437866,0.0830078125,0.08151508867740631,0.0,0.0806528776884079,0.0021843761205673218,0.0981852263212204,5.199128281674348e-06,1.9006135687504866e-07,0.0003583957441151142,0.000253551930654794,0.00020122318528592587,1.600126028060913,4.640212059020996,0.4076415002346039,0.0,17.0,0.0,0.0,17.0,0.0,17.0,0.3209017912546794,0.1937522292137146,2.7553304036458335,0.2656867702802022,0.019487703839937847,-0.09838682413101196
391,1.0868726169999263,111.644672,1.1049648523330688,0.32791316509246826,0.019155332818627357,0.0830078125,0.08177302032709122,0.0,0.07895316183567047,0.0019902025815099478,0.0921223983168602,5.1874098971893545e-06,1.5377013085071667e-07,0.0003142109198961407,0.00021310916054062545,0.00018508713401388377,1.7005170583724976,4.777435302734375,0.4013940691947937,0.0,14.0,0.0,0.0,14.0,0.0,14.0,0.3208664655685425,0.1986493468284607,2.7519938151041665,0.2658921480178833,0.019466020166873932,-0.09817010164260864
392,1.0756130649999704,111.644672,1.1248576641082764,0.32466351985931396,0.022605715319514275,0.0830078125,0.08331110328435898,0.0,0.07936705648899078,0.0019717589020729065,0.0962727889418602,5.170405984245008e-06,2.0183613003155187e-07,0.0003715165366884321,0.0002757400507107377,0.0001958183420356363,1.7948020696640015,4.834417343139648,0.42703914642333984,0.0,13.0,0.0,0.0,13.0,0.0,13.0,0.3205238978068034,0.19258350133895874,2.7523600260416665,0.2658514976501465,0.019520848989486694,-0.09805208444595337
393,1.1510327640000924,111.644672,1.134520173072815,0.3225472867488861,0.022342661395668983,0.08203125,0.08419892191886902,0.0,0.08111054450273514,0.00201979698613286,0.1075846403837204,5.184305337024853e-06,1.8105536980783654e-07,0.00035069402656517923,0.0002460871764924377,0.00019843908376060426,1.852564811706543,4.801321029663086,0.426859974861145,0.0,12.0,0.0,0.0,12.0,0.0,12.0,0.32022710641225177,0.18919867277145386,2.7648518880208335,0.2655856211980184,0.01954752579331398,-0.10742361843585968
394,1.040759411000181,111.644672,1.1475095748901367,0.3211401104927063,0.03413991630077362,0.08203125,0.08534163236618042,0.0,0.08374854177236557,0.0022808383218944073,0.1172688826918602,5.17390571985743e-06,3.1842648695601383e-07,0.00047939614159986377,0.00036874227225780487,0.00023918300576042384,1.8854564428329468,4.705638408660889,0.43682020902633667,0.0,11.0,0.0,0.0,11.0,0.0,11.0,0.3203231294949849,0.18950289487838745,2.7493082682291665,0.26554914315541583,0.019647454222043354,-0.09786182641983032
395,1.0530829100000574,111.644672,1.1607497930526733,0.31583887338638306,0.04369096830487251,0.08203125,0.08651312440633774,0.0,0.08576792478561401,0.0023777217138558626,0.1234130859375,5.1111487664456945e-06,3.4208537158519903e-07,0.0005043737473897636,0.00037214867188595235,0.0002770212886389345,1.8340775966644287,4.594151496887207,0.4626767039299011,0.0,17.0,0.0,0.0,17.0,0.0,17.0,0.3206394910812378,0.19247984886169434,2.7381998697916665,0.265788992245992,0.019512365261713665,-0.09782987833023071
396,1.0499999610001396,111.644672,1.1677016019821167,0.31104493141174316,0.06083885207772255,0.0810546875,0.0873434990644455,0.0,0.08703237771987915,0.0026198653504252434,0.1218668669462204,5.071485247754026e-06,6.286927032306266e-07,0.0006864493479952216,0.0005260991747491062,0.00036228931276127696,1.772655725479126,4.458472728729248,0.4664478003978729,0.0,18.0,0.0,0.0,18.0,0.0,18.0,0.3209320902824402,0.1953619122505188,2.7287190755208335,0.26628466447194415,0.019465481241544087,-0.0979350209236145
397,1.044906482999977,111.644672,1.190892219543457,0.3016299307346344,0.05389052629470825,0.080078125,0.09011709690093994,0.0,0.08390307426452637,0.0025329827331006527,0.1160481795668602,5.006995252188062e-06,5.464134460453351e-07,0.000650665198918432,0.00046421014121733606,0.0003785634762607515,1.6918306350708008,4.497697830200195,0.46392208337783813,0.0,22.0,0.0,0.0,22.0,0.0,22.0,0.321894367535909,0.20026332139968872,2.7152913411458335,0.26748643318812054,0.019559860229492188,-0.09805113077163696
398,1.0420241770000302,111.644672,1.1764174699783325,0.3030075430870056,0.043741799890995026,0.0791015625,0.089138925075531,0.0,0.08046554028987885,0.0021808603778481483,0.1081136092543602,4.989486569684232e-06,4.5889723310210684e-07,0.0006114050047472119,0.0004551894380711019,0.00033359078224748373,1.6503345966339111,4.482152938842773,0.45686769485473633,0.0,19.0,0.0,0.0,19.0,0.0,19.0,0.3228827913602193,0.19459384679794312,2.7273763020833335,0.26854177316029865,0.01959286505977313,-0.0981791615486145
399,0.9940716710000288,111.644672,1.1505662202835083,0.3086217939853668,0.032652273774147034,0.0791015625,0.08707863092422485,0.0,0.07899399101734161,0.0020793115254491568,0.1029052734375,4.950850325258216e-06,3.5621604865809786e-07,0.0005089786718599498,0.00036909355549141765,0.0002672405098564923,1.57395339012146,4.434798717498779,0.4475584030151367,0.0,18.0,0.0,0.0,18.0,0.0,18.0,0.3230997323989868,0.19446974992752075,2.7278238932291665,0.26926855246225995,0.019643373787403107,-0.09828251600265503
400,1.1447358060001989,111.644672,1.1281641721725464,0.314944326877594,0.03188684582710266,0.0791015625,0.08507099747657776,0.0,0.07870917022228241,0.002206533681601286,0.1016438826918602,4.966622327629011e-06,2.439761601635837e-07,0.0004259352572262287,0.0002672051778063178,0.00028324732556939125,1.4875606298446655,4.331474304199219,0.4495314955711365,0.0,19.0,0.0,0.0,19.0,0.0,19.0,0.3231850266456604,0.19466263055801392,2.7281494140625,0.26928240060806274,0.01952509085337321,-0.09723454713821411
401,1.0543276689998038,111.644672,1.084102749824524,0.32071614265441895,0.03585129231214523,0.078125,0.08130555599927902,0.0,0.07499729096889496,0.0019883918575942516,0.0961100310087204,4.918854756397195e-06,3.813631792581873e-07,0.000530581921339035,0.0003811802889686078,0.0003061816969420761,1.4144052267074585,4.182642936706543,0.4210546016693115,0.0,14.0,0.0,0.0,14.0,0.0,14.0,0.32322223981221515,0.1908913254737854,2.7577718098958335,0.26938533782958984,0.019499095777670544,-0.09709936380386353
402,1.0470027710000522,111.644672,1.0687788724899292,0.32623612880706787,0.03354939818382263,0.076171875,0.07979273051023483,0.0,0.0751788318157196,0.0020646839402616024,0.0927734375,4.8988149501383305e-06,3.257824232605344e-07,0.0004918418126180768,0.00036052532959729433,0.00027067982591688633,1.3782644271850586,4.118751049041748,0.43114933371543884,0.0,18.0,0.0,0.0,18.0,0.0,18.0,0.3229174812634786,0.19135046005249023,2.762451171875,0.2692299286524455,0.019549034535884857,-0.09701162576675415
403,1.0293215049998707,111.644672,1.0307585000991821,0.33408308029174805,0.027771634981036186,0.076171875,0.07628831267356873,0.0,0.07300250977277756,0.0019107622792944312,0.0906575545668602,4.875647391600069e-06,2.1155499041469739e-07,0.0003942903131246567,0.00025717896642163396,0.0002459057723172009,1.3898589611053467,4.060808181762695,0.4185448884963989,0.0,13.0,0.0,0.0,13.0,0.0,13.0,0.32272376616795856,0.18474435806274414,2.7835286458333335,0.2690848509470622,0.019636618594328564,-0.09821659326553345
404,1.0415946919999897,111.644672,0.9975946545600891,0.3419753909111023,0.025348849594593048,0.076171875,0.07284247130155563,0.0,0.07257438451051712,0.0018972053658217192,0.0930989608168602,4.900591648038244e-06,2.3113565816856863e-07,0.00039191084215417504,0.0002764452947303653,0.00021922501036897302,1.4561971426010132,4.042611122131348,0.4198855757713318,0.0,13.0,0.0,0.0,13.0,0.0,13.0,0.3225172162055969,0.18093734979629517,2.80859375,0.2686632076899211,0.01968965803583463,-0.098116934299469
405,0.9971382100000028,111.644672,0.9807525277137756,0.3428645730018616,0.025495389476418495,0.076171875,0.07131354510784149,0.0,0.07023092359304428,0.0016147801652550697,0.09033203125,4.879606422036886e-06,2.1532463279072545e-07,0.00038582488195970654,0.0003021493321284652,0.00018256720795761794,1.4625215530395508,4.002227783203125,0.4241052567958832,0.0,13.0,0.0,0.0,13.0,0.0,13.0,0.3224752942721049,0.181177020072937,2.8201904296875,0.26868383089701336,0.019712138921022415,-0.09787565469741821
406,0.9909312270001465,111.644672,0.9668926000595093,0.3409758508205414,0.0255386121571064,0.076171875,0.06996271014213562,0.0,0.07055359333753586,0.0014833041932433844,0.0908610075712204,4.867170446232194e-06,2.3343966404354433e-07,0.00042711032438091934,0.000298003782518208,0.00024102834868244827,1.4740169048309326,3.947242259979248,0.4323827624320984,0.0,12.0,0.0,0.0,12.0,0.0,12.0,0.3220764795939128,0.1851191520690918,2.8446044921875,0.2686440745989482,0.01979133610924085,-0.09772664308547974
407,1.022733363000043,111.644672,0.9752218127250671,0.3409954905509949,0.02615915797650814,0.076171875,0.0706484466791153,0.0,0.07090768963098526,0.0014934679493308067,0.0914713591337204,4.915513272862881e-06,1.9244870941292902e-07,0.0003745731373783201,0.00025052414275705814,0.00022581926896236837,1.5040709972381592,3.9215660095214844,0.43275365233421326,0.0,8.0,0.0,0.0,8.0,0.0,8.0,0.32185570398966473,0.18873226642608643,2.8435465494791665,0.2686318556467692,0.01972163716952006,-0.09759992361068726
408,1.1837528789999396,111.644672,0.9882060289382935,0.3399975597858429,0.03326791897416115,0.076171875,0.07163019478321075,0.0,0.07275652885437012,0.0015477470587939024,0.1025797575712204,4.9277050493401475e-06,1.9905256465335697e-07,0.0003754535864572972,0.00024340592790395021,0.00023325513757299632,1.5871156454086304,4.062045097351074,0.4384305477142334,0.0,11.0,0.0,0.0,11.0,0.0,11.0,0.3218776782353719,0.18984317779541016,2.8437093098958335,0.2686283191045125,0.019613510618607204,-0.09750920534133911
409,1.0769444420000127,111.644672,1.0067826509475708,0.33976244926452637,0.02301262505352497,0.0751953125,0.07278008759021759,0.0,0.0763726755976677,0.001789065427146852,0.1130778044462204,5.001952558814082e-06,2.3798899917437666e-07,0.0004073271411471069,0.0003188765258528292,0.00018857335089705884,1.6786315441131592,4.193781852722168,0.45529264211654663,0.0,11.0,0.0,0.0,11.0,0.0,11.0,0.3218415180842082,0.1901823878288269,2.8319498697916665,0.26855170726776123,0.019554030150175095,-0.09757286310195923
410,1.0852388230000543,111.644672,1.0488603115081787,0.3349231779575348,0.01963059976696968,0.0751953125,0.07681651413440704,0.0,0.07727772742509842,0.0017862441018223763,0.11328125,5.004965714761056e-06,1.6101016342418006e-07,0.00032863038359209895,0.00020608838531188667,0.00021122710313647985,1.6782629489898682,4.372285842895508,0.4479469060897827,0.0,13.0,0.0,0.0,13.0,0.0,13.0,0.32243696848551434,0.19419831037521362,2.8081461588541665,0.26910237471262616,0.019575615723927815,-0.09757786989212036
411,1.058769916999836,111.644672,1.0288702249526978,0.33745282888412476,0.022181609645485878,0.076171875,0.07483752816915512,0.0,0.07745195925235748,0.001704121008515358,0.1120198592543602,5.042885732109426e-06,1.6742664854518807e-07,0.0003353046195115894,0.00023114877694752067,0.00019705825252458453,1.667341709136963,4.457022666931152,0.4387756288051605,0.0,15.0,0.0,1.0,14.0,0.0,15.0,0.3231541117032369,0.19832351803779602,2.7606608072916665,0.269695242245992,0.019529578586419422,-0.0975680947303772
412,1.0269871600000897,111.644672,1.0472325086593628,0.33431607484817505,0.01908314786851406,0.0751953125,0.07668113708496094,0.0,0.0767793357372284,0.0017330156406387687,0.1098225936293602,5.0944026952493005e-06,2.052634044957813e-07,0.0003702441172208637,0.0002909068134613335,0.0001714668469503522,1.6116578578948975,4.3945746421813965,0.44398412108421326,0.0,12.0,0.0,0.0,12.0,0.0,12.0,0.3233174681663513,0.19317775964736938,2.7529296875,0.2696855266888936,0.019576142231623333,-0.09754663705825806
413,1.0218006259999584,111.644672,1.0386836528778076,0.33379948139190674,0.016387004405260086,0.07421875,0.07587771117687225,0.0,0.07696710526943207,0.0018611436244100332,0.1039225310087204,5.133298600412672e-06,1.7012709463415376e-07,0.0003262569080106914,0.00020049144222866744,0.00021142108016647398,1.6123430728912354,4.328000545501709,0.44287341833114624,0.0,12.0,0.0,0.0,12.0,0.0,12.0,0.3231270710627238,0.19163477420806885,2.7535807291666665,0.26944992939631146,0.019737737874190014,-0.09754186868667603
414,1.0139844670000002,111.644672,1.0155267715454102,0.3363143503665924,0.0402444452047348,0.07421875,0.0735868364572525,0.0,0.07608231157064438,0.0017499409150332212,0.1017252653837204,5.159661668585613e-06,1.6465281760247308e-07,0.00033520357101224363,0.00024131382815539837,0.0001833144633565098,1.641842246055603,4.362802028656006,0.4348526895046234,0.0,11.0,0.0,0.0,11.0,0.0,11.0,0.32269100348154706,0.1916816234588623,2.7447102864583335,0.26925206184387207,0.019663420816262562,-0.097553551197052
415,1.0230319400000099,111.644672,1.059495449066162,0.33050796389579773,0.02242514304816723,0.07421875,0.07774342596530914,0.0,0.07730425894260406,0.0017967885360121727,0.1018473356962204,5.1931374400737695e-06,1.7520360984235595e-07,0.0003395850071683526,0.00023960985708981752,0.00019321664876770228,1.6348867416381836,4.493919372558594,0.4279497563838959,0.0,12.0,0.0,0.0,12.0,0.0,12.0,0.3222946325937907,0.19381928443908691,2.7407633463541665,0.2688874800999959,0.01965248833100001,-0.09756499528884888
416,1.1027595509999628,111.644672,1.0803815126419067,0.33066779375076294,0.020398830994963646,0.0732421875,0.07949557900428772,0.0,0.07893836498260498,0.0018910530488938093,0.1043294295668602,5.21651963936165e-06,1.6984665762720397e-07,0.00032421579817309976,0.00023930787574499846,0.00016915760352276266,1.6521804332733154,4.608311653137207,0.42660948634147644,0.0,10.0,0.0,0.0,10.0,0.0,10.0,0.322088619073232,0.19904959201812744,2.7256266276041665,0.26854689915974933,0.019694117208321888,-0.09745794534683228
417,1.1800667150000663,111.644672,1.0966832637786865,0.32797715067863464,0.03405877947807312,0.072265625,0.08083108067512512,0.0,0.07911314815282822,0.0018739294027909636,0.0980224609375,5.2102363952144515e-06,1.601156043307128e-07,0.00031962833600118756,0.00022371624072548002,0.00018192773859482259,1.6245912313461304,4.723954200744629,0.4443039894104004,0.0,15.0,0.0,0.0,15.0,0.0,15.0,0.3222227493921916,0.19701683521270752,2.7145589192708335,0.26850223541259766,0.019698645919561386,-0.09737688302993774
418,1.0942944920000173,111.644672,1.1110082864761353,0.3221706748008728,0.02362074889242649,0.072265625,0.08220091462135315,0.0,0.07908891886472702,0.0018661146750673652,0.0986328125,5.18212391398265e-06,1.6606547603714716e-07,0.00032121397089213133,0.00022441479086410254,0.0001837392192101106,1.6307471990585327,4.633195877075195,0.46358439326286316,0.0,18.0,0.0,0.0,18.0,0.0,18.0,0.3219526211420695,0.18504548072814941,2.6984049479166665,0.26848844687143963,0.019632322092851002,-0.09733587503433228
419,1.0538868199998888,111.644672,1.1102625131607056,0.31515347957611084,0.01238225121051073,0.072265625,0.08277580142021179,0.0,0.0759202167391777,0.0016550071304664016,0.0898030623793602,5.156980478204787e-06,1.5780192086367606e-07,0.0003114064165856689,0.00021962166647426784,0.00017458076763432473,1.5998433828353882,4.406305313110352,0.44264599680900574,0.0,16.0,0.0,0.0,16.0,0.0,16.0,0.3219894568125407,0.1825987696647644,2.7267659505208335,0.2682075500488281,0.019639569024244945,-0.09733933210372925
420,1.0728113729999222,111.644672,1.1146883964538574,0.309886634349823,0.04536403715610504,0.072265625,0.08335763216018677,0.0,0.07529528439044952,0.0015595322474837303,0.0873209685087204,5.117574801261071e-06,1.4724471952831664e-07,0.00030272069852799177,0.0002007664879783988,0.0001815998402889818,1.5724290609359741,4.193022727966309,0.450187087059021,0.0,12.0,0.0,0.0,12.0,0.0,12.0,0.32160959641138714,0.18296992778778076,2.7303466796875,0.2676474054654439,0.019618601848681767,-0.09738689661026001
421,1.0727187580000646,111.644672,1.1395244598388672,0.3028109073638916,0.013301359489560127,0.072265625,0.08581613004207611,0.0,0.07486831396818161,0.0015701365191489458,0.09130859375,5.135868832439883e-06,1.403966933821721e-07,0.00030158436857163906,0.0002123798185493797,0.00016831199172884226,1.55515456199646,4.220476150512695,0.45562678575515747,0.0,13.0,0.0,0.0,13.0,0.0,13.0,0.3211333751678467,0.18510854244232178,2.7591145833333335,0.26701611280441284,0.01972041775782903,-0.09743720293045044
422,1.081251118999944,111.644672,1.150483250617981,0.2999292314052582,0.11436935514211655,0.072265625,0.08622728288173676,0.0,0.07786392420530319,0.001698578242212534,0.0998128280043602,5.194267487240722e-06,1.519943282346503e-07,0.0003148828400298953,0.00022056803572922945,0.00018216262105852365,1.575763463973999,4.219268321990967,0.4842102527618408,0.0,9.0,0.0,0.0,9.0,0.0,9.0,0.3204318682352702,0.18603628873825073,2.78173828125,0.266474982102712,0.019721511751413345,-0.09751731157302856
423,1.0640024019999146,111.644672,1.1500269174575806,0.30675971508026123,0.01836923509836197,0.0712890625,0.08567611873149872,0.0,0.0799328163266182,0.0018367076991125941,0.1064046248793602,5.233921456238022e-06,1.5545811038464308e-07,0.0003053317195735872,0.00020795536693185568,0.00017770605336409062,1.595745325088501,4.705123424530029,0.4710876941680908,0.0,8.0,0.0,0.0,8.0,0.0,8.0,0.3206212917963664,0.18897467851638794,2.78515625,0.26680781443913776,0.01972204198439916,-0.09762316942214966
424,1.0519238659999246,111.644672,1.1208178997039795,0.32544010877609253,0.030162209644913673,0.0703125,0.0822288990020752,0.0,0.08018205314874649,0.0019366645719856024,0.1059163436293602,5.270791916700546e-06,1.4969792516694724e-07,0.0003133049176540226,0.00020492593466769904,0.00019337321282364428,1.641312837600708,5.111757278442383,0.4789814352989197,0.0,14.0,0.0,0.0,14.0,0.0,14.0,0.3212699095408122,0.19672486186027527,2.7330729166666665,0.2675447662671407,0.019633591175079346,-0.097750723361969
425,1.0904165249999096,111.644672,1.1027776002883911,0.3401114344596863,0.06532902270555496,0.0703125,0.08066684007644653,0.0,0.07747675478458405,0.0019977684132754803,0.0997721403837204,5.1825036280206405e-06,1.7764955373422708e-07,0.0003380960552021861,0.00023351835261564702,0.00019752071239054203,1.5649340152740479,5.276520252227783,0.4704020023345947,0.0,19.0,0.0,0.0,19.0,0.0,19.0,0.3218769431114197,0.19708967208862305,2.7308756510416665,0.26848721504211426,0.019753195345401764,-0.09787887334823608
426,1.071773185999973,111.644672,1.0612362623214722,0.35651296377182007,0.06900647282600403,0.0703125,0.07700925320386887,0.0,0.07532894611358643,0.0019146441482007504,0.0977376326918602,5.189996500121197e-06,1.578773947130685e-07,0.00031160612707026303,0.00019898968457709998,0.00019493509898893535,1.553320288658142,5.107504844665527,0.45139214396476746,0.0,16.0,0.0,0.0,16.0,0.0,16.0,0.32204214731852215,0.19976913928985596,2.7305908203125,0.2685749332110087,0.019781338671843212,-0.09800988435745239
427,1.0704101149999588,111.644672,1.043578863143921,0.36137086153030396,0.06499484181404114,0.0703125,0.07565204799175262,0.0,0.07425862550735474,0.0017411591252312064,0.09375,5.186579073779285e-06,1.5477809256481123e-07,0.00031721856794320047,0.00020708038937300444,0.00019502747454680502,1.5268634557724,4.866960525512695,0.44423598051071167,0.0,11.0,0.0,0.0,11.0,0.0,11.0,0.3215050896008809,0.18447822332382202,2.7246907552083335,0.26822606722513836,0.019821085035800934,-0.09810715913772583
428,1.0783115559997896,111.644672,1.0532890558242798,0.35213369131088257,0.03926658630371094,0.0693359375,0.0768485888838768,0.0,0.07434441894292831,0.0017557222163304687,0.089599609375,5.263332241156604e-06,1.5343928794209205e-07,0.00031849087099544704,0.00020736848819069564,0.00019601531676016748,1.535082221031189,4.411440849304199,0.4500565528869629,0.0,18.0,0.0,0.0,18.0,0.0,18.0,0.32082412640253705,0.1806584596633911,2.7505696614583335,0.26751865943272907,0.01974954828619957,-0.09811049699783325
429,1.0592211079999743,111.644672,1.0639307498931885,0.33653756976127625,0.035659436136484146,0.0693359375,0.07839123904705048,0.0,0.07375001162290573,0.001578458002768457,0.09228515625,5.271248483040836e-06,1.5275773534995096e-07,0.00031243677949532866,0.00021364516578614712,0.0001814889837987721,1.6125634908676147,4.059446334838867,0.4294884204864502,0.0,12.0,0.0,0.0,12.0,0.0,12.0,0.3204292058944702,0.18154847621917725,2.7897542317708335,0.26709626118342084,0.019739966839551926,-0.09796088933944702
430,1.0580894239999452,111.644672,1.1095246076583862,0.31441110372543335,0.059601280838251114,0.0693359375,0.08263716101646423,0.0,0.07608653604984283,0.0016590820159763098,0.0927327498793602,5.268215318210423e-06,1.358558989750236e-07,0.0002908204623963684,0.0001978721411433071,0.0001705178729025647,1.6334257125854492,3.919496536254883,0.46806663274765015,0.0,16.0,0.0,0.0,16.0,0.0,16.0,0.32034124930699664,0.177751362323761,2.7968343098958335,0.26695849498112995,0.019725361218055088,-0.0977974534034729
431,0.9926159449998977,111.644672,1.1054813861846924,0.3002372980117798,0.012606955133378506,0.0693359375,0.08268662542104721,0.0,0.07638433575630188,0.0014518595999106765,0.0899251326918602,5.21116908203112e-06,1.3195617043493257e-07,0.00028642360121011734,0.00019001941836904734,0.00017214326362591237,1.663684368133545,3.874459981918335,0.4444997012615204,0.0,11.0,0.0,0.0,11.0,0.0,11.0,0.3208302855491638,0.1778830885887146,2.7836100260416665,0.2675195137659709,0.019756697118282318,-0.09767895936965942
432,0.9876296510001339,111.644672,1.113211989402771,0.29235929250717163,0.017608417198061943,0.0693359375,0.08330120146274567,0.0,0.07781542837619781,0.001547783031128347,0.0928548201918602,5.234967375145061e-06,1.39234472840144e-07,0.0002990297507494688,0.00020603118173312396,0.0001717047271085903,1.7428574562072754,3.8047778606414795,0.4538973569869995,0.0,14.0,0.0,0.0,14.0,0.0,14.0,0.3213919401168823,0.18164008855819702,2.7704264322916665,0.2680458227793376,0.01975584278504054,-0.09757834672927856
433,1.017756042999963,111.644672,1.1204415559768677,0.2899119257926941,0.08168796449899673,0.0693359375,0.08361276984214783,0.0,0.07902419567108154,0.001513371942564845,0.1048990935087204,5.265073923510499e-06,1.3650320340730104e-07,0.00029586112941615283,0.00019316682300996035,0.00018338343943469226,1.8524689674377441,3.8113925457000732,0.4774712026119232,0.0,12.0,0.0,0.0,12.0,0.0,12.0,0.32199511925379437,0.1857013702392578,2.7665201822916665,0.2685645620028178,0.019835819800694782,-0.09748393297195435
434,1.0252480029998878,111.644672,1.1337584257125854,0.2915951907634735,0.035489220172166824,0.068359375,0.08466329425573349,0.0,0.08085285127162933,0.0017318904865533113,0.107177734375,5.263516413833713e-06,1.515845013955186e-07,0.0003091521211899817,0.00020058348309248686,0.0001930066355271265,1.87300443649292,4.03933048248291,0.4779699742794037,0.0,11.0,0.0,0.0,11.0,0.0,11.0,0.32249706983566284,0.18581558763980865,2.7720133463541665,0.2691969672838847,0.019971878578265507,-0.09742110967636108
435,1.0075140639999063,111.644672,1.1388583183288574,0.3009475767612457,0.020578080788254738,0.068359375,0.08451946824789047,0.0,0.08262914419174194,0.001851397566497326,0.1116129606962204,5.2684217735077254e-06,1.59327555593336e-07,0.0003256280324421823,0.00020097623928450048,0.00021120288874953985,1.7974128723144531,4.375308513641357,0.5040075778961182,0.0,15.0,0.0,0.0,15.0,0.0,15.0,0.32277443011601764,0.18672305345535278,2.75537109375,0.2697066068649292,0.01994531974196434,-0.09749048948287964
436,1.001034066999864,111.644672,1.120937466621399,0.31323736906051636,0.024656422436237335,0.068359375,0.08260901272296906,0.0,0.08210812509059906,0.0018054064130410552,0.1083984375,5.329143277776893e-06,1.8419845559947134e-07,0.00034756719833239913,0.000207205637707375,0.00023035856429487467,1.625340461730957,4.732614040374756,0.49824637174606323,0.0,13.0,0.0,0.0,13.0,0.0,13.0,0.3228592872619629,0.1883326917886734,2.7516276041666665,0.2699834903081258,0.019870992749929428,-0.0975843071937561
437,1.0213919099999202,111.644672,1.1032376289367676,0.3287406265735626,0.048180874437093735,0.068359375,0.08073389530181885,0.0,0.08211536705493927,0.001960448455065489,0.1086018905043602,5.312273970048409e-06,2.0283962953726586e-07,0.00036454349174164236,0.00021366740111261606,0.00024588790256530046,1.4574720859527588,4.872334957122803,0.5167902112007141,0.0,17.0,0.0,0.0,17.0,0.0,17.0,0.3231944441795349,0.18919384479522705,2.7060139973958335,0.2701232035954793,0.01979176327586174,-0.09764641523361206
438,0.9946354149999479,111.644672,1.103488564491272,0.3394375145435333,0.039634283632040024,0.068359375,0.08113189041614532,0.0,0.08208383619785309,0.0020972550846636295,0.1080729216337204,5.348532340576639e-06,1.6750702513945726e-07,0.00032932133763097227,0.0002037517260760069,0.00021036870020907372,1.3113816976547241,4.705855369567871,0.4967784881591797,0.0,9.0,0.0,0.0,9.0,0.0,9.0,0.32279908657073975,0.18958532810211182,2.685546875,0.26952147483825684,0.019734696795543034,-0.0976906418800354
439,1.0077037190001192,111.644672,1.0709336996078491,0.3483778238296509,0.03590327873826027,0.0673828125,0.07788749784231186,0.0,0.08290884643793106,0.0021160279866307974,0.1087239608168602,5.345660611055791e-06,1.5383668028334796e-07,0.0003090324462391436,0.0002095341624226421,0.00018220924539491534,1.2923730611801147,4.494235038757324,0.5053844451904297,0.0,14.0,0.0,0.0,14.0,0.0,14.0,0.3218136231104533,0.1918489933013916,2.6990559895833335,0.26845155159632367,0.019783514241377514,-0.09775358438491821
440,0.9856286920000912,111.644672,1.0516862869262695,0.3479388654232025,0.03385699540376663,0.06640625,0.0761658102273941,0.0,0.0819675624370575,0.001828409032896161,0.10498046875,5.380200946092373e-06,1.629317694096244e-07,0.0003076522843912244,0.00020043608674313873,0.00018649082630872726,1.3336756229400635,4.248075008392334,0.48641344904899597,0.0,11.0,0.0,0.0,11.0,0.0,11.0,0.32050806283950806,0.19356495141983032,2.7283528645833335,0.26723434527715045,0.019788214315970738,-0.09781032800674438
441,1.150710246000017,111.644672,1.0784345865249634,0.33801406621932983,0.0185712743550539,0.06640625,0.07872573286294937,0.0,0.08146820962429047,0.0016722409054636955,0.1022135466337204,5.407544449553825e-06,1.6128095126077824e-07,0.0003162836073897779,0.00019973109010607004,0.00019983190577477217,1.44413161277771,4.072931289672852,0.48547929525375366,0.0,14.0,0.0,0.0,14.0,0.0,14.0,0.3194766640663147,0.1945011019706726,2.7559000651041665,0.2661103804906209,0.019811154653628666,-0.09735709428787231
442,1.0364997770000173,111.644672,1.0847742557525635,0.33316200971603394,0.023692095652222633,0.06640625,0.07912534475326538,0.0,0.08340279757976532,0.0017475169152021408,0.1045328825712204,5.391151262301719e-06,1.6411800629612117e-07,0.0003144418587908149,0.0002003111585509032,0.00020096245862077922,1.6733630895614624,3.995591640472412,0.4676238000392914,0.0,13.0,0.0,0.0,13.0,0.0,13.0,0.31856630245844525,0.1896955966949463,2.7830810546875,0.26511311531066895,0.019862374911705654,-0.09733372926712036
443,1.059519784000031,111.644672,1.1101511716842651,0.32368040084838867,0.05212177708745003,0.06640625,0.08109796047210693,0.0,0.08652990311384201,0.0019167633727192879,0.1128336638212204,5.337285983841866e-06,1.6169369132512657e-07,0.00031524471705779433,0.00020256731659173965,0.00019744322344195098,1.8512599468231201,3.9941673278808594,0.49054092168807983,0.0,12.0,0.0,0.0,12.0,0.0,12.0,0.3175425926844279,0.17736446857452393,2.7757975260416665,0.26459378004074097,0.019821578015883762,-0.09766799211502075
444,1.0486813349998556,111.644672,1.1416159868240356,0.3118079900741577,0.0196653064340353,0.0654296875,0.08402124047279358,0.0,0.08767969906330109,0.0019448900129646063,0.1119791716337204,5.293384219839936e-06,1.5540393860646873e-07,0.00031302220304496586,0.00021700582874473184,0.0001808568340493366,1.955470085144043,4.117664813995361,0.49379152059555054,0.0,15.0,0.0,0.0,15.0,0.0,15.0,0.31755348046620685,0.1748790740966797,2.7917887369791665,0.2647296190261841,0.019756893316904705,-0.09762269258499146
445,1.0627759889998742,111.644672,1.1412936449050903,0.310416042804718,0.025596605613827705,0.0654296875,0.08379025757312775,0.0,0.08860140293836594,0.0021001712884753942,0.1182047575712204,5.191610398469493e-06,1.5181916523943073e-07,0.00029411245486699045,0.00019213678024243563,0.0001809656823752448,2.0153331756591797,4.250576019287109,0.5073723196983337,0.0,19.0,0.0,0.0,19.0,0.0,19.0,0.3182456890741984,0.175628662109375,2.7854410807291665,0.2654738426208496,0.019744692991177242,-0.0975077748298645
446,1.0367188059999535,111.644672,1.1294949054718018,0.3117358684539795,0.02485501766204834,0.0654296875,0.08258181810379028,0.0,0.08932556211948395,0.0021222662180662155,0.119384765625,5.154929567652289e-06,1.406930323355482e-07,0.0002897613449022174,0.00019288525800220668,0.00017484810086898506,2.0487868785858154,4.244931697845459,0.5221998691558838,0.0,18.0,0.0,0.0,18.0,0.0,18.0,0.3194367090861003,0.1798902153968811,2.7606201171875,0.26628116766611737,0.01989993577202161,-0.0974152684211731
447,1.016739120000011,111.644672,1.158219575881958,0.30662888288497925,0.022396530956029892,0.0654296875,0.08587406575679779,0.0,0.0870705246925354,0.002016057027503848,0.112060546875,5.06497235619463e-06,1.4700832196012925e-07,0.00030669732950627804,0.00020267281797714531,0.00018660133355297148,1.9797182083129883,4.15727424621582,0.5303789973258972,0.0,16.0,0.0,0.0,16.0,0.0,16.0,0.3204765518506368,0.18208003044128418,2.7315266927083335,0.26718592643737793,0.019920427352190018,-0.09742540121078491
448,1.006910715999993,111.644672,1.1850848197937012,0.3003021478652954,0.02371136285364628,0.0654296875,0.088681161403656,0.0,0.08702395856380463,0.0021837223321199417,0.1112467497587204,5.0083995120076e-06,1.346624429743315e-07,0.00027971534291282296,0.0001888603437691927,0.0001657339744269848,1.8582782745361328,4.186288356781006,0.5446978807449341,0.0,29.0,0.0,0.0,29.0,0.0,29.0,0.3207262357076009,0.18295800685882568,2.7195638020833335,0.2675733764966329,0.020062002042929333,-0.0974469780921936
449,0.9974376259999644,111.644672,1.1985352039337158,0.29385507106781006,0.024883419275283813,0.0654296875,0.09047587960958481,0.0,0.08346741646528244,0.0017281159525737166,0.1050211638212204,4.974604962626472e-06,1.4707261186686083e-07,0.00030037452233955264,0.00020605807367246598,0.0001767897338140756,1.6546109914779663,4.295194625854492,0.5526381731033325,0.0,17.0,0.0,0.0,17.0,0.0,17.0,0.3209165334701538,0.18722456693649292,2.7292073567708335,0.2682945132255554,0.019959069788455963,-0.09745734930038452
