iter,t_iter_s,peak_mem_mb,loss,vx,grad_norm,terrain_level,loss_v,loss_clear,loss_gproj,loss_tilt,tilt_frac_active,loss_fq,loss_fres,foot_res_abs_mean,foot_res_x_abs_mean,foot_res_y_abs_mean,loss_omega,loss_ctrl,loss_yaw,mean_abs_yaw_cmd,n_falls,n_timeouts,n_move_up,n_move_down,n_fall_height,n_fall_tilt,mean_base_h,min_base_h,mean_n_contact,mean_base_z,mean_foot_clear,min_foot_clear
0,2.8870876080000016,114.533376,1.757068395614624,0.09101887792348862,0.7804034948348999,2.4853515625,0.17096678912639618,0.0,0.0005969025660306215,0.0,0.0,0.0,0.0,0.0,0.0,0.0,0.1856892704963684,0.01821182295680046,5.383075767895207e-05,0.0,0.0,0.0,0.0,0.0,0.0,0.0,0.33754976590474445,0.29280123114585876,3.3720296223958335,0.2565816243489583,0.020662118991216023,-0.10675591230392456
1,1.8348393660000966,115.161088,1.7346266508102417,0.09492059051990509,0.7682858109474182,2.4853515625,0.16785745322704315,0.0,0.0011059476528316736,0.0,0.0,0.0,0.0,0.0,0.0,0.0,0.033349476754665375,0.06796658039093018,0.00025147467385977507,0.0,0.0,0.0,0.0,0.0,0.0,0.0,0.33545251687367755,0.2924584150314331,3.8669026692708335,0.25429322322209674,0.021309740841388702,-0.02893734723329544
2,1.8418333309998616,115.357696,1.4416170120239258,0.1325409710407257,0.7342191934585571,2.4853515625,0.13738679885864258,0.0,0.0012856291141360998,0.0,0.0,0.0,0.0,0.0,0.0,0.0,0.023404046893119812,0.26736247539520264,0.0006037743296474218,0.0,0.0,0.0,0.0,0.0,0.0,0.0,0.3362607955932617,0.2982877492904663,3.8600260416666665,0.2550018827120463,0.021221975485483806,-0.0340425968170166
3,1.8586344029999964,116.537344,0.997846782207489,0.20201154053211212,0.6382431983947754,2.4853515625,0.09112697839736938,0.0,0.0014328723773360252,0.0,0.0,0.0,0.0,0.0,0.0,0.0,0.015160627663135529,0.6595631837844849,0.0009348279563710093,0.0,0.0,0.0,0.0,0.0,0.0,0.0,0.3358445962270101,0.2997276186943054,3.85943603515625,0.2545746962229411,0.02108710507551829,-0.050318002700805664
4,1.8074729570000727,116.537344,0.6484236717224121,0.2767115831375122,0.5027762651443481,2.4853515625,0.05315160006284714,0.0,0.0014901267131790519,0.0,0.0,0.0,0.0,0.0,0.0,0.0,0.01587272249162197,1.3013765811920166,0.0010630546603351831,0.0,0.0,0.0,0.0,0.0,0.0,0.0,0.3338509798049927,0.2956220209598541,3.8270060221354165,0.2526461680730184,0.02090713381767273,-0.06872725486755371
5,1.806781262999948,116.537344,0.4675064980983734,0.3379285931587219,0.37605369091033936,2.4853515625,0.03005719557404518,0.0,0.0017504192655906081,0.0,0.0,0.0,0.0,0.0,0.0,0.0,0.022473394870758057,2.3481075763702393,0.0009817273821681738,0.0,0.0,0.0,0.0,0.0,0.0,0.0,0.3292036255200704,0.27933192253112793,3.6680501302083335,0.2480000058809916,0.020729432503382366,-0.07705187797546387
6,1.8216130099999646,116.537344,0.42749708890914917,0.375844806432724,0.29411542415618896,2.4853515625,0.01914287731051445,0.0,0.0025435560382902622,0.0,0.0,0.0,0.0,0.0,0.0,0.0,0.044093355536460876,3.986703872680664,0.0008298970642499626,0.0,0.0,0.0,0.0,0.0,0.0,0.0,0.32078389326731366,0.2446163296699524,3.39935302734375,0.23950926462809244,0.020586856951316197,-0.07707363367080688
7,1.8463955209999767,116.537344,0.420528769493103,0.4246169328689575,0.17677657306194305,2.4853515625,0.009887617081403732,0.0,0.004998468793928623,6.989760947817558e-08,0.00042724609375,0.0,0.0,0.0,0.0,0.0,0.13436400890350342,6.346979141235352,0.0007694297819398344,0.0,0.0,0.0,0.0,0.0,0.0,0.0,0.3089216947555542,0.2277640998363495,3.2375081380208335,0.2276902198791504,0.020462284485499065,-0.07714617252349854
8,1.8282593120000001,116.537344,0.48222535848617554,0.5089559555053711,0.21803982555866241,2.4853515625,0.005937702022492886,0.0,0.012913025915622711,1.7414434978491045e-06,0.0009765625,0.0,0.0,0.0,0.0,0.0,0.43501895666122437,9.23005485534668,0.0008754655718803406,0.0,0.0,0.0,0.0,0.0,0.0,0.0,0.29280203580856323,0.20657628774642944,3.1670735677083335,0.21168390909830728,0.02035366619626681,-0.07725584506988525
9,1.8182949980000558,116.537344,0.8363038301467896,0.6051842570304871,0.3734336495399475,2.4853515625,0.0300457626581192,0.0,0.03717290982604027,3.0998653528513387e-06,0.0024210612755268812,0.0,0.0,0.0,0.0,0.0,1.417165756225586,11.581137657165527,0.0011906633153557777,0.0,0.0,0.0,0.0,0.0,0.0,0.0,0.2673340638478597,0.1923273801803589,3.0832926432291665,0.1861321727434794,0.020513384292523067,-0.07739794254302979
10,1.8163130460000048,116.537344,2.037172794342041,0.5256868600845337,0.2586010992527008,2.4853515625,0.13712766766548157,0.0,0.10821224749088287,1.941533264471218e-05,0.00543212890625,0.0,0.0,0.0,0.0,0.0,3.250267744064331,12.40135383605957,0.001965732779353857,0.0,0.0,0.0,0.0,0.0,0.0,0.0,0.23167749245961508,0.182156041264534,2.4032999674479165,0.15042437116305032,0.020554102957248688,-0.07756930589675903
11,1.892783272000088,116.537344,4.871542930603027,-0.09929819405078888,0.9119690656661987,2.4833984375,0.42227858304977417,0.0,0.18155384063720703,8.256481669377536e-05,0.02130126953125,0.0,0.0,0.0,0.0,0.0,1.2479941844940186,11.592554092407227,0.0064233094453811646,0.0,2.0,0.0,0.0,2.0,2.0,0.0,0.23297061522801718,0.15921235084533691,1.9127400716145833,0.15090576807657877,0.020411014556884766,-0.07773220539093018
12,1.9771186939999552,116.537344,3.109670639038086,0.012721596285700798,0.8106164932250977,2.4775390625,0.24710366129875183,0.0,0.2448100745677948,0.0003650148573797196,0.0588582381606102,0.0,0.0,0.0,0.0,0.0,0.5189241766929626,11.36805534362793,0.03179342299699783,0.0,6.0,0.0,0.0,6.0,0.0,6.0,0.24457224210103354,0.17847226560115814,1.8503824869791667,0.16214935978253683,0.020399651179711025,-0.0778549313545227
13,1.9992149459999382,116.537344,3.1264052391052246,0.010433057323098183,0.7288649082183838,2.4736328125,0.24816474318504333,0.0,0.2586123049259186,0.0005389541620388627,0.0680338591337204,0.0,0.0,0.0,0.0,0.0,0.10371363162994385,11.667986869812012,0.01700470969080925,0.0,5.0,0.0,0.0,5.0,0.0,5.0,0.24715872605641684,0.17337578535079956,1.969970703125,0.16433362166086832,0.02033955107132594,-0.07788717746734619
14,2.0170169059999807,116.537344,3.2350552082061768,0.0044733695685863495,0.8445082306861877,2.470703125,0.2577667832374573,0.0,0.2511194348335266,0.0006186282262206078,0.0669759139418602,0.0,0.0,0.0,0.0,0.0,0.1260816901922226,12.501556396484375,0.01500457338988781,0.0,4.0,0.0,0.0,4.0,0.0,4.0,0.24442867437998453,0.17927896976470947,2.0142415364583335,0.16132120291392008,0.020317551990350086,-0.07703995704650879
15,2.0548738130000856,116.537344,3.180427074432373,0.014685560017824173,0.9121869802474976,2.4697265625,0.2509390413761139,0.0,0.24405330419540405,0.0006608154508285224,0.06378173828125,0.0,0.0,0.0,0.0,0.0,0.11985538899898529,13.647506713867188,0.020449738949537277,0.0,1.0,0.0,0.0,1.0,0.0,1.0,0.24106723070144653,0.17824268341064453,2.017333984375,0.15812551975250244,0.020334502061208088,-0.07203447818756104
16,2.053000763,116.537344,3.094883680343628,0.026003511622548103,0.6971954107284546,2.4638671875,0.2418486475944519,0.0,0.2474183291196823,0.0008556252578273416,0.06671142578125,0.0,0.0,0.0,0.0,0.0,0.14273977279663086,14.893646240234375,0.031702395528554916,0.0,6.0,0.0,0.0,6.0,0.0,6.0,0.24031291405359903,0.1796048879623413,2.002685546875,0.1570640206336975,0.020423411081234615,-0.06511205434799194
17,2.1667795979999482,116.537344,3.051715135574341,0.026423556730151176,0.7542991638183594,2.4599609375,0.2379632294178009,0.0,0.2559009790420532,0.0009758094092831016,0.0714314803481102,0.0,0.0,0.0,0.0,0.0,0.14198467135429382,15.962885856628418,0.029878467321395874,0.0,6.0,0.0,0.0,6.0,0.0,6.0,0.2420624295870463,0.18306827545166016,1.9831136067708333,0.15847639242808023,0.020343992859125137,-0.02539031207561493
18,2.231186706000017,116.537344,3.072115182876587,0.026282967999577522,0.6655377149581909,2.453125,0.2404664009809494,0.0,0.2664627730846405,0.0011842725798487663,0.07733154296875,0.0,0.0,0.0,0.0,0.0,0.164481520652771,16.868141174316406,0.04284335672855377,0.0,8.0,0.0,0.0,8.0,0.0,8.0,0.24471616744995117,0.18516027927398682,1.9928181966145833,0.16075929005940756,0.02029068147142728,-0.020429939031600952
19,2.3371409849999054,116.537344,3.000058650970459,0.028914976865053177,0.6650357842445374,2.4482421875,0.23442208766937256,0.0,0.277262806892395,0.0013270867057144642,0.0917154997587204,0.0,0.0,0.0,0.0,0.0,0.1568041741847992,17.552518844604492,0.0537441223859787,0.0,9.0,0.0,0.0,9.0,0.0,9.0,0.24800817171732584,0.188215970993042,2.0039265950520835,0.16363329688707987,0.020208660513162613,-0.019856780767440796
20,2.281908453000142,116.537344,2.945646047592163,0.034578967839479446,0.578594446182251,2.4404296875,0.2308940589427948,0.0,0.29108569025993347,0.0013427271042019129,0.1374715268611908,0.0,0.0,0.0,0.0,0.0,0.1960240602493286,18.086864471435547,0.03739739954471588,0.0,9.0,0.0,0.0,9.0,0.0,9.0,0.25221643845240277,0.18611419200897217,2.0207722981770835,0.16742974519729614,0.020139319201310475,-0.020403116941452026
21,2.220247233000009,116.537344,2.9296083450317383,0.03745228797197342,0.4569034278392792,2.4345703125,0.23061469197273254,0.0,0.31277012825012207,0.0016150153242051601,0.4193522334098816,0.0,0.0,0.0,0.0,0.0,0.26957863569259644,18.385520935058594,0.04683064669370651,0.0,7.0,0.0,0.0,7.0,0.0,7.0,0.2568920850753784,0.18555718660354614,2.0476888020833335,0.17132991552352905,0.020163528621196747,-0.02794569730758667
22,2.17397450999988,116.537344,2.954385995864868,0.03871549665927887,0.39442896842956543,2.4248046875,0.23395679891109467,0.0,0.34085190296173096,0.002846919000148773,0.84625244140625,0.0,0.0,0.0,0.0,0.0,0.391115665435791,18.317485809326172,0.06484753638505936,0.0,12.0,0.0,0.0,12.0,0.0,12.0,0.2617784341176351,0.1893305778503418,2.0503743489583335,0.1756350596745809,0.02013524000843366,-0.03307439386844635
23,2.215289089999942,116.537344,3.0291504859924316,0.03460162132978439,0.20760615170001984,2.400390625,0.2423141896724701,0.0,0.3681049942970276,0.004936085548251867,0.88970947265625,0.0,0.0,0.0,0.0,0.0,0.5063850283622742,17.966156005859375,0.088934026658535,0.0,27.0,0.0,0.0,27.0,0.0,27.0,0.2671653429667155,0.19383937120437622,2.0372314453125,0.18062941233317056,0.020205420752366383,-0.01993122696876526
24,2.2401044509999792,116.537344,3.0936942100524902,0.028288036584854126,0.20311564207077026,2.3662109375,0.25058549642562866,0.0,0.3810911178588867,0.006831820588558912,0.8667806386947632,0.0,0.0,0.0,0.0,0.0,0.5417121052742004,17.030933380126953,0.10211171209812164,0.0,43.0,0.0,0.0,43.0,0.0,43.0,0.2744450767834981,0.19576501846313477,2.04449462890625,0.18716750542322794,0.020229384303092957,-0.0199124813079834
25,2.2188402790000055,116.537344,3.1651344299316406,0.021872054785490036,0.19919489324092865,2.322265625,0.2599605917930603,0.0,0.38623279333114624,0.008804336190223694,0.8388671875,0.0,0.0,0.0,0.0,0.0,0.5757769346237183,15.567996978759766,0.14906412363052368,0.0,52.0,0.0,0.0,52.0,0.0,52.0,0.28115665912628174,0.1972278356552124,2.0595906575520835,0.1926169196764628,0.020259672154982884,-0.01992437243461609
26,2.141705712999965,116.537344,3.2170231342315674,0.01620933786034584,0.17530235648155212,2.2890625,0.26863789558410645,0.0,0.3852158486843109,0.01083306223154068,0.8012899160385132,0.0,0.0,0.0,0.0,0.0,0.6215360164642334,13.843062400817871,0.11089980602264404,0.0,41.0,0.0,0.0,41.0,0.0,41.0,0.2873953382174174,0.22186297178268433,2.0935262044270835,0.19721978902816772,0.02024018516143163,-0.019735395908355713
27,2.205038738000212,116.537344,3.3319458961486816,0.01029250118881464,0.15349435806274414,2.236328125,0.2820906639099121,0.0,0.3862757086753845,0.014373078010976315,0.759765625,0.0,0.0,0.0,0.0,0.0,0.7499974966049194,11.97613525390625,0.19148313999176025,0.0,64.0,0.0,0.0,64.0,0.0,64.0,0.29157129923502606,0.21588215231895447,2.1271158854166665,0.2007454832394918,0.02023126060763995,-0.024593647569417953
28,2.3470196969999506,116.537344,3.3405494689941406,0.007502914872020483,0.14688517153263092,2.1435546875,0.28711360692977905,0.0,0.3518471121788025,0.014759412035346031,0.6703084707260132,0.0,0.0,0.0,0.0,0.0,0.7808734774589539,10.690936088562012,0.25740018486976624,0.0,120.0,0.0,0.0,120.0,0.0,120.0,0.30040933688481647,0.1920209527015686,2.2662760416666665,0.20681057373682657,0.020291344573100407,-0.07856804132461548
29,2.2619764149999355,116.537344,3.258988380432129,0.005681866779923439,0.15008556842803955,2.064453125,0.2850048243999481,0.0,0.300967812538147,0.012554305605590343,0.5666300654411316,0.0,0.0,0.0,0.0,0.0,0.6983474493026733,9.686668395996094,0.2012600153684616,0.0,98.0,0.0,0.0,98.0,0.0,98.0,0.31246495246887207,0.19413554668426514,2.4361165364583335,0.21515820423762003,0.020242044081290562,-0.07855314016342163
30,2.1359569829999145,116.537344,3.2252309322357178,0.004035023506730795,0.1654503047466278,2.00390625,0.2861784100532532,0.0,0.26774460077285767,0.01162700168788433,0.4931844174861908,0.0,0.0,0.0,0.0,0.0,0.6769081354141235,8.537613868713379,0.15950268507003784,0.0,76.0,0.0,0.0,76.0,0.0,76.0,0.32077409823735553,0.18648868799209595,2.6083780924479165,0.2222820520401001,0.02018052339553833,-0.09800046682357788
31,2.1139274309998655,116.537344,3.2126548290252686,0.004797274712473154,0.1644091010093689,1.94921875,0.2879798114299774,0.0,0.24427530169487,0.012007875367999077,0.4381510615348816,0.0,0.0,0.0,0.0,0.0,0.7024437785148621,7.440117835998535,0.17229066789150238,0.0,71.0,0.0,0.0,71.0,0.0,71.0,0.32627642154693604,0.18176358938217163,2.75128173828125,0.22932088375091553,0.020299399892489117,-0.0972030758857727
32,2.094529947999945,116.537344,3.1426658630371094,0.004350643139332533,0.17525862157344818,1.890625,0.28538793325424194,0.0,0.20982742309570312,0.011033324524760246,0.3678792417049408,0.0,0.0,0.0,0.0,0.0,0.648661732673645,6.492775917053223,0.11819969117641449,0.0,80.0,0.0,0.0,80.0,0.0,80.0,0.3322083552678426,0.17619305849075317,2.90948486328125,0.23700286944707236,0.020570478091637295,-0.07583922147750854
33,2.081857232999937,116.537344,3.0310752391815186,0.008196146227419376,0.19328320026397705,1.8291015625,0.27728915214538574,0.0,0.1772167682647705,0.009959140792489052,0.30316162109375,0.0,0.0,0.0,0.0,0.0,0.554315447807312,5.591403961181641,0.18309378623962402,0.0,74.0,0.0,0.0,74.0,0.0,74.0,0.3373974959055583,0.17619234323501587,3.0528361002604165,0.2455355922381083,0.020844832062721252,-0.06108182668685913
34,2.098590241000011,116.537344,2.852609872817993,0.017141766846179962,0.18728415668010712,1.7724609375,0.2634931206703186,0.0,0.14447227120399475,0.008606309071183205,0.2405599057674408,0.0,0.0,0.0,0.0,0.0,0.4566277861595154,4.783270359039307,0.12901394069194794,0.0,66.0,0.0,0.0,66.0,0.0,66.0,0.3416958649953206,0.1762494444847107,3.2054646809895835,0.25280654430389404,0.020971161623795826,-0.02234567701816559
35,2.032594252000081,116.537344,2.6052186489105225,0.033352941274642944,0.17656151950359344,1.732421875,0.24236389994621277,0.0,0.10991837084293365,0.0064571211114525795,0.1814778745174408,0.0,0.0,0.0,0.0,0.0,0.3410479426383972,4.064899444580078,0.09794825315475464,0.0,57.0,0.0,0.0,57.0,0.0,57.0,0.34573352336883545,0.17530816793441772,3.3417765299479165,0.26016438007354736,0.02094133198261261,-0.02382732927799225
36,2.0280913560000045,116.537344,2.32858943939209,0.05338883399963379,0.1667099893093109,1.7001953125,0.21748670935630798,0.0,0.08455678075551987,0.0047301421873271465,0.1391805112361908,0.0,0.0,0.0,0.0,0.0,0.2435832917690277,3.382445812225342,0.08657033741474152,0.0,41.0,0.0,0.0,41.0,0.0,41.0,0.34785664081573486,0.17392539978027344,3.4559122721354165,0.26460427045822144,0.020998244484265644,-0.01973661780357361
37,2.0135591199998544,116.537344,2.0608294010162354,0.07587098330259323,0.2637919783592224,1.68359375,0.1930023431777954,0.0,0.06686403602361679,0.003476396668702364,0.1100260466337204,0.0,0.0,0.0,0.0,0.0,0.18826822936534882,2.775120735168457,0.05733058974146843,0.0,24.0,0.0,0.0,24.0,0.0,24.0,0.3483262856801351,0.17270368337631226,3.5435587565104165,0.2673022349675496,0.020910037060578663,-0.09708529710769653
38,1.976525054999911,116.537344,1.8327686786651611,0.09830184280872345,0.2886510491371155,1.66796875,0.17177197337150574,0.0,0.05499488115310669,0.0025358896236866713,0.0903727263212204,0.0,0.0,0.0,0.0,0.0,0.15693531930446625,2.317185878753662,0.034106917679309845,0.0,20.0,0.0,0.0,20.0,0.0,20.0,0.3473476568857829,0.1717458963394165,3.58343505859375,0.2667315403620402,0.020893496771653492,-0.09716027975082397
39,1.9644196319998173,116.537344,1.6362826824188232,0.12255065143108368,0.46613243222236633,1.662109375,0.15274235606193542,0.0,0.04880848526954651,0.0020996592938899994,0.0811971053481102,0.0,0.0,0.0,0.0,0.0,0.1586829125881195,2.033980369567871,0.021677076816558838,0.0,9.0,0.0,0.0,9.0,0.0,9.0,0.34533874193827313,0.17036110162734985,3.6054484049479165,0.26504407326380414,0.020870953798294067,-0.09723669290542603
40,1.9413602649999575,116.537344,1.4757405519485474,0.14565427601337433,0.2067040652036667,1.6533203125,0.13620951771736145,0.0,0.04714931175112724,0.0022317124530673027,0.0750529021024704,0.0,0.0,0.0,0.0,0.0,0.18161821365356445,1.9714053869247437,0.02675175666809082,0.0,11.0,0.0,0.0,11.0,0.0,11.0,0.34264854590098065,0.1681910753250122,3.5821736653645835,0.26265700658162433,0.020842415591080982,-0.0973864197731018
41,1.985337662999882,116.537344,1.305449366569519,0.1726618856191635,0.17423132061958313,1.642578125,0.11830395460128784,0.0,0.04257351905107498,0.0017828678246587515,0.0664876326918602,0.0,0.0,0.0,0.0,0.0,0.19600296020507812,2.0736560821533203,0.023354917764663696,0.0,13.0,0.0,0.0,13.0,0.0,13.0,0.33989381790161133,0.1652950644493103,3.5316365559895835,0.25974353154500324,0.020894624292850494,-0.09753209352493286
42,1.948971197999981,116.537344,1.1854497194290161,0.19722118973731995,0.18804842233657837,1.638671875,0.10465066134929657,0.0,0.041822563856840134,0.0015717161586508155,0.0617472343146801,0.0,0.0,0.0,0.0,0.0,0.23376218974590302,2.3074605464935303,0.016445327550172806,0.0,5.0,0.0,0.0,5.0,0.0,5.0,0.33591071764628094,0.16406971216201782,3.4092814127604165,0.25580469767252606,0.02086438238620758,-0.09757453203201294
43,2.0237740039999608,116.537344,1.0881760120391846,0.2224007099866867,0.19735445082187653,1.6337890625,0.0924593061208725,0.0,0.04269077628850937,0.001502591883763671,0.0568033866584301,0.0,0.0,0.0,0.0,0.0,0.28449177742004395,2.7178380489349365,0.011762181296944618,0.0,7.0,0.0,0.0,7.0,0.0,7.0,0.330988347530365,0.16364902257919312,3.2699381510416665,0.2507578134536743,0.020842028160889942,-0.022812262177467346
44,2.0183111249998547,116.537344,0.9659132957458496,0.25993677973747253,0.12575750052928925,1.626953125,0.07702518999576569,0.0,0.04710149019956589,0.0014380360953509808,0.0533040389418602,0.0,0.0,0.0,0.0,0.0,0.4024472236633301,3.348433494567871,0.02079085260629654,0.0,9.0,0.0,0.0,9.0,0.0,9.0,0.3247068723042806,0.1637592911720276,3.15423583984375,0.2446483572324117,0.020810990283886593,-0.024178609251976013
45,2.019543454999848,116.537344,0.8327180743217468,0.31481701135635376,0.07834455370903015,1.62109375,0.05959731340408325,0.0,0.05507059395313263,0.001099588698707521,0.0496622733771801,0.0,0.0,0.0,0.0,0.0,0.5920249223709106,4.118382453918457,0.0356978140771389,0.0,8.0,0.0,0.0,8.0,0.0,8.0,0.31633702913920086,0.16386353969573975,3.0331013997395835,0.23628411690394083,0.02071649084488551,-0.03470815718173981
46,2.04148387500004,116.537344,0.8115427494049072,0.3890684247016907,0.10150443762540817,1.6201171875,0.05198231339454651,0.0,0.07537087053060532,0.0009578958852216601,0.0548095703125,0.0,0.0,0.0,0.0,0.0,1.046581506729126,4.853846073150635,0.02308632992208004,0.0,3.0,0.0,0.0,3.0,0.0,3.0,0.3038817842801412,0.16329550743103027,2.9022420247395835,0.2241396109263102,0.020576414962609608,-0.035212449729442596
47,2.1141734259999794,116.537344,1.146375298500061,0.409648060798645,0.16067051887512207,1.619140625,0.07877197861671448,0.0,0.11611464619636536,0.0009617536561563611,0.0995076522231102,0.0,0.0,0.0,0.0,0.0,1.7390327453613281,5.502824783325195,0.022413082420825958,0.0,4.0,0.0,0.0,4.0,0.0,4.0,0.2875233093897502,0.16088193655014038,2.6314697265625,0.20783338944117227,0.020497459918260574,-0.03565158694982529
48,2.015460135000012,116.537344,1.7060683965682983,0.37247058749198914,0.18533243238925934,1.615234375,0.12812140583992004,0.0,0.18234609067440033,0.0015160678885877132,0.2056681364774704,0.0,0.0,0.0,0.0,0.0,2.5159354209899902,6.023744106292725,0.023648865520954132,0.0,6.0,0.0,0.0,6.0,1.0,5.0,0.2741205890973409,0.15998083353042603,2.24725341796875,0.19469871123631796,0.020532215634981792,-0.03572116792201996
49,1.986526595999976,116.537344,2.5778255462646484,0.25480449199676514,0.33854958415031433,1.611328125,0.2091337889432907,0.0,0.27604028582572937,0.0030888475012034178,0.3654988706111908,0.0,0.0,0.0,0.0,0.0,2.9103713035583496,6.461991786956787,0.04207393154501915,0.0,7.0,0.0,0.0,7.0,0.0,7.0,0.26616571346918744,0.16951751708984375,1.82672119140625,0.18630347649256387,0.02047796795765559,-0.034495316445827484
50,2.0789664250000897,116.537344,3.410510778427124,0.05651639401912689,0.30817094445228577,1.6015625,0.28939157724380493,0.0,0.36878761649131775,0.006044853013008833,0.6852620840072632,0.0,0.0,0.0,0.0,0.0,2.127992630004883,7.225269317626953,0.07113952189683914,0.0,17.0,0.0,0.0,17.0,0.0,17.0,0.27081958452860516,0.16893965005874634,1.544677734375,0.19026335080464682,0.02062518025437991,-0.01977512240409851
51,2.1043479410000145,116.537344,3.3883180618286133,0.023844726383686066,0.1805337518453598,1.5771484375,0.28517603874206543,0.0,0.422574520111084,0.010103351436555386,0.885009765625,0.0,0.0,0.0,0.0,0.0,1.349766731262207,8.163007736206055,0.15868042409420013,0.0,39.0,0.0,0.0,39.0,0.0,39.0,0.27916332085927326,0.1691969633102417,1.5123087565104167,0.19777385393778482,0.020693374176820118,-0.019843310117721558
52,2.2204425349998473,116.537344,3.434872627258301,0.03651164472103119,0.187768816947937,1.5537109375,0.2887420654296875,0.0,0.4295876920223236,0.013269486837089062,0.8661906123161316,0.0,0.0,0.0,0.0,0.0,1.168236255645752,8.890886306762695,0.1914762705564499,0.0,42.0,0.0,0.0,42.0,0.0,42.0,0.2812446355819702,0.17073345184326172,1.6883951822916667,0.19898557662963867,0.020598846177260082,-0.05270826816558838
53,2.3955481980001423,116.537344,3.580714225769043,0.04675324261188507,0.15898261964321136,1.4951171875,0.30173182487487793,0.0,0.4140605628490448,0.01646505296230316,0.81927490234375,0.0,0.0,0.0,0.0,0.0,1.4410715103149414,9.456610679626465,0.3292955756187439,0.0,96.0,0.0,0.0,96.0,0.0,96.0,0.27927182118097943,0.1740201711654663,1.8064778645833333,0.19657268126805624,0.020553392668565113,-0.049085915088653564
54,2.3446139100001346,116.537344,3.0673089027404785,0.08611982315778732,0.1467123180627823,1.3994140625,0.256621778011322,0.0,0.3323008120059967,0.012091193348169327,0.67791748046875,0.0,0.0,0.0,0.0,0.0,1.2517917156219482,10.151408195495605,0.301914781332016,0.0,159.0,0.0,0.0,159.0,0.0,159.0,0.2870091199874878,0.1780809760093689,2.0488077799479165,0.20738299687703451,0.02058078224460284,-0.07594460248947144
55,2.210421922000023,116.537344,2.5461628437042236,0.1368127316236496,0.13995958864688873,1.3427734375,0.21097132563591003,0.0,0.2743173837661743,0.008616719394922256,0.56866455078125,0.0,0.0,0.0,0.0,0.0,1.1528128385543823,10.23062801361084,0.18711146712303162,0.0,90.0,0.0,0.0,90.0,0.0,90.0,0.29545436302820843,0.17922157049179077,2.2445068359375,0.21746905644734701,0.020686075091362,-0.06676608324050903
56,2.1755107229998885,116.537344,2.3851633071899414,0.1746126115322113,0.14051322638988495,1.2890625,0.1971587836742401,0.0,0.25201770663261414,0.008041810244321823,0.5063883662223816,0.0,0.0,0.0,0.0,0.0,1.4081567525863647,9.930785179138184,0.22787855565547943,0.0,92.0,0.0,0.0,92.0,0.0,92.0,0.299127459526062,0.17541450262069702,2.3606160481770835,0.22345048189163208,0.020751867443323135,-0.060689568519592285
57,2.126315828000088,116.537344,2.291800022125244,0.197345569729805,0.12345727533102036,1.2392578125,0.19023381173610687,0.0,0.23958639800548553,0.007800493389368057,0.46112060546875,0.0,0.0,0.0,0.0,0.0,1.7462496757507324,9.190423965454102,0.17887720465660095,0.0,72.0,0.0,0.0,72.0,0.0,72.0,0.30226139227549237,0.17541080713272095,2.432373046875,0.22732524077097574,0.020850198964277904,-0.04552838206291199
58,2.0376710960001674,116.537344,2.159379005432129,0.22592294216156006,0.1043318584561348,1.1962890625,0.17816638946533203,0.0,0.23930561542510986,0.007981840521097183,0.4275919795036316,0.0,0.0,0.0,0.0,0.0,2.1831259727478027,8.458564758300781,0.15665940940380096,0.0,78.0,0.0,0.0,78.0,0.0,78.0,0.3033837874730428,0.1765400767326355,2.4195556640625,0.228041410446167,0.02097088098526001,-0.039775729179382324
59,2.0298121739999715,116.537344,2.1834588050842285,0.2238646298646927,0.09259241074323654,1.1484375,0.18033824861049652,0.0,0.25302577018737793,0.008880145847797394,0.4271647334098816,0.0,0.0,0.0,0.0,0.0,2.513768196105957,8.101515769958496,0.22036030888557434,0.0,74.0,0.0,0.0,74.0,0.0,74.0,0.30303176244099933,0.1791630983352661,2.35589599609375,0.22698448101679483,0.020964217682679493,-0.040489740669727325
60,2.034034082000062,116.537344,2.2446820735931396,0.20313024520874023,0.06439503282308578,1.08984375,0.18701288104057312,0.0,0.2637472152709961,0.009954474866390228,0.4511515498161316,0.0,0.0,0.0,0.0,0.0,2.646754264831543,7.456578731536865,0.2723524570465088,0.0,105.0,0.0,0.0,105.0,0.0,105.0,0.30524979035059613,0.18261057138442993,2.33856201171875,0.22816407680511475,0.02094273765881856,-0.03723549097776413
61,2.0695627550001063,116.537344,2.1459708213806152,0.1853255033493042,0.055582888424396515,1.009765625,0.17955705523490906,0.0,0.2500298023223877,0.010999344289302826,0.4244384765625,0.0,0.0,0.0,0.0,0.0,2.37965726852417,6.723118782043457,0.33950936794281006,0.0,168.0,0.0,0.0,168.0,0.0,168.0,0.3120671312014262,0.18561381101608276,2.3995361328125,0.23632911841074625,0.021146958072980244,-0.08643490076065063
62,2.0487033189999693,116.537344,1.800498127937317,0.21660561859607697,0.06234815716743469,0.9423828125,0.15074244141578674,0.0,0.2117253988981247,0.010381597094237804,0.3423258662223816,0.0,0.0,0.0,0.0,0.0,2.0054690837860107,6.337300777435303,0.24955618381500244,0.0,118.0,0.0,0.0,118.0,0.0,118.0,0.3203607002894084,0.18585887551307678,2.55303955078125,0.24603404601415,0.021253923575083416,-0.08518630266189575
63,2.035650359000101,116.537344,1.5593503713607788,0.25663846731185913,0.06454022973775864,0.884765625,0.1307389736175537,0.0,0.17534562945365906,0.009525645524263382,0.27783203125,0.0,0.0,0.0,0.0,0.0,1.6652638912200928,5.824695587158203,0.22672411799430847,0.0,115.0,0.0,0.0,115.0,0.0,115.0,0.3270869453748067,0.1774291694164276,2.6264444986979165,0.25405967235565186,0.021323494613170624,-0.07744824886322021
64,2.009339007000108,116.537344,1.3140442371368408,0.30852699279785156,0.06458157300949097,0.8369140625,0.10995754599571228,0.0,0.13962998986244202,0.007901791483163834,0.2144978940486908,0.0,0.0,0.0,0.0,0.0,1.4351511001586914,5.28468656539917,0.19427216053009033,0.0,96.0,0.0,0.0,96.0,0.0,96.0,0.3327335516611735,0.17803388833999634,2.6596272786458335,0.2616738478342692,0.021389601131280262,-0.06480282545089722
65,1.9430784339999718,116.537344,1.1463873386383057,0.3730151057243347,0.05472755804657936,0.8046875,0.09642389416694641,0.0,0.1094847023487091,0.006400411482900381,0.1590983122587204,0.0,0.0,0.0,0.0,0.0,1.346866488456726,4.969986438751221,0.11865067481994629,0.0,62.0,0.0,0.0,62.0,0.0,62.0,0.33590078353881836,0.17825955152511597,2.64776611328125,0.26750479141871136,0.021368575592835743,-0.061794817447662354
66,1.8706767040000614,116.537344,1.1486231088638306,0.4353465437889099,0.050384439527988434,0.7802734375,0.09766964614391327,0.0,0.09460455179214478,0.005928758531808853,0.1325276792049408,0.0,0.0,0.0,0.0,0.0,1.4382413625717163,4.557742595672607,0.12578588724136353,0.0,49.0,0.0,0.0,49.0,0.0,49.0,0.336006760597229,0.17895197868347168,2.6329752604166665,0.2683664361635844,0.021102579931418102,-0.07632333040237427
67,1.8652850149999267,116.537344,1.1523114442825317,0.4794684946537018,0.04509657248854637,0.7587890625,0.09930086135864258,0.0,0.07283949106931686,0.0043870024383068085,0.0995890349149704,0.0,0.0,0.0,0.0,0.0,1.4714359045028687,4.090873718261719,0.11229213327169418,0.0,42.0,0.0,0.0,42.0,0.0,42.0,0.3351488908131917,0.17903125286102295,2.7118123372395835,0.2677648663520813,0.020779119183619816,-0.07758116722106934
68,1.768492273999982,116.537344,1.1880760192871094,0.5088281035423279,0.052511390298604965,0.7431640625,0.10376350581645966,0.0,0.059769682586193085,0.0034305627923458815,0.07159423828125,0.0,0.0,0.0,0.0,0.0,1.6490654945373535,3.836425304412842,0.06805411726236343,0.0,26.0,0.0,0.0,26.0,0.0,26.0,0.33377377192179364,0.18447136878967285,2.7097371419270835,0.26711465915044147,0.02053949112693469,-0.07739847898483276
69,1.7234336090000397,116.537344,1.2301217317581177,0.5138678550720215,0.06075955927371979,0.7275390625,0.10824805498123169,0.0,0.05251932144165039,0.0028819474391639233,0.05377197265625,0.0,0.0,0.0,0.0,0.0,1.7683829069137573,3.621931552886963,0.07169470936059952,0.0,26.0,0.0,0.0,26.0,0.0,26.0,0.33148521184921265,0.18296131491661072,2.72918701171875,0.2640430728594462,0.020424767086903255,-0.08632564544677734
70,1.7338661629999024,116.537344,1.2141221761703491,0.4849039912223816,0.08210745453834534,0.7177734375,0.1066640317440033,0.0,0.04772030562162399,0.002178038703277707,0.0405069999396801,0.0,0.0,0.0,0.0,0.0,2.006021738052368,3.397675037384033,0.05827409774065018,0.0,17.0,0.0,0.0,17.0,0.0,17.0,0.32877912123998004,0.1844731867313385,2.74005126953125,0.26070113976796466,0.0201925424238046,-0.08643487095832825
71,1.7946824470000138,116.537344,1.2379661798477173,0.4436008334159851,0.15427032113075256,0.7119140625,0.10898401588201523,0.0,0.04906183108687401,0.0013718114932999015,0.0390828475356102,0.0,0.0,0.0,0.0,0.0,2.165160655975342,3.2602710723876953,0.05388268828392029,0.0,11.0,0.0,0.0,11.0,0.0,11.0,0.32803283135096234,0.1854383945465088,2.66949462890625,0.2601272463798523,0.019963184992472332,-0.0878058597445488
72,1.9050560579999,116.537344,1.3239669799804688,0.40031012892723083,0.15086548030376434,0.701171875,0.11733226478099823,0.0,0.056994955986738205,0.0014790494460612535,0.04888916015625,0.0,0.0,0.0,0.0,0.0,2.322547435760498,3.1852824687957764,0.07501736283302307,0.0,17.0,0.0,0.0,17.0,0.0,17.0,0.3288695613543193,0.1790933609008789,2.5734049479166665,0.2602517406145732,0.019769825041294098,-0.08753791451454163
73,1.9728744250001,116.537344,1.337473750114441,0.36943280696868896,0.08243308216333389,0.6865234375,0.11853067576885223,0.0,0.06066526100039482,0.0013032981660217047,0.05194091796875,0.0,0.0,0.0,0.0,0.0,2.3469138145446777,3.115805149078369,0.09927801787853241,0.0,27.0,0.0,0.0,27.0,0.0,27.0,0.32916202147801715,0.17871040105819702,2.58575439453125,0.26044394572575885,0.019468241681655247,-0.0976446270942688
74,1.9535009620001347,116.537344,1.3192355632781982,0.35121777653694153,0.07101237773895264,0.67578125,0.11644250154495239,0.0,0.062256839126348495,0.001188898109830916,0.0609334334731102,0.0,0.0,0.0,0.0,0.0,2.272754430770874,3.155857563018799,0.1146862730383873,0.0,28.0,0.0,0.0,28.0,0.0,28.0,0.33000441392262775,0.1827985644340515,2.6246541341145835,0.2604925235112508,0.019312733163436253,-0.09783655405044556
75,1.8529525630001444,116.537344,1.2876880168914795,0.34872835874557495,0.056587234139442444,0.6630859375,0.11353876441717148,0.0,0.06059778854250908,0.0012581804767251015,0.06414794921875,0.0,0.0,0.0,0.0,0.0,2.2374887466430664,3.113546848297119,0.10236193984746933,0.0,32.0,0.0,0.0,32.0,0.0,32.0,0.33119205633799237,0.1920282244682312,2.6287027994791665,0.26126231749852497,0.01929031436642011,-0.09786981344223022
76,1.8145269799999824,116.537344,1.2934930324554443,0.35529619455337524,0.05212666094303131,0.6552734375,0.11433207988739014,0.0,0.05684226378798485,0.0010420348262414336,0.0584309920668602,0.0,0.0,0.0,0.0,0.0,2.187995195388794,3.094677448272705,0.11464081704616547,0.0,32.0,0.0,0.0,32.0,0.0,32.0,0.33067665497461957,0.18374258279800415,2.7097371419270835,0.26071306069691974,0.019034011910359066,-0.09787756204605103
77,1.7836338360000354,116.537344,1.2979177236557007,0.3683210015296936,0.05464915186166763,0.64453125,0.11463437974452972,0.0,0.05913090705871582,0.0011988440528512,0.0625203475356102,0.0,0.0,0.0,0.0,0.0,2.0847201347351074,3.183370590209961,0.10029851645231247,0.0,20.0,0.0,0.0,20.0,0.0,20.0,0.32930533091227215,0.18015271425247192,2.7783406575520835,0.2595335841178894,0.018736052016417187,-0.09800821542739868
78,1.7854909889999817,116.537344,1.2570469379425049,0.3838281035423279,0.04134349152445793,0.626953125,0.11005385965108871,0.0,0.059439342468976974,0.0015829185722395778,0.0578206405043602,0.0,0.0,0.0,0.0,0.0,1.9724252223968506,3.2202186584472656,0.14082959294319153,0.0,42.0,0.0,0.0,42.0,0.0,42.0,0.32945309082667035,0.18076711893081665,2.7667032877604165,0.25963250796000165,0.018618427217006683,-0.09801715612411499
79,1.9014706300001762,116.537344,1.1807727813720703,0.39002686738967896,0.05521916225552559,0.6240234375,0.10311450064182281,0.0,0.05431883782148361,0.0008990326896309853,0.04583740234375,0.0,0.0,0.0,0.0,0.0,1.9192464351654053,3.1457479000091553,0.09735849499702454,0.0,21.0,0.0,0.0,21.0,0.0,21.0,0.3292011022567749,0.18213027715682983,2.75469970703125,0.25917887687683105,0.018624521791934967,-0.09794074296951294
80,1.8759010539999963,116.537344,1.217635154724121,0.3873557448387146,0.034497857093811035,0.615234375,0.10564043372869492,0.0,0.06265725195407867,0.0010878011817112565,0.0472615584731102,0.0,0.0,0.0,0.0,0.0,2.0368599891662598,3.092780828475952,0.1256210207939148,0.0,23.0,0.0,0.0,23.0,0.0,23.0,0.32677515347798664,0.1837921142578125,2.7369791666666665,0.256796399752299,0.018804997205734253,-0.09771925210952759
81,1.890848331999905,116.537344,1.2947337627410889,0.38470280170440674,0.02315657027065754,0.607421875,0.11219480633735657,0.0,0.07516372203826904,0.001027990016154945,0.055908203125,0.0,0.0,0.0,0.0,0.0,2.1468706130981445,3.2502613067626953,0.10937246680259705,0.0,23.0,0.0,0.0,23.0,0.0,23.0,0.32462336619695026,0.18225204944610596,2.6865234375,0.2543501059214274,0.018909235795338947,-0.09742075204849243
82,1.804812193999851,116.537344,1.3772166967391968,0.38903504610061646,0.03893085941672325,0.603515625,0.11802951991558075,0.0,0.10002832859754562,0.0015424302546307445,0.0899251326918602,0.0,0.0,0.0,0.0,0.0,2.4402787685394287,3.32315731048584,0.10870420932769775,0.0,12.0,0.0,0.0,12.0,0.0,12.0,0.321133812268575,0.17485123872756958,2.5550740559895835,0.2508420944213867,0.01851669078071912,-0.09724360704421997
83,1.8499408289999337,116.537344,1.509735107421875,0.3704448640346527,0.020846618339419365,0.5888671875,0.12843769788742065,0.0,0.12856903672218323,0.002920486032962799,0.1289266049861908,0.0,0.0,0.0,0.0,0.0,2.459662914276123,3.3224730491638184,0.18141862750053406,0.0,50.0,0.0,0.0,50.0,0.0,50.0,0.31682082017262775,0.17484939098358154,2.4805704752604165,0.24682915210723877,0.018419372538725536,-0.09726077318191528
84,1.8591330679998919,116.537344,1.5743377208709717,0.3608132004737854,0.02127685397863388,0.568359375,0.13339290022850037,0.0,0.15146708488464355,0.003693007631227374,0.18475341796875,0.0,0.0,0.0,0.0,0.0,2.5541789531707764,3.423757553100586,0.1814483404159546,0.0,42.0,0.0,0.0,42.0,0.0,42.0,0.3138076265652974,0.18042457103729248,2.4451090494791665,0.2442781925201416,0.01836133375763893,-0.09740430116653442
85,1.8623442999999043,116.537344,1.7546379566192627,0.32685378193855286,0.027182336896657944,0.5439453125,0.1489381045103073,0.0,0.18004021048545837,0.0061556450091302395,0.2438558042049408,0.0,0.0,0.0,0.0,0.0,2.608396291732788,3.5794639587402344,0.22333359718322754,0.0,63.0,0.0,0.0,63.0,0.0,63.0,0.31194015343983966,0.18580949306488037,2.3448079427083335,0.24291789531707764,0.018350373953580856,-0.09740966558456421
86,1.9375766359999034,116.537344,1.8315740823745728,0.2947736978530884,0.03095213510096073,0.51953125,0.1557125747203827,0.0,0.188409686088562,0.00831054151058197,0.2614949643611908,0.0,0.0,0.0,0.0,0.0,2.467482805252075,3.4977145195007324,0.31003767251968384,0.0,95.0,0.0,0.0,95.0,0.0,95.0,0.31244248151779175,0.19252818822860718,2.34417724609375,0.24393784999847412,0.018363842119773228,-0.0971711277961731
87,1.936913746000073,116.537344,1.7510401010513306,0.2899232506752014,0.031014129519462585,0.4892578125,0.14919261634349823,0.0,0.1777101755142212,0.008320056833326817,0.2471720427274704,0.0,0.0,0.0,0.0,0.0,2.2071166038513184,3.4015071392059326,0.281659871339798,0.0,90.0,0.0,0.0,90.0,0.0,90.0,0.3143720229466756,0.18752336502075195,2.42901611328125,0.24636846780776978,0.018772898862759273,-0.0974765419960022
88,1.904615270000022,116.537344,1.616947889328003,0.3086393475532532,0.027716834098100662,0.4638671875,0.13663122057914734,0.0,0.16759046912193298,0.007966733537614346,0.2286173552274704,0.0,0.0,0.0,0.0,0.0,2.12485933303833,3.4950032234191895,0.2543748617172241,0.0,89.0,0.0,0.0,89.0,0.0,89.0,0.315366526444753,0.1791951060295105,2.4979654947916665,0.24969788392384848,0.019015928109486897,-0.09752732515335083
89,2.001310769999918,116.537344,1.5513861179351807,0.3230741620063782,0.028038425371050835,0.4384765625,0.13035772740840912,0.0,0.16276966035366058,0.007700537331402302,0.2289225310087204,0.0,0.0,0.0,0.0,0.0,2.19122314453125,3.4315013885498047,0.24543380737304688,0.0,76.0,0.0,0.0,76.0,0.0,76.0,0.31508076190948486,0.17747068405151367,2.5508626302083335,0.2502022981643677,0.018910285085439682,-0.09760504961013794
90,1.9868334840000443,116.537344,1.4830876588821411,0.33576440811157227,0.024208534508943558,0.4130859375,0.12407448142766953,0.0,0.1557530015707016,0.007091853301972151,0.2261962890625,0.0,0.0,0.0,0.0,0.0,2.1298391819000244,3.270193099975586,0.22554951906204224,0.0,73.0,0.0,0.0,73.0,0.0,73.0,0.3154960870742798,0.18227821588516235,2.5914103190104165,0.2506190538406372,0.019060183316469193,-0.09764748811721802
91,2.0319210629997997,116.537344,1.4521929025650024,0.3354089856147766,0.02325890213251114,0.390625,0.1211085170507431,0.0,0.1538013070821762,0.007650294806808233,0.22210693359375,0.0,0.0,0.0,0.0,0.0,2.1798033714294434,3.37296724319458,0.20715753734111786,0.0,67.0,0.0,0.0,67.0,0.0,67.0,0.3154518206914266,0.1880062222480774,2.59295654296875,0.2519456744194031,0.01896527906258901,-0.09771507978439331
92,1.9784942649998811,116.537344,1.3808385133743286,0.3417622745037079,0.023461520671844482,0.3662109375,0.11467725038528442,0.0,0.146632581949234,0.007565412670373917,0.1980997771024704,0.0,0.0,0.0,0.0,0.0,2.13289213180542,3.350130796432495,0.1946401596069336,0.0,74.0,0.0,0.0,74.0,0.0,74.0,0.3156883319218953,0.1928374171257019,2.6196695963541665,0.25303030014038086,0.018999356776475906,-0.09774237871170044
93,2.016757066000082,116.537344,1.3841513395309448,0.3504319190979004,0.02361150085926056,0.34765625,0.11515902727842331,0.0,0.1394854187965393,0.006976630538702011,0.17962646484375,0.0,0.0,0.0,0.0,0.0,2.106461524963379,3.2451694011688232,0.212808296084404,0.0,67.0,0.0,0.0,67.0,0.0,67.0,0.3150781790415446,0.18656134605407715,2.6146036783854165,0.2528715531031291,0.01906470333536466,-0.09764271974563599
94,2.0336661229998754,116.537344,1.3902392387390137,0.35580921173095703,0.021157924085855484,0.330078125,0.11585422605276108,0.0,0.13520753383636475,0.005794759374111891,0.1753743588924408,0.0,0.0,0.0,0.0,0.0,2.1961300373077393,3.3776023387908936,0.19323520362377167,0.0,61.0,0.0,0.0,61.0,0.0,61.0,0.31428295373916626,0.18656080961227417,2.6022745768229165,0.2519901196161906,0.0192817064623038,-0.0975075364112854
95,1.9492622709999523,116.537344,1.3895056247711182,0.36681193113327026,0.020274387672543526,0.318359375,0.11457550525665283,0.0,0.1442481279373169,0.006288611795753241,0.1765340268611908,0.0,0.0,0.0,0.0,0.0,2.3665919303894043,3.4464080333709717,0.22616803646087646,0.0,61.0,0.0,0.0,61.0,0.0,61.0,0.31255777676900226,0.16987474262714386,2.5558268229166665,0.2502330541610718,0.01953016221523285,-0.09752672910690308
96,1.9540506069999992,116.537344,1.4420926570892334,0.37034347653388977,0.01879149302840233,0.30078125,0.11987670511007309,0.0,0.152203768491745,0.005902881734073162,0.1958414763212204,0.0,0.0,0.0,0.0,0.0,2.362809896469116,3.3202807903289795,0.16783568263053894,0.0,55.0,0.0,0.0,55.0,1.0,54.0,0.3105849623680115,0.1598215252161026,2.5460408528645835,0.24804039796193442,0.01942143216729164,-0.11161333322525024
97,1.940449639999997,116.537344,1.5616825819015503,0.35239946842193604,0.02053116448223591,0.28515625,0.13001398742198944,0.0,0.1683320254087448,0.00696557154878974,0.2371826171875,0.0,0.0,0.0,0.0,0.0,2.4185690879821777,3.4441123008728027,0.2461104840040207,0.0,66.0,0.0,0.0,66.0,0.0,66.0,0.3100234667460124,0.1893513798713684,2.4795735677083335,0.24783235788345337,0.01933372641603152,-0.11183083057403564
98,1.9559867479999866,116.537344,1.6100051403045654,0.33547037839889526,0.01756971888244152,0.2724609375,0.13512316346168518,0.0,0.17586833238601685,0.007829641923308372,0.24774169921875,0.0,0.0,0.0,0.0,0.0,2.456352472305298,3.5467336177825928,0.18899652361869812,0.0,64.0,0.0,0.0,64.0,0.0,64.0,0.3107384443283081,0.18968802690505981,2.44586181640625,0.24924486875534058,0.01912793144583702,-0.11204248666763306
99,1.9696069139999963,116.537344,1.6264227628707886,0.3234720826148987,0.01687394082546234,0.2490234375,0.136456698179245,0.0,0.17897441983222961,0.009534390643239021,0.2515462338924408,0.0,0.0,0.0,0.0,0.0,2.3419365882873535,3.46346378326416,0.23588678240776062,0.0,88.0,0.0,0.0,88.0,0.0,88.0,0.3113365173339844,0.1907423734664917,2.4642333984375,0.2503788073857625,0.019178243974844616,-0.11232094466686249
100,1.9758018090001315,116.537344,1.6313217878341675,0.3249445855617523,0.015402073971927166,0.232421875,0.13749927282333374,0.0,0.17083744704723358,0.0095779774710536,0.2402750700712204,0.0,0.0,0.0,0.0,0.0,2.263171911239624,3.521005630493164,0.25266045331954956,0.0,86.0,0.0,0.0,86.0,0.0,86.0,0.3123945395151774,0.1866283416748047,2.4907023111979165,0.2517661452293396,0.019330440709988277,-0.11255636066198349
101,2.1315606210000624,116.537344,1.6540180444717407,0.3206920325756073,0.016199925914406776,0.2236328125,0.14072629809379578,0.0,0.16265714168548584,0.009182801470160484,0.2292073667049408,0.0,0.0,0.0,0.0,0.0,2.1379992961883545,3.4948997497558594,0.2306462973356247,0.0,63.0,0.0,0.0,63.0,0.0,63.0,0.3133833607037862,0.18739885091781616,2.51171875,0.25257086753845215,0.01958474765221278,-0.1125730648636818
102,2.0733414639998955,116.537344,1.5932224988937378,0.32538270950317383,0.013552333228290081,0.2080078125,0.1356315314769745,0.0,0.14914065599441528,0.008280867710709572,0.2002156674861908,0.0,0.0,0.0,0.0,0.0,2.0170998573303223,3.4592576026916504,0.246479332447052,0.0,92.0,0.0,0.0,92.0,0.0,92.0,0.3144744833310445,0.187946617603302,2.549560546875,0.25398939847946167,0.019687414169311523,-0.11253896355628967
103,2.0164951059998657,116.537344,1.496026635169983,0.3484712243080139,0.014905763790011406,0.193359375,0.12721392512321472,0.0,0.13337408006191254,0.006910176482051611,0.17254638671875,0.0,0.0,0.0,0.0,0.0,1.9852581024169922,3.4001708030700684,0.2056826800107956,0.0,70.0,0.0,0.0,70.0,0.0,70.0,0.3148008982340495,0.18686658143997192,2.6086222330729165,0.2551346818606059,0.01952458545565605,-0.11232452094554901
104,2.0010670419999315,116.537344,1.4604593515396118,0.3482624888420105,0.014206018298864365,0.18359375,0.12450789660215378,0.0,0.12101184576749802,0.005770252086222172,0.1585896909236908,0.0,0.0,0.0,0.0,0.0,2.052664279937744,3.3215103149414062,0.2030939757823944,0.0,67.0,0.0,0.0,67.0,0.0,67.0,0.3155450224876404,0.18685972690582275,2.59967041015625,0.25646446148554486,0.01951279118657112,-0.11223431676626205
105,1.9841891420001048,116.537344,1.4249212741851807,0.34729981422424316,0.014128674753010273,0.17578125,0.12160547822713852,0.0,0.11369263380765915,0.005460738204419613,0.1441650390625,0.0,0.0,0.0,0.0,0.0,2.0948903560638428,3.2791802883148193,0.191645547747612,0.0,52.0,0.0,0.0,52.0,0.0,52.0,0.31640003124872845,0.19013428688049316,2.6466064453125,0.25738443930943805,0.019502888123194378,-0.1122339591383934
106,1.987258600999894,116.537344,1.4523675441741943,0.34555405378341675,0.017041204497218132,0.162109375,0.12468127906322479,0.0,0.10609685629606247,0.00517199095338583,0.1267496794462204,0.0,0.0,0.0,0.0,0.0,2.0682599544525146,3.2756965160369873,0.205813929438591,0.0,64.0,0.0,0.0,64.0,0.0,64.0,0.3174285292625427,0.18433690071105957,2.6517333984375,0.2588391900062561,0.01967724785208702,-0.11214325577020645
107,1.9773874789998445,116.537344,1.440690517425537,0.3502146005630493,0.015383949503302574,0.1591796875,0.12432074546813965,0.0,0.09734007716178894,0.0037833028472959995,0.1101888045668602,0.0,0.0,0.0,0.0,0.0,2.050525426864624,3.1654324531555176,0.1833862066268921,0.0,47.0,0.0,0.0,47.0,0.0,47.0,0.31761860847473145,0.18427622318267822,2.6730753580729165,0.25919785102208454,0.01983024055759112,-0.11206356436014175
108,2.0363147780001327,116.537344,1.448720097541809,0.35123568773269653,0.01648954674601555,0.154296875,0.12490221112966537,0.0,0.09811075776815414,0.0036094277165830135,0.1082967147231102,0.0,0.0,0.0,0.0,0.0,2.04410982131958,3.1803550720214844,0.18837283551692963,0.0,43.0,0.0,0.0,43.0,0.0,43.0,0.3167142669359843,0.18558210134506226,2.654541015625,0.25865254799524945,0.020030740648508072,-0.11183471977710724
109,2.3480877570000303,116.537344,1.425328254699707,0.35412663221359253,0.017863567918539047,0.1484375,0.12274979054927826,0.0,0.0978134498000145,0.0032165287993848324,0.1063029021024704,0.0,0.0,0.0,0.0,0.0,2.0168824195861816,3.119626998901367,0.2002565562725067,0.0,47.0,0.0,0.0,47.0,0.0,47.0,0.3168766101201375,0.18605929613113403,2.6274007161458335,0.25878552595774335,0.02002675582965215,-0.11184420436620712
110,2.1316460870000355,116.537344,1.362960934638977,0.36136049032211304,0.02203262597322464,0.1435546875,0.11675029993057251,0.0,0.10166716575622559,0.003096172586083412,0.1092936247587204,0.0,0.0,0.0,0.0,0.0,2.0994811058044434,3.030351400375366,0.16224899888038635,0.0,35.0,0.0,0.0,35.0,0.0,35.0,0.3168056607246399,0.1866278052330017,2.5920206705729165,0.25852330525716144,0.01989688351750374,-0.11185459047555923
111,2.0805227899998044,116.537344,1.3831863403320312,0.36306262016296387,0.01241480465978384,0.138671875,0.11769692599773407,0.0,0.1106443703174591,0.0035892403684556484,0.1259562224149704,0.0,0.0,0.0,0.0,0.0,2.2088422775268555,3.1152331829071045,0.19272403419017792,0.0,44.0,0.0,0.0,44.0,0.0,44.0,0.31630076964696247,0.18776923418045044,2.5778605143229165,0.25814110040664673,0.01955493539571762,-0.11212872713804245
112,1.9681452660001924,116.537344,1.4514696598052979,0.3483176529407501,0.01960086263716221,0.1328125,0.12399114668369293,0.0,0.11881624162197113,0.004117053002119064,0.1401163786649704,0.0,0.0,0.0,0.0,0.0,2.2521257400512695,3.1646294593811035,0.20587703585624695,0.0,43.0,0.0,0.0,43.0,0.0,43.0,0.3164885441462199,0.19047462940216064,2.5486857096354165,0.2584896485010783,0.01960329959789912,-0.11248912662267685
113,1.9764418760000808,116.537344,1.5264830589294434,0.3370104730129242,0.013700122013688087,0.1279296875,0.1305791586637497,0.0,0.12596116960048676,0.0050322688184678555,0.1532389372587204,0.0,0.0,0.0,0.0,0.0,2.325016975402832,3.1971168518066406,0.23409712314605713,0.0,53.0,0.0,0.0,53.0,0.0,53.0,0.3163432876269023,0.1869068145751953,2.5413004557291665,0.2584940592447917,0.019644564638535183,-0.11277702450752258
114,1.9525326890000088,116.537344,1.5622133016586304,0.3329428732395172,0.013187521137297153,0.1259765625,0.13383924961090088,0.0,0.13050560653209686,0.005514885298907757,0.1532389372587204,0.0,0.0,0.0,0.0,0.0,2.2711803913116455,3.283719539642334,0.23721562325954437,0.0,51.0,0.0,0.0,51.0,0.0,51.0,0.31650129954020184,0.18776285648345947,2.5397542317708335,0.25929447015126544,0.01993294432759285,-0.11291775107383728
115,1.9937182539999867,116.537344,1.526503562927246,0.33713436126708984,0.022378530353307724,0.123046875,0.13009297847747803,0.0,0.13407716155052185,0.005762435030192137,0.1645304411649704,0.0,0.0,0.0,0.0,0.0,2.2565102577209473,3.344224452972412,0.2471461147069931,0.0,55.0,0.0,0.0,55.0,0.0,55.0,0.3173385262489319,0.18836349248886108,2.5227457682291665,0.2605045636494954,0.019985690712928772,-0.1128535270690918
116,1.9828940280001461,116.537344,1.5171523094177246,0.3408796191215515,0.0123798418790102,0.119140625,0.12892299890518188,0.0,0.137099489569664,0.00560736795887351,0.1753336638212204,0.0,0.0,0.0,0.0,0.0,2.2457082271575928,3.3273868560791016,0.269840270280838,0.0,58.0,0.0,0.0,58.0,0.0,58.0,0.3181404670079549,0.18437093496322632,2.5065511067708335,0.26126982768376666,0.019987946997086208,-0.11316253244876862
117,2.034622356,116.537344,1.5027766227722168,0.34747084975242615,0.01271925587207079,0.1181640625,0.12751568853855133,0.0,0.14019028842449188,0.006310056895017624,0.176513671875,0.0,0.0,0.0,0.0,0.0,2.2232792377471924,3.3750674724578857,0.2517855167388916,0.0,60.0,0.0,0.0,60.0,0.0,60.0,0.31849581003189087,0.18707624077796936,2.5110066731770835,0.26167436440785724,0.019807707518339157,-0.11315949261188507
118,2.026977663000025,116.537344,1.453268051147461,0.35650330781936646,0.013349419459700584,0.1123046875,0.12304763495922089,0.0,0.13456901907920837,0.0057365503162145615,0.1649169921875,0.0,0.0,0.0,0.0,0.0,2.187710762023926,3.407505750656128,0.23218350112438202,0.0,70.0,0.0,0.0,70.0,0.0,70.0,0.31853530804316205,0.19094353914260864,2.53472900390625,0.2618712782859802,0.019854987661043804,-0.11314262449741364
119,1.989762669999891,116.537344,1.4062166213989258,0.3652057945728302,0.012689327821135521,0.109375,0.11833024024963379,0.0,0.1318308711051941,0.004654154647141695,0.16705322265625,0.0,0.0,0.0,0.0,0.0,2.2615535259246826,3.305210590362549,0.23070597648620605,0.0,52.0,0.0,0.0,52.0,0.0,52.0,0.3181813557942708,0.18782323598861694,2.5699666341145835,0.26133406162261963,0.019899229208628338,-0.1133599802851677
120,2.0316603480000595,116.537344,1.4318090677261353,0.37177345156669617,0.012531077489256859,0.10546875,0.11962740123271942,0.0,0.14447705447673798,0.0060726348310709,0.1930135190486908,0.0,0.0,0.0,0.0,0.0,2.4320435523986816,3.307704448699951,0.2483486533164978,0.0,61.0,0.0,0.0,61.0,0.0,61.0,0.3170832395553589,0.18784308433532715,2.537353515625,0.2605145176251729,0.02001282076040904,-0.1135714054107666
121,2.008681171999797,116.537344,1.454715609550476,0.36966660618782043,0.014622376300394535,0.1015625,0.12214686721563339,0.0,0.1443811058998108,0.006027656607329845,0.1902872771024704,0.0,0.0,0.0,0.0,0.0,2.3460395336151123,3.3426928520202637,0.2257423847913742,0.0,71.0,0.0,0.0,71.0,0.0,71.0,0.3172282377878825,0.18013852834701538,2.5377604166666665,0.26115862528483075,0.020061984658241272,-0.11356735974550247
122,2.0123100680000334,116.537344,1.4508939981460571,0.37604063749313354,0.015081116929650307,0.0947265625,0.12123212218284607,0.0,0.14344333112239838,0.006197415292263031,0.1896769255399704,0.0,0.0,0.0,0.0,0.0,2.384993314743042,3.2509236335754395,0.2828315496444702,0.0,74.0,0.0,0.0,74.0,0.0,74.0,0.31687162319819134,0.1776713728904724,2.5716959635416665,0.2613006631533305,0.01997544119755427,-0.11341030895709991
123,2.037083606000124,116.537344,1.4250723123550415,0.37340760231018066,0.014794226735830307,0.08984375,0.11935686320066452,0.0,0.1408565789461136,0.006559082772582769,0.1842244565486908,0.0,0.0,0.0,0.0,0.0,2.3383865356445312,3.1089980602264404,0.2461884617805481,0.0,74.0,0.0,0.0,74.0,0.0,74.0,0.31708284219106037,0.18272867798805237,2.5925699869791665,0.2617282271385193,0.01991755763689677,-0.11337831616401672
124,2.024005399000089,116.537344,1.3768640756607056,0.37442150712013245,0.014555027708411217,0.0869140625,0.11519189924001694,0.0,0.13190491497516632,0.005885411985218525,0.1758219450712204,0.0,0.0,0.0,0.0,0.0,2.326504707336426,3.0764291286468506,0.24579519033432007,0.0,73.0,0.0,0.0,73.0,0.0,73.0,0.3179741104443868,0.18570494651794434,2.6273600260416665,0.2626413106918335,0.020101229349772137,-0.11352775245904922
125,2.0258747279999625,116.537344,1.3328890800476074,0.37460994720458984,0.013860590755939484,0.083984375,0.11131799221038818,0.0,0.13182580471038818,0.005800709128379822,0.1786702573299408,0.0,0.0,0.0,0.0,0.0,2.3130202293395996,3.0600993633270264,0.20665030181407928,0.0,64.0,0.0,0.0,64.0,0.0,64.0,0.31764886776606244,0.18972638249397278,2.6314290364583335,0.26230084896087646,0.02005857105056445,-0.11353190243244171
126,2.00211107899986,116.537344,1.3495053052902222,0.3760658800601959,0.01358908973634243,0.08203125,0.11307013034820557,0.0,0.1285349726676941,0.006254634819924831,0.1722005307674408,0.0,0.0,0.0,0.0,0.0,2.1919355392456055,2.899792194366455,0.22168168425559998,0.0,66.0,0.0,0.0,66.0,0.0,66.0,0.3172091245651245,0.19113820791244507,2.65869140625,0.26215781768163043,0.020133163779973984,-0.11348041146993637
127,1.998351656000068,116.537344,1.3352283239364624,0.36990150809288025,0.011065162718296051,0.080078125,0.11247380822896957,0.0,0.1198340654373169,0.005833919160068035,0.1540730893611908,0.0,0.0,0.0,0.0,0.0,2.1062076091766357,2.800708770751953,0.209559366106987,0.0,72.0,0.0,0.0,72.0,0.0,72.0,0.317823847134908,0.19129055738449097,2.7018839518229165,0.26256054639816284,0.02019350106517474,-0.10453901439905167
128,1.9705594329998348,116.537344,1.2748298645019531,0.3691120743751526,0.01028107013553381,0.080078125,0.10713812708854675,0.0,0.11516879498958588,0.0055098263546824455,0.1500651091337204,0.0,0.0,0.0,0.0,0.0,2.088751792907715,2.7223613262176514,0.1857474148273468,0.0,53.0,0.0,0.0,53.0,0.0,53.0,0.31805306673049927,0.18861311674118042,2.72369384765625,0.26272569100062054,0.020137144873539608,-0.09746485948562622
129,1.9838794820000203,116.537344,1.2402931451797485,0.3642544746398926,0.014265871606767178,0.078125,0.10439550876617432,0.0,0.11174401640892029,0.005157016217708588,0.1514078825712204,0.0,0.0,0.0,0.0,0.0,2.0261526107788086,2.5692317485809326,0.1643432080745697,0.0,61.0,0.0,0.0,61.0,0.0,61.0,0.3183102607727051,0.18911808729171753,2.7311604817708335,0.2636513113975525,0.020159489164749782,-0.09739285707473755
130,2.008630888000198,116.537344,1.2392491102218628,0.35801926255226135,0.013932294212281704,0.07421875,0.10458284616470337,0.0,0.10629459470510483,0.004859461914747953,0.1356608122587204,0.0,0.0,0.0,0.0,0.0,1.9358024597167969,2.57320499420166,0.19568392634391785,0.0,53.0,0.0,0.0,53.0,0.0,53.0,0.31905150413513184,0.1924198865890503,2.737060546875,0.26445557673772174,0.020250815898180008,-0.09743934869766235
131,2.0338085919997866,116.537344,1.2276216745376587,0.3596198856830597,0.015363682061433792,0.0712890625,0.10389789938926697,0.0,0.10256831347942352,0.004503089934587479,0.12939453125,0.0,0.0,0.0,0.0,0.0,1.9020185470581055,2.6484413146972656,0.1735788881778717,0.0,50.0,0.0,0.0,50.0,0.0,50.0,0.31957409779230755,0.20288866758346558,2.7449544270833335,0.2647489706675212,0.020198070754607517,-0.09744817018508911
132,2.0278258939999887,116.537344,1.2298799753189087,0.36051198840141296,0.01981731504201889,0.0712890625,0.10428941249847412,0.0,0.10280309617519379,0.003929934464395046,0.1349283903837204,0.0,0.0,0.0,0.0,0.0,1.8268818855285645,2.5858826637268066,0.16406992077827454,0.0,42.0,0.0,0.0,42.0,0.0,42.0,0.3190472920735677,0.19930553436279297,2.7452799479166665,0.26420432329177856,0.020137261599302292,-0.09742170572280884
133,1.9573898529999951,116.537344,1.288691520690918,0.35021868348121643,0.015667319297790527,0.0712890625,0.10993091762065887,0.0,0.101051464676857,0.004126264713704586,0.13232421875,0.0,0.0,0.0,0.0,0.0,1.743356704711914,2.613307476043701,0.19830971956253052,0.0,51.0,0.0,0.0,51.0,0.0,51.0,0.31898772716522217,0.19195222854614258,2.7765706380208335,0.2644170920054118,0.02031812071800232,-0.09739786386489868
134,1.9881375679999564,116.537344,1.2772207260131836,0.3549003601074219,0.016634522005915642,0.0703125,0.1091204285621643,0.0,0.09718586504459381,0.003946087323129177,0.1271158903837204,0.0,0.0,0.0,0.0,0.0,1.745435118675232,2.731874465942383,0.18801037967205048,0.0,39.0,0.0,0.0,39.0,0.0,39.0,0.31955665349960327,0.19170615077018738,2.7691650390625,0.26523351669311523,0.020163290202617645,-0.09739667177200317
135,1.9416588779999984,116.537344,1.303959846496582,0.35745561122894287,0.010993621312081814,0.0693359375,0.11182740330696106,0.0,0.09550042450428009,0.004301426000893116,0.1209920272231102,0.0,0.0,0.0,0.0,0.0,1.7239917516708374,2.737579345703125,0.20348189771175385,0.0,42.0,0.0,0.0,42.0,0.0,42.0,0.32015780607859295,0.19234752655029297,2.76629638671875,0.2656782666842143,0.020144164562225342,-0.09731680154800415
136,1.8905290889999833,116.537344,1.2654576301574707,0.36953744292259216,0.016382340341806412,0.0693359375,0.10887428373098373,0.0,0.09073148667812347,0.0037305511068552732,0.108642578125,0.0,0.0,0.0,0.0,0.0,1.715768575668335,2.7669875621795654,0.1399364471435547,0.0,31.0,0.0,0.0,31.0,0.0,31.0,0.3206685781478882,0.19273865222930908,2.7951456705729165,0.2662120858828227,0.020143479108810425,-0.09729546308517456
137,1.8500787119999131,116.537344,1.2848889827728271,0.37629199028015137,0.012684698216617107,0.0693359375,0.1101410910487175,0.0,0.09212523698806763,0.003598213894292712,0.1096394881606102,0.0,0.0,0.0,0.0,0.0,1.7610759735107422,2.9585084915161133,0.16762956976890564,0.0,34.0,0.0,0.0,34.0,0.0,34.0,0.3206912676493327,0.20145553350448608,2.759033203125,0.2664224108060201,0.020295688261588413,-0.09712237119674683
138,1.8554918100001032,116.537344,1.2865959405899048,0.38057729601860046,0.016749508678913116,0.06640625,0.1097707748413086,0.0,0.09691382944583893,0.0036245244555175304,0.1188151091337204,0.0,0.0,0.0,0.0,0.0,1.837432622909546,3.0338244438171387,0.16993874311447144,0.0,32.0,0.0,0.0,32.0,0.0,32.0,0.3204868237177531,0.20871812105178833,2.7318929036458335,0.26629183689753216,0.020253953834374745,-0.09719377756118774
139,1.9210150129999874,116.537344,1.3012291193008423,0.3828168511390686,0.018270010128617287,0.064453125,0.11091464757919312,0.0,0.10273650288581848,0.0038910142611712217,0.1327311247587204,0.0,0.0,0.0,0.0,0.0,1.8752214908599854,3.1004323959350586,0.15666563808918,0.0,24.0,0.0,0.0,24.0,0.0,24.0,0.3202248215675354,0.20103472471237183,2.7001749674479165,0.26602723201115924,0.020210925489664078,-0.09737318754196167
140,1.8667103949999273,116.537344,1.3529495000839233,0.37921586632728577,0.014608354307711124,0.064453125,0.11520352214574814,0.0,0.10986276715993881,0.004486987367272377,0.1427001953125,0.0,0.0,0.0,0.0,0.0,1.9426907300949097,3.3789877891540527,0.1766621470451355,0.0,35.0,0.0,0.0,35.0,0.0,35.0,0.3194602131843567,0.1990877389907837,2.68463134765625,0.26546208063761395,0.02019471550981204,-0.09740620851516724
141,1.895370517999936,116.537344,1.3924994468688965,0.3750964403152466,0.014637818560004234,0.064453125,0.11824440956115723,0.0,0.1146046370267868,0.004929214715957642,0.1438395231962204,0.0,0.0,0.0,0.0,0.0,2.0381460189819336,3.559931516647339,0.21279338002204895,0.0,48.0,0.0,0.0,48.0,0.0,48.0,0.31945663690567017,0.1923641562461853,2.6537882486979165,0.2654939293861389,0.020277541130781174,-0.09743684530258179
142,1.8685609889998887,116.537344,1.4044461250305176,0.37206608057022095,0.014291198924183846,0.0634765625,0.11941567063331604,0.0,0.11707797646522522,0.004681400954723358,0.13946533203125,0.0,0.0,0.0,0.0,0.0,2.037289619445801,3.5097899436950684,0.1896657645702362,0.0,37.0,0.0,0.0,37.0,0.0,37.0,0.31901562213897705,0.19325077533721924,2.6131998697916665,0.2649908860524495,0.020297459016243618,-0.09737104177474976
143,1.9096019930000239,116.537344,1.4109694957733154,0.3702773451805115,0.014371294528245926,0.0634765625,0.1193372905254364,0.0,0.12418293207883835,0.00475038168951869,0.1545003354549408,0.0,0.0,0.0,0.0,0.0,2.194816827774048,3.618473529815674,0.2077534794807434,0.0,45.0,0.0,0.0,45.0,0.0,45.0,0.3178128202756246,0.19821196794509888,2.6221516927083335,0.2639522949854533,0.020370477189620335,-0.09742921590805054
144,1.9052356910001436,116.537344,1.4613018035888672,0.3590421676635742,0.01380020473152399,0.0634765625,0.12320902943611145,0.0,0.1349179595708847,0.005335635505616665,0.1778157651424408,0.0,0.0,0.0,0.0,0.0,2.302978754043579,3.763829231262207,0.23976552486419678,0.0,51.0,0.0,0.0,51.0,0.0,51.0,0.3168457547823588,0.20155850052833557,2.5732014973958335,0.26284631093343097,0.020149321605761845,-0.09742289781570435
145,1.9189244890001191,116.537344,1.5486923456192017,0.3384917974472046,0.015130596235394478,0.0615234375,0.13151565194129944,0.0,0.14189347624778748,0.006106737535446882,0.1940714567899704,0.0,0.0,0.0,0.0,0.0,2.2658917903900146,3.762256622314453,0.2394789308309555,0.0,53.0,0.0,0.0,53.0,0.0,53.0,0.3167775273323059,0.2025303840637207,2.5290323893229165,0.26278326908747357,0.020184561610221863,-0.09740835428237915
146,1.945197933999907,116.537344,1.5523079633712769,0.32272976636886597,0.01455388218164444,0.0615234375,0.132596954703331,0.0,0.14035235345363617,0.006711280904710293,0.1887613981962204,0.0,0.0,0.0,0.0,0.0,2.06533145904541,3.651883602142334,0.2217179387807846,0.0,72.0,0.0,0.0,72.0,0.0,72.0,0.31745751698811847,0.19210964441299438,2.55694580078125,0.26366472244262695,0.020273476839065552,-0.09740573167800903
147,1.9327769260000878,116.537344,1.4711192846298218,0.32468146085739136,0.014688787050545216,0.0595703125,0.12511314451694489,0.0,0.1327950656414032,0.006198262330144644,0.1797281950712204,0.0,0.0,0.0,0.0,0.0,1.9738261699676514,3.489427089691162,0.24333858489990234,0.0,67.0,0.0,0.0,67.0,0.0,67.0,0.31876295804977417,0.19051939249038696,2.6076456705729165,0.26504234472910565,0.020300077895323437,-0.097400963306427
148,1.9331880560000627,116.537344,1.397670865058899,0.3246133625507355,0.0162942074239254,0.05859375,0.11869029700756073,0.0,0.1250937581062317,0.005615159869194031,0.1717529296875,0.0,0.0,0.0,0.0,0.0,1.8470101356506348,3.313572645187378,0.23340609669685364,0.0,62.0,0.0,0.0,62.0,0.0,62.0,0.3202197353045146,0.19099688529968262,2.6306355794270835,0.2668396830558777,0.020374019940694172,-0.09740358591079712
149,1.9735703290000401,116.537344,1.3126188516616821,0.33142906427383423,0.013505259528756142,0.0576171875,0.11092473566532135,0.0,0.11951231211423874,0.005505625158548355,0.1636149138212204,0.0,0.0,0.0,0.0,0.0,1.787602186203003,3.090933322906494,0.22411701083183289,0.0,51.0,0.0,0.0,51.0,0.0,51.0,0.321073055267334,0.19345784187316895,2.6581217447916665,0.26801931858062744,0.02038026973605156,-0.09741288423538208
150,1.937143153000079,116.537344,1.2260719537734985,0.351083368062973,0.010432588867843151,0.0576171875,0.10283873975276947,0.0,0.1116175651550293,0.005063681397587061,0.1545003354549408,0.0,0.0,0.0,0.0,0.0,1.7087774276733398,2.9610815048217773,0.23305420577526093,0.0,55.0,0.0,0.0,55.0,0.0,55.0,0.32226236661275226,0.19536685943603516,2.7140096028645835,0.26894861459732056,0.020401039471228916,-0.09743577241897583
151,1.902662773999964,116.537344,1.242245078086853,0.3556300401687622,0.014918268658220768,0.056640625,0.10526029765605927,0.0,0.10465069115161896,0.004673894494771957,0.14215087890625,0.0,0.0,0.0,0.0,0.0,1.6956264972686768,2.919767379760742,0.18617795407772064,0.0,43.0,0.0,0.0,43.0,0.0,43.0,0.32316484053929645,0.20053571462631226,2.7292683919270835,0.2697267532348633,0.020359298835198086,-0.0973997712135315
152,1.8997298940000746,116.537344,1.2051124572753906,0.36589863896369934,0.014926782809197903,0.0546875,0.10191750526428223,0.0,0.09922628849744797,0.00457776477560401,0.1266276091337204,0.0,0.0,0.0,0.0,0.0,1.6409633159637451,2.842674970626831,0.1818244308233261,0.0,48.0,0.0,0.0,48.0,0.0,48.0,0.32314447561899823,0.204534649848938,2.76220703125,0.27000586191813153,0.020515192300081253,-0.09732800722122192
153,1.881678170999976,116.537344,1.1598656177520752,0.37107953429222107,0.017181428149342537,0.0537109375,0.09796404093503952,0.0,0.09259814023971558,0.0042306287214159966,0.12164306640625,0.0,0.0,0.0,0.0,0.0,1.6034753322601318,2.694105863571167,0.164065882563591,0.0,36.0,0.0,0.0,36.0,0.0,36.0,0.3233887354532878,0.20667558908462524,2.7997233072916665,0.27032458782196045,0.02045292655626933,-0.09737712144851685
154,1.9296487470001011,116.537344,1.1376116275787354,0.37519508600234985,0.013885926455259323,0.0537109375,0.0956055149435997,0.0,0.09094789624214172,0.003803502768278122,0.1194254606962204,0.0,0.0,0.0,0.0,0.0,1.7253568172454834,2.748957395553589,0.1766207069158554,0.0,36.0,0.0,0.0,36.0,0.0,36.0,0.32326896985371906,0.19373983144760132,2.7953287760416665,0.2702203194300334,0.02026403819521268,-0.09734827280044556
155,1.9412624030001098,116.537344,1.155159831047058,0.37100347876548767,0.013256273232400417,0.0537109375,0.09737980365753174,0.0,0.08843480050563812,0.0037445719353854656,0.1118571013212204,0.0,0.0,0.0,0.0,0.0,1.7461349964141846,2.824517011642456,0.18192172050476074,0.0,43.0,0.0,0.0,43.0,0.0,43.0,0.32351481914520264,0.19375675916671753,2.7711385091145835,0.2703478932380676,0.02029077832897504,-0.09738928079605103
156,1.9141221219999807,116.537344,1.1403720378875732,0.3705517649650574,0.012536033987998962,0.052734375,0.09639133512973785,0.0,0.08494367450475693,0.003132340032607317,0.1033935546875,0.0,0.0,0.0,0.0,0.0,1.6883859634399414,2.7800652980804443,0.1733015477657318,0.0,37.0,0.0,0.0,37.0,0.0,37.0,0.3236427307128906,0.1963024139404297,2.77410888671875,0.27050461371739704,0.020337169369061787,-0.0974779725074768
157,1.9562246860000414,116.537344,1.2098417282104492,0.3593006730079651,0.01727023720741272,0.052734375,0.10298514366149902,0.0,0.08723380416631699,0.00307290512137115,0.1107584685087204,0.0,0.0,0.0,0.0,0.0,1.7092342376708984,2.907416820526123,0.19034218788146973,0.0,34.0,0.0,0.0,34.0,0.0,34.0,0.3238065242767334,0.20357906818389893,2.75201416015625,0.2706959843635559,0.020256177832682926,-0.09747272729873657
158,1.9446488440000849,116.537344,1.2355347871780396,0.3540242612361908,0.014846493490040302,0.0517578125,0.10555758327245712,0.0,0.08818520605564117,0.0027678559999912977,0.1160685271024704,0.0,0.0,0.0,0.0,0.0,1.62577486038208,3.038766384124756,0.18605944514274597,0.0,31.0,0.0,0.0,31.0,0.0,31.0,0.3242008090019226,0.21368879079818726,2.7149454752604165,0.2713305354118347,0.020156176139911015,-0.09744232892990112
159,1.9192826789999344,116.537344,1.279781460762024,0.3534128665924072,0.013530784286558628,0.0517578125,0.10925736278295517,0.0,0.09501419961452484,0.0037673055194318295,0.1245524138212204,0.0,0.0,0.0,0.0,0.0,1.5849021673202515,3.049769878387451,0.22476443648338318,0.0,35.0,0.0,0.0,35.0,0.0,35.0,0.3237726887067159,0.21196462213993073,2.6952107747395835,0.27082159121831256,0.020216669887304306,-0.09747892618179321
160,1.9186509940000178,116.537344,1.2649822235107422,0.3530215620994568,0.012891887687146664,0.0498046875,0.10854363441467285,0.0,0.09185030311346054,0.0037020768504589796,0.12188720703125,0.0,0.0,0.0,0.0,0.0,1.4951038360595703,3.0303401947021484,0.19809691607952118,0.0,36.0,0.0,0.0,36.0,0.0,36.0,0.3241314689318339,0.2126183807849884,2.7399495442708335,0.2711879412333171,0.020354750255743664,-0.0974617600440979
161,1.849974715000144,116.537344,1.2389273643493652,0.3604432940483093,0.010670128278434277,0.048828125,0.10572953522205353,0.0,0.0925665944814682,0.004348563030362129,0.1205037459731102,0.0,0.0,0.0,0.0,0.0,1.5343130826950073,3.1701009273529053,0.20821690559387207,0.0,33.0,0.0,0.0,33.0,0.0,33.0,0.3249833583831787,0.21106524765491486,2.7137247721354165,0.2719106276830037,0.020327231536308926,-0.09745603799819946
162,1.9101418580000882,116.537344,1.2027881145477295,0.3630938231945038,0.011833054944872856,0.0478515625,0.10268421471118927,0.0,0.08633916079998016,0.0044240946881473064,0.10882568359375,0.0,0.0,0.0,0.0,0.0,1.5149939060211182,3.120695114135742,0.21768778562545776,0.0,44.0,0.0,0.0,44.0,0.0,44.0,0.3259800672531128,0.2075316607952118,2.72412109375,0.2728254795074463,0.020307909697294235,-0.09749943017959595
163,2.015998073999981,116.537344,1.1427329778671265,0.3637501299381256,0.014005261473357677,0.0478515625,0.09762562811374664,0.0,0.07844170182943344,0.0038380883634090424,0.1031494140625,0.0,0.0,0.0,0.0,0.0,1.4747734069824219,2.959792137145996,0.18590757250785828,0.0,33.0,0.0,0.0,33.0,0.0,33.0,0.3264262874921163,0.20383483171463013,2.7742106119791665,0.2736147443453471,0.02025241156419118,-0.09751492738723755
164,1.9499739249999948,116.537344,1.110766053199768,0.3683546781539917,0.013251903466880322,0.0458984375,0.09443028271198273,0.0,0.07195410877466202,0.003278766293078661,0.0909423828125,0.0,0.0,0.0,0.0,0.0,1.4629424810409546,3.0526015758514404,0.2273416966199875,0.0,38.0,0.0,0.0,38.0,0.0,38.0,0.327386995156606,0.1941458135843277,2.80804443359375,0.2746854027112325,0.020342327654361725,-0.09746056795120239
165,1.8539261519999854,116.537344,1.0623092651367188,0.37291818857192993,0.013735047541558743,0.0458984375,0.09047958254814148,0.0,0.06316588073968887,0.002717767609283328,0.0716349333524704,0.0,0.0,0.0,0.0,0.0,1.40216863155365,3.026813507080078,0.2043701708316803,0.0,32.0,0.0,0.0,32.0,0.0,32.0,0.32842832803726196,0.188645139336586,2.8129679361979165,0.2753828962643941,0.02043675755461057,-0.09738069772720337
166,1.8945584359998975,116.537344,1.00383722782135,0.374551385641098,0.01170887891203165,0.0458984375,0.08551081269979477,0.0,0.05681481212377548,0.002083086408674717,0.06182861328125,0.0,0.0,0.0,0.0,0.0,1.3667981624603271,2.95693302154541,0.16609081625938416,0.0,26.0,0.0,0.0,26.0,0.0,26.0,0.32860440015792847,0.18739667534828186,2.8233235677083335,0.2755710283915202,0.020525794476270676,-0.09742385149002075
167,1.8836756099999548,116.537344,0.9873151779174805,0.37266600131988525,0.02985292859375477,0.0458984375,0.08414628356695175,0.0,0.054014068096876144,0.001566101680509746,0.058837890625,0.0,0.0,0.0,0.0,0.0,1.3440545797348022,2.955350875854492,0.14772477746009827,0.0,15.0,0.0,0.0,15.0,0.0,15.0,0.32846150795618695,0.215212881565094,2.8316243489583335,0.2756230632464091,0.020499912401040394,-0.09740310907363892
168,1.832135032999986,116.537344,0.9667102694511414,0.3748618960380554,0.015143527649343014,0.0458984375,0.08154646307229996,0.0,0.05681765079498291,0.0016299104318022728,0.0651448592543602,0.0,0.0,0.0,0.0,0.0,1.3601531982421875,3.008970260620117,0.16753199696540833,0.0,19.0,0.0,0.0,19.0,0.0,19.0,0.3283509413401286,0.20812037587165833,2.8324788411458335,0.27541444698969525,0.020449120551347733,-0.09740835428237915
169,1.850997111999959,116.537344,0.9321196675300598,0.380252867937088,0.0123746357858181,0.0458984375,0.07769353687763214,0.0,0.05723698437213898,0.0016394322738051414,0.0609944686293602,0.0,0.0,0.0,0.0,0.0,1.3403218984603882,2.963341474533081,0.1919666975736618,0.0,18.0,0.0,0.0,18.0,0.0,18.0,0.32807830969492596,0.20223677158355713,2.8289591471354165,0.275429904460907,0.020316603283087414,-0.09754019975662231
170,1.8643328830000883,116.537344,0.9278759360313416,0.38301515579223633,0.016682641580700874,0.0458984375,0.07732339203357697,0.0,0.05721120163798332,0.0014230863889679313,0.0650838240981102,0.0,0.0,0.0,0.0,0.0,1.4038928747177124,3.0623836517333984,0.16704204678535461,0.0,18.0,0.0,0.0,18.0,0.0,18.0,0.3283689816792806,0.20309728384017944,2.82391357421875,0.27581508954366046,0.020237891624371212,-0.09734612703323364
171,1.8944037109999954,116.537344,0.9382967948913574,0.3883499503135681,0.019692597910761833,0.0458984375,0.07731391489505768,0.0,0.06090686842799187,0.00127766455989331,0.0647379606962204,0.0,0.0,0.0,0.0,0.0,1.491471767425537,3.2412495613098145,0.2095961570739746,0.0,26.0,0.0,0.0,26.0,0.0,26.0,0.32788699865341187,0.20752257108688354,2.8058675130208335,0.27522867918014526,0.020189172277847927,-0.09750157594680786
172,1.9729088940000565,116.537344,0.9649171829223633,0.3797215223312378,0.013239315710961819,0.0458984375,0.07959494739770889,0.0,0.06389164924621582,0.0014557202812284231,0.0699462890625,0.0,0.0,0.0,0.0,0.0,1.5587148666381836,3.2935943603515625,0.2051459550857544,0.0,18.0,0.0,0.0,18.0,0.0,18.0,0.3266812562942505,0.21157300472259521,2.802734375,0.27425654729207355,0.020108765612045925,-0.09767371416091919
173,1.855479626000033,116.537344,1.0238192081451416,0.3561239242553711,0.015600951388478279,0.0458984375,0.08486811816692352,0.0,0.06926319003105164,0.0016541739460080862,0.0792439803481102,0.0,0.0,0.0,0.0,0.0,1.6714446544647217,3.3752188682556152,0.22194445133209229,0.0,22.0,0.0,0.0,22.0,0.0,22.0,0.32573652267456055,0.21028640866279602,2.7742106119791665,0.2734262744585673,0.020056874801715214,-0.09740275144577026
174,1.8638170639999316,116.537344,1.053110122680664,0.34287869930267334,0.03799215704202652,0.0458984375,0.08741255849599838,0.0,0.07520075887441635,0.001972742145881057,0.0899251326918602,0.0,0.0,0.0,0.0,0.0,1.6427454948425293,3.6323189735412598,0.2177930772304535,0.0,23.0,0.0,0.0,23.0,0.0,23.0,0.32625430822372437,0.20961932837963104,2.7331949869791665,0.27385473251342773,0.020078416913747787,-0.09761935472488403
175,1.9199616470000365,116.537344,1.079756498336792,0.34294453263282776,0.014821036718785763,0.0458984375,0.08954614400863647,0.0,0.07775886356830597,0.002059930469840765,0.0986735075712204,0.0,0.0,0.0,0.0,0.0,1.6328563690185547,3.8973073959350586,0.2321600317955017,0.0,29.0,0.0,0.0,29.0,0.0,29.0,0.32631897926330566,0.20322534441947937,2.6947428385416665,0.274116317431132,0.020074004928270977,-0.09754139184951782
176,1.9830732689999877,116.537344,1.140160322189331,0.33924317359924316,0.01907598227262497,0.0458984375,0.09516237676143646,0.0,0.08242835104465485,0.002452538814395666,0.1119181364774704,0.0,0.0,0.0,0.0,0.0,1.5498803853988647,4.098639011383057,0.22981636226177216,0.0,20.0,0.0,0.0,20.0,0.0,20.0,0.3259071906407674,0.20319584012031555,2.6769002278645835,0.2742171883583069,0.020173829048871994,-0.09757286310195923
177,1.9994430589999865,116.537344,1.1441144943237305,0.3446257412433624,0.022924546152353287,0.044921875,0.09517472982406616,0.0,0.08339887857437134,0.002839144319295883,0.1163330078125,0.0,0.0,0.0,0.0,0.0,1.4795202016830444,4.153170108795166,0.2487790286540985,0.0,32.0,0.0,0.0,32.0,0.0,32.0,0.32614163557688397,0.20650184154510498,2.659912109375,0.2743598222732544,0.02027452488740285,-0.09743183851242065
178,1.8859769949999645,116.537344,1.1176789999008179,0.3448275923728943,0.013160870410501957,0.044921875,0.09264408051967621,0.0,0.08087319880723953,0.002994328271597624,0.107177734375,0.0,0.0,0.0,0.0,0.0,1.4592878818511963,4.147404670715332,0.2544342875480652,0.0,32.0,0.0,0.0,32.0,0.0,32.0,0.32560781637827557,0.2028292566537857,2.6767985026041665,0.2736801703770955,0.02032259851694107,-0.09758490324020386
179,1.8775501420000182,116.537344,1.0945663452148438,0.337607204914093,0.02988545410335064,0.044921875,0.09103357046842575,0.0,0.0747716873884201,0.0025077522732317448,0.0938517302274704,0.0,0.0,0.0,0.0,0.0,1.4508140087127686,4.008111953735352,0.2336796224117279,0.0,27.0,0.0,0.0,27.0,0.0,27.0,0.32520562410354614,0.2028176486492157,2.7049763997395835,0.27365636825561523,0.02042621374130249,-0.09763079881668091
180,1.8967117560000588,116.537344,1.0177607536315918,0.34529370069503784,0.014303951524198055,0.044921875,0.08374510705471039,0.0,0.07003685086965561,0.002090313471853733,0.0891316756606102,0.0,0.0,0.0,0.0,0.0,1.4984735250473022,3.934267044067383,0.23147515952587128,0.0,26.0,0.0,0.0,26.0,0.0,26.0,0.3254343867301941,0.19889524579048157,2.7255655924479165,0.2739168206850688,0.02037323887149493,-0.09717792272567749
181,1.945230625000022,116.537344,0.9603677988052368,0.36346906423568726,0.01549960020929575,0.044921875,0.07789413630962372,0.0,0.06792820245027542,0.0019726338796317577,0.0890299528837204,0.0,0.0,0.0,0.0,0.0,1.5131416320800781,3.958235263824463,0.2459750771522522,0.0,28.0,0.0,0.0,28.0,0.0,28.0,0.325606365998586,0.20354357361793518,2.7227376302083335,0.2740249236424764,0.02024824544787407,-0.09726780652999878
182,1.9048850379999749,116.537344,0.9600480794906616,0.3674340546131134,0.017931589856743813,0.044921875,0.07819284498691559,0.0,0.06568814814090729,0.0020782719366252422,0.0794270858168602,0.0,0.0,0.0,0.0,0.0,1.3954896926879883,3.9133095741271973,0.24379229545593262,0.0,31.0,0.0,0.0,31.0,0.0,31.0,0.32485173145929974,0.2026759386062622,2.7388916015625,0.27354005972544354,0.020258804162343342,-0.09740382432937622
183,1.8919133889999102,116.537344,0.9358124732971191,0.36856207251548767,0.016557924449443817,0.044921875,0.07621520757675171,0.0,0.06254485249519348,0.001718398998491466,0.0762736052274704,0.0,0.0,0.0,0.0,0.0,1.3436282873153687,3.7455272674560547,0.2340809553861618,0.0,21.0,0.0,0.0,21.0,0.0,21.0,0.32392152150472003,0.20297092199325562,2.7746785481770835,0.2728181878725688,0.020248209436734516,-0.09735065698623657
184,1.8471290259999478,116.537344,0.9101393222808838,0.3679739832878113,0.012176142074167728,0.0439453125,0.07367407530546188,0.0,0.06162614747881889,0.0017552160425111651,0.0745849609375,0.0,0.0,0.0,0.0,0.0,1.378702163696289,3.757532835006714,0.21505294740200043,0.0,23.0,0.0,0.0,23.0,0.0,23.0,0.3233209451039632,0.21006140112876892,2.7975667317708335,0.2724318703015645,0.02039576570192973,-0.09737485647201538
185,1.891935228000193,116.537344,0.8751146197319031,0.36700594425201416,0.026431437581777573,0.04296875,0.07003913819789886,0.0,0.06078802049160004,0.0016871554544195533,0.08123779296875,0.0,0.0,0.0,0.0,0.0,1.39215886592865,3.6545703411102295,0.24833238124847412,0.0,25.0,0.0,0.0,25.0,0.0,25.0,0.3233754237492879,0.2092290222644806,2.7782185872395835,0.2726211945215861,0.020396617551644642,-0.09753817319869995
186,1.903239300999985,116.537344,0.8429535031318665,0.36897993087768555,0.043858401477336884,0.04296875,0.06707455217838287,0.0,0.060626011341810226,0.0014335339656099677,0.084228515625,0.0,0.0,0.0,0.0,0.0,1.4409315586090088,3.5601844787597656,0.24187716841697693,0.0,13.0,0.0,0.0,13.0,0.0,13.0,0.3239317138989766,0.2076890915632248,2.8047078450520835,0.27293191353480023,0.02036275714635849,-0.09719210863113403
187,2.0527416679999533,116.537344,0.8404571413993835,0.3862244188785553,0.020092133432626724,0.04296875,0.06602321565151215,0.0,0.06397559493780136,0.0018577480223029852,0.0901896208524704,0.0,0.0,0.0,0.0,0.0,1.4304819107055664,3.7321600914001465,0.2809745967388153,0.0,21.0,0.0,0.0,21.0,0.0,21.0,0.3252542018890381,0.20767804980278015,2.7948201497395835,0.2738669117291768,0.02043799435098966,-0.09721297025680542
188,1.877022578999913,116.537344,0.8392199873924255,0.4042201638221741,0.052899815142154694,0.04296875,0.06616346538066864,0.0,0.06217828020453453,0.0017482144758105278,0.0788167342543602,0.0,0.0,0.0,0.0,0.0,1.3326797485351562,3.850844144821167,0.25822484493255615,0.0,25.0,0.0,0.0,25.0,0.0,25.0,0.32548608382542926,0.20366859436035156,2.7819010416666665,0.27449411153793335,0.020407012353340786,-0.09742003679275513
189,1.8453697239999656,116.537344,0.8482236862182617,0.39788687229156494,0.04958667978644371,0.04296875,0.06720199435949326,0.0,0.06241943687200546,0.0016321332659572363,0.0726114958524704,0.0,0.0,0.0,0.0,0.0,1.3328206539154053,3.768854856491089,0.2514033317565918,0.0,15.0,0.0,0.0,15.0,0.0,15.0,0.3243922193845113,0.20285063982009888,2.7706298828125,0.27361557881037396,0.02028155451019605,-0.09748119115829468
190,1.9150596540000606,116.537344,0.883111298084259,0.3681424558162689,0.03810499608516693,0.04296875,0.07051780819892883,0.0,0.06494839489459991,0.0016680408734828234,0.0739339217543602,0.0,0.0,0.0,0.0,0.0,1.4540494680404663,3.7475802898406982,0.25387173891067505,0.0,24.0,0.0,0.0,24.0,0.0,24.0,0.3233578602472941,0.2044307291507721,2.7817789713541665,0.2726828257242839,0.020091475298007328,-0.09744030237197876
191,1.8572170410000126,116.537344,0.9356038570404053,0.3364409804344177,0.06568098813295364,0.04296875,0.0752498209476471,0.0,0.06947396695613861,0.0017381822690367699,0.07940673828125,0.0,0.0,0.0,0.0,0.0,1.6059691905975342,3.8655848503112793,0.2557549476623535,0.0,14.0,0.0,0.0,14.0,0.0,14.0,0.323143204053243,0.21152493357658386,2.7682698567708335,0.2727598547935486,0.02023359139760335,-0.09763318300247192
192,1.8691013420000218,116.537344,0.9405596256256104,0.3289215564727783,0.048891082406044006,0.04296875,0.07494035363197327,0.0,0.07395012676715851,0.0018388786120340228,0.0899251326918602,0.0,0.0,0.0,0.0,0.0,1.7250850200653076,3.9332847595214844,0.2825629711151123,0.0,19.0,0.0,0.0,19.0,0.0,19.0,0.32378949721654254,0.207389697432518,2.7509562174479165,0.2733335296312968,0.020299311727285385,-0.09772759675979614
193,1.9074673770001027,116.537344,0.9405502676963806,0.34178829193115234,0.03237253800034523,0.04296875,0.07435422390699387,0.0,0.0749099850654602,0.0018169231479987502,0.0971272811293602,0.0,0.0,0.0,0.0,0.0,1.702646255493164,4.191483497619629,0.3107266426086426,0.0,25.0,0.0,0.0,25.0,0.0,25.0,0.324426809946696,0.20734016597270966,2.74072265625,0.27429014444351196,0.02013074482480685,-0.09752970933914185
194,2.0222979729999224,116.537344,0.9751918911933899,0.3625594973564148,0.06147897616028786,0.04296875,0.07717332243919373,0.0,0.0769776776432991,0.0019825107883661985,0.0962117537856102,0.0,0.0,0.0,0.0,0.0,1.5702321529388428,4.546419143676758,0.3303738832473755,0.0,28.0,0.0,0.0,28.0,0.0,28.0,0.32357831796010333,0.2054632306098938,2.7251383463541665,0.27418561776479083,0.020233238736788433,-0.09769850969314575
195,1.9774251280000499,116.537344,1.002486228942871,0.36133280396461487,0.0580296628177166,0.04296875,0.07956486195325851,0.0,0.08054002374410629,0.0018075976986438036,0.0985514372587204,0.0,0.0,0.0,0.0,0.0,1.4756686687469482,4.590875148773193,0.3239075839519501,0.0,18.0,0.0,0.0,18.0,0.0,18.0,0.32200902700424194,0.2001711130142212,2.6815185546875,0.2727744976679484,0.020228202144304912,-0.0976361632347107
196,1.8603689530000338,116.537344,0.9892199635505676,0.3496781289577484,0.029502451419830322,0.0419921875,0.07769957184791565,0.0,0.08659628033638,0.0016618266236037016,0.113525390625,0.0,0.0,0.0,0.0,0.0,1.5982636213302612,4.286739826202393,0.33880099654197693,0.0,25.0,0.0,0.0,25.0,0.0,25.0,0.32064590851465863,0.2024776041507721,2.6678670247395835,0.2719082434972127,0.02022773027420044,-0.0975843071937561
197,1.8667441840000265,116.537344,1.0169676542282104,0.3271437883377075,0.023079827427864075,0.0419921875,0.08033245801925659,0.0,0.09262865781784058,0.001911777537316084,0.1211140975356102,0.0,0.0,0.0,0.0,0.0,1.8029592037200928,4.148770332336426,0.3326401710510254,0.0,29.0,0.0,0.0,29.0,0.0,29.0,0.31996798515319824,0.20718534290790558,2.6847127278645835,0.27191386620203656,0.02022431542476018,-0.09768158197402954
198,1.924989921000133,116.537344,1.1045328378677368,0.30324557423591614,0.04346250370144844,0.0419921875,0.08885079622268677,0.0,0.09749466180801392,0.002345071407034993,0.1300048828125,0.0,0.0,0.0,0.0,0.0,1.833038330078125,4.270407676696777,0.33984479308128357,0.0,33.0,0.0,0.0,33.0,0.0,33.0,0.32000303268432617,0.2062673270702362,2.6465047200520835,0.2722642819086711,0.020286240925391514,-0.09787231683731079
199,2.0078027440001733,116.537344,1.1641725301742554,0.29265010356903076,0.07466964423656464,0.0419921875,0.09467969834804535,0.0,0.09667529165744781,0.002421860583126545,0.12908935546875,0.0,0.0,0.0,0.0,0.0,1.6838868856430054,4.28745698928833,0.3740060329437256,0.0,39.0,0.0,0.0,39.0,0.0,39.0,0.3195244073867798,0.20674900710582733,2.6395467122395835,0.2717244625091553,0.020171862095594406,-0.09745055437088013
200,1.961474803000101,116.537344,1.1675009727478027,0.29469186067581177,0.03938087448477745,0.0400390625,0.09494166821241379,0.0,0.09532009810209274,0.002633501309901476,0.1258748471736908,0.0,0.0,0.0,0.0,0.0,1.5645021200180054,4.28495979309082,0.38455909490585327,0.0,35.0,0.0,0.0,35.0,0.0,35.0,0.31867508093516034,0.20793674886226654,2.6799112955729165,0.2705824176470439,0.020229005565245945,-0.09785741567611694
201,1.9656938000000537,116.537344,1.1141492128372192,0.3132375180721283,0.01305579673498869,0.0400390625,0.08977847546339035,0.0,0.09211643040180206,0.0023767733946442604,0.1220906600356102,0.0,0.0,0.0,0.0,0.0,1.5326130390167236,4.462348937988281,0.3499794900417328,0.0,28.0,0.0,0.0,28.0,0.0,28.0,0.31801486015319824,0.20026567578315735,2.6889851888020835,0.27031103769938153,0.0203745998442173,-0.0975847840309143
202,1.8818648570002097,116.537344,1.066365361213684,0.34160786867141724,0.040550410747528076,0.0400390625,0.08460118621587753,0.0,0.09225964546203613,0.002512232633307576,0.12786865234375,0.0,0.0,0.0,0.0,0.0,1.5010967254638672,4.442514419555664,0.3604494333267212,0.0,29.0,0.0,0.0,29.0,0.0,29.0,0.31764352321624756,0.1978653371334076,2.6822102864583335,0.2696823477745056,0.020438693463802338,-0.09747344255447388
203,1.9236003579999306,116.537344,0.980524480342865,0.36592715978622437,0.05613802745938301,0.0390625,0.07646062970161438,0.0,0.08735153079032898,0.002234687563031912,0.11956787109375,0.0,0.0,0.0,0.0,0.0,1.517269492149353,4.198801040649414,0.3397762179374695,0.0,30.0,0.0,0.0,30.0,0.0,30.0,0.3167599638303121,0.19714820384979248,2.70306396484375,0.2691750725110372,0.020506129910548527,-0.09748321771621704
204,1.9912828760000139,116.537344,0.9731912612915039,0.36508047580718994,0.04498544707894325,0.0390625,0.07545160502195358,0.0,0.08619391918182373,0.0022270032204687595,0.1186116561293602,0.0,0.0,0.0,0.0,0.0,1.5837938785552979,4.037900447845459,0.3835487365722656,0.0,39.0,0.0,0.0,39.0,0.0,39.0,0.3156586488087972,0.2047312706708908,2.7435709635416665,0.26819489399592084,0.020410458246866863,-0.0976073145866394
205,2.016730585999994,116.537344,1.0030268430709839,0.34869828820228577,0.030165070667862892,0.0390625,0.0786527618765831,0.0,0.08436998724937439,0.0020170696079730988,0.1111043319106102,0.0,0.0,0.0,0.0,0.0,1.6732330322265625,3.98884916305542,0.3696466088294983,0.0,22.0,0.0,0.0,22.0,0.0,22.0,0.31532492240269977,0.2071744203567505,2.7340087890625,0.2678487499554952,0.02014358590046565,-0.09770709276199341
206,1.990423576000012,116.537344,1.0266962051391602,0.32428622245788574,0.03695615381002426,0.0390625,0.08104076236486435,0.0,0.08667656034231186,0.0020250959787517786,0.1117350310087204,0.0,0.0,0.0,0.0,0.0,1.7194961309432983,3.8861489295959473,0.366365522146225,0.0,32.0,0.0,0.0,32.0,0.0,32.0,0.31548746426900226,0.1975032091140747,2.73577880859375,0.26803869009017944,0.020209391911824543,-0.09730535745620728
207,2.019887795999921,116.537344,1.0458391904830933,0.3160029649734497,0.03360733389854431,0.0390625,0.08286000788211823,0.0,0.09135498851537704,0.0021153208799660206,0.1192830428481102,0.0,0.0,0.0,0.0,0.0,1.7330570220947266,3.902127981185913,0.3733844757080078,0.0,28.0,0.0,0.0,28.0,0.0,28.0,0.31596553325653076,0.19777648150920868,2.7334798177083335,0.26847877105077106,0.0202744056781133,-0.09754806756973267
208,2.0420279879999725,116.537344,1.0545293092727661,0.32213085889816284,0.015995895490050316,0.0390625,0.08354781568050385,0.0,0.09501277655363083,0.0021541358437389135,0.1278890073299408,0.0,0.0,0.0,0.0,0.0,1.6483638286590576,4.132498264312744,0.3833432197570801,0.0,34.0,0.0,0.0,34.0,0.0,34.0,0.3170437415440877,0.20255953073501587,2.68878173828125,0.2694326639175415,0.020392542084058125,-0.09754902124404907
209,2.0158212389999335,116.537344,1.0563300848007202,0.3316643238067627,0.018807856366038322,0.0390625,0.08349071443080902,0.0,0.10012247413396835,0.0024645025841891766,0.1397705078125,0.0,0.0,0.0,0.0,0.0,1.5882492065429688,4.173402786254883,0.3935841917991638,0.0,32.0,0.0,0.0,32.0,0.0,32.0,0.31707940498987836,0.1960887312889099,2.64727783203125,0.26955944299697876,0.02031623323758443,-0.09743255376815796
210,2.0509644070000377,116.537344,1.0605493783950806,0.3353496789932251,0.025835197418928146,0.0390625,0.08463892340660095,0.0,0.09731229394674301,0.002084932755678892,0.1354166716337204,0.0,0.0,0.0,0.0,0.0,1.5264495611190796,4.1264729499816895,0.35272353887557983,0.0,33.0,0.0,0.0,33.0,0.0,33.0,0.31733473141988117,0.19706198573112488,2.6766560872395835,0.2701847155888875,0.0202599602440993,-0.09747117757797241
211,2.080203877000031,116.537344,1.066060185432434,0.34156179428100586,0.026817508041858673,0.0390625,0.08500106632709503,0.0,0.10183334350585938,0.0025188548024743795,0.1506144255399704,0.0,0.0,0.0,0.0,0.0,1.6003249883651733,4.105535507202148,0.33396610617637634,0.0,32.0,0.0,0.0,32.0,0.0,32.0,0.3175983428955078,0.2071698009967804,2.6733805338541665,0.2705785036087036,0.020328549047311146,-0.09752613306045532
212,1.9795336259999203,116.537344,1.0643912553787231,0.3387098014354706,0.025545580312609673,0.0390625,0.08509610593318939,0.0,0.09990903735160828,0.002458634553477168,0.15533447265625,0.0,0.0,0.0,0.0,0.0,1.6149314641952515,4.045787334442139,0.32872605323791504,0.0,42.0,0.0,0.0,42.0,0.0,42.0,0.31831904252370197,0.20556789636611938,2.6876017252604165,0.27117031812667847,0.020347909380992252,-0.09744459390640259
213,1.91710930499994,116.537344,1.0474828481674194,0.3288033902645111,0.020549463108181953,0.0390625,0.08427979797124863,0.0,0.09553585946559906,0.0022102370858192444,0.14593505859375,0.0,0.0,0.0,0.0,0.0,1.5983893871307373,3.7895419597625732,0.3039206862449646,0.0,34.0,0.0,0.0,34.0,0.0,34.0,0.3183985153834025,0.2090417742729187,2.7326253255208335,0.27122904856999713,0.020493025581041973,-0.09729820489883423
214,1.978266549999944,116.537344,1.0385791063308716,0.3199034333229065,0.024715561419725418,0.037109375,0.0834086537361145,0.0,0.09591317176818848,0.0025315952952951193,0.143798828125,0.0,0.0,0.0,0.0,0.0,1.648467779159546,3.5980982780456543,0.3250875473022461,0.0,28.0,0.0,0.0,28.0,0.0,28.0,0.3188534180323283,0.20781713724136353,2.7347819010416665,0.27132978041966754,0.020599301904439926,-0.09735161066055298
215,2.007166065000092,116.537344,1.050357699394226,0.30594146251678467,0.01767909526824951,0.037109375,0.08513091504573822,0.0,0.09120018780231476,0.0022563417442142963,0.1286214292049408,0.0,0.0,0.0,0.0,0.0,1.6054818630218506,3.557340621948242,0.31605952978134155,0.0,42.0,0.0,0.0,42.0,0.0,42.0,0.32006994883219403,0.20071767270565033,2.74920654296875,0.2721526622772217,0.020555025587479275,-0.09743469953536987
216,2.00379962299985,116.537344,1.0328302383422852,0.3025303781032562,0.055178504437208176,0.037109375,0.08383520692586899,0.0,0.09020620584487915,0.0018146606162190437,0.12335205078125,0.0,0.0,0.0,0.0,0.0,1.575174331665039,3.358680248260498,0.30965298414230347,0.0,26.0,0.0,0.0,26.0,0.0,26.0,0.3204021652539571,0.1941947042942047,2.7705078125,0.27252999941507977,0.020484117170174915,-0.09734779596328735
217,2.0179602660000455,116.537344,1.0369397401809692,0.3075389862060547,0.050158388912677765,0.037109375,0.08382534980773926,0.0,0.09745409339666367,0.0020215054973959923,0.13958740234375,0.0,0.0,0.0,0.0,0.0,1.5108697414398193,3.3939208984375,0.30924785137176514,0.0,22.0,0.0,0.0,22.0,0.0,22.0,0.3205013871192932,0.19385628402233124,2.7402750651041665,0.27255334456761676,0.020515390982230503,-0.0974385142326355
218,2.061823774000004,116.537344,1.0108951330184937,0.32994815707206726,0.009431310929358006,0.037109375,0.0808665081858635,0.0,0.09899172186851501,0.0021721767261624336,0.1478678435087204,0.0,0.0,0.0,0.0,0.0,1.4939193725585938,3.552180051803589,0.3041069507598877,0.0,34.0,0.0,0.0,34.0,0.0,34.0,0.3208456834157308,0.2024020552635193,2.7300821940104165,0.27251893281936646,0.020642749965190887,-0.09754329919815063
219,2.072294553999882,116.537344,1.0213791131973267,0.34775662422180176,0.03771054372191429,0.03515625,0.08148641884326935,0.0,0.09623801708221436,0.002323584398254752,0.14288330078125,0.0,0.0,0.0,0.0,0.0,1.5443854331970215,3.691539764404297,0.3210769593715668,0.0,42.0,0.0,0.0,42.0,0.0,42.0,0.31959150234858197,0.19669973850250244,2.7507731119791665,0.2719395359357198,0.020695049315690994,-0.09744101762771606
220,2.1204848530001073,116.537344,1.0383703708648682,0.35583218932151794,0.043321575969457626,0.03515625,0.08345632255077362,0.0,0.0899125337600708,0.002040197141468525,0.13482666015625,0.0,0.0,0.0,0.0,0.0,1.5168437957763672,3.900160789489746,0.29454463720321655,0.0,31.0,0.0,0.0,31.0,0.0,31.0,0.3185468514760335,0.19188082218170166,2.7845662434895835,0.27105416854222614,0.020676023016373318,-0.09752100706100464
221,2.05274509700007,116.537344,1.0579853057861328,0.35362708568573,0.035310253500938416,0.0361328125,0.08503153175115585,0.0,0.09130823612213135,0.0020472093019634485,0.1302897185087204,0.0,0.0,0.0,0.0,0.0,1.5350828170776367,4.050169944763184,0.2815578579902649,0.0,20.0,0.0,1.0,19.0,0.0,20.0,0.31758415699005127,0.1919916272163391,2.74462890625,0.2698375384012858,0.020742202798525494,-0.0975831151008606
222,2.126205893000133,116.537344,1.0317317247390747,0.34267428517341614,0.024332866072654724,0.0361328125,0.08219429850578308,0.0,0.09051623940467834,0.0020873351022601128,0.1086832731962204,0.0,0.0,0.0,0.0,0.0,1.6566553115844727,4.0275678634643555,0.28736406564712524,0.0,34.0,0.0,0.0,34.0,0.0,34.0,0.3160247206687927,0.1996479034423828,2.7232666015625,0.26866348584493,0.020629862944285076,-0.09733229875564575
223,2.1860435910000433,116.537344,1.0560779571533203,0.32322055101394653,0.011124569922685623,0.03515625,0.08432663977146149,0.0,0.09160387516021729,0.0020462197717279196,0.107177734375,0.0,0.0,0.0,0.0,0.0,1.865166425704956,4.0958476066589355,0.30034828186035156,0.0,35.0,0.0,0.0,35.0,0.0,35.0,0.3154420852661133,0.20258693397045135,2.6931355794270835,0.26783804098765057,0.02062308043241501,-0.09737235307693481
224,2.1844425619999583,116.537344,1.122704029083252,0.30304497480392456,0.04850485548377037,0.03515625,0.09088405221700668,0.0,0.09439029544591904,0.001955836545675993,0.1084391325712204,0.0,0.0,0.0,0.0,0.0,1.8968603610992432,4.308000087738037,0.2879098653793335,0.0,24.0,0.0,0.0,24.0,0.0,24.0,0.3160301248232524,0.2019975781440735,2.67047119140625,0.2685486078262329,0.0205237977206707,-0.09748786687850952
225,2.15895168499992,116.537344,1.1857191324234009,0.2906438112258911,0.025751808658242226,0.03515625,0.09635506570339203,0.0,0.10207764804363251,0.002030992414802313,0.1263224333524704,0.0,0.0,0.0,0.0,0.0,1.8591251373291016,4.559077739715576,0.3306190073490143,0.0,38.0,0.0,0.0,38.0,0.0,38.0,0.31698999802271527,0.20077168941497803,2.6385091145833335,0.26943838596343994,0.02069420615832011,-0.09752994775772095
226,2.1582098590001806,116.537344,1.176072597503662,0.2926959693431854,0.014375786297023296,0.0341796875,0.09561537206172943,0.0,0.10649683326482773,0.00201623048633337,0.135498046875,0.0,0.0,0.0,0.0,0.0,1.6327379941940308,4.549498558044434,0.30870985984802246,0.0,32.0,0.0,0.0,32.0,0.0,32.0,0.31703658898671466,0.202986478805542,2.6056722005208335,0.2700723012288411,0.020708846549193066,-0.0975070595741272
227,2.0865555580001,116.537344,1.1713123321533203,0.30075502395629883,0.014297515153884888,0.0341796875,0.09456517547369003,0.0,0.11233726143836975,0.002446258207783103,0.1488240659236908,0.0,0.0,0.0,0.0,0.0,1.6053441762924194,4.588348388671875,0.33118754625320435,0.0,38.0,0.0,0.0,38.0,0.0,38.0,0.3169332544008891,0.20045369863510132,2.5681559244791665,0.27013955513636273,0.020876338084538777,-0.09757596254348755
228,2.0290626619998875,116.537344,1.1237205266952515,0.3126145601272583,0.031681545078754425,0.0341796875,0.09028991311788559,0.0,0.11345350742340088,0.002593250945210457,0.1597086638212204,0.0,0.0,0.0,0.0,0.0,1.6737852096557617,4.543292999267578,0.2906937301158905,0.0,34.0,0.0,0.0,34.0,0.0,34.0,0.31779412428538006,0.1965436339378357,2.58935546875,0.27071032921473187,0.020911753177642822,-0.09762555360794067
229,2.009635474000106,116.537344,1.1089249849319458,0.3208301067352295,0.02459716610610485,0.0341796875,0.08914224803447723,0.0,0.1121063083410263,0.0027923276647925377,0.16156005859375,0.0,0.0,0.0,0.0,0.0,1.6297181844711304,4.279995918273926,0.28492242097854614,0.0,47.0,0.0,0.0,47.0,0.0,47.0,0.31786423921585083,0.19714884459972382,2.636962890625,0.27072620391845703,0.020939933756987255,-0.09756618738174438
230,1.9342639700000746,116.537344,1.10574209690094,0.32498911023139954,0.023311249911785126,0.033203125,0.08905496448278427,0.0,0.11018761247396469,0.003222658298909664,0.1603597104549408,0.0,0.0,0.0,0.0,0.0,1.5614084005355835,4.059110641479492,0.29311293363571167,0.0,40.0,0.0,0.0,40.0,0.0,40.0,0.31755562623341876,0.19735917448997498,2.6458333333333335,0.2705259124437968,0.02105093002319336,-0.09751194715499878
231,1.9787960599999224,116.537344,1.0828450918197632,0.32088905572891235,0.011755789630115032,0.033203125,0.08737530559301376,0.0,0.10070910304784775,0.0031235511414706707,0.1514689177274704,0.0,0.0,0.0,0.0,0.0,1.5175565481185913,3.8146722316741943,0.30949029326438904,0.0,60.0,0.0,0.0,60.0,0.0,60.0,0.3175322413444519,0.19903099536895752,2.7158203125,0.2702813545862834,0.021015154818693798,-0.09742861986160278
232,1.982276592000062,116.537344,1.0097689628601074,0.3177720904350281,0.06290934979915619,0.033203125,0.08140186965465546,0.0,0.09110989421606064,0.0025620926171541214,0.1397501677274704,0.0,0.0,0.0,0.0,0.0,1.4681167602539062,3.4716954231262207,0.2725106179714203,0.0,36.0,0.0,0.0,36.0,0.0,36.0,0.3174791137377421,0.20322167873382568,2.7968546549479165,0.27051546176274616,0.02102711300055186,-0.09742778539657593
233,2.0409672820001106,116.537344,0.9222054481506348,0.32645779848098755,0.04180072620511055,0.033203125,0.07294780015945435,0.0,0.08286765962839127,0.0023332773707807064,0.124267578125,0.0,0.0,0.0,0.0,0.0,1.3812917470932007,3.2779793739318848,0.3090552091598511,0.0,43.0,0.0,0.0,43.0,0.0,43.0,0.31813005606333417,0.2045673429965973,2.84124755859375,0.2712850371996562,0.021095951398213703,-0.09748631715774536
234,2.0777652960000523,116.537344,0.8527601957321167,0.35104456543922424,0.020341848954558372,0.033203125,0.06715993583202362,0.0,0.07368916273117065,0.001883973367512226,0.10748291015625,0.0,0.0,0.0,0.0,0.0,1.315538763999939,3.2802858352661133,0.24645237624645233,0.0,24.0,0.0,0.0,24.0,0.0,24.0,0.3191799720128377,0.19405081868171692,2.8601888020833335,0.2720707058906555,0.02126944810152054,-0.0975838303565979
235,2.017088936999926,116.537344,0.8273062705993652,0.38050442934036255,0.031391747295856476,0.0322265625,0.06484314799308777,0.0,0.07088419049978256,0.0018768407171592116,0.10552978515625,0.0,0.0,0.0,0.0,0.0,1.2930816411972046,3.2837271690368652,0.24207594990730286,0.0,22.0,0.0,0.0,22.0,0.0,22.0,0.3195502559343974,0.1952877640724182,2.8772176106770835,0.271997332572937,0.021168102820714314,-0.09724539518356323
236,2.064768726000011,116.537344,0.8165101408958435,0.398995965719223,0.04801255464553833,0.03125,0.06397074460983276,0.0,0.06611323356628418,0.0018560871249064803,0.0917765349149704,0.0,0.0,0.0,0.0,0.0,1.2687289714813232,3.3240230083465576,0.23775923252105713,0.0,22.0,0.0,0.0,22.0,0.0,22.0,0.3199584285418193,0.18857115507125854,2.91876220703125,0.2723730206489563,0.021075263619422913,-0.09747964143753052
237,2.0126437690000785,116.537344,0.7596666812896729,0.40484294295310974,0.03631392866373062,0.03125,0.05838632583618164,0.0,0.06125650927424431,0.0016407161019742489,0.0801798552274704,0.0,0.0,0.0,0.0,0.0,1.3694814443588257,3.315141201019287,0.2507264018058777,0.0,24.0,0.0,0.0,24.0,0.0,24.0,0.32013338804244995,0.18712270259857178,2.9287923177083335,0.2723354697227478,0.020957107345263164,-0.09744793176651001
238,1.9539940479999132,116.537344,0.7706931829452515,0.38215363025665283,0.016746999695897102,0.03125,0.05931078642606735,0.0,0.06224050372838974,0.0015122825279831886,0.0848388671875,0.0,0.0,0.0,0.0,0.0,1.5296640396118164,3.390024185180664,0.24381861090660095,0.0,13.0,0.0,0.0,13.0,0.0,13.0,0.319421907265981,0.19520807266235352,2.94696044921875,0.2713545362154643,0.021069365243117016,-0.09744983911514282
239,2.0369840579999163,116.537344,0.8073273301124573,0.35482192039489746,0.027969153597950935,0.03125,0.06249956414103508,0.0,0.06561803817749023,0.0016857086447998881,0.0856526717543602,0.0,0.0,0.0,0.0,0.0,1.6221554279327393,3.587005615234375,0.2589584290981293,0.0,21.0,0.0,0.0,21.0,0.0,21.0,0.320348064104716,0.19343054294586182,2.90777587890625,0.27224769194920856,0.02107999970515569,-0.09748786687850952
240,2.0201780480001617,116.537344,0.8851585388183594,0.3346858620643616,0.027327824383974075,0.0302734375,0.06979180872440338,0.0,0.06746122241020203,0.0015592187410220504,0.0859578475356102,0.0,0.0,0.0,0.0,0.0,1.640077829360962,3.954467296600342,0.28347480297088623,0.0,20.0,0.0,0.0,20.0,0.0,20.0,0.3222701946894328,0.19606506824493408,2.8148600260416665,0.27410978078842163,0.021159658829371136,-0.09761673212051392
241,2.026907670000128,116.537344,0.9300571084022522,0.33091115951538086,0.024595705792307854,0.0302734375,0.07412664592266083,0.0,0.07211461663246155,0.0017108989413827658,0.0948282927274704,0.0,0.0,0.0,0.0,0.0,1.5525789260864258,4.1679887771606445,0.2878815233707428,0.0,21.0,0.0,0.0,21.0,0.0,21.0,0.3233541250228882,0.20169132947921753,2.7666015625,0.27513207991917926,0.0211661234498024,-0.09767752885818481
242,1.9366717330001393,116.537344,0.9412175416946411,0.3405383229255676,0.019240345805883408,0.0302734375,0.07488648593425751,0.0,0.07634180784225464,0.0019761696457862854,0.0962117537856102,0.0,0.0,0.0,0.0,0.0,1.477332353591919,4.270928859710693,0.2996039390563965,0.0,23.0,0.0,0.0,23.0,0.0,23.0,0.323268194993337,0.20028573274612427,2.7375081380208335,0.27481643358866376,0.02091023822625478,-0.09757977724075317
243,1.8751441599999907,116.537344,0.9712464213371277,0.3444591164588928,0.025413377210497856,0.0302734375,0.07789023220539093,0.0,0.07572418451309204,0.001694289268925786,0.0949300155043602,0.0,0.0,0.0,0.0,0.0,1.4378080368041992,4.403758525848389,0.28044939041137695,0.0,28.0,0.0,0.0,28.0,0.0,28.0,0.3223887284596761,0.19957906007766724,2.7411092122395835,0.2745322783788045,0.020878344774246216,-0.09760397672653198
244,1.896715587000017,116.537344,0.9882683753967285,0.3376845419406891,0.01314751710742712,0.0302734375,0.07924702763557434,0.0,0.07802322506904602,0.0016733722295612097,0.1001790389418602,0.0,0.0,0.0,0.0,0.0,1.4321095943450928,4.394313335418701,0.2961886525154114,0.0,28.0,0.0,0.0,28.0,0.0,28.0,0.321124533812205,0.20068931579589844,2.7331746419270835,0.2735261718432109,0.021019823849201202,-0.09751123189926147
245,1.951368567999907,116.537344,0.9515683054924011,0.3356640338897705,0.014666391536593437,0.0302734375,0.07561247050762177,0.0,0.07924877107143402,0.0014765788801014423,0.1031290739774704,0.0,0.0,0.0,0.0,0.0,1.5322177410125732,4.293153762817383,0.2817712426185608,0.0,21.0,0.0,0.0,21.0,0.0,21.0,0.32036709785461426,0.19502180814743042,2.7828165690104165,0.2726678053538005,0.02110043664773305,-0.09751826524734497
246,1.9610587949998717,116.537344,0.9514286518096924,0.33378714323043823,0.011797801591455936,0.0302734375,0.07491408288478851,0.0,0.08091555535793304,0.0017361835343763232,0.1052042692899704,0.0,0.0,0.0,0.0,0.0,1.6367602348327637,4.181217670440674,0.3259586691856384,0.0,28.0,0.0,0.0,28.0,0.0,28.0,0.3204152186711629,0.19386166334152222,2.75616455078125,0.2724742690722148,0.021228256324927013,-0.09753161668777466
247,1.9554024269998536,116.537344,0.9802696108818054,0.32830244302749634,0.011482738889753819,0.0302734375,0.07754509896039963,0.0,0.08040003478527069,0.0017950711771845818,0.1125081405043602,0.0,0.0,0.0,0.0,0.0,1.613917350769043,4.210219860076904,0.349839985370636,0.0,32.0,0.0,0.0,32.0,0.0,32.0,0.3198403517405192,0.1914646029472351,2.7680867513020835,0.27230219046274823,0.021204330027103424,-0.0976366400718689
248,1.9307913180000469,116.537344,0.9837961792945862,0.32703182101249695,0.013014468364417553,0.0302734375,0.07849018275737762,0.0,0.08033077418804169,0.0016169677255675197,0.11474609375,0.0,0.0,0.0,0.0,0.0,1.4952195882797241,4.112987041473389,0.3144437074661255,0.0,27.0,0.0,0.0,27.0,0.0,27.0,0.31914039452870685,0.19165337085723877,2.78302001953125,0.2717587351799011,0.021127772827943165,-0.09732633829116821
249,1.9706837109999924,116.537344,0.9326051473617554,0.33177441358566284,0.06667904555797577,0.0302734375,0.07349800318479538,0.0,0.08203429728746414,0.0017192731611430645,0.11541748046875,0.0,0.0,0.0,0.0,0.0,1.4710264205932617,3.902960777282715,0.2899572551250458,0.0,17.0,0.0,0.0,17.0,0.0,17.0,0.3183631896972656,0.2007390856742859,2.7961629231770835,0.27071889241536456,0.021196705599625904,-0.09760051965713501
250,1.998149825000155,116.537344,0.9309058785438538,0.33548450469970703,0.013309864327311516,0.0283203125,0.07297031581401825,0.0,0.08522584289312363,0.0020471077878028154,0.11175537109375,0.0,0.0,0.0,0.0,0.0,1.5902862548828125,3.9806151390075684,0.2709534466266632,0.0,22.0,0.0,0.0,22.0,0.0,22.0,0.3176562190055847,0.20127306878566742,2.8069661458333335,0.27031054099400836,0.02120094249645869,-0.0974774956703186
251,1.9773792510000021,116.537344,0.8942760229110718,0.3529852032661438,0.02393597923219204,0.0283203125,0.0689227506518364,0.0,0.08798860013484955,0.0022562392987310886,0.1166788786649704,0.0,0.0,0.0,0.0,0.0,1.6200555562973022,4.0274577140808105,0.2917574346065521,0.0,28.0,0.0,0.0,28.0,0.0,28.0,0.31784449021021527,0.1919499635696411,2.8110758463541665,0.2702150344848633,0.021222293376922607,-0.09747141599655151
252,1.8994605410000531,116.537344,0.8829106092453003,0.36356377601623535,0.034256622195243835,0.0263671875,0.06797546148300171,0.0,0.08247785270214081,0.002045290544629097,0.1099650114774704,0.0,0.0,0.0,0.0,0.0,1.5452680587768555,4.030540466308594,0.2987881302833557,0.0,34.0,0.0,0.0,34.0,0.0,34.0,0.31831016143163043,0.19194930791854858,2.8129679361979165,0.27073148886362713,0.021254909535249073,-0.0975218415260315
253,1.880325689999836,116.537344,0.8843615055084229,0.3620891273021698,0.0286446250975132,0.0263671875,0.06742275506258011,0.0,0.08148346841335297,0.002193774562329054,0.1060384139418602,0.0,0.0,0.0,0.0,0.0,1.6636762619018555,3.9890689849853516,0.35455483198165894,0.0,35.0,0.0,0.0,35.0,0.0,35.0,0.31749631961186725,0.1937161684036255,2.809814453125,0.27010242144266766,0.021210158864657085,-0.09762769937515259
254,1.9343282790000558,116.537344,0.8873204588890076,0.3512668013572693,0.014163900166749954,0.0263671875,0.06863091886043549,0.0,0.07737644016742706,0.0020320089533925056,0.0925699919462204,0.0,0.0,0.0,0.0,0.0,1.6163785457611084,3.925231456756592,0.2998461127281189,0.0,27.0,0.0,0.0,27.0,0.0,27.0,0.31690476338068646,0.20919567346572876,2.844970703125,0.26962681611378986,0.02141347775856654,-0.09772282838821411
255,1.9243663489999108,116.537344,0.8791592717170715,0.34417375922203064,0.016549328342080116,0.0263671875,0.0680360421538353,0.0,0.0765342265367508,0.0018763067200779915,0.0900675505399704,0.0,0.0,0.0,0.0,0.0,1.647606372833252,3.815105438232422,0.27980396151542664,0.0,27.0,0.0,0.0,27.0,0.0,27.0,0.3171054522196452,0.19972434639930725,2.8260294596354165,0.2698719302813212,0.021404864887396496,-0.09768646955490112
256,1.8809525210001539,116.537344,0.9088561534881592,0.3354265093803406,0.03023642674088478,0.0263671875,0.07089333236217499,0.0,0.07895417511463165,0.001775637618266046,0.0972696989774704,0.0,0.0,0.0,0.0,0.0,1.6014207601547241,3.926185131072998,0.2808724045753479,0.0,22.0,0.0,0.0,22.0,0.0,22.0,0.31796695788701373,0.1997377872467041,2.7778523763020835,0.27073510487874347,0.021259471774101257,-0.09765607118606567
257,1.9587703610000062,116.537344,0.932130753993988,0.33501946926116943,0.01900385692715645,0.0263671875,0.07302430272102356,0.0,0.08411121368408203,0.0023047132417559624,0.1124674528837204,0.0,0.0,0.0,0.0,0.0,1.528128981590271,3.9954357147216797,0.2876061797142029,0.0,28.0,0.0,0.0,28.0,0.0,28.0,0.3174968957901001,0.20114196836948395,2.7785237630208335,0.2704002261161804,0.021233369906743366,-0.09754282236099243
258,1.9634072220001144,116.537344,0.9441347718238831,0.3441106081008911,0.016674509271979332,0.0263671875,0.07434786856174469,0.0,0.0831042155623436,0.0019108811393380165,0.11920166015625,0.0,0.0,0.0,0.0,0.0,1.4355151653289795,4.036660194396973,0.29405495524406433,0.0,25.0,0.0,0.0,25.0,0.0,25.0,0.31817861398061115,0.19355815649032593,2.760009765625,0.271056334177653,0.021192650000254314,-0.09755069017410278
259,2.0817986679999194,116.537344,0.9394897222518921,0.35669851303100586,0.01771600916981697,0.02734375,0.07364234328269958,0.0,0.08669692277908325,0.0020837155170738697,0.1292724609375,0.0,0.0,0.0,0.0,0.0,1.4005759954452515,4.111691474914551,0.3057929575443268,0.0,22.0,0.0,1.0,21.0,0.0,22.0,0.31823843717575073,0.19362199306488037,2.7077840169270835,0.2717312177022298,0.021177959938844044,-0.09750789403915405
260,2.191162623000082,116.537344,0.9729999899864197,0.35082656145095825,0.01711340621113777,0.02734375,0.07720208168029785,0.0,0.08669178932905197,0.002559964545071125,0.1287638396024704,0.0,0.0,0.0,0.0,0.0,1.394897222518921,4.189584732055664,0.28147751092910767,0.0,38.0,0.0,0.0,38.0,0.0,38.0,0.31722503900527954,0.2012755572795868,2.7323404947916665,0.2711082299550374,0.021275791029135387,-0.09758621454238892
261,1.9735477320000427,116.537344,0.9739384055137634,0.3474913537502289,0.015431702136993408,0.02734375,0.07755820453166962,0.0,0.08282922208309174,0.0025246432051062584,0.126708984375,0.0,0.0,0.0,0.0,0.0,1.3494877815246582,4.08536434173584,0.301128625869751,0.0,30.0,0.0,0.0,30.0,0.0,30.0,0.317508339881897,0.20639246702194214,2.7933349609375,0.2715402642885844,0.02113099644581477,-0.09734088182449341
262,1.9558270139998513,116.537344,0.9306384325027466,0.3505873680114746,0.013397707603871822,0.025390625,0.07390175014734268,0.0,0.07721611112356186,0.0019942838698625565,0.1146036833524704,0.0,0.0,0.0,0.0,0.0,1.399852991104126,4.0559282302856445,0.26673561334609985,0.0,28.0,0.0,0.0,28.0,0.0,28.0,0.31910987695058185,0.2053731083869934,2.779541015625,0.27320535977681476,0.021355611582597096,-0.0975235104560852
263,1.9138137060001554,116.537344,0.8897994160652161,0.35069215297698975,0.015845753252506256,0.025390625,0.07008254528045654,0.0,0.07438214123249054,0.00171417067758739,0.10736083984375,0.0,0.0,0.0,0.0,0.0,1.4331984519958496,3.9725470542907715,0.27459579706192017,0.0,22.0,0.0,0.0,22.0,0.0,22.0,0.31934909025828045,0.20307523012161255,2.7963053385416665,0.2738449772198995,0.0213301678498586,-0.09742695093154907
264,1.884954068999832,116.537344,0.8558698296546936,0.35279154777526855,0.03639398142695427,0.025390625,0.06723657250404358,0.0,0.07158517092466354,0.0013872043928131461,0.1074625700712204,0.0,0.0,0.0,0.0,0.0,1.4159412384033203,3.834157943725586,0.26058000326156616,0.0,19.0,0.0,0.0,19.0,0.0,19.0,0.31896642843882245,0.1988736391067505,2.8779296875,0.2734652558962504,0.021382826069990795,-0.09739333391189575
265,1.8552618869998696,116.537344,0.8461105823516846,0.36154884099960327,0.019488083198666573,0.0244140625,0.06588483601808548,0.0,0.07458840310573578,0.0014531360939145088,0.1113688200712204,0.0,0.0,0.0,0.0,0.0,1.4000781774520874,3.8143272399902344,0.27652785181999207,0.0,15.0,0.0,0.0,15.0,0.0,15.0,0.31932349999745685,0.19678497314453125,2.8648478190104165,0.27392683426539105,0.02141335854927699,-0.09744435548782349
266,1.8783655610000096,116.537344,0.8598754405975342,0.3683038055896759,0.032251227647066116,0.0244140625,0.06659899652004242,0.0,0.0794556736946106,0.0018599963514134288,0.120849609375,0.0,0.0,0.0,0.0,0.0,1.4888275861740112,3.896892547607422,0.2883595824241638,0.0,17.0,0.0,0.0,17.0,0.0,17.0,0.3193759322166443,0.210921972990036,2.8140055338541665,0.2741714318593343,0.02138782540957133,-0.09754043817520142
267,1.8775748430000476,116.537344,0.8549829125404358,0.3664816617965698,0.03327459469437599,0.0244140625,0.0659945085644722,0.0,0.07950644940137863,0.0020252526737749577,0.1189778670668602,0.0,0.0,0.0,0.0,0.0,1.5052074193954468,3.857595443725586,0.29955217242240906,0.0,23.0,0.0,0.0,23.0,0.0,23.0,0.3192496101061503,0.20977848768234253,2.8458455403645835,0.2738482554753621,0.021408048768838246,-0.09761935472488403
268,1.8607129429999532,116.537344,0.8687472939491272,0.3588256239891052,0.018307333812117577,0.021484375,0.06709160655736923,0.0,0.07864060997962952,0.0016879374161362648,0.1178995817899704,0.0,0.0,0.0,0.0,0.0,1.6099801063537598,3.711595058441162,0.3284449577331543,0.0,23.0,1.0,0.0,24.0,0.0,23.0,0.319333016872406,0.20997321605682373,2.8634847005208335,0.2739665110905965,0.021390045682589214,-0.0975983738899231
269,1.963986852999824,116.537344,0.9001332521438599,0.343747079372406,0.04194873943924904,0.021484375,0.06945136189460754,0.0,0.0824456512928009,0.0019965190440416336,0.1236775740981102,0.0,0.0,0.0,0.0,0.0,1.754875898361206,3.718954086303711,0.35331353545188904,0.0,21.0,0.0,0.0,21.0,0.0,21.0,0.3196758230527242,0.19908873736858368,2.8121337890625,0.2740447123845418,0.021275048454602558,-0.09757083654403687
270,1.9973764679998567,116.537344,0.9124007821083069,0.33448612689971924,0.023676425218582153,0.021484375,0.07089850306510925,0.0,0.08044304698705673,0.0016918350011110306,0.1167806014418602,0.0,0.0,0.0,0.0,0.0,1.7272992134094238,3.7989583015441895,0.3354753255844116,0.0,25.0,0.0,0.0,25.0,0.0,25.0,0.31955649455388385,0.19847507774829865,2.8153279622395835,0.2739134232203166,0.02130221575498581,-0.09752315282821655
271,1.9513241349998225,116.537344,0.9193729162216187,0.3398721218109131,0.014698045328259468,0.01953125,0.07153376191854477,0.0,0.08271999657154083,0.0017779243644326925,0.1186930388212204,0.0,0.0,0.0,0.0,0.0,1.6231775283813477,3.8516592979431152,0.33064281940460205,0.0,18.0,2.0,0.0,20.0,0.0,18.0,0.3195970257123311,0.19952392578125,2.8015340169270835,0.27414848407109577,0.021370331446329754,-0.09745270013809204
272,1.870737126999984,116.537344,0.9046237468719482,0.3503938317298889,0.021811947226524353,0.01953125,0.06991761922836304,0.0,0.08395200967788696,0.0018646031385287642,0.1195068359375,0.0,0.0,0.0,0.0,0.0,1.5077084302902222,4.0006561279296875,0.3187216818332672,0.0,22.0,0.0,0.0,22.0,0.0,22.0,0.3195314407348633,0.19857433438301086,2.7386271158854165,0.27393674850463867,0.021500363945961,-0.09745258092880249
273,1.8706096539999635,116.537344,0.9080974459648132,0.3536375164985657,0.022585032507777214,0.01953125,0.06948240846395493,0.0,0.08771100640296936,0.0018603119533509016,0.1207275390625,0.0,0.0,0.0,0.0,0.0,1.514021873474121,3.9921090602874756,0.36194902658462524,0.0,27.0,0.0,0.0,27.0,0.0,27.0,0.3170825242996216,0.20425182580947876,2.7770792643229165,0.2715355157852173,0.021344967186450958,-0.09752672910690308
274,1.9219212529999368,116.537344,0.9446062445640564,0.3477637767791748,0.02369512803852558,0.01953125,0.07313258200883865,0.0,0.08655371516942978,0.0021815316285938025,0.111572265625,0.0,0.0,0.0,0.0,0.0,1.4564902782440186,3.979768753051758,0.36519700288772583,0.0,34.0,0.0,0.0,34.0,0.0,34.0,0.31559362014134723,0.20862701535224915,2.7953694661458335,0.2701567014058431,0.021242015063762665,-0.09723883867263794
275,2.0280739840000024,116.537344,0.9324154257774353,0.3428221344947815,0.010632450692355633,0.0185546875,0.07237467169761658,0.0,0.08137654513120651,0.0018992896657437086,0.1080729216337204,0.0,0.0,0.0,0.0,0.0,1.5678682327270508,4.05178689956665,0.3332914710044861,0.0,34.0,1.0,0.0,35.0,0.0,34.0,0.3158827821413676,0.20608605444431305,2.7527669270833335,0.2704046964645386,0.021420066555341084,-0.09722727537155151
276,1.9864556239999729,116.537344,0.9465736150741577,0.3273409307003021,0.05493290722370148,0.017578125,0.07379189133644104,0.0,0.08159266412258148,0.001890919404104352,0.1121826171875,0.0,0.0,0.0,0.0,0.0,1.6084893941879272,4.020201683044434,0.32282352447509766,0.0,26.0,1.0,0.0,27.0,0.0,26.0,0.3141553997993469,0.20277588069438934,2.790283203125,0.26939475536346436,0.021565750241279602,-0.050676167011260986
277,1.9940261210001609,116.537344,0.9276257157325745,0.3328038454055786,0.023155080154538155,0.017578125,0.0723867416381836,0.0,0.08028373122215271,0.0019087496912106872,0.1025797575712204,0.0,0.0,0.0,0.0,0.0,1.5032079219818115,4.0479865074157715,0.31094154715538025,0.0,26.0,0.0,0.0,26.0,0.0,26.0,0.3143313527107239,0.20034368336200714,2.79833984375,0.2699419856071472,0.021672571698824566,-0.011902496218681335
278,1.9514289620001364,116.537344,0.9214316606521606,0.34807923436164856,0.012134457938373089,0.017578125,0.07168040424585342,0.0,0.0813770741224289,0.0019677961245179176,0.1088053435087204,0.0,0.0,0.0,0.0,0.0,1.4698314666748047,4.192681312561035,0.3111090064048767,0.0,24.0,0.0,0.0,24.0,0.0,24.0,0.31552620728810626,0.20511671900749207,2.7255655924479165,0.2711465160051982,0.021754955252011616,-0.013691872358322144
279,2.02042474100017,116.537344,0.8915901184082031,0.36253318190574646,0.02313157357275486,0.017578125,0.0686199739575386,0.0,0.08188499510288239,0.0019174867775291204,0.11260986328125,0.0,0.0,0.0,0.0,0.0,1.4454398155212402,4.214012145996094,0.3183021545410156,0.0,30.0,0.0,0.0,30.0,0.0,30.0,0.31570716698964435,0.20024171471595764,2.7629597981770835,0.2711440722147624,0.0217172975341479,-0.022779256105422974
280,1.9308184900000924,116.537344,0.8805077075958252,0.377134770154953,0.0352441780269146,0.0166015625,0.06770533323287964,0.0,0.08321669697761536,0.0019889213144779205,0.1202799528837204,0.0,0.0,0.0,0.0,0.0,1.409696340560913,4.115569114685059,0.3221202492713928,0.0,24.0,0.0,0.0,24.0,0.0,24.0,0.31657405694325763,0.20949210226535797,2.7903645833333335,0.27147648731867474,0.02168034513791402,-0.009833641350269318
281,2.0528565110000727,116.537344,0.8918535709381104,0.38558724522590637,0.031615592539310455,0.0166015625,0.06876973807811737,0.0,0.08424195647239685,0.0019417483126744628,0.12908935546875,0.0,0.0,0.0,0.0,0.0,1.4356334209442139,4.039649963378906,0.3158718943595886,0.0,19.0,0.0,0.0,19.0,0.0,19.0,0.317358394463857,0.20371434092521667,2.77252197265625,0.2720096508661906,0.02168320616086324,-0.07717782258987427
282,1.9561538530001599,116.537344,0.9133800268173218,0.37182074785232544,0.011471802368760109,0.0166015625,0.07074978202581406,0.0,0.08569316565990448,0.0023905145935714245,0.1258544921875,0.0,0.0,0.0,0.0,0.0,1.599519968032837,3.931316375732422,0.3212989270687103,0.0,26.0,0.0,0.0,26.0,0.0,26.0,0.3169504602750142,0.20884835720062256,2.8017578125,0.27183053890864056,0.021739383538564045,-0.07704794406890869
283,1.9899220160000368,116.537344,0.9344168305397034,0.3562847971916199,0.02081458829343319,0.0166015625,0.07284727692604065,0.0,0.0838056206703186,0.0025315782986581326,0.1183064803481102,0.0,0.0,0.0,0.0,0.0,1.630953073501587,3.8426432609558105,0.36364316940307617,0.0,41.0,0.0,0.0,41.0,0.0,41.0,0.3175688584645589,0.20814353227615356,2.8512369791666665,0.2719866633415222,0.021586701273918152,-0.07722437381744385
284,2.054231181999967,116.537344,0.8970672488212585,0.34617364406585693,0.02622721716761589,0.0166015625,0.07011817395687103,0.0,0.07767251133918762,0.0020849979482591152,0.1117757186293602,0.0,0.0,0.0,0.0,0.0,1.5620349645614624,3.6491734981536865,0.3386025130748749,0.0,27.0,0.0,0.0,27.0,0.0,27.0,0.31969616810480755,0.20813648402690887,2.8361002604166665,0.2742152412732442,0.021565303206443787,-0.07742691040039062
285,1.9881863479999993,116.537344,0.860234797000885,0.3376520276069641,0.04911014065146446,0.0166015625,0.06685729324817657,0.0,0.0761306881904602,0.0020743850618600845,0.1123860701918602,0.0,0.0,0.0,0.0,0.0,1.5081628561019897,3.5220630168914795,0.33706769347190857,0.0,24.0,0.0,0.0,24.0,0.0,24.0,0.32096685965855914,0.21031053364276886,2.8610026041666665,0.27542320887247723,0.021623387932777405,-0.07772451639175415
286,1.9755512780000117,116.537344,0.8555596470832825,0.33933475613594055,0.024082671850919724,0.0166015625,0.06662221252918243,0.0,0.0757114440202713,0.001984532456845045,0.1104532927274704,0.0,0.0,0.0,0.0,0.0,1.5131149291992188,3.530839443206787,0.3330945074558258,0.0,27.0,0.0,0.0,27.0,0.0,27.0,0.3213305075963338,0.20144768059253693,2.8870035807291665,0.27593177556991577,0.021650753915309906,-0.07789385318756104
287,1.9136213960000532,116.537344,0.826712965965271,0.3510285019874573,0.026069024577736855,0.0166015625,0.06416690349578857,0.0,0.07489520311355591,0.0015613154973834753,0.1128946989774704,0.0,0.0,0.0,0.0,0.0,1.4327462911605835,3.4671382904052734,0.3108789324760437,0.0,19.0,0.0,0.0,19.0,0.0,19.0,0.3223349650700887,0.20495618879795074,2.8513387044270835,0.27657465140024823,0.021593165894349415,-0.07727158069610596
288,1.9821311639998385,116.537344,0.8458760976791382,0.36367225646972656,0.026787785813212395,0.0166015625,0.06528076529502869,0.0,0.07785213738679886,0.001711549935862422,0.1174113005399704,0.0,0.0,0.0,0.0,0.0,1.4652297496795654,3.7163872718811035,0.3239192068576813,0.0,21.0,0.0,0.0,21.0,0.0,21.0,0.32178399960199994,0.20585376024246216,2.8321126302083335,0.27646668752034503,0.02150838077068329,-0.0781170129776001
289,1.885173605999853,116.537344,0.861605703830719,0.371696412563324,0.03278809413313866,0.017578125,0.06690015643835068,0.0,0.07778096199035645,0.0016245892038568854,0.1080525740981102,0.0,0.0,0.0,0.0,0.0,1.5484199523925781,3.7976157665252686,0.29188406467437744,0.0,17.0,0.0,1.0,16.0,0.0,17.0,0.32019654909769696,0.20183783769607544,2.8519083658854165,0.2750385602315267,0.021520934998989105,-0.07809984683990479
290,1.9408462090000285,116.537344,0.8878471255302429,0.3704243004322052,0.034464918076992035,0.017578125,0.06848554313182831,0.0,0.07959933578968048,0.0016622792463749647,0.1095784530043602,0.0,0.0,0.0,0.0,0.0,1.5964230298995972,3.8253209590911865,0.3401450514793396,0.0,23.0,0.0,0.0,23.0,0.0,23.0,0.3180918296178182,0.2019016444683075,2.8536376953125,0.27308034896850586,0.021570831537246704,-0.07802248001098633
291,1.91720123600021,116.537344,0.9178737998008728,0.35801512002944946,0.028727341443300247,0.017578125,0.07079438865184784,0.0,0.08391036093235016,0.0018337375950068235,0.1100056990981102,0.0,0.0,0.0,0.0,0.0,1.7964061498641968,3.989957332611084,0.3353205621242523,0.0,20.0,0.0,0.0,20.0,0.0,20.0,0.31737053394317627,0.2052769958972931,2.802734375,0.27230727672576904,0.021615395943323772,-0.07826489210128784
292,2.033240434999925,116.537344,0.9440460801124573,0.341654896736145,0.011758508160710335,0.017578125,0.07260067760944366,0.0,0.09037132561206818,0.0020563506986945868,0.1155598983168602,0.0,0.0,0.0,0.0,0.0,1.883887767791748,4.133333683013916,0.35883235931396484,0.0,23.0,0.0,0.0,23.0,0.0,23.0,0.31663302580515545,0.20190365612506866,2.7508544921875,0.27144600947697956,0.02162232498327891,-0.07829773426055908
293,2.044512574999999,116.537344,1.0130404233932495,0.32248979806900024,0.013888571411371231,0.017578125,0.07927068322896957,0.0,0.09365962445735931,0.0023981479462236166,0.1219889372587204,0.0,0.0,0.0,0.0,0.0,1.8803457021713257,4.291020393371582,0.35564368963241577,0.0,35.0,0.0,0.0,35.0,0.0,35.0,0.31613608201344806,0.2022571563720703,2.734375,0.2712233265240987,0.021604048709074657,-0.014833811670541763
294,2.017972597999915,116.537344,1.0463063716888428,0.3138357400894165,0.011656397022306919,0.0166015625,0.08306122571229935,0.0,0.08816587924957275,0.002372230403125286,0.11083984375,0.0,0.0,0.0,0.0,0.0,1.7537935972213745,4.480803489685059,0.3491874635219574,0.0,41.0,0.0,0.0,41.0,0.0,41.0,0.3172385096549988,0.21039354801177979,2.69488525390625,0.2726239363352458,0.02160590887069702,-0.01488080620765686
295,2.0338931929998125,116.537344,1.028550148010254,0.31210875511169434,0.031101150438189507,0.0166015625,0.08215700834989548,0.0,0.08522437512874603,0.001489379908889532,0.1074422225356102,0.0,0.0,0.0,0.0,0.0,1.6103694438934326,4.448321342468262,0.30811071395874023,0.0,27.0,0.0,0.0,27.0,0.0,27.0,0.31736475229263306,0.20398008823394775,2.69879150390625,0.2729539672533671,0.021565638482570648,-0.06185692548751831
296,2.0354348779999327,116.537344,1.04618501663208,0.31120848655700684,0.03331312537193298,0.0166015625,0.08358779549598694,0.0,0.08820237964391708,0.0015144969802349806,0.11749267578125,0.0,0.0,0.0,0.0,0.0,1.4634017944335938,4.385810852050781,0.33691665530204773,0.0,23.0,0.0,0.0,23.0,0.0,23.0,0.31605950991312665,0.20376724004745483,2.71771240234375,0.2719085017840068,0.02150805542866389,-0.06176650524139404
297,2.0191228499998033,116.537344,1.021771788597107,0.32188349962234497,0.00973834004253149,0.0166015625,0.08127875626087189,0.0,0.08926038444042206,0.001631464809179306,0.1257120817899704,0.0,0.0,0.0,0.0,0.0,1.4368352890014648,4.377372741699219,0.3129153251647949,0.0,26.0,0.0,0.0,26.0,0.0,26.0,0.31647096077601117,0.20767109096050262,2.70703125,0.27204449971516925,0.021519285937150318,-0.06204348802566528
298,1.9648135909999382,116.537344,0.9703540802001953,0.34084421396255493,0.014370822347700596,0.0166015625,0.07616114616394043,0.0,0.09067168086767197,0.0019009702373296022,0.1341959685087204,0.0,0.0,0.0,0.0,0.0,1.4851136207580566,4.3812031745910645,0.2939938008785248,0.0,19.0,0.0,0.0,19.0,0.0,19.0,0.316981573899587,0.2103864699602127,2.7136637369791665,0.2726981242497762,0.02156449357668559,-0.06255370378494263
299,1.973954172999811,116.537344,0.9666581153869629,0.3541550040245056,0.028444526717066765,0.015625,0.07564931362867355,0.0,0.09308350086212158,0.002224184572696686,0.14715576171875,0.0,0.0,0.0,0.0,0.0,1.4263625144958496,4.280078411102295,0.30212539434432983,0.0,28.0,0.0,0.0,28.0,0.0,28.0,0.31653302907943726,0.1913660615682602,2.75115966796875,0.2725490729014079,0.021504076818625133,-0.07526141405105591
300,1.9490754519999882,116.537344,0.987424373626709,0.3620726466178894,0.0355648398399353,0.0166015625,0.07751582562923431,0.0,0.09100987762212753,0.002324129454791546,0.1384480893611908,0.0,0.0,0.0,0.0,0.0,1.4263633489608765,4.160372734069824,0.3232581913471222,0.0,30.0,0.0,1.0,29.0,0.0,30.0,0.31618062655131024,0.1840379238128662,2.7608439127604165,0.27216917276382446,0.021611161530017853,-0.0770561695098877
301,1.8630411979997916,116.537344,0.9677672386169434,0.36112433671951294,0.026103293523192406,0.0166015625,0.07583671063184738,0.0,0.08692607283592224,0.0021689445711672306,0.1284993588924408,0.0,0.0,0.0,0.0,0.0,1.4957008361816406,4.067874908447266,0.30445027351379395,0.0,24.0,0.0,0.0,24.0,0.0,24.0,0.3156564434369405,0.18405437469482422,2.7875773111979165,0.2717687090237935,0.021806071201960247,-0.06294727325439453
302,1.952371831000164,116.537344,0.9405152797698975,0.34813064336776733,0.01302414946258068,0.0166015625,0.07375394552946091,0.0,0.08479523658752441,0.0020029437728226185,0.1250406950712204,0.0,0.0,0.0,0.0,0.0,1.503035068511963,3.9006409645080566,0.28040826320648193,0.0,27.0,0.0,0.0,27.0,0.0,27.0,0.3150635361671448,0.18558885157108307,2.8375447591145835,0.2714413007100423,0.021720387041568756,-0.06291860342025757
303,2.02608817600003,116.537344,0.94248366355896,0.3350521922111511,0.03875323385000229,0.017578125,0.07400482892990112,0.0,0.08491973578929901,0.00224768603220582,0.1269327849149704,0.0,0.0,0.0,0.0,0.0,1.5324609279632568,3.6411781311035156,0.3111945390701294,0.0,26.0,0.0,1.0,25.0,0.0,26.0,0.31565606594085693,0.18669775128364563,2.84857177734375,0.27159398794174194,0.021609758337338764,-0.0630764365196228
304,2.1077102990000185,116.537344,0.9072264432907104,0.3294905424118042,0.04717891663312912,0.017578125,0.07100295275449753,0.0,0.08365129679441452,0.002472689375281334,0.1240641325712204,0.0,0.0,0.0,0.0,0.0,1.6091417074203491,3.5927977561950684,0.28340819478034973,0.0,27.0,0.0,0.0,27.0,0.0,27.0,0.31702115138371784,0.19826839864253998,2.8753458658854165,0.2724897464116414,0.021586870153745014,-0.07072478532791138
305,2.0479324539999197,116.537344,0.8811235427856445,0.3356749415397644,0.02474871464073658,0.017578125,0.06881648302078247,0.0,0.08037867397069931,0.002080156933516264,0.130859375,0.0,0.0,0.0,0.0,0.0,1.4908183813095093,3.6375789642333984,0.29671230912208557,0.0,24.0,0.0,0.0,24.0,0.0,24.0,0.3186550935109456,0.20696038007736206,2.8725179036458335,0.27397412061691284,0.02152198056379954,-0.06983661651611328
306,1.9889159419999487,116.537344,0.8328819274902344,0.353186696767807,0.02817162685096264,0.017578125,0.06448955833911896,0.0,0.0794207826256752,0.0018480625003576279,0.1286824643611908,0.0,0.0,0.0,0.0,0.0,1.4488799571990967,3.536991834640503,0.2781374156475067,0.0,19.0,0.0,0.0,19.0,0.0,19.0,0.3197181820869446,0.19894200563430786,2.8669230143229165,0.2744797468185425,0.02159826209147771,-0.06302344799041748
307,2.0196562950000043,116.537344,0.8132975697517395,0.37197345495224,0.026113171130418777,0.0185546875,0.0626223236322403,0.0,0.07587055116891861,0.0018056373810395598,0.1164957731962204,0.0,0.0,0.0,0.0,0.0,1.4215173721313477,3.643887519836426,0.27985522150993347,0.0,26.0,0.0,1.0,25.0,0.0,26.0,0.32034774621327716,0.18625062704086304,2.8734130859375,0.27528361479441327,0.02153525749842326,-0.06300359964370728
308,1.9096049040001617,116.537344,0.8565365672111511,0.3823680281639099,0.041278839111328125,0.01953125,0.06666149199008942,0.0,0.07506049424409866,0.0017796069150790572,0.1130167692899704,0.0,0.0,0.0,0.0,0.0,1.4767553806304932,3.8259437084198,0.282116174697876,0.0,16.0,0.0,1.0,15.0,0.0,16.0,0.31988900899887085,0.18476957082748413,2.8874918619791665,0.2749781012535095,0.02150846521059672,-0.06302207708358765
309,1.897596218999979,116.537344,0.8559572696685791,0.3816617727279663,0.045164745301008224,0.0205078125,0.06632230430841446,0.0,0.07367173582315445,0.0017129855696111917,0.1109822615981102,0.0,0.0,0.0,0.0,0.0,1.5356671810150146,3.900918483734131,0.2841202914714813,0.0,21.0,0.0,1.0,20.0,0.0,21.0,0.31889955202738446,0.1875298023223877,2.8764444986979165,0.2743120789527893,0.021508542199929554,-0.06341606378555298
310,1.8806459620000169,116.537344,0.8631107807159424,0.36810195446014404,0.020947666838765144,0.0205078125,0.0667107105255127,0.0,0.07412055134773254,0.0017871558666229248,0.1005859375,0.0,0.0,0.0,0.0,0.0,1.6021627187728882,3.875211238861084,0.29114797711372375,0.0,17.0,0.0,0.0,17.0,0.0,17.0,0.3181654214859009,0.19099211692810059,2.8382568359375,0.27397239208221436,0.02147994190454483,-0.06345486640930176
311,1.8926348770000914,116.537344,0.907011866569519,0.3457043170928955,0.03853153809905052,0.01953125,0.0707836002111435,0.0,0.07425901293754578,0.0018030110513791442,0.0935872420668602,0.0,0.0,0.0,0.0,0.0,1.6824816465377808,4.024341106414795,0.2952299416065216,0.0,20.0,0.0,0.0,20.0,0.0,20.0,0.3176676233609517,0.19584184885025024,2.8104248046875,0.2739170988400777,0.02141335854927699,-0.06272751092910767
312,1.9043181960000766,116.537344,0.9593797326087952,0.3304705023765564,0.042404498904943466,0.01953125,0.07585899531841278,0.0,0.07655985653400421,0.0015099565498530865,0.0956217497587204,0.0,0.0,0.0,0.0,0.0,1.6960158348083496,4.238430976867676,0.29362499713897705,0.0,15.0,0.0,0.0,15.0,0.0,15.0,0.3176905910174052,0.20402957499027252,2.778076171875,0.27431720495224,0.021478787064552307,-0.0633392333984375
313,1.9958481349999602,116.537344,0.9949418306350708,0.3269195258617401,0.009806850925087929,0.01953125,0.07872659713029861,0.0,0.08097758144140244,0.0015900295693427324,0.104736328125,0.0,0.0,0.0,0.0,0.0,1.568780779838562,4.4975481033325195,0.3247986137866974,0.0,24.0,0.0,0.0,24.0,0.0,24.0,0.31760938962300617,0.2063269168138504,2.7422281901041665,0.274197777112325,0.021615939835707348,-0.06318825483322144
314,1.9875947210000504,116.537344,0.9627718329429626,0.3351282477378845,0.010360395535826683,0.0205078125,0.07551340758800507,0.0,0.08372621983289719,0.0014993976801633835,0.10565185546875,0.0,0.0,0.0,0.0,0.0,1.4963949918746948,4.551285743713379,0.31531623005867004,0.0,22.0,0.0,1.0,21.0,0.0,22.0,0.3175222675005595,0.20540688931941986,2.7106119791666665,0.2741174300511678,0.021594521900018055,-0.06318926811218262
315,1.9173913879999418,116.537344,0.9762861728668213,0.3377227187156677,0.019273869693279266,0.0205078125,0.07660435140132904,0.0,0.08939387649297714,0.0018650218844413757,0.1199951171875,0.0,0.0,0.0,0.0,0.0,1.5517971515655518,4.755147933959961,0.29503482580184937,0.0,17.0,0.0,0.0,17.0,0.0,17.0,0.31709690888722736,0.19874203205108643,2.7054646809895835,0.2731866041819255,0.021481061975161236,-0.06338602304458618
316,2.130060306000132,116.537344,1.011043906211853,0.329035222530365,0.029178183525800705,0.0205078125,0.07968712598085403,0.0,0.09040471166372299,0.002127572661265731,0.1205037459731102,0.0,0.0,0.0,0.0,0.0,1.5456546545028687,4.801093578338623,0.3222605884075165,0.0,33.0,0.0,0.0,33.0,0.0,33.0,0.31642558177312213,0.19826343655586243,2.7225748697916665,0.27260414759318036,0.021449066698551178,-0.06256592273712158
317,2.0004546740001388,116.537344,0.9972009062767029,0.3260955810546875,0.014469032175838947,0.021484375,0.07862409204244614,0.0,0.08952715247869492,0.0018362136324867606,0.12493896484375,0.0,0.0,0.0,0.0,0.0,1.621874213218689,4.627967357635498,0.3039127290248871,0.0,23.0,0.0,1.0,22.0,0.0,23.0,0.31694312890370685,0.20027700066566467,2.7295328776041665,0.2730007568995158,0.021444094677766163,-0.06258910894393921
318,2.0453862489998755,116.537344,1.0301263332366943,0.31773173809051514,0.013853832148015499,0.021484375,0.0811653658747673,0.0,0.09291510283946991,0.002354787662625313,0.1294352263212204,0.0,0.0,0.0,0.0,0.0,1.724692702293396,4.550082683563232,0.34500831365585327,0.0,32.0,0.0,0.0,32.0,0.0,32.0,0.3170024553934733,0.1953829824924469,2.7040201822916665,0.27296145757039386,0.02153552571932475,-0.06283456087112427
319,2.018642810000074,116.537344,1.0415852069854736,0.3107762634754181,0.02956823818385601,0.021484375,0.08284015953540802,0.0,0.09120231866836548,0.0022678112145513296,0.1248779296875,0.0,0.0,0.0,0.0,0.0,1.7252815961837769,4.27195930480957,0.3125405013561249,0.0,27.0,0.0,0.0,27.0,0.0,27.0,0.31637346744537354,0.19612127542495728,2.7367960611979165,0.2727144757906596,0.02157225211461385,-0.06295567750930786
320,1.9919666109999525,116.537344,1.0512653589248657,0.3139711320400238,0.025749459862709045,0.021484375,0.0836363285779953,0.0,0.08951353281736374,0.002229493111371994,0.1243693083524704,0.0,0.0,0.0,0.0,0.0,1.6282596588134766,4.223667144775391,0.3539818227291107,0.0,31.0,0.0,0.0,31.0,0.0,31.0,0.3168478012084961,0.19547802209854126,2.7440592447916665,0.273086945215861,0.02152645339568456,-0.06307178735733032
321,1.9355714590001298,116.537344,1.0122439861297607,0.3231433629989624,0.013922378420829773,0.0205078125,0.08027755469083786,0.0,0.08742110431194305,0.0020451571326702833,0.1222330778837204,0.0,0.0,0.0,0.0,0.0,1.5280447006225586,4.196486949920654,0.3184155225753784,0.0,28.0,0.0,0.0,28.0,0.0,28.0,0.3173123598098755,0.1930026412010193,2.7588297526041665,0.27328534921010333,0.021506935358047485,-0.06928593665361404
322,1.9718556180000633,116.537344,0.9574297070503235,0.33627691864967346,0.015040365979075432,0.0205078125,0.07518541812896729,0.0,0.08640757203102112,0.002136576222255826,0.1207071989774704,0.0,0.0,0.0,0.0,0.0,1.4371470212936401,3.924837112426758,0.31934547424316406,0.0,28.0,0.0,0.0,28.0,0.0,28.0,0.31737550099690753,0.19278013706207275,2.7570393880208335,0.27344844738642377,0.021533230940500896,-0.06717205792665482
323,1.987820898000109,116.537344,0.9117469787597656,0.34870362281799316,0.01729520969092846,0.0224609375,0.07085322588682175,0.0,0.08445584774017334,0.0020034280605614185,0.1226806640625,0.0,0.0,0.0,0.0,0.0,1.4265213012695312,3.8126401901245117,0.3154120147228241,0.0,29.0,0.0,2.0,27.0,0.0,29.0,0.3172408541043599,0.19589966535568237,2.79107666015625,0.27312034368515015,0.02143130451440811,-0.07285881042480469
324,1.9930763570000636,116.537344,0.8706032633781433,0.3584858179092407,0.01827981136739254,0.021484375,0.06676694005727768,0.0,0.0820762887597084,0.0021593752317130566,0.1193644255399704,0.0,0.0,0.0,0.0,0.0,1.4891395568847656,3.789757490158081,0.32612037658691406,0.0,33.0,0.0,0.0,33.0,0.0,33.0,0.3174858291943868,0.19716256856918335,2.8120524088541665,0.27343807617823285,0.02142666031916936,-0.07436829805374146
325,2.0215231269999094,116.537344,0.8480799198150635,0.3584557771682739,0.015276886522769928,0.021484375,0.0648849755525589,0.0,0.07690218091011047,0.0015387746971100569,0.11468505859375,0.0,0.0,0.0,0.0,0.0,1.5302366018295288,3.7977476119995117,0.3088683485984802,0.0,25.0,0.0,0.0,25.0,0.0,25.0,0.31733057896296185,0.19558978080749512,2.8408406575520835,0.27375813325246173,0.02138310670852661,-0.07832352817058563
326,2.0565068059997884,116.537344,0.8760268092155457,0.35826975107192993,0.017249513417482376,0.021484375,0.06722298264503479,0.0,0.07948683947324753,0.001979317283257842,0.1229248046875,0.0,0.0,0.0,0.0,0.0,1.5584315061569214,3.8284213542938232,0.33484524488449097,0.0,21.0,0.0,0.0,21.0,0.0,21.0,0.31699204444885254,0.20206820964813232,2.82623291015625,0.2732117176055908,0.02140176792939504,-0.0784953236579895
327,1.9988716349998867,116.537344,0.9111660718917847,0.3575614392757416,0.019673390313982964,0.0205078125,0.07087353616952896,0.0,0.07740874588489532,0.0020886510610580444,0.11334228515625,0.0,0.0,0.0,0.0,0.0,1.5220448970794678,3.9728140830993652,0.3374910056591034,0.0,31.0,0.0,0.0,31.0,0.0,31.0,0.3178297281265259,0.20247259736061096,2.80810546875,0.273770272731781,0.021501364807287853,-0.0632123351097107
328,2.0287563649999356,116.537344,0.8679293990135193,0.35824376344680786,0.01271857414394617,0.0205078125,0.0670357346534729,0.0,0.07318457216024399,0.0016598053043708205,0.1016642302274704,0.0,0.0,0.0,0.0,0.0,1.5052495002746582,3.9585156440734863,0.33784446120262146,0.0,24.0,0.0,0.0,24.0,0.0,24.0,0.3186360001564026,0.1929347664117813,2.83392333984375,0.27410487333933514,0.02158222844203313,-0.0629723072052002
329,2.077155762999837,116.537344,0.8483949899673462,0.3581421375274658,0.04363396018743515,0.021484375,0.06541271507740021,0.0,0.07460463047027588,0.0017941731493920088,0.1040242537856102,0.0,0.0,0.0,0.0,0.0,1.5288057327270508,3.9371001720428467,0.3106918931007385,0.0,18.0,0.0,1.0,17.0,0.0,18.0,0.31831735372543335,0.191355898976326,2.8482462565104165,0.27356501420338947,0.021594566603501637,-0.07201707363128662
330,1.9407750679999936,116.537344,0.85284024477005,0.36018919944763184,0.014126344583928585,0.021484375,0.06563161313533783,0.0,0.07460099458694458,0.001904945238493383,0.1040242537856102,0.0,0.0,0.0,0.0,0.0,1.5544875860214233,4.106574058532715,0.3226984143257141,0.0,19.0,0.0,0.0,19.0,0.0,19.0,0.31918907165527344,0.19959434866905212,2.8347574869791665,0.27459386984507245,0.021564394235610962,-0.07205486297607422
331,2.0219307679999474,116.537344,0.8592513203620911,0.3689911961555481,0.026532305404543877,0.021484375,0.06589649617671967,0.0,0.07431350648403168,0.0019181891111657023,0.1020914763212204,0.0,0.0,0.0,0.0,0.0,1.5548596382141113,4.18795919418335,0.35626453161239624,0.0,27.0,0.0,0.0,27.0,0.0,27.0,0.31995582580566406,0.19986127316951752,2.8035074869791665,0.2755458950996399,0.021489883462587994,-0.062968909740448
332,2.0540913359998285,116.537344,0.877718448638916,0.36751890182495117,0.029965758323669434,0.0205078125,0.06802868098020554,0.0,0.0736459344625473,0.00169335026293993,0.0987752303481102,0.0,0.0,0.0,0.0,0.0,1.532139539718628,4.100369930267334,0.34197181463241577,0.0,21.0,0.0,0.0,21.0,0.0,21.0,0.3201850851376851,0.20179547369480133,2.7954508463541665,0.27590707937876385,0.021475898722807567,-0.0630607008934021
333,1.9734515170000577,116.537344,0.8986691236495972,0.36121076345443726,0.013646677136421204,0.0185546875,0.06994494795799255,0.0,0.07672044634819031,0.0017311410047113895,0.1119181364774704,0.0,0.0,0.0,0.0,0.0,1.546757459640503,3.970932722091675,0.34880727529525757,0.0,20.0,0.0,0.0,20.0,0.0,20.0,0.3199177583058675,0.20647957921028137,2.8132731119791665,0.2755747040112813,0.021685078740119934,-0.0622715950012207
334,1.894490304999863,116.537344,0.9246090650558472,0.34537768363952637,0.03640951216220856,0.0185546875,0.07234925031661987,0.0,0.07780329883098602,0.0018975441344082355,0.1084391325712204,0.0,0.0,0.0,0.0,0.0,1.5329889059066772,3.884831190109253,0.3679219186306,0.0,23.0,0.0,0.0,23.0,0.0,23.0,0.319959819316864,0.19496560096740723,2.80218505859375,0.2755431930224101,0.021619747082392376,-0.06213879585266113
335,1.9427179340000293,116.537344,0.883465588092804,0.34382152557373047,0.016516979783773422,0.0185546875,0.06827757507562637,0.0,0.07821118086576462,0.0021032076328992844,0.10333251953125,0.0,0.0,0.0,0.0,0.0,1.561561107635498,3.8586626052856445,0.36385807394981384,0.0,27.0,0.0,0.0,27.0,0.0,27.0,0.32010366519292194,0.19480514526367188,2.8000284830729165,0.27593396107355755,0.02165371924638748,-0.062029898166656494
336,1.9931653819999156,116.537344,0.8750237226486206,0.3430827260017395,0.014728028327226639,0.0185546875,0.06773053854703903,0.0,0.07523375749588013,0.0017148753395304084,0.0937703475356102,0.0,0.0,0.0,0.0,0.0,1.5819711685180664,3.876072645187378,0.35966572165489197,0.0,25.0,0.0,1.0,24.0,0.0,25.0,0.3207387725512187,0.2077314257621765,2.79638671875,0.27641797065734863,0.02158007522424062,-0.06207245588302612
337,1.9742771869998705,116.537344,0.8942263722419739,0.3456994891166687,0.00968365091830492,0.01953125,0.06966932862997055,0.0,0.07576180249452591,0.00117370649240911,0.1008707731962204,0.0,0.0,0.0,0.0,0.0,1.5497245788574219,3.9570083618164062,0.3495776355266571,0.0,21.0,0.0,1.0,20.0,0.0,21.0,0.32068951924641925,0.20809528231620789,2.8189290364583335,0.2760149836540222,0.021516330540180206,-0.06188279390335083
338,1.8415713829999731,116.537344,0.9220470190048218,0.34773701429367065,0.009440439753234386,0.01953125,0.0715520977973938,0.0,0.08263170719146729,0.0014502170961350203,0.1145426481962204,0.0,0.0,0.0,0.0,0.0,1.5368907451629639,4.044161796569824,0.3744341731071472,0.0,16.0,0.0,0.0,16.0,0.0,16.0,0.3197122613588969,0.2016090750694275,2.7994181315104165,0.2745267351468404,0.02162972092628479,-0.06207531690597534
339,2.1151932700001908,116.537344,0.9291002750396729,0.3482449948787689,0.010531053878366947,0.0205078125,0.07178982347249985,0.0,0.08616350591182709,0.0018484991742298007,0.1139933317899704,0.0,0.0,0.0,0.0,0.0,1.5851072072982788,4.090333938598633,0.3792133927345276,0.0,28.0,0.0,1.0,27.0,0.0,28.0,0.31879804531733197,0.20093628764152527,2.77557373046875,0.27355068922042847,0.021555264790852863,-0.062341511249542236
340,2.00847415599992,116.537344,0.9507045149803162,0.34138989448547363,0.018177704885601997,0.021484375,0.07356473058462143,0.0,0.08581344783306122,0.002176351146772504,0.10797119140625,0.0,0.0,0.0,0.0,0.0,1.6019287109375,4.1745805740356445,0.39176034927368164,0.0,34.0,0.0,1.0,33.0,0.0,34.0,0.31766559680302936,0.19902867078781128,2.7884928385416665,0.2726125717163086,0.021559270719687145,-0.06263107061386108
341,1.9405926580000141,116.537344,0.9435693621635437,0.3369236886501312,0.010265516117215157,0.021484375,0.07311329990625381,0.0,0.0821690782904625,0.0021107604261487722,0.0898234099149704,0.0,0.0,0.0,0.0,0.0,1.7015016078948975,4.260858535766602,0.35540926456451416,0.0,24.0,0.0,0.0,24.0,0.0,24.0,0.3172076344490051,0.19314134120941162,2.8009033203125,0.2723547617594401,0.02153473099072774,-0.06306439638137817
342,1.8766607709999334,116.537344,0.9381609559059143,0.33280137181282043,0.015782484784722328,0.0205078125,0.07248841226100922,0.0,0.08198252320289612,0.001873601577244699,0.0982869490981102,0.0,0.0,0.0,0.0,0.0,1.7102587223052979,4.321175575256348,0.3617208003997803,0.0,28.0,0.0,0.0,28.0,0.0,28.0,0.31671208143234253,0.19419324398040771,2.78778076171875,0.2720347046852112,0.02153170605500539,-0.0636325478553772
343,1.9075079060000917,116.537344,0.9370590448379517,0.3311423063278198,0.027978913858532906,0.0205078125,0.07258351147174835,0.0,0.08222469687461853,0.00165372877381742,0.0956827849149704,0.0,0.0,0.0,0.0,0.0,1.5893386602401733,4.202033519744873,0.36139345169067383,0.0,24.0,0.0,0.0,24.0,0.0,24.0,0.3169231414794922,0.19993525743484497,2.7477213541666665,0.27229762077331543,0.02143639822800954,-0.06372296810150146
344,1.9386761189998651,116.537344,0.9321703314781189,0.33538618683815,0.011344839818775654,0.0205078125,0.07184913009405136,0.0,0.08654288947582245,0.002005708171054721,0.10699462890625,0.0,0.0,0.0,0.0,0.0,1.5162668228149414,4.189028739929199,0.36726459860801697,0.0,27.0,0.0,0.0,27.0,0.0,27.0,0.31609535217285156,0.20057541131973267,2.7477823893229165,0.2715771198272705,0.02139681577682495,-0.06362336874008179
345,1.884211513999844,116.537344,0.9923695921897888,0.3318243622779846,0.01827230304479599,0.0205078125,0.07773350179195404,0.0,0.08839419484138489,0.0021577035076916218,0.118896484375,0.0,0.0,0.0,0.0,0.0,1.4181588888168335,4.243030548095703,0.37659335136413574,0.0,32.0,0.0,0.0,32.0,0.0,32.0,0.3161001205444336,0.2102397084236145,2.7490437825520835,0.2716413736343384,0.021580154697100323,-0.06345123052597046
346,1.9503342210000483,116.537344,0.950591504573822,0.3477363884449005,0.016994884237647057,0.021484375,0.07411770522594452,0.0,0.08725597709417343,0.002184993354603648,0.1228434294462204,0.0,0.0,0.0,0.0,0.0,1.374800205230713,4.192878723144531,0.33134424686431885,0.0,19.0,0.0,1.0,18.0,0.0,19.0,0.31662144263585407,0.20154809951782227,2.752685546875,0.2724766532580058,0.021616669992605846,-0.06338214874267578
347,1.9394320760000028,116.537344,0.9362930059432983,0.36101624369621277,0.036417897790670395,0.0234375,0.0724666565656662,0.0,0.08956124633550644,0.0026426315307617188,0.1241455078125,0.0,0.0,0.0,0.0,0.0,1.4119075536727905,4.1030778884887695,0.346445769071579,0.0,31.0,0.0,2.0,29.0,0.0,31.0,0.3161795735359192,0.2055375576019287,2.7741292317708335,0.2722511291503906,0.021600765486558277,-0.06359684467315674
348,1.9291292159998648,116.537344,0.9104052186012268,0.3629343807697296,0.017805572599172592,0.0244140625,0.07048797607421875,0.0,0.08190429210662842,0.002535291016101837,0.1175944060087204,0.0,0.0,0.0,0.0,0.0,1.4036600589752197,3.971229076385498,0.3520090579986572,0.0,39.0,0.0,1.0,38.0,0.0,39.0,0.31680599848429364,0.2092108428478241,2.8417765299479165,0.2729225158691406,0.02163414905468623,-0.0638800859451294
349,1.8587178440000116,116.537344,0.8586326837539673,0.3612334132194519,0.01134957280009985,0.0244140625,0.06609316915273666,0.0,0.07811480760574341,0.002348722657188773,0.1138509139418602,0.0,0.0,0.0,0.0,0.0,1.4320430755615234,3.7954330444335938,0.31600427627563477,0.0,21.0,0.0,0.0,21.0,0.0,21.0,0.3170914848645528,0.21120956540107727,2.8663736979166665,0.27323007583618164,0.021671647826830547,-0.06402027606964111
350,1.9385708649999742,116.537344,0.8483343720436096,0.3556676506996155,0.006963612046092749,0.0234375,0.06523232161998749,0.0,0.07572593539953232,0.0019738790579140186,0.11260986328125,0.0,0.0,0.0,0.0,0.0,1.4637057781219482,3.704576015472412,0.3361749053001404,0.0,26.0,0.0,1.0,25.0,0.0,26.0,0.3181354800860087,0.21108919382095337,2.873046875,0.27432453632354736,0.021734684705734253,-0.0639544129371643
351,1.9753113000001576,116.537344,0.8430180549621582,0.3506930470466614,0.045001763850450516,0.0234375,0.0651433914899826,0.0,0.0761965960264206,0.0019319681450724602,0.12060546875,0.0,0.0,0.0,0.0,0.0,1.4225659370422363,3.596705913543701,0.31662076711654663,0.0,16.0,0.0,0.0,16.0,0.0,16.0,0.31855746110280353,0.20135226845741272,2.8831787109375,0.27511123816172284,0.021831820408503216,-0.06385058164596558
352,2.0221737930000927,116.537344,0.8239880800247192,0.35306334495544434,0.023882685229182243,0.025390625,0.06326505541801453,0.0,0.07404354214668274,0.0020321495831012726,0.1057942733168602,0.0,0.0,0.0,0.0,0.0,1.4157476425170898,3.6156935691833496,0.3359900116920471,0.0,27.0,0.0,2.0,25.0,0.0,27.0,0.3196849822998047,0.2011595070362091,2.8963623046875,0.2760846018791199,0.021858856081962585,-0.06388145685195923
353,1.9236848770001416,116.537344,0.7968123555183411,0.3674253821372986,0.017536135390400887,0.025390625,0.06107446178793907,0.0,0.0722661241889,0.002009694231674075,0.1033935546875,0.0,0.0,0.0,0.0,0.0,1.4453967809677124,3.7029025554656982,0.30697986483573914,0.0,18.0,0.0,0.0,18.0,0.0,18.0,0.32115187247594196,0.20246656239032745,2.8922119140625,0.27712907393773395,0.02163604398568471,-0.06410682201385498
354,2.0017732399999204,116.537344,0.8223617672920227,0.37583935260772705,0.025105884298682213,0.025390625,0.06353121250867844,0.0,0.07321272790431976,0.0020639458671212196,0.10302734375,0.0,0.0,0.0,0.0,0.0,1.461282730102539,3.786959171295166,0.3059905767440796,0.0,21.0,0.0,1.0,20.0,0.0,21.0,0.32173917690912884,0.20558875799179077,2.8755696614583335,0.27745266755421955,0.021616414189338684,-0.06423074007034302
355,2.047905473000128,116.537344,0.8313372135162354,0.37452250719070435,0.030936429277062416,0.025390625,0.06420253962278366,0.0,0.07316199690103531,0.002025674097239971,0.1070353239774704,0.0,0.0,0.0,0.0,0.0,1.4739329814910889,3.8087077140808105,0.3195057809352875,0.0,25.0,0.0,0.0,25.0,0.0,25.0,0.3217773238817851,0.20578651130199432,2.8719482421875,0.2775727113087972,0.02165034164985021,-0.031503453850746155
356,1.8660537650000606,116.537344,0.8497086763381958,0.3632676899433136,0.012072629295289516,0.025390625,0.06598719954490662,0.0,0.07117874920368195,0.0015392971690744162,0.1031494140625,0.0,0.0,0.0,0.0,0.0,1.5720710754394531,3.7923905849456787,0.31494826078414917,0.0,20.0,0.0,0.0,20.0,0.0,20.0,0.32183152437210083,0.2068997323513031,2.8526204427083335,0.27752427260080975,0.0215378279487292,-0.013202576898038387
357,1.9044847370000753,116.537344,0.8881872892379761,0.34897422790527344,0.010565054602921009,0.025390625,0.0692504346370697,0.0,0.07171115279197693,0.0015686436090618372,0.0986735075712204,0.0,0.0,0.0,0.0,0.0,1.729995608329773,4.003072738647461,0.3256462514400482,0.0,25.0,0.0,0.0,25.0,0.0,25.0,0.321411391099294,0.20854276418685913,2.8349202473958335,0.2773218552271525,0.02157425880432129,-0.013135519810020924
358,1.92986092000001,116.537344,0.8784405589103699,0.3413842022418976,0.015044676139950752,0.025390625,0.06859972327947617,0.0,0.06816454231739044,0.001124203554354608,0.0868326872587204,0.0,0.0,0.0,0.0,0.0,1.6466400623321533,4.124941825866699,0.3225325047969818,0.0,24.0,0.0,1.0,23.0,0.0,24.0,0.321643590927124,0.21247777342796326,2.8058064778645835,0.2778135935465495,0.021552848319212597,-0.02098637819290161
359,1.8913917859999856,116.537344,0.9219405055046082,0.3323145806789398,0.0678749680519104,0.0244140625,0.0724942535161972,0.0,0.07504541426897049,0.0015712762251496315,0.0904744490981102,0.0,0.0,0.0,0.0,0.0,1.5855417251586914,4.071080207824707,0.32890722155570984,0.0,12.0,0.0,0.0,12.0,0.0,12.0,0.3204016486803691,0.20126396417617798,2.7602335611979165,0.2769172588984172,0.021640636026859283,-0.021302014589309692
360,1.8759019290000651,116.537344,0.9318013191223145,0.3284544348716736,0.019590064883232117,0.025390625,0.07304798066616058,0.0,0.0757875144481659,0.0012931604869663715,0.0940348356962204,0.0,0.0,0.0,0.0,0.0,1.5319764614105225,4.3513946533203125,0.3342073857784271,0.0,23.0,0.0,1.0,22.0,0.0,23.0,0.31991469860076904,0.20121923089027405,2.744873046875,0.276859978834788,0.021642538408438366,-0.07889765501022339
361,1.8655654219999178,116.537344,0.9569888114929199,0.3370133638381958,0.01084146648645401,0.025390625,0.07493700832128525,0.0,0.08098824322223663,0.0012939736479893327,0.1010335311293602,0.0,0.0,0.0,0.0,0.0,1.5090348720550537,4.649897575378418,0.3297809958457947,0.0,12.0,0.0,0.0,12.0,0.0,12.0,0.31861170132954914,0.2032676488161087,2.7319742838541665,0.2757631540298462,0.02152839054663976,-0.07884597778320312
362,1.9578061770000659,116.537344,1.002531886100769,0.3396243453025818,0.023283934220671654,0.0244140625,0.0787007063627243,0.0,0.08829641342163086,0.0015392550267279148,0.1139322966337204,0.0,0.0,0.0,0.0,0.0,1.500767707824707,4.827719688415527,0.3303620219230652,0.0,18.0,0.0,0.0,18.0,0.0,18.0,0.3168901999791463,0.20232392847537994,2.7116495768229165,0.2747535506884257,0.021472856402397156,-0.07889211177825928
363,1.9239716009999484,116.537344,1.050004243850708,0.3375285863876343,0.0396091565489769,0.025390625,0.08228324353694916,0.0,0.09381343424320221,0.002086405409500003,0.1282755583524704,0.0,0.0,0.0,0.0,0.0,1.662890911102295,4.986475944519043,0.3579274117946625,0.0,23.0,0.0,1.0,22.0,0.0,23.0,0.3157736261685689,0.2004806399345398,2.6899617513020835,0.27382365862528485,0.021458024779955547,-0.023657292127609253
364,1.8344958229999975,116.537344,1.0970895290374756,0.32348719239234924,0.04496606066823006,0.025390625,0.08643665164709091,0.0,0.0936962217092514,0.002212552120909095,0.1285196989774704,0.0,0.0,0.0,0.0,0.0,1.7527822256088257,5.1131205558776855,0.37950703501701355,0.0,28.0,0.0,0.0,28.0,0.0,28.0,0.31495275100072223,0.19862139225006104,2.7073974609375,0.27299173672993976,0.021467916667461395,-0.023812517523765564
365,1.903767192000032,116.537344,1.1053518056869507,0.31431490182876587,0.026344558224081993,0.0263671875,0.08748078346252441,0.0,0.09373563528060913,0.0024435603991150856,0.1231892928481102,0.0,0.0,0.0,0.0,0.0,1.813535451889038,4.941168785095215,0.371039479970932,0.0,30.0,0.0,1.0,29.0,0.0,30.0,0.3146791259447734,0.20503558218479156,2.6994425455729165,0.27263571818669635,0.021530690292517345,-0.024629786610603333
366,1.9616868430000522,116.537344,1.0909268856048584,0.29907935857772827,0.03483126312494278,0.02734375,0.08670024573802948,0.0,0.09117062389850616,0.0022451351396739483,0.12200927734375,0.0,0.0,0.0,0.0,0.0,1.7975966930389404,4.5887041091918945,0.36286717653274536,0.0,31.0,0.0,2.0,29.0,0.0,31.0,0.31505781412124634,0.19310352206230164,2.6867879231770835,0.2729108929634094,0.02150261402130127,-0.07886064052581787
367,2.0291787050000494,116.537344,1.0817159414291382,0.28684911131858826,0.03927089646458626,0.029296875,0.08639165014028549,0.0,0.0886240229010582,0.0019411745015531778,0.11932373046875,0.0,0.0,0.0,0.0,0.0,1.7441859245300293,4.298135757446289,0.3648553788661957,0.0,28.0,0.0,2.0,26.0,0.0,28.0,0.3161545991897583,0.2030826210975647,2.70001220703125,0.2738906741142273,0.021519872049490612,-0.078463613986969
368,1.9185945239999,116.537344,1.0413978099822998,0.29394418001174927,0.06659411638975143,0.029296875,0.08237253874540329,0.0,0.09004729986190796,0.002015294972807169,0.1210734099149704,0.0,0.0,0.0,0.0,0.0,1.6329612731933594,4.246779918670654,0.39082109928131104,0.0,30.0,0.0,0.0,30.0,0.0,30.0,0.3174498677253723,0.20316870510578156,2.73876953125,0.2745332717895508,0.021474686761697132,-0.06919330358505249
369,1.9654758209999272,116.537344,1.0143235921859741,0.3111710548400879,0.05446074530482292,0.0283203125,0.08003228902816772,0.0,0.09140768647193909,0.0020539385732263327,0.1276448667049408,0.0,0.0,0.0,0.0,0.0,1.482897162437439,4.229506492614746,0.36761078238487244,0.0,23.0,1.0,1.0,23.0,0.0,23.0,0.3181798458099365,0.20300067961215973,2.7104695638020835,0.275642732779185,0.02144557237625122,-0.015689393505454063
370,2.0128261370000473,116.537344,0.9944432973861694,0.33908528089523315,0.03668791055679321,0.0283203125,0.0780608057975769,0.0,0.09177923202514648,0.0023854849860072136,0.13714599609375,0.0,0.0,0.0,0.0,0.0,1.4486901760101318,4.363972187042236,0.3504602313041687,0.0,30.0,0.0,0.0,30.0,0.0,30.0,0.3181104262669881,0.2055484503507614,2.7094523111979165,0.27553800741831463,0.02164933333794276,-0.016726097092032433
371,2.058304331000045,116.537344,0.9143898487091064,0.37982243299484253,0.06149415299296379,0.0283203125,0.06983860582113266,0.0,0.09015363454818726,0.0027579176239669323,0.1363118588924408,0.0,0.0,0.0,0.0,0.0,1.4367517232894897,4.35677433013916,0.3796650767326355,0.0,35.0,0.0,0.0,35.0,0.0,35.0,0.3186877965927124,0.19865357875823975,2.7691650390625,0.2753816246986389,0.02171598623196284,-0.014074747450649738
372,2.147880460999886,116.537344,0.8630292415618896,0.3965585231781006,0.06775510311126709,0.029296875,0.06533526629209518,0.0,0.08432381600141525,0.0025573810562491417,0.1274617612361908,0.0,0.0,0.0,0.0,0.0,1.4292893409729004,4.11918830871582,0.3722405433654785,0.0,33.0,0.0,1.0,32.0,0.0,33.0,0.31917162736256915,0.1965973973274231,2.7900797526041665,0.27582424879074097,0.021767795085906982,-0.021556809544563293
373,1.9222288450000633,116.537344,0.8450782299041748,0.38731056451797485,0.042107295244932175,0.029296875,0.06367525458335876,0.0,0.08116960525512695,0.002295060781762004,0.11773681640625,0.0,0.0,0.0,0.0,0.0,1.5821856260299683,4.013001918792725,0.3707818388938904,0.0,26.0,0.0,0.0,26.0,0.0,26.0,0.31848351160685223,0.20298653841018677,2.8311971028645835,0.2752349177996318,0.021729372441768646,-0.0174049474298954
374,1.9955963140000677,116.537344,0.8812017440795898,0.36137938499450684,0.007494417484849691,0.0302734375,0.06708386540412903,0.0,0.08096065372228622,0.002456057583913207,0.1139729842543602,0.0,0.0,0.0,0.0,0.0,1.7797656059265137,3.935826063156128,0.3805040121078491,0.0,30.0,0.0,1.0,29.0,0.0,30.0,0.3178764382998149,0.20378616452217102,2.84320068359375,0.2746586998303731,0.02169244239727656,-0.019432075321674347
375,2.0338213799998357,116.537344,0.9629488587379456,0.3294270634651184,0.02145511656999588,0.0322265625,0.07530243694782257,0.0,0.07937703281641006,0.002518160967156291,0.1062418669462204,0.0,0.0,0.0,0.0,0.0,1.8213905096054077,3.860600471496582,0.40635567903518677,0.0,36.0,0.0,2.0,34.0,0.0,36.0,0.31855640808741253,0.20305050909519196,2.8157958984375,0.2751074234644572,0.021750405430793762,-0.01227644458413124
376,1.9593564790000073,116.537344,0.9788597226142883,0.30631881952285767,0.09200188517570496,0.033203125,0.07782329618930817,0.0,0.07715064287185669,0.002128270920366049,0.1010538786649704,0.0,0.0,0.0,0.0,0.0,1.7607929706573486,3.8427734375,0.366618812084198,0.0,22.0,0.0,2.0,20.0,0.0,22.0,0.31997833649317425,0.2039657086133957,2.8200480143229165,0.2765095829963684,0.02180285006761551,-0.021645067259669304
377,1.9775086940001074,116.537344,0.9668360948562622,0.2993747889995575,0.06160819157958031,0.0341796875,0.07684328407049179,0.0,0.07720126211643219,0.0017913313349708915,0.0965372771024704,0.0,0.0,0.0,0.0,0.0,1.6132186651229858,4.012336254119873,0.38638293743133545,0.0,34.0,0.0,1.0,33.0,0.0,34.0,0.3219899535179138,0.2073289006948471,2.8040771484375,0.2784358859062195,0.02159452686707179,-0.021643085405230522
378,1.9188483549999091,116.537344,0.9128255844116211,0.3186282217502594,0.0436006598174572,0.03515625,0.07171740382909775,0.0,0.08064879477024078,0.0016733275260776281,0.10906982421875,0.0,0.0,0.0,0.0,0.0,1.467972755432129,4.257857322692871,0.3540295958518982,0.0,19.0,0.0,1.0,18.0,0.0,19.0,0.3235623240470886,0.20716799795627594,2.7397867838541665,0.2803419232368469,0.021678318579991657,-0.014485646039247513
379,1.9623512260000098,116.537344,0.9409217834472656,0.3352239429950714,0.02258499711751938,0.033203125,0.07373720407485962,0.0,0.08438268303871155,0.0018994598649442196,0.1175130233168602,0.0,0.0,0.0,0.0,0.0,1.3661324977874756,4.593109130859375,0.36424654722213745,0.0,27.0,0.0,0.0,27.0,0.0,27.0,0.32306694984436035,0.20350617170333862,2.69927978515625,0.28023165464401245,0.021677618225415547,-0.015046264976263046
380,1.9673291259998678,116.537344,0.9581770300865173,0.3546035885810852,0.0654032900929451,0.0341796875,0.07506914436817169,0.0,0.0833703875541687,0.0019222211558371782,0.1156209334731102,0.0,0.0,0.0,0.0,0.0,1.4016609191894531,4.798310279846191,0.36042723059654236,0.0,25.0,0.0,1.0,24.0,0.0,25.0,0.32185224692026776,0.20357194542884827,2.7233479817708335,0.27909616629282635,0.021619252860546112,-0.014183137565851212
381,1.962546803999885,116.537344,0.9743859171867371,0.3691551089286804,0.07863274961709976,0.0361328125,0.07626374065876007,0.0,0.08090998232364655,0.001778476289473474,0.1102498397231102,0.0,0.0,0.0,0.0,0.0,1.4919394254684448,4.855411529541016,0.35642027854919434,0.0,22.0,0.0,2.0,20.0,0.0,22.0,0.3204448421796163,0.2068750560283661,2.7508138020833335,0.27771679560343426,0.021609629193941753,-0.015260022133588791
382,1.9765383899998596,116.537344,0.9948958158493042,0.36628615856170654,0.06203125789761543,0.0380859375,0.07759739458560944,0.0,0.08465372025966644,0.0019372301176190376,0.10675048828125,0.0,0.0,0.0,0.0,0.0,1.6266448497772217,4.637653350830078,0.36200758814811707,0.0,25.0,0.0,2.0,23.0,0.0,25.0,0.31869836648305255,0.19534870982170105,2.7209676106770835,0.2759045759836833,0.021606430411338806,-0.015657074749469757
383,2.022849047000136,116.537344,1.0548704862594604,0.3358568847179413,0.02146306447684765,0.0380859375,0.08295660465955734,0.0,0.09101235866546631,0.002235955325886607,0.1151936873793602,0.0,0.0,0.0,0.0,0.0,1.749603509902954,4.356082439422607,0.4084358215332031,0.0,24.0,0.0,0.0,24.0,0.0,24.0,0.3172226945559184,0.20051099359989166,2.717041015625,0.2743815581003825,0.021647125482559204,-0.011739226058125496
384,2.0328505489999316,116.537344,1.1112558841705322,0.30818435549736023,0.02714795619249344,0.0400390625,0.08867070078849792,0.0,0.0956125482916832,0.002518777269870043,0.1189982146024704,0.0,0.0,0.0,0.0,0.0,1.862638235092163,4.237279415130615,0.39196881651878357,0.0,26.0,0.0,2.0,24.0,0.0,26.0,0.3168714642524719,0.1983904093503952,2.6938069661458335,0.27405492464701336,0.021547816693782806,-0.019582010805606842
385,2.0509552959999837,116.537344,1.1638621091842651,0.28306129574775696,0.026990612968802452,0.041015625,0.09377628564834595,0.0,0.09962300956249237,0.002607742790132761,0.119873046875,0.0,0.0,0.0,0.0,0.0,1.8756861686706543,4.201935768127441,0.4125748574733734,0.0,39.0,0.0,1.0,38.0,0.0,39.0,0.317738672097524,0.20129133760929108,2.66046142578125,0.27464860677719116,0.02160775661468506,-0.01958495005965233
386,1.958560165000108,116.537344,1.194536566734314,0.26898133754730225,0.08047416806221008,0.0400390625,0.09711425751447678,0.0,0.10384374856948853,0.0029145232401788235,0.1248372420668602,0.0,0.0,0.0,0.0,0.0,1.8456683158874512,4.072413444519043,0.4047568440437317,0.0,40.0,0.0,0.0,40.0,0.0,40.0,0.31772009531656903,0.20141436159610748,2.6649373372395835,0.2746284206708272,0.021600852409998577,-0.019584156572818756
387,1.8985954479999236,116.537344,1.183976650238037,0.2663401961326599,0.11491622775793076,0.0390625,0.09636779874563217,0.0,0.10659661889076233,0.002738389652222395,0.13702392578125,0.0,0.0,0.0,0.0,0.0,1.6629165410995483,4.143687725067139,0.38245689868927,0.0,30.0,0.0,1.0,29.0,0.0,30.0,0.31755439440409344,0.20821340382099152,2.6893310546875,0.2748491168022156,0.021618497868378956,-0.01519046351313591
388,1.991493589999891,116.537344,1.1107888221740723,0.2875857651233673,0.01546373963356018,0.0390625,0.0887998566031456,0.0,0.10699095577001572,0.002678964287042618,0.1467488706111908,0.0,0.0,0.0,0.0,0.0,1.5185153484344482,4.397026062011719,0.4015086591243744,0.0,42.0,0.0,1.0,41.0,0.0,42.0,0.31839176019032794,0.20939625799655914,2.6580607096354165,0.2759244441986084,0.021534164746602375,-0.02433156780898571
389,1.9370929340000203,116.537344,1.034542202949524,0.32253706455230713,0.021649720147252083,0.0400390625,0.0810369923710823,0.0,0.10790463536977768,0.0031352066434919834,0.1524658203125,0.0,0.0,0.0,0.0,0.0,1.5022224187850952,4.548495292663574,0.3843867778778076,0.0,27.0,0.0,1.0,26.0,0.0,27.0,0.31851736704508465,0.19821159541606903,2.6640421549479165,0.2760334014892578,0.02149021377166112,-0.03403063118457794
390,1.9732600719999027,116.537344,1.0077801942825317,0.35662534832954407,0.05522659793496132,0.0400390625,0.07799011468887329,0.0,0.10741671174764633,0.0036793998442590237,0.15228271484375,0.0,0.0,0.0,0.0,0.0,1.5380914211273193,4.587835311889648,0.40125471353530884,0.0,43.0,0.0,1.0,42.0,0.0,43.0,0.31778887907663983,0.19197803735733032,2.6896769205729165,0.2752052942911784,0.021459142367045086,-0.033617034554481506
391,2.1014297579999948,116.537344,1.0250641107559204,0.3763461709022522,0.07093743234872818,0.0390625,0.08026115596294403,0.0,0.10083059966564178,0.003663676558062434,0.1457926481962204,0.0,0.0,0.0,0.0,0.0,1.4556573629379272,4.534760475158691,0.35627636313438416,0.0,40.0,0.0,1.0,39.0,0.0,40.0,0.3174411455790202,0.18575748801231384,2.7249552408854165,0.27431245644887287,0.02146027237176895,-0.016954634338617325
392,2.087066396999944,116.537344,1.0340416431427002,0.37255311012268066,0.06358540058135986,0.0419921875,0.08125299215316772,0.0,0.09444165229797363,0.0036032162606716156,0.1312052458524704,0.0,0.0,0.0,0.0,0.0,1.5362529754638672,4.370016098022461,0.35307323932647705,0.0,43.0,0.0,4.0,39.0,0.0,43.0,0.31668464342753094,0.1853022426366806,2.7641805013020835,0.2735592524210612,0.021649124721686046,-0.012333095073699951
393,2.0997322939999776,116.537344,0.9729955196380615,0.3629111051559448,0.03487759456038475,0.041015625,0.07601647824048996,0.0,0.0851512998342514,0.0032277952414005995,0.10992431640625,0.0,0.0,0.0,0.0,0.0,1.6387677192687988,4.071720123291016,0.3426528871059418,0.0,37.0,0.0,0.0,37.0,0.0,37.0,0.31674379110336304,0.19880683720111847,2.8253377278645835,0.27317678928375244,0.021658537288506825,-0.015892717987298965
394,2.07331218000013,116.537344,0.8910135626792908,0.3535674512386322,0.010454061441123486,0.0419921875,0.06875265389680862,0.0,0.07733942568302155,0.0028560608625411987,0.0882161483168602,0.0,0.0,0.0,0.0,0.0,1.6178301572799683,3.8005387783050537,0.3418954312801361,0.0,40.0,0.0,1.0,39.0,0.0,40.0,0.3176833788553874,0.19993558526039124,2.86517333984375,0.2741527756055196,0.021671613057454426,-0.016916725784540176
395,2.0032734819999405,116.537344,0.8933561444282532,0.3273047208786011,0.05573795735836029,0.041015625,0.06971792876720428,0.0,0.0733044296503067,0.0021576385479420424,0.09027099609375,0.0,0.0,0.0,0.0,0.0,1.6096577644348145,3.5735232830047607,0.3486858308315277,0.0,28.0,0.0,0.0,28.0,0.0,28.0,0.31913981835047406,0.20465528964996338,2.8680826822916665,0.2756921648979187,0.02168521781762441,-0.019711844623088837
396,2.020186115999877,116.537344,0.912818431854248,0.30754637718200684,0.07580986618995667,0.0400390625,0.07254964113235474,0.0,0.07169300317764282,0.0017684691119939089,0.0917154997587204,0.0,0.0,0.0,0.0,0.0,1.587071180343628,3.544235944747925,0.3160007894039154,0.0,22.0,0.0,0.0,22.0,0.0,22.0,0.3202744523684184,0.203077033162117,2.8866373697916665,0.27677683035532635,0.021684485177199047,-0.019651703536510468
397,2.0149032040001202,116.537344,0.9167801141738892,0.3069494962692261,0.08186426013708115,0.0400390625,0.07274423539638519,0.0,0.07657983899116516,0.001977339154109359,0.1028035506606102,0.0,0.0,0.0,0.0,0.0,1.511306643486023,3.6262118816375732,0.3365424573421478,0.0,23.0,0.0,1.0,22.0,0.0,23.0,0.32140111923217773,0.20634126663208008,2.8518269856770835,0.2781047423680623,0.021815337240695953,-0.019897811114788055
398,1.9500454960000297,116.537344,0.9133890271186829,0.32387614250183105,0.05728078633546829,0.0400390625,0.07229812443256378,0.0,0.08204375207424164,0.002541194437071681,0.1115519255399704,0.0,0.0,0.0,0.0,0.0,1.437368631362915,3.9508543014526367,0.32004570960998535,0.0,18.0,0.0,0.0,18.0,0.0,18.0,0.3232075770696004,0.20438307523727417,2.781494140625,0.2795778512954712,0.021783120930194855,-0.01984492689371109
399,1.8760924529999556,116.537344,0.9115886092185974,0.3480241298675537,0.03777557983994484,0.0400390625,0.07196044921875,0.0,0.08020838350057602,0.002512633567675948,0.1111246794462204,0.0,0.0,0.0,0.0,0.0,1.3916996717453003,4.26483154296875,0.32287025451660156,0.0,32.0,0.0,0.0,32.0,0.0,32.0,0.323693851629893,0.20374391973018646,2.7739664713541665,0.27981865406036377,0.02175415555636088,-0.021943379193544388
400,1.9619763010000497,116.537344,0.8685787320137024,0.37983962893486023,0.06855165213346481,0.0400390625,0.06769780814647675,0.0,0.07461370527744293,0.001946534845046699,0.1124471053481102,0.0,0.0,0.0,0.0,0.0,1.3890180587768555,4.357013702392578,0.31975817680358887,0.0,29.0,0.0,1.0,28.0,0.0,29.0,0.32329756021499634,0.21540619432926178,2.8152262369791665,0.2794281641642253,0.021586105227470398,-0.01721649244427681
401,1.9632078130000536,116.537344,0.8632521033287048,0.3986017107963562,0.08295350521802902,0.0400390625,0.06654654443264008,0.0,0.07422613352537155,0.001797477132640779,0.1046956405043602,0.0,0.0,0.0,0.0,0.0,1.4478881359100342,4.423288345336914,0.331458181142807,0.0,21.0,0.0,0.0,21.0,0.0,21.0,0.3224842349688212,0.21055401861667633,2.8124593098958335,0.2787360151608785,0.021673272053400677,-0.011597216129302979
402,1.9164182490001167,116.537344,0.8836669325828552,0.38924285769462585,0.06791839003562927,0.0400390625,0.06813006103038788,0.0,0.07626079022884369,0.0022979399655014277,0.10113525390625,0.0,0.0,0.0,0.0,0.0,1.5913054943084717,4.290929794311523,0.34270235896110535,0.0,22.0,0.0,0.0,22.0,0.0,22.0,0.3217227856318156,0.2112778127193451,2.78057861328125,0.2779524525006612,0.021566443145275116,-0.019408144056797028
403,1.8919711600001392,116.537344,0.8664314150810242,0.36852166056632996,0.03407885506749153,0.0390625,0.06641247868537903,0.0,0.0763094499707222,0.0022827028296887875,0.09722900390625,0.0,0.0,0.0,0.0,0.0,1.737674593925476,4.1053385734558105,0.34402352571487427,0.0,31.0,0.0,1.0,30.0,0.0,31.0,0.32093242804209393,0.20369009673595428,2.7772420247395835,0.27703742186228436,0.021526279548803966,-0.019568361341953278
404,1.9245014829998581,116.537344,0.932905912399292,0.3350495994091034,0.04011300578713417,0.0400390625,0.07306778430938721,0.0,0.0757821574807167,0.0020106143783777952,0.0940755233168602,0.0,0.0,0.0,0.0,0.0,1.8642263412475586,4.01568603515625,0.34328019618988037,0.0,23.0,0.0,1.0,22.0,0.0,23.0,0.3204443057378133,0.20128807425498962,2.74493408203125,0.27659138043721515,0.021552955110867817,-0.03184892609715462
405,2.0552507289999085,116.537344,0.9816821217536926,0.3106270730495453,0.03642723336815834,0.0380859375,0.07805686444044113,0.0,0.07730044424533844,0.0017631243681535125,0.0890909880399704,0.0,0.0,0.0,0.0,0.0,1.889195203781128,4.017686367034912,0.33708906173706055,0.0,31.0,0.0,0.0,31.0,0.0,31.0,0.3205425937970479,0.19643573462963104,2.73822021484375,0.27704550822575885,0.02148500333229701,-0.033330876380205154
406,1.9853536230000373,116.537344,1.0487070083618164,0.2938728332519531,0.05222322791814804,0.0380859375,0.08453794568777084,0.0,0.0853869765996933,0.001866132952272892,0.1001180037856102,0.0,0.0,0.0,0.0,0.0,1.7867867946624756,3.984445095062256,0.331320196390152,0.0,25.0,0.0,1.0,24.0,0.0,25.0,0.31990236043930054,0.1979944109916687,2.7157999674479165,0.2763972878456116,0.021514087915420532,-0.0333392433822155
407,1.9389593339999465,116.537344,1.1049119234085083,0.28493112325668335,0.058110497891902924,0.037109375,0.08939012140035629,0.0,0.09622445702552795,0.0023254272527992725,0.1178181990981102,0.0,0.0,0.0,0.0,0.0,1.6417344808578491,4.120144367218018,0.34992000460624695,0.0,32.0,0.0,0.0,32.0,0.0,32.0,0.3198646505673726,0.2080882042646408,2.6844685872395835,0.27592360973358154,0.021648486455281574,-0.019586659967899323
408,1.9106696879998708,116.537344,1.0792131423950195,0.291437566280365,0.05986137315630913,0.037109375,0.0868004858493805,0.0,0.10196608304977417,0.002262330614030361,0.1375935971736908,0.0,0.0,0.0,0.0,0.0,1.5634000301361084,4.218890190124512,0.3375633656978607,0.0,33.0,0.0,0.0,33.0,0.0,33.0,0.32008886337280273,0.1975170373916626,2.65625,0.2758586605389913,0.021669437487920124,-0.012677602469921112
409,1.9592366340000353,116.537344,1.0194141864776611,0.31219643354415894,0.00924679171293974,0.0341796875,0.0807282030582428,0.0,0.10547593235969543,0.003079391084611416,0.1448974609375,0.0,0.0,0.0,0.0,0.0,1.4989612102508545,4.3838019371032715,0.31832432746887207,0.0,36.0,0.0,0.0,36.0,0.0,36.0,0.3195924361546834,0.20582428574562073,2.6625773111979165,0.2755419413248698,0.021567935744921368,-0.01198132336139679
410,1.9188592959999369,116.537344,1.018287181854248,0.33323371410369873,0.029348496347665787,0.033203125,0.08020338416099548,0.0,0.10284911841154099,0.003493859199807048,0.1468302458524704,0.0,0.0,0.0,0.0,0.0,1.4899492263793945,4.5807600021362305,0.3177754878997803,0.0,43.0,0.0,0.0,43.0,0.0,43.0,0.31857564051946,0.19871000945568085,2.7127685546875,0.27485497792561847,0.021574251353740692,-0.011146328411996365
411,2.107158115999937,116.537344,1.0032775402069092,0.34605151414871216,0.04443340376019478,0.029296875,0.0792049691081047,0.0,0.09558191150426865,0.0031454383861273527,0.1374104917049408,0.0,0.0,0.0,0.0,0.0,1.459761142730713,4.619582176208496,0.29204416275024414,0.0,44.0,0.0,0.0,44.0,0.0,44.0,0.3187885681788127,0.19743183255195618,2.7358601888020835,0.2749409079551697,0.021622978150844574,-0.024637404829263687
412,2.0581234080000286,116.537344,0.9502524733543396,0.36286598443984985,0.05502212047576904,0.0283203125,0.07374709844589233,0.0,0.08813559263944626,0.0031448081135749817,0.126953125,0.0,0.0,0.0,0.0,0.0,1.472031593322754,4.4204301834106445,0.33701956272125244,0.0,43.0,0.0,0.0,43.0,0.0,43.0,0.31857240200042725,0.20794877409934998,2.76507568359375,0.2743780215581258,0.02170987178881963,-0.01602187752723694
413,1.9276972529999057,116.537344,0.8894185423851013,0.36899280548095703,0.03750288486480713,0.0283203125,0.0689040869474411,0.0,0.07650639116764069,0.0025667650625109673,0.1064249724149704,0.0,0.0,0.0,0.0,0.0,1.481961965560913,4.188271522521973,0.28657352924346924,0.0,35.0,0.0,1.0,34.0,0.0,35.0,0.3184120257695516,0.2030632644891739,2.8590494791666665,0.27408331632614136,0.02165847271680832,-0.020616179332137108
414,1.9793569280000156,116.537344,0.8620430827140808,0.36327701807022095,0.0168995913118124,0.02734375,0.06642083078622818,0.0,0.0730205625295639,0.0023372923023998737,0.09625244140625,0.0,0.0,0.0,0.0,0.0,1.5291061401367188,4.017919540405273,0.3025229871273041,0.0,31.0,0.0,0.0,31.0,0.0,31.0,0.31828949848810834,0.2029932141304016,2.9014485677083335,0.2737699548403422,0.021588921546936035,-0.029230177402496338
415,1.9932602180001595,116.537344,0.8198776245117188,0.35502415895462036,0.03426164388656616,0.02734375,0.06291427463293076,0.0,0.07274837046861649,0.0023056077770888805,0.09149169921875,0.0,0.0,0.0,0.0,0.0,1.539391040802002,3.8285367488861084,0.266499400138855,0.0,26.0,0.0,0.0,26.0,0.0,26.0,0.31919912497202557,0.20104005932807922,2.8982747395833335,0.27456343173980713,0.021629740794499714,-0.022976942360401154
416,2.0456412510000064,116.537344,0.7798585891723633,0.34797316789627075,0.0072580743581056595,0.02734375,0.05941224843263626,0.0,0.07129605114459991,0.0021445665042847395,0.0899454802274704,0.0,0.0,0.0,0.0,0.0,1.506522536277771,3.7088000774383545,0.27332016825675964,0.0,25.0,0.0,0.0,25.0,0.0,25.0,0.3207349975903829,0.19260689616203308,2.8939005533854165,0.27617837985356647,0.021634745101133983,-0.020123928785324097
417,2.1155394380000416,116.537344,0.7892327904701233,0.33389759063720703,0.0678153932094574,0.025390625,0.06074405461549759,0.0,0.07287532091140747,0.0020222177263349295,0.0961710661649704,0.0,0.0,0.0,0.0,0.0,1.5812933444976807,3.7177226543426514,0.25997394323349,0.0,21.0,0.0,0.0,21.0,0.0,21.0,0.32181920607884723,0.19513796269893646,2.882568359375,0.27757594982783,0.02168027063210805,-0.016928255558013916
418,2.092960881000181,116.537344,0.8125085234642029,0.3319776952266693,0.03308762237429619,0.025390625,0.06297437846660614,0.0,0.07416044175624847,0.0021840473636984825,0.1048177108168602,0.0,0.0,0.0,0.0,0.0,1.5262302160263062,3.8286025524139404,0.2811543345451355,0.0,27.0,0.0,1.0,26.0,0.0,27.0,0.3229850133260091,0.2048233449459076,2.8844401041666665,0.2791255712509155,0.02163662761449814,-0.029847580939531326
419,1.9377901180000663,116.537344,0.8408705592155457,0.3385680317878723,0.011488634161651134,0.0244140625,0.06576573103666306,0.0,0.07562007009983063,0.002523433417081833,0.107177734375,0.0,0.0,0.0,0.0,0.0,1.4797782897949219,4.032477378845215,0.27055808901786804,0.0,25.0,0.0,0.0,25.0,0.0,25.0,0.32406793038050336,0.20892731845378876,2.8363444010416665,0.28054628769556683,0.021721017857392628,-0.018032588064670563
420,1.940179654000076,116.537344,0.8389865159988403,0.34940105676651,0.01926189288496971,0.025390625,0.06546593457460403,0.0,0.07069511711597443,0.0018179183825850487,0.1014404296875,0.0,0.0,0.0,0.0,0.0,1.4309461116790771,4.163521766662598,0.29638931155204773,0.0,29.0,0.0,1.0,28.0,0.0,29.0,0.32432427008946735,0.20312446355819702,2.8379720052083335,0.2806595365206401,0.021695956587791443,-0.027720410376787186
421,1.9680285370000092,116.537344,0.8542053699493408,0.3540986180305481,0.02765212580561638,0.0244140625,0.06725599616765976,0.0,0.06991948187351227,0.0017606662586331367,0.1030680388212204,0.0,0.0,0.0,0.0,0.0,1.372646689414978,4.157113075256348,0.26441463828086853,0.0,19.0,0.0,0.0,19.0,0.0,19.0,0.3231606086095174,0.20570886135101318,2.8638102213541665,0.27962517738342285,0.021627217531204224,-0.018907316029071808
422,1.8977031499998702,116.537344,0.8700156211853027,0.3588221073150635,0.028131626546382904,0.0244140625,0.06826180219650269,0.0,0.07162004709243774,0.00204881327226758,0.1016031950712204,0.0,0.0,0.0,0.0,0.0,1.3944424390792847,4.249510765075684,0.28450459241867065,0.0,16.0,0.0,1.0,15.0,0.0,16.0,0.32295016447703045,0.21035754680633545,2.8504842122395835,0.2793353001276652,0.02164362867673238,-0.017293710261583328
423,1.923926437999853,116.537344,0.8605941534042358,0.3575829267501831,0.04219565913081169,0.0244140625,0.06727000325918198,0.0,0.07152049243450165,0.002260023495182395,0.092041015625,0.0,0.0,0.0,0.0,0.0,1.4622858762741089,4.195178985595703,0.2682301998138428,0.0,27.0,0.0,0.0,27.0,0.0,27.0,0.3227401574452718,0.20999278128147125,2.81396484375,0.27907345692316693,0.021585077047348022,-0.01865578070282936
424,1.9090223849998438,116.537344,0.8488543629646301,0.34902751445770264,0.015453583560883999,0.025390625,0.06646469235420227,0.0,0.06718002259731293,0.0014799048658460379,0.08319091796875,0.0,0.0,0.0,0.0,0.0,1.523611307144165,4.021620750427246,0.2678874731063843,0.0,16.0,0.0,1.0,15.0,0.0,16.0,0.3222952087720235,0.2074175477027893,2.8107096354166665,0.2787678837776184,0.021622151136398315,-0.018305141478776932
425,1.8845879049999894,116.537344,0.898212730884552,0.3348846137523651,0.014763292856514454,0.0244140625,0.07101573050022125,0.0,0.07026563584804535,0.0013496854808181524,0.0927530974149704,0.0,0.0,0.0,0.0,0.0,1.559967041015625,4.038096904754639,0.26751944422721863,0.0,14.0,0.0,0.0,14.0,0.0,14.0,0.3212027351061503,0.20082682371139526,2.8173828125,0.27750436464945477,0.021615428229173023,-0.013358538039028645
426,1.9235703429999376,116.537344,0.9709277153015137,0.31643277406692505,0.048971641808748245,0.0244140625,0.0776265561580658,0.0,0.07567469775676727,0.0016486430540680885,0.09527587890625,0.0,0.0,0.0,0.0,0.0,1.5945794582366943,4.1084136962890625,0.2873036861419678,0.0,19.0,0.0,0.0,19.0,0.0,19.0,0.3208223581314087,0.19830065965652466,2.780029296875,0.2768324812253316,0.021623057623704273,-0.037250056862831116
427,1.863814844999979,116.537344,0.9970809817314148,0.3071405291557312,0.04711966589093208,0.025390625,0.0799722671508789,0.0,0.08067084848880768,0.0018823667196556926,0.0996500700712204,0.0,0.0,0.0,0.0,0.0,1.6286123991012573,4.2896037101745605,0.2775253653526306,0.0,20.0,0.0,1.0,19.0,0.0,20.0,0.3205286463101705,0.19830960035324097,2.7557373046875,0.2761855920155843,0.02162471165259679,-0.03793835639953613
428,1.862294104999819,116.537344,1.0384851694107056,0.304546058177948,0.019595768302679062,0.025390625,0.08312927931547165,0.0,0.08417045325040817,0.0021081333979964256,0.1044921875,0.0,0.0,0.0,0.0,0.0,1.7098535299301147,4.644983768463135,0.30500394105911255,0.0,18.0,0.0,0.0,18.0,0.0,18.0,0.3195683757464091,0.19842208921909332,2.7162068684895835,0.2753409147262573,0.021601401269435883,-0.038072943687438965
429,1.9067082960000334,116.537344,1.071968913078308,0.30752208828926086,0.018727855756878853,0.0263671875,0.08573335409164429,0.0,0.08583210408687592,0.0021394514478743076,0.1024983748793602,0.0,0.0,0.0,0.0,0.0,1.6546361446380615,4.971708297729492,0.34269461035728455,0.0,31.0,0.0,1.0,30.0,0.0,31.0,0.3195002277692159,0.1992204636335373,2.6872151692708335,0.2751711408297221,0.021641992032527924,-0.03831600397825241
430,1.9477292390001821,116.537344,1.0427714586257935,0.31816619634628296,0.024369915947318077,0.0244140625,0.08304108679294586,0.0,0.08528795093297958,0.001825191779062152,0.105224609375,0.0,0.0,0.0,0.0,0.0,1.5808627605438232,5.053313732147217,0.3148670196533203,0.0,27.0,0.0,0.0,27.0,0.0,27.0,0.3194882074991862,0.20330506563186646,2.6695760091145835,0.27534600098927814,0.021586594482262928,-0.016123194247484207
431,1.9036328420002064,116.537344,1.0449925661087036,0.32692718505859375,0.02863140031695366,0.0244140625,0.08301704376935959,0.0,0.08645962178707123,0.0017617767443880439,0.1089274138212204,0.0,0.0,0.0,0.0,0.0,1.5820691585540771,4.858769416809082,0.3308684229850769,0.0,23.0,0.0,0.0,23.0,0.0,23.0,0.3185499707857768,0.19590850174427032,2.69183349609375,0.27441587050755817,0.021563947200775146,-0.01539037749171257
432,1.9269167420002304,116.537344,1.0636892318725586,0.32927820086479187,0.026435839012265205,0.0244140625,0.08465778082609177,0.0,0.08944487571716309,0.002091937931254506,0.1194661483168602,0.0,0.0,0.0,0.0,0.0,1.5860704183578491,4.821715831756592,0.3205215334892273,0.0,29.0,0.0,0.0,29.0,0.0,29.0,0.3175036708513896,0.18672186136245728,2.7118326822916665,0.27351967493693036,0.02156501015027364,-0.017961934208869934
433,1.9199536950000038,116.537344,1.0978517532348633,0.3235974907875061,0.018194634467363358,0.0234375,0.08737532794475555,0.0,0.09204169362783432,0.0026846993714571,0.12066650390625,0.0,0.0,0.0,0.0,0.0,1.6296968460083008,4.770468235015869,0.36042970418930054,0.0,32.0,0.0,0.0,32.0,0.0,32.0,0.3169563213984172,0.18888148665428162,2.7130330403645835,0.2728804548581441,0.021577586730321247,-0.015465177595615387
434,1.9099433739997949,116.537344,1.0601996183395386,0.3204829692840576,0.014361518435180187,0.0224609375,0.08399483561515808,0.0,0.08907441794872284,0.0027583129703998566,0.1189982146024704,0.0,0.0,0.0,0.0,0.0,1.7236354351043701,4.484528541564941,0.3659103512763977,0.0,34.0,0.0,1.0,33.0,0.0,34.0,0.31718482573827106,0.19940264523029327,2.7439778645833335,0.27279919385910034,0.021667468051115673,-0.024699077010154724
435,1.9864943119996497,116.537344,1.0196102857589722,0.31411898136138916,0.009774941019713879,0.0224609375,0.08065222948789597,0.0,0.0843372568488121,0.0026605005841702223,0.1117960661649704,0.0,0.0,0.0,0.0,0.0,1.7131526470184326,4.362452507019043,0.36077117919921875,0.0,42.0,0.0,0.0,42.0,0.0,42.0,0.31850703557332355,0.20226672291755676,2.7901611328125,0.2741920550664266,0.02167605608701706,-0.020170293748378754
436,1.8475291029999426,116.537344,0.969460129737854,0.31516537070274353,0.032337602227926254,0.0224609375,0.07657573372125626,0.0,0.08111673593521118,0.002425083424896002,0.107421875,0.0,0.0,0.0,0.0,0.0,1.6087284088134766,4.07847785949707,0.3532796800136566,0.0,31.0,0.0,0.0,31.0,0.0,31.0,0.3206419348716736,0.20323166251182556,2.7893269856770835,0.2763523856798808,0.02171613524357478,-0.00766220036894083
437,1.8948738680001043,116.537344,0.9332568645477295,0.31709402799606323,0.030649200081825256,0.0234375,0.07375488430261612,0.0,0.0786697193980217,0.0021824422292411327,0.1041463240981102,0.0,0.0,0.0,0.0,0.0,1.4691753387451172,3.858062744140625,0.3547869622707367,0.0,28.0,0.0,1.0,27.0,0.0,28.0,0.32173609733581543,0.2028486430644989,2.7976481119791665,0.27728696664174396,0.021716073155403137,-0.026721913367509842
438,1.9624944160000268,116.537344,0.9499345421791077,0.3191625475883484,0.04023250937461853,0.021484375,0.07557684183120728,0.0,0.07987271249294281,0.002491104882210493,0.1150919646024704,0.0,0.0,0.0,0.0,0.0,1.5026202201843262,3.756377935409546,0.34633660316467285,0.0,32.0,0.0,0.0,32.0,0.0,32.0,0.3218381404876709,0.20469534397125244,2.844970703125,0.27716223398844403,0.02174944927295049,-0.03402218595147133
439,1.9193166370000654,116.537344,0.9407374858856201,0.32681116461753845,0.057749975472688675,0.021484375,0.07459546625614166,0.0,0.07858289778232574,0.002606770023703575,0.1157023161649704,0.0,0.0,0.0,0.0,0.0,1.489499807357788,3.7765698432922363,0.3679020404815674,0.0,27.0,0.0,0.0,27.0,0.0,27.0,0.3226388494173686,0.2101159244775772,2.86407470703125,0.2783302068710327,0.021839159230391186,-0.035051483660936356
440,1.8704880919999596,116.537344,0.8934606909751892,0.346551775932312,0.014780373312532902,0.0205078125,0.0703011155128479,0.0,0.0726347416639328,0.0025855395942926407,0.10693359375,0.0,0.0,0.0,0.0,0.0,1.392730712890625,4.0106000900268555,0.34667620062828064,0.0,35.0,0.0,0.0,35.0,0.0,35.0,0.3239173889160156,0.1990882158279419,2.8724365234375,0.2795650362968445,0.021729568640391033,-0.034535203129053116
441,1.8867736610000065,116.537344,0.8265683650970459,0.3712860345840454,0.042436666786670685,0.0205078125,0.06406251341104507,0.0,0.06393872946500778,0.0017320000333711505,0.09698486328125,0.0,0.0,0.0,0.0,0.0,1.4010932445526123,4.028207778930664,0.3421363830566406,0.0,22.0,0.0,1.0,21.0,0.0,22.0,0.3237786293029785,0.196050226688385,2.921630859375,0.27943764130274457,0.021685751775900524,-0.030725587159395218
442,2.041356394000104,116.537344,0.7985981702804565,0.3872535228729248,0.053652338683605194,0.021484375,0.061099886894226074,0.0,0.0605674609541893,0.0016963770613074303,0.0824991911649704,0.0,0.0,0.0,0.0,0.0,1.4486463069915771,4.122159957885742,0.3520756661891937,0.0,30.0,0.0,1.0,29.0,0.0,30.0,0.3236141999562581,0.1948469579219818,2.900390625,0.27929582198460895,0.021652440230051678,-0.019623516127467155
443,1.9346190390001539,116.537344,0.7623403668403625,0.3907114863395691,0.04854557663202286,0.021484375,0.05754978209733963,0.0,0.057088565081357956,0.00131790095474571,0.0730387419462204,0.0,0.0,0.0,0.0,0.0,1.5476182699203491,4.162265300750732,0.3244152367115021,0.0,12.0,0.0,0.0,12.0,0.0,12.0,0.32313642899195355,0.20264381170272827,2.8751424153645835,0.27883732318878174,0.021687395870685577,-0.01963871531188488
444,2.082951262000279,116.537344,0.7947266101837158,0.3731566369533539,0.027377834543585777,0.021484375,0.060503073036670685,0.0,0.05813131853938103,0.0014307450037449598,0.0680745467543602,0.0,0.0,0.0,0.0,0.0,1.639094591140747,4.156050682067871,0.33181753754615784,0.0,18.0,0.0,0.0,18.0,0.0,18.0,0.32188884417215985,0.20279642939567566,2.8740030924479165,0.2776229778925578,0.02164846162001292,-0.019764631986618042
445,1.9383094350000647,116.537344,0.8217071890830994,0.35152244567871094,0.008819345384836197,0.021484375,0.0631360411643982,0.0,0.0585818812251091,0.0011350365821272135,0.06317138671875,0.0,0.0,0.0,0.0,0.0,1.696589708328247,4.134756088256836,0.3408256471157074,0.0,16.0,0.0,0.0,16.0,0.0,16.0,0.3218768239021301,0.2016967236995697,2.8544921875,0.2776271104812622,0.02156590421994527,-0.030971571803092957
446,1.942734875000042,116.537344,0.8876391053199768,0.3296947181224823,0.07135829329490662,0.021484375,0.06900610774755478,0.0,0.06702853739261627,0.0013794470578432083,0.0730794295668602,0.0,0.0,0.0,0.0,0.0,1.7431644201278687,4.23361873626709,0.3684527277946472,0.0,13.0,0.0,0.0,13.0,0.0,13.0,0.3223579525947571,0.20061670243740082,2.7543131510416665,0.2782101631164551,0.021459825336933136,-0.030595213174819946
447,1.9791426520000641,116.537344,0.9829337000846863,0.30601823329925537,0.040285542607307434,0.021484375,0.0779707059264183,0.0,0.0725526362657547,0.0013201155234128237,0.0861409530043602,0.0,0.0,0.0,0.0,0.0,1.7178328037261963,4.519537925720215,0.38386473059654236,0.0,23.0,0.0,0.0,23.0,0.0,23.0,0.3226688702901204,0.20090077817440033,2.7225748697916665,0.2782652974128723,0.021519797543684643,-0.027580291032791138
448,1.9622659040001054,116.537344,1.0160256624221802,0.3058511018753052,0.044267572462558746,0.021484375,0.08054034411907196,0.0,0.07875217497348785,0.001768777146935463,0.0986531600356102,0.0,0.0,0.0,0.0,0.0,1.6357793807983398,4.740574836730957,0.40656358003616333,0.0,16.0,0.0,0.0,16.0,0.0,16.0,0.3217446009318034,0.20509964227676392,2.7220458984375,0.2779899040857951,0.0216250146428744,-0.014987625181674957
449,1.966054899000028,116.537344,1.0268495082855225,0.3152151107788086,0.010171781294047832,0.01953125,0.08093877881765366,0.0,0.08416542410850525,0.0020279670134186745,0.1083170622587204,0.0,0.0,0.0,0.0,0.0,1.5099000930786133,4.967203140258789,0.4217190146446228,0.0,27.0,0.0,0.0,27.0,0.0,27.0,0.32146064440409344,0.1962452530860901,2.6759847005208335,0.27777491013209027,0.021709029873212177,-0.024594392627477646
450,1.9081094460002532,116.537344,1.0535848140716553,0.327414333820343,0.022056546062231064,0.01953125,0.08308111131191254,0.0,0.08895005285739899,0.002287701703608036,0.12237548828125,0.0,0.0,0.0,0.0,0.0,1.5374581813812256,5.184643268585205,0.4104492664337158,0.0,21.0,0.0,0.0,21.0,0.0,21.0,0.32105521361033124,0.1921297311782837,2.6612345377604165,0.2769954005877177,0.02174874891837438,-0.014438126236200333
451,1.9911238189997675,116.537344,1.0742719173431396,0.3331294655799866,0.05312822759151459,0.01953125,0.08454441279172897,0.0,0.09069987386465073,0.0030059143900871277,0.12115478515625,0.0,0.0,0.0,0.0,0.0,1.5324723720550537,5.146646499633789,0.4335464835166931,0.0,36.0,0.0,1.0,35.0,0.0,36.0,0.3195064862569173,0.19151824712753296,2.7020263671875,0.27510108550389606,0.021723178525765736,-0.0246274471282959
452,1.9384520979997433,116.537344,1.06138277053833,0.33970025181770325,0.04347624629735947,0.01953125,0.08382879197597504,0.0,0.08569757640361786,0.002746229525655508,0.1099039763212204,0.0,0.0,0.0,0.0,0.0,1.5343503952026367,4.8762431144714355,0.4024599492549896,0.0,32.0,0.0,0.0,32.0,0.0,32.0,0.318964143594106,0.19483309984207153,2.72528076171875,0.2741824984550476,0.021512048939863842,-0.020805932581424713
453,1.958848186999603,116.537344,1.0034022331237793,0.3430509567260742,0.03172684833407402,0.01953125,0.07826878130435944,0.0,0.08059149980545044,0.002371829468756914,0.10284423828125,0.0,0.0,0.0,0.0,0.0,1.6289360523223877,4.676540374755859,0.41495561599731445,0.0,37.0,0.0,0.0,37.0,0.0,37.0,0.31903886795043945,0.19330501556396484,2.7272745768229165,0.27390821774800617,0.021506508191426594,-0.015205716714262962
454,1.9129563060000692,116.537344,0.9820523262023926,0.32976919412612915,0.011864467523992062,0.0185546875,0.07650741934776306,0.0,0.08105450123548508,0.0026065665297210217,0.1032307967543602,0.0,0.0,0.0,0.0,0.0,1.701556921005249,4.254693508148193,0.40097713470458984,0.0,24.0,0.0,1.0,23.0,0.0,24.0,0.31788984934488934,0.1969594955444336,2.78173828125,0.27286340792973834,0.021711717049280804,-0.016146741807460785
455,2.0088418360001015,116.537344,1.0145270824432373,0.31483525037765503,0.027552790939807892,0.017578125,0.07992886751890182,0.0,0.08178374171257019,0.0027625735383480787,0.1031087264418602,0.0,0.0,0.0,0.0,0.0,1.7241042852401733,4.15919303894043,0.4085037112236023,0.0,30.0,0.0,0.0,30.0,0.0,30.0,0.3180043299992879,0.19629140198230743,2.8326822916666665,0.27316564321517944,0.021597628792126972,-0.019561469554901123
456,1.952322229999936,116.537344,1.0061839818954468,0.3078186511993408,0.036001771688461304,0.017578125,0.07962100207805634,0.0,0.08171229064464569,0.0027152446564286947,0.1031087264418602,0.0,0.0,0.0,0.0,0.0,1.5984586477279663,4.050508499145508,0.4167405366897583,0.0,37.0,0.0,0.0,37.0,0.0,37.0,0.3204632004102071,0.19717684388160706,2.7836710611979165,0.2755956252415975,0.021666161715984344,-0.016544068232178688
457,1.861293994999869,116.537344,0.9739199876785278,0.30701929330825806,0.026102162897586823,0.017578125,0.07734903693199158,0.0,0.07909812778234482,0.002401679754257202,0.09820556640625,0.0,0.0,0.0,0.0,0.0,1.529608130455017,3.940307140350342,0.37854740023612976,0.0,27.0,0.0,0.0,27.0,0.0,27.0,0.32154669364293414,0.20193706452846527,2.788818359375,0.2768050233523051,0.021754225095113117,-0.025101937353610992
458,1.8873323989996607,116.537344,0.9552646279335022,0.3144349753856659,0.03753251954913139,0.0166015625,0.07568247616291046,0.0,0.07858256995677948,0.002258396940305829,0.0963134765625,0.0,0.0,0.0,0.0,0.0,1.4989383220672607,3.8631503582000732,0.3897227644920349,0.0,28.0,0.0,0.0,28.0,0.0,28.0,0.32129724820454914,0.20567308366298676,2.8135782877604165,0.27671241760253906,0.021792893608411152,-0.013109281659126282
459,1.90949618500008,116.537344,0.9429292678833008,0.3275662064552307,0.03174033761024475,0.0166015625,0.07410354912281036,0.0,0.08102194964885712,0.002274478320032358,0.1113077849149704,0.0,0.0,0.0,0.0,0.0,1.4820106029510498,3.9248714447021484,0.4007102847099304,0.0,23.0,0.0,0.0,23.0,0.0,23.0,0.321076234181722,0.19722679257392883,2.8099161783854165,0.27701032161712646,0.021809980273246765,-0.024812139570713043
460,1.9748189410001942,116.537344,0.942129373550415,0.338911771774292,0.03287023678421974,0.0166015625,0.07377474009990692,0.0,0.0796692967414856,0.0021444126032292843,0.1136678084731102,0.0,0.0,0.0,0.0,0.0,1.4968864917755127,4.172926902770996,0.4061540365219116,0.0,33.0,0.0,0.0,33.0,0.0,33.0,0.3218736449877421,0.19317173957824707,2.8074544270833335,0.2782311240832011,0.021671126286188763,-0.012443266808986664
461,1.8725793920002616,116.537344,0.9045449495315552,0.35302990674972534,0.028552986681461334,0.0166015625,0.07040360569953918,0.0,0.07661858201026917,0.0019037228776142001,0.1080525740981102,0.0,0.0,0.0,0.0,0.0,1.5076035261154175,4.1534833908081055,0.38793477416038513,0.0,23.0,0.0,0.0,23.0,0.0,23.0,0.32175366083780926,0.19454117119312286,2.8364054361979165,0.27820990482966107,0.02160464475552241,-0.019147180020809174
462,1.8874783729997944,116.537344,0.9235071539878845,0.3556993007659912,0.029315344989299774,0.017578125,0.07206141203641891,0.0,0.07578703761100769,0.0021818997338414192,0.10101318359375,0.0,0.0,0.0,0.0,0.0,1.5232789516448975,4.160832405090332,0.3854033946990967,0.0,22.0,0.0,1.0,21.0,0.0,22.0,0.32090453306833905,0.18752288818359375,2.8357950846354165,0.2774088780085246,0.02157819519440333,-0.01609807088971138
463,1.9679401399998824,116.537344,0.9629691243171692,0.3510792851448059,0.027463382109999657,0.0166015625,0.0756932720541954,0.0,0.07436352968215942,0.0021750195883214474,0.0932210311293602,0.0,0.0,0.0,0.0,0.0,1.6017698049545288,4.318204879760742,0.39719080924987793,0.0,24.0,0.0,0.0,24.0,0.0,24.0,0.3212220271428426,0.1830860674381256,2.8028157552083335,0.27782968680063885,0.02159651865561803,-0.03958049416542053
464,1.9055988730001445,116.537344,0.9393341541290283,0.34198594093322754,0.015408866107463837,0.0166015625,0.0735621377825737,0.0,0.07503867149353027,0.0018531081732362509,0.1002604216337204,0.0,0.0,0.0,0.0,0.0,1.6294465065002441,4.278365135192871,0.37613341212272644,0.0,20.0,0.0,0.0,20.0,0.0,20.0,0.3208077549934387,0.1844235062599182,2.788818359375,0.27757062514623004,0.02163998285929362,-0.03942388296127319
465,1.9450317270002415,116.537344,0.9600142240524292,0.32766231894493103,0.028680840507149696,0.0166015625,0.07531221210956573,0.0,0.0799219161272049,0.002056446624919772,0.10174560546875,0.0,0.0,0.0,0.0,0.0,1.6530046463012695,4.27304744720459,0.3762085437774658,0.0,20.0,0.0,0.0,20.0,0.0,20.0,0.32041945060094196,0.1878601312637329,2.7543741861979165,0.27717481056849164,0.021608379979928333,-0.014576983638107777
466,1.9165274100000715,116.537344,1.0107885599136353,0.31427913904190063,0.010510781779885292,0.0166015625,0.07984846830368042,0.0,0.08288469165563583,0.0020085875876247883,0.1037190780043602,0.0,0.0,0.0,0.0,0.0,1.6971580982208252,4.53812313079834,0.39157915115356445,0.0,23.0,0.0,0.0,23.0,0.0,23.0,0.3208794991175334,0.20734338462352753,2.6781412760416665,0.2778629461924235,0.02161833147207896,-0.016084343194961548
467,1.9700368320000052,116.537344,1.1077378988265991,0.29732054471969604,0.011324072256684303,0.0166015625,0.08929525315761566,0.0,0.08557628840208054,0.0020536910742521286,0.1050211638212204,0.0,0.0,0.0,0.0,0.0,1.6923354864120483,4.696436882019043,0.3776235580444336,0.0,24.0,0.0,0.0,24.0,0.0,24.0,0.31987810134887695,0.19383221864700317,2.6732584635416665,0.277194082736969,0.02165166288614273,-0.02018367312848568
468,2.0535877620000065,116.537344,1.1490530967712402,0.2898004651069641,0.024058731272816658,0.015625,0.09298442304134369,0.0,0.09056718647480011,0.0023312182165682316,0.1129964217543602,0.0,0.0,0.0,0.0,0.0,1.6943873167037964,4.770020484924316,0.3749697208404541,0.0,28.0,0.0,0.0,28.0,0.0,28.0,0.31868596871693927,0.19331768155097961,2.6894124348958335,0.27596859137217206,0.02160057673851649,-0.03970712423324585
469,2.0303600749998623,116.537344,1.1153252124786377,0.2951239347457886,0.0115248067304492,0.015625,0.08970455825328827,0.0,0.09061586111783981,0.0019369982182979584,0.1143798828125,0.0,0.0,0.0,0.0,0.0,1.578513503074646,4.819371223449707,0.3698544204235077,0.0,29.0,0.0,1.0,28.0,0.0,29.0,0.3191932837168376,0.19450612366199493,2.65228271484375,0.27603886524836224,0.021560698747634888,-0.02778511308133602
470,1.9094051140000374,116.537344,1.1291311979293823,0.2977423667907715,0.006527449004352093,0.015625,0.09103183448314667,0.0,0.09223642200231552,0.0020469226874411106,0.1235148161649704,0.0,0.0,0.0,0.0,0.0,1.6189587116241455,4.832741737365723,0.36314865946769714,0.0,29.0,0.0,0.0,29.0,0.0,29.0,0.3188178737958272,0.19234949350357056,2.66253662109375,0.27556397517522174,0.02157887319723765,-0.029533473774790764
471,1.9901786260002154,116.537344,1.1604171991348267,0.3000330924987793,0.015795039013028145,0.015625,0.09347226470708847,0.0,0.09584401547908783,0.002738803392276168,0.1280314177274704,0.0,0.0,0.0,0.0,0.0,1.6793560981750488,4.743648529052734,0.39263948798179626,0.0,36.0,0.0,0.0,36.0,0.0,36.0,0.3174716830253601,0.17683742940425873,2.7065226236979165,0.27425605058670044,0.02161632478237152,-0.030523082241415977
472,1.9237983969997003,116.537344,1.083753228187561,0.3125953674316406,0.017040342092514038,0.0166015625,0.08659231662750244,0.0,0.08991114795207977,0.0025027671363204718,0.1172892302274704,0.0,0.0,0.0,0.0,0.0,1.637794852256775,4.53016471862793,0.3664383888244629,0.0,31.0,0.0,1.0,30.0,0.0,31.0,0.31872544685999554,0.1781144142150879,2.7250162760416665,0.2748519579569499,0.02153913676738739,-0.03029119037091732
473,2.0227203610002107,116.537344,1.0669649839401245,0.3207603096961975,0.014923879876732826,0.0146484375,0.08512692153453827,0.0,0.08940090984106064,0.0026735863648355007,0.1201375350356102,0.0,0.0,0.0,0.0,0.0,1.5647672414779663,4.465109825134277,0.364572137594223,0.0,34.0,0.0,0.0,34.0,0.0,34.0,0.3193007707595825,0.18635278940200806,2.70050048828125,0.27542150020599365,0.021581731736660004,-0.014738990925252438
474,1.9816980819996388,116.537344,1.069662094116211,0.3212040364742279,0.014561797492206097,0.0146484375,0.0856480821967125,0.0,0.08964773267507553,0.003006384475156665,0.1257120817899704,0.0,0.0,0.0,0.0,0.0,1.5204172134399414,4.305654525756836,0.37383541464805603,0.0,34.0,0.0,0.0,34.0,0.0,34.0,0.318963627020518,0.20639219880104065,2.764404296875,0.27475617329279584,0.0216032937169075,-0.024753525853157043
475,1.8939104679998309,116.537344,0.9969304800033569,0.33088183403015137,0.013264543376863003,0.0146484375,0.07901143282651901,0.0,0.08317923545837402,0.002927163615822792,0.1124471053481102,0.0,0.0,0.0,0.0,0.0,1.4104403257369995,4.071688175201416,0.3716634213924408,0.0,36.0,0.0,0.0,36.0,0.0,36.0,0.31937575340270996,0.19241413474082947,2.8332722981770835,0.27501728137334186,0.02159730593363444,-0.016403406858444214
476,1.91594490999978,116.537344,0.939793050289154,0.3322753608226776,0.01832933910191059,0.0146484375,0.0737718790769577,0.0,0.07986283302307129,0.0031003891490399837,0.1065673828125,0.0,0.0,0.0,0.0,0.0,1.5181858539581299,4.0275187492370605,0.3536375164985657,0.0,27.0,0.0,0.0,27.0,0.0,27.0,0.3205980857213338,0.20508266985416412,2.8426310221354165,0.2762078245480855,0.02154811720053355,-0.019979476928710938
477,1.9386426159999246,116.537344,0.8668584823608398,0.34148067235946655,0.006091088522225618,0.0146484375,0.06712770462036133,0.0,0.07375973463058472,0.0026688179932534695,0.09564208984375,0.0,0.0,0.0,0.0,0.0,1.5408638715744019,3.9553542137145996,0.3567499816417694,0.0,37.0,0.0,0.0,37.0,0.0,37.0,0.32143688201904297,0.20579592883586884,2.8774617513020835,0.2774563431739807,0.02155052622159322,-0.01699378341436386
478,1.870718585999839,116.537344,0.8049166202545166,0.3505612313747406,0.016100343316793442,0.0146484375,0.06173432990908623,0.0,0.06793714314699173,0.0019713505171239376,0.0925699919462204,0.0,0.0,0.0,0.0,0.0,1.4670372009277344,3.815760612487793,0.34124755859375,0.0,21.0,0.0,0.0,21.0,0.0,21.0,0.3223094940185547,0.20549865067005157,2.9003499348958335,0.2783292333285014,0.02165878067413966,-0.014752853661775589
479,1.8607218040001499,116.537344,0.8095612525939941,0.35613924264907837,0.009629296138882637,0.015625,0.0619875006377697,0.0,0.06919626891613007,0.0020628618076443672,0.0980224609375,0.0,0.0,0.0,0.0,0.0,1.4659565687179565,3.9371047019958496,0.3532201647758484,0.0,22.0,0.0,1.0,21.0,0.0,22.0,0.32313897212346393,0.20750969648361206,2.8670654296875,0.2789546251296997,0.02177662154038747,-0.016505131497979164
480,1.8674114069999632,116.537344,0.7991257309913635,0.35939252376556396,0.01804758794605732,0.015625,0.06115591153502464,0.0,0.06611420214176178,0.0019617900252342224,0.0901692733168602,0.0,0.0,0.0,0.0,0.0,1.4847081899642944,3.95257830619812,0.35163360834121704,0.0,19.0,0.0,0.0,19.0,0.0,19.0,0.323280930519104,0.2049134373664856,2.8812255859375,0.2792459925015767,0.021720079084237415,-0.07642453163862228
481,1.944495163999818,116.537344,0.7678842544555664,0.36635854840278625,0.0329352505505085,0.015625,0.05820891261100769,0.0,0.06560298800468445,0.002067932393401861,0.0879313200712204,0.0,0.0,0.0,0.0,0.0,1.4880034923553467,3.9711883068084717,0.3371124267578125,0.0,23.0,0.0,0.0,23.0,0.0,23.0,0.3232557376225789,0.201016366481781,2.8865966796875,0.2793560028076172,0.021780140697956085,-0.0764637291431427
482,1.942244183999719,116.537344,0.798592746257782,0.36512696743011475,0.021993137896060944,0.015625,0.06095004081726074,0.0,0.06465257704257965,0.0018793357303366065,0.0829671248793602,0.0,0.0,0.0,0.0,0.0,1.4851198196411133,4.011445045471191,0.3620336055755615,0.0,29.0,0.0,1.0,28.0,0.0,29.0,0.32383201519648236,0.20148301124572754,2.839111328125,0.2798249125480652,0.02181144803762436,-0.019486621022224426
483,1.8538992720000351,116.537344,0.8476344347000122,0.3509705662727356,0.024217087775468826,0.015625,0.06587761640548706,0.0,0.06239069253206253,0.0016091091092675924,0.0780232772231102,0.0,0.0,0.0,0.0,0.0,1.5056359767913818,4.120213508605957,0.3486299216747284,0.0,15.0,0.0,0.0,15.0,0.0,15.0,0.3233418067296346,0.20000946521759033,2.8494669596354165,0.27945874134699505,0.021703407168388367,-0.08199329674243927
484,1.928967547999946,116.537344,0.8642497062683105,0.3457331955432892,0.020066624507308006,0.015625,0.06733134388923645,0.0,0.062235455960035324,0.0017552332719787955,0.0799357146024704,0.0,0.0,0.0,0.0,0.0,1.502416968345642,4.245983123779297,0.350846529006958,0.0,26.0,0.0,0.0,26.0,0.0,26.0,0.32249708970387775,0.19823086261749268,2.86126708984375,0.2784677743911743,0.021502440174420673,-0.0821085274219513
485,1.8692684569996345,116.537344,0.8969139456748962,0.34008270502090454,0.012964166700839996,0.015625,0.07042907923460007,0.0,0.061709679663181305,0.0016858838498592377,0.0740966796875,0.0,0.0,0.0,0.0,0.0,1.4351089000701904,4.283267974853516,0.36425861716270447,0.0,18.0,0.0,0.0,18.0,0.0,18.0,0.32297025124231976,0.2127605378627777,2.8236897786458335,0.27867571512858075,0.021483967701594036,-0.08234277367591858
486,1.8807918480001717,116.537344,0.9109369516372681,0.3287471830844879,0.009892665781080723,0.015625,0.07182370871305466,0.0,0.06262748688459396,0.0015353908529505134,0.0730183944106102,0.0,0.0,0.0,0.0,0.0,1.4817088842391968,4.276566982269287,0.35352420806884766,0.0,18.0,0.0,0.0,18.0,0.0,18.0,0.3222618103027344,0.20589494705200195,2.80072021484375,0.27848390738169354,0.02134141077597936,-0.08266492187976837
487,1.9655496280001898,116.537344,0.9525476098060608,0.31787365674972534,0.05629706755280495,0.0146484375,0.07555025070905685,0.0,0.06589248776435852,0.0016853276174515486,0.0744832381606102,0.0,0.0,0.0,0.0,0.0,1.5147180557250977,4.284773826599121,0.37553590536117554,0.0,17.0,0.0,0.0,17.0,0.0,17.0,0.3208906451861064,0.20592007040977478,2.8307088216145835,0.2774020830790202,0.021300206581751507,-0.08304214477539062
488,2.0117262339999797,116.537344,0.9525026082992554,0.31696581840515137,0.03679218888282776,0.0146484375,0.07533776760101318,0.0,0.06742974370718002,0.0015759372618049383,0.0809122771024704,0.0,0.0,0.0,0.0,0.0,1.515401840209961,4.511697769165039,0.3573971390724182,0.0,20.0,0.0,0.0,20.0,0.0,20.0,0.32131632169087726,0.19976693391799927,2.8094482421875,0.2778337796529134,0.02139986554781596,-0.08330969512462616
489,1.8464428299998872,116.537344,0.9461610317230225,0.32593804597854614,0.01386487577110529,0.0146484375,0.07446572184562683,0.0,0.06906154751777649,0.0015307385474443436,0.0861409530043602,0.0,0.0,0.0,0.0,0.0,1.496448278427124,4.780147075653076,0.3456971049308777,0.0,15.0,0.0,0.0,15.0,0.0,15.0,0.32166047890981037,0.1998738944530487,2.7525634765625,0.2781300147374471,0.021462199588616688,-0.08265615999698639
490,1.8345150959999046,116.537344,0.9589188694953918,0.3384341597557068,0.03950248658657074,0.0146484375,0.07494640350341797,0.0,0.07282222807407379,0.0018798187375068665,0.091552734375,0.0,0.0,0.0,0.0,0.0,1.5066719055175781,4.962127685546875,0.36587977409362793,0.0,18.0,0.0,0.0,18.0,0.0,18.0,0.31980345646540326,0.20131856203079224,2.78106689453125,0.2764241099357605,0.021576255559921265,-0.01916658878326416
491,1.8444126650001635,116.537344,0.9683346748352051,0.35089462995529175,0.03773416951298714,0.0146484375,0.07529415935277939,0.0,0.07419517636299133,0.0019692934583872557,0.0889485701918602,0.0,0.0,0.0,0.0,0.0,1.4943938255310059,4.9481096267700195,0.39701732993125916,0.0,24.0,0.0,1.0,23.0,0.0,24.0,0.3191172281901042,0.19495300948619843,2.7984619140625,0.2757565180460612,0.021593302488327026,-0.02065909653902054
492,1.8824500410000837,116.537344,0.939226508140564,0.3590279221534729,0.04546016454696655,0.0146484375,0.07238639891147614,0.0,0.07494856417179108,0.0017849782016128302,0.0946858748793602,0.0,0.0,0.0,0.0,0.0,1.5182287693023682,4.8704071044921875,0.39560264348983765,0.0,19.0,0.0,0.0,19.0,0.0,19.0,0.3193730314572652,0.1950528621673584,2.7406819661458335,0.2760058442751567,0.021620663503805797,-0.04029202088713646
493,1.8204323820000354,116.537344,0.9377931952476501,0.35137954354286194,0.036757081747055054,0.0126953125,0.07213063538074493,0.0,0.07737772911787033,0.00197250721976161,0.1011759489774704,0.0,0.0,0.0,0.0,0.0,1.6583980321884155,4.687429428100586,0.3983764350414276,0.0,24.0,0.0,0.0,24.0,0.0,24.0,0.3188841740290324,0.20149752497673035,2.75457763671875,0.27518757184346515,0.021599588294823963,-0.030858110636472702
494,1.8978267399998003,116.537344,0.9530442357063293,0.3355627954006195,0.024729330092668533,0.0126953125,0.07355077564716339,0.0,0.07866628468036652,0.002344828797504306,0.1041259765625,0.0,0.0,0.0,0.0,0.0,1.7207279205322266,4.427679061889648,0.42700570821762085,0.0,28.0,0.0,0.0,28.0,0.0,28.0,0.31881773471832275,0.18851438164710999,2.78253173828125,0.27507132291793823,0.021605007350444794,-0.01834019273519516
495,1.9102467460002117,116.537344,0.9839857816696167,0.3160586655139923,0.0214815866202116,0.013671875,0.0772414579987526,0.0,0.07780224084854126,0.0021786908619105816,0.1038614958524704,0.0,0.0,0.0,0.0,0.0,1.728570818901062,4.160449981689453,0.40869563817977905,0.0,25.0,0.0,1.0,24.0,0.0,25.0,0.3197788596153259,0.19283686578273773,2.7791748046875,0.27593060334523517,0.021711260080337524,-0.01660928875207901
496,1.8977311720000216,116.537344,1.0571774244308472,0.2966156303882599,0.0664665475487709,0.0146484375,0.08461307734251022,0.0,0.08175601065158844,0.0026632603257894516,0.1020304411649704,0.0,0.0,0.0,0.0,0.0,1.6500719785690308,4.027671813964844,0.4352659583091736,0.0,28.0,0.0,1.0,27.0,0.0,28.0,0.32068822781244916,0.20346522331237793,2.78173828125,0.27666523059209186,0.021751555303732555,-0.024641385301947594
497,2.013377234000018,116.537344,1.0368998050689697,0.294585645198822,0.04508370906114578,0.0146484375,0.08361361920833588,0.0,0.0783090889453888,0.0024536121636629105,0.10137939453125,0.0,0.0,0.0,0.0,0.0,1.4646790027618408,3.9074113368988037,0.4097402095794678,0.0,35.0,0.0,0.0,35.0,0.0,35.0,0.32155847549438477,0.2008036971092224,2.787841796875,0.2778528332710266,0.021862293283144634,-0.024681536480784416
498,1.9622704729999896,116.537344,0.9679403305053711,0.30369842052459717,0.048831723630428314,0.0146484375,0.07725456357002258,0.0,0.07505524158477783,0.0019545014947652817,0.1068318709731102,0.0,0.0,0.0,0.0,0.0,1.3642396926879883,3.8322837352752686,0.40667563676834106,0.0,23.0,0.0,1.0,22.0,0.0,23.0,0.3223361174265544,0.20080122351646423,2.7943318684895835,0.27876077095667523,0.021809945503870647,-0.020244600251317024
499,1.9811546490000183,116.537344,0.927312970161438,0.32136404514312744,0.05137719586491585,0.0146484375,0.07312535494565964,0.0,0.07544884085655212,0.0021942995954304934,0.10638427734375,0.0,0.0,0.0,0.0,0.0,1.345481276512146,3.9090609550476074,0.4029924273490906,0.0,24.0,0.0,0.0,24.0,0.0,24.0,0.32234901189804077,0.18729111552238464,2.8206787109375,0.27860403060913086,0.021749662856260937,-0.02007153257727623
500,1.9721346679998533,116.537344,0.9049817323684692,0.345009446144104,0.018976563587784767,0.0146484375,0.07081232219934464,0.0,0.07373867928981781,0.0021716116461902857,0.1050211638212204,0.0,0.0,0.0,0.0,0.0,1.3751248121261597,4.126771926879883,0.3904303312301636,0.0,21.0,0.0,0.0,21.0,0.0,21.0,0.3223627010981242,0.18808776140213013,2.8508707682291665,0.27855656544367474,0.02170466383298238,-0.018459178507328033
501,1.9914418189996468,116.537344,0.8804119229316711,0.3719658851623535,0.05286591500043869,0.0146484375,0.0675942599773407,0.0,0.07207155227661133,0.002057698555290699,0.0997517928481102,0.0,0.0,0.0,0.0,0.0,1.4410240650177002,4.335105895996094,0.4154483675956726,0.0,18.0,0.0,0.0,18.0,0.0,18.0,0.32188965876897174,0.19731253385543823,2.8446044921875,0.27804168065388996,0.021662190556526184,-0.02313646674156189
502,1.9808593559996552,116.537344,0.8830273151397705,0.3825187683105469,0.07135102152824402,0.0146484375,0.06752844899892807,0.0,0.07033992558717728,0.0019081167411059141,0.0926717147231102,0.0,0.0,0.0,0.0,0.0,1.513563871383667,4.432592391967773,0.4180942475795746,0.0,25.0,0.0,0.0,25.0,0.0,25.0,0.32078438997268677,0.20156998932361603,2.8212076822916665,0.27711983521779376,0.02155018349488576,-0.07704954594373703
503,1.8798817259998941,116.537344,0.8848879933357239,0.38017261028289795,0.05383959040045738,0.0146484375,0.06754239648580551,0.0,0.0705634281039238,0.0017269577365368605,0.0897420272231102,0.0,0.0,0.0,0.0,0.0,1.6449073553085327,4.4596123695373535,0.40519317984580994,0.0,14.0,0.0,0.0,14.0,0.0,14.0,0.31958162784576416,0.20144301652908325,2.7998860677083335,0.27564042806625366,0.021487342814604442,-0.07686957716941833
504,2.0764573199999177,116.537344,0.9211066365242004,0.3601897358894348,0.02095763199031353,0.0146484375,0.07031548023223877,0.0,0.07649697363376617,0.0021969538647681475,0.0908406600356102,0.0,0.0,0.0,0.0,0.0,1.790562391281128,4.472439289093018,0.4278673827648163,0.0,24.0,0.0,0.0,24.0,0.0,24.0,0.3187259833017985,0.19717492163181305,2.7723795572916665,0.27444825569788617,0.021572311719258625,-0.07701612263917923
505,1.9430667850001555,116.537344,0.9438555240631104,0.3346661627292633,0.011928622610867023,0.0146484375,0.07285233587026596,0.0,0.07738389074802399,0.0019007965456694365,0.0878702849149704,0.0,0.0,0.0,0.0,0.0,1.884169340133667,4.564250469207764,0.3955647349357605,0.0,20.0,0.0,0.0,20.0,0.0,20.0,0.31955260038375854,0.20145097374916077,2.7214558919270835,0.27511342366536456,0.021566386024157207,-0.07728346437215805
506,1.9609584939998967,116.537344,1.0449118614196777,0.30404138565063477,0.015544656664133072,0.0146484375,0.08240076899528503,0.0,0.08449429273605347,0.001953927567228675,0.09588623046875,0.0,0.0,0.0,0.0,0.0,1.8946985006332397,4.613409996032715,0.4216422736644745,0.0,25.0,0.0,0.0,25.0,0.0,25.0,0.31941630442937213,0.1981511414051056,2.67620849609375,0.2750921646753947,0.021605461835861206,-0.07760057598352432
507,1.9395932470001753,116.537344,1.1029149293899536,0.2853822112083435,0.04463496431708336,0.0146484375,0.08828439563512802,0.0,0.08942948281764984,0.0017725368961691856,0.1091715544462204,0.0,0.0,0.0,0.0,0.0,1.7958924770355225,4.504333019256592,0.42896556854248047,0.0,27.0,0.0,0.0,27.0,0.0,27.0,0.3199423948923747,0.20351603627204895,2.65484619140625,0.27582408984502155,0.02150404949982961,-0.07782911509275436
508,1.8766058669998529,116.537344,1.1548646688461304,0.2765251398086548,0.12147697061300278,0.0146484375,0.09314322471618652,0.0,0.10021531581878662,0.002269594930112362,0.1335856169462204,0.0,0.0,0.0,0.0,0.0,1.6687276363372803,4.488224983215332,0.4266800582408905,0.0,16.0,0.0,0.0,16.0,0.0,16.0,0.3201386332511902,0.20987720787525177,2.6114705403645835,0.2761296232541402,0.021471716463565826,-0.07787458598613739
509,2.0238392599999315,116.537344,1.1551576852798462,0.2873650789260864,0.031682338565588,0.015625,0.09171082824468613,0.0,0.11177947372198105,0.0033303280360996723,0.1585286557674408,0.0,0.0,0.0,0.0,0.0,1.6335543394088745,4.772073268890381,0.48461371660232544,0.0,34.0,0.0,1.0,33.0,0.0,34.0,0.31934914986292523,0.20676542818546295,2.5948282877604165,0.27574610710144043,0.02148876090844472,-0.07782880961894989
510,1.9199996430002102,116.537344,1.0934759378433228,0.3120220899581909,0.030808527022600174,0.0166015625,0.08529524505138397,0.0,0.1106639951467514,0.0037453449331223965,0.1574503630399704,0.0,0.0,0.0,0.0,0.0,1.5538721084594727,4.943540573120117,0.49778932332992554,0.0,41.0,0.0,1.0,40.0,0.0,41.0,0.31927619377772015,0.20841136574745178,2.6068522135416665,0.27623387177785236,0.02147277444601059,-0.07771828770637512
511,1.982468148999942,116.537344,1.0579549074172974,0.33928948640823364,0.03752203285694122,0.0166015625,0.08190129697322845,0.0,0.10557304322719574,0.004038333427160978,0.14996337890625,0.0,0.0,0.0,0.0,0.0,1.5398380756378174,4.892870903015137,0.4846421182155609,0.0,45.0,0.0,0.0,45.0,0.0,45.0,0.31905579566955566,0.21110162138938904,2.6510416666666665,0.2757516900698344,0.021506865819295246,-0.07772718369960785
512,1.9620168289998219,116.537344,1.0026683807373047,0.3576306700706482,0.05584743618965149,0.015625,0.07734401524066925,0.0,0.0939183160662651,0.0031390846706926823,0.1315104216337204,0.0,0.0,0.0,0.0,0.0,1.5228551626205444,4.781688213348389,0.4542567729949951,0.0,44.0,0.0,0.0,44.0,0.0,44.0,0.31906723976135254,0.20959386229515076,2.706787109375,0.2754511833190918,0.021513243516286213,-0.07792700827121735
513,1.9777114329999677,116.537344,0.9800890684127808,0.3674878180027008,0.04899010434746742,0.013671875,0.07539267838001251,0.0,0.08932073414325714,0.0032652579247951508,0.1218058317899704,0.0,0.0,0.0,0.0,0.0,1.5507895946502686,4.507747650146484,0.43763765692710876,0.0,40.0,0.0,0.0,40.0,0.0,40.0,0.31779541571935016,0.19917082786560059,2.7742716471354165,0.2739948630332947,0.02142314612865448,-0.07818709313869476
514,1.9478181949998543,116.537344,0.9440358281135559,0.35969746112823486,0.028862077742815018,0.013671875,0.07235971093177795,0.0,0.08183397352695465,0.0027225797530263662,0.1117960661649704,0.0,0.0,0.0,0.0,0.0,1.5877069234848022,4.233052730560303,0.4432106912136078,0.0,36.0,0.0,0.0,36.0,0.0,36.0,0.3176368872324626,0.19967021048069,2.8240966796875,0.27345840136210126,0.021479760607083637,-0.07850591093301773
515,1.9424665559999994,116.537344,0.9044793844223022,0.34612470865249634,0.022284487262368202,0.0126953125,0.06920628994703293,0.0,0.07994020730257034,0.0027613206766545773,0.10760498046875,0.0,0.0,0.0,0.0,0.0,1.5887492895126343,3.9498603343963623,0.4098765254020691,0.0,24.0,0.0,0.0,24.0,0.0,24.0,0.31831709543863934,0.19600823521614075,2.8499959309895835,0.27402615547180176,0.02153279383977254,-0.07855239510536194
516,1.9014378510000824,116.537344,0.8659728765487671,0.3372836112976074,0.042307060211896896,0.0126953125,0.06593263894319534,0.0,0.07735241949558258,0.0028010341338813305,0.10137939453125,0.0,0.0,0.0,0.0,0.0,1.6042588949203491,3.8095767498016357,0.41032037138938904,0.0,29.0,0.0,1.0,28.0,0.0,29.0,0.3198422392209371,0.19331489503383636,2.8582560221354165,0.2753557364145915,0.021535292267799377,-0.07846254855394363
517,1.9318929430000935,116.537344,0.8475385904312134,0.3355339765548706,0.049022987484931946,0.0126953125,0.06437796354293823,0.0,0.07945367693901062,0.0030789291486144066,0.1031901091337204,0.0,0.0,0.0,0.0,0.0,1.5846774578094482,3.771646499633789,0.4222649037837982,0.0,27.0,0.0,0.0,27.0,0.0,27.0,0.3208787441253662,0.19668647646903992,2.8481241861979165,0.2762546141942342,0.02163710693518321,-0.07833325862884521
518,1.9425820159999603,116.537344,0.8738695979118347,0.33331868052482605,0.03576318919658661,0.0126953125,0.06736118346452713,0.0,0.07761596143245697,0.002681773155927658,0.103271484375,0.0,0.0,0.0,0.0,0.0,1.5099815130233765,3.9339146614074707,0.4203307628631592,0.0,27.0,0.0,0.0,27.0,0.0,27.0,0.32248135407765705,0.1956278383731842,2.8434244791666665,0.27730756998062134,0.02165913333495458,-0.07846538722515106
519,1.9139306410002064,116.537344,0.8900040984153748,0.33788248896598816,0.013980517163872719,0.0126953125,0.06834118068218231,0.0,0.07944994419813156,0.0027336578350514174,0.1075642928481102,0.0,0.0,0.0,0.0,0.0,1.5598424673080444,4.1920976638793945,0.4501537084579468,0.0,28.0,0.0,0.0,28.0,0.0,28.0,0.3230093717575073,0.19515204429626465,2.8102213541666665,0.2778896689414978,0.021798089146614075,-0.010721348226070404
520,1.8778242200000932,116.537344,0.9176864624023438,0.33778783679008484,0.026728391647338867,0.0126953125,0.07131779193878174,0.0,0.07701677083969116,0.0024081990122795105,0.10552978515625,0.0,0.0,0.0,0.0,0.0,1.508230447769165,4.469581604003906,0.42325982451438904,0.0,31.0,0.0,0.0,31.0,0.0,31.0,0.32361088196436566,0.20305418968200684,2.8101603190104165,0.27904289960861206,0.021863038341204327,-0.00733436644077301
521,1.869517900000119,116.537344,0.9200170040130615,0.34505918622016907,0.028227441012859344,0.0126953125,0.07139512896537781,0.0,0.07489363849163055,0.002135181101039052,0.1017863005399704,0.0,0.0,0.0,0.0,0.0,1.490946650505066,4.484133720397949,0.44247913360595703,0.0,25.0,0.0,0.0,25.0,0.0,25.0,0.3235701123873393,0.1882016360759735,2.7803548177083335,0.2792368133862813,0.021809073785940807,-0.013923436403274536
522,1.8959491290002006,116.537344,0.9368386268615723,0.3452680706977844,0.02554558776319027,0.01171875,0.07309237122535706,0.0,0.07286414504051208,0.0017674246337264776,0.0989786833524704,0.0,0.0,0.0,0.0,0.0,1.505319356918335,4.524601936340332,0.4153621196746826,0.0,19.0,0.0,0.0,19.0,0.0,19.0,0.3224094907442729,0.18707530200481415,2.7849527994791665,0.2783789436022441,0.021650162835915882,-0.03647606074810028
523,2.012363237000045,116.537344,0.9827108383178711,0.3393712341785431,0.019290370866656303,0.01171875,0.07738879323005676,0.0,0.07642974704504013,0.0019702811259776354,0.1020711287856102,0.0,0.0,0.0,0.0,0.0,1.5483816862106323,4.552283763885498,0.39901527762413025,0.0,21.0,0.0,0.0,21.0,0.0,21.0,0.3213244080543518,0.2000255435705185,2.781494140625,0.27735122044881183,0.021488467852274578,-0.016053378582000732
524,2.0423319480000828,116.537344,0.9718934893608093,0.3356330990791321,0.01748187653720379,0.01171875,0.0761035606265068,0.0,0.07839177548885345,0.0020974858198314905,0.1026611328125,0.0,0.0,0.0,0.0,0.0,1.581618309020996,4.477055549621582,0.4072115421295166,0.0,28.0,0.0,0.0,28.0,0.0,28.0,0.32126806179682416,0.19813546538352966,2.7535603841145835,0.27742451429367065,0.021476733187834423,-0.01575411856174469
525,2.028823875999933,116.537344,0.9915419220924377,0.32895421981811523,0.030354926362633705,0.01171875,0.07779555767774582,0.0,0.08055952936410904,0.0023124776780605316,0.0997721403837204,0.0,0.0,0.0,0.0,0.0,1.631217360496521,4.491135597229004,0.41322824358940125,0.0,24.0,0.0,0.0,24.0,0.0,24.0,0.32069118817647296,0.1961314082145691,2.7392374674479165,0.276997447013855,0.02141025165716807,-0.031541675329208374
526,2.0396734500000093,116.537344,1.0558431148529053,0.3139684796333313,0.009019547142088413,0.01171875,0.08398380130529404,0.0,0.08329710364341736,0.0024910434149205685,0.1051432341337204,0.0,0.0,0.0,0.0,0.0,1.7091612815856934,4.729391098022461,0.38804614543914795,0.0,28.0,0.0,0.0,28.0,0.0,28.0,0.31965798139572144,0.19628971815109253,2.7445068359375,0.27633750438690186,0.021527841687202454,-0.03152031451463699
527,1.9563841449999018,116.537344,1.0747756958007812,0.30536597967147827,0.02612154372036457,0.01171875,0.08555661886930466,0.0,0.08430048078298569,0.0020894533954560757,0.10455322265625,0.0,0.0,0.0,0.0,0.0,1.7397496700286865,4.878759384155273,0.40251845121383667,0.0,24.0,0.0,0.0,24.0,0.0,24.0,0.31958351532618207,0.20569169521331787,2.7000325520833335,0.27619210879007977,0.02148686597744624,-0.03321503847837448
528,1.9470795319998615,116.537344,1.0717809200286865,0.3042023777961731,0.026412270963191986,0.01171875,0.08503314107656479,0.0,0.08802281320095062,0.0018148882081732154,0.1136271208524704,0.0,0.0,0.0,0.0,0.0,1.724819540977478,5.01832389831543,0.3908045291900635,0.0,24.0,0.0,0.0,24.0,0.0,24.0,0.31941841046015423,0.200785830616951,2.67578125,0.2759503126144409,0.02138659358024597,-0.041806239634752274
529,2.058976414999961,116.537344,1.0513026714324951,0.3139037787914276,0.03380516543984413,0.01171875,0.08250315487384796,0.0,0.09069281816482544,0.0019624861888587475,0.1133626326918602,0.0,0.0,0.0,0.0,0.0,1.666344404220581,5.124367713928223,0.4186185300350189,0.0,29.0,0.0,0.0,29.0,0.0,29.0,0.3194822669029236,0.1972474455833435,2.6595255533854165,0.27603896458943683,0.021339960396289825,-0.04216224327683449
530,2.0083360660000835,116.537344,1.0237171649932861,0.32306739687919617,0.013341542333364487,0.01171875,0.07983842492103577,0.0,0.0929696187376976,0.002250521909445524,0.1225179061293602,0.0,0.0,0.0,0.0,0.0,1.6013263463974,4.9614152908325195,0.4014277458190918,0.0,29.0,0.0,0.0,29.0,0.0,29.0,0.3183189630508423,0.19727854430675507,2.6587727864583335,0.2753078142801921,0.021395263572533924,-0.021929912269115448
531,1.9306062620003104,116.537344,1.066617488861084,0.3201479911804199,0.028612982481718063,0.0126953125,0.08421008288860321,0.0,0.09296099841594696,0.0024775825440883636,0.1175740584731102,0.0,0.0,0.0,0.0,0.0,1.5104674100875854,4.868091583251953,0.4012407064437866,0.0,32.0,0.0,1.0,31.0,0.0,32.0,0.31822238365809125,0.19773279130458832,2.68341064453125,0.2753165562947591,0.021488120158513386,-0.019729971885681152
532,1.926099536000038,116.537344,1.0256891250610352,0.3258461356163025,0.02574283257126808,0.0126953125,0.08043941110372543,0.0,0.09243550151586533,0.002574940910562873,0.11822509765625,0.0,0.0,0.0,0.0,0.0,1.5433862209320068,4.589778423309326,0.4006684720516205,0.0,35.0,0.0,0.0,35.0,0.0,35.0,0.3190340995788574,0.19530297815799713,2.687744140625,0.2758050163586934,0.0216321994860967,-0.02072708122432232
533,2.047652766000283,116.537344,1.0313867330551147,0.3230307698249817,0.013041440397500992,0.0126953125,0.08094297349452972,0.0,0.09445267915725708,0.002757871523499489,0.1280721127986908,0.0,0.0,0.0,0.0,0.0,1.5821764469146729,4.288535118103027,0.4170297086238861,0.0,30.0,0.0,0.0,30.0,0.0,30.0,0.31884241104125977,0.1952425092458725,2.7123819986979165,0.27548245588938397,0.02162456015745799,-0.02818608283996582
534,2.032568602000083,116.537344,1.0099071264266968,0.3182747960090637,0.012122603133320808,0.0126953125,0.0794105976819992,0.0,0.09304311126470566,0.0030495605897158384,0.1309000700712204,0.0,0.0,0.0,0.0,0.0,1.5168194770812988,3.976322650909424,0.4119051396846771,0.0,36.0,0.0,0.0,36.0,0.0,36.0,0.31944523255030316,0.20164397358894348,2.7842203776041665,0.27568600575129193,0.021622973183790844,-0.022555410861968994
535,1.965179822999744,116.537344,1.0024467706680298,0.317396342754364,0.034809380769729614,0.01171875,0.07929033041000366,0.0,0.08852293342351913,0.003361920826137066,0.1241658553481102,0.0,0.0,0.0,0.0,0.0,1.4449701309204102,3.828385829925537,0.4114926755428314,0.0,39.0,0.0,0.0,39.0,0.0,39.0,0.32037152846654254,0.2020140290260315,2.8206380208333335,0.2765321334203084,0.021786647538344067,-0.08277983963489532
536,1.9031025030003548,116.537344,0.9488951563835144,0.3190252184867859,0.04342258721590042,0.01171875,0.07497201859951019,0.0,0.08182351291179657,0.0030308763962239027,0.116943359375,0.0,0.0,0.0,0.0,0.0,1.4029735326766968,3.6558613777160645,0.3897901475429535,0.0,31.0,0.0,0.0,31.0,0.0,31.0,0.3210289080937703,0.2039143294095993,2.86749267578125,0.2773398756980896,0.021835324664910633,-0.08284597098827362
537,2.0381108829997174,116.537344,0.8680376410484314,0.33472031354904175,0.03893505409359932,0.01171875,0.06746453046798706,0.0,0.07884960621595383,0.0031357284169644117,0.1133626326918602,0.0,0.0,0.0,0.0,0.0,1.3700289726257324,3.534323215484619,0.3722885549068451,0.0,31.0,0.0,0.0,31.0,0.0,31.0,0.3211187720298767,0.20326128602027893,2.87188720703125,0.2773297230402629,0.021751590073108673,-0.08318257331848145
538,2.0976636049999797,116.537344,0.8328070640563965,0.34819716215133667,0.03663523867726326,0.0107421875,0.06438110023736954,0.0,0.07289816439151764,0.002578131854534149,0.1027425155043602,0.0,0.0,0.0,0.0,0.0,1.3670918941497803,3.7080345153808594,0.3547306954860687,0.0,27.0,0.0,0.0,27.0,0.0,27.0,0.32130950689315796,0.20066411793231964,2.9122517903645835,0.27738086382548016,0.021774545311927795,-0.08333802223205566
539,2.020724260999941,116.537344,0.7710279822349548,0.3702695369720459,0.024394672363996506,0.0107421875,0.058399587869644165,0.0,0.06885060667991638,0.0024063761811703444,0.0918782576918602,0.0,0.0,0.0,0.0,0.0,1.4308394193649292,3.862546443939209,0.3493325412273407,0.0,23.0,0.0,0.0,23.0,0.0,23.0,0.3225558002789815,0.20097871124744415,2.9114176432291665,0.27806637684504193,0.02167737732330958,-0.022554412484169006
540,1.9757901960001618,116.537344,0.7656579613685608,0.38536959886550903,0.04379494860768318,0.0107421875,0.057253532111644745,0.0,0.06567341834306717,0.0024111983366310596,0.0836995467543602,0.0,0.0,0.0,0.0,0.0,1.5292003154754639,3.9965991973876953,0.38430994749069214,0.0,26.0,0.0,0.0,26.0,0.0,26.0,0.32214029630025226,0.19495312869548798,2.8862508138020835,0.2779063979784648,0.021673647065957386,-0.01740725338459015
541,2.0485394060001454,116.537344,0.7904196977615356,0.38659554719924927,0.04529859870672226,0.0107421875,0.059891097247600555,0.0,0.06124849244952202,0.0017325034132227302,0.0782674178481102,0.0,0.0,0.0,0.0,0.0,1.5644320249557495,4.166323661804199,0.36095258593559265,0.0,20.0,0.0,0.0,20.0,0.0,20.0,0.3223912517229716,0.19271202385425568,2.8751424153645835,0.27822444836298627,0.021731634934743244,-0.012762507423758507
542,2.0643118729999514,116.537344,0.8033462762832642,0.3768807053565979,0.04809989407658577,0.0107421875,0.06113218888640404,0.0,0.06199365109205246,0.0017070954199880362,0.0721842497587204,0.0,0.0,0.0,0.0,0.0,1.5646737813949585,4.211124897003174,0.349822998046875,0.0,18.0,0.0,0.0,18.0,0.0,18.0,0.3223358392715454,0.1949988454580307,2.8459065755208335,0.27840516964594525,0.021720883746941883,-0.015496507287025452
543,1.9854333740004222,116.537344,0.8259031772613525,0.3586243987083435,0.020346159115433693,0.0107421875,0.06340476125478745,0.0,0.06254623830318451,0.001541193574666977,0.0674235075712204,0.0,0.0,0.0,0.0,0.0,1.6113351583480835,4.201550006866455,0.34699904918670654,0.0,21.0,0.0,0.0,21.0,0.0,21.0,0.3230516314506531,0.20249323546886444,2.8027140299479165,0.27863234281539917,0.021631717681884766,-0.025936082005500793
544,2.0110397600001306,116.537344,0.8949682116508484,0.3356665372848511,0.028688326478004456,0.0107421875,0.06996536254882812,0.0,0.06761802732944489,0.0017391042783856392,0.0727335661649704,0.0,0.0,0.0,0.0,0.0,1.6512473821640015,4.25386905670166,0.3461728096008301,0.0,19.0,0.0,0.0,19.0,0.0,19.0,0.3229937156041463,0.2036379873752594,2.7634684244791665,0.27842046817143756,0.021583840250968933,-0.013241282664239407
545,1.9554602970001724,116.537344,0.9738033413887024,0.31294429302215576,0.016764989122748375,0.0107421875,0.07755172252655029,0.0,0.07166609913110733,0.0017017924692481756,0.0797526091337204,0.0,0.0,0.0,0.0,0.0,1.585160493850708,4.402822017669678,0.3399617373943329,0.0,23.0,0.0,0.0,23.0,0.0,23.0,0.32261840502421063,0.19668640196323395,2.7195231119791665,0.27841367324193317,0.02146107703447342,-0.01688014343380928
546,2.1010319920001166,116.537344,1.0362952947616577,0.29609817266464233,0.05965966731309891,0.0107421875,0.08359865844249725,0.0,0.07520750164985657,0.0016322496812790632,0.0903116911649704,0.0,0.0,0.0,0.0,0.0,1.5473188161849976,4.487240791320801,0.3397694230079651,0.0,21.0,0.0,0.0,21.0,0.0,21.0,0.3220021327336629,0.20336885750293732,2.7397664388020835,0.27796022097269696,0.02150113880634308,-0.01645592600107193
547,2.2671000430000277,116.537344,1.0697568655014038,0.29454749822616577,0.04532945156097412,0.0107421875,0.08597653359174728,0.0,0.0817260593175888,0.0019543026573956013,0.10009765625,0.0,0.0,0.0,0.0,0.0,1.6010816097259521,4.748691558837891,0.37114644050598145,0.0,21.0,0.0,0.0,21.0,0.0,21.0,0.32071568568547565,0.19939810037612915,2.7170003255208335,0.2770090699195862,0.021395544211069744,-0.015918105840682983
548,2.148975373000212,116.537344,1.0787209272384644,0.3012346625328064,0.01847616396844387,0.009765625,0.08599011600017548,0.0,0.08695697784423828,0.0021913524251431227,0.1094767302274704,0.0,0.0,0.0,0.0,0.0,1.6216299533843994,5.078516483306885,0.38542819023132324,0.0,19.0,0.0,0.0,19.0,0.0,19.0,0.31995193163553876,0.1992550492286682,2.6990152994791665,0.2767735520998637,0.021495146056016285,-0.01819678768515587
549,2.109145013000216,116.537344,1.0667797327041626,0.31411609053611755,0.03854914754629135,0.0087890625,0.08444844186306,0.0,0.0893905982375145,0.0025310907512903214,0.11859130859375,0.0,0.0,0.0,0.0,0.0,1.5292506217956543,4.996040344238281,0.4070732593536377,0.0,33.0,0.0,0.0,33.0,0.0,33.0,0.31973057985305786,0.18200330436229706,2.6692301432291665,0.27668007214864093,0.021533071994781494,-0.01800408586859703
550,2.000935260999995,116.537344,1.0176129341125488,0.3305871784687042,0.024944711476564407,0.009765625,0.08000797033309937,0.0,0.08614599704742432,0.0021272357553243637,0.1182861328125,0.0,0.0,0.0,0.0,0.0,1.5311057567596436,4.820778846740723,0.3783559203147888,0.0,27.0,0.0,1.0,26.0,0.0,27.0,0.31895079215367633,0.18240976333618164,2.6974894205729165,0.27569369475046795,0.0215079461534818,-0.04466450586915016
551,2.038946829999986,116.537344,1.0290989875793457,0.3334914743900299,0.022783933207392693,0.009765625,0.0810585767030716,0.0,0.08501538634300232,0.0024816947989165783,0.1160481795668602,0.0,0.0,0.0,0.0,0.0,1.501361608505249,4.635638236999512,0.39394962787628174,0.0,36.0,0.0,0.0,36.0,0.0,36.0,0.31780163447062176,0.18919572234153748,2.7481689453125,0.2747862935066223,0.021393748621145885,-0.07727205008268356
552,1.999069836000217,116.537344,0.9584127068519592,0.3419164717197418,0.028405306860804558,0.0107421875,0.07459854334592819,0.0,0.07785534113645554,0.0022521582432091236,0.1019490584731102,0.0,0.0,0.0,0.0,0.0,1.5256026983261108,4.375273704528809,0.38754403591156006,0.0,31.0,0.0,1.0,30.0,0.0,31.0,0.3175517717997233,0.1966455578804016,2.8098347981770835,0.27451395988464355,0.021438380082448322,-0.07737480103969574
553,2.0293559920000916,116.537344,0.9553670883178711,0.33555495738983154,0.030318042263388634,0.009765625,0.0747394859790802,0.0,0.07518959045410156,0.0022274437360465527,0.0974934920668602,0.0,0.0,0.0,0.0,0.0,1.5829124450683594,4.104192733764648,0.3764747083187103,0.0,23.0,0.0,0.0,23.0,0.0,23.0,0.317707359790802,0.2029602825641632,2.8476765950520835,0.274603009223938,0.02149418741464615,-0.07760197669267654
554,2.116022332999819,116.537344,0.9339908361434937,0.3319661617279053,0.013221598230302334,0.009765625,0.07292559742927551,0.0,0.07438810914754868,0.0020695063285529613,0.0977986678481102,0.0,0.0,0.0,0.0,0.0,1.5732228755950928,3.966848373413086,0.38232776522636414,0.0,25.0,0.0,0.0,25.0,0.0,25.0,0.31845863660176593,0.20270751416683197,2.8629557291666665,0.2753061056137085,0.02150128533442815,-0.0780041292309761
555,2.1582791959999668,116.537344,0.9294564127922058,0.3270164132118225,0.02894946001470089,0.009765625,0.07293741405010223,0.0,0.0761651024222374,0.002201622584834695,0.0990193709731102,0.0,0.0,0.0,0.0,0.0,1.5235586166381836,3.7827014923095703,0.37251707911491394,0.0,26.0,0.0,0.0,26.0,0.0,26.0,0.3197702964146932,0.20165762305259705,2.8542277018229165,0.2762605547904968,0.021576205889383953,-0.07848440110683441
556,2.123283721000007,116.537344,0.9016236066818237,0.325961172580719,0.024929767474532127,0.009765625,0.07039522379636765,0.0,0.07643281668424606,0.002619818551465869,0.1023763045668602,0.0,0.0,0.0,0.0,0.0,1.4602230787277222,3.682926893234253,0.3926404118537903,0.0,31.0,0.0,0.0,31.0,0.0,31.0,0.32081713279088336,0.1969383955001831,2.8624471028645835,0.27745511134465534,0.02177862823009491,-0.012046480551362038
557,2.1700015940000412,116.537344,0.8684086799621582,0.33008837699890137,0.035798054188489914,0.009765625,0.06784037500619888,0.0,0.07314245402812958,0.002427908591926098,0.095947265625,0.0,0.0,0.0,0.0,0.0,1.440699577331543,3.706094264984131,0.36097097396850586,0.0,28.0,0.0,0.0,28.0,0.0,28.0,0.3216978708902995,0.19705919921398163,2.8575846354166665,0.2787182132403056,0.02171768496433894,-0.02468309924006462
558,2.0073550989995965,116.537344,0.8319736123085022,0.3409882187843323,0.028719238936901093,0.009765625,0.06432400643825531,0.0,0.07053826749324799,0.0019931672140955925,0.0990804061293602,0.0,0.0,0.0,0.0,0.0,1.4385707378387451,3.799335479736328,0.36910194158554077,0.0,25.0,0.0,0.0,25.0,0.0,25.0,0.322562575340271,0.1977514922618866,2.8609619140625,0.2795686324437459,0.021648024519284565,-0.07836911082267761
559,2.0942856980000215,116.537344,0.8562394380569458,0.35101649165153503,0.022033870220184326,0.0107421875,0.06631437689065933,0.0,0.0714392364025116,0.0019976289477199316,0.0995686873793602,0.0,0.0,0.0,0.0,0.0,1.4915497303009033,4.00018310546875,0.3850801885128021,0.0,22.0,0.0,1.0,21.0,0.0,22.0,0.32287315527598065,0.1928185671567917,2.8533935546875,0.2795139749844869,0.021637024978796642,-0.07837516069412231
560,2.004564973000015,116.537344,0.8552952408790588,0.36171209812164307,0.0370132215321064,0.0107421875,0.06603152304887772,0.0,0.06914836168289185,0.0019076395547017455,0.0933431014418602,0.0,0.0,0.0,0.0,0.0,1.5133905410766602,4.3375043869018555,0.3696396052837372,0.0,24.0,0.0,0.0,24.0,0.0,24.0,0.3225189248720805,0.19284015893936157,2.8440958658854165,0.2793104648590088,0.021752114097277325,-0.011084135621786118
561,1.9803750860000946,116.537344,0.8727116584777832,0.3695905804634094,0.05061282217502594,0.0107421875,0.067348912358284,0.0,0.06712323427200317,0.0013777213171124458,0.0860188826918602,0.0,0.0,0.0,0.0,0.0,1.5115351676940918,4.5776543617248535,0.3733465075492859,0.0,14.0,0.0,0.0,14.0,0.0,14.0,0.321826974550883,0.19975070655345917,2.7885538736979165,0.27876436710357666,0.021646010378996532,-0.023072756826877594
562,2.009473769000124,116.537344,0.9435551762580872,0.35857221484184265,0.041003283113241196,0.01171875,0.07360412180423737,0.0,0.07076913118362427,0.0014570560306310654,0.0847371444106102,0.0,0.0,0.0,0.0,0.0,1.5200660228729248,4.65444803237915,0.3970985412597656,0.0,17.0,0.0,1.0,16.0,0.0,17.0,0.3204990228017171,0.1982106864452362,2.7641398111979165,0.2772623101870219,0.021600852409998577,-0.017454706132411957
563,2.067356161999669,116.537344,0.9442692399024963,0.3451932668685913,0.02692992053925991,0.01171875,0.07355769723653793,0.0,0.07352333515882492,0.0013403601478785276,0.088623046875,0.0,0.0,0.0,0.0,0.0,1.61212158203125,4.728218078613281,0.37305617332458496,0.0,16.0,0.0,0.0,16.0,0.0,16.0,0.3200908700625102,0.19683653116226196,2.7423299153645835,0.27701260646184284,0.021484953661759693,-0.015553858131170273
564,2.0388034480001807,116.537344,0.9760215282440186,0.32879289984703064,0.01769973337650299,0.01171875,0.07617974281311035,0.0,0.07858584821224213,0.0017339708283543587,0.0881144255399704,0.0,0.0,0.0,0.0,0.0,1.703050971031189,4.743447780609131,0.3769800066947937,0.0,21.0,0.0,0.0,21.0,0.0,21.0,0.31958528359731037,0.20728130638599396,2.7016805013020835,0.2766380508740743,0.0215083509683609,-0.01708175241947174
565,1.9666587010001422,116.537344,1.0469346046447754,0.30656859278678894,0.018978958949446678,0.0126953125,0.08291012048721313,0.0,0.08301941305398941,0.0018096582498401403,0.0924275740981102,0.0,0.0,0.0,0.0,0.0,1.760079264640808,4.7379045486450195,0.3845576047897339,0.0,21.0,0.0,1.0,20.0,0.0,21.0,0.31876856088638306,0.2071080356836319,2.6677449544270835,0.27589943011601764,0.02158758540948232,-0.03604147583246231
566,2.0712541200000487,116.537344,1.141231656074524,0.28860974311828613,0.036451082676649094,0.0126953125,0.09154217690229416,0.0,0.08994054794311523,0.0019006261136382818,0.1055501326918602,0.0,0.0,0.0,0.0,0.0,1.7908332347869873,4.8400373458862305,0.414420485496521,0.0,21.0,0.0,0.0,21.0,0.0,21.0,0.3178960680961609,0.20760978758335114,2.6712849934895835,0.27484909693400067,0.021683129171530407,-0.036520130932331085
567,2.2497648459998345,116.537344,1.184962272644043,0.28073686361312866,0.033743731677532196,0.0126953125,0.09543325006961823,0.0,0.09535783529281616,0.0019336296245455742,0.1138916015625,0.0,0.0,0.0,0.0,0.0,1.7047538757324219,4.815371513366699,0.4390958249568939,0.0,32.0,0.0,0.0,32.0,0.0,32.0,0.318019171555837,0.20634126663208008,2.64776611328125,0.2750118176142375,0.021622151136398315,-0.024311475455760956
568,2.0791288460000033,116.537344,1.1596027612686157,0.2854480743408203,0.018883520737290382,0.0146484375,0.09278812259435654,0.0,0.10104375332593918,0.0021104998886585236,0.1342570036649704,0.0,0.0,0.0,0.0,0.0,1.6281713247299194,4.756901741027832,0.4350707530975342,0.0,29.0,0.0,2.0,27.0,0.0,29.0,0.3177824219067891,0.1959676891565323,2.6405029296875,0.2751515905062358,0.0217549925049146,-0.010594112798571587
569,1.977150477000123,116.537344,1.1315174102783203,0.29528069496154785,0.009955140762031078,0.0146484375,0.08969710767269135,0.0,0.10562285035848618,0.0028397967107594013,0.14764404296875,0.0,0.0,0.0,0.0,0.0,1.6051511764526367,4.690272331237793,0.4526935815811157,0.0,34.0,0.0,0.0,34.0,0.0,34.0,0.31710537274678546,0.19697518646717072,2.6348470052083335,0.27439947923024494,0.02182064453760783,-0.011425605043768883
570,2.052603900000122,116.537344,1.0957735776901245,0.30792108178138733,0.017631137743592262,0.0146484375,0.08649055659770966,0.0,0.10304366797208786,0.003122894559055567,0.1416015625,0.0,0.0,0.0,0.0,0.0,1.4848077297210693,4.544764041900635,0.4578205943107605,0.0,40.0,0.0,0.0,40.0,0.0,40.0,0.31767648458480835,0.19883547723293304,2.65240478515625,0.2750813961029053,0.021844742198785145,-0.015309173613786697
571,2.170797795999988,116.537344,1.0324513912200928,0.32263892889022827,0.012911378405988216,0.015625,0.08112692832946777,0.0,0.09657641500234604,0.003248350229114294,0.1263224333524704,0.0,0.0,0.0,0.0,0.0,1.4181973934173584,4.331722259521484,0.4117625653743744,0.0,41.0,0.0,1.0,40.0,0.0,41.0,0.3179062604904175,0.19859129190444946,2.7005818684895835,0.27534101406733197,0.021922749777634937,-0.01625032350420952
572,2.1699255759999687,116.537344,0.9774214625358582,0.33422720432281494,0.01628110557794571,0.015625,0.07650308310985565,0.0,0.08551602810621262,0.0023676473647356033,0.1226806640625,0.0,0.0,0.0,0.0,0.0,1.4226360321044922,4.117948055267334,0.40498965978622437,0.0,39.0,0.0,1.0,38.0,0.0,39.0,0.31800444920857746,0.2005557119846344,2.7943318684895835,0.27525071303049725,0.021711500982443493,-0.019039325416088104
573,2.225267459999941,116.537344,0.9716876149177551,0.34235358238220215,0.02381000481545925,0.015625,0.07599077373743057,0.0,0.08448933809995651,0.002836958272382617,0.11785888671875,0.0,0.0,0.0,0.0,0.0,1.47324538230896,4.021904945373535,0.4061315655708313,0.0,27.0,0.0,0.0,27.0,0.0,27.0,0.31788402795791626,0.196861132979393,2.8515828450520835,0.2748915155728658,0.02166057626406352,-0.014983449131250381
574,2.130517859000065,116.537344,0.9048993587493896,0.3567376136779785,0.02299368940293789,0.0146484375,0.06993173807859421,0.0,0.07868789881467819,0.0031212419271469116,0.1043701171875,0.0,0.0,0.0,0.0,0.0,1.4318065643310547,4.055947780609131,0.3835909366607666,0.0,35.0,0.0,0.0,35.0,0.0,35.0,0.3195671836535136,0.20388340950012207,2.8562418619791665,0.2762981454531352,0.021662155787150066,-0.016438137739896774
575,2.1432299140001305,116.537344,0.8492148518562317,0.3613312542438507,0.01570841483771801,0.0146484375,0.06550268083810806,0.0,0.06893812865018845,0.002248528879135847,0.0852864608168602,0.0,0.0,0.0,0.0,0.0,1.3562639951705933,3.9230804443359375,0.36832794547080994,0.0,25.0,0.0,1.0,24.0,0.0,25.0,0.32074499130249023,0.20012354850769043,2.8731282552083335,0.27698012193044025,0.02173351248105367,-0.019644705578684807
576,2.034688762999849,116.537344,0.8235430717468262,0.363285094499588,0.02053508162498474,0.0146484375,0.06286396831274033,0.0,0.06893220543861389,0.0021864748559892178,0.08551025390625,0.0,0.0,0.0,0.0,0.0,1.4721336364746094,3.9141693115234375,0.380436509847641,0.0,17.0,0.0,0.0,17.0,0.0,17.0,0.32079168160756427,0.18138641119003296,2.9061075846354165,0.2767479221026103,0.02171991765499115,-0.017675500363111496
577,1.9920926989998406,116.537344,0.7975831031799316,0.3635077178478241,0.015055272728204727,0.015625,0.06028410792350769,0.0,0.06894551217556,0.002269967459142208,0.0841878280043602,0.0,0.0,0.0,0.0,0.0,1.6200501918792725,4.033082008361816,0.36521244049072266,0.0,21.0,0.0,1.0,20.0,0.0,21.0,0.32208480437596637,0.20245887339115143,2.8906046549479165,0.2777819832166036,0.021702269713083904,-0.024772480130195618
578,1.985113886000363,116.537344,0.7894200682640076,0.3549307584762573,0.020157909020781517,0.015625,0.05971642956137657,0.0,0.06714466214179993,0.0018339607631787658,0.0797322615981102,0.0,0.0,0.0,0.0,0.0,1.68791663646698,4.206971645355225,0.3470023572444916,0.0,23.0,0.0,0.0,23.0,0.0,23.0,0.3234477639198303,0.20128215849399567,2.8456013997395835,0.27927064895629883,0.021763821442921955,-0.022960998117923737
579,1.959731597999962,116.537344,0.8221020102500916,0.3459465801715851,0.024582473561167717,0.015625,0.06262622773647308,0.0,0.06922900676727295,0.0016720404382795095,0.0879923552274704,0.0,0.0,0.0,0.0,0.0,1.6902951002120972,4.28915548324585,0.3686923682689667,0.0,17.0,0.0,0.0,17.0,0.0,17.0,0.32361747821172077,0.1993287354707718,2.8174641927083335,0.2794243097305298,0.021701385577519734,-0.022493330761790276
580,2.0815248879998762,116.537344,0.9291881322860718,0.3315179646015167,0.03318967670202255,0.015625,0.07269695401191711,0.0,0.07622098922729492,0.002201286144554615,0.0959879606962204,0.0,0.0,0.0,0.0,0.0,1.5844119787216187,4.476179122924805,0.3730846643447876,0.0,14.0,0.0,0.0,14.0,0.0,14.0,0.32361871004104614,0.19657038152217865,2.7452392578125,0.279751976331075,0.02171233296394348,-0.01744220033288002
581,2.022189993000211,116.537344,0.9885199666023254,0.3260093629360199,0.039757680147886276,0.0166015625,0.07813560962677002,0.0,0.07732310891151428,0.0021492131054401398,0.09930419921875,0.0,0.0,0.0,0.0,0.0,1.4354968070983887,4.884906768798828,0.39633047580718994,0.0,30.0,0.0,1.0,29.0,0.0,30.0,0.3243781328201294,0.19719356298446655,2.7118937174479165,0.2803049882253011,0.021776244044303894,-0.01424268539994955
582,2.0390324670001974,116.537344,0.9856946468353271,0.3253018260002136,0.02143401838839054,0.0166015625,0.0780002623796463,0.0,0.07518023252487183,0.0019928468391299248,0.0962727889418602,0.0,0.0,0.0,0.0,0.0,1.3452833890914917,4.827033042907715,0.38415655493736267,0.0,22.0,0.0,0.0,22.0,0.0,22.0,0.32296766837437946,0.2027188390493393,2.734375,0.2788137197494507,0.021764740347862244,-0.013075127266347408
583,1.893648514999768,116.537344,0.9709675908088684,0.32299402356147766,0.014463400468230247,0.015625,0.0766519159078598,0.0,0.07389432191848755,0.001762087456882,0.09320068359375,0.0,0.0,0.0,0.0,0.0,1.3865721225738525,4.631189823150635,0.3684849441051483,0.0,20.0,0.0,0.0,20.0,0.0,20.0,0.3212957978248596,0.2103811502456665,2.7309163411458335,0.2775608499844869,0.021665439009666443,-0.01343937125056982
584,1.9113403319997815,116.537344,1.0009703636169434,0.31771552562713623,0.09364847093820572,0.015625,0.07874301075935364,0.0,0.07869851589202881,0.0018482723971828818,0.0992838591337204,0.0,0.0,0.0,0.0,0.0,1.6019468307495117,4.8040924072265625,0.37155160307884216,0.0,11.0,0.0,0.0,11.0,0.0,11.0,0.31945719321568805,0.21468158066272736,2.7333780924479165,0.276091992855072,0.021729794641335804,-0.013670473359525204
585,2.039537080000173,116.537344,1.0178613662719727,0.32283079624176025,0.026612132787704468,0.0146484375,0.07925886660814285,0.0,0.08351926505565643,0.0021318744402378798,0.1053059920668602,0.0,0.0,0.0,0.0,0.0,1.672886610031128,5.200003623962402,0.4101335406303406,0.0,25.0,0.0,0.0,25.0,0.0,25.0,0.31877116362253827,0.20549675822257996,2.7367146809895835,0.2751346826553345,0.02169215927521388,-0.011552441865205765
586,2.1128104260001237,116.537344,1.0298863649368286,0.33131125569343567,0.03458775579929352,0.0146484375,0.0801331177353859,0.0,0.08466996997594833,0.002460367977619171,0.10626220703125,0.0,0.0,0.0,0.0,0.0,1.6972529888153076,5.401650905609131,0.4086119532585144,0.0,26.0,0.0,0.0,26.0,0.0,26.0,0.31843791405359906,0.1959494948387146,2.7023518880208335,0.2748979727427165,0.021741333107153576,-0.019700393080711365
587,2.0448106549997647,116.537344,1.049965739250183,0.33024346828460693,0.036641813814640045,0.0146484375,0.08204866200685501,0.0,0.08373381197452545,0.002231708262115717,0.10791015625,0.0,0.0,0.0,0.0,0.0,1.6778011322021484,5.5490546226501465,0.4105016589164734,0.0,28.0,0.0,0.0,28.0,0.0,28.0,0.3183289368947347,0.20090410113334656,2.7143758138020835,0.27476874987284344,0.02164242168267568,-0.01615496724843979
588,2.081716836999931,116.537344,1.0484222173690796,0.3266822099685669,0.041491951793432236,0.0146484375,0.08205172419548035,0.0,0.08429057896137238,0.0023172195069491863,0.1086222380399704,0.0,0.0,0.0,0.0,0.0,1.5533345937728882,5.264880180358887,0.43761739134788513,0.0,35.0,0.0,0.0,35.0,0.0,35.0,0.3187100092569987,0.20171648263931274,2.7304890950520835,0.2751447757085164,0.021671238044897716,-0.021551787853240967
589,2.0134183319996737,116.537344,0.9795336723327637,0.3276306688785553,0.007570027839392424,0.0146484375,0.07613464444875717,0.0,0.0817386656999588,0.0022488851100206375,0.1019083708524704,0.0,0.0,0.0,0.0,0.0,1.5341260433197021,4.777792930603027,0.4128352999687195,0.0,26.0,0.0,0.0,26.0,0.0,26.0,0.31989169120788574,0.1974961906671524,2.7204793294270835,0.2765875458717346,0.02171642581621806,-0.03410258889198303
590,2.0022218860003704,116.537344,0.9663082361221313,0.3244580328464508,0.012073617428541183,0.0146484375,0.07503592222929001,0.0,0.08281420171260834,0.0024655491579324007,0.1081339567899704,0.0,0.0,0.0,0.0,0.0,1.6156549453735352,4.42756986618042,0.4240044951438904,0.0,24.0,0.0,0.0,24.0,0.0,24.0,0.3202747901280721,0.20811128616333008,2.72283935546875,0.27687937021255493,0.021693026026089985,-0.03138389438390732
591,2.015591458000017,116.537344,0.9860007762908936,0.31687042117118835,0.026343632489442825,0.013671875,0.07701355218887329,0.0,0.0849047601222992,0.0029199605342000723,0.1135457381606102,0.0,0.0,0.0,0.0,0.0,1.5880807638168335,4.1655592918396,0.4593345522880554,0.0,31.0,0.0,0.0,31.0,0.0,31.0,0.32070328791936237,0.21243816614151,2.7671915690104165,0.2773135503133138,0.021669795115788777,-0.026448428630828857
592,1.9671496290002324,116.537344,1.0012972354888916,0.3084234893321991,0.02192494459450245,0.013671875,0.0788617953658104,0.0,0.082674540579319,0.002867096569389105,0.1121012419462204,0.0,0.0,0.0,0.0,0.0,1.5130422115325928,3.958188533782959,0.467644065618515,0.0,28.0,0.0,0.0,28.0,0.0,28.0,0.3214469750722249,0.21329252421855927,2.7981363932291665,0.2780841588973999,0.021666817367076874,-0.029519349336624146
593,2.089073942000141,116.537344,0.9828063249588013,0.305655837059021,0.04789813980460167,0.013671875,0.0776360034942627,0.0,0.07858266681432724,0.0023797787725925446,0.1102498397231102,0.0,0.0,0.0,0.0,0.0,1.4376349449157715,3.8259267807006836,0.47478359937667847,0.0,33.0,0.0,0.0,33.0,0.0,33.0,0.322543998559316,0.2125508338212967,2.8055623372395835,0.2787594397862752,0.021624403695265453,-0.03478783369064331
594,1.8773898990002635,116.537344,0.9964812397956848,0.30737051367759705,0.05734768882393837,0.015625,0.07897907495498657,0.0,0.07778659462928772,0.002053801668807864,0.11181640625,0.0,0.0,0.0,0.0,0.0,1.4508724212646484,3.926046371459961,0.48363396525382996,0.0,21.0,2.0,2.0,21.0,0.0,21.0,0.3225287397702535,0.2107379138469696,2.8421223958333335,0.2784644365310669,0.02167218178510666,-0.022728070616722107
595,1.8941558769997755,116.537344,0.9689074754714966,0.32125794887542725,0.010220596566796303,0.015625,0.0760447084903717,0.0,0.07754164934158325,0.0024371352046728134,0.1123860701918602,0.0,0.0,0.0,0.0,0.0,1.4084532260894775,4.095541000366211,0.4869457185268402,0.0,29.0,0.0,0.0,29.0,0.0,29.0,0.32265526056289673,0.2016141414642334,2.8463338216145835,0.27842386563618976,0.02169279009103775,-0.020270586013793945
596,1.9302417849999074,116.537344,0.9015132188796997,0.3452751040458679,0.01785678043961525,0.015625,0.06929745525121689,0.0,0.07527287304401398,0.0021854934748262167,0.1074422225356102,0.0,0.0,0.0,0.0,0.0,1.4588820934295654,4.216611385345459,0.4807581305503845,0.0,18.0,0.0,0.0,18.0,0.0,18.0,0.32330501079559326,0.20177561044692993,2.823486328125,0.278495987256368,0.021693664292494457,-0.019903481006622314
597,1.9590816879999693,116.537344,0.8701034784317017,0.36460453271865845,0.04631730914115906,0.015625,0.06571002304553986,0.0,0.0736127495765686,0.002292502671480179,0.0987752303481102,0.0,0.0,0.0,0.0,0.0,1.4763212203979492,4.406435966491699,0.5051394104957581,0.0,28.0,0.0,0.0,28.0,0.0,28.0,0.32261472940444946,0.2122046947479248,2.8164469401041665,0.277632196744283,0.021644286811351776,-0.022613942623138428
598,1.9801953139999569,116.537344,0.8817517161369324,0.37277334928512573,0.04879932850599289,0.015625,0.06663033366203308,0.0,0.0707753449678421,0.0022068393882364035,0.0858154296875,0.0,0.0,0.0,0.0,0.0,1.552391767501831,4.4821085929870605,0.5118852853775024,0.0,22.0,0.0,0.0,22.0,0.0,22.0,0.3215890129407247,0.20637930929660797,2.8096923828125,0.27654900153477985,0.021620271106561024,-0.02684086561203003
599,1.9879665970001952,116.537344,0.8743603229522705,0.36674654483795166,0.04878642410039902,0.015625,0.06605619192123413,0.0,0.06587665528059006,0.0016036322340369225,0.0709635466337204,0.0,0.0,0.0,0.0,0.0,1.6383651494979858,4.563565731048584,0.48535966873168945,0.0,29.0,0.0,0.0,29.0,0.0,29.0,0.3209315339724223,0.20683154463768005,2.78045654296875,0.2763895591100057,0.021548715730508167,-0.03069889545440674
600,1.9695563160003076,116.537344,0.8898172974586487,0.3543444275856018,0.016843566671013832,0.015625,0.06750577688217163,0.0,0.06699946522712708,0.001273085130378604,0.07171630859375,0.0,0.0,0.0,0.0,0.0,1.7184979915618896,4.463809490203857,0.47778651118278503,0.0,22.0,0.0,0.0,22.0,0.0,22.0,0.3203240434328715,0.20184753835201263,2.7538045247395835,0.2758782704671224,0.021520632008711498,-0.0355147123336792
601,1.9608921710000686,116.537344,0.9166614413261414,0.3339698910713196,0.02059413492679596,0.015625,0.0702037662267685,0.0,0.0715446025133133,0.0011205978225916624,0.0771077498793602,0.0,0.0,0.0,0.0,0.0,1.6924395561218262,4.288440227508545,0.4702000617980957,0.0,16.0,0.0,0.0,16.0,0.0,16.0,0.31976332267125446,0.20075209438800812,2.73065185546875,0.2752816279729207,0.02138358602921168,-0.017066922038793564
602,1.9709196489998249,116.537344,1.0304919481277466,0.31156378984451294,0.02697419933974743,0.015625,0.08041416108608246,0.0,0.08270049095153809,0.0018530960660427809,0.0929768905043602,0.0,0.0,0.0,0.0,0.0,1.7408533096313477,4.4011688232421875,0.5149897933006287,0.0,19.0,0.0,0.0,19.0,0.0,19.0,0.31924257675806683,0.19989995658397675,2.67730712890625,0.27472851673762005,0.02141449103752772,-0.015314226038753986
603,1.989727032999781,116.537344,1.0795010328292847,0.29842790961265564,0.0376243069767952,0.015625,0.08537955582141876,0.0,0.0873100757598877,0.001814201008528471,0.1051025390625,0.0,0.0,0.0,0.0,0.0,1.6916731595993042,4.514800548553467,0.49003171920776367,0.0,28.0,0.0,0.0,28.0,0.0,28.0,0.3197539647420247,0.20482462644577026,2.6881103515625,0.2753869692484538,0.021498372157414753,-0.014754939824342728
604,1.9198003810001865,116.537344,1.0995800495147705,0.2976752519607544,0.041697047650814056,0.0166015625,0.08673572540283203,0.0,0.09501852095127106,0.002382038626819849,0.1199137419462204,0.0,0.0,0.0,0.0,0.0,1.6588720083236694,4.637181282043457,0.5012364983558655,0.0,25.0,0.0,1.0,24.0,0.0,25.0,0.3191179633140564,0.19952060282230377,2.6774495442708335,0.27541786432266235,0.02164239188035329,-0.013126961886882782
605,1.977240171000176,116.537344,1.0766123533248901,0.3080175518989563,0.017238551750779152,0.0166015625,0.08374642580747604,0.0,0.09786571562290192,0.0025179991498589516,0.1297607421875,0.0,0.0,0.0,0.0,0.0,1.6726564168930054,4.773805141448975,0.5526397228240967,0.0,38.0,0.0,0.0,38.0,0.0,38.0,0.31924623250961304,0.19381695985794067,2.6285603841145835,0.2755592068036397,0.02170640726884206,-0.021742675453424454
606,2.04392555000004,116.537344,1.0644608736038208,0.31967541575431824,0.02489672601222992,0.0146484375,0.08249256014823914,0.0,0.10149729251861572,0.002984838094562292,0.1394856870174408,0.0,0.0,0.0,0.0,0.0,1.687516212463379,4.797757148742676,0.5398192405700684,0.0,28.0,0.0,0.0,28.0,0.0,28.0,0.3192565242449443,0.1929248720407486,2.6518758138020835,0.2756994565327962,0.021692809959252674,-0.025430720299482346
607,2.038025035999908,116.537344,1.114600419998169,0.3230857849121094,0.025284143164753914,0.0166015625,0.08711083978414536,0.0,0.10504092276096344,0.0038614848162978888,0.14764404296875,0.0,0.0,0.0,0.0,0.0,1.643424391746521,4.760011196136475,0.551456868648529,0.0,42.0,0.0,2.0,40.0,0.0,42.0,0.319260040918986,0.20194850862026215,2.6473795572916665,0.2755594849586487,0.021634722749392193,-0.026135031133890152
608,2.016794803999801,116.537344,1.080912709236145,0.32799211144447327,0.02684663236141205,0.0166015625,0.0844273567199707,0.0,0.09744560718536377,0.003755996935069561,0.1401774138212204,0.0,0.0,0.0,0.0,0.0,1.595322608947754,4.484652519226074,0.5376596450805664,0.0,47.0,0.0,2.0,45.0,0.0,47.0,0.319491446018219,0.20104095339775085,2.7250773111979165,0.2756073276201884,0.021687497695287068,-0.021900489926338196
609,2.0557434170000306,116.537344,1.038753867149353,0.3282741904258728,0.009949347004294395,0.0166015625,0.08110741525888443,0.0,0.08720903098583221,0.0032072062604129314,0.11956787109375,0.0,0.0,0.0,0.0,0.0,1.5297493934631348,4.142275333404541,0.5402120351791382,0.0,43.0,0.0,0.0,43.0,0.0,43.0,0.31943273544311523,0.20131343603134155,2.8004150390625,0.27589718500773114,0.02174174040555954,-0.019358336925506592
610,1.9428986190000614,116.537344,0.9633392691612244,0.3304968476295471,0.03495364636182785,0.0166015625,0.07497834414243698,0.0,0.07945635914802551,0.002841631416231394,0.1164143905043602,0.0,0.0,0.0,0.0,0.0,1.460440993309021,3.827157735824585,0.48735833168029785,0.0,27.0,0.0,0.0,27.0,0.0,27.0,0.3196282188097636,0.19803424179553986,2.8544514973958335,0.2759448289871216,0.021761765082677204,-0.019358426332473755
611,1.910310546999881,116.537344,0.9407148957252502,0.335327684879303,0.011006982997059822,0.017578125,0.07264702022075653,0.0,0.07837190479040146,0.003187162335962057,0.1068929061293602,0.0,0.0,0.0,0.0,0.0,1.4592199325561523,3.6964783668518066,0.5184568166732788,0.0,29.0,0.0,1.0,28.0,0.0,29.0,0.320329487323761,0.1994558572769165,2.8864949544270835,0.27625487248102826,0.021755121648311615,-0.02104181796312332
612,2.0634802119998312,116.537344,0.8608303070068359,0.3425578773021698,0.030190754681825638,0.017578125,0.06584882736206055,0.0,0.07079434394836426,0.002757874084636569,0.0951945036649704,0.0,0.0,0.0,0.0,0.0,1.3631722927093506,3.546372175216675,0.49263352155685425,0.0,33.0,0.0,0.0,33.0,0.0,33.0,0.32210224866867065,0.2009245902299881,2.8851521809895835,0.2776515285174052,0.021572408576806385,-0.021017957478761673
613,2.1904937530002826,116.537344,0.7951784133911133,0.35171523690223694,0.015878593549132347,0.017578125,0.060199763625860214,0.0,0.06573142111301422,0.002380555961281061,0.0860392302274704,0.0,0.0,0.0,0.0,0.0,1.3329296112060547,3.572373151779175,0.4661465287208557,0.0,26.0,0.0,0.0,26.0,0.0,26.0,0.3234458963076274,0.20461924374103546,2.92095947265625,0.27848805983861286,0.021549008786678314,-0.019210727885365486
614,1.9927936140002203,116.537344,0.7742435336112976,0.35682758688926697,0.010156992822885513,0.0185546875,0.05838627740740776,0.0,0.06262663006782532,0.0022623392287641764,0.0821126326918602,0.0,0.0,0.0,0.0,0.0,1.4168906211853027,3.6881024837493896,0.447331041097641,0.0,24.0,0.0,1.0,23.0,0.0,24.0,0.3239889144897461,0.20292125642299652,2.9387410481770835,0.2788925766944885,0.021565834681193035,-0.01980843022465706
615,1.9352599300000293,116.537344,0.7438361048698425,0.3635699152946472,0.011246556416153908,0.0185546875,0.055352650582790375,0.0,0.05939182639122009,0.001971709541976452,0.0737508162856102,0.0,0.0,0.0,0.0,0.0,1.5080301761627197,3.8439669609069824,0.4462784230709076,0.0,21.0,0.0,0.0,21.0,0.0,21.0,0.32430915037790936,0.20679470896720886,2.933349609375,0.2794912060101827,0.0216103990872701,-0.01956004649400711
616,2.0544378260001395,116.537344,0.7455022931098938,0.36827701330184937,0.02472584880888462,0.0185546875,0.05525330826640129,0.0,0.0579676479101181,0.001625465927645564,0.0740153044462204,0.0,0.0,0.0,0.0,0.0,1.5582399368286133,4.041225433349609,0.45112764835357666,0.0,22.0,0.0,0.0,22.0,0.0,22.0,0.324368953704834,0.20844724774360657,2.8917643229166665,0.27970413366953534,0.02150029440720876,-0.0215378999710083
617,2.0631396949997907,116.537344,0.8385680913925171,0.358376145362854,0.012948927469551563,0.0185546875,0.06407509744167328,0.0,0.05816488713026047,0.0014161579310894012,0.0769246444106102,0.0,0.0,0.0,0.0,0.0,1.5130796432495117,4.187900543212891,0.47418802976608276,0.0,19.0,0.0,0.0,19.0,0.0,19.0,0.3240079681078593,0.20181307196617126,2.8544514973958335,0.27939798434575397,0.02145107587178548,-0.032483041286468506
618,2.0602908259998003,116.537344,0.8753273487091064,0.3488416075706482,0.01328511442989111,0.0185546875,0.06748539209365845,0.0,0.05837126076221466,0.0013215066865086555,0.0730997771024704,0.0,0.0,0.0,0.0,0.0,1.5040242671966553,4.345300197601318,0.4737873077392578,0.0,22.0,0.0,0.0,22.0,0.0,22.0,0.32404013474782306,0.20250672101974487,2.8194376627604165,0.2796812454859416,0.021353838344415028,-0.07818931341171265
619,2.070067823000045,116.537344,0.8818137645721436,0.3435443341732025,0.01867309957742691,0.0185546875,0.06775939464569092,0.0,0.05926705524325371,0.0013576315250247717,0.06854248046875,0.0,0.0,0.0,0.0,0.0,1.464834213256836,4.509548664093018,0.48146504163742065,0.0,11.0,0.0,0.0,11.0,0.0,11.0,0.32348273197809857,0.20022599399089813,2.7866007486979165,0.2795483668645223,0.021264071265856426,-0.07829596102237701
620,2.03106453700002,116.537344,0.933422863483429,0.33422863483428955,0.015595026314258575,0.0185546875,0.07238596677780151,0.0,0.06226032227277756,0.0014795841416344047,0.0699259489774704,0.0,0.0,0.0,0.0,0.0,1.5467408895492554,4.734548091888428,0.48324650526046753,0.0,14.0,0.0,0.0,14.0,0.0,14.0,0.32276131709416706,0.20084567368030548,2.7510172526041665,0.27870770295461017,0.02136710286140442,-0.07826659083366394
621,2.0491040019996944,116.537344,0.9515259265899658,0.32752475142478943,0.014332425780594349,0.0185546875,0.07385944575071335,0.0,0.06357401609420776,0.0014025997370481491,0.0694580078125,0.0,0.0,0.0,0.0,0.0,1.5513429641723633,4.839684963226318,0.48574233055114746,0.0,21.0,0.0,0.0,21.0,0.0,21.0,0.3220270276069641,0.20495536923408508,2.77008056640625,0.2779434521993001,0.02134493738412857,-0.07835553586483002
622,2.0668712860001506,116.537344,0.9632502794265747,0.3249804973602295,0.06664276123046875,0.01953125,0.07427261769771576,0.0,0.06832617521286011,0.001426983973942697,0.07672119140625,0.0,0.0,0.0,0.0,0.0,1.5805000066757202,5.030435085296631,0.4997333884239197,0.0,12.0,0.0,1.0,11.0,0.0,12.0,0.32172248760859173,0.2105923593044281,2.7833048502604165,0.27757402261098224,0.021401954193909962,-0.07868107408285141
623,2.052671867999834,116.537344,1.0061061382293701,0.3244835138320923,0.02571513131260872,0.01953125,0.077692911028862,0.0,0.07480911165475845,0.0015606756787747145,0.0885213240981102,0.0,0.0,0.0,0.0,0.0,1.5941531658172607,5.507198333740234,0.5143146514892578,0.0,17.0,0.0,0.0,17.0,0.0,17.0,0.3219962517420451,0.2031175047159195,2.720458984375,0.27780963977177936,0.021503672003746033,-0.07874458283185959
624,2.028912049000155,116.537344,0.9983618855476379,0.33272749185562134,0.0464056022465229,0.01953125,0.07622616738080978,0.0,0.08227013051509857,0.0020510628819465637,0.1059366911649704,0.0,0.0,0.0,0.0,0.0,1.6486310958862305,5.579118728637695,0.524308443069458,0.0,24.0,0.0,0.0,24.0,0.0,24.0,0.32134852806727093,0.19490517675876617,2.6879069010416665,0.2773525317509969,0.02156989276409149,-0.07687043398618698
625,1.9532871079995857,116.537344,1.0536338090896606,0.3311270475387573,0.04292838275432587,0.01953125,0.08113432675600052,0.0,0.08593626320362091,0.0023144716396927834,0.1121622771024704,0.0,0.0,0.0,0.0,0.0,1.6884006261825562,5.597952842712402,0.547195315361023,0.0,23.0,0.0,1.0,22.0,0.0,23.0,0.3205299973487854,0.18841886520385742,2.6844278971354165,0.27681195735931396,0.02158409357070923,-0.07713321596384048
626,1.9697956089999025,116.537344,1.0784178972244263,0.326831579208374,0.02683560736477375,0.0205078125,0.08378897607326508,0.0,0.08696871995925903,0.00246690702624619,0.1166585311293602,0.0,0.0,0.0,0.0,0.0,1.6973146200180054,5.350996971130371,0.5387488603591919,0.0,34.0,0.0,1.0,33.0,0.0,34.0,0.3204093972841899,0.17783264815807343,2.6767171223958335,0.27665003140767414,0.021581013997395832,-0.0774662122130394
627,1.9598545280000508,116.537344,1.0481619834899902,0.3180887699127197,0.010832859203219414,0.0205078125,0.08130218088626862,0.0,0.0820089727640152,0.0018469919450581074,0.1074625700712204,0.0,0.0,0.0,0.0,0.0,1.643861174583435,4.949421405792236,0.5466294288635254,0.0,31.0,0.0,0.0,31.0,0.0,31.0,0.3199761708577474,0.1791875809431076,2.7069905598958335,0.27622554699579877,0.021445604662100475,-0.07774696499109268
628,1.9368901499997264,116.537344,1.0849217176437378,0.3073748052120209,0.02407989837229252,0.01953125,0.08485877513885498,0.0,0.08567583560943604,0.002153351902961731,0.1123250350356102,0.0,0.0,0.0,0.0,0.0,1.7191131114959717,4.655518531799316,0.5523625016212463,0.0,31.0,0.0,0.0,31.0,0.0,31.0,0.3187962770462036,0.18347734212875366,2.72442626953125,0.27514857053756714,0.02149018148581187,-0.0778268352150917
629,2.0025105869999607,116.537344,1.0881190299987793,0.29742950201034546,0.08467226475477219,0.01953125,0.08563338220119476,0.0,0.08802942931652069,0.0024194475263357162,0.1209513396024704,0.0,0.0,0.0,0.0,0.0,1.6940836906433105,4.474551677703857,0.525016188621521,0.0,27.0,0.0,0.0,27.0,0.0,27.0,0.3192342718442281,0.1982729583978653,2.74407958984375,0.27561938762664795,0.02151658634344737,-0.07632796466350555
630,2.0235102530000404,116.537344,1.0366871356964111,0.30515068769454956,0.02834308333694935,0.01953125,0.08106284588575363,0.0,0.08623740077018738,0.00273584364913404,0.115234375,0.0,0.0,0.0,0.0,0.0,1.5403070449829102,4.450840473175049,0.5246532559394836,0.0,35.0,0.0,0.0,35.0,0.0,35.0,0.3208821217219035,0.19776950776576996,2.7628987630208335,0.2766995628674825,0.021455302834510803,-0.07809484004974365
631,1.976636215000326,116.537344,0.9580351114273071,0.3265741467475891,0.023311760276556015,0.01953125,0.07363695651292801,0.0,0.08336247503757477,0.0028711888007819653,0.1095784530043602,0.0,0.0,0.0,0.0,0.0,1.4022016525268555,4.4260029792785645,0.5324754118919373,0.0,31.0,0.0,0.0,31.0,0.0,31.0,0.3216592272122701,0.20707136392593384,2.7288614908854165,0.27777520815531415,0.02153864751259486,-0.07828918099403381
632,1.9613076199998432,116.537344,0.8944746255874634,0.35163477063179016,0.014766336418688297,0.01953125,0.0673871785402298,0.0,0.08059471100568771,0.002903953194618225,0.1037190780043602,0.0,0.0,0.0,0.0,0.0,1.3775603771209717,4.418272018432617,0.5332392454147339,0.0,31.0,0.0,0.0,31.0,0.0,31.0,0.32105469703674316,0.20504514873027802,2.7663777669270835,0.27736010154088336,0.021474046011765797,-0.07858766615390778
633,2.0310137860001305,116.537344,0.8951442241668701,0.36850398778915405,0.03430363908410072,0.01953125,0.06751732528209686,0.0,0.07927267253398895,0.0024425149895250797,0.10723876953125,0.0,0.0,0.0,0.0,0.0,1.4807887077331543,4.452193737030029,0.514655351638794,0.0,24.0,0.0,0.0,24.0,0.0,24.0,0.3200899362564087,0.20343106985092163,2.7939860026041665,0.2766023278236389,0.021582511564095814,-0.07828005403280258
634,1.9986129979997713,116.537344,0.9178847670555115,0.372505247592926,0.05503526329994202,0.01953125,0.06949318945407867,0.0,0.07789110392332077,0.002387935994192958,0.1089681014418602,0.0,0.0,0.0,0.0,0.0,1.5693954229354858,4.535012245178223,0.528523325920105,0.0,32.0,0.0,0.0,32.0,0.0,32.0,0.3206248680750529,0.20664218068122864,2.8219401041666665,0.27683472633361816,0.021679408848285675,-0.02558279037475586
635,1.9915963479998027,116.537344,0.8961738348007202,0.36887985467910767,0.05053635686635971,0.0185546875,0.06765802204608917,0.0,0.07421910017728806,0.002547844545915723,0.0965576171875,0.0,0.0,0.0,0.0,0.0,1.637418508529663,4.446009635925293,0.505296528339386,0.0,29.0,0.0,0.0,29.0,0.0,29.0,0.32109872500101727,0.20639948546886444,2.8099568684895835,0.27741672595342,0.021650674442450207,-0.07874339073896408
636,2.027846537000187,116.537344,0.8836983442306519,0.3549906015396118,0.025736920535564423,0.0205078125,0.06702139973640442,0.0,0.07066620141267776,0.0023714392445981503,0.0863444060087204,0.0,0.0,0.0,0.0,0.0,1.6817481517791748,4.1872758865356445,0.4971824288368225,0.0,32.0,0.0,2.0,30.0,0.0,32.0,0.3213912049929301,0.2032615691423416,2.80621337890625,0.277699609597524,0.021676930288473766,-0.0785781666636467
637,1.9428672080002798,116.537344,0.8750503659248352,0.34038856625556946,0.03807903826236725,0.0205078125,0.06648213416337967,0.0,0.06834661960601807,0.001751987263560295,0.0803426131606102,0.0,0.0,0.0,0.0,0.0,1.7170450687408447,3.9374537467956543,0.5232511758804321,0.0,25.0,0.0,0.0,25.0,0.0,25.0,0.3226854205131531,0.2077735811471939,2.8092041015625,0.2789929509162903,0.021666042506694794,-0.07843251526355743
638,1.9115731020001476,116.537344,0.9102757573127747,0.3258647620677948,0.09218881279230118,0.0205078125,0.07017282396554947,0.0,0.07138286530971527,0.001573318149894476,0.08892822265625,0.0,0.0,0.0,0.0,0.0,1.6378331184387207,3.8594913482666016,0.520571231842041,0.0,14.0,0.0,0.0,14.0,0.0,14.0,0.32354772090911865,0.20269064605236053,2.7657470703125,0.2799510558446248,0.021630498270193737,-0.07855609804391861
639,1.9427163540003676,116.537344,0.9604859352111816,0.31959444284439087,0.015397800132632256,0.0205078125,0.07425867021083832,0.0,0.07908676564693451,0.002246168442070484,0.10009765625,0.0,0.0,0.0,0.0,0.0,1.5234297513961792,4.165543556213379,0.5546175241470337,0.0,25.0,0.0,0.0,25.0,0.0,25.0,0.32320165634155273,0.19666127860546112,2.7463175455729165,0.2797818382581075,0.021689988672733307,-0.07879513502120972
640,1.9688672570000563,116.537344,0.9347447752952576,0.3292325735092163,0.05664954334497452,0.0205078125,0.07186125963926315,0.0,0.07886361330747604,0.001841608784161508,0.1108601912856102,0.0,0.0,0.0,0.0,0.0,1.4391915798187256,4.366663932800293,0.5242385268211365,0.0,15.0,0.0,0.0,15.0,0.0,15.0,0.32301125923792523,0.19671602547168732,2.7427571614583335,0.27914826075236004,0.021626852452754974,-0.07883033901453018
641,1.9367055249999794,116.537344,0.9615740180015564,0.3419785499572754,0.04120577126741409,0.0185546875,0.07323876023292542,0.0,0.08383163809776306,0.002507566474378109,0.11895751953125,0.0,0.0,0.0,0.0,0.0,1.4236223697662354,4.773104667663574,0.5767656564712524,0.0,28.0,0.0,0.0,28.0,0.0,28.0,0.3221626281738281,0.19992104172706604,2.7302652994791665,0.2777421871821086,0.021527881423632305,-0.07883919775485992
642,1.9704270919996816,116.537344,0.9893053770065308,0.3495500087738037,0.051150768995285034,0.0185546875,0.07583671063184738,0.0,0.07814278453588486,0.0024098993744701147,0.1103719100356102,0.0,0.0,0.0,0.0,0.0,1.4808363914489746,4.995129585266113,0.573682427406311,0.0,34.0,0.0,0.0,34.0,0.0,34.0,0.3213876088460286,0.20533454418182373,2.7582804361979165,0.2768935561180115,0.02158404141664505,-0.014612800441682339
643,1.9611586430000898,116.537344,0.9461595416069031,0.35811203718185425,0.04909326508641243,0.0185546875,0.07176867127418518,0.0,0.07050241529941559,0.001952362130396068,0.0901082381606102,0.0,0.0,0.0,0.0,0.0,1.5414104461669922,4.980950355529785,0.5619291663169861,0.0,26.0,0.0,0.0,26.0,0.0,26.0,0.3207103411356608,0.19456630945205688,2.8051554361979165,0.2763519485791524,0.02167960007985433,-0.02077767252922058
644,1.9175062199997228,116.537344,0.8988292217254639,0.36123496294021606,0.04275944456458092,0.0185546875,0.06738033145666122,0.0,0.06805162131786346,0.0017689535161480308,0.0843302458524704,0.0,0.0,0.0,0.0,0.0,1.5973104238510132,4.752627849578857,0.5507471561431885,0.0,23.0,0.0,0.0,23.0,0.0,23.0,0.32086320718129474,0.1975153386592865,2.7919718424479165,0.27628664175669354,0.021639816462993622,-0.011337405070662498
645,1.9898629899998923,116.537344,0.8953161835670471,0.3519998788833618,0.02191750891506672,0.017578125,0.06724381446838379,0.0,0.06845089048147202,0.0018665480893105268,0.0821940153837204,0.0,0.0,0.0,0.0,0.0,1.6373863220214844,4.461419582366943,0.5432094931602478,0.0,23.0,0.0,0.0,23.0,0.0,23.0,0.32069889704386395,0.19770221412181854,2.7935587565104165,0.2762195865313212,0.021634362637996674,-0.04649536311626434
646,2.025071298000057,116.537344,0.9001104831695557,0.3342738747596741,0.031357329338788986,0.017578125,0.06817899644374847,0.0,0.07060283422470093,0.001966141164302826,0.0846354216337204,0.0,0.0,0.0,0.0,0.0,1.5923470258712769,4.063586235046387,0.5558751821517944,0.0,21.0,0.0,0.0,21.0,0.0,21.0,0.32140521208445233,0.20175977051258087,2.7981974283854165,0.2766808271408081,0.021558701992034912,-0.0626482293009758
647,1.9717912989999604,116.537344,0.9175489544868469,0.3187956213951111,0.04151396080851555,0.017578125,0.07040813565254211,0.0,0.0699097141623497,0.0020202798768877983,0.0842692106962204,0.0,0.0,0.0,0.0,0.0,1.5488948822021484,3.96083927154541,0.5501822829246521,0.0,33.0,0.0,0.0,33.0,0.0,33.0,0.3225382963816325,0.19797581434249878,2.81341552734375,0.27812864383061725,0.021568328142166138,-0.06298837065696716
648,1.9494096829998853,116.537344,0.922309398651123,0.3121478259563446,0.05148575082421303,0.017578125,0.07149361073970795,0.0,0.06891639530658722,0.0019850691314786673,0.0836181640625,0.0,0.0,0.0,0.0,0.0,1.4623076915740967,3.993587017059326,0.5212289690971375,0.0,21.0,0.0,0.0,21.0,0.0,21.0,0.3233795166015625,0.206983283162117,2.8333740234375,0.2792774240175883,0.02158107856909434,-0.06433867663145065
649,2.0087353130002157,116.537344,0.9091711640357971,0.32059764862060547,0.0266143586486578,0.017578125,0.0699470117688179,0.0,0.07174840569496155,0.002188450424000621,0.09417724609375,0.0,0.0,0.0,0.0,0.0,1.3952391147613525,3.986633062362671,0.5515050888061523,0.0,20.0,0.0,0.0,20.0,0.0,20.0,0.3232813278834025,0.20353087782859802,2.8311971028645835,0.2793557643890381,0.021641753613948822,-0.06587963551282883
650,2.0126351039998553,116.537344,0.8612600564956665,0.3369140326976776,0.04882436618208885,0.017578125,0.06530260294675827,0.0,0.07081425935029984,0.0024314080365002155,0.0945231169462204,0.0,0.0,0.0,0.0,0.0,1.375054121017456,4.028761386871338,0.5484676361083984,0.0,28.0,0.0,0.0,28.0,0.0,28.0,0.3235493302345276,0.19939664006233215,2.8573811848958335,0.27930380900700885,0.021516395111878712,-0.06557749956846237
651,1.9572045459999572,116.537344,0.8321328163146973,0.35468170046806335,0.02035958133637905,0.017578125,0.062393706291913986,0.0,0.06634320318698883,0.0020467201247811317,0.0869954451918602,0.0,0.0,0.0,0.0,0.0,1.367193579673767,4.280200004577637,0.5507737398147583,0.0,27.0,0.0,0.0,27.0,0.0,27.0,0.32372091213862103,0.21486476063728333,2.86370849609375,0.2795440157254537,0.021542792518933613,-0.06801535934209824
652,1.9158264640000198,116.537344,0.8566924929618835,0.3710976541042328,0.039189521223306656,0.017578125,0.06431828439235687,0.0,0.06632541865110397,0.001963901100680232,0.0879313200712204,0.0,0.0,0.0,0.0,0.0,1.4673242568969727,4.440115451812744,0.5574620962142944,0.0,24.0,0.0,0.0,24.0,0.0,24.0,0.32312969366709393,0.21493540704250336,2.85809326171875,0.2790838877360026,0.021532240013281505,-0.06903807073831558
653,1.9190428289998636,116.537344,0.8480219841003418,0.37956908345222473,0.04550661891698837,0.0185546875,0.06316494941711426,0.0,0.06662339717149734,0.0018830755725502968,0.08740234375,0.0,0.0,0.0,0.0,0.0,1.4796732664108276,4.442719459533691,0.5662658214569092,0.0,23.0,0.0,1.0,22.0,0.0,23.0,0.3225128849347432,0.20423172414302826,2.8372395833333335,0.27823354800542194,0.021524998048941296,-0.06897290050983429
654,1.9422984160000851,116.537344,0.8464969992637634,0.3763013184070587,0.04545300453901291,0.0185546875,0.06299512088298798,0.0,0.06582678854465485,0.0017425413243472576,0.086669921875,0.0,0.0,0.0,0.0,0.0,1.5819754600524902,4.395125865936279,0.5557889342308044,0.0,22.0,0.0,0.0,22.0,0.0,22.0,0.32230818271636963,0.20337754487991333,2.82568359375,0.27803488572438556,0.021662411590417225,-0.07260589301586151
655,1.8953290749996086,116.537344,0.8728162050247192,0.36033883690834045,0.01860920526087284,0.0185546875,0.06548849493265152,0.0,0.06616540998220444,0.0017345170490443707,0.08514404296875,0.0,0.0,0.0,0.0,0.0,1.6606028079986572,4.399684429168701,0.557535707950592,0.0,17.0,0.0,0.0,17.0,0.0,17.0,0.3221406539281209,0.198075532913208,2.8146158854166665,0.2779673933982849,0.021778389811515808,-0.02885684370994568
656,1.879582991999996,116.537344,0.9174080491065979,0.34038084745407104,0.011617912910878658,0.0185546875,0.06969934701919556,0.0,0.06943283975124359,0.001965307630598545,0.0834554061293602,0.0,0.0,0.0,0.0,0.0,1.684861660003662,4.3306121826171875,0.5513789057731628,0.0,19.0,0.0,0.0,19.0,0.0,19.0,0.321560800075531,0.20602352917194366,2.798828125,0.2777366836865743,0.02173550675312678,-0.014617670327425003
657,1.8554991119999613,116.537344,0.9481759071350098,0.32368233799934387,0.019105099141597748,0.0185546875,0.07273826003074646,0.0,0.06931193172931671,0.001522855251096189,0.0748291015625,0.0,0.0,0.0,0.0,0.0,1.676314353942871,4.290044784545898,0.5617498159408569,0.0,27.0,0.0,1.0,26.0,0.0,27.0,0.32153642177581787,0.19570741057395935,2.77880859375,0.2779572010040283,0.021668208142121632,-0.016170283779501915
658,1.884449171000142,116.537344,0.9556233882904053,0.31647777557373047,0.17899397015571594,0.0185546875,0.07332948595285416,0.0,0.07571584731340408,0.0014759600162506104,0.086669921875,0.0,0.0,0.0,0.0,0.0,1.6939361095428467,4.254898548126221,0.5682023763656616,0.0,11.0,0.0,0.0,11.0,0.0,11.0,0.32124165693918866,0.18475733697414398,2.7567342122395835,0.27762627601623535,0.02155577888091405,-0.015502571128308773
659,1.9998523829999613,116.537344,1.0269612073898315,0.3142153322696686,0.02878810651600361,0.0185546875,0.07939313352108002,0.0,0.08079731464385986,0.002001813380047679,0.0943603515625,0.0,0.0,0.0,0.0,0.0,1.571966528892517,5.023199081420898,0.5908540487289429,0.0,33.0,0.0,0.0,33.0,0.0,33.0,0.32184412082036334,0.18539941310882568,2.7354939778645835,0.27785460154215497,0.021458064516385395,-0.01526759471744299
660,2.0178906109999843,116.537344,1.0128490924835205,0.33394062519073486,0.04033821448683739,0.0185546875,0.0778869241476059,0.0,0.08185616135597229,0.0020291684195399284,0.1058146208524704,0.0,0.0,0.0,0.0,0.0,1.5269960165023804,5.366434097290039,0.5654237270355225,0.0,19.0,0.0,0.0,19.0,0.0,19.0,0.32177595297495526,0.18980012834072113,2.69439697265625,0.27774616082509357,0.02144152671098709,-0.015336050651967525
661,1.979515672999696,116.537344,1.0417182445526123,0.3472338318824768,0.06568878889083862,0.01953125,0.08005811274051666,0.0,0.08474195003509521,0.0023558654356747866,0.10919189453125,0.0,0.0,0.0,0.0,0.0,1.5103671550750732,5.50262975692749,0.5902872085571289,0.0,30.0,0.0,1.0,29.0,0.0,30.0,0.32096465428670246,0.18489336967468262,2.6731363932291665,0.27706724405288696,0.021514877676963806,-0.021531924605369568
662,1.9393937529998766,116.537344,0.9822857975959778,0.36207395792007446,0.05832464620471001,0.0205078125,0.07436825335025787,0.0,0.08356153964996338,0.0021908292546868324,0.1079508513212204,0.0,0.0,0.0,0.0,0.0,1.5744192600250244,5.171153545379639,0.5682973265647888,0.0,25.0,1.0,1.0,25.0,0.0,25.0,0.3201516668001811,0.19303934276103973,2.6801554361979165,0.27642567952473956,0.021688175698121388,-0.024492964148521423
663,1.9584382329999244,116.537344,1.0249046087265015,0.35156428813934326,0.03166104108095169,0.0205078125,0.07765187323093414,0.0,0.08809515088796616,0.0025149518623948097,0.1121012419462204,0.0,0.0,0.0,0.0,0.0,1.7154992818832397,4.97141170501709,0.6233186721801758,0.0,30.0,0.0,0.0,30.0,0.0,30.0,0.3187170624732971,0.20534352958202362,2.6964111328125,0.2749255299568176,0.021734438836574554,-0.021488815546035767
664,2.0529241580002235,116.537344,1.0298213958740234,0.33675846457481384,0.00787157192826271,0.0205078125,0.07847345620393753,0.0,0.08826015889644623,0.0022805852349847555,0.120361328125,0.0,0.0,0.0,0.0,0.0,1.7939847707748413,4.722092628479004,0.6012081503868103,0.0,26.0,0.0,0.0,26.0,0.0,26.0,0.3182818094889323,0.1974635273218155,2.7352498372395835,0.27474451065063477,0.021682530641555786,-0.016482651233673096
665,2.0302033040002243,116.537344,1.039965271949768,0.3194839656352997,0.013769377954304218,0.0205078125,0.07972107827663422,0.0,0.09030888974666595,0.0029975753277540207,0.1195475310087204,0.0,0.0,0.0,0.0,0.0,1.7939252853393555,4.503928184509277,0.6080493330955505,0.0,40.0,0.0,0.0,40.0,0.0,40.0,0.3190500537554423,0.19961662590503693,2.7285563151041665,0.27537643909454346,0.021637563904126484,-0.019951308146119118
666,2.0215327199998683,116.537344,1.035073161125183,0.30465608835220337,0.02334996685385704,0.01953125,0.08017174899578094,0.0,0.08394961059093475,0.0025463609490543604,0.1042073592543602,0.0,0.0,0.0,0.0,0.0,1.7374690771102905,4.254660606384277,0.6078329682350159,0.0,30.0,0.0,0.0,30.0,0.0,30.0,0.32007179657618207,0.20587536692619324,2.7569783528645835,0.27637459834416706,0.021623929341634113,-0.01962888240814209
667,2.086260741999922,116.537344,1.0418163537979126,0.29775458574295044,0.06435266882181168,0.0185546875,0.08119507879018784,0.0,0.08310052007436752,0.002378624863922596,0.1034749373793602,0.0,0.0,0.0,0.0,0.0,1.6584323644638062,4.0182294845581055,0.6163744330406189,0.0,31.0,0.0,0.0,31.0,0.0,31.0,0.32001612583796185,0.20761235058307648,2.7921549479166665,0.27650131781895954,0.021743260324001312,-0.019559888169169426
668,1.9875286809997306,116.537344,1.0122672319412231,0.2982361912727356,0.05189526081085205,0.01953125,0.07888175547122955,0.0,0.08311888575553894,0.0018561489414423704,0.1034139022231102,0.0,0.0,0.0,0.0,0.0,1.5526399612426758,3.8710532188415527,0.5973705053329468,0.0,29.0,0.0,1.0,28.0,0.0,29.0,0.32068900267283124,0.20588091015815735,2.79351806640625,0.27723721663157147,0.02175979067881902,-0.01221173070371151
669,1.9070019959999627,116.537344,0.981940507888794,0.30859747529029846,0.045384619385004044,0.01953125,0.07584241032600403,0.0,0.0871288999915123,0.0021903577726334333,0.1157023161649704,0.0,0.0,0.0,0.0,0.0,1.4803303480148315,3.9105327129364014,0.5763317346572876,0.0,24.0,0.0,0.0,24.0,0.0,24.0,0.32060958941777545,0.2016698718070984,2.74298095703125,0.27727794647216797,0.021645786861578625,-0.014642173424363136
670,1.9695135039996785,116.537344,0.9639403820037842,0.3245278596878052,0.010425465181469917,0.01953125,0.07356679439544678,0.0,0.08653058856725693,0.0024095899425446987,0.11602783203125,0.0,0.0,0.0,0.0,0.0,1.48651123046875,4.136373519897461,0.5954849720001221,0.0,34.0,0.0,1.0,33.0,0.0,34.0,0.320039967695872,0.20039238035678864,2.7900797526041665,0.2766128381093343,0.021672795216242473,-0.017288699746131897
671,2.0538121230001707,116.537344,0.9542677402496338,0.347074031829834,0.028971724212169647,0.01953125,0.07232467085123062,0.0,0.08385138213634491,0.0024684597738087177,0.1103922575712204,0.0,0.0,0.0,0.0,0.0,1.4947295188903809,4.353137016296387,0.615367591381073,0.0,33.0,0.0,1.0,32.0,0.0,33.0,0.32015514373779297,0.19165076315402985,2.7956746419270835,0.2766110897064209,0.021634948750336964,-0.015272960066795349
672,1.976585929999601,116.537344,0.9726228713989258,0.3555678725242615,0.03165056183934212,0.0185546875,0.07406055927276611,0.0,0.08314821869134903,0.0024880727287381887,0.11004638671875,0.0,0.0,0.0,0.0,0.0,1.5212507247924805,4.408897876739502,0.5866588950157166,0.0,24.0,0.0,0.0,24.0,0.0,24.0,0.319435993830363,0.19128352403640747,2.7956949869791665,0.27585432926813763,0.021614824732144673,-0.026417963206768036
673,2.0311262440000064,116.537344,0.9601829648017883,0.3601412773132324,0.04524845629930496,0.01953125,0.07263781875371933,0.0,0.08191587775945663,0.0026150632183998823,0.106689453125,0.0,0.0,0.0,0.0,0.0,1.6387691497802734,4.460042476654053,0.589928150177002,0.0,38.0,0.0,1.0,37.0,0.0,38.0,0.3189787069956462,0.1977693736553192,2.8169148763020835,0.2754114270210266,0.021543333927790325,-0.027189895510673523
674,2.04268806600021,116.537344,0.9341306090354919,0.3611132502555847,0.04073845595121384,0.01953125,0.07065394520759583,0.0,0.07606063783168793,0.002080415841192007,0.0975341796875,0.0,0.0,0.0,0.0,0.0,1.630392074584961,4.454194068908691,0.571391224861145,0.0,27.0,0.0,0.0,27.0,0.0,27.0,0.31985147794087726,0.19827856123447418,2.8038330078125,0.2765041987101237,0.02156911293665568,-0.01666243188083172
675,2.0954938580002818,116.537344,0.9114176034927368,0.35678717494010925,0.022307630628347397,0.01953125,0.06868624687194824,0.0,0.07667578756809235,0.002158956602215767,0.09637451171875,0.0,0.0,0.0,0.0,0.0,1.6441510915756226,4.372737884521484,0.5489358305931091,0.0,29.0,0.0,0.0,29.0,0.0,29.0,0.32050875822703045,0.19962741434574127,2.7523193359375,0.2773703932762146,0.02162793030341466,-0.01952824741601944
676,2.0164374959999805,116.537344,0.9396381378173828,0.33844098448753357,0.013782870955765247,0.0185546875,0.07172005623579025,0.0,0.07534601539373398,0.002112020505592227,0.0884806364774704,0.0,0.0,0.0,0.0,0.0,1.6735548973083496,4.337155342102051,0.5527330636978149,0.0,30.0,0.0,0.0,30.0,0.0,30.0,0.3213757673899333,0.204059436917305,2.77728271484375,0.2781003713607788,0.021581828594207764,-0.015907414257526398
677,1.978114407999783,116.537344,0.9797155857086182,0.3180758059024811,0.03274482861161232,0.0185546875,0.07594654709100723,0.0,0.07656875997781754,0.002045824658125639,0.0932413786649704,0.0,0.0,0.0,0.0,0.0,1.723426342010498,4.253711700439453,0.5578036308288574,0.0,25.0,0.0,0.0,25.0,0.0,25.0,0.32225241263707477,0.20001482963562012,2.7740885416666665,0.27870893478393555,0.02158633867899577,-0.014716248959302902
678,2.09737635700003,116.537344,1.0270978212356567,0.3010501265525818,0.0327334888279438,0.017578125,0.08080863952636719,0.0,0.07737169414758682,0.0018711000448092818,0.0956624373793602,0.0,0.0,0.0,0.0,0.0,1.6729886531829834,4.3424177169799805,0.5519410967826843,0.0,32.0,0.0,0.0,32.0,0.0,32.0,0.32383527358373004,0.19525988399982452,2.7378133138020835,0.2802055279413859,0.021573213239510853,-0.029631447046995163
679,1.9873749729999872,116.537344,1.0213080644607544,0.2980104684829712,0.03566128388047218,0.0166015625,0.08046161383390427,0.0,0.07555266469717026,0.0016373697435483336,0.0999552458524704,0.0,0.0,0.0,0.0,0.0,1.6210845708847046,4.337438106536865,0.5548444986343384,0.0,26.0,0.0,0.0,26.0,0.0,26.0,0.324295441309611,0.19529810547828674,2.7139892578125,0.2811221281687419,0.021665791670481365,-0.03467285633087158
680,2.0038046039999244,116.537344,1.0519275665283203,0.29678988456726074,0.011125875636935234,0.0166015625,0.08337324857711792,0.0,0.07731646299362183,0.0017815425526350737,0.11090087890625,0.0,0.0,0.0,0.0,0.0,1.5000152587890625,4.374403953552246,0.5666413903236389,0.0,26.0,0.0,0.0,26.0,0.0,26.0,0.32327884435653687,0.195036843419075,2.7576700846354165,0.28005184729894,0.02162851393222809,-0.020259082317352295
681,1.8969772209998155,116.537344,1.051201343536377,0.30439937114715576,0.017245883122086525,0.0166015625,0.08340863883495331,0.0,0.07571295648813248,0.0018061331938952208,0.1043904647231102,0.0,0.0,0.0,0.0,0.0,1.2992334365844727,4.346588134765625,0.5553114414215088,0.0,25.0,0.0,0.0,25.0,0.0,25.0,0.32285483678181964,0.19647744297981262,2.7724812825520835,0.27970075607299805,0.021667711436748505,-0.015037477016448975
682,1.9338444469999558,116.537344,0.9958468675613403,0.318741112947464,0.016902970150113106,0.017578125,0.07784315198659897,0.0,0.0729617178440094,0.0018428550101816654,0.0981648787856102,0.0,0.0,0.0,0.0,0.0,1.2612781524658203,4.234018325805664,0.5644712448120117,0.0,23.0,0.0,1.0,22.0,0.0,23.0,0.32215627034505206,0.2014138549566269,2.7625935872395835,0.2790273626645406,0.021827975908915203,-0.011352792382240295
683,1.8992572219999602,116.537344,0.9532496333122253,0.33196985721588135,0.017172913998365402,0.0185546875,0.07353698462247849,0.0,0.07018833607435226,0.0017254770500585437,0.0904947966337204,0.0,0.0,0.0,0.0,0.0,1.3352001905441284,4.118874549865723,0.577185869216919,0.0,23.0,0.0,1.0,22.0,0.0,23.0,0.3207741578420003,0.20446769893169403,2.82012939453125,0.27734100818634033,0.02179872492949168,-0.013510975986719131
684,2.0222564720002083,116.537344,0.912440836429596,0.3472471833229065,0.034010451287031174,0.0185546875,0.06936090439558029,0.0,0.06958072632551193,0.001843536039814353,0.0922648161649704,0.0,0.0,0.0,0.0,0.0,1.4852746725082397,4.172970294952393,0.549107551574707,0.0,16.0,0.0,0.0,16.0,0.0,16.0,0.31960256894429523,0.20508217811584473,2.8672281901041665,0.27617500225702923,0.02171581486860911,-0.012919697910547256
685,2.055056352000065,116.537344,0.9038872122764587,0.3518776297569275,0.018781835213303566,0.01953125,0.06793457269668579,0.0,0.06854136288166046,0.001797888777218759,0.08319091796875,0.0,0.0,0.0,0.0,0.0,1.557899832725525,4.446686744689941,0.5653107166290283,0.0,25.0,0.0,1.0,24.0,0.0,25.0,0.31935441493988037,0.1962355077266693,2.8570556640625,0.2758541504542033,0.02181404083967209,-0.006086341105401516
686,2.00074763900011,116.537344,0.8786560893058777,0.35493341088294983,0.027800563722848892,0.01953125,0.06564149260520935,0.0,0.06673116981983185,0.0016687121242284775,0.0791829451918602,0.0,0.0,0.0,0.0,0.0,1.6134510040283203,4.518294334411621,0.5515270233154297,0.0,22.0,0.0,0.0,22.0,0.0,22.0,0.3189898729324341,0.19891026616096497,2.85406494140625,0.275595486164093,0.02180982877810796,-0.003770737908780575
687,1.9746397129997604,116.537344,0.8761637210845947,0.3577449321746826,0.037530653178691864,0.01953125,0.0655902773141861,0.0,0.06593674421310425,0.0015452827792614698,0.07672119140625,0.0,0.0,0.0,0.0,0.0,1.6075966358184814,4.525702476501465,0.5602017641067505,0.0,24.0,0.0,0.0,24.0,0.0,24.0,0.3203580578168233,0.20045609772205353,2.85528564453125,0.27683814366658527,0.021745696663856506,-0.008499853312969208
688,2.019042408999667,116.537344,0.8512177467346191,0.3569912314414978,0.018755042925477028,0.01953125,0.0635380744934082,0.0,0.06599389761686325,0.0014659843873232603,0.0771891325712204,0.0,0.0,0.0,0.0,0.0,1.5603402853012085,4.53759241104126,0.5361859798431396,0.0,20.0,0.0,0.0,20.0,0.0,20.0,0.322223961353302,0.20442837476730347,2.80523681640625,0.2786554495493571,0.021630756556987762,-0.01763823628425598
689,2.0887619499999346,116.537344,0.8799539804458618,0.3434842824935913,0.017348097637295723,0.0185546875,0.06633564084768295,0.0,0.06947126239538193,0.0017024235567077994,0.081298828125,0.0,0.0,0.0,0.0,0.0,1.5748995542526245,4.502874374389648,0.5369763970375061,0.0,19.0,0.0,0.0,19.0,0.0,19.0,0.32209672530492145,0.201324462890625,2.8099772135416665,0.27878514925638836,0.02164667348066966,-0.01011202484369278
690,2.176503093000065,116.537344,0.9216368794441223,0.33192792534828186,0.016201024875044823,0.0185546875,0.07039064168930054,0.0,0.0734918862581253,0.0018286913400515914,0.0959676131606102,0.0,0.0,0.0,0.0,0.0,1.6022567749023438,4.500510215759277,0.5228055715560913,0.0,16.0,0.0,0.0,16.0,0.0,16.0,0.3218771417935689,0.20330481231212616,2.7990519205729165,0.27868133783340454,0.02169618010520935,-0.011428139172494411
691,2.1275202199999512,116.537344,0.9416755437850952,0.3271666169166565,0.017705943435430527,0.0185546875,0.07207269221544266,0.0,0.07624919712543488,0.0022081765346229076,0.1011149138212204,0.0,0.0,0.0,0.0,0.0,1.565568447113037,4.490322113037109,0.5404321551322937,0.0,27.0,0.0,0.0,27.0,0.0,27.0,0.3227318525314331,0.20626117289066315,2.75714111328125,0.2795689105987549,0.021682833631833393,-0.012090965174138546
692,2.0780620599998656,116.537344,0.9657882452011108,0.32424235343933105,0.01962912082672119,0.0185546875,0.07461120933294296,0.0,0.07678356021642685,0.002177372807636857,0.0998128280043602,0.0,0.0,0.0,0.0,0.0,1.5198876857757568,4.405307292938232,0.5478572845458984,0.0,19.0,0.0,0.0,19.0,0.0,19.0,0.3229430913925171,0.21295729279518127,2.7387491861979165,0.279828945795695,0.021630083521207173,-0.01653735339641571
693,2.0082356189996062,116.537344,1.000964879989624,0.32078817486763,0.02832041122019291,0.0185546875,0.07753507792949677,0.0,0.08052119612693787,0.0024838086683303118,0.1121826171875,0.0,0.0,0.0,0.0,0.0,1.4536656141281128,4.293032169342041,0.6009809374809265,0.0,25.0,0.0,0.0,25.0,0.0,25.0,0.32191916306813556,0.19980323314666748,2.7735799153645835,0.27866077423095703,0.02167092760403951,-0.013997118920087814
694,2.1093210889998772,116.537344,1.0025559663772583,0.32647430896759033,0.024583540856838226,0.0185546875,0.07774854451417923,0.0,0.07970279455184937,0.0025871461257338524,0.1116536483168602,0.0,0.0,0.0,0.0,0.0,1.3977912664413452,4.336393356323242,0.5867912769317627,0.0,29.0,0.0,0.0,29.0,0.0,29.0,0.32159650325775146,0.19982722401618958,2.7705281575520835,0.27837292353312176,0.021737416585286457,-0.02028534933924675
695,2.031755453000187,116.537344,0.9498375654220581,0.3332708477973938,0.02530093304812908,0.0185546875,0.07291829586029053,0.0,0.07262036949396133,0.0018707042327150702,0.0987752303481102,0.0,0.0,0.0,0.0,0.0,1.422579050064087,4.375842094421387,0.5662460327148438,0.0,32.0,0.0,0.0,32.0,0.0,32.0,0.32100188732147217,0.19362212717533112,2.806396484375,0.2780518929163615,0.021807963649431866,-0.014250297099351883
696,2.0418825359997754,116.537344,0.9000769853591919,0.3424000144004822,0.015110300853848457,0.017578125,0.0681462287902832,0.0,0.06991220265626907,0.001784295542165637,0.0916341170668602,0.0,0.0,0.0,0.0,0.0,1.45035719871521,4.447932243347168,0.5380350351333618,0.0,19.0,0.0,0.0,19.0,0.0,19.0,0.3197329839070638,0.1951763778924942,2.8382161458333335,0.2769670287768046,0.02173430969317754,-0.010409100912511349
697,2.1528638939998928,116.537344,0.8904314637184143,0.35378342866897583,0.03363746404647827,0.017578125,0.06688506156206131,0.0,0.06870989501476288,0.0019237231463193893,0.0835978239774704,0.0,0.0,0.0,0.0,0.0,1.49961256980896,4.565041542053223,0.546941876411438,0.0,22.0,0.0,0.0,22.0,0.0,22.0,0.3189481894175212,0.19955690205097198,2.8486124674479165,0.27615519364674884,0.021724708378314972,-0.015602108091115952
698,2.1093479470000602,116.537344,0.9053370356559753,0.3537698984146118,0.025805862620472908,0.015625,0.06824659556150436,0.0,0.06719589233398438,0.0017021296080201864,0.0820719450712204,0.0,0.0,0.0,0.0,0.0,1.5705231428146362,4.690113067626953,0.5385181903839111,0.0,23.0,0.0,0.0,23.0,0.0,23.0,0.3191366990407308,0.1998145431280136,2.8282877604166665,0.2762775619824727,0.021740131080150604,-0.020045720040798187
699,2.054125591000229,116.537344,0.9150392413139343,0.3507351875305176,0.013280698098242283,0.015625,0.06917044520378113,0.0,0.06892456114292145,0.0015849623596295714,0.0833333358168602,0.0,0.0,0.0,0.0,0.0,1.5685018301010132,4.62225341796875,0.5348597764968872,0.0,15.0,0.0,0.0,15.0,0.0,15.0,0.3188520272572835,0.20219017565250397,2.8332926432291665,0.27559735377629596,0.021677466730276745,-0.015620369464159012
700,2.0235244539999258,116.537344,0.9061807990074158,0.34893763065338135,0.009380662813782692,0.015625,0.06796174496412277,0.0,0.07422901690006256,0.0018888351041823626,0.09130859375,0.0,0.0,0.0,0.0,0.0,1.5584774017333984,4.428571701049805,0.5692932605743408,0.0,15.0,0.0,0.0,15.0,0.0,15.0,0.31949756542841595,0.19648519158363342,2.8081258138020835,0.2757797837257385,0.021650753915309906,-0.01158878207206726
701,2.205393168000228,116.537344,0.8949448466300964,0.3485948145389557,0.012992852367460728,0.013671875,0.06683414429426193,0.0,0.07557030767202377,0.0019148936262354255,0.0958455428481102,0.0,0.0,0.0,0.0,0.0,1.5958852767944336,4.480105876922607,0.576950192451477,0.0,33.0,0.0,0.0,33.0,0.0,33.0,0.320998211701711,0.19259218871593475,2.7571004231770835,0.27749882141749066,0.021588231126467388,-0.02265806868672371
702,2.0417107719999876,116.537344,0.8803468346595764,0.344085156917572,0.016598593443632126,0.013671875,0.06610508263111115,0.0,0.07515916228294373,0.0019344582688063383,0.0967000350356102,0.0,0.0,0.0,0.0,0.0,1.5540592670440674,4.398043155670166,0.5388267636299133,0.0,27.0,0.0,0.0,27.0,0.0,27.0,0.3220979571342468,0.19265757501125336,2.76715087890625,0.2782716353734334,0.021585019926230114,-0.013199858367443085
703,2.071033886999885,116.537344,0.8944723606109619,0.335542768239975,0.014432896859943867,0.0146484375,0.06772395968437195,0.0,0.07633838057518005,0.0019836791325360537,0.1009928435087204,0.0,0.0,0.0,0.0,0.0,1.5272830724716187,4.239330768585205,0.5482639670372009,0.0,27.0,0.0,1.0,26.0,0.0,27.0,0.3227064410845439,0.20275269448757172,2.7670084635416665,0.2785475254058838,0.021617429951826733,-0.011899984441697598
704,2.210139487000106,116.537344,0.9333502650260925,0.32553422451019287,0.046350520104169846,0.0146484375,0.07152938842773438,0.0,0.07831016927957535,0.001966221258044243,0.1052653044462204,0.0,0.0,0.0,0.0,0.0,1.5597217082977295,4.200178146362305,0.5511540770530701,0.0,28.0,0.0,0.0,28.0,0.0,28.0,0.32318458954493207,0.198198601603508,2.7907511393229165,0.27901629606882733,0.02166028569142024,-0.012362528592348099
705,2.1569930929999828,116.537344,0.9571624398231506,0.3223213851451874,0.05069888010621071,0.0146484375,0.07377102226018906,0.0,0.08048328757286072,0.002385290339589119,0.11065673828125,0.0,0.0,0.0,0.0,0.0,1.5164512395858765,4.256261348724365,0.5558500289916992,0.0,21.0,0.0,0.0,21.0,0.0,21.0,0.32358630498250324,0.19654454290866852,2.7815144856770835,0.27917641401290894,0.021697811782360077,-0.012438509613275528
706,2.0674883339997905,116.537344,0.9621949791908264,0.3273923993110657,0.010099809616804123,0.0146484375,0.07401598989963531,0.0,0.08030273765325546,0.0027044303715229034,0.1094156950712204,0.0,0.0,0.0,0.0,0.0,1.4896690845489502,4.413663387298584,0.5639263391494751,0.0,34.0,0.0,0.0,34.0,0.0,34.0,0.3228415648142497,0.2029145359992981,2.7857462565104165,0.2785327235857646,0.021756092707316082,-0.011958165094256401
707,1.9851133059996755,116.537344,0.9349676966667175,0.3373870849609375,0.020198164507746696,0.013671875,0.07191985845565796,0.0,0.07396049797534943,0.0021743285469710827,0.0977376326918602,0.0,0.0,0.0,0.0,0.0,1.4769608974456787,4.417063236236572,0.5298279523849487,0.0,27.0,0.0,0.0,27.0,0.0,27.0,0.32257765531539917,0.19545958936214447,2.8111572265625,0.278037428855896,0.02179514616727829,-0.011650165542960167
708,2.2092936730000474,116.537344,0.8796409368515015,0.35129082202911377,0.018909413367509842,0.013671875,0.06635873019695282,0.0,0.07336987555027008,0.002117038471624255,0.0977579802274704,0.0,0.0,0.0,0.0,0.0,1.5489495992660522,4.45062780380249,0.5198075175285339,0.0,23.0,0.0,0.0,23.0,0.0,23.0,0.3223759134610494,0.19550271332263947,2.8027547200520835,0.2775917450586955,0.021715437372525532,-0.012627113610506058
709,2.142830537000009,116.537344,0.8753027319908142,0.35349833965301514,0.025822129100561142,0.013671875,0.0658973902463913,0.0,0.07028847932815552,0.0020453506149351597,0.0880126953125,0.0,0.0,0.0,0.0,0.0,1.5179036855697632,4.414467811584473,0.528762936592102,0.0,30.0,0.0,0.0,30.0,0.0,30.0,0.3218422532081604,0.20335270464420319,2.81964111328125,0.27690547704696655,0.021617988745371502,-0.03462599217891693
710,2.0279234839999845,116.537344,0.8802924156188965,0.35261571407318115,0.015054936520755291,0.013671875,0.06648373603820801,0.0,0.06842705607414246,0.001997551182284951,0.08056640625,0.0,0.0,0.0,0.0,0.0,1.5409563779830933,4.360826015472412,0.5147733688354492,0.0,16.0,0.0,0.0,16.0,0.0,16.0,0.3213863770167033,0.19540256261825562,2.82305908203125,0.276144544283549,0.021478195985158283,-0.03260865807533264
711,2.0304790939999293,116.537344,0.9176251292228699,0.3456958532333374,0.014865197241306305,0.0126953125,0.06979923695325851,0.0,0.06971713155508041,0.001982094720005989,0.0808919295668602,0.0,0.0,0.0,0.0,0.0,1.5887422561645508,4.457300186157227,0.527833878993988,0.0,24.0,0.0,0.0,24.0,0.0,24.0,0.3212206761042277,0.1951959729194641,2.8086140950520835,0.276103138923645,0.0215450053413709,-0.030188418924808502
712,1.9815693969999302,116.537344,0.9379399418830872,0.3344883322715759,0.008899250067770481,0.0126953125,0.07188066840171814,0.0,0.06968631595373154,0.0016620820388197899,0.0823974609375,0.0,0.0,0.0,0.0,0.0,1.6345561742782593,4.535074234008789,0.5163066983222961,0.0,19.0,0.0,0.0,19.0,0.0,19.0,0.3210935990015666,0.19696657359600067,2.7968343098958335,0.2759927113850911,0.02154901623725891,-0.03275386989116669
713,2.0072696130000622,116.537344,1.019953966140747,0.3176874816417694,0.01035329420119524,0.0126953125,0.07918931543827057,0.0,0.07606110721826553,0.0022245384752750397,0.09185791015625,0.0,0.0,0.0,0.0,0.0,1.661283254623413,4.647955417633057,0.56438148021698,0.0,26.0,0.0,0.0,26.0,0.0,26.0,0.32071759303410846,0.19825904071331024,2.7780965169270835,0.27572786808013916,0.02156033366918564,-0.03731546550989151
714,2.0429979989999083,116.537344,1.0329166650772095,0.3091471791267395,0.008335906080901623,0.0126953125,0.08107636868953705,0.0,0.07416605949401855,0.0018913710955530405,0.0882975310087204,0.0,0.0,0.0,0.0,0.0,1.5855944156646729,4.727417945861816,0.5306600332260132,0.0,21.0,0.0,0.0,21.0,0.0,21.0,0.321993629137675,0.2036321610212326,2.7657877604166665,0.27716432015101117,0.021572773655255634,-0.03723638504743576
715,2.106058956000197,116.537344,1.0371713638305664,0.3085702061653137,0.023197690024971962,0.0126953125,0.08139295876026154,0.0,0.07744012773036957,0.0020777322351932526,0.1004842147231102,0.0,0.0,0.0,0.0,0.0,1.5796177387237549,4.690296173095703,0.5391832590103149,0.0,21.0,0.0,0.0,21.0,0.0,21.0,0.3225962122281392,0.20150840282440186,2.7055867513020835,0.2776983976364136,0.02154144396384557,-0.020632311701774597
716,1.98114143399971,116.537344,1.0104278326034546,0.3145897686481476,0.0317634753882885,0.0126953125,0.07859115302562714,0.0,0.08034148812294006,0.0022158862557262182,0.1090087890625,0.0,0.0,0.0,0.0,0.0,1.5588538646697998,4.68800687789917,0.5446295142173767,0.0,13.0,0.0,0.0,13.0,0.0,13.0,0.32236899932225543,0.19334806501865387,2.7261962890625,0.2777071197827657,0.021510623395442963,-0.014723924919962883
717,2.0421443669997643,116.537344,0.9921735525131226,0.3251670002937317,0.016399281099438667,0.01171875,0.07652530074119568,0.0,0.08031901717185974,0.0026173871010541916,0.10693359375,0.0,0.0,0.0,0.0,0.0,1.5276154279708862,4.7413010597229,0.565426766872406,0.0,37.0,0.0,0.0,37.0,0.0,37.0,0.3224564592043559,0.19331488013267517,2.7444661458333335,0.2778393228848775,0.021548137068748474,-0.019648760557174683
718,2.0701099999996586,116.537344,0.9737725853919983,0.335540771484375,0.01175063755363226,0.0107421875,0.07485314458608627,0.0,0.07792582362890244,0.0023453012108802795,0.10302734375,0.0,0.0,0.0,0.0,0.0,1.5138099193572998,4.7298173904418945,0.5679306983947754,0.0,25.0,0.0,0.0,25.0,0.0,25.0,0.32301153739293414,0.2047313153743744,2.7418416341145835,0.27862030267715454,0.021525549391905468,-0.0216066837310791
719,2.003144531000089,116.537344,0.949463427066803,0.34276092052459717,0.025908201932907104,0.0107421875,0.07220432162284851,0.0,0.07566432654857635,0.0022062368225306273,0.09869384765625,0.0,0.0,0.0,0.0,0.0,1.5021135807037354,4.703056335449219,0.5916413068771362,0.0,26.0,0.0,0.0,26.0,0.0,26.0,0.3222828507423401,0.2048233449459076,2.7508138020833335,0.2783271869023641,0.021703315277894337,-0.024700820446014404
720,1.9349989629999982,116.537344,0.9311845302581787,0.34508562088012695,0.020053884014487267,0.0107421875,0.07071580737829208,0.0,0.07424735277891159,0.0018308269791305065,0.0957234725356102,0.0,0.0,0.0,0.0,0.0,1.5185792446136475,4.525613307952881,0.5608424544334412,0.0,18.0,0.0,0.0,18.0,0.0,18.0,0.32137924432754517,0.2017105221748352,2.7733968098958335,0.2777364253997803,0.02158984790245692,-0.017738409340381622
721,1.8928747479999402,116.537344,0.94217848777771,0.3464427590370178,0.028231767937541008,0.0107421875,0.0713869258761406,0.0,0.07609735429286957,0.002162206219509244,0.1019287109375,0.0,0.0,0.0,0.0,0.0,1.615119457244873,4.519443035125732,0.5738222002983093,0.0,25.0,0.0,0.0,25.0,0.0,25.0,0.3209487994511922,0.20039232075214386,2.7656453450520835,0.2775196035703023,0.021580604215463,-0.018309246748685837
722,2.0038204059997042,116.537344,0.9485640525817871,0.3414671719074249,0.011114632710814476,0.01171875,0.0718684196472168,0.0,0.07667019963264465,0.0022319399286061525,0.0967814177274704,0.0,0.0,0.0,0.0,0.0,1.6186803579330444,4.44033145904541,0.5821483731269836,0.0,25.0,1.0,1.0,25.0,0.0,25.0,0.3199658195177714,0.1952933371067047,2.7607218424479165,0.27666401863098145,0.02147284398476283,-0.018221236765384674
723,2.068626421999852,116.537344,0.9728578329086304,0.329548716545105,0.015348759479820728,0.01171875,0.07428106665611267,0.0,0.07584059983491898,0.0020763427019119263,0.091552734375,0.0,0.0,0.0,0.0,0.0,1.5932223796844482,4.316292762756348,0.6057441830635071,0.0,27.0,0.0,0.0,27.0,0.0,27.0,0.3189178506533305,0.19552938640117645,2.77252197265625,0.2760949730873108,0.021484486758708954,-0.02049318701028824
724,1.973494325000047,116.537344,0.9581483602523804,0.3214896321296692,0.0661897137761116,0.01171875,0.07285159826278687,0.0,0.07590807974338531,0.001716248458251357,0.0930582731962204,0.0,0.0,0.0,0.0,0.0,1.6098731756210327,4.256801128387451,0.604093611240387,0.0,15.0,0.0,0.0,15.0,0.0,15.0,0.3184746702512105,0.19628381729125977,2.79681396484375,0.2756899793942769,0.021582600971062977,-0.015433928929269314
725,1.9498243870002625,116.537344,0.9760231375694275,0.3204197883605957,0.023040015250444412,0.01171875,0.07385851442813873,0.0,0.08174967765808105,0.0021071808878332376,0.1083577498793602,0.0,0.0,0.0,0.0,0.0,1.6521281003952026,4.4935712814331055,0.6386904716491699,0.0,23.0,1.0,0.0,24.0,0.0,23.0,0.31866349776585895,0.1928064227104187,2.7610880533854165,0.27611509958902997,0.021644095579783123,-0.017314627766609192
726,1.9803214839998873,116.537344,0.9945260286331177,0.3239138722419739,0.014756283722817898,0.01171875,0.07523158937692642,0.0,0.08019757270812988,0.0019174739718437195,0.10345458984375,0.0,0.0,0.0,0.0,0.0,1.6103858947753906,4.757499694824219,0.6841257810592651,0.0,30.0,0.0,0.0,30.0,0.0,30.0,0.3191146453221639,0.19320444762706757,2.7644856770833335,0.27665432294209796,0.021522338191668194,-0.018305227160453796
727,2.015378126000087,116.537344,0.98964524269104,0.33340123295783997,0.034157250076532364,0.0107421875,0.07485592365264893,0.0,0.08142486214637756,0.0019505334785208106,0.1029052734375,0.0,0.0,0.0,0.0,0.0,1.5165834426879883,4.796914100646973,0.667310893535614,0.0,25.0,0.0,0.0,25.0,0.0,25.0,0.31914613644282025,0.1910119652748108,2.7241007486979165,0.2768698533376058,0.021620817482471466,-0.01970062404870987
728,2.0072036890001073,116.537344,1.0142723321914673,0.3351432979106903,0.01613166555762291,0.009765625,0.07721603661775589,0.0,0.08449091762304306,0.0020859199576079845,0.10931396484375,0.0,0.0,0.0,0.0,0.0,1.4860996007919312,4.769947052001953,0.6560887098312378,0.0,22.0,0.0,0.0,22.0,0.0,22.0,0.3188408613204956,0.19096921384334564,2.7104899088541665,0.27659674485524494,0.021569937467575073,-0.019397005438804626
729,2.060023751999779,116.537344,1.0360865592956543,0.33066707849502563,0.011155401356518269,0.009765625,0.07933039963245392,0.0,0.08582001179456711,0.002112479181960225,0.1110432967543602,0.0,0.0,0.0,0.0,0.0,1.5201549530029297,4.616827487945557,0.6684360504150391,0.0,25.0,0.0,0.0,25.0,0.0,25.0,0.31883662939071655,0.1929335594177246,2.7292683919270835,0.27601198355356854,0.021446605523427326,-0.01959594152867794
730,2.086225275000288,116.537344,1.0366321802139282,0.32979634404182434,0.011277745477855206,0.009765625,0.07907259464263916,0.0,0.08848028630018234,0.0024051021318882704,0.1121419295668602,0.0,0.0,0.0,0.0,0.0,1.6133897304534912,4.48709774017334,0.679173469543457,0.0,22.0,0.0,0.0,22.0,0.0,22.0,0.3187599579493205,0.19643022119998932,2.7336222330729165,0.27540457248687744,0.021521630386511486,-0.019868969917297363
731,2.067518156999995,116.537344,1.0560717582702637,0.32173192501068115,0.006331932730972767,0.009765625,0.0811072289943695,0.0,0.08870210498571396,0.0025213612243533134,0.1156005859375,0.0,0.0,0.0,0.0,0.0,1.6799319982528687,4.441802501678467,0.6666419506072998,0.0,34.0,0.0,0.0,34.0,0.0,34.0,0.3192044297854106,0.20374053716659546,2.7331339518229165,0.2758280833562215,0.021562012533346813,-0.06693480908870697
732,2.096524084000066,116.537344,1.039549469947815,0.3171815872192383,0.007466771639883518,0.009765625,0.0800616592168808,0.0,0.08481915295124054,0.0022647064179182053,0.1111653670668602,0.0,0.0,0.0,0.0,0.0,1.623476505279541,4.289569854736328,0.6633795499801636,0.0,34.0,0.0,0.0,34.0,0.0,34.0,0.32052727540334064,0.2167617827653885,2.74151611328125,0.2768781781196594,0.02161410202582677,-0.07658896595239639
733,1.947111097999823,116.537344,1.0158600807189941,0.3168312609195709,0.008848938159644604,0.009765625,0.07820115983486176,0.0,0.08292537182569504,0.001967316260561347,0.1108805388212204,0.0,0.0,0.0,0.0,0.0,1.613327980041504,4.092144966125488,0.6497670412063599,0.0,24.0,0.0,0.0,24.0,0.0,24.0,0.3207230567932129,0.2036784291267395,2.75042724609375,0.27753762404123944,0.021656798819700878,-0.07689569890499115
734,1.9344915770002444,116.537344,1.0390881299972534,0.31438934803009033,0.007341505028307438,0.009765625,0.08052264153957367,0.0,0.084178626537323,0.0023674294352531433,0.11322021484375,0.0,0.0,0.0,0.0,0.0,1.565006971359253,4.067008018493652,0.6530278921127319,0.0,29.0,0.0,0.0,29.0,0.0,29.0,0.3207232554753621,0.19878298044204712,2.7605997721354165,0.2776525616645813,0.021660104393959045,-0.07742023468017578
735,2.109643722999863,116.537344,1.0524485111236572,0.3064264953136444,0.028016723692417145,0.009765625,0.08209413290023804,0.0,0.08280279487371445,0.0027312887832522392,0.10699462890625,0.0,0.0,0.0,0.0,0.0,1.519672155380249,4.019277572631836,0.6567758917808533,0.0,35.0,0.0,0.0,35.0,0.0,35.0,0.3205380042394002,0.19471333920955658,2.7789306640625,0.27764083941777545,0.021683916449546814,-0.07754375040531158
736,2.0704028139998627,116.537344,1.0159088373184204,0.3078158497810364,0.039884570986032486,0.009765625,0.07925437390804291,0.0,0.07555899024009705,0.0021300739608705044,0.0940755233168602,0.0,0.0,0.0,0.0,0.0,1.489307165145874,4.0207319259643555,0.6288959980010986,0.0,32.0,0.0,0.0,32.0,0.0,32.0,0.32125906149546307,0.1980927586555481,2.7927449544270835,0.2779144247372945,0.021694843967755634,-0.07816144078969955
737,2.0461323090003134,116.537344,0.9547877907752991,0.31967395544052124,0.01705222949385643,0.0087890625,0.07367252558469772,0.0,0.070143923163414,0.0016772638773545623,0.0875447615981102,0.0,0.0,0.0,0.0,0.0,1.4854968786239624,4.19558048248291,0.5980327129364014,0.0,26.0,0.0,0.0,26.0,0.0,26.0,0.3222169478734334,0.19874069094657898,2.77777099609375,0.27874551216761273,0.021586067974567413,-0.07822034507989883
738,2.0466798960001142,116.537344,0.9617785811424255,0.32842954993247986,0.01047943439334631,0.0087890625,0.07409565150737762,0.0,0.06966941803693771,0.0016241539269685745,0.0888468474149704,0.0,0.0,0.0,0.0,0.0,1.4439448118209839,4.324253082275391,0.6063809394836426,0.0,23.0,0.0,0.0,23.0,0.0,23.0,0.32169198989868164,0.2001451700925827,2.7964680989583335,0.2784526546796163,0.021523674329121906,-0.07804420590400696
739,1.9664157130000604,116.537344,0.9545029997825623,0.3399263024330139,0.015604865737259388,0.0087890625,0.07360980659723282,0.0,0.06822152435779572,0.001590135507285595,0.0902506560087204,0.0,0.0,0.0,0.0,0.0,1.401059627532959,4.322122573852539,0.5810944437980652,0.0,21.0,0.0,0.0,21.0,0.0,21.0,0.321347177028656,0.1966356337070465,2.8067830403645835,0.2778060833613078,0.02154351770877838,-0.0722617506980896
740,1.9011851720001687,116.537344,0.9345114827156067,0.3516028821468353,0.03606327623128891,0.0078125,0.07139971107244492,0.0,0.06738018244504929,0.0016404868802055717,0.0854695662856102,0.0,0.0,0.0,0.0,0.0,1.4423831701278687,4.415372848510742,0.5871152877807617,0.0,24.0,0.0,0.0,24.0,0.0,24.0,0.32150230805079144,0.19592855870723724,2.8026326497395835,0.27775176366170246,0.021678050359090168,-0.03538268804550171
741,1.8351906289999533,116.537344,0.9209802150726318,0.3554643988609314,0.031037727370858192,0.0078125,0.06992015242576599,0.0,0.06725446879863739,0.0016964003443717957,0.08978271484375,0.0,0.0,0.0,0.0,0.0,1.5513064861297607,4.438847541809082,0.585235059261322,0.0,17.0,0.0,0.0,17.0,0.0,17.0,0.321686327457428,0.19558559358119965,2.8190714518229165,0.2775472402572632,0.021730154752731323,-0.01620454154908657
742,1.9238030189999336,116.537344,0.9300951957702637,0.3480687737464905,0.026182489469647408,0.0078125,0.07094936817884445,0.0,0.06660139560699463,0.0017977631650865078,0.08514404296875,0.0,0.0,0.0,0.0,0.0,1.5440356731414795,4.378002166748047,0.5805799961090088,0.0,26.0,0.0,0.0,26.0,0.0,26.0,0.32136348883310956,0.1981559544801712,2.83544921875,0.2773512601852417,0.021609564622243244,-0.039620958268642426
743,1.9931081350000568,116.537344,0.9291694760322571,0.33731526136398315,0.04297967627644539,0.0087890625,0.07100149244070053,0.0,0.0660993754863739,0.001602745964191854,0.0784505233168602,0.0,0.0,0.0,0.0,0.0,1.592993140220642,4.236789226531982,0.5818647146224976,0.0,20.0,0.0,1.0,19.0,0.0,20.0,0.32153133551279706,0.20396901667118073,2.8082071940104165,0.27788299322128296,0.021712663273016613,-0.01650887168943882
744,1.9953938680000647,116.537344,0.9263803362846375,0.3297669589519501,0.013888468965888023,0.009765625,0.0706397294998169,0.0,0.06810696423053741,0.0017536995001137257,0.0815633162856102,0.0,0.0,0.0,0.0,0.0,1.614549994468689,4.470568656921387,0.5776769518852234,0.0,20.0,0.0,1.0,19.0,0.0,20.0,0.3228376905123393,0.20184865593910217,2.7976888020833335,0.27880628903706867,0.02174575130144755,-0.011290689930319786
745,1.9468662160002168,116.537344,0.9641264081001282,0.3224831819534302,0.012583019211888313,0.009765625,0.0740554928779602,0.0,0.06944563239812851,0.0018742256797850132,0.08441162109375,0.0,0.0,0.0,0.0,0.0,1.598984718322754,4.653891563415527,0.6013304591178894,0.0,21.0,0.0,0.0,21.0,0.0,21.0,0.32366055250167847,0.20376288890838623,2.7702433268229165,0.27933281660079956,0.021743374566237133,-0.016080547124147415
746,1.8711434719998579,116.537344,0.996292233467102,0.31609663367271423,0.020231327041983604,0.009765625,0.07751055806875229,0.0,0.06933283805847168,0.0017390919383615255,0.0850423201918602,0.0,0.0,0.0,0.0,0.0,1.5303544998168945,4.752717971801758,0.5823716521263123,0.0,23.0,0.0,0.0,23.0,0.0,23.0,0.3237760066986084,0.20594088733196259,2.7667236328125,0.2791824738184611,0.0216120903690656,-0.017587173730134964
747,1.9055146650002825,116.537344,0.9519208669662476,0.3209502100944519,0.0378122515976429,0.0078125,0.0732005164027214,0.0,0.07018934190273285,0.001586120342835784,0.08575439453125,0.0,0.0,0.0,0.0,0.0,1.4670178890228271,4.6706976890563965,0.5775270462036133,0.0,21.0,0.0,0.0,21.0,0.0,21.0,0.3236279884974162,0.2044590264558792,2.7399088541666665,0.2791491349538167,0.021595242122809093,-0.01950250193476677
748,1.9468140550002317,116.537344,0.9714570045471191,0.32419776916503906,0.006286569405347109,0.0087890625,0.07462693750858307,0.0,0.07234524935483932,0.0017291712574660778,0.0881754606962204,0.0,0.0,0.0,0.0,0.0,1.440277099609375,4.694465160369873,0.6017277240753174,0.0,23.0,0.0,1.0,22.0,0.0,23.0,0.32273070017496747,0.1978740394115448,2.74462890625,0.27832959095637005,0.021589159965515137,-0.02298377826809883
749,1.9974612949999937,116.537344,0.9678985476493835,0.330308198928833,0.028932249173521996,0.0087890625,0.07390175014734268,0.0,0.07471146434545517,0.0018956807907670736,0.09149169921875,0.0,0.0,0.0,0.0,0.0,1.4345881938934326,4.689132213592529,0.6025346517562866,0.0,15.0,0.0,0.0,15.0,0.0,15.0,0.3215431769688924,0.20096765458583832,2.7597249348958335,0.2771097222963969,0.021449973185857136,-0.07854673266410828
750,2.05203716799997,116.537344,0.9754691123962402,0.3389214873313904,0.025546696037054062,0.0087890625,0.07409654557704926,0.0,0.07715105265378952,0.0021449190098792315,0.102783203125,0.0,0.0,0.0,0.0,0.0,1.5490798950195312,4.875969886779785,0.607485294342041,0.0,28.0,0.0,0.0,28.0,0.0,28.0,0.3207062880198161,0.20224617421627045,2.77362060546875,0.27630458275477093,0.021471512814362843,-0.07854796200990677
751,2.157893672999762,116.537344,1.0161937475204468,0.3365970551967621,0.027991382405161858,0.0087890625,0.07809481024742126,0.0,0.07802280783653259,0.002303017070516944,0.1037394255399704,0.0,0.0,0.0,0.0,0.0,1.5222748517990112,4.944763660430908,0.604322612285614,0.0,31.0,0.0,0.0,31.0,0.0,31.0,0.3203175663948059,0.20073217153549194,2.7872517903645835,0.2762111226717631,0.02151477336883545,-0.07876776903867722
752,2.0656825790001676,116.537344,1.0095126628875732,0.3353258967399597,0.03480231761932373,0.0087890625,0.0776761844754219,0.0,0.07510791718959808,0.0022244160063564777,0.0988362655043602,0.0,0.0,0.0,0.0,0.0,1.4702762365341187,4.8453593254089355,0.6074979305267334,0.0,26.0,0.0,0.0,26.0,0.0,26.0,0.3211442828178406,0.19761380553245544,2.7904052734375,0.2769252459208171,0.021599017083644867,-0.017103910446166992
753,1.972630884999944,116.537344,0.9976793527603149,0.33169424533843994,0.018989764153957367,0.0087890625,0.07683797180652618,0.0,0.0729554146528244,0.0020454134792089462,0.09564208984375,0.0,0.0,0.0,0.0,0.0,1.509518027305603,4.576391220092773,0.6210498809814453,0.0,29.0,0.0,0.0,29.0,0.0,29.0,0.32150040070215863,0.19895458221435547,2.78826904296875,0.27736302216847736,0.021687428156534832,-0.01942160539329052
754,2.1615595309999662,116.537344,0.9469611048698425,0.32765835523605347,0.03631417825818062,0.0078125,0.0724840760231018,0.0,0.07293917238712311,0.002041843254119158,0.0961100310087204,0.0,0.0,0.0,0.0,0.0,1.5346546173095703,4.265445232391357,0.587032675743103,0.0,23.0,0.0,0.0,23.0,0.0,23.0,0.32187143961588544,0.19656912982463837,2.8341064453125,0.2773982485135396,0.021628533800443012,-0.015432699583470821
755,2.016995801000121,116.537344,0.9335476756095886,0.32225024700164795,0.048651278018951416,0.0078125,0.0713181346654892,0.0,0.07387159764766693,0.0022876316215842962,0.0953369140625,0.0,0.0,0.0,0.0,0.0,1.4757531881332397,4.129363059997559,0.5971617102622986,0.0,21.0,0.0,0.0,21.0,0.0,21.0,0.3226589759190877,0.19616691768169403,2.8343912760416665,0.2783760031064351,0.02154497802257538,-0.013556892052292824
756,1.9654581330000838,116.537344,0.9150589108467102,0.3257141709327698,0.020047184079885483,0.0078125,0.06969615817070007,0.0,0.06899859011173248,0.001952781225554645,0.0882771834731102,0.0,0.0,0.0,0.0,0.0,1.4507734775543213,4.220874786376953,0.6154589056968689,0.0,30.0,0.0,0.0,30.0,0.0,30.0,0.32371052106221515,0.20090632140636444,2.8267008463541665,0.2794074813524882,0.02156483878691991,-0.03467116504907608
757,1.9498175210001136,116.537344,0.9067981839179993,0.3338867425918579,0.0363854356110096,0.0078125,0.06882494688034058,0.0,0.06901749223470688,0.001703430898487568,0.0880330428481102,0.0,0.0,0.0,0.0,0.0,1.4602017402648926,4.359253883361816,0.6065296530723572,0.0,16.0,0.0,0.0,16.0,0.0,16.0,0.323283314704895,0.2074439376592636,2.8234456380208335,0.2791265646616618,0.021450671056906383,-0.027512796223163605
758,1.949256195000089,116.537344,0.9260484576225281,0.3425382077693939,0.02623458206653595,0.0078125,0.07023027539253235,0.0,0.06954923272132874,0.0018050821963697672,0.0909830778837204,0.0,0.0,0.0,0.0,0.0,1.4468368291854858,4.605825424194336,0.624806821346283,0.0,28.0,0.0,0.0,28.0,0.0,28.0,0.3231979211171468,0.1942443549633026,2.8137613932291665,0.27910852432250977,0.02145654211441676,-0.029907770454883575
759,1.939174967999861,116.537344,0.9252675175666809,0.3522148132324219,0.03259091451764107,0.0087890625,0.06990499794483185,0.0,0.07054801285266876,0.0017970477929338813,0.0928955078125,0.0,0.0,0.0,0.0,0.0,1.448503017425537,4.7098822593688965,0.6235010623931885,0.0,11.0,2.0,1.0,12.0,0.0,11.0,0.32286741336186725,0.19277477264404297,2.78326416015625,0.27859312295913696,0.0214493324359258,-0.030417151749134064
760,1.956276158000037,116.537344,0.9481377005577087,0.3535159230232239,0.034493640065193176,0.009765625,0.07162163406610489,0.0,0.0723479837179184,0.0019405123312026262,0.094970703125,0.0,0.0,0.0,0.0,0.0,1.5056335926055908,4.752099514007568,0.6394157409667969,0.0,21.0,0.0,1.0,20.0,0.0,21.0,0.3219760258992513,0.19893160462379456,2.7895304361979165,0.2776498794555664,0.02136309693257014,-0.031821802258491516
761,1.9336023889995886,116.537344,0.9369292855262756,0.3512551188468933,0.024096127599477768,0.009765625,0.07051126658916473,0.0,0.07374399900436401,0.002082767663523555,0.0931193083524704,0.0,0.0,0.0,0.0,0.0,1.5381765365600586,4.685786247253418,0.6266384720802307,0.0,23.0,0.0,0.0,23.0,0.0,23.0,0.3217270572980245,0.20106294751167297,2.7595011393229165,0.2776012619336446,0.021320971349875133,-0.03645046055316925
762,1.891839986999912,116.537344,0.9302437901496887,0.3428114950656891,0.0347827784717083,0.009765625,0.0698109120130539,0.0,0.07141925394535065,0.0018015166278928518,0.0824991911649704,0.0,0.0,0.0,0.0,0.0,1.6066768169403076,4.6585469245910645,0.6341233253479004,0.0,28.0,0.0,0.0,28.0,0.0,28.0,0.3217202027638753,0.19778217375278473,2.7629801432291665,0.27763207753499347,0.021408264835675556,-0.023573914542794228
763,1.9236509869997462,116.537344,0.9574993848800659,0.33310985565185547,0.021018851548433304,0.009765625,0.07234705984592438,0.0,0.07625456899404526,0.002098304219543934,0.0888671875,0.0,0.0,0.0,0.0,0.0,1.7128041982650757,4.411396026611328,0.637774646282196,0.0,14.0,0.0,0.0,14.0,0.0,14.0,0.3210807840029399,0.19805778563022614,2.74908447265625,0.276997447013855,0.02140747755765915,-0.03464963659644127
764,2.0759200469997268,116.537344,1.0050246715545654,0.31858086585998535,0.020148297771811485,0.009765625,0.07704395055770874,0.0,0.07825437933206558,0.002026480156928301,0.0946858748793602,0.0,0.0,0.0,0.0,0.0,1.754380464553833,4.339029312133789,0.6455737352371216,0.0,33.0,0.0,0.0,33.0,0.0,33.0,0.3211771249771118,0.19922524690628052,2.7249552408854165,0.2768553892771403,0.02140897512435913,-0.02385125681757927
765,1.9883051910001086,116.537344,1.0581929683685303,0.30599939823150635,0.02659452334046364,0.009765625,0.08246166259050369,0.0,0.077843576669693,0.0017895081546157598,0.0992228239774704,0.0,0.0,0.0,0.0,0.0,1.7154996395111084,4.449615955352783,0.639463484287262,0.0,31.0,0.0,0.0,31.0,0.0,31.0,0.3215207060178121,0.20640602707862854,2.7340291341145835,0.2772521376609802,0.02141694724559784,-0.019040491431951523
766,1.9767813110001953,116.537344,1.0713354349136353,0.30363911390304565,0.0265029426664114,0.009765625,0.08389754593372345,0.0,0.07884339988231659,0.0020123422145843506,0.1012980192899704,0.0,0.0,0.0,0.0,0.0,1.5655349493026733,4.452110767364502,0.6415634155273438,0.0,28.0,0.0,0.0,28.0,0.0,28.0,0.3218504985173543,0.20476791262626648,2.73236083984375,0.2772810260454814,0.021304788688818615,-0.03411734849214554
767,1.936253840000063,116.537344,1.0025761127471924,0.31406718492507935,0.008728571236133575,0.009765625,0.07779115438461304,0.0,0.07462021708488464,0.0017937903758138418,0.0937703475356102,0.0,0.0,0.0,0.0,0.0,1.45864999294281,4.365917205810547,0.6252070665359497,0.0,34.0,0.0,0.0,34.0,0.0,34.0,0.32254167397816974,0.20603659749031067,2.73992919921875,0.277984619140625,0.021478635569413502,-0.03582295775413513
768,1.8587629720000223,116.537344,0.9088479280471802,0.33399614691734314,0.02357318624854088,0.009765625,0.06883719563484192,0.0,0.07277242094278336,0.0016402192413806915,0.0900675505399704,0.0,0.0,0.0,0.0,0.0,1.3687171936035156,4.22383975982666,0.6025853753089905,0.0,23.0,0.0,0.0,23.0,0.0,23.0,0.3219046990076701,0.19662530720233917,2.76776123046875,0.277868648370107,0.021485405663649242,-0.036392293870449066
769,1.9241355220001424,116.537344,0.925485372543335,0.3424227833747864,0.024928325787186623,0.009765625,0.07000686228275299,0.0,0.07583126425743103,0.0019453808199614286,0.0992838591337204,0.0,0.0,0.0,0.0,0.0,1.440421462059021,4.269543647766113,0.610220193862915,0.0,23.0,0.0,0.0,23.0,0.0,23.0,0.3206079800923665,0.1870083510875702,2.7804361979166665,0.2770061691602071,0.02158457040786743,-0.03652757406234741
770,2.030469919999632,116.537344,0.9474338293075562,0.35066333413124084,0.01751578599214554,0.0087890625,0.07194848358631134,0.0,0.07700012624263763,0.002061735838651657,0.1037190780043602,0.0,0.0,0.0,0.0,0.0,1.4508914947509766,4.3640971183776855,0.6088306903839111,0.0,30.0,0.0,0.0,30.0,0.0,30.0,0.3203822374343872,0.18403440713882446,2.8335164388020835,0.27663660049438477,0.02163109928369522,-0.0389227420091629
771,2.063388211000074,116.537344,0.9095331430435181,0.35988491773605347,0.032473426312208176,0.009765625,0.06818701326847076,0.0,0.07326661795377731,0.0019259186228737235,0.10296630859375,0.0,0.0,0.0,0.0,0.0,1.4901679754257202,4.458045959472656,0.614614725112915,0.0,33.0,0.0,1.0,32.0,0.0,33.0,0.32100415229797363,0.18731527030467987,2.8214925130208335,0.2772024671236674,0.02158953994512558,-0.02252974733710289
772,1.9943920840000828,116.537344,0.8922615051269531,0.3622869849205017,0.029079610481858253,0.0087890625,0.0668639987707138,0.0,0.07092317193746567,0.0018426028545945883,0.0972696989774704,0.0,0.0,0.0,0.0,0.0,1.5217317342758179,4.371232032775879,0.6055710315704346,0.0,23.0,0.0,0.0,23.0,0.0,23.0,0.32164671023686725,0.19693206250667572,2.8181355794270835,0.27762240171432495,0.02153913180033366,-0.015936924144625664
773,2.004794949999905,116.537344,0.8903446197509766,0.3589308261871338,0.027344711124897003,0.0087890625,0.0667247623205185,0.0,0.06811597943305969,0.001754377270117402,0.0878092497587204,0.0,0.0,0.0,0.0,0.0,1.5521554946899414,4.309959888458252,0.6206053495407104,0.0,24.0,0.0,0.0,24.0,0.0,24.0,0.32191288471221924,0.1964825540781021,2.8535563151041665,0.27783483266830444,0.021397242943445843,-0.01721280626952648
774,1.9636459369999102,116.537344,0.8818315863609314,0.35072061419487,0.017552031204104424,0.0087890625,0.06610153615474701,0.0,0.06886588037014008,0.0018500459846109152,0.09259033203125,0.0,0.0,0.0,0.0,0.0,1.5783710479736328,4.189881801605225,0.6125102043151855,0.0,19.0,0.0,0.0,19.0,0.0,19.0,0.3234928448994954,0.19784903526306152,2.8363240559895835,0.2789222200711568,0.02143810937801997,-0.01715647242963314
775,1.9898348629999418,116.537344,0.9120646119117737,0.3367044925689697,0.01850290223956108,0.0087890625,0.06919029355049133,0.0,0.0693429559469223,0.0020224188920110464,0.0916544646024704,0.0,0.0,0.0,0.0,0.0,1.5844078063964844,4.270287990570068,0.614677906036377,0.0,30.0,0.0,0.0,30.0,0.0,30.0,0.32446151971817017,0.19737927615642548,2.8192138671875,0.2795859177907308,0.02154584974050522,-0.019726067781448364
776,1.960580748999746,116.537344,0.9227838516235352,0.32355254888534546,0.03587891906499863,0.0087890625,0.07103916257619858,0.0,0.06683371216058731,0.0016745717730373144,0.084228515625,0.0,0.0,0.0,0.0,0.0,1.525148868560791,4.168832778930664,0.5769340395927429,0.0,17.0,0.0,0.0,17.0,0.0,17.0,0.32443233331044513,0.19994595646858215,2.8143513997395835,0.280020534992218,0.021531810363133747,-0.01746104657649994
777,2.024061155000254,116.537344,0.9572325944900513,0.3163372278213501,0.011369428597390652,0.0087890625,0.07394741475582123,0.0,0.06997621804475784,0.0019487105309963226,0.09051513671875,0.0,0.0,0.0,0.0,0.0,1.4815804958343506,4.30323600769043,0.5988986492156982,0.0,23.0,0.0,0.0,23.0,0.0,23.0,0.32391323645909625,0.1971093714237213,2.81103515625,0.2797561287879944,0.021628583470980327,-0.019176416099071503
778,1.9404639169997608,116.537344,0.9604963660240173,0.31671053171157837,0.046873725950717926,0.0087890625,0.07433389872312546,0.0,0.06737851351499557,0.0017612162046134472,0.08428955078125,0.0,0.0,0.0,0.0,0.0,1.4384620189666748,4.359473705291748,0.5988801717758179,0.0,23.0,0.0,0.0,23.0,0.0,23.0,0.3238106369972229,0.19501538574695587,2.7998046875,0.2793065110842387,0.021655283868312836,-0.03676459565758705
779,1.8913725279999198,116.537344,0.9400366544723511,0.32306206226348877,0.008505859412252903,0.009765625,0.07205447554588318,0.0,0.06653381139039993,0.001742184511385858,0.0789591521024704,0.0,0.0,0.0,0.0,0.0,1.3758976459503174,4.477768898010254,0.6071107387542725,0.0,23.0,0.0,1.0,22.0,0.0,23.0,0.3223816156387329,0.20012153685092926,2.7967122395833335,0.2781208356221517,0.02156689514716466,-0.043853066861629486
780,1.904198596000242,116.537344,0.9435415267944336,0.3300897479057312,0.018986910581588745,0.009765625,0.07214604318141937,0.0,0.06688832491636276,0.0018592140404507518,0.0769449919462204,0.0,0.0,0.0,0.0,0.0,1.3458287715911865,4.610648155212402,0.6016656756401062,0.0,17.0,0.0,0.0,17.0,0.0,17.0,0.32136446237564087,0.19802236557006836,2.7973836263020835,0.27746055523554486,0.021472595632076263,-0.044330038130283356
781,1.9506929690001016,116.537344,0.9182303547859192,0.3422813415527344,0.028116369619965553,0.009765625,0.0692780613899231,0.0,0.06430183351039886,0.0015635155141353607,0.0739949569106102,0.0,0.0,0.0,0.0,0.0,1.4188728332519531,4.788625240325928,0.606202244758606,0.0,22.0,0.0,0.0,22.0,0.0,22.0,0.32036582628885907,0.1948477327823639,2.8321533203125,0.27716485659281415,0.021457883218924206,-0.04434307664632797
782,2.0718702490003125,116.537344,0.9087873697280884,0.34999603033065796,0.022490430623292923,0.009765625,0.06765595078468323,0.0,0.06582893431186676,0.0013836806174367666,0.0802815780043602,0.0,0.0,0.0,0.0,0.0,1.593571424484253,4.850919246673584,0.6282082796096802,0.0,13.0,0.0,0.0,13.0,0.0,13.0,0.3193344871203105,0.1889861673116684,2.8132120768229165,0.27664633591969806,0.02152658998966217,-0.04329525679349899
783,1.9724349699999948,116.537344,0.9574447870254517,0.34826698899269104,0.026496125385165215,0.009765625,0.07173585891723633,0.0,0.06937950104475021,0.001559728174470365,0.0841267928481102,0.0,0.0,0.0,0.0,0.0,1.666390299797058,4.912254333496094,0.656254768371582,0.0,20.0,0.0,0.0,20.0,0.0,20.0,0.31883243719736737,0.1718510240316391,2.77691650390625,0.27616262435913086,0.021590175728003185,-0.016510646790266037
784,1.9921186370002033,116.537344,0.9974870681762695,0.3402532637119293,0.019918540492653847,0.009765625,0.07548467814922333,0.0,0.07377441227436066,0.0018692517187446356,0.0888468474149704,0.0,0.0,0.0,0.0,0.0,1.6996994018554688,4.894022464752197,0.6689162254333496,0.0,14.0,0.0,0.0,14.0,0.0,14.0,0.3197415272394816,0.1715792566537857,2.7647705078125,0.27684249480565387,0.021503421167532604,-0.032609082758426666
785,1.964995128999817,116.537344,1.0333504676818848,0.3297051191329956,0.010514894500374794,0.0087890625,0.07900415360927582,0.0,0.07716349512338638,0.0019744685851037502,0.0954182967543602,0.0,0.0,0.0,0.0,0.0,1.7224035263061523,4.877783298492432,0.6749995946884155,0.0,26.0,0.0,0.0,26.0,0.0,26.0,0.3205553889274597,0.17661596834659576,2.7273152669270835,0.27782710393269855,0.021532210210959118,-0.03326386213302612
786,1.9049123609997878,116.537344,1.0307880640029907,0.32496362924575806,0.017845788970589638,0.0087890625,0.07869451493024826,0.0,0.07746001332998276,0.0018007466569542885,0.0978597030043602,0.0,0.0,0.0,0.0,0.0,1.65476393699646,4.793900966644287,0.7023736834526062,0.0,28.0,0.0,0.0,28.0,0.0,28.0,0.3213451902071635,0.18577717244625092,2.72772216796875,0.2786220908164978,0.021605635682741802,-0.03961479663848877
787,1.9331360720002522,116.537344,1.0615957975387573,0.3120060861110687,0.01977488584816456,0.0087890625,0.08193747699260712,0.0,0.08007119596004486,0.0017831872683018446,0.10052490234375,0.0,0.0,0.0,0.0,0.0,1.5675634145736694,4.73574161529541,0.6931025385856628,0.0,21.0,0.0,0.0,21.0,0.0,21.0,0.32148003578186035,0.20842212438583374,2.72998046875,0.2790365219116211,0.02169494330883026,-0.017837226390838623
788,1.93086204500014,116.537344,1.0623488426208496,0.3055100440979004,0.019678998738527298,0.0087890625,0.08184731006622314,0.0,0.08557270467281342,0.0020254722330719233,0.1164754256606102,0.0,0.0,0.0,0.0,0.0,1.5993361473083496,4.573302268981934,0.7080545425415039,0.0,22.0,0.0,0.0,22.0,0.0,22.0,0.3215412497520447,0.18641377985477448,2.7208048502604165,0.27895768483479816,0.02166101336479187,-0.027091294527053833
789,1.93698350700015,116.537344,1.0919679403305054,0.29795485734939575,0.016811378300189972,0.0087890625,0.08454665541648865,0.0,0.0886743813753128,0.0024318061769008636,0.1265055388212204,0.0,0.0,0.0,0.0,0.0,1.6404623985290527,4.492021560668945,0.7239739298820496,0.0,27.0,0.0,0.0,27.0,0.0,27.0,0.3214939037958781,0.18417836725711823,2.7127278645833335,0.27895424763361615,0.02169327934583028,-0.07592852413654327
790,1.9434986450000906,116.537344,1.1183955669403076,0.2947240471839905,0.025208208709955215,0.009765625,0.08720479905605316,0.0,0.08883456885814667,0.0024050716310739517,0.1272176206111908,0.0,0.0,0.0,0.0,0.0,1.5825599431991577,4.443045616149902,0.7259674072265625,0.0,27.0,0.0,1.0,26.0,0.0,27.0,0.3212844729423523,0.18911199271678925,2.7175089518229165,0.27852876981099445,0.021664405862490337,-0.07653836905956268
791,1.9847281850002219,116.537344,1.1012569665908813,0.2991006374359131,0.056344009935855865,0.0107421875,0.08563032001256943,0.0,0.08888554573059082,0.0024576722644269466,0.12689208984375,0.0,0.0,0.0,0.0,0.0,1.4954838752746582,4.355106353759766,0.7236377000808716,0.0,28.0,0.0,1.0,27.0,0.0,28.0,0.32076207796732586,0.20210528373718262,2.7224527994791665,0.27772122621536255,0.021655581891536713,-0.07684122025966644
792,2.0074901839998347,116.537344,1.041561484336853,0.31654220819473267,0.0283536184579134,0.0107421875,0.07980963587760925,0.0,0.08510970324277878,0.0022227754816412926,0.1218058317899704,0.0,0.0,0.0,0.0,0.0,1.5020941495895386,4.505765914916992,0.7050614356994629,0.0,24.0,0.0,0.0,24.0,0.0,24.0,0.31985024611155194,0.20176993310451508,2.7412312825520835,0.2769283652305603,0.02155793954928716,-0.07729527354240417
793,2.0074673150002127,116.537344,1.0316076278686523,0.33157414197921753,0.02109442837536335,0.01171875,0.07851790636777878,0.0,0.08476567268371582,0.002358476398512721,0.1173502653837204,0.0,0.0,0.0,0.0,0.0,1.4561035633087158,4.660287857055664,0.6986204981803894,0.0,22.0,0.0,1.0,21.0,0.0,22.0,0.31782352924346924,0.19098438322544098,2.7694498697916665,0.27535762389500934,0.02142769346634547,-0.07774689793586731
794,2.1572175940000307,116.537344,1.0710903406143188,0.3419548273086548,0.048626191914081573,0.01171875,0.08214080333709717,0.0,0.08401387929916382,0.0024925500620156527,0.1102091521024704,0.0,0.0,0.0,0.0,0.0,1.464675784111023,4.875382900238037,0.703475832939148,0.0,26.0,0.0,0.0,26.0,0.0,26.0,0.3175685405731201,0.19117991626262665,2.7383829752604165,0.2753590742746989,0.021369069814682007,-0.07785531133413315
795,2.2107113299998673,116.537344,0.9992731213569641,0.3564562201499939,0.04899873211979866,0.0126953125,0.07516840100288391,0.0,0.08090552687644958,0.002321168314665556,0.10369873046875,0.0,0.0,0.0,0.0,0.0,1.5091056823730469,4.717114448547363,0.6986842155456543,0.0,31.0,0.0,1.0,30.0,0.0,31.0,0.31775689125061035,0.19919390976428986,2.7585856119791665,0.2752647002538045,0.021382734179496765,-0.0777188390493393
796,2.0410324780000337,116.537344,0.9682344198226929,0.35444819927215576,0.028020620346069336,0.0126953125,0.07257752865552902,0.0,0.08008890599012375,0.0022115677129477262,0.1035359725356102,0.0,0.0,0.0,0.0,0.0,1.5953314304351807,4.431103229522705,0.6795586943626404,0.0,20.0,0.0,0.0,20.0,0.0,20.0,0.317971130212148,0.20120789110660553,2.8029378255208335,0.27523042758305866,0.0212913379073143,-0.07780532538890839
797,2.0054376759999286,116.537344,0.9647075533866882,0.3467558026313782,0.026640065014362335,0.0126953125,0.07228602468967438,0.0,0.08194786310195923,0.0023101167753338814,0.10809326171875,0.0,0.0,0.0,0.0,0.0,1.670393466949463,4.259065628051758,0.6904138922691345,0.0,30.0,0.0,0.0,30.0,0.0,30.0,0.31923067569732666,0.2002313882112503,2.7903035481770835,0.2763492266337077,0.02136974533398946,-0.0779518261551857
798,1.9285863879999852,116.537344,1.0129839181900024,0.32422810792922974,0.014763204380869865,0.0126953125,0.0776803120970726,0.0,0.08075492084026337,0.0021177572198212147,0.1114095076918602,0.0,0.0,0.0,0.0,0.0,1.616529941558838,4.121327877044678,0.6819731593132019,0.0,32.0,0.0,0.0,32.0,0.0,32.0,0.32105493545532227,0.20032353699207306,2.7640584309895835,0.27799328168233234,0.02151502917210261,-0.0782214105129242
799,1.9084563929995966,116.537344,1.0274062156677246,0.30935490131378174,0.04394795000553131,0.0126953125,0.0796724483370781,0.0,0.0816783756017685,0.002244636183604598,0.1100056990981102,0.0,0.0,0.0,0.0,0.0,1.5891854763031006,3.9110140800476074,0.6686455011367798,0.0,24.0,0.0,0.0,24.0,0.0,24.0,0.3220186034838359,0.1991293877363205,2.76495361328125,0.27871976296106976,0.021689703067143757,-0.07661594450473785
800,2.047276887999942,116.537344,1.0368849039077759,0.29938530921936035,0.08942202478647232,0.013671875,0.08071073144674301,0.0,0.0846947580575943,0.002685403451323509,0.1131184920668602,0.0,0.0,0.0,0.0,0.0,1.5429973602294922,3.9404492378234863,0.6650350093841553,0.0,18.0,1.0,1.0,18.0,0.0,18.0,0.3223486542701721,0.19596827030181885,2.7583211263020835,0.2792855501174927,0.021720918516318004,-0.03538501262664795
801,2.093385738000052,116.537344,1.0377404689788818,0.3050515651702881,0.019710367545485497,0.0146484375,0.08038124442100525,0.0,0.0833091139793396,0.002931892639026046,0.1142781600356102,0.0,0.0,0.0,0.0,0.0,1.4856183528900146,4.2701311111450195,0.6955165863037109,0.0,40.0,0.0,1.0,39.0,0.0,40.0,0.32272233565648395,0.19885602593421936,2.7496337890625,0.2797510822614034,0.021539077162742615,-0.07842019945383072
802,2.004572840999572,116.537344,0.9702922701835632,0.32130658626556396,0.011422998271882534,0.0146484375,0.07444335520267487,0.0,0.07405152916908264,0.0017641987651586533,0.1035970076918602,0.0,0.0,0.0,0.0,0.0,1.3913459777832031,4.469436168670654,0.6545913815498352,0.0,25.0,0.0,0.0,25.0,0.0,25.0,0.32265522082646686,0.19793149828910828,2.7844034830729165,0.2791280547777812,0.021458864212036133,-0.07827451825141907
803,1.9372761570002694,116.537344,0.9810670614242554,0.33895131945610046,0.028386782854795456,0.0146484375,0.07452338933944702,0.0,0.07547900080680847,0.001828498556278646,0.1001383513212204,0.0,0.0,0.0,0.0,0.0,1.414181113243103,4.611049175262451,0.7003295421600342,0.0,21.0,0.0,0.0,21.0,0.0,21.0,0.3207452893257141,0.19824755191802979,2.7720743815104165,0.27728482087453205,0.02144797643025716,-0.023826293647289276
804,1.958298153999749,116.537344,0.97889244556427,0.35368815064430237,0.03847353532910347,0.0146484375,0.07369990646839142,0.0,0.0754828229546547,0.002107266103848815,0.0976359099149704,0.0,0.0,0.0,0.0,0.0,1.4779781103134155,4.779844284057617,0.6991392970085144,0.0,17.0,0.0,0.0,17.0,0.0,17.0,0.3193459709485372,0.1937609761953354,2.7733968098958335,0.2761124173800151,0.021494244535764057,-0.014588169753551483
805,1.9925876459997198,116.537344,0.9607266187667847,0.3626328110694885,0.06755927205085754,0.015625,0.07185392081737518,0.0,0.0725538581609726,0.0019522089278325438,0.0889689177274704,0.0,0.0,0.0,0.0,0.0,1.5180985927581787,4.971948623657227,0.6813129186630249,0.0,30.0,2.0,1.0,31.0,0.0,30.0,0.3194096088409424,0.19063237309455872,2.7913004557291665,0.27595017353693646,0.02156917502482732,-0.01518791913986206
806,2.0270963579996533,116.537344,0.9205765724182129,0.3659258484840393,0.05154985189437866,0.015625,0.06784088909626007,0.0,0.07031908631324768,0.0015876175602898002,0.09027099609375,0.0,0.0,0.0,0.0,0.0,1.605156660079956,4.760950565338135,0.6888982057571411,0.0,24.0,0.0,0.0,24.0,0.0,24.0,0.31916916370391846,0.1926119327545166,2.8063557942708335,0.2755257487297058,0.021665739516417187,-0.01331433653831482
807,1.9911812320001445,116.537344,0.9037251472473145,0.3549872636795044,0.0223107747733593,0.015625,0.0664057731628418,0.0,0.06961433589458466,0.0012943246401846409,0.0855712890625,0.0,0.0,0.0,0.0,0.0,1.6298532485961914,4.535156726837158,0.6875685453414917,0.0,20.0,0.0,0.0,20.0,0.0,20.0,0.31983397404352826,0.19574181735515594,2.80828857421875,0.2762571970621745,0.021583572030067444,-0.02005600929260254
808,2.016697663999821,116.537344,0.9346144199371338,0.3364267647266388,0.040960509330034256,0.0146484375,0.06914091110229492,0.0,0.07665219902992249,0.0017924993298947811,0.09649658203125,0.0,0.0,0.0,0.0,0.0,1.6861340999603271,4.334799766540527,0.7116815447807312,0.0,25.0,0.0,0.0,25.0,0.0,25.0,0.32005588213602704,0.2006729692220688,2.77471923828125,0.27682191133499146,0.021618925034999847,-0.02050846815109253
809,2.023396855000101,116.537344,0.9810349345207214,0.31691333651542664,0.026983026415109634,0.015625,0.07411101460456848,0.0,0.07750916481018066,0.0017524769064038992,0.10040283203125,0.0,0.0,0.0,0.0,0.0,1.6562198400497437,4.412965297698975,0.7098080515861511,0.0,23.0,0.0,1.0,22.0,0.0,23.0,0.3211875557899475,0.19804078340530396,2.7517903645833335,0.278018315633138,0.02172153691450755,-0.011508575640618801
810,2.0448284059998514,116.537344,1.0007985830307007,0.3100007176399231,0.04759607091546059,0.0146484375,0.07592792063951492,0.0,0.08040715754032135,0.0019140474032610655,0.1062825545668602,0.0,0.0,0.0,0.0,0.0,1.6585010290145874,4.548877239227295,0.7213791608810425,0.0,25.0,0.0,0.0,25.0,0.0,25.0,0.32234154144922894,0.20308278501033783,2.7298177083333335,0.27903681993484497,0.021702418724695843,-0.014358103275299072
811,2.0143880069999796,116.537344,0.9956612586975098,0.3129844069480896,0.04241921380162239,0.0146484375,0.0752262994647026,0.0,0.08297708630561829,0.0020975242368876934,0.1128946989774704,0.0,0.0,0.0,0.0,0.0,1.6139558553695679,4.678193092346191,0.725509762763977,0.0,29.0,0.0,0.0,29.0,0.0,29.0,0.3222580353418986,0.19877377152442932,2.7219441731770835,0.2790144085884094,0.021725932757059734,-0.014777435921132565
812,1.9784339699999691,116.537344,1.0044031143188477,0.3181181252002716,0.013583404012024403,0.015625,0.07611317932605743,0.0,0.0823977142572403,0.002145093400031328,0.1155192106962204,0.0,0.0,0.0,0.0,0.0,1.4524940252304077,4.9169416427612305,0.7173436880111694,0.0,26.0,0.0,1.0,25.0,0.0,26.0,0.3217064340909322,0.20051193237304688,2.7315470377604165,0.2783192793528239,0.021707077821095783,-0.019726961851119995
813,2.0198406149997936,116.537344,0.9997681975364685,0.3318208158016205,0.017682498320937157,0.015625,0.07489874958992004,0.0,0.0828486755490303,0.002404091414064169,0.1162923201918602,0.0,0.0,0.0,0.0,0.0,1.4449825286865234,5.007149696350098,0.7583826780319214,0.0,31.0,0.0,0.0,31.0,0.0,31.0,0.3205886085828145,0.20053116977214813,2.7146199544270835,0.27743323644002277,0.021682612597942352,-0.01691068708896637
814,2.02580848999969,116.537344,0.9691944122314453,0.3483756184577942,0.03680102527141571,0.0166015625,0.07216776907444,0.0,0.0777415782213211,0.0018487242050468922,0.1075642928481102,0.0,0.0,0.0,0.0,0.0,1.4361008405685425,4.944971084594727,0.739907443523407,0.0,23.0,1.0,1.0,23.0,0.0,23.0,0.3197173476219177,0.20031379163265228,2.7341105143229165,0.27670902013778687,0.021768130362033844,-0.015918854624032974
815,2.027306711000165,116.537344,0.9784168601036072,0.3543838858604431,0.04042419418692589,0.0166015625,0.07294447720050812,0.0,0.07865562289953232,0.0019382437458261847,0.1053670272231102,0.0,0.0,0.0,0.0,0.0,1.501120924949646,4.823855400085449,0.7195276021957397,0.0,23.0,0.0,0.0,23.0,0.0,23.0,0.31826531887054443,0.20360584557056427,2.7814737955729165,0.2749561270078023,0.0217172106107076,-0.01956903003156185
816,1.873944505000054,116.537344,0.9894542694091797,0.3498322069644928,0.024022292345762253,0.0185546875,0.07390031218528748,0.0,0.07813587784767151,0.002099968958646059,0.1037801131606102,0.0,0.0,0.0,0.0,0.0,1.5013483762741089,4.545074939727783,0.746309757232666,0.0,25.0,2.0,2.0,25.0,0.0,25.0,0.317670206228892,0.1999940127134323,2.80230712890625,0.2744242151578267,0.021663717925548553,-0.01945679634809494
817,1.8463612399996236,116.537344,0.9677807688713074,0.3454582691192627,0.014972507953643799,0.0185546875,0.07171689718961716,0.0,0.08060852438211441,0.0022657704539597034,0.10498046875,0.0,0.0,0.0,0.0,0.0,1.6086254119873047,4.384864330291748,0.7355122566223145,0.0,18.0,0.0,0.0,18.0,0.0,18.0,0.3174227674802144,0.1990414410829544,2.8017985026041665,0.2743878165880839,0.021792970597743988,-0.016630789265036583
818,2.0169481220000307,116.537344,0.9960060119628906,0.33200302720069885,0.012453034520149231,0.0185546875,0.0741310864686966,0.0,0.08493812382221222,0.0025376221165060997,0.1152547225356102,0.0,0.0,0.0,0.0,0.0,1.7521770000457764,4.414571285247803,0.7533074617385864,0.0,28.0,1.0,0.0,29.0,0.0,28.0,0.3173681894938151,0.19910767674446106,2.8115641276041665,0.27440381050109863,0.02183271199464798,-0.008796830661594868
819,2.0353790369999842,116.537344,0.9872387051582336,0.32236891984939575,0.03015020675957203,0.0185546875,0.07390465587377548,0.0,0.08602090924978256,0.0023785843513906,0.1157023161649704,0.0,0.0,0.0,0.0,0.0,1.6971368789672852,4.297641754150391,0.7302374839782715,0.0,25.0,0.0,1.0,24.0,0.0,25.0,0.3189285198847453,0.19824740290641785,2.8072916666666665,0.27600135405858356,0.021725396315256756,-0.019463708624243736
820,2.0512438920000022,116.537344,0.9907922148704529,0.3177250623703003,0.015727927908301353,0.017578125,0.07460592687129974,0.0,0.08784365653991699,0.0022882644552737474,0.1181437224149704,0.0,0.0,0.0,0.0,0.0,1.6351550817489624,4.359616756439209,0.7218708992004395,0.0,31.0,0.0,1.0,30.0,0.0,31.0,0.3206259210904439,0.1897689402103424,2.7543538411458335,0.2779448827107747,0.021671881278355915,-0.013964181765913963
821,2.056576195999696,116.537344,1.0003730058670044,0.3168976306915283,0.01037795189768076,0.0166015625,0.07568638026714325,0.0,0.08924846351146698,0.0024594375863671303,0.1228434294462204,0.0,0.0,0.0,0.0,0.0,1.546274185180664,4.436547756195068,0.7239412069320679,0.0,30.0,0.0,0.0,30.0,0.0,30.0,0.32146255175272626,0.18304401636123657,2.7167561848958335,0.2787095904350281,0.021689601242542267,-0.0296745877712965
822,2.0084290409999994,116.537344,1.0184062719345093,0.31699275970458984,0.012840364128351212,0.015625,0.07759346067905426,0.0,0.08678755164146423,0.002222642069682479,0.1181437224149704,0.0,0.0,0.0,0.0,0.0,1.4805867671966553,4.4624223709106445,0.7304979562759399,0.0,28.0,0.0,0.0,28.0,0.0,28.0,0.3213210503260295,0.204539492726326,2.7265218098958335,0.2783876260121663,0.021564530829588573,-0.021685291081666946
823,2.001900237999962,116.537344,1.0467326641082764,0.32174795866012573,0.012144154869019985,0.015625,0.07975282520055771,0.0,0.08786936104297638,0.0024967393837869167,0.1170654296875,0.0,0.0,0.0,0.0,0.0,1.5072507858276367,4.520717620849609,0.7629852294921875,0.0,29.0,0.0,1.0,28.0,0.0,29.0,0.32073090473810834,0.1850859373807907,2.7010294596354165,0.2777344187100728,0.02165743460257848,-0.02168213203549385
824,2.009689031000107,116.537344,1.0495026111602783,0.32318735122680664,0.021168479695916176,0.015625,0.07980147004127502,0.0,0.08729129284620285,0.0023449028376489878,0.1195068359375,0.0,0.0,0.0,0.0,0.0,1.496387004852295,4.479086875915527,0.76904296875,0.0,22.0,0.0,0.0,22.0,0.0,22.0,0.3197082082430522,0.17960642278194427,2.7034708658854165,0.2767045497894287,0.021732317904631298,-0.021678145974874496
825,2.0643177959996137,116.537344,1.042693018913269,0.3285174071788788,0.018529299646615982,0.017578125,0.07925631105899811,0.0,0.0864000916481018,0.0022359825670719147,0.1181844100356102,0.0,0.0,0.0,0.0,0.0,1.548370361328125,4.50897741317749,0.7468094825744629,0.0,32.0,0.0,2.0,30.0,0.0,32.0,0.31902257601420086,0.18027055263519287,2.7553507486979165,0.27587976058324176,0.02170770863691966,-0.03464102745056152
826,2.076832511000248,116.537344,1.0086277723312378,0.33599692583084106,0.023409560322761536,0.017578125,0.0758461132645607,0.0,0.08324836194515228,0.002161140087991953,0.1197306364774704,0.0,0.0,0.0,0.0,0.0,1.4821367263793945,4.441186428070068,0.7768153548240662,0.0,27.0,0.0,0.0,27.0,0.0,27.0,0.3194928963979085,0.17998924851417542,2.7744547526041665,0.27590833107630414,0.021692102154095966,-0.03392374515533447
827,1.992955159000303,116.537344,1.0183500051498413,0.33143359422683716,0.01242260541766882,0.0166015625,0.07731014490127563,0.0,0.07984937727451324,0.0020861888770014048,0.1078084334731102,0.0,0.0,0.0,0.0,0.0,1.4594625234603882,4.349398612976074,0.7454258799552917,0.0,29.0,0.0,0.0,29.0,0.0,29.0,0.3200717369715373,0.20632244646549225,2.7639973958333335,0.2763734459877014,0.021721298495928448,-0.034486740827560425
828,1.9751117900000281,116.537344,0.9641816020011902,0.3355458378791809,0.018255561590194702,0.0166015625,0.07242028415203094,0.0,0.07606878876686096,0.0018916521221399307,0.0930379256606102,0.0,0.0,0.0,0.0,0.0,1.4938125610351562,4.243646621704102,0.7335619330406189,0.0,27.0,0.0,0.0,27.0,0.0,27.0,0.31998427708943683,0.20996807515621185,2.8006388346354165,0.27630118529001874,0.021611171464125317,-0.03467530012130737
829,2.1132627020001564,116.537344,0.9411867260932922,0.3337996006011963,0.026205196976661682,0.0166015625,0.07027013599872589,0.0,0.07585208863019943,0.0018096499843522906,0.0977579802274704,0.0,0.0,0.0,0.0,0.0,1.5669429302215576,4.105930328369141,0.7285473346710205,0.0,19.0,0.0,0.0,19.0,0.0,19.0,0.3200352390607198,0.1988866776227951,2.8243815104166665,0.2763226429621379,0.021541935702164967,-0.0364551767706871
830,1.9540522020001845,116.537344,0.9599427580833435,0.32924211025238037,0.032190077006816864,0.0166015625,0.07184731960296631,0.0,0.07892411947250366,0.0020097619853913784,0.1024169921875,0.0,0.0,0.0,0.0,0.0,1.607553243637085,4.253410339355469,0.736526370048523,0.0,22.0,0.0,0.0,22.0,0.0,22.0,0.32126176357269287,0.1986885964870453,2.77032470703125,0.27742820978164673,0.021599074204762776,-0.015970883890986443
831,1.9912454919999618,116.537344,0.9547663927078247,0.33408379554748535,0.013173423707485199,0.015625,0.07153613865375519,0.0,0.07917176187038422,0.002457537455484271,0.0973917692899704,0.0,0.0,0.0,0.0,0.0,1.532164454460144,4.468774795532227,0.7124958038330078,0.0,27.0,0.0,0.0,27.0,0.0,27.0,0.3217350443204244,0.19691938161849976,2.77313232421875,0.2777893940607707,0.021673825879891712,-0.014326578006148338
832,2.0165670709998267,116.537344,0.9552514553070068,0.33898478746414185,0.0144951855763793,0.015625,0.07193134725093842,0.0,0.07566358149051666,0.0019360737642273307,0.0985107421875,0.0,0.0,0.0,0.0,0.0,1.4689306020736694,4.4642486572265625,0.7101828455924988,0.0,28.0,0.0,0.0,28.0,0.0,28.0,0.32187535365422565,0.19705498218536377,2.778564453125,0.27795763810475665,0.021731846034526825,-0.01246193703263998
833,1.95548642499989,116.537344,0.9572064280509949,0.3428899645805359,0.009651267901062965,0.0146484375,0.07188680022954941,0.0,0.07840090245008469,0.001965858042240143,0.1122029647231102,0.0,0.0,0.0,0.0,0.0,1.4559930562973022,4.454522609710693,0.7113127708435059,0.0,23.0,0.0,0.0,23.0,0.0,23.0,0.32173973321914673,0.2009086012840271,2.74871826171875,0.2779121994972229,0.02172147234280904,-0.010172485373914242
834,1.8856376230000933,116.537344,0.96196049451828,0.3416106700897217,0.020878013223409653,0.0146484375,0.07235683500766754,0.0,0.07726830244064331,0.0022440000902861357,0.1070556640625,0.0,0.0,0.0,0.0,0.0,1.4598455429077148,4.443373680114746,0.7213006019592285,0.0,26.0,0.0,0.0,26.0,0.0,26.0,0.3214305837949117,0.20576709508895874,2.7696329752604165,0.27756230036417645,0.021717622876167297,-0.013222780078649521
835,1.9222628289999193,116.537344,0.9282088875770569,0.3415004014968872,0.016150588169693947,0.0146484375,0.0693105086684227,0.0,0.07547686994075775,0.0024274401366710663,0.0936279296875,0.0,0.0,0.0,0.0,0.0,1.5041825771331787,4.3419647216796875,0.699566125869751,0.0,25.0,0.0,0.0,25.0,0.0,25.0,0.3210223118464152,0.19706621766090393,2.8021647135416665,0.277424693107605,0.021641232073307037,-0.0191364623606205
836,1.947145494000324,116.537344,0.9105292558670044,0.34043413400650024,0.011541754938662052,0.015625,0.06793521344661713,0.0,0.07403075695037842,0.002280942862853408,0.0942179411649704,0.0,0.0,0.0,0.0,0.0,1.508331060409546,4.209748268127441,0.6691182851791382,0.0,23.0,1.0,1.0,23.0,0.0,23.0,0.32086755832036334,0.195927232503891,2.80322265625,0.2775352398554484,0.021669524411360424,-0.018936846405267715
837,1.9151350839997576,116.537344,0.9606683254241943,0.3303472399711609,0.02892601117491722,0.015625,0.07296447455883026,0.0,0.0735819861292839,0.0020824247039854527,0.09759521484375,0.0,0.0,0.0,0.0,0.0,1.5120611190795898,4.192959785461426,0.6709679961204529,0.0,26.0,0.0,0.0,26.0,0.0,26.0,0.3204543391863505,0.20122750103473663,2.8277587890625,0.27697235345840454,0.021670910219351452,-0.010345346294343472
838,1.9420911800002614,116.537344,0.9803935289382935,0.3244098126888275,0.06753536313772202,0.0166015625,0.07521401345729828,0.0,0.07335978001356125,0.002035485114902258,0.0967203825712204,0.0,0.0,0.0,0.0,0.0,1.4693222045898438,4.2319722175598145,0.6531641483306885,0.0,20.0,0.0,1.0,19.0,0.0,20.0,0.320631464322408,0.20162592828273773,2.84747314453125,0.27700453996658325,0.02172303448120753,-0.010500377975404263
839,2.0061039870001878,116.537344,0.9436545372009277,0.33761993050575256,0.011116410605609417,0.0166015625,0.07106059789657593,0.0,0.07351791858673096,0.0020388972479850054,0.1000773161649704,0.0,0.0,0.0,0.0,0.0,1.4543646574020386,4.500919342041016,0.681778609752655,0.0,22.0,0.0,0.0,22.0,0.0,22.0,0.3216011921564738,0.20086129009723663,2.7985636393229165,0.27798883120218915,0.02170832206805547,-0.012343189679086208
840,1.9763392410000051,116.537344,0.9340100884437561,0.347255676984787,0.03926219046115875,0.0166015625,0.07002627104520798,0.0,0.06997398287057877,0.0018564410274848342,0.0896809920668602,0.0,0.0,0.0,0.0,0.0,1.4579477310180664,4.744472980499268,0.6793493628501892,0.0,27.0,0.0,0.0,27.0,0.0,27.0,0.32179423173268634,0.2019215226173401,2.7943115234375,0.27818427483240765,0.02164050191640854,-0.01494313683360815
841,1.9687616169999274,116.537344,0.901206374168396,0.35904085636138916,0.048285093158483505,0.015625,0.06708012521266937,0.0,0.0674726739525795,0.0015643872320652008,0.0852254256606102,0.0,0.0,0.0,0.0,0.0,1.439460277557373,4.740800380706787,0.6617218255996704,0.0,19.0,0.0,0.0,19.0,0.0,19.0,0.3211074272791545,0.20225510001182556,2.82208251953125,0.2778047521909078,0.02148371438185374,-0.014823428355157375
842,2.074553980000019,116.537344,0.9148346185684204,0.3614192008972168,0.037206295877695084,0.015625,0.06802283227443695,0.0,0.07033409923315048,0.0016061121132224798,0.0893961638212204,0.0,0.0,0.0,0.0,0.0,1.5318635702133179,4.702518463134766,0.6618015766143799,0.0,19.0,0.0,0.0,19.0,0.0,19.0,0.32052167256673175,0.208688423037529,2.7994384765625,0.2774617671966553,0.02155981461207072,-0.010767637751996517
843,2.045032153000193,116.537344,0.9489390850067139,0.34821388125419617,0.019089341163635254,0.0166015625,0.07122208923101425,0.0,0.0731549859046936,0.001977336360141635,0.0855509489774704,0.0,0.0,0.0,0.0,0.0,1.6538410186767578,4.634455680847168,0.6436160802841187,0.0,15.0,0.0,1.0,14.0,0.0,15.0,0.31996339559555054,0.19702190160751343,2.7776692708333335,0.2767551342646281,0.02162126948436101,-0.021965928375720978
844,2.0461364279999543,116.537344,1.0049374103546143,0.3246031701564789,0.011551463976502419,0.0166015625,0.07666970789432526,0.0,0.07461448013782501,0.001907683676108718,0.0902099609375,0.0,0.0,0.0,0.0,0.0,1.7315362691879272,4.584712982177734,0.6635922789573669,0.0,29.0,0.0,0.0,29.0,0.0,29.0,0.3197593291600545,0.19793742895126343,2.7848917643229165,0.2768300771713257,0.021601741512616474,-0.021278560161590576
845,1.9891192199997931,116.537344,1.0172550678253174,0.31280291080474854,0.05576799437403679,0.017578125,0.07800459116697311,0.0,0.07640870660543442,0.0017345724627375603,0.0972900390625,0.0,0.0,0.0,0.0,0.0,1.719644546508789,4.464511871337891,0.6643623113632202,0.0,27.0,0.0,1.0,26.0,0.0,27.0,0.3204163114229838,0.1984894573688507,2.76641845703125,0.27742958068847656,0.021507464349269867,-0.0210641548037529
846,2.072381045000384,116.537344,1.043224573135376,0.30624210834503174,0.04204019531607628,0.0185546875,0.08089935779571533,0.0,0.07731376588344574,0.0016077542677521706,0.1017863005399704,0.0,0.0,0.0,0.0,0.0,1.600255012512207,4.527880668640137,0.6544102430343628,0.0,19.0,0.0,1.0,18.0,0.0,19.0,0.32148196299870807,0.19727230072021484,2.73907470703125,0.2783331871032715,0.02160299817721049,-0.02096591889858246
847,2.0298311290002857,116.537344,1.045167088508606,0.30727362632751465,0.013022606261074543,0.017578125,0.08087553083896637,0.0,0.08007566630840302,0.0019276679959148169,0.1045125350356102,0.0,0.0,0.0,0.0,0.0,1.5144538879394531,4.589224338531494,0.6742997169494629,0.0,26.0,0.0,0.0,26.0,0.0,26.0,0.32151081164677936,0.20081818103790283,2.7458089192708335,0.27853576342264813,0.021656212707360584,-0.020923592150211334
848,2.035485883000092,116.537344,1.0030673742294312,0.3217581510543823,0.016071610152721405,0.017578125,0.07674230635166168,0.0,0.0803171843290329,0.0020821578800678253,0.1033528670668602,0.0,0.0,0.0,0.0,0.0,1.4432296752929688,4.495219707489014,0.6699456572532654,0.0,27.0,0.0,0.0,27.0,0.0,27.0,0.3205941518147786,0.2016838639974594,2.7396443684895835,0.27824272712071735,0.02160574992497762,-0.021093301475048065
849,2.007854239000153,116.537344,0.9989470839500427,0.32874590158462524,0.01691843383014202,0.0185546875,0.07645409554243088,0.0,0.08041782677173615,0.0021561342291533947,0.1043294295668602,0.0,0.0,0.0,0.0,0.0,1.435011625289917,4.540991306304932,0.6488916873931885,0.0,21.0,0.0,1.0,20.0,0.0,21.0,0.32000497976938885,0.19972354173660278,2.759521484375,0.2778264880180359,0.021566100418567657,-0.023535840213298798
