iter,t_iter_s,peak_mem_mb,loss,vx,grad_norm,terrain_level,loss_v,loss_clear,loss_gproj,loss_omega,loss_ctrl,loss_yaw,mean_abs_yaw_cmd,n_falls,n_timeouts,n_move_up,n_move_down,n_fall_height,n_fall_tilt,mean_base_h,min_base_h,mean_n_contact,mean_base_z,mean_foot_clear,min_foot_clear
0,2.014930220000224,104.19712,1.6981805562973022,0.09755074977874756,0.3214014172554016,2.4853515625,0.16501609981060028,0.0,0.0003285389393568039,0.27177131175994873,0.0035469799768179655,2.7111182134831324e-05,0.0,0.0,0.0,0.0,0.0,0.0,0.0,0.3380213181177775,0.2966705858707428,2.9970703125,0.2570895353953044,0.019965718189875286,-0.10674911737442017
1,0.9166446750000432,106.324992,1.6146734952926636,0.10929816216230392,0.3177490234375,2.4853515625,0.15650710463523865,0.0,0.0006720939418300986,0.029651429504156113,0.02148938737809658,7.906564133008942e-05,0.0,0.0,0.0,0.0,0.0,0.0,0.0,0.33741287390391034,0.2939400374889374,3.8582356770833335,0.25641783078511554,0.021286211907863617,-0.07280498743057251
2,0.9146739629995864,106.324992,1.5526009798049927,0.1176569014787674,0.35329964756965637,2.4853515625,0.14966925978660583,0.0,0.0008211887325160205,0.019286317750811577,0.06981955468654633,0.00016900253831408918,0.0,0.0,0.0,0.0,0.0,0.0,0.0,0.3359982172648112,0.29211297631263733,3.8826497395833335,0.25492459535598755,0.02130839725335439,-0.02903667837381363
3,0.9165928859997621,106.324992,1.4135730266571045,0.1362972855567932,0.38553839921951294,2.4853515625,0.13502559065818787,0.0,0.0009131740080192685,0.01793157309293747,0.17096775770187378,0.00029098382219672203,0.0,0.0,0.0,0.0,0.0,0.0,0.0,0.33607276280721027,0.29605820775032043,3.8694661458333335,0.25489262739817303,0.021253079175949097,-0.029200956225395203
4,0.9358250239997687,106.324992,1.1861573457717896,0.16964809596538544,0.3966626524925232,2.4853515625,0.1113097220659256,0.0,0.0009656281908974051,0.016457468271255493,0.3611828684806824,0.0004291137447580695,0.0,0.0,0.0,0.0,0.0,0.0,0.0,0.33657073974609375,0.298610121011734,3.8615315755208335,0.2553834120432536,0.021200979749361675,-0.034087538719177246
5,0.9431919049998214,106.324992,0.906509280204773,0.2174125462770462,0.3723353445529938,2.4853515625,0.08188945055007935,0.0,0.00099263119045645,0.01394575648009777,0.6921474933624268,0.0005609346553683281,0.0,0.0,0.0,0.0,0.0,0.0,0.0,0.3368368148803711,0.3024999797344208,3.8669840494791665,0.2556413412094116,0.021137386560440063,-0.04324018955230713
6,0.9690044499998294,106.324992,0.6198252439498901,0.2791454792022705,0.3013695478439331,2.4853515625,0.051206715404987335,0.0,0.0010003196075558662,0.012521220371127129,1.2439533472061157,0.0006713586626574397,0.0,0.0,0.0,0.0,0.0,0.0,0.0,0.33666237195332843,0.3002701997756958,3.8663330078125,0.25543878475824994,0.02104743818442027,-0.052938640117645264
7,0.9700875300000007,106.324992,0.38032522797584534,0.3543508052825928,0.17476600408554077,2.4853515625,0.024145394563674927,0.0,0.0009839845588430762,0.011990528553724289,2.1198039054870605,0.0007568179862573743,0.0,0.0,0.0,0.0,0.0,0.0,0.0,0.33573393026987713,0.2971425950527191,3.8592122395833335,0.25457630554835003,0.02093456933895747,-0.06276863813400269
8,0.9677115499998763,106.324992,0.2544386386871338,0.4350557327270508,0.03570625185966492,2.4853515625,0.007414975669234991,0.0,0.0009708276484161615,0.012644072994589806,3.4409186840057373,0.0008147107437252998,0.0,0.0,0.0,0.0,0.0,0.0,0.0,0.333755890528361,0.29176759719848633,3.8406982421875,0.25258320569992065,0.020809719959894817,-0.07238209247589111
9,0.9496197049998045,106.324992,0.2650604248046875,0.5062651038169861,0.15601058304309845,2.4853515625,0.0032445453107357025,0.0,0.001029202830977738,0.021443039178848267,5.169508934020996,0.0008363359374925494,0.0,0.0,0.0,0.0,0.0,0.0,0.0,0.329936424891154,0.27686911821365356,3.7644856770833335,0.24869946638743082,0.02069330836335818,-0.07722729444503784
10,0.912608875999922,106.324992,0.35346007347106934,0.5543323755264282,0.25690028071403503,2.4853515625,0.006005586590617895,0.0,0.0012831806670874357,0.05590202659368515,6.937709808349609,0.000808366050478071,0.0,0.0,0.0,0.0,0.0,0.0,0.0,0.3232381542523702,0.25713807344436646,3.4927978515625,0.24197858572006226,0.020588810245196026,-0.07727938890457153
11,0.9557572680000703,106.324992,0.45393106341362,0.5847786068916321,0.31353452801704407,2.4853515625,0.010165632702410221,0.0,0.0021125960629433393,0.17477035522460938,8.280462265014648,0.0007370809325948358,0.0,0.0,0.0,0.0,0.0,0.0,0.0,0.3133782744407654,0.230934739112854,3.2212320963541665,0.2321559190750122,0.020496708651383717,-0.07734018564224243
12,0.9257026709997263,106.324992,0.5809899568557739,0.6211806535720825,0.3743419945240021,2.4853515625,0.017860759049654007,0.0,0.004779708571732044,0.5454095602035522,8.93372631072998,0.0006522308103740215,0.0,0.0,0.0,0.0,0.0,0.0,0.0,0.30143994092941284,0.2112371325492859,3.2010091145833335,0.22030162811279297,0.020384550094604492,-0.07740652561187744
13,0.9254770319998897,106.324992,0.7731584310531616,0.6641453504562378,0.4557541608810425,2.4853515625,0.0330108106136322,0.0,0.011992355808615685,1.172988772392273,8.84290885925293,0.0005877910298295319,0.0,0.0,0.0,0.0,0.0,0.0,0.0,0.2882119019826253,0.2082962691783905,3.1576334635416665,0.20712055762608847,0.020337554315725963,-0.07746952772140503
14,0.9211202400001639,106.324992,1.0549622774124146,0.6994426250457764,0.5261596441268921,2.4853515625,0.05731649324297905,0.0,0.02767156809568405,2.048022985458374,8.088038444519043,0.0005580428405664861,0.0,0.0,0.0,0.0,0.0,0.0,0.0,0.2728620370229085,0.19839641451835632,3.1051025390625,0.19172473748524985,0.020412405331929524,-0.07748520374298096
15,0.9638014120000662,106.324992,1.4045076370239258,0.7147447466850281,0.5416065454483032,2.4853515625,0.088690385222435,0.0,0.05794605612754822,3.5551376342773438,6.807365417480469,0.0005699073662981391,0.0,0.0,0.0,0.0,0.0,0.0,0.0,0.2544538776079814,0.1832600235939026,3.0452473958333335,0.17336374521255493,0.020636096596717834,-0.07694971561431885
16,1.0479388029998518,106.324992,1.880462646484375,0.6867722868919373,0.4277231693267822,2.4853515625,0.13074462115764618,0.0,0.11308714002370834,5.963702201843262,5.14855432510376,0.000650445930659771,0.0,0.0,0.0,0.0,0.0,0.0,0.0,0.2341174284617106,0.18449662625789642,2.5310465494791665,0.15300005674362183,0.020606080691019695,-0.07525801658630371
17,0.9457646820001173,106.324992,4.134979248046875,0.03458666801452637,1.5449615716934204,2.4853515625,0.3603319823741913,0.0,0.17145419120788574,1.9892346858978271,3.690837860107422,0.0008265373180620372,0.0,0.0,0.0,0.0,0.0,0.0,0.0,0.22821958859761557,0.18854936957359314,1.6990966796875,0.14704632759094238,0.020545733471711475,-0.07210111618041992
18,0.9576736449998862,106.324992,5.707644462585449,-0.19455763697624207,1.9210710525512695,2.4853515625,0.5218403339385986,0.0,0.21431899070739746,2.6227169036865234,2.727389097213745,0.0011409793514758348,0.0,0.0,0.0,0.0,0.0,0.0,0.0,0.24425284067789713,0.17858576774597168,1.9558512369791667,0.16304761171340942,0.02050701156258583,-0.06801164150238037
19,0.9390777519997755,106.324992,4.241385459899902,-0.09873197227716446,1.6503329277038574,2.4853515625,0.3772910535335541,0.0,0.28106290102005005,2.5309085845947266,2.1651058197021484,0.0016120315995067358,0.0,0.0,0.0,0.0,0.0,0.0,0.0,0.2561751405398051,0.1786491870880127,1.8816731770833333,0.17437438170115152,0.020546823740005493,-0.06278729438781738
20,0.9116183119999732,106.324992,2.899798631668091,0.013575291261076927,0.5592789649963379,2.4775390625,0.24455463886260986,0.0,0.32424935698509216,0.7660858035087585,2.0103914737701416,0.023122219368815422,0.0,8.0,0.0,0.0,8.0,0.0,8.0,0.2640771468480428,0.16788840293884277,1.7616373697916667,0.18177876869837442,0.020586657027403515,-0.05715835094451904
21,0.9072841259999223,106.324992,2.7326977252960205,0.026803869754076004,0.20725663006305695,2.4658203125,0.22823795676231384,0.0,0.33818620443344116,0.20001518726348877,1.9977854490280151,0.030010785907506943,0.0,12.0,0.0,0.0,12.0,0.0,12.0,0.2685766816139221,0.18766404688358307,1.8354085286458333,0.18494325876235962,0.020659777025381725,-0.051790595054626465
22,0.9074741590002304,106.324992,2.9583873748779297,0.005012412089854479,0.6349459290504456,2.462890625,0.25072145462036133,0.0,0.3410940170288086,0.08877020329236984,1.9963386058807373,0.010667689144611359,0.0,3.0,0.0,0.0,3.0,0.0,3.0,0.2700397769610087,0.20718467235565186,1.9430745442708333,0.1854874094327291,0.02070051183303197,-0.04660904407501221
23,0.9323019579996981,106.324992,3.152541399002075,-0.011195462197065353,1.133587121963501,2.4619140625,0.2694511413574219,0.0,0.3372277021408081,0.11587826907634735,2.0888195037841797,0.008817526511847973,0.0,2.0,0.0,0.0,2.0,0.0,2.0,0.26911477247873944,0.2039792537689209,2.00927734375,0.18431967496871948,0.020726262281338375,-0.039723873138427734
24,0.950829886000065,106.324992,3.2031266689300537,-0.012649111449718475,0.7847349643707275,2.4609375,0.2737397849559784,0.0,0.3269990086555481,0.1484563797712326,2.2948455810546875,0.006126856431365013,0.0,1.0,0.0,0.0,1.0,0.0,1.0,0.26693588495254517,0.20171663165092468,2.0310465494791665,0.18206955989201865,0.020737546185652416,-0.032977521419525146
25,0.9782838749997609,106.324992,3.1732892990112305,-0.0066827149130403996,0.7719263434410095,2.458984375,0.2698577344417572,0.0,0.3163185715675354,0.14235517382621765,2.6045007705688477,0.012333204969763756,0.0,2.0,0.0,0.0,2.0,0.0,2.0,0.26418373982111615,0.2005203366279602,2.0349527994791665,0.17939919233322144,0.020698153724273045,-0.02795255184173584
26,0.9890232269999615,106.324992,3.0645523071289062,0.006339279934763908,0.6622641682624817,2.4580078125,0.2580936849117279,0.0,0.3069167137145996,0.12343892455101013,3.0220680236816406,0.01656915247440338,0.0,2.0,0.0,0.0,2.0,0.0,2.0,0.26184797286987305,0.20020252466201782,2.0335286458333335,0.17713218927383423,0.020663960526386898,-0.038106679916381836
27,1.0172233429998414,106.324992,2.8675694465637207,0.028177641332149506,0.365036278963089,2.453125,0.23735889792442322,0.0,0.2989804148674011,0.11204992234706879,3.5738654136657715,0.016329869627952576,0.0,6.0,0.0,0.0,6.0,0.0,6.0,0.26021482547124225,0.200232595205307,2.0300699869791665,0.17546957731246948,0.020595577855904896,-0.043009400367736816
28,0.9949220650000825,106.325504,2.754093885421753,0.04193940386176109,0.8288553953170776,2.453125,0.22522181272506714,0.0,0.2939944565296173,0.1126921996474266,4.255013465881348,0.007696965709328651,0.0,0.0,0.0,0.0,0.0,0.0,0.0,0.25934066375096637,0.20021453499794006,2.0317789713541665,0.17433353265126547,0.020540673285722733,-0.04302501678466797
29,1.0228044690002207,106.325504,2.7300872802734375,0.04864396154880524,0.4641093909740448,2.44921875,0.2210761308670044,0.0,0.2938675880432129,0.13340216875076294,5.15855598449707,0.02080167457461357,0.0,4.0,0.0,0.0,4.0,0.0,4.0,0.2588484088579814,0.1987764537334442,2.0221761067708335,0.17386388778686523,0.020547499259312946,-0.040328383445739746
30,1.044003141000303,106.325504,2.7299141883850098,0.05306129902601242,0.4627087116241455,2.4462890625,0.2195616215467453,0.0,0.2932273745536804,0.16261324286460876,6.312311172485352,0.009729756973683834,0.0,4.0,0.0,0.0,4.0,0.0,4.0,0.2591079870859782,0.19778937101364136,2.0103352864583335,0.17398836215337118,0.020454307397206623,-0.0344470739364624
31,1.0771083270001327,106.325504,2.753795862197876,0.05455080792307854,0.5538052916526794,2.4462890625,0.22001636028289795,0.0,0.29572218656539917,0.19389979541301727,7.768319606781006,0.009087140671908855,0.0,1.0,0.0,0.0,1.0,0.0,1.0,0.2588358521461487,0.2021244764328003,1.9997151692708333,0.17368610699971518,0.020464846243460972,-0.0281144380569458
32,1.1102329479999753,106.325504,2.828051805496216,0.04329584538936615,0.34991154074668884,2.4443359375,0.22547189891338348,0.0,0.29699403047561646,0.14999155700206757,9.581369400024414,0.015557616949081421,0.0,4.0,0.0,0.0,4.0,0.0,4.0,0.25869739055633545,0.19654595851898193,1.9912109375,0.17348317305246988,0.020449382563432057,-0.02271270751953125
33,1.0929353050000827,106.325504,2.8653316497802734,0.038570500910282135,0.3481651842594147,2.4384765625,0.22765958309173584,0.0,0.29496702551841736,0.14418405294418335,11.402491569519043,0.01507189404219389,0.0,6.0,0.0,0.0,6.0,0.0,6.0,0.2589693268140157,0.18765723705291748,2.0010172526041665,0.17345557610193887,0.02039800708492597,-0.021291419863700867
34,1.1116438620001645,106.325504,2.872319459915161,0.03867926448583603,0.40353623032569885,2.43359375,0.22740206122398376,0.0,0.2924194037914276,0.13865002989768982,13.048079490661621,0.024179480969905853,0.0,5.0,0.0,0.0,5.0,0.0,5.0,0.2588580846786499,0.1984708458185196,2.0171305338541665,0.17311306794484457,0.020414385944604874,-0.019054412841796875
35,1.0993971029997738,106.325504,2.864206314086914,0.040220290422439575,0.2959930896759033,2.4296875,0.22620104253292084,0.0,0.28781038522720337,0.13350921869277954,14.560064315795898,0.017583705484867096,0.0,5.0,0.0,0.0,5.0,0.0,5.0,0.2586517135302226,0.18917816877365112,2.0324300130208335,0.17256585756937662,0.02041112755735715,-0.03181837499141693
36,1.1308149559999947,106.325504,2.8666136264801025,0.041374679654836655,0.25825291872024536,2.4267578125,0.22643348574638367,0.0,0.2839105725288391,0.14468136429786682,15.669225692749023,0.009263057261705399,0.0,4.0,0.0,0.0,4.0,0.0,4.0,0.2581152319908142,0.18950888514518738,2.05859375,0.17182612419128418,0.020456285526355106,-0.01736680418252945
37,1.159181641000032,106.325504,2.8765573501586914,0.04292933642864227,0.22592926025390625,2.4248046875,0.22766070067882538,0.0,0.2821139097213745,0.16906145215034485,16.42747688293457,0.013593588024377823,0.0,2.0,0.0,0.0,2.0,0.0,2.0,0.25754737854003906,0.189117431640625,2.0945231119791665,0.17118996381759644,0.020416670789321262,-0.020193815231323242
38,1.18224058099986,106.325504,2.881242513656616,0.04121644049882889,0.1986096054315567,2.4189453125,0.22841918468475342,0.0,0.2832093834877014,0.1751561164855957,17.086137771606445,0.019809585064649582,0.0,7.0,0.0,0.0,7.0,0.0,7.0,0.2575671076774597,0.19568049907684326,2.1153971354166665,0.17109515269597372,0.02039245143532753,-0.016609162092208862
39,1.1427853599998343,106.325504,2.844435930252075,0.04144175350666046,0.29944655299186707,2.41796875,0.2260148525238037,0.0,0.2858198583126068,0.18852601945400238,17.14452362060547,0.013046374544501305,0.0,3.0,0.0,0.0,3.0,0.0,3.0,0.2591598431269328,0.2064148187637329,2.1365559895833335,0.1724470059076945,0.020339795698722202,-0.015360066667199135
40,1.112296120999872,106.325504,2.779662609100342,0.04777572304010391,0.3372862637042999,2.4140625,0.22063016891479492,0.0,0.2953205704689026,0.25939249992370605,17.059768676757812,0.013794700615108013,0.0,5.0,0.0,0.0,5.0,0.0,5.0,0.2616138855616252,0.2087857723236084,2.1424967447916665,0.17490780353546143,0.020332871625820797,-0.019666209816932678
41,1.0708787309999934,106.325504,2.747373104095459,0.051005829125642776,0.3641909062862396,2.4130859375,0.2183041274547577,0.0,0.3107501268386841,0.3684536814689636,16.8579044342041,0.011013793759047985,0.0,2.0,0.0,0.0,2.0,0.0,2.0,0.26525131861368817,0.21214568614959717,2.1110432942708335,0.1784879962603251,0.020277528713146847,-0.014559205621480942
42,1.0854511570000795,106.325504,2.7397971153259277,0.051662422716617584,0.8214728832244873,2.4130859375,0.21802401542663574,0.0,0.33366334438323975,0.49112582206726074,16.706771850585938,0.012076249346137047,0.0,0.0,0.0,0.0,0.0,0.0,0.0,0.2696205973625183,0.21602082252502441,2.0797932942708335,0.18285038073857626,0.020281073947747547,-0.01334613561630249
43,1.0688063439997677,106.325504,2.7463409900665283,0.050732292234897614,0.5676107406616211,2.4091796875,0.21839623153209686,0.0,0.35951483249664307,0.571203351020813,16.882436752319336,0.017457643523812294,0.0,4.0,0.0,0.0,4.0,0.0,4.0,0.2745189666748047,0.21302810311317444,2.0363362630208335,0.1875261664390564,0.02028028666973114,-0.017845816910266876
44,1.036076060999676,106.325504,2.7579362392425537,0.048556990921497345,0.38488560914993286,2.4091796875,0.2191961109638214,0.0,0.38705214858055115,0.5944265723228455,16.83279037475586,0.023472344502806664,0.0,2.0,0.0,0.0,2.0,0.0,2.0,0.2793894211451213,0.2234141230583191,1.9908040364583333,0.1922395626703898,0.020272649824619293,-0.018628962337970734
45,1.1201025630002732,106.325504,2.7703447341918945,0.046931952238082886,0.21572797000408173,2.404296875,0.22028157114982605,0.0,0.41226252913475037,0.5795966982841492,16.375041961669922,0.03460711985826492,0.0,8.0,0.0,0.0,8.0,0.0,8.0,0.28390469153722125,0.21953967213630676,1.9521077473958333,0.1967137654622396,0.020303990691900253,-0.024385562166571617
46,1.1468712219998451,106.325504,2.8007004261016846,0.04338427633047104,0.35920384526252747,2.400390625,0.2240992784500122,0.0,0.4342224597930908,0.5254405736923218,15.242912292480469,0.028401896357536316,0.0,4.0,0.0,0.0,4.0,0.0,4.0,0.2876615722974141,0.22856616973876953,1.9152425130208333,0.20008748769760132,0.0202207217613856,-0.02988666296005249
47,1.1219416730000376,106.325504,2.889037609100342,0.03447780758142471,0.3753608167171478,2.39453125,0.2335401475429535,0.0,0.45072364807128906,0.4806402623653412,13.927963256835938,0.03860323131084442,0.0,11.0,0.0,0.0,11.0,0.0,11.0,0.2902292013168335,0.22267773747444153,1.8753255208333333,0.2026526927947998,0.020240479459365208,-0.01804618537425995
48,1.0844516729998759,106.325504,2.991787910461426,0.023592215031385422,0.20647694170475006,2.3828125,0.24482779204845428,0.0,0.4585815370082855,0.4313221871852875,12.630999565124512,0.04355392977595329,0.0,14.0,0.0,0.0,14.0,0.0,14.0,0.292003075281779,0.21831417083740234,1.8601481119791667,0.20419768492380777,0.02024448538819949,-0.018267109990119934
49,1.074221318999662,106.325504,3.1030755043029785,0.012240319512784481,0.2793240249156952,2.375,0.2574993371963501,0.0,0.45999225974082947,0.3965403735637665,11.216583251953125,0.04984560236334801,0.0,11.0,0.0,0.0,11.0,0.0,11.0,0.2927699089050293,0.21923601627349854,1.87451171875,0.2045429746309916,0.020260208596785862,-0.020845631137490273
50,1.11551253000016,106.325504,3.1881535053253174,0.004023522138595581,0.11393710970878601,2.3583984375,0.2672770619392395,0.0,0.4533660411834717,0.3610624670982361,10.171764373779297,0.06996519863605499,0.0,21.0,0.0,0.0,21.0,0.0,21.0,0.29278916120529175,0.2204444408416748,1.9137369791666667,0.20373298724492392,0.02020881325006485,-0.022882401943206787
51,1.0651126920001843,106.325504,3.2181079387664795,0.003036896465346217,0.12090929597616196,2.349609375,0.27174508571624756,0.0,0.44326600432395935,0.34179574251174927,9.324117660522461,0.05310620367527008,0.0,11.0,0.0,0.0,11.0,0.0,11.0,0.29218735297520954,0.2096613049507141,1.9642333984375,0.20285284519195557,0.020207929114500683,-0.03227841854095459
52,1.0318828209997264,106.325504,3.211852788925171,0.004198722541332245,0.15688945353031158,2.341796875,0.2719431519508362,0.0,0.4351429343223572,0.32972443103790283,8.750089645385742,0.05806037411093712,0.0,11.0,0.0,0.0,11.0,0.0,11.0,0.2906811038653056,0.2056627869606018,1.9886881510416667,0.201442817846934,0.020197295894225437,-0.04308474063873291
53,1.0681761529999676,106.325504,3.179319143295288,0.010460108518600464,0.1262301802635193,2.33203125,0.2695731818675995,0.0,0.4240487217903137,0.3486728072166443,8.527847290039062,0.060360174626111984,0.0,14.0,0.0,0.0,14.0,0.0,14.0,0.2897299925486247,0.21375124156475067,2.0351969401041665,0.20095008611679077,0.020194536695877712,-0.05505567789077759
54,1.0694779890000063,106.325504,3.1395022869110107,0.01720491796731949,0.07760655134916306,2.3193359375,0.2658049464225769,0.0,0.4161365032196045,0.37540650367736816,8.508687973022461,0.06467193365097046,0.0,16.0,0.0,0.0,16.0,0.0,16.0,0.2887495160102844,0.21144962310791016,2.0613606770833335,0.2005799412727356,0.02024535834789276,-0.06894564628601074
55,1.0866192990001764,106.325504,3.08882474899292,0.023639904335141182,0.0851220190525055,2.30859375,0.26121342182159424,0.0,0.4076070785522461,0.38749000430107117,8.447768211364746,0.07311500608921051,0.0,17.0,0.0,0.0,17.0,0.0,17.0,0.28882946570714313,0.21592068672180176,2.0817057291666665,0.20003511508305868,0.020214257140954334,-0.07673776149749756
56,1.056952652000291,106.325504,3.0266406536102295,0.030163120478391647,0.07944320887327194,2.2919921875,0.25541266798973083,0.0,0.3999364376068115,0.4189232289791107,8.380695343017578,0.08817358314990997,0.0,26.0,0.0,0.0,26.0,0.0,26.0,0.2895841399828593,0.2162928581237793,2.1127522786458335,0.2007503310839335,0.020223262409369152,-0.07669246196746826
57,0.9930208759997186,106.325504,2.9798450469970703,0.036220449954271317,0.07378429174423218,2.275390625,0.2511817216873169,0.0,0.39774399995803833,0.4790984094142914,8.142049789428711,0.08888354152441025,0.0,18.0,0.0,0.0,18.0,0.0,18.0,0.2903581460316976,0.21668028831481934,2.12646484375,0.20122728745142618,0.02029404416680336,-0.0766410231590271
58,1.0260513490002268,106.325504,2.925363779067993,0.04419540986418724,0.0697965919971466,2.2548828125,0.24611817300319672,0.0,0.3943169116973877,0.5554429888725281,7.846500396728516,0.10224071145057678,0.0,25.0,0.0,0.0,25.0,0.0,25.0,0.29172611236572266,0.2129400223493576,2.1624755859375,0.20218286911646524,0.020367681980133057,-0.07661306858062744
59,1.0513629270003548,106.325504,2.8879048824310303,0.050219565629959106,0.06800851225852966,2.23046875,0.2428891658782959,0.0,0.39093098044395447,0.6214568614959717,7.504881858825684,0.1296575367450714,0.0,34.0,0.0,0.0,34.0,0.0,34.0,0.2936224142710368,0.21142087876796722,2.1753336588541665,0.20336176951726279,0.020422192911307018,-0.07660233974456787
60,1.0457215940000424,106.325504,2.8517019748687744,0.055037446320056915,0.06171058118343353,2.2001953125,0.24062791466712952,0.0,0.3838479518890381,0.687608003616333,7.050418376922607,0.121016725897789,0.0,36.0,0.0,0.0,36.0,0.0,36.0,0.296189288298289,0.22770464420318604,2.2129720052083335,0.20515429973602295,0.020399158199628193,-0.07660210132598877
61,1.0332145690003927,106.325504,2.837491750717163,0.05772474780678749,0.05934390425682068,2.1552734375,0.24015912413597107,0.0,0.37192052602767944,0.7360913753509521,6.628191947937012,0.18292072415351868,0.0,52.0,0.0,0.0,52.0,0.0,52.0,0.2993922432263692,0.2330687940120697,2.2559407552083335,0.20929646492004395,0.020468606303135555,-0.0766034722328186
62,1.0337766369998462,106.325504,2.7439639568328857,0.06201314181089401,0.058663684874773026,2.099609375,0.23429524898529053,0.0,0.34074243903160095,0.7044750452041626,6.255748271942139,0.16133224964141846,0.0,66.0,0.0,0.0,66.0,0.0,66.0,0.30496348937352497,0.2318791151046753,2.3717447916666665,0.21591546138127646,0.020665276795625687,-0.0766027569770813
63,1.0278679770003691,106.325504,2.632157325744629,0.0699518695473671,0.05730205401778221,2.05859375,0.22614413499832153,0.0,0.3109734058380127,0.6541376113891602,5.932682037353516,0.16280865669250488,0.0,61.0,0.0,0.0,61.0,0.0,61.0,0.3102182149887085,0.23136892914772034,2.4757080078125,0.22220510244369507,0.020748044053713482,-0.07659924030303955
64,1.0822084490000634,106.325504,2.503159999847412,0.0786924809217453,0.055184733122587204,2.0087890625,0.21626314520835876,0.0,0.27825435996055603,0.5883727669715881,5.629023551940918,0.1594507098197937,0.0,61.0,0.0,0.0,61.0,0.0,61.0,0.31567148367563885,0.2315821349620819,2.5985921223958335,0.2295336127281189,0.02083404113849004,-0.076590895652771
65,1.0590898440000274,106.325504,2.370112419128418,0.08792532235383987,0.05222248658537865,1.9619140625,0.2058219611644745,0.0,0.24841687083244324,0.5310632586479187,5.329329013824463,0.13192997872829437,0.0,53.0,0.0,0.0,53.0,0.0,53.0,0.32062385479609173,0.22741806507110596,2.7080485026041665,0.2362260619799296,0.020802126576503117,-0.07657831907272339
66,1.0847564979999333,106.325504,2.2767248153686523,0.0954894870519638,0.04634563624858856,1.9296875,0.19842343032360077,0.0,0.23019379377365112,0.5221877694129944,5.075363636016846,0.1065913662314415,0.0,38.0,0.0,0.0,38.0,0.0,38.0,0.32388363281885785,0.2196100503206253,2.7830403645833335,0.24017959833145142,0.020883073409398396,-0.07656508684158325
67,1.0837215070000639,106.325504,2.229556083679199,0.09888319671154022,0.043054528534412384,1.9013671875,0.19504521787166595,0.0,0.2161494940519333,0.5231181383132935,4.7915143966674805,0.10620876401662827,0.0,35.0,0.0,0.0,35.0,0.0,35.0,0.32637882232666016,0.2188914567232132,2.8355712890625,0.24277798334757486,0.02094119042158127,-0.07655143737792969
68,1.1164039440000124,106.325504,2.1840107440948486,0.09805984795093536,0.04305962845683098,1.86328125,0.19251760840415955,0.0,0.1953170746564865,0.4919326901435852,4.519715309143066,0.11716340482234955,0.0,49.0,0.0,0.0,49.0,0.0,49.0,0.32928115129470825,0.21865318715572357,2.8908284505208335,0.24647939205169678,0.02110813061396281,-0.07653933763504028
69,1.0380335720001312,106.325504,2.1301097869873047,0.09673132002353668,0.05849262326955795,1.8369140625,0.18973064422607422,0.0,0.1729593724012375,0.4400579333305359,4.253579139709473,0.07358670234680176,0.0,31.0,0.0,0.0,31.0,0.0,31.0,0.33229013284047443,0.22535493969917297,2.969482421875,0.24954354763031006,0.021203746398289997,-0.07653242349624634
70,1.1081655050002155,106.325504,2.1453676223754883,0.09224339574575424,0.06738965213298798,1.8271484375,0.19246236979961395,0.0,0.16285407543182373,0.4281630516052246,4.040158271789551,0.058865033090114594,0.0,17.0,0.0,0.0,17.0,0.0,17.0,0.3334253231684367,0.22311964631080627,2.989990234375,0.25102559725443524,0.021187633275985718,-0.07653981447219849
71,1.0755344280000827,106.325504,2.1892428398132324,0.08742602169513702,0.08716457337141037,1.810546875,0.1974707543849945,0.0,0.155655175447464,0.459869921207428,3.9399843215942383,0.06817778944969177,0.0,22.0,0.0,0.0,22.0,0.0,22.0,0.3339088757832845,0.2213934063911438,3.000732421875,0.2523791392644246,0.02118335912624995,-0.07842087745666504
72,1.0577697659996375,106.325504,2.2249770164489746,0.0822116881608963,0.05700424313545227,1.7880859375,0.20162014663219452,0.0,0.14660662412643433,0.47561749815940857,3.9677815437316895,0.07950358837842941,0.0,33.0,0.0,0.0,33.0,0.0,33.0,0.3342821995417277,0.21908673644065857,3.03271484375,0.25280700127283734,0.02121121684710185,-0.07837462425231934
73,1.0361941330002082,106.325504,2.2278544902801514,0.07737067341804504,0.060636453330516815,1.775390625,0.20337408781051636,0.0,0.13113602995872498,0.4578084945678711,4.0551862716674805,0.04755773767828941,0.0,15.0,0.0,0.0,15.0,0.0,15.0,0.33534499009450275,0.2152978479862213,3.0869954427083335,0.25431180000305176,0.02118942638238271,-0.0782390832901001
74,1.001389035000102,106.325504,2.2280399799346924,0.07850544899702072,0.053517505526542664,1.7578125,0.2035410851240158,0.0,0.12264297902584076,0.5044936537742615,4.184309005737305,0.07476046681404114,0.0,24.0,0.0,0.0,24.0,0.0,24.0,0.3356207609176636,0.21380862593650818,3.0994873046875,0.25429366032282513,0.021177488068739574,-0.07818615436553955
75,1.0178718079996543,106.325504,2.199199914932251,0.08318464457988739,0.07770668715238571,1.7431640625,0.20133082568645477,0.0,0.11277683079242706,0.5642669200897217,4.302951812744141,0.055011849850416183,0.0,19.0,0.0,0.0,19.0,0.0,19.0,0.335834264755249,0.20975995063781738,3.1392822265625,0.2545693715413411,0.021136944492657978,-0.07814937829971313
76,1.0264412800001992,106.325504,2.129342555999756,0.0916854590177536,0.05381007492542267,1.728515625,0.19465695321559906,0.0,0.10141166299581528,0.6097327470779419,4.466577053070068,0.06055038422346115,0.0,22.0,0.0,0.0,22.0,0.0,22.0,0.33621037006378174,0.20579120516777039,3.1780192057291665,0.2554669181505839,0.021202991406122845,-0.07813894748687744
77,1.05326816600018,106.325504,2.015695810317993,0.10568258911371231,0.0628829151391983,1.70703125,0.18351849913597107,0.0,0.09045878052711487,0.6488097310066223,4.64802360534668,0.06328754872083664,0.0,24.0,0.0,0.0,24.0,0.0,24.0,0.336523175239563,0.204677015542984,3.19189453125,0.25543904304504395,0.021161459386348724,-0.07814550399780273
78,1.0048567610001555,106.325504,1.8495193719863892,0.12358265370130539,0.08299946784973145,1.693359375,0.16792094707489014,0.0,0.0774153396487236,0.6699118614196777,4.856204032897949,0.03666719049215317,0.0,17.0,0.0,0.0,17.0,0.0,17.0,0.3371831973393758,0.20449665188789368,3.2222086588541665,0.25620096921920776,0.021286383271217346,-0.07570028305053711
79,0.9780222520003008,106.325504,1.7025699615478516,0.1456887125968933,0.07484444975852966,1.6884765625,0.15305064618587494,0.0,0.07257534563541412,0.7457539439201355,5.147658348083496,0.04065001383423805,0.0,8.0,0.0,0.0,8.0,0.0,8.0,0.33678825696309406,0.20468062162399292,3.2274576822916665,0.2557852665583293,0.02135244756937027,-0.034966468811035156
80,0.968298901000253,106.325504,1.576910138130188,0.16756822168827057,0.06069433316588402,1.68359375,0.14033663272857666,0.0,0.06962333619594574,0.8537092208862305,5.474992275238037,0.031678274273872375,0.0,7.0,0.0,0.0,7.0,0.0,7.0,0.33593591054280597,0.20730656385421753,3.1888834635416665,0.254775603612264,0.021366499364376068,-0.03320587798953056
81,0.986694006000107,106.325504,1.476345181465149,0.18934890627861023,0.07729398459196091,1.67578125,0.12983521819114685,0.0,0.0678931176662445,0.9660669565200806,5.749298095703125,0.049740225076675415,0.0,10.0,0.0,0.0,10.0,0.0,10.0,0.33497246106465656,0.2073560357093811,3.161376953125,0.2539626955986023,0.021417240301767986,-0.021341685205698013
82,0.9701995240002361,106.325504,1.394680380821228,0.20852284133434296,0.05669829621911049,1.6728515625,0.12175118923187256,0.0,0.0651896670460701,1.062540888786316,6.044273376464844,0.02778853289783001,0.0,3.0,0.0,0.0,3.0,0.0,3.0,0.3341130018234253,0.20795723795890808,3.1109619140625,0.25344304243723553,0.021405803660551708,-0.07720392942428589
83,1.0394072189997132,106.325504,1.3490517139434814,0.22449743747711182,0.04352107644081116,1.6669921875,0.11650752276182175,0.0,0.06513255834579468,1.1777064800262451,6.401660442352295,0.03819561004638672,0.0,10.0,0.0,0.0,10.0,0.0,10.0,0.33282387256622314,0.2033599317073822,3.0480550130208335,0.25228021542231244,0.021335601806640625,-0.07713818550109863
84,1.0414448799997444,106.325504,1.3016799688339233,0.24059247970581055,0.03875955939292908,1.66015625,0.11143236607313156,0.0,0.06265714019536972,1.2405600547790527,6.7405009269714355,0.037674274295568466,0.0,9.0,0.0,0.0,9.0,0.0,9.0,0.3318909207979838,0.1975477933883667,2.9899495442708335,0.25147143999735516,0.02114324023326238,-0.07710081338882446
85,0.9810094139998,106.325504,1.2873464822769165,0.25224965810775757,0.04338715970516205,1.6552734375,0.10969942808151245,0.0,0.06137658655643463,1.3082355260849,7.088135719299316,0.03981433063745499,0.0,6.0,0.0,0.0,6.0,0.0,6.0,0.3308595617612203,0.19732415676116943,2.9549153645833335,0.2504378358523051,0.020965697864691418,-0.07713431119918823
86,1.0060150330000397,106.325504,1.2925975322723389,0.2624201476573944,0.06221385300159454,1.6484375,0.10950174182653427,0.0,0.0615493468940258,1.353987693786621,7.480874538421631,0.05005520582199097,0.0,10.0,0.0,0.0,10.0,0.0,10.0,0.32967400550842285,0.2032221555709839,2.8962809244791665,0.2494115432103475,0.020795992265144985,-0.07723367214202881
87,1.0014064360002521,106.325504,1.277492642402649,0.27277448773384094,0.050090134143829346,1.6435546875,0.1080368161201477,0.0,0.058882784098386765,1.3961429595947266,7.599453926086426,0.046309709548950195,0.0,7.0,0.0,0.0,7.0,0.0,7.0,0.32887689272562665,0.21211540699005127,2.8240966796875,0.2484164834022522,0.020810661216576893,-0.0774422287940979
88,0.9905943980002121,106.36032,1.2806307077407837,0.2812538146972656,0.045104701071977615,1.6416015625,0.10814899206161499,0.0,0.06133873760700226,1.4610265493392944,7.588399410247803,0.04207925125956535,0.0,2.0,0.0,0.0,2.0,0.0,2.0,0.3272479176521301,0.21582108736038208,2.73828125,0.24662232398986816,0.020860465864340465,-0.09715062379837036
89,1.011665190000258,106.36032,1.3160157203674316,0.2866717576980591,0.04339687526226044,1.6376953125,0.11123359203338623,0.0,0.0651206374168396,1.4695861339569092,7.686575889587402,0.04984680935740471,0.0,6.0,0.0,0.0,6.0,0.0,6.0,0.325485626856486,0.2128799557685852,2.6529947916666665,0.24481846888860068,0.020907193422317505,-0.09708148241043091
90,0.9861388960002841,106.36032,1.3725260496139526,0.29401350021362305,0.039942339062690735,1.6337890625,0.11664676666259766,0.0,0.06844990700483322,1.4636434316635132,7.716332912445068,0.05061423033475876,0.0,6.0,0.0,0.0,6.0,0.0,6.0,0.3240382472674052,0.18076187372207642,2.597900390625,0.243476668993632,0.020989942053953808,-0.09696608781814575
91,0.9505381029998716,106.36032,1.4281556606292725,0.29987776279449463,0.05360668897628784,1.625,0.12205355614423752,0.0,0.07115622609853745,1.4167121648788452,7.7152814865112305,0.057927634567022324,0.0,12.0,0.0,0.0,12.0,0.0,12.0,0.3231239120165507,0.1814153790473938,2.5493977864583335,0.2428361972173055,0.02091890076796214,-0.09693962335586548
92,1.0136466999997538,106.36032,1.4743858575820923,0.30477944016456604,0.04033763334155083,1.62109375,0.12668341398239136,0.0,0.07447730004787445,1.4145874977111816,7.592898368835449,0.05894739553332329,0.0,7.0,0.0,0.0,7.0,0.0,7.0,0.32279958327611286,0.18491804599761963,2.520751953125,0.24325454235076904,0.020798334230979282,-0.09701281785964966
93,1.0308533610000268,106.36032,1.5089409351348877,0.31324005126953125,0.04356294497847557,1.619140625,0.1298893690109253,0.0,0.08346693217754364,1.5121439695358276,7.4910430908203125,0.046479757875204086,0.0,2.0,0.0,0.0,2.0,0.0,2.0,0.32243136564890545,0.18753957748413086,2.4521484375,0.24287875493367514,0.02065976709127426,-0.09721297025680542
94,1.0408847759999844,106.36032,1.526496410369873,0.32529258728027344,0.036887288093566895,1.6162109375,0.1306854486465454,0.0,0.09628476947546005,1.7453372478485107,7.381070137023926,0.05311012268066406,0.0,6.0,0.0,0.0,6.0,0.0,6.0,0.32176631689071655,0.18538028001785278,2.3672281901041665,0.24243992567062378,0.020561732351779938,-0.09722429513931274
95,0.9844607220002217,106.36032,1.5572233200073242,0.3392708897590637,0.02628042735159397,1.6103515625,0.13282641768455505,0.0,0.11041818559169769,2.0219950675964355,7.121356010437012,0.060901008546352386,0.0,6.0,0.0,0.0,6.0,0.0,6.0,0.3206326762835185,0.18106353282928467,2.3133138020833335,0.24133622646331787,0.020443332691987354,-0.09699517488479614
96,1.046904822000215,106.36032,1.6693683862686157,0.3397553861141205,0.03235115483403206,1.6025390625,0.1428999900817871,0.0,0.12610438466072083,2.2901458740234375,6.924525260925293,0.07119372487068176,0.0,12.0,0.0,0.0,12.0,0.0,12.0,0.3194742202758789,0.18103450536727905,2.2688395182291665,0.24023332198460898,0.020419829835494358,-0.09688788652420044
97,1.0341324470000473,106.36032,1.8307886123657227,0.3217260241508484,0.03953472524881363,1.59765625,0.15818583965301514,0.0,0.1423228681087494,2.484215259552002,6.61051082611084,0.07823904603719711,0.0,6.0,0.0,0.0,6.0,0.0,6.0,0.31909505526224774,0.18474698066711426,2.2165934244791665,0.23995480934778848,0.020442354182402294,-0.09681302309036255
98,1.0159721730001365,106.36032,1.9623931646347046,0.30675143003463745,0.03541925922036171,1.578125,0.17012546956539154,0.0,0.15837131440639496,2.718449115753174,6.329791069030762,0.12874865531921387,0.0,24.0,0.0,0.0,24.0,0.0,24.0,0.3189825415611267,0.1775084137916565,2.1810709635416665,0.24015829960505167,0.020372020701567333,-0.09704869985580444
99,1.00606284100013,106.36032,2.043806791305542,0.28777235746383667,0.03518609330058098,1.5546875,0.1786506623029709,0.0,0.16298894584178925,2.6737513542175293,5.878848552703857,0.1355125457048416,0.0,30.0,0.0,0.0,30.0,0.0,30.0,0.3200275699297587,0.17971736192703247,2.1904703776041665,0.24148982763290405,0.020418308675289154,-0.09773510694503784
100,0.9982323419999375,106.36032,2.0499911308288574,0.2876163721084595,0.031247636303305626,1.521484375,0.1794915646314621,0.0,0.16307592391967773,2.622952699661255,5.24591064453125,0.18600890040397644,0.0,47.0,0.0,0.0,47.0,0.0,47.0,0.3213627139727275,0.19255799055099487,2.1944580078125,0.24286492665608725,0.020753927528858185,-0.09718352556228638
101,0.9882345500000156,106.36032,1.9687517881393433,0.29225772619247437,0.027147773653268814,1.4970703125,0.17264029383659363,0.0,0.15014147758483887,2.4975502490997314,4.616930961608887,0.1863120198249817,0.0,44.0,0.0,0.0,44.0,0.0,44.0,0.32304702202479046,0.1878637671470642,2.2156575520833335,0.24619398514429727,0.020557331542174023,-0.09752434492111206
102,1.0115524580000965,106.36032,1.8688737154006958,0.2969364821910858,0.025667250156402588,1.4638671875,0.1641635298728943,0.0,0.13637402653694153,2.400383472442627,4.10230827331543,0.18324154615402222,0.0,48.0,0.0,0.0,48.0,0.0,48.0,0.32394516468048096,0.1813446283340454,2.2757568359375,0.2478010058403015,0.020311043908198673,-0.09750014543533325
103,1.01312196400022,106.36032,1.7724077701568604,0.30241823196411133,0.02757365070283413,1.4462890625,0.15645505487918854,0.0,0.1239246129989624,2.3993873596191406,3.662191390991211,0.12683923542499542,0.0,27.0,0.0,0.0,27.0,0.0,27.0,0.32462553183237713,0.1807466745376587,2.3791910807291665,0.24779138962427774,0.020128458738327026,-0.09745270013809204
104,1.045464137000181,106.36032,1.6663451194763184,0.31611841917037964,0.021057739853858948,1.4248046875,0.14605896174907684,0.0,0.1183251142501831,2.450706958770752,3.309055805206299,0.16258689761161804,0.0,42.0,0.0,0.0,42.0,0.0,42.0,0.323991060256958,0.17520231008529663,2.4707845052083335,0.24729575713475546,0.01993996153275172,-0.09831410646438599
105,1.014018402000147,106.36032,1.5706055164337158,0.3323219418525696,0.027523841708898544,1.40234375,0.13697227835655212,0.0,0.11098472774028778,2.4020164012908936,3.0135483741760254,0.18593242764472961,0.0,36.0,0.0,0.0,36.0,0.0,36.0,0.32363667090733844,0.1752721667289734,2.5558675130208335,0.24680058161417642,0.020026105145613354,-0.09821063280105591
106,0.9984840980000627,106.36032,1.4609330892562866,0.34642294049263,0.018466219305992126,1.3857421875,0.12728458642959595,0.0,0.10094982385635376,2.213550567626953,2.8090720176696777,0.14321865141391754,0.0,33.0,0.0,0.0,33.0,0.0,33.0,0.3238806923230489,0.17704802751541138,2.6206868489583335,0.2470856507619222,0.019893715778986614,-0.09807831048965454
107,0.966092708999895,106.36032,1.4011669158935547,0.36302682757377625,0.013297686353325844,1.3720703125,0.12150955200195312,0.0,0.09811072051525116,2.2281298637390137,2.680206298828125,0.1256764829158783,0.0,22.0,0.0,0.0,22.0,0.0,22.0,0.3240298628807068,0.1783319115638733,2.6612141927083335,0.24708819389343262,0.019802192846934002,-0.09796100854873657
108,1.0067422130000523,106.36032,1.3039814233779907,0.3779158592224121,0.01434717420488596,1.353515625,0.11206328868865967,0.0,0.09431221336126328,2.2526509761810303,2.51694917678833,0.12168147414922714,0.0,30.0,0.0,0.0,30.0,0.0,30.0,0.3240346113840739,0.17968302965164185,2.6955159505208335,0.24660847584406534,0.019628960639238358,-0.09901320934295654
109,1.0445302040002389,106.36032,1.2327804565429688,0.38569268584251404,0.01636309176683426,1.3349609375,0.10504303872585297,0.0,0.09123681485652924,2.234530448913574,2.348254680633545,0.1451454758644104,0.0,28.0,0.0,0.0,28.0,0.0,28.0,0.32326849301656085,0.17968297004699707,2.7372639973958335,0.2459912896156311,0.01949009671807289,-0.09780269861221313
110,1.033689509999931,106.36032,1.1940429210662842,0.3878791928291321,0.014177775010466576,1.3203125,0.10167136043310165,0.0,0.08894197642803192,2.194075584411621,2.223362922668457,0.11391329020261765,0.0,22.0,0.0,0.0,22.0,0.0,22.0,0.3224218487739563,0.18095731735229492,2.759033203125,0.24536516269048056,0.019245197375615437,-0.09788411855697632
111,1.0657251550001092,106.36032,1.1829900741577148,0.39016783237457275,0.019682547077536583,1.3017578125,0.10022439807653427,0.0,0.0883733481168747,2.179443359375,2.1473805904388428,0.13297683000564575,0.0,28.0,0.0,0.0,28.0,0.0,28.0,0.3213699658711751,0.18780773878097534,2.7623291015625,0.24439881245295206,0.019080163290103275,-0.09802800416946411
112,0.9677683740001157,106.36032,1.2063106298446655,0.389106810092926,0.02317103184759617,1.2900390625,0.10255162417888641,0.0,0.08831422030925751,2.2014260292053223,2.164412260055542,0.133042573928833,0.0,16.0,0.0,0.0,16.0,0.0,16.0,0.32062820593516034,0.18936479091644287,2.7647705078125,0.24441258112589517,0.019079395880301792,-0.09814244508743286
113,0.9852726680001069,106.36032,1.2605665922164917,0.3833756446838379,0.01747097447514534,1.2744140625,0.107353076338768,0.0,0.0904080718755722,2.2683372497558594,2.2400074005126953,0.16410019993782043,0.0,27.0,0.0,0.0,27.0,0.0,27.0,0.3198743462562561,0.19191157817840576,2.7491861979166665,0.24316618839899698,0.019155103713274002,-0.0981946587562561
114,0.9810931960000744,106.36032,1.3140729665756226,0.3691721558570862,0.01955832727253437,1.263671875,0.11248672008514404,0.0,0.09201829135417938,2.311953544616699,2.330732822418213,0.15929141640663147,0.0,20.0,0.0,0.0,20.0,0.0,20.0,0.3192873001098633,0.18720269203186035,2.7320149739583335,0.2428533434867859,0.019233345985412598,-0.09823852777481079
115,0.9669021539998539,106.36032,1.3458502292633057,0.35706835985183716,0.020173879340291023,1.2529296875,0.11574378609657288,0.0,0.09558761119842529,2.3316872119903564,2.435727119445801,0.1505286693572998,0.0,17.0,0.0,0.0,17.0,0.0,17.0,0.31876490513483685,0.18025082349777222,2.7242431640625,0.24190173546473184,0.019314061850309372,-0.09825807809829712
116,0.9790375389998189,106.36032,1.3682529926300049,0.3549920320510864,0.012938998639583588,1.2470703125,0.11728242039680481,0.0,0.10119275748729706,2.3155019283294678,2.5510735511779785,0.17472514510154724,0.0,25.0,0.0,0.0,25.0,0.0,25.0,0.3178851803143819,0.1803399920463562,2.6947428385416665,0.24115522702534994,0.019025458643833797,-0.09826928377151489
117,1.0152610240002105,106.36032,1.418884038925171,0.34897473454475403,0.025946207344532013,1.2333984375,0.12175828218460083,0.0,0.10581497848033905,2.2198963165283203,2.699362277984619,0.19244921207427979,0.0,27.0,0.0,0.0,27.0,0.0,27.0,0.3172861536343892,0.1839732527732849,2.6623128255208335,0.24038145939509073,0.01891662801305453,-0.09826070070266724
118,1.0517181830000482,106.36032,1.422243595123291,0.34478771686553955,0.013020501472055912,1.21875,0.12230628728866577,0.0,0.10661390423774719,2.134077548980713,2.86902117729187,0.1570647954940796,0.0,21.0,0.0,0.0,21.0,0.0,21.0,0.317153533299764,0.18763434886932373,2.63720703125,0.2397397756576538,0.01901378979285558,-0.0981331467628479
119,1.0439194850000604,106.36032,1.4063963890075684,0.3446522355079651,0.010189522057771683,1.20703125,0.12043967097997665,0.0,0.10950355231761932,2.0988614559173584,3.0425033569335938,0.1640242636203766,0.0,24.0,0.0,0.0,24.0,0.0,24.0,0.31714993715286255,0.1884440779685974,2.6354166666666665,0.23977466424306235,0.018869927773873012,-0.09792417287826538
120,0.9997827860001962,106.36032,1.3789774179458618,0.3448704779148102,0.014025304466485977,1.1923828125,0.11769162118434906,0.0,0.10934203863143921,2.0238120555877686,3.1901965141296387,0.16469603776931763,0.0,25.0,0.0,0.0,25.0,0.0,25.0,0.31744595368703205,0.18911999464035034,2.6212972005208335,0.24036643902460733,0.01889712115128835,-0.09783273935317993
121,1.0361494359999597,106.36032,1.3566216230392456,0.3498328626155853,0.010952053591609001,1.173828125,0.11531882733106613,0.0,0.11032986640930176,2.066190481185913,3.2699153423309326,0.1653958410024643,0.0,28.0,0.0,0.0,28.0,0.0,28.0,0.3175780375798543,0.18920129537582397,2.6239420572916665,0.24073417981465658,0.018857395897308987,-0.09790259599685669
122,1.0022525340000357,106.36032,1.337194800376892,0.3526862859725952,0.010895702056586742,1.166015625,0.11363174021244049,0.0,0.10988490283489227,2.077742576599121,3.301300048828125,0.14595341682434082,0.0,22.0,0.0,0.0,22.0,0.0,22.0,0.3178345561027527,0.18927931785583496,2.6322835286458335,0.2410067319869995,0.01880193129181862,-0.09796696901321411
123,0.9986966719998236,106.36032,1.3674832582473755,0.3523716628551483,0.010517558082938194,1.15234375,0.11657126992940903,0.0,0.11138703674077988,2.067687749862671,3.3612945079803467,0.1451139897108078,0.0,26.0,0.0,0.0,26.0,0.0,26.0,0.3176963726679484,0.1905342936515808,2.6420491536458335,0.24133159716924033,0.018461635957161587,-0.09819155931472778
124,1.019016922999981,106.36032,1.4192500114440918,0.35249876976013184,0.031639110296964645,1.1435546875,0.12125541269779205,0.0,0.11723844707012177,2.09415340423584,3.4555487632751465,0.1507459133863449,0.0,12.0,0.0,0.0,12.0,0.0,12.0,0.3172707160313924,0.1944248229265213,2.6518147786458335,0.24123859405517578,0.0182959387699763,-0.09813565015792847
125,1.1264188079999258,106.36032,1.4666229486465454,0.35340115427970886,0.014123709872364998,1.1240234375,0.12477587163448334,0.0,0.12434975802898407,2.178142547607422,3.6582438945770264,0.19126299023628235,0.0,29.0,0.0,0.0,29.0,0.0,29.0,0.3167881965637207,0.1871854066848755,2.6302083333333335,0.24083914359410605,0.018453877419233322,-0.0982866883277893
126,1.057275559000118,106.36032,1.482901692390442,0.35157063603401184,0.014002555049955845,1.1064453125,0.12722346186637878,0.0,0.11570321023464203,2.1324615478515625,3.73435640335083,0.16742627322673798,0.0,36.0,0.0,0.0,36.0,0.0,36.0,0.31828467051188153,0.1838642954826355,2.6149088541666665,0.2421980102856954,0.018478980908791225,-0.09829896688461304
127,0.9721202680002534,106.36032,1.4690543413162231,0.3532699942588806,0.016441036015748978,1.09375,0.12631475925445557,0.0,0.11240466684103012,2.0347886085510254,3.750168561935425,0.15081238746643066,0.0,22.0,0.0,0.0,22.0,0.0,22.0,0.3191492756207784,0.18464136123657227,2.6258544921875,0.2432842254638672,0.018707091609636944,-0.09812766313552856
128,0.9934311800002433,106.36032,1.4503257274627686,0.35907381772994995,0.011995146982371807,1.080078125,0.1244312971830368,0.0,0.1136200875043869,2.057553291320801,3.7195873260498047,0.1454116255044937,0.0,26.0,0.0,0.0,26.0,0.0,26.0,0.31928354501724243,0.18987900018692017,2.6326904296875,0.24356500307718912,0.01872050513823827,-0.09833604097366333
129,0.9869724499999393,106.36032,1.4147088527679443,0.36601150035858154,0.018160369247198105,1.0693359375,0.12126540392637253,0.0,0.10927633941173553,2.0608625411987305,3.6770472526550293,0.14359435439109802,0.0,27.0,0.0,0.0,27.0,0.0,27.0,0.31963791449864704,0.18985921144485474,2.6405436197916665,0.24398545424143472,0.01867995286981265,-0.0982850193977356
130,1.0263696760002858,106.36032,1.3998574018478394,0.366138219833374,0.0169597789645195,1.0498046875,0.11991924047470093,0.0,0.10513253509998322,2.050880193710327,3.621300458908081,0.15218880772590637,0.0,30.0,0.0,0.0,30.0,0.0,30.0,0.31984585523605347,0.1840624213218689,2.6821695963541665,0.24422266085942587,0.01873813072840373,-0.09826666116714478
131,1.038295701000152,106.36032,1.3647782802581787,0.3696552515029907,0.012137597426772118,1.02734375,0.11720255017280579,0.0,0.09686022996902466,2.0458555221557617,3.545637607574463,0.13698428869247437,0.0,30.0,0.0,0.0,30.0,0.0,30.0,0.320385217666626,0.18223023414611816,2.7245279947916665,0.24581122398376465,0.01873258997996648,-0.09835857152938843
132,1.0045176329999776,106.36032,1.3468692302703857,0.3724234104156494,0.01324876956641674,1.0126953125,0.11573304980993271,0.0,0.09222789853811264,2.109053611755371,3.4896857738494873,0.13083161413669586,0.0,24.0,0.0,0.0,24.0,0.0,24.0,0.320609450340271,0.181429922580719,2.7106526692708335,0.2461544672648112,0.018703166395425797,-0.09838944673538208
133,1.0096559899998283,106.36032,1.3181796073913574,0.3756571412086487,0.015885714441537857,1.0,0.11286109685897827,0.0,0.08985255658626556,2.1561872959136963,3.4744248390197754,0.13109557330608368,0.0,21.0,0.0,0.0,21.0,0.0,21.0,0.3207413951555888,0.18080484867095947,2.70263671875,0.2461354931195577,0.018683408697446186,-0.09808045625686646
134,1.003014255999915,106.36032,1.3010066747665405,0.37504708766937256,0.015578008256852627,0.9892578125,0.11106079816818237,0.0,0.08834090083837509,2.1905622482299805,3.422776699066162,0.1504640132188797,0.0,25.0,0.0,0.0,25.0,0.0,25.0,0.3202495574951172,0.18059086799621582,2.6908772786458335,0.24589574337005615,0.01876198872923851,-0.09841042757034302
135,0.9922824750001382,106.36032,1.2770543098449707,0.36909639835357666,0.01103860605508089,0.98046875,0.10903008282184601,0.0,0.08580575883388519,2.183018684387207,3.3133416175842285,0.13358446955680847,0.0,17.0,0.0,0.0,17.0,0.0,17.0,0.3199159304300944,0.18066173791885376,2.6793212890625,0.24584223826726279,0.018683356543382008,-0.098347008228302
136,0.9835945400000128,106.36032,1.2701886892318726,0.36768102645874023,0.04524320363998413,0.97265625,0.10830696672201157,0.0,0.08980908244848251,2.1950459480285645,3.222836971282959,0.12559856474399567,0.0,12.0,0.0,0.0,12.0,0.0,12.0,0.3190299868583679,0.1804768443107605,2.67431640625,0.24546964963277182,0.018688822786013286,-0.09836393594741821
137,0.99370065300036,106.36032,1.2854666709899902,0.3682482838630676,0.009786670096218586,0.962890625,0.10915866494178772,0.0,0.09406287968158722,2.2020630836486816,3.2598884105682373,0.1454363763332367,0.0,17.0,0.0,0.0,17.0,0.0,17.0,0.3185667196909587,0.18253684043884277,2.6749267578125,0.24532657861709595,0.018707378456989925,-0.09791237115859985
138,0.9423150200000237,106.36032,1.3231276273727417,0.37051957845687866,0.020129496231675148,0.94921875,0.11232481896877289,0.0,0.09944149851799011,2.189788579940796,3.3074843883514404,0.1672055423259735,0.0,18.0,0.0,0.0,18.0,0.0,18.0,0.31859519084294635,0.1851942539215088,2.6497395833333335,0.2455011010169983,0.018698984136184055,-0.09783011674880981
139,0.9317446689997269,106.36032,1.3189544677734375,0.37766730785369873,0.01701655052602291,0.9443359375,0.11177065968513489,0.0,0.101535364985466,2.1920394897460938,3.3794374465942383,0.1574348509311676,0.0,16.0,0.0,0.0,16.0,0.0,16.0,0.3188048005104065,0.18439799547195435,2.6470947265625,0.2465601166089376,0.018418210248152416,-0.09780687093734741
140,0.9598142469999402,106.36032,1.340676188468933,0.37895670533180237,0.01841963827610016,0.9345703125,0.11353646963834763,0.0,0.1085236594080925,2.191652774810791,3.4588088989257812,0.15159544348716736,0.0,17.0,0.0,0.0,17.0,0.0,17.0,0.3186259865760803,0.18492388725280762,2.609375,0.24619966745376587,0.018319872518380482,-0.09808236360549927
141,0.9885183119999965,106.36032,1.3686211109161377,0.38189777731895447,0.01572278141975403,0.921875,0.1158304214477539,0.0,0.11370277404785156,2.181034564971924,3.504472494125366,0.15982845425605774,0.0,23.0,0.0,0.0,23.0,0.0,23.0,0.31843501329421997,0.19047188758850098,2.5959065755208335,0.24653295675913492,0.01818908378481865,-0.09807831048965454
142,1.0242372849997992,106.36032,1.4041833877563477,0.37980812788009644,0.016537433490157127,0.9130859375,0.11890377849340439,0.0,0.11607380956411362,2.1629652976989746,3.502779006958008,0.18375173211097717,0.0,24.0,0.0,0.0,24.0,0.0,24.0,0.3183692892392476,0.19123655557632446,2.5910237630208335,0.24711420138676962,0.018115486949682236,-0.09793227910995483
143,1.1056180529999438,106.36032,1.4146085977554321,0.37671005725860596,0.013397176750004292,0.9013671875,0.12013857066631317,0.0,0.11793714761734009,2.112034797668457,3.4413981437683105,0.16170164942741394,0.0,19.0,0.0,0.0,19.0,0.0,19.0,0.3185808261235555,0.19143497943878174,2.5861002604166665,0.2465762495994568,0.0180896557867527,-0.09802025556564331
144,1.087401810999836,106.36032,1.4031343460083008,0.36963745951652527,0.013538812287151814,0.890625,0.11880044639110565,0.0,0.11877726763486862,2.1650965213775635,3.403806209564209,0.1756303608417511,0.0,32.0,0.0,0.0,32.0,0.0,32.0,0.31885409355163574,0.18665850162506104,2.6068929036458335,0.24638481934865317,0.01804293567935626,-0.09814506769180298
145,0.9886756589999095,106.36032,1.3739882707595825,0.36596786975860596,0.010340898297727108,0.880859375,0.1163603886961937,0.0,0.11839558184146881,2.2300379276275635,3.344316005706787,0.15447136759757996,0.0,27.0,0.0,0.0,27.0,0.0,27.0,0.3190587560335795,0.1866844892501831,2.58447265625,0.24597849448521933,0.01820310701926549,-0.0983007550239563
146,1.0083244489997014,106.36032,1.377841591835022,0.3560774624347687,0.010069557465612888,0.87109375,0.11639130115509033,0.0,0.12016171216964722,2.2341389656066895,3.3536155223846436,0.18179723620414734,0.0,24.0,0.0,0.0,24.0,0.0,24.0,0.31867067019144696,0.19124209880828857,2.5932210286458335,0.24558734893798828,0.01835663989186287,-0.09842950105667114
147,1.0051543810000112,106.36032,1.3861535787582397,0.34489136934280396,0.010620854794979095,0.857421875,0.11722850799560547,0.0,0.12307616323232651,2.1831116676330566,3.3314425945281982,0.1782509982585907,0.0,23.0,0.0,0.0,23.0,0.0,23.0,0.3183744748433431,0.19330191612243652,2.5829264322916665,0.24582674105962118,0.018496296058098476,-0.0985003113746643
148,1.027747083000122,106.36032,1.38429856300354,0.3375551402568817,0.028576795011758804,0.84765625,0.1168549656867981,0.0,0.12398364394903183,2.202820301055908,3.333176374435425,0.19440512359142303,0.0,31.0,0.0,0.0,31.0,0.0,31.0,0.31821789344151813,0.18725109100341797,2.58837890625,0.24566076199213663,0.01857130105296771,-0.09848529100418091
149,1.0343162489998576,106.36032,1.4295399188995361,0.31925877928733826,0.014296582899987698,0.837890625,0.12176956236362457,0.0,0.12065915763378143,2.1304051876068115,3.362440824508667,0.18707790970802307,0.0,31.0,0.0,0.0,31.0,0.0,31.0,0.3185453812281291,0.1816893219947815,2.6133219401041665,0.245939572652181,0.018486800293127697,-0.09836536645889282
150,1.0596541939999042,106.36032,1.3989460468292236,0.3159898519515991,0.009474062360823154,0.8173828125,0.11948343366384506,0.0,0.11344524472951889,1.971799612045288,3.266082286834717,0.19744519889354706,0.0,35.0,0.0,0.0,35.0,0.0,35.0,0.3196641206741333,0.1807689666748047,2.64599609375,0.2474472920099894,0.01838821917772293,-0.09823638200759888
151,1.3009689929999695,106.36032,1.3472635746002197,0.3174477219581604,0.01252041943371296,0.8037109375,0.11492785066366196,0.0,0.10846036672592163,1.8781888484954834,3.144638776779175,0.20361016690731049,0.0,31.0,0.0,0.0,31.0,0.0,31.0,0.3207146128018697,0.1820583939552307,2.6687825520833335,0.24878366788228354,0.018308197458585102,-0.09815770387649536
152,1.1758610890001364,106.36032,1.293277621269226,0.3255089223384857,0.007268970832228661,0.7861328125,0.11052995920181274,0.0,0.10035817325115204,1.7228381633758545,3.048800468444824,0.19002604484558105,0.0,33.0,0.0,0.0,33.0,0.0,33.0,0.3217755953470866,0.18601006269454956,2.7031656901041665,0.25026337305704754,0.018462717533111572,-0.09810763597488403
153,1.0590601639996748,106.36032,1.2319334745407104,0.3389086127281189,0.009152569808065891,0.771484375,0.10510783642530441,0.0,0.0958583652973175,1.599674940109253,2.987480878829956,0.15784227848052979,0.0,20.0,0.0,0.0,20.0,0.0,20.0,0.3223463495572408,0.18279433250427246,2.72802734375,0.25040219227472943,0.018444386621316273,-0.09810620546340942
154,1.0912548809997134,106.36032,1.171318531036377,0.3507724404335022,0.01004719641059637,0.7607421875,0.09920965135097504,0.0,0.09367141127586365,1.4918510913848877,2.9691271781921387,0.1612316071987152,0.0,23.0,0.0,0.0,23.0,0.0,23.0,0.32265686988830566,0.18251842260360718,2.7432047526041665,0.2506412863731384,0.01839318002263705,-0.09814602136611938
155,1.0277423259999523,106.36032,1.1345962285995483,0.3624332547187805,0.01658501662313938,0.7548828125,0.09602632373571396,0.0,0.09094655513763428,1.4396369457244873,2.933108329772949,0.14448446035385132,0.0,15.0,0.0,0.0,15.0,0.0,15.0,0.3235068917274475,0.1834208369255066,2.7428792317708335,0.25127851963043213,0.018551965554555256,-0.09790140390396118
156,1.0496099269998922,106.36032,1.0745477676391602,0.3836272358894348,0.017769498750567436,0.7490234375,0.08983089029788971,0.0,0.09191954135894775,1.4706332683563232,2.877446174621582,0.16069410741329193,0.0,20.0,0.0,0.0,20.0,0.0,20.0,0.3239066998163859,0.1850230097770691,2.7518310546875,0.2515260577201843,0.018685886015494663,-0.09793788194656372
157,1.0138708510003198,106.36032,1.0455673933029175,0.3965540826320648,0.017709195613861084,0.7412109375,0.087111696600914,0.0,0.09194965660572052,1.4892303943634033,2.8323264122009277,0.15449142456054688,0.0,17.0,0.0,0.0,17.0,0.0,17.0,0.3238765398661296,0.1860712170600891,2.744384765625,0.2515370448430379,0.01864337796966235,-0.09800368547439575
158,1.0329828190001535,106.36032,1.0645018815994263,0.3991814851760864,0.018227141350507736,0.7314453125,0.08884807676076889,0.0,0.09207618236541748,1.5330181121826172,2.7805392742156982,0.1672326922416687,0.0,25.0,0.0,0.0,25.0,0.0,25.0,0.32342690229415894,0.184251606464386,2.7603352864583335,0.2510390281677246,0.01843587060769399,-0.09803622961044312
159,1.0313589630000024,106.36032,1.0892693996429443,0.39550572633743286,0.013438531197607517,0.724609375,0.09170876443386078,0.0,0.0865839421749115,1.559434175491333,2.7735049724578857,0.1449260115623474,0.0,20.0,0.0,0.0,20.0,0.0,20.0,0.323167085647583,0.1850290298461914,2.7838541666666665,0.25123467048009235,0.01827932894229889,-0.09833759069442749
160,1.0200263560000167,106.36032,1.0850284099578857,0.38867679238319397,0.021067632362246513,0.7177734375,0.09138386696577072,0.0,0.0848599225282669,1.612565040588379,2.7910122871398926,0.13348568975925446,0.0,18.0,0.0,0.0,18.0,0.0,18.0,0.3225361108779907,0.1911296248435974,2.7943115234375,0.25076019763946533,0.01800718034307162,-0.0983625054359436
161,1.059331408000162,106.36032,1.1232224702835083,0.370939701795578,0.007903452031314373,0.7099609375,0.09496937692165375,0.0,0.08055686950683594,1.6085480451583862,2.8300676345825195,0.1814260184764862,0.0,25.0,0.0,0.0,25.0,0.0,25.0,0.32208840052286786,0.19551464915275574,2.8141682942708335,0.2508022387822469,0.018034987151622772,-0.09831219911575317
162,1.0290502399998331,106.36032,1.0812911987304688,0.3599754571914673,0.009468148462474346,0.701171875,0.09183335304260254,0.0,0.0726998969912529,1.5816596746444702,2.770094633102417,0.13966427743434906,0.0,22.0,0.0,0.0,22.0,0.0,22.0,0.3222234845161438,0.19579645991325378,2.8430582682291665,0.2513596812884013,0.018109877904256184,-0.09824079275131226
163,1.0322067890001563,106.36032,1.076178789138794,0.3505803346633911,0.03064059652388096,0.6962890625,0.09120947122573853,0.0,0.07123245298862457,1.5931763648986816,2.7230918407440186,0.1484353244304657,0.0,16.0,0.0,0.0,16.0,0.0,16.0,0.3216494917869568,0.19375568628311157,2.8536376953125,0.2512779434521993,0.01793338730931282,-0.09828072786331177
164,1.027182821000224,106.36032,1.0957813262939453,0.34033533930778503,0.028198949992656708,0.6884765625,0.09359404444694519,0.0,0.0669729933142662,1.5441135168075562,2.734065532684326,0.13866281509399414,0.0,15.0,0.0,0.0,15.0,0.0,15.0,0.3217342098553975,0.18713688850402832,2.864990234375,0.2516436775525411,0.0178769255677859,-0.09803539514541626
165,1.0341533570003776,106.36032,1.1059980392456055,0.3391796350479126,0.028460249304771423,0.681640625,0.0944829210639,0.0,0.06604617834091187,1.5259313583374023,2.853031873703003,0.14144466817378998,0.0,14.0,0.0,0.0,14.0,0.0,14.0,0.3222660223642985,0.186995267868042,2.8714192708333335,0.25231120983759564,0.017813923458258312,-0.09824305772781372
166,1.0097509649999665,106.36032,1.1035374402999878,0.3483656644821167,0.03255602344870567,0.6767578125,0.0939054936170578,0.0,0.06709732115268707,1.4792988300323486,3.0173442363739014,0.15125304460525513,0.0,12.0,0.0,0.0,12.0,0.0,12.0,0.3229553699493408,0.18754088878631592,2.8323567708333335,0.25340620676676434,0.0177169106900692,-0.09815305471420288
167,0.9800670139998147,106.36032,1.0977946519851685,0.3648560643196106,0.02812369354069233,0.67578125,0.09306683391332626,0.0,0.06842827796936035,1.4575414657592773,3.192054271697998,0.15743356943130493,0.0,10.0,0.0,0.0,10.0,0.0,10.0,0.32356613874435425,0.18571394681930542,2.8046061197916665,0.25400785605112713,0.017719586690266926,-0.09809404611587524
168,1.006497044000298,106.36032,1.1007931232452393,0.3856737017631531,0.03624066337943077,0.6689453125,0.09325917065143585,0.0,0.06791992485523224,1.4087653160095215,3.33392596244812,0.1601899117231369,0.0,15.0,0.0,0.0,15.0,0.0,15.0,0.3241887092590332,0.18571871519088745,2.7713216145833335,0.25477057695388794,0.01769104351600011,-0.09805232286453247
169,1.013123786000051,106.36032,1.0816439390182495,0.4041750431060791,0.04802378639578819,0.666015625,0.09150763601064682,0.0,0.06731460988521576,1.3653888702392578,3.3302841186523438,0.14347568154335022,0.0,10.0,0.0,0.0,10.0,0.0,10.0,0.3242172400156657,0.18719375133514404,2.7807210286458335,0.2552951176961263,0.01795915390054385,-0.09806925058364868
170,1.030142576000344,106.36032,1.0429811477661133,0.41767263412475586,0.05387357622385025,0.6611328125,0.08759503811597824,0.0,0.0704353004693985,1.3852176666259766,3.2828891277313232,0.12831228971481323,0.0,7.0,0.0,0.0,7.0,0.0,7.0,0.3234618902206421,0.18827199935913086,2.7607014973958335,0.2543524106343587,0.018039360642433167,-0.09808975458145142
171,1.0486606560002656,106.36032,1.0316455364227295,0.4179585576057434,0.03927869722247124,0.6572265625,0.08609695732593536,0.0,0.07501737773418427,1.4055665731430054,3.235952854156494,0.13863098621368408,0.0,11.0,0.0,0.0,11.0,0.0,11.0,0.32208983103434247,0.18803268671035767,2.732177734375,0.2530060013135274,0.017800540973742802,-0.09810429811477661
172,1.0173751940001239,106.36032,0.9972126483917236,0.4096304178237915,0.03425576910376549,0.65234375,0.08246998488903046,0.0,0.07704824209213257,1.4977147579193115,3.240602493286133,0.13668398559093475,0.0,12.0,0.0,0.0,12.0,0.0,12.0,0.32072774569193524,0.188054621219635,2.7261149088541665,0.2518363793690999,0.01765851428111394,-0.09817057847976685
173,0.988461518999884,106.36032,1.0279515981674194,0.3779789209365845,0.023449648171663284,0.6435546875,0.08511551469564438,0.0,0.08050765842199326,1.6019176244735718,3.3508005142211914,0.14493131637573242,0.0,16.0,0.0,0.0,16.0,0.0,16.0,0.31906267007191974,0.19097435474395752,2.7082112630208335,0.2509392897288005,0.017492762456337612,-0.09825283288955688
174,1.0093733100002282,106.36032,1.0906918048858643,0.3372877240180969,0.05414033308625221,0.634765625,0.09132374823093414,0.0,0.08071236312389374,1.7239516973495483,3.3990237712860107,0.14895877242088318,0.0,21.0,0.0,0.0,21.0,0.0,21.0,0.3183407386144002,0.1962132453918457,2.7128092447916665,0.25016852219899494,0.0173372117181619,-0.09807950258255005
175,1.0128232590000152,106.36032,1.1715497970581055,0.3026003837585449,0.10914100706577301,0.62890625,0.09932824224233627,0.0,0.08037564903497696,1.8533295392990112,3.3301806449890137,0.1561759114265442,0.0,16.0,0.0,0.0,16.0,0.0,16.0,0.3188990155855815,0.1910942792892456,2.7519124348958335,0.25053415695826214,0.017471257597208023,-0.09790164232254028
176,1.0015071620000526,106.36032,1.2500511407852173,0.2766977548599243,0.0857793539762497,0.623046875,0.10684405267238617,0.0,0.08197325468063354,1.8771326541900635,3.404515027999878,0.16392365097999573,0.0,14.0,0.0,0.0,14.0,0.0,14.0,0.32026658455530804,0.18774479627609253,2.7742513020833335,0.2520597775777181,0.01749705399076144,-0.09784632921218872
177,0.9795678730001782,106.36032,1.2378370761871338,0.28177785873413086,0.02909966930747032,0.6201171875,0.10566101968288422,0.0,0.07783778011798859,1.8285706043243408,3.5795559883117676,0.16414612531661987,0.0,19.0,0.0,0.0,19.0,0.0,19.0,0.32318536440531415,0.18773138523101807,2.7613525390625,0.2552292545636495,0.017703232665856678,-0.09775763750076294
178,1.0118323450001299,106.36032,1.1673717498779297,0.3132716715335846,0.03053760528564453,0.6162109375,0.09855210781097412,0.0,0.0728507861495018,1.7307052612304688,3.79708194732666,0.1846410036087036,0.0,16.0,0.0,0.0,16.0,0.0,16.0,0.3259615699450175,0.18862158060073853,2.7174479166666665,0.258070965607961,0.01775176202257474,-0.09818035364151001
179,0.9889234939996641,106.36032,1.1108404397964478,0.3487672805786133,0.04685191065073013,0.6123046875,0.09282755851745605,0.0,0.07107487320899963,1.5463275909423828,4.041228294372559,0.18677054345607758,0.0,15.0,0.0,0.0,15.0,0.0,15.0,0.3273935914039612,0.18945372104644775,2.7255859375,0.259292205174764,0.01778446137905121,-0.09813648462295532
180,0.9826622900000075,106.36032,1.1165674924850464,0.36688169836997986,0.061559177935123444,0.609375,0.0933184027671814,0.0,0.07053426653146744,1.3507392406463623,4.17539644241333,0.2013895958662033,0.0,9.0,0.0,0.0,9.0,0.0,9.0,0.3274225989977519,0.1895490288734436,2.7165934244791665,0.2592741847038269,0.017775292197863262,-0.09803110361099243
181,0.9921869470003912,106.36032,1.1034936904907227,0.3877585828304291,0.06854972243309021,0.6044921875,0.09175946563482285,0.0,0.07105184346437454,1.2985031604766846,4.154998779296875,0.22037671506404877,0.0,18.0,0.0,0.0,18.0,0.0,18.0,0.3263930281003316,0.18813323974609375,2.7462158203125,0.2584920326868693,0.017793246855338413,-0.09795957803726196
182,0.9851733199998307,106.36032,1.1140421628952026,0.40317007899284363,0.07291626185178757,0.5986328125,0.09365829080343246,0.0,0.06503680348396301,1.2101898193359375,4.017807960510254,0.18120376765727997,0.0,11.0,0.0,0.0,11.0,0.0,11.0,0.3254612882932027,0.18721383810043335,2.7655843098958335,0.2578790783882141,0.017707352836926777,-0.09800416231155396
183,0.9754594979999638,106.36032,1.087599515914917,0.4210957884788513,0.08113475888967514,0.595703125,0.09090565145015717,0.0,0.06705313920974731,1.3481156826019287,3.8529911041259766,0.17391517758369446,0.0,6.0,0.0,0.0,6.0,0.0,6.0,0.32399823268254596,0.18649297952651978,2.7438557942708335,0.2564677397410075,0.01789408673842748,-0.09808236360549927
184,0.9837923770000998,106.36032,1.0490387678146362,0.42210280895233154,0.05394272133708,0.591796875,0.08694466948509216,0.0,0.06834154576063156,1.4844017028808594,3.680995464324951,0.16552799940109253,0.0,12.0,0.0,0.0,12.0,0.0,12.0,0.32189613580703735,0.1872255802154541,2.7255045572916665,0.25409136215845746,0.017710067331790924,-0.09806114435195923
185,0.974839449999763,106.36032,0.9995428919792175,0.4043692946434021,0.03795287758111954,0.58984375,0.08186518400907516,0.0,0.07000456750392914,1.607023000717163,3.6273982524871826,0.15545201301574707,0.0,5.0,0.0,0.0,5.0,0.0,5.0,0.31919874747594196,0.1852601170539856,2.7266438802083335,0.251277228196462,0.017620686441659927,-0.09800273180007935
186,0.9888886189996811,106.36032,1.012274980545044,0.3674323558807373,0.12919379770755768,0.5869140625,0.0826270580291748,0.0,0.07608701288700104,1.8017024993896484,3.7034664154052734,0.15816128253936768,0.0,9.0,0.0,0.0,9.0,0.0,9.0,0.3165236910184224,0.18476253747940063,2.7196451822916665,0.24867151180903116,0.01755426451563835,-0.09788733720779419
187,0.9880867500000932,106.36032,1.1114619970321655,0.32458922266960144,0.085982546210289,0.580078125,0.09177761524915695,0.0,0.08260105550289154,1.9145011901855469,3.828090190887451,0.17869238555431366,0.0,16.0,0.0,0.0,16.0,0.0,16.0,0.31558040777842206,0.18682122230529785,2.74365234375,0.24770750602086386,0.017428224285443623,-0.09779459238052368
188,0.990908983999816,106.36032,1.1950201988220215,0.3017212450504303,0.090255968272686,0.5732421875,0.09977021813392639,0.0,0.08596484363079071,1.9620885848999023,3.925729274749756,0.184109628200531,0.0,13.0,0.0,0.0,13.0,0.0,13.0,0.31655462582906085,0.1898239254951477,2.7534993489583335,0.24891732136408487,0.017383073767026264,-0.09782284498214722
189,0.9952193140002237,106.36032,1.2271934747695923,0.29916146397590637,0.0389016754925251,0.564453125,0.10281306505203247,0.0,0.08455817401409149,2.039008855819702,4.112447738647461,0.2049804925918579,0.0,18.0,0.0,0.0,18.0,0.0,18.0,0.31969137986501056,0.1908065676689148,2.6992594401041665,0.2517596284548442,0.017499445627133053,-0.0981181263923645
190,0.9946177619999617,106.36032,1.243018388748169,0.3071891963481903,0.018656114116311073,0.5595703125,0.10423588752746582,0.0,0.08189911395311356,1.9988645315170288,4.315711975097656,0.23902401328086853,0.0,20.0,0.0,0.0,20.0,0.0,20.0,0.3224652608235677,0.18640315532684326,2.59375,0.25496552387873334,0.017793770879507065,-0.09810739755630493
191,1.0069597749998138,106.36032,1.2326253652572632,0.32447484135627747,0.022221708670258522,0.556640625,0.10323675721883774,0.0,0.08204427361488342,1.8822803497314453,4.529576301574707,0.2309914082288742,0.0,15.0,0.0,0.0,15.0,0.0,15.0,0.32329046726226807,0.18639689683914185,2.6007486979166665,0.25581852595011395,0.01785038411617279,-0.09801560640335083
192,0.9897544290001861,106.36032,1.2327772378921509,0.3409140706062317,0.03749775514006615,0.55078125,0.10282573103904724,0.0,0.0828295350074768,1.6976656913757324,4.730274677276611,0.2594161629676819,0.0,18.0,0.0,0.0,18.0,0.0,18.0,0.32253384590148926,0.18777942657470703,2.6427001953125,0.25510911146799725,0.017673945675293606,-0.09786123037338257
193,0.9798638509996636,106.36032,1.2526602745056152,0.35404545068740845,0.0376567542552948,0.5458984375,0.10478205978870392,0.0,0.08543577790260315,1.5660350322723389,4.788091659545898,0.25735220313072205,0.0,15.0,0.0,0.0,15.0,0.0,15.0,0.321185827255249,0.18672095239162445,2.6631266276041665,0.25353848934173584,0.017961669713258743,-0.11404665559530258
194,0.9956400410001152,106.36032,1.2625113725662231,0.3716233968734741,0.04717942327260971,0.544921875,0.10569580644369125,0.0,0.0909685343503952,1.5038177967071533,4.586703777313232,0.24668654799461365,0.0,10.0,0.0,0.0,10.0,0.0,10.0,0.32052648067474365,0.17874710261821747,2.6372477213541665,0.2523255745569865,0.01792922616004944,-0.11406273394823074
195,1.0579001940000126,106.36032,1.2637416124343872,0.38386768102645874,0.05352945625782013,0.5400390625,0.10576539486646652,0.0,0.09556977450847626,1.4381685256958008,4.2570905685424805,0.23730850219726562,0.0,14.0,0.0,0.0,14.0,0.0,14.0,0.3195056915283203,0.1780146211385727,2.6158447265625,0.25145312150319415,0.017899412661790848,-0.11407679319381714
196,1.056176687000061,106.36032,1.2641496658325195,0.3897912800312042,0.05118970572948456,0.5341796875,0.10588198900222778,0.0,0.09857680648565292,1.437896490097046,3.9201905727386475,0.22991862893104553,0.0,18.0,0.0,0.0,18.0,0.0,18.0,0.3190332055091858,0.20148959755897522,2.5843505859375,0.2512982288996379,0.01788237194220225,-0.11409753561019897
197,1.0070667569998477,106.36032,1.1780441999435425,0.3932638168334961,0.0460016168653965,0.5244140625,0.09754269570112228,0.0,0.10166646540164948,1.608102560043335,3.6214969158172607,0.2073340117931366,0.0,19.0,0.0,0.0,19.0,0.0,19.0,0.3184293707211812,0.20365038514137268,2.6164957682291665,0.25092895825703937,0.01780419920881589,-0.11408498138189316
198,1.000571101999867,106.36032,1.165158748626709,0.3735700249671936,0.021425889804959297,0.5185546875,0.09613502025604248,0.0,0.10580018162727356,1.8262461423873901,3.492114782333374,0.20151524245738983,0.0,16.0,0.0,0.0,16.0,0.0,16.0,0.31739258766174316,0.18802005052566528,2.6433919270833335,0.2501536011695862,0.017640434205532074,-0.1139310672879219
199,1.0241224830001556,106.36032,1.1689261198043823,0.3450523614883423,0.01636185497045517,0.5078125,0.09622107446193695,0.0,0.10872860252857208,2.011495351791382,3.4053330421447754,0.2348928451538086,0.0,30.0,0.0,0.0,30.0,0.0,30.0,0.3166768749554952,0.18830329179763794,2.6922200520833335,0.24917888641357422,0.017709102481603622,-0.1137903556227684
200,0.9882099120000021,106.36032,1.199022889137268,0.31676119565963745,0.044451236724853516,0.4970703125,0.09915512800216675,0.0,0.11068804562091827,2.0493102073669434,3.2708001136779785,0.25452205538749695,0.0,26.0,0.0,0.0,26.0,0.0,26.0,0.31655387083689374,0.19426029920578003,2.716064453125,0.24910191694895426,0.01760949318607648,-0.11373536288738251
201,0.9769866040001034,106.36032,1.2648417949676514,0.2911282479763031,0.08053679764270782,0.4951171875,0.10613387823104858,0.0,0.11142607778310776,1.9306292533874512,3.141679525375366,0.22600534558296204,0.0,20.0,0.0,0.0,20.0,0.0,20.0,0.31709174315134686,0.19568532705307007,2.7250162760416665,0.24998666842778525,0.017596905430157978,-0.11373431980609894
202,1.0231750090001697,106.36032,1.324375033378601,0.2748853862285614,0.03836031258106232,0.4814453125,0.11183872073888779,0.0,0.10857123136520386,1.8425054550170898,3.056241512298584,0.28069159388542175,0.0,38.0,0.0,0.0,38.0,0.0,38.0,0.31797589858373004,0.1909744143486023,2.73828125,0.2510705788930257,0.017728310078382492,-0.11373945325613022
203,1.0371348509997915,106.36032,1.309767246246338,0.2695409953594208,0.043597713112831116,0.4697265625,0.11143916845321655,0.0,0.09661811590194702,1.7589080333709717,2.931248426437378,0.283323734998703,0.0,33.0,0.0,0.0,33.0,0.0,33.0,0.3201012412707011,0.1913905143737793,2.7496337890625,0.253060261408488,0.017848880340655644,-0.11373961716890335
204,1.0191909979998854,106.36032,1.2561134099960327,0.276703417301178,0.03574950993061066,0.4638671875,0.10686299204826355,0.0,0.0881805270910263,1.7432291507720947,2.8754258155822754,0.27578210830688477,0.0,25.0,0.0,0.0,25.0,0.0,25.0,0.3217868407567342,0.19442462921142578,2.7771402994791665,0.2548802892367045,0.017822892715533573,-0.10092350095510483
205,0.9810552740000276,106.36032,1.1863816976547241,0.2902820408344269,0.0667409598827362,0.4599609375,0.10032796859741211,0.0,0.08351700007915497,1.678636908531189,2.9374959468841553,0.2799334228038788,0.0,20.0,0.0,0.0,20.0,0.0,20.0,0.32310326894124347,0.18873363733291626,2.8269449869791665,0.2559369405110677,0.017703695843617123,-0.09764724969863892
206,1.2037199950000286,106.36032,1.140575647354126,0.3087320923805237,0.023121528327465057,0.4541015625,0.0959555059671402,0.0,0.08327800035476685,1.5558274984359741,3.0979480743408203,0.27495867013931274,0.0,18.0,0.0,0.0,18.0,0.0,18.0,0.32391200462977093,0.19857177138328552,2.8392740885416665,0.25645633538564044,0.01767923931280772,-0.09755474328994751
207,1.0034245300003022,106.36032,1.0710325241088867,0.33540183305740356,0.02417052537202835,0.451171875,0.08882378786802292,0.0,0.08407881110906601,1.4541152715682983,3.2455458641052246,0.2650914788246155,0.0,16.0,0.0,0.0,16.0,0.0,16.0,0.32459914684295654,0.1985902190208435,2.8104248046875,0.25665416320164997,0.01776671161254247,-0.097537100315094
208,1.0372859069998412,106.36032,1.0172936916351318,0.36633720993995667,0.03531637787818909,0.4482421875,0.0833350270986557,0.0,0.08395348489284515,1.35491943359375,3.3039660453796387,0.2537057101726532,0.0,16.0,0.0,0.0,16.0,0.0,16.0,0.3248716394106547,0.199290931224823,2.7917887369791665,0.25708093245824176,0.01769967128833135,-0.09756249189376831
209,1.010093063000113,106.36032,1.012826919555664,0.3877759575843811,0.05183578282594681,0.439453125,0.08315382152795792,0.0,0.08089299499988556,1.3223607540130615,3.312469959259033,0.24642901122570038,0.0,20.0,0.0,0.0,20.0,0.0,20.0,0.3248160680135091,0.20006704330444336,2.7904866536458335,0.2569446563720703,0.017905913293361664,-0.09766262769699097
210,0.9913639869996587,106.36032,0.9982988834381104,0.401962012052536,0.05770636349916458,0.4296875,0.08208934217691422,0.0,0.076547771692276,1.3142566680908203,3.2670536041259766,0.2239188253879547,0.0,22.0,0.0,0.0,22.0,0.0,22.0,0.3237990140914917,0.20635393261909485,2.8014322916666665,0.25596638520558673,0.018032900989055634,-0.09786707162857056
211,1.0144968439999502,106.36032,0.9601989388465881,0.41034960746765137,0.06043175980448723,0.4248046875,0.0782155841588974,0.0,0.07357453554868698,1.3723939657211304,3.2112960815429688,0.23068329691886902,0.0,14.0,0.0,0.0,14.0,0.0,14.0,0.32236431042353314,0.19729536771774292,2.8332926432291665,0.2547496159871419,0.017984740436077118,-0.09805804491043091
212,1.0011296940001557,106.36032,0.9641095399856567,0.39963504672050476,0.04427459463477135,0.41796875,0.07855944335460663,0.0,0.07203467190265656,1.4852594137191772,3.1981282234191895,0.2330625355243683,0.0,22.0,0.0,0.0,22.0,0.0,22.0,0.32083245118459064,0.1908266544342041,2.8553059895833335,0.25298941135406494,0.01810407762726148,-0.09816628694534302
213,0.9944330749999608,106.36032,0.9746161699295044,0.3799787759780884,0.0480254590511322,0.4140625,0.07939842343330383,0.0,0.07094593346118927,1.6281194686889648,3.1827826499938965,0.23492348194122314,0.0,17.0,0.0,0.0,17.0,0.0,17.0,0.3196369409561157,0.1906062364578247,2.8538004557291665,0.2517569065093994,0.018200955043236416,-0.09780246019363403
214,0.9743964639997102,106.36032,1.0174776315689087,0.3529115319252014,0.0338238961994648,0.412109375,0.08352797478437424,0.0,0.07033222168684006,1.7018836736679077,3.3046302795410156,0.22074882686138153,0.0,16.0,0.0,0.0,16.0,0.0,16.0,0.31935741504033405,0.1913222074508667,2.8430582682291665,0.25143714745839435,0.018152964611848194,-0.09820061922073364
215,0.9897120750001704,106.36032,1.058518886566162,0.3341335654258728,0.06060124188661575,0.408203125,0.08695989847183228,0.0,0.07327117770910263,1.8421475887298584,3.460996389389038,0.2495303452014923,0.0,13.0,0.0,0.0,13.0,0.0,13.0,0.3190654118855794,0.1920475959777832,2.8046468098958335,0.2511552770932515,0.018249794840812683,-0.09816807508468628
216,1.0035112760001539,106.36032,1.1126997470855713,0.31665098667144775,0.0858960971236229,0.4072265625,0.09182119369506836,0.0,0.07646627724170685,1.9517490863800049,3.618117094039917,0.2603946328163147,0.0,12.0,0.0,0.0,12.0,0.0,12.0,0.31856395800908405,0.19396352767944336,2.7651774088541665,0.25096263488133747,0.018213169028361637,-0.09811967611312866
217,0.9830835709999519,106.36032,1.142006516456604,0.309570848941803,0.02431049756705761,0.4033203125,0.09419898688793182,0.0,0.07913662493228912,1.927743911743164,3.8342971801757812,0.27614128589630127,0.0,16.0,0.0,0.0,16.0,0.0,16.0,0.31853199005126953,0.1944131851196289,2.7689208984375,0.25067492326100665,0.01812911406159401,-0.09791582822799683
218,0.9773980970003322,106.36032,1.1514575481414795,0.3111898899078369,0.028730127960443497,0.400390625,0.09516151249408722,0.0,0.07719185203313828,1.844769835472107,4.040417671203613,0.27934616804122925,0.0,17.0,0.0,0.0,17.0,0.0,17.0,0.3192378679911296,0.19432395696640015,2.7338460286458335,0.25113338232040405,0.017975932608048122,-0.09786242246627808
219,1.0158360150003318,106.36032,1.1753441095352173,0.3231320381164551,0.04583503305912018,0.3974609375,0.09726487845182419,0.0,0.0791734829545021,1.759242057800293,4.176632881164551,0.3027292490005493,0.0,13.0,0.0,0.0,13.0,0.0,13.0,0.3194618026415507,0.19177114963531494,2.71923828125,0.25161715348561603,0.017926620940367382,-0.09793514013290405
220,0.9990260649997253,106.36032,1.1911581754684448,0.33663642406463623,0.04405853524804115,0.39453125,0.09864139556884766,0.0,0.0822516679763794,1.6577204465866089,4.386402130126953,0.29389697313308716,0.0,12.0,0.0,0.0,12.0,0.0,12.0,0.319434920946757,0.1893288493156433,2.7020670572916665,0.2521257201830546,0.017994371553262074,-0.09792691469192505
221,0.9821854810002151,106.36032,1.183046817779541,0.3500947058200836,0.04498493671417236,0.392578125,0.09765015542507172,0.0,0.08662337064743042,1.5735366344451904,4.520370006561279,0.2951965630054474,0.0,16.0,0.0,0.0,16.0,0.0,16.0,0.3194194436073303,0.18932509422302246,2.6695963541666665,0.2523541847864787,0.01805314173301061,-0.09795218706130981
222,0.9930283100002271,106.36032,1.1883113384246826,0.3574676811695099,0.04351402074098587,0.3857421875,0.09839822351932526,0.0,0.0887124165892601,1.5004053115844727,4.433401107788086,0.2786754071712494,0.0,22.0,0.0,0.0,22.0,0.0,22.0,0.3191564877827962,0.1890891194343567,2.6673990885416665,0.2521807551383972,0.018062954147656757,-0.09795504808425903
223,0.9975703659997635,106.36032,1.1632720232009888,0.3637913167476654,0.0343075655400753,0.3828125,0.09575045108795166,0.0,0.09451866149902344,1.5375840663909912,4.22184944152832,0.27603840827941895,0.0,12.0,0.0,0.0,12.0,0.0,12.0,0.3187244137128194,0.1908951997756958,2.650390625,0.25139222542444867,0.017839609334866207,-0.09800416231155396
224,1.036998960999881,106.36032,1.14274001121521,0.3604888916015625,0.022623024880886078,0.3779296875,0.09374397993087769,0.0,0.09855149686336517,1.5611037015914917,4.032414436340332,0.2629461884498596,0.0,15.0,0.0,0.0,15.0,0.0,15.0,0.31835126876831055,0.1867285966873169,2.6624348958333335,0.2509525418281555,0.01777726411819458,-0.09815186262130737
225,1.0589342739999665,106.36032,1.1122246980667114,0.350899875164032,0.02067631296813488,0.369140625,0.09068193286657333,0.0,0.09972336888313293,1.5638558864593506,3.8063552379608154,0.2668860852718353,0.0,30.0,0.0,0.0,30.0,0.0,30.0,0.31853840748469037,0.18589353561401367,2.6724446614583335,0.25138139724731445,0.017725431670745213,-0.09824448823928833
226,1.0470157820000168,106.36032,1.026172399520874,0.3478018641471863,0.02347240038216114,0.3662109375,0.0828036367893219,0.0,0.09515487402677536,1.614446997642517,3.481586456298828,0.2616020143032074,0.0,25.0,0.0,0.0,25.0,0.0,25.0,0.31925950447718304,0.18611198663711548,2.7295735677083335,0.2519914507865906,0.017810673763354618,-0.09802347421646118
227,1.018059446999814,106.36032,1.0377386808395386,0.3313348889350891,0.043678466230630875,0.357421875,0.08457400649785995,0.0,0.09169775247573853,1.7014765739440918,3.334481716156006,0.2430747151374817,0.0,29.0,0.0,0.0,29.0,0.0,29.0,0.3198849558830261,0.1898215413093567,2.7903238932291665,0.2526160677274068,0.017927239338556927,-0.0982864499092102
228,1.013867429000129,106.36032,1.0483298301696777,0.3179815411567688,0.04792190343141556,0.3466796875,0.08607792109251022,0.0,0.08350667357444763,1.7340177297592163,3.2439379692077637,0.25173431634902954,0.0,31.0,0.0,0.0,31.0,0.0,31.0,0.3207901517550151,0.19804275035858154,2.8233235677083335,0.25432467460632324,0.017932767669359844,-0.09818655252456665
229,0.9921202529999391,106.36032,1.0247629880905151,0.31549715995788574,0.048861026763916016,0.3388671875,0.08430035412311554,0.0,0.07550874352455139,1.765123724937439,3.1791038513183594,0.24741534888744354,0.0,19.0,0.0,0.0,19.0,0.0,19.0,0.32186251878738403,0.2047642469406128,2.8676350911458335,0.2563146154085795,0.017880070954561234,-0.09787124395370483
230,0.9865998549998949,106.36032,1.0095311403274536,0.32080864906311035,0.05217999964952469,0.3359375,0.08299568295478821,0.0,0.07365363091230392,1.7990961074829102,3.1422767639160156,0.24196593463420868,0.0,14.0,0.0,0.0,14.0,0.0,14.0,0.32260270913441974,0.20651108026504517,2.8581136067708335,0.25717933972676593,0.01790912201007207,-0.09826785326004028
231,1.0044375619995662,106.36032,0.9642131924629211,0.3355056643486023,0.020016469061374664,0.333984375,0.07803264260292053,0.0,0.07420795410871506,1.7981812953948975,3.161729335784912,0.2676754593849182,0.0,17.0,0.0,0.0,17.0,0.0,17.0,0.3232128620147705,0.20075082778930664,2.8498942057291665,0.2578991651535034,0.01795244465271632,-0.09809428453445435
232,1.0369592090000879,106.36032,0.9212641716003418,0.3499293327331543,0.02621806040406227,0.330078125,0.07403038442134857,0.0,0.06947758793830872,1.6717631816864014,3.1376521587371826,0.27672386169433594,0.0,20.0,0.0,0.0,20.0,0.0,20.0,0.3234785000483195,0.19682621955871582,2.8483072916666665,0.25845205783843994,0.017923373728990555,-0.09794002771377563
233,1.0553024569999252,106.36032,0.8862903714179993,0.3617646098136902,0.029881445690989494,0.328125,0.07110229134559631,0.0,0.06709593534469604,1.523550033569336,3.127837657928467,0.24573051929473877,0.0,13.0,0.0,0.0,13.0,0.0,13.0,0.32322325309117633,0.19691038131713867,2.8229166666666665,0.25845356782277423,0.01792219653725624,-0.09784942865371704
234,1.0258135459998812,106.36032,0.8878298401832581,0.3733656108379364,0.0489775687456131,0.3232421875,0.07094256579875946,0.0,0.07030680775642395,1.494398593902588,3.1918132305145264,0.2523922920227051,0.0,12.0,0.0,0.0,12.0,0.0,12.0,0.3223946889241536,0.2013222575187683,2.7992757161458335,0.25766120354334515,0.017987055083115894,-0.0978056788444519
235,1.0270038869998643,106.36032,0.9279147982597351,0.3766056001186371,0.04765182361006737,0.3212890625,0.07478316873311996,0.0,0.07108594477176666,1.4605493545532227,3.3847970962524414,0.24071237444877625,0.0,11.0,0.0,0.0,11.0,0.0,11.0,0.32169902324676514,0.2014485001564026,2.7765299479166665,0.25682880481084186,0.01797379677494367,-0.09784680604934692
236,1.0116759160000584,106.36032,0.9797176122665405,0.3738299608230591,0.06824645400047302,0.3193359375,0.07939004898071289,0.0,0.07830771803855896,1.4648492336273193,3.5654091835021973,0.24160170555114746,0.0,6.0,0.0,0.0,6.0,0.0,6.0,0.3206597367922465,0.20218601822853088,2.7633870442708335,0.2558271884918213,0.01789396380384763,-0.09799748659133911
237,1.0478615419997368,106.36032,1.0102479457855225,0.36716532707214355,0.04511274769902229,0.3173828125,0.08198392391204834,0.0,0.08110170066356659,1.5023072957992554,3.7466797828674316,0.241073340177536,0.0,16.0,0.0,0.0,16.0,0.0,16.0,0.3199257254600525,0.20241567492485046,2.7350260416666665,0.25528132915496826,0.018117425342400868,-0.09756070375442505
238,1.0870081570001275,106.36032,0.997873842716217,0.36273130774497986,0.027358563616871834,0.3134765625,0.08013662695884705,0.0,0.08549121022224426,1.6144895553588867,3.854112148284912,0.24637536704540253,0.0,12.0,0.0,0.0,12.0,0.0,12.0,0.31917540232340497,0.197393000125885,2.7115478515625,0.25450724363327026,0.018160348137219746,-0.09758979082107544
239,1.1151183229999333,106.36032,0.9946377277374268,0.35020768642425537,0.01579497568309307,0.3134765625,0.07957003265619278,0.0,0.08735394477844238,1.738456130027771,3.884152889251709,0.24230584502220154,0.0,15.0,0.0,0.0,15.0,0.0,15.0,0.3183495004971822,0.19384849071502686,2.7142740885416665,0.25346748034159344,0.01819577564795812,-0.09772783517837524
240,1.0730903489998127,106.36032,1.0053616762161255,0.3338271975517273,0.03216414153575897,0.310546875,0.08029871433973312,0.0,0.09148252010345459,1.8694255352020264,3.912764310836792,0.24763920903205872,0.0,14.0,0.0,0.0,14.0,0.0,14.0,0.31784504652023315,0.2002539038658142,2.7202555338541665,0.2530591090520223,0.018364253143469494,-0.09775549173355103
241,1.083072033999997,106.36032,1.0566298961639404,0.31943681836128235,0.05166400969028473,0.3076171875,0.0849800556898117,0.0,0.09503944218158722,1.9524306058883667,4.019604682922363,0.25599563121795654,0.0,11.0,0.0,0.0,11.0,0.0,11.0,0.3178849220275879,0.20024994015693665,2.7180989583333335,0.2534611026446025,0.01831078777710597,-0.0988343358039856
242,1.1102200299997094,106.36032,1.1385607719421387,0.3102155923843384,0.055599868297576904,0.3056640625,0.09260545670986176,0.0,0.09948986768722534,1.9732980728149414,4.165848731994629,0.27350008487701416,0.0,19.0,0.0,0.0,19.0,0.0,19.0,0.31858418385187787,0.19982856512069702,2.687744140625,0.2540218432744344,0.018221735954284668,-0.09877020120620728
243,1.0501417479999873,106.36032,1.2025609016418457,0.30983465909957886,0.06295470148324966,0.2978515625,0.09849223494529724,0.0,0.10131804645061493,1.9061044454574585,4.348644733428955,0.31937354803085327,0.0,20.0,0.0,0.0,20.0,0.0,20.0,0.319979468981425,0.19984936714172363,2.6260986328125,0.255143682161967,0.018268765260775883,-0.09911614656448364
244,1.0522279829997387,106.36032,1.1852244138717651,0.320676326751709,0.041301801800727844,0.2939453125,0.09734505414962769,0.0,0.09474178403615952,1.7785263061523438,4.574255466461182,0.28670573234558105,0.0,27.0,0.0,0.0,27.0,0.0,27.0,0.3208021322886149,0.200872004032135,2.6230875651041665,0.2564685146013896,0.01840466136733691,-0.09778028726577759
245,1.070952882000256,106.36032,1.1328457593917847,0.3337947428226471,0.03495294973254204,0.2900390625,0.09238715469837189,0.0,0.09053593873977661,1.575339674949646,4.574296474456787,0.2912551760673523,0.0,24.0,0.0,0.0,24.0,0.0,24.0,0.32068673769632977,0.20013916492462158,2.6319986979166665,0.2566967209180196,0.018258048842350643,-0.09786432981491089
246,1.0491689549999137,106.36032,1.098610520362854,0.34338894486427307,0.02389255166053772,0.287109375,0.08937448263168335,0.0,0.08886103332042694,1.509662389755249,4.402643203735352,0.2774260938167572,0.0,18.0,0.0,0.0,18.0,0.0,18.0,0.3201089898745219,0.19365867972373962,2.6226399739583335,0.25644661982854206,0.01831218476096789,-0.09799128770828247
247,1.0506793539998398,106.36032,1.0870352983474731,0.3512417674064636,0.02534262090921402,0.2802734375,0.08833485841751099,0.0,0.09069987386465073,1.4739421606063843,4.243267059326172,0.2607211768627167,0.0,16.0,0.0,0.0,16.0,0.0,16.0,0.3192017277081807,0.19386595487594604,2.6221516927083335,0.2556588252385457,0.01832842081785202,-0.09808999300003052
248,1.0811022449997836,106.36032,1.080655813217163,0.3532264232635498,0.029004208743572235,0.275390625,0.08766210079193115,0.0,0.09165125340223312,1.4382102489471436,4.210124969482422,0.25727808475494385,0.0,20.0,0.0,0.0,20.0,0.0,20.0,0.3182628353436788,0.1959756314754486,2.6427001953125,0.25489022334416706,0.018491942435503006,-0.09822875261306763
249,1.0632949729997563,106.36032,1.102170705795288,0.3475624620914459,0.027986684814095497,0.271484375,0.0902099758386612,0.0,0.09202729165554047,1.4173619747161865,4.09703254699707,0.2436767816543579,0.0,18.0,0.0,0.0,18.0,0.0,18.0,0.31771979729334515,0.1976201832294464,2.6638590494791665,0.2546415527661641,0.018466646472613018,-0.09822255373001099
250,1.1042538839997178,106.36032,1.0951337814331055,0.3435314893722534,0.029594779014587402,0.267578125,0.08975213766098022,0.0,0.09205633401870728,1.474463939666748,3.8871467113494873,0.24006006121635437,0.0,20.0,0.0,0.0,20.0,0.0,20.0,0.3177565336227417,0.18992102146148682,2.707763671875,0.25426814953486127,0.018496596564849217,-0.09765905141830444
251,1.1247011880000173,106.36032,1.0889158248901367,0.3337893486022949,0.03978094831109047,0.2646484375,0.08913503587245941,0.0,0.09041708707809448,1.5547406673431396,3.7411086559295654,0.25674742460250854,0.0,25.0,0.0,0.0,25.0,0.0,25.0,0.317937692006429,0.18596690893173218,2.7395833333333335,0.2544584472974141,0.018520954996347427,-0.09756094217300415
252,1.0726000250001562,106.36032,1.05052649974823,0.3281005024909973,0.04129413887858391,0.2626953125,0.085726797580719,0.0,0.08616892993450165,1.5967340469360352,3.6368408203125,0.24814286828041077,0.0,24.0,0.0,0.0,24.0,0.0,24.0,0.31894512971242267,0.18598118424415588,2.7568766276041665,0.2553786635398865,0.018515195697546005,-0.09746342897415161
253,1.0893143089997466,106.36032,1.0022549629211426,0.3297855257987976,0.0211616400629282,0.255859375,0.08115282654762268,0.0,0.08243471384048462,1.6623737812042236,3.5765018463134766,0.24153916537761688,0.0,26.0,0.0,0.0,26.0,0.0,26.0,0.31972672541936237,0.18929556012153625,2.7465006510416665,0.2560959855715434,0.01859538381298383,-0.09827309846878052
254,1.0738247490003232,106.36032,0.9930810332298279,0.3260338306427002,0.011963963508605957,0.2529296875,0.08062092959880829,0.0,0.07541805505752563,1.6450976133346558,3.553112745285034,0.2317565381526947,0.0,17.0,0.0,0.0,17.0,0.0,17.0,0.32062894105911255,0.19168689846992493,2.7650146484375,0.25705452760060626,0.018707727392514546,-0.09811371564865112
255,1.0571653940000942,106.36032,0.9680734872817993,0.3285871148109436,0.024160509929060936,0.25,0.07809697091579437,0.0,0.07239775359630585,1.7191455364227295,3.519263744354248,0.253151535987854,0.0,20.0,0.0,0.0,20.0,0.0,20.0,0.32078542311986286,0.19430410861968994,2.795654296875,0.25692089398701984,0.018713803340991337,-0.11864276230335236
256,1.0547131549997175,106.36032,0.9667472243309021,0.3311232924461365,0.07030271738767624,0.2490234375,0.0782395750284195,0.0,0.07117494195699692,1.7734553813934326,3.4688994884490967,0.24763953685760498,0.0,9.0,0.0,0.0,9.0,0.0,9.0,0.3207728664080302,0.19495528936386108,2.8318684895833335,0.2567402919133504,0.018598670760790508,-0.11864255368709564
257,1.0960609799999474,106.36032,0.9752426147460938,0.3385586738586426,0.024117348715662956,0.244140625,0.07897675037384033,0.0,0.07056685537099838,1.6670068502426147,3.5883255004882812,0.2659958004951477,0.0,17.0,0.0,0.0,17.0,0.0,17.0,0.3210227092107137,0.19502073526382446,2.8765869140625,0.2571593721707662,0.018550962209701538,-0.11864465475082397
258,1.0590532539999913,106.36032,0.9512075185775757,0.35866159200668335,0.04059813544154167,0.240234375,0.07660875469446182,0.0,0.06696754693984985,1.5159873962402344,3.695220708847046,0.28873950242996216,0.0,19.0,0.0,0.0,19.0,0.0,19.0,0.3222501079241435,0.19628208875656128,2.8614908854166665,0.258128027121226,0.01853945975502332,-0.11867017298936844
259,1.0118558110002596,106.36032,0.9398819208145142,0.37991416454315186,0.058894746005535126,0.240234375,0.07569751143455505,0.0,0.0678742527961731,1.4036248922348022,3.7314505577087402,0.26243844628334045,0.0,6.0,0.0,0.0,6.0,0.0,6.0,0.322878102461497,0.19338178634643555,2.8249104817708335,0.2585147023200989,0.018507476896047592,-0.11872249841690063
260,1.044675646000087,106.36032,0.9395809769630432,0.39174824953079224,0.056081805378198624,0.2373046875,0.07541844248771667,0.0,0.06911420077085495,1.3398075103759766,3.7945544719696045,0.2773250639438629,0.0,16.0,0.0,0.0,16.0,0.0,16.0,0.3228166699409485,0.19346287846565247,2.7583414713541665,0.2583241065343221,0.018652256578207016,-0.11878407001495361
261,1.1227502589999858,106.36032,0.9229978322982788,0.39446336030960083,0.044056907296180725,0.236328125,0.07376804202795029,0.0,0.07110553979873657,1.3787416219711304,3.78179931640625,0.25757312774658203,0.0,7.0,0.0,0.0,7.0,0.0,7.0,0.3215874632199605,0.18848979473114014,2.7766927083333335,0.2572297652562459,0.018823831031719845,-0.11881398409605026
262,1.0073161810000784,106.36032,0.9228742122650146,0.38088953495025635,0.022679485380649567,0.2333984375,0.07325754314661026,0.0,0.07632473111152649,1.460536003112793,3.7008447647094727,0.2672121226787567,0.0,11.0,0.0,0.0,11.0,0.0,11.0,0.3198498288790385,0.17976844310760498,2.7864176432291665,0.25555429855982464,0.019008327275514603,-0.11880134791135788
263,1.0294088230002671,106.36032,0.9230580925941467,0.3618909418582916,0.03275877609848976,0.2294921875,0.07330765575170517,0.0,0.07805444300174713,1.5282095670700073,3.596137523651123,0.25974202156066895,0.0,12.0,0.0,0.0,12.0,0.0,12.0,0.318832794825236,0.17783713340759277,2.8068033854166665,0.2547958890597026,0.019043130179246266,-0.11791649460792542
264,1.0634283250001317,106.36032,0.946902871131897,0.34524279832839966,0.03431649133563042,0.2265625,0.0758698508143425,0.0,0.07888010889291763,1.688187599182129,3.5906519889831543,0.24286864697933197,0.0,15.0,0.0,0.0,15.0,0.0,15.0,0.31856075922648114,0.17867666482925415,2.8374430338541665,0.2545460859934489,0.01899603133400281,-0.09755533933639526
265,1.0721078389997274,106.36032,0.983280599117279,0.3297196626663208,0.020734533667564392,0.2255859375,0.07941623777151108,0.0,0.0800132229924202,1.7964905500411987,3.690980911254883,0.23696482181549072,0.0,15.0,0.0,0.0,15.0,0.0,15.0,0.3192626436551412,0.1823320984840393,2.8361409505208335,0.25545648733774823,0.018864847719669342,-0.09771949052810669
266,1.0835191340001984,106.36032,1.0053366422653198,0.31994637846946716,0.03495915234088898,0.220703125,0.0815705806016922,0.0,0.0820622593164444,1.8195866346359253,3.7863616943359375,0.23257462680339813,0.0,15.0,0.0,0.0,15.0,0.0,15.0,0.3204414447148641,0.18404579162597656,2.7960611979166665,0.25699784358342487,0.018837101757526398,-0.09777587652206421
267,1.0773946189997332,106.36032,0.9926185607910156,0.31861433386802673,0.050366468727588654,0.2158203125,0.08017277717590332,0.0,0.08092477917671204,1.834951400756836,3.8109993934631348,0.2496456354856491,0.0,20.0,0.0,0.0,20.0,0.0,20.0,0.32136468092600506,0.18406248092651367,2.7671712239583335,0.2581467032432556,0.018870875239372253,-0.09758692979812622
268,1.050382140000238,106.36032,0.9967572093009949,0.3182552456855774,0.02381729893386364,0.21484375,0.08030673861503601,0.0,0.08228331059217453,1.8243765830993652,3.9055593013763428,0.2526589632034302,0.0,11.0,0.0,0.0,11.0,0.0,11.0,0.32153958082199097,0.18478691577911377,2.7469482421875,0.2584582765897115,0.018924048791329067,-0.0976751446723938
269,1.1315145249996021,106.36032,1.01535165309906,0.3180331885814667,0.05006033554673195,0.21484375,0.08168360590934753,0.0,0.08487586677074432,1.8072850704193115,3.9521079063415527,0.27688539028167725,0.0,15.0,0.0,0.0,15.0,0.0,15.0,0.3210284312566121,0.18900763988494873,2.7313232421875,0.25816162427266437,0.018947967638572056,-0.09771925210952759
270,1.048862537000332,106.36032,0.9961771965026855,0.325239896774292,0.029861334711313248,0.212890625,0.07979946583509445,0.0,0.08215634524822235,1.7481756210327148,4.034165859222412,0.287830114364624,0.0,24.0,0.0,0.0,24.0,0.0,24.0,0.3210381468137105,0.19405275583267212,2.7538655598958335,0.2584134340286255,0.018931721647580464,-0.09756249189376831
271,1.0454993249995823,106.36032,0.9711167216300964,0.3372327983379364,0.01732337288558483,0.2119140625,0.07766934484243393,0.0,0.08007794618606567,1.6727327108383179,4.076467037200928,0.2714400291442871,0.0,16.0,0.0,0.0,16.0,0.0,16.0,0.3210684458414714,0.1944637894630432,2.776611328125,0.2586764494578044,0.01884540170431137,-0.0974774956703186
272,1.0453488809998817,106.36032,0.963788628578186,0.3496369421482086,0.03333170711994171,0.2099609375,0.07670634984970093,0.0,0.08043104410171509,1.660735845565796,4.24591588973999,0.26775383949279785,0.0,13.0,0.0,0.0,13.0,0.0,13.0,0.32114847501118976,0.18730288743972778,2.7679036458333335,0.2588952382405599,0.018907077610492706,-0.0974767804145813
273,1.0841507280001679,106.36032,0.9606187343597412,0.36155885457992554,0.04671114683151245,0.208984375,0.07617472112178802,0.0,0.08268027007579803,1.633802890777588,4.319238662719727,0.272539347410202,0.0,15.0,0.0,0.0,15.0,0.0,15.0,0.32123881578445435,0.17924249172210693,2.7262776692708335,0.25907166798909503,0.018998193244139355,-0.09752088785171509
274,1.0392858449999949,106.36032,0.9727519154548645,0.364770770072937,0.05121902748942375,0.203125,0.07702402770519257,0.0,0.08328523486852646,1.5519651174545288,4.255573272705078,0.30536961555480957,0.0,27.0,0.0,0.0,27.0,0.0,27.0,0.320994238058726,0.1762486696243286,2.7015787760416665,0.2587196429570516,0.019009434928496678,-0.09757167100906372
275,1.0025601259999348,106.36032,0.9490043520927429,0.3596922755241394,0.02887483686208725,0.201171875,0.07535073161125183,0.0,0.08176976442337036,1.5439331531524658,4.0596723556518555,0.25032538175582886,0.0,11.0,0.0,0.0,11.0,0.0,11.0,0.31989985704421997,0.17681771516799927,2.7066650390625,0.25779420137405396,0.018962889909744263,-0.0976223349571228
276,1.0057182919999832,106.36032,0.9429258108139038,0.34462225437164307,0.020926618948578835,0.2001953125,0.07486238330602646,0.0,0.08249855786561966,1.577561378479004,3.7910830974578857,0.25414085388183594,0.0,19.0,0.0,0.0,19.0,0.0,19.0,0.3182287812232971,0.1833564043045044,2.7414143880208335,0.256234089533488,0.018950806309779484,-0.09770792722702026
277,1.0764130060001662,106.36032,0.9655089378356934,0.32733917236328125,0.06689811497926712,0.19921875,0.07717888802289963,0.0,0.08603860437870026,1.6650378704071045,3.5878610610961914,0.23741507530212402,0.0,13.0,0.0,0.0,13.0,0.0,13.0,0.31708671649297077,0.18886089324951172,2.7753092447916665,0.25502389669418335,0.018978960812091827,-0.09759384393692017
278,1.1549434759999713,106.36032,1.032706379890442,0.3105309009552002,0.0489874891936779,0.1943359375,0.08358298242092133,0.0,0.08530442416667938,1.7300689220428467,3.6932284832000732,0.25650477409362793,0.0,25.0,0.0,0.0,25.0,0.0,25.0,0.316791296005249,0.1874680519104004,2.8057454427083335,0.25501741965611774,0.01909820983807246,-0.09765487909317017
279,1.055967412999962,106.36032,1.0309960842132568,0.3113380968570709,0.04566512629389763,0.193359375,0.08336745202541351,0.0,0.08536084741353989,1.822418212890625,3.859459638595581,0.24079403281211853,0.0,11.0,0.0,0.0,11.0,0.0,11.0,0.3177409768104553,0.1840609908103943,2.7896321614583335,0.25562524795532227,0.019054031620423,-0.09764987230300903
280,1.0375899710002159,106.36032,1.038161039352417,0.31556233763694763,0.030997266992926598,0.1904296875,0.08340425789356232,0.0,0.0893496423959732,1.9002418518066406,4.076984405517578,0.24926483631134033,0.0,13.0,0.0,0.0,13.0,0.0,13.0,0.3185805678367615,0.18346798419952393,2.737060546875,0.2564958135286967,0.019103560596704483,-0.09760314226150513
281,1.0538650069997857,106.36032,1.0308523178100586,0.3252038061618805,0.040874775499105453,0.189453125,0.08191701769828796,0.0,0.0913538783788681,1.9397996664047241,4.33140230178833,0.28224876523017883,0.0,19.0,0.0,0.0,19.0,0.0,19.0,0.31913407643636066,0.18515169620513916,2.6965738932291665,0.25734086831410724,0.019129241506258648,-0.09753555059432983
282,1.1994219620000877,106.36032,1.0187461376190186,0.3339511454105377,0.04722054302692413,0.1865234375,0.08116023242473602,0.0,0.08717702329158783,1.8305318355560303,4.347135543823242,0.28101658821105957,0.0,26.0,0.0,0.0,26.0,0.0,26.0,0.3196792006492615,0.19159382581710815,2.6783447265625,0.25783387819925946,0.019232265651226044,-0.09744125604629517
283,1.0824028279998856,106.36032,1.0035207271575928,0.33872509002685547,0.035243429243564606,0.185546875,0.08022357523441315,0.0,0.08544673770666122,1.675013542175293,4.116133689880371,0.2793861925601959,0.0,15.0,0.0,0.0,15.0,0.0,15.0,0.31940247615178424,0.201221764087677,2.6794026692708335,0.2574959595998128,0.01926245664556821,-0.09754496812820435
284,1.0730012140002145,106.36032,1.0018222332000732,0.3417295217514038,0.017038559541106224,0.18359375,0.08011624217033386,0.0,0.08892261981964111,1.6256159543991089,3.9393458366394043,0.2787216305732727,0.0,18.0,0.0,0.0,18.0,0.0,18.0,0.31835325558980304,0.19355055689811707,2.698974609375,0.25670794645945233,0.019230616589387257,-0.09752756357192993
285,1.0813853380000182,106.36032,1.0090993642807007,0.34176355600357056,0.026797274127602577,0.18359375,0.08086724579334259,0.0,0.09022241085767746,1.604108214378357,3.9442973136901855,0.26941221952438354,0.0,16.0,0.0,0.0,16.0,0.0,16.0,0.31779776016871136,0.1909584403038025,2.7049967447916665,0.25656835238138836,0.019129871080319088,-0.09755569696426392
286,1.0240512690002106,106.36032,1.0320053100585938,0.3364098370075226,0.028288543224334717,0.18359375,0.08265149593353271,0.0,0.09530994296073914,1.6024742126464844,4.079323768615723,0.2822072505950928,0.0,15.0,0.0,0.0,15.0,0.0,15.0,0.31753214200337726,0.19149187207221985,2.69091796875,0.2564355532328288,0.019200767079989117,-0.09761887788772583
287,1.0176858140002878,106.36032,1.0652267932891846,0.3289031386375427,0.01734141819179058,0.1826171875,0.08542637526988983,0.0,0.10116638988256454,1.6473617553710938,4.261116027832031,0.2746317386627197,0.0,14.0,0.0,0.0,14.0,0.0,14.0,0.31744017203648883,0.19546514749526978,2.6700846354166665,0.2563994924227397,0.019238161544005077,-0.09759646654129028
288,1.0380920090001382,106.36032,1.0856598615646362,0.3219280242919922,0.024857867509126663,0.1806640625,0.08698876947164536,0.0,0.10578954219818115,1.7803082466125488,4.426090240478516,0.2636204957962036,0.0,19.0,0.0,0.0,19.0,0.0,19.0,0.31761173407236737,0.1954047679901123,2.6594645182291665,0.25639331340789795,0.019270536800225575,-0.09752160310745239
289,1.0390256010000485,106.36032,1.0885833501815796,0.31535807251930237,0.022343002259731293,0.1787109375,0.08733457326889038,0.0,0.10548160970211029,1.828756332397461,4.350564479827881,0.2645564675331116,0.0,26.0,0.0,0.0,26.0,0.0,26.0,0.3179497520128886,0.1961863934993744,2.6623128255208335,0.2565036217371623,0.019372394929329555,-0.09757596254348755
290,1.073362515000099,106.36032,1.0510157346725464,0.3169172704219818,0.024553516879677773,0.1767578125,0.08405850827693939,0.0,0.10150329768657684,1.7731845378875732,4.154783248901367,0.25925227999687195,0.0,26.0,0.0,0.0,26.0,0.0,26.0,0.3184638222058614,0.19557321071624756,2.6881510416666665,0.25711838404337567,0.019187256693840027,-0.09835726022720337
291,1.0352203219999865,106.36032,1.0215693712234497,0.3192595839500427,0.02665131911635399,0.1728515625,0.08149244636297226,0.0,0.09722764790058136,1.7606481313705444,4.051938056945801,0.25246676802635193,0.0,23.0,0.0,0.0,23.0,0.0,23.0,0.3188088337580363,0.19887304306030273,2.7062174479166665,0.2575419743855794,0.019080350796381634,-0.09824246168136597
292,1.0847342249999201,106.36032,1.047029733657837,0.3116964101791382,0.018619757145643234,0.1708984375,0.08423100411891937,0.0,0.09531329572200775,1.7561182975769043,3.9561610221862793,0.26159992814064026,0.0,22.0,0.0,0.0,22.0,0.0,22.0,0.3190443714459737,0.18997794389724731,2.7027180989583335,0.25822122891743976,0.01907247304916382,-0.09816354513168335
293,1.0703272010000546,106.36032,1.069244146347046,0.30475914478302,0.03965264558792114,0.1689453125,0.08671623468399048,0.0,0.09407740831375122,1.7335389852523804,3.8798465728759766,0.26782944798469543,0.0,17.0,0.0,0.0,17.0,0.0,17.0,0.3190493583679199,0.18674516677856445,2.7034098307291665,0.2582428455352783,0.019065999736388523,-0.09810119867324829
294,1.0329081780000706,106.36032,1.087953805923462,0.2982363998889923,0.0491301603615284,0.1689453125,0.08821871131658554,0.0,0.09796633571386337,1.766887903213501,3.9418866634368896,0.260745108127594,0.0,12.0,0.0,0.0,12.0,0.0,12.0,0.31812302271525067,0.18728303909301758,2.7145182291666665,0.2574536403020223,0.01915098975102107,-0.09815412759780884
295,1.068394404999708,106.36032,1.1315679550170898,0.2905038595199585,0.026867713779211044,0.16796875,0.0921265035867691,0.0,0.1016080230474472,1.7206895351409912,4.04216194152832,0.2883910536766052,0.0,21.0,0.0,0.0,21.0,0.0,21.0,0.31815236806869507,0.19154322147369385,2.7076416015625,0.2572142680486043,0.019158327331145603,-0.09823769330978394
296,1.045372800000223,106.36032,1.1087850332260132,0.2953888773918152,0.011443505994975567,0.1650390625,0.09006479382514954,0.0,0.09920680522918701,1.5896614789962769,3.9830901622772217,0.29225194454193115,0.0,24.0,0.0,0.0,24.0,0.0,24.0,0.318515141805013,0.19418621063232422,2.6988118489583335,0.25769033034642536,0.019129311045010883,-0.09834414720535278
297,1.0292573820001962,106.36032,1.0702898502349854,0.305370569229126,0.020677322521805763,0.1630859375,0.08659227192401886,0.0,0.09479416906833649,1.4558446407318115,3.920166015625,0.2889972925186157,0.0,22.0,0.0,0.0,22.0,0.0,22.0,0.3194805383682251,0.19414150714874268,2.7003987630208335,0.2588117520014445,0.01916389415661494,-0.09838050603866577
298,1.0350522379999347,106.36032,1.033704161643982,0.3193550407886505,0.016411464661359787,0.1611328125,0.08295335620641708,0.0,0.09237007796764374,1.427931785583496,3.9326858520507812,0.2933446764945984,0.0,21.0,0.0,0.0,21.0,0.0,21.0,0.3198416233062744,0.19842147827148438,2.6778971354166665,0.2595909635225932,0.019235496719678242,-0.09746819734573364
299,0.9920233589996315,106.36032,0.9871636629104614,0.3312925100326538,0.014573858119547367,0.1591796875,0.07898305356502533,0.0,0.0882176086306572,1.4129607677459717,3.9833457469940186,0.25267142057418823,0.0,21.0,0.0,0.0,21.0,0.0,21.0,0.32011377811431885,0.19951659440994263,2.6669921875,0.2599746584892273,0.019302548219760258,-0.0975542664527893
300,1.0210973609996472,106.36032,0.9792456030845642,0.338884174823761,0.013618942350149155,0.1572265625,0.07821322977542877,0.0,0.08972012996673584,1.5041632652282715,4.003771781921387,0.24162077903747559,0.0,13.0,0.0,0.0,13.0,0.0,13.0,0.3192688226699829,0.1963958442211151,2.6770833333333335,0.25923266013463336,0.019274054716030758,-0.09754782915115356
301,1.0250810009997622,106.36032,1.0174143314361572,0.33810824155807495,0.039582759141922,0.154296875,0.08159013092517853,0.0,0.09159540385007858,1.6129884719848633,4.160583019256592,0.2487209141254425,0.0,20.0,0.0,0.0,20.0,0.0,20.0,0.31813665231068927,0.19607967138290405,2.7055257161458335,0.2581423918406169,0.019362779955069225,-0.09752088785171509
302,1.0434336980001717,106.36032,1.047727108001709,0.33327212929725647,0.01164699625223875,0.15234375,0.0848727822303772,0.0,0.09230320155620575,1.5776758193969727,4.056240081787109,0.2352452278137207,0.0,17.0,0.0,0.0,17.0,0.0,17.0,0.31718188524246216,0.1941993236541748,2.748046875,0.2573474844296773,0.019413118561108906,-0.09758168458938599
303,1.0690490160000081,106.36032,1.055267333984375,0.3279879689216614,0.014341110363602638,0.150390625,0.08544057607650757,0.0,0.09343273937702179,1.546416997909546,3.9304702281951904,0.24335162341594696,0.0,20.0,0.0,0.0,20.0,0.0,20.0,0.317013422648112,0.19230222702026367,2.7906901041666665,0.2569361130396525,0.019351863612731297,-0.09755092859268188
304,1.0680725379997966,106.36032,1.0431934595108032,0.3251643478870392,0.015743359923362732,0.150390625,0.084328293800354,0.0,0.09116148948669434,1.534205436706543,3.9893665313720703,0.24752013385295868,0.0,19.0,0.0,0.0,19.0,0.0,19.0,0.31804047028223675,0.18810147047042847,2.7862955729166665,0.2575969497362773,0.019282339761654537,-0.09746390581130981
305,1.055439903000206,106.36032,1.0126577615737915,0.3277468681335449,0.014930391684174538,0.1494140625,0.0813821479678154,0.0,0.08779560029506683,1.605270266532898,4.002142906188965,0.249593585729599,0.0,25.0,0.0,0.0,25.0,0.0,25.0,0.3188977837562561,0.1883028745651245,2.7699788411458335,0.2583738962809245,0.019307410965363186,-0.09753590822219849
306,1.0197626789999958,106.36032,0.9831326007843018,0.32525691390037537,0.016078395769000053,0.1494140625,0.07903020828962326,0.0,0.08253239095211029,1.6161222457885742,3.941457748413086,0.2354620397090912,0.0,17.0,0.0,0.0,17.0,0.0,17.0,0.31966469685236615,0.19010794162750244,2.7541097005208335,0.25901589790980023,0.019371550530195236,-0.09752088785171509
307,1.0160363979998692,106.36032,0.9895440340042114,0.3196006417274475,0.011387593112885952,0.146484375,0.07969439029693604,0.0,0.0796596109867096,1.6667594909667969,3.9942214488983154,0.25314074754714966,0.0,25.0,0.0,0.0,25.0,0.0,25.0,0.319963534673055,0.1953268051147461,2.7685546875,0.25944719711939496,0.019473003844420116,-0.09746509790420532
308,1.1105319899997994,106.36032,0.9649097919464111,0.3205277919769287,0.010588309727609158,0.146484375,0.07776261866092682,0.0,0.07598012685775757,1.6949889659881592,3.9596681594848633,0.24512778222560883,0.0,16.0,0.0,0.0,16.0,0.0,16.0,0.3206058939297994,0.20402488112449646,2.797119140625,0.26005272070566815,0.019494924694299698,-0.09760242700576782
309,1.1242479560000902,106.36032,0.9713676571846008,0.3201839327812195,0.011513368226587772,0.146484375,0.0782858356833458,0.0,0.07658404111862183,1.6386547088623047,3.8568248748779297,0.2699105143547058,0.0,14.0,0.0,0.0,14.0,0.0,14.0,0.32073962688446045,0.2038181722164154,2.8130289713541665,0.2602253357569377,0.01933341473340988,-0.09748858213424683
310,1.0272179620001225,106.36032,0.9596577882766724,0.3242776393890381,0.010910292156040668,0.146484375,0.07709577679634094,0.0,0.07612858712673187,1.592020034790039,3.8796591758728027,0.2672792971134186,0.0,16.0,0.0,0.0,16.0,0.0,16.0,0.32113514343897503,0.20538562536239624,2.8070882161458335,0.26073845227559406,0.0193229541182518,-0.09743815660476685
311,1.1581865059997654,106.36032,0.9619185924530029,0.3258177638053894,0.012428232468664646,0.14453125,0.07750862836837769,0.0,0.07343283295631409,1.471692442893982,3.9001882076263428,0.2690967917442322,0.0,19.0,0.0,0.0,19.0,0.0,19.0,0.3217989206314087,0.20532259345054626,2.7705891927083335,0.2616477409998576,0.019405840585629146,-0.09747868776321411
312,1.004001252999842,106.36032,0.9557552933692932,0.3264743983745575,0.03717163950204849,0.1435546875,0.07734666019678116,0.0,0.07132752239704132,1.4384231567382812,3.905477285385132,0.2435586303472519,0.0,13.0,0.0,0.0,13.0,0.0,13.0,0.32212122281392414,0.20294475555419922,2.7696126302083335,0.2622227668762207,0.019442143539587658,-0.09755700826644897
313,0.9584815100001833,106.36032,0.9377386569976807,0.3300783038139343,0.007924569770693779,0.140625,0.07569746673107147,0.0,0.07009364664554596,1.4451583623886108,3.9784095287323,0.22396650910377502,0.0,11.0,0.0,0.0,11.0,0.0,11.0,0.3219321568806966,0.20048990845680237,2.7812093098958335,0.26218708356221515,0.019338063895702362,-0.0975068211555481
314,0.9934423999998216,106.36032,0.9347879886627197,0.33463621139526367,0.012081973254680634,0.1396484375,0.07506796717643738,0.0,0.07185354828834534,1.4987218379974365,4.043673992156982,0.2345409244298935,0.0,10.0,0.0,0.0,10.0,0.0,10.0,0.32141727209091187,0.1969478726387024,2.7859293619791665,0.26169006029764813,0.01924525077144305,-0.0974465012550354
315,1.000405154999953,106.36032,0.9281603693962097,0.33799636363983154,0.02616867981851101,0.1396484375,0.07433526962995529,0.0,0.0725463256239891,1.4942436218261719,4.035901069641113,0.24199888110160828,0.0,14.0,0.0,0.0,14.0,0.0,14.0,0.321388045946757,0.19044607877731323,2.7950032552083335,0.2615233858426412,0.019211238871018093,-0.09755903482437134
316,1.024581813000168,106.36032,0.9358409643173218,0.3375694751739502,0.019590001553297043,0.1396484375,0.07488548010587692,0.0,0.07469963282346725,1.5349326133728027,4.030238151550293,0.24446110427379608,0.0,9.0,0.0,0.0,9.0,0.0,9.0,0.3212047020594279,0.18674629926681519,2.7763264973958335,0.2613523602485657,0.019387508432070415,-0.0975920557975769
317,1.086745087000054,106.36032,0.9450868368148804,0.33708202838897705,0.009477226994931698,0.1376953125,0.07535058259963989,0.0,0.07739183306694031,1.614104151725769,4.091894626617432,0.2501026690006256,0.0,10.0,0.0,0.0,10.0,0.0,10.0,0.3211849133173625,0.18418949842453003,2.7877197265625,0.26101072629292804,0.01936958357691765,-0.09750014543533325
318,1.020489842999723,106.36032,0.962887167930603,0.33083826303482056,0.010157509706914425,0.1376953125,0.07700182497501373,0.0,0.07672228664159775,1.6583064794540405,4.140557765960693,0.261371910572052,0.0,20.0,0.0,0.0,20.0,0.0,20.0,0.3210628628730774,0.18526184558868408,2.7565104166666665,0.26083417733510333,0.019430017719666164,-0.09760016202926636
319,1.033471752999958,106.36032,0.9877460598945618,0.3216426372528076,0.03648735210299492,0.1376953125,0.07924309372901917,0.0,0.07793041318655014,1.6790850162506104,4.1930952072143555,0.2579551339149475,0.0,10.0,0.0,0.0,10.0,0.0,10.0,0.32047392924626666,0.1878787875175476,2.7642822265625,0.2603117823600769,0.019393230477968853,-0.09760409593582153
320,1.0342925850000029,106.36032,1.0041199922561646,0.31591829657554626,0.010949713177978992,0.13671875,0.08061367273330688,0.0,0.07881313562393188,1.7025644779205322,4.351652145385742,0.26014813780784607,0.0,13.0,0.0,0.0,13.0,0.0,13.0,0.3200457692146301,0.19256263971328735,2.7658284505208335,0.2601035435994466,0.01936186229189237,-0.09751349687576294
321,1.0346171510000204,106.36032,1.0175620317459106,0.31623709201812744,0.012300015427172184,0.13671875,0.08159936964511871,0.0,0.07937107980251312,1.7700332403182983,4.510300636291504,0.2776537239551544,0.0,16.0,0.0,0.0,16.0,0.0,16.0,0.32001346349716187,0.20294564962387085,2.7547200520833335,0.26002973318099976,0.019481646517912548,-0.0975455641746521
322,1.0428772320001372,106.36032,1.0285993814468384,0.3150010108947754,0.015289814211428165,0.1357421875,0.08269011229276657,0.0,0.07927920669317245,1.7530744075775146,4.458449840545654,0.2813563346862793,0.0,13.0,0.0,0.0,13.0,0.0,13.0,0.3202207684516907,0.20575013756752014,2.7403564453125,0.26017465194066364,0.019437124331792194,-0.09754234552383423
323,1.0401314330001696,106.36032,1.0847922563552856,0.3079284727573395,0.01000597607344389,0.1337890625,0.08822941780090332,0.0,0.08089306950569153,1.709463357925415,4.516502380371094,0.27575361728668213,0.0,10.0,0.0,0.0,10.0,0.0,10.0,0.32027149200439453,0.20584064722061157,2.7240397135416665,0.2605597774187724,0.019406955689191818,-0.09752136468887329
324,1.0290786629998365,106.36032,1.1052570343017578,0.307879239320755,0.008027042262256145,0.1337890625,0.08992278575897217,0.0,0.08440949767827988,1.7044633626937866,4.608545303344727,0.2864459156990051,0.0,14.0,0.0,0.0,14.0,0.0,14.0,0.32045644521713257,0.20782089233398438,2.694580078125,0.260789434115092,0.019390252729256947,-0.09747821092605591
325,1.0398732619996736,106.36032,1.1270254850387573,0.30599766969680786,0.007631977554410696,0.1328125,0.09206723421812057,0.0,0.08774453401565552,1.6169990301132202,4.591714859008789,0.28407561779022217,0.0,14.0,0.0,0.0,14.0,0.0,14.0,0.3203775882720947,0.20274993777275085,2.6844889322916665,0.260781208674113,0.01933145026365916,-0.09753185510635376
326,1.0341942589998325,106.36032,1.1157689094543457,0.3063049614429474,0.011767027899622917,0.1318359375,0.09113042056560516,0.0,0.08764060586690903,1.5493838787078857,4.484870910644531,0.283047616481781,0.0,19.0,0.0,0.0,19.0,0.0,19.0,0.3204104502995809,0.20022806525230408,2.7077229817708335,0.2605992754300435,0.019263314704100292,-0.09762674570083618
327,1.047055343000011,106.36032,1.0756595134735107,0.31054821610450745,0.007638595066964626,0.1298828125,0.08726438879966736,0.0,0.08826570957899094,1.5141255855560303,4.392533302307129,0.281485915184021,0.0,16.0,0.0,0.0,16.0,0.0,16.0,0.3202454447746277,0.20023182034492493,2.7093098958333335,0.2601152261098226,0.019264593720436096,-0.09761840105056763
328,1.0356014260000848,106.36032,1.0758693218231201,0.3068007528781891,0.017939027398824692,0.1279296875,0.08750899136066437,0.0,0.08863820880651474,1.472273349761963,4.277617454528809,0.2843932807445526,0.0,14.0,0.0,0.0,14.0,0.0,14.0,0.3202495177586873,0.2012403905391693,2.711669921875,0.26010094086329144,0.019216620673735935,-0.09753566980361938
329,1.0088883429998532,106.36032,1.0461961030960083,0.31203222274780273,0.006187365390360355,0.126953125,0.08458448946475983,0.0,0.08810603618621826,1.5316133499145508,4.2193193435668945,0.2709926664829254,0.0,24.0,0.0,0.0,24.0,0.0,24.0,0.3204452594121297,0.19269400835037231,2.7124430338541665,0.26079275210698444,0.019259644051392872,-0.09756332635879517
330,1.0269485510002596,106.36032,1.0161936283111572,0.32028648257255554,0.011338049545884132,0.126953125,0.08179577440023422,0.0,0.0840539038181305,1.5860395431518555,4.259849548339844,0.26050007343292236,0.0,14.0,0.0,0.0,14.0,0.0,14.0,0.3206580877304077,0.18757295608520508,2.7440592447916665,0.2610740860303243,0.01933452735344569,-0.09751445055007935
331,1.0985340449997238,106.36032,1.0024434328079224,0.3276325464248657,0.00909865740686655,0.1259765625,0.08032973855733871,0.0,0.0829724594950676,1.616983413696289,4.288872718811035,0.2739778459072113,0.0,17.0,0.0,0.0,17.0,0.0,17.0,0.32059264183044434,0.1875665783882141,2.7406005859375,0.26119401057561237,0.019366932411988575,-0.09754914045333862
332,1.2373424520001208,106.36032,1.0041877031326294,0.3329316973686218,0.011293552815914154,0.1259765625,0.0801338255405426,0.0,0.08406569063663483,1.6375510692596436,4.32642936706543,0.287567138671875,0.0,14.0,0.0,0.0,14.0,0.0,14.0,0.32041601339975995,0.1880359649658203,2.77392578125,0.2610811193784078,0.01931580404440562,-0.09757250547409058
333,1.0722365470001023,106.36032,0.9934103488922119,0.33692029118537903,0.04341280460357666,0.1240234375,0.07932235300540924,0.0,0.08007378876209259,1.5608066320419312,4.425193786621094,0.27376455068588257,0.0,22.0,0.0,0.0,22.0,0.0,22.0,0.3201678196589152,0.18901604413986206,2.7865397135416665,0.2613825798034668,0.019420422613620758,-0.09746497869491577
334,1.0369220909997239,106.36032,0.9406871199607849,0.34484240412712097,0.03549037501215935,0.123046875,0.07455804198980331,0.0,0.07499454915523529,1.5071014165878296,4.2643866539001465,0.27267107367515564,0.0,20.0,0.0,0.0,20.0,0.0,20.0,0.3199654221534729,0.19288933277130127,2.7915852864583335,0.26149292786916095,0.019431070735057194,-0.09744197130203247
335,1.0106071270001848,106.36032,0.9147416353225708,0.34593474864959717,0.03196664899587631,0.123046875,0.07232435792684555,0.0,0.07411104440689087,1.5223382711410522,3.9692492485046387,0.2648032307624817,0.0,7.0,0.0,0.0,7.0,0.0,7.0,0.31946398814519245,0.1978200078010559,2.8006591796875,0.2607998450597127,0.01933412750562032,-0.09750479459762573
336,1.0416841890000796,106.36032,0.9128211140632629,0.3431752920150757,0.013399511575698853,0.123046875,0.07174678146839142,0.0,0.07518793642520905,1.5769932270050049,3.9152908325195312,0.290401816368103,0.0,22.0,0.0,0.0,22.0,0.0,22.0,0.31881850957870483,0.20385968685150146,2.8354085286458335,0.25995514790217084,0.01939325158794721,-0.09749370813369751
337,1.0494816979999086,106.36032,0.9117599725723267,0.33688122034072876,0.12039859592914581,0.123046875,0.072115957736969,0.0,0.07399219274520874,1.5741546154022217,3.880781888961792,0.26679515838623047,0.0,6.0,0.0,0.0,6.0,0.0,6.0,0.3189164598782857,0.20392000675201416,2.8369140625,0.25993454456329346,0.019367213050524395,-0.09750992059707642
338,1.0445595660003164,106.36032,0.9225097894668579,0.3365878164768219,0.01867980696260929,0.12109375,0.07263388484716415,0.0,0.07569539546966553,1.622730016708374,4.213090419769287,0.2749285101890564,0.0,15.0,0.0,0.0,15.0,0.0,15.0,0.3194359342257182,0.19941657781600952,2.8484700520833335,0.26028045018513996,0.019311799357334774,-0.09758669137954712
339,1.062001926999983,106.36032,0.9313238859176636,0.3431282639503479,0.043770112097263336,0.12109375,0.07317908853292465,0.0,0.0755535364151001,1.644566535949707,4.560943603515625,0.27897727489471436,0.0,15.0,0.0,0.0,15.0,0.0,15.0,0.3207712968190511,0.19730567932128906,2.8154296875,0.26183170080184937,0.019419580698013306,-0.09761029481887817
340,1.0583483390000765,106.36032,0.9373700618743896,0.35239389538764954,0.050237543880939484,0.119140625,0.07372866570949554,0.0,0.07692565023899078,1.6667808294296265,4.650546073913574,0.2804061770439148,0.0,15.0,0.0,0.0,15.0,0.0,15.0,0.32188912232716876,0.1946982443332672,2.7330729166666665,0.2630133628845215,0.019417162984609604,-0.09750396013259888
341,1.0254356720001851,106.36032,0.9110884666442871,0.35773634910583496,0.05392145738005638,0.1181640625,0.07162362337112427,0.0,0.07367535680532455,1.6259244680404663,4.42622184753418,0.2796332836151123,0.0,15.0,0.0,0.0,15.0,0.0,15.0,0.3223912715911865,0.1934611201286316,2.7229817708333335,0.26375705003738403,0.01943288991848628,-0.09759873151779175
342,1.0111751590002314,106.36032,0.8987982869148254,0.352730393409729,0.024056069552898407,0.1181640625,0.07078337669372559,0.0,0.07136482000350952,1.564497709274292,4.113640785217285,0.2800806760787964,0.0,19.0,0.0,0.0,19.0,0.0,19.0,0.32188401619593304,0.187660813331604,2.7433268229166665,0.2632043957710266,0.019308870037396748,-0.09760791063308716
343,1.0245646979997218,106.36032,0.9002816677093506,0.3385388255119324,0.017916720360517502,0.1181640625,0.07120954990386963,0.0,0.06959666311740875,1.5744132995605469,3.922205924987793,0.27919021248817444,0.0,13.0,0.0,0.0,13.0,0.0,13.0,0.32109642028808594,0.1863081455230713,2.8025309244791665,0.26211122671763104,0.01916411891579628,-0.09760481119155884
344,1.0231615480001892,106.36032,0.9387232065200806,0.3186498284339905,0.10651537775993347,0.1171875,0.07520236819982529,0.0,0.07206644117832184,1.60334050655365,3.762937307357788,0.2746790647506714,0.0,6.0,0.0,0.0,6.0,0.0,6.0,0.32042455673217773,0.1870705485343933,2.812255859375,0.26138482491175336,0.019143869479497273,-0.09756666421890259
345,1.026949415999752,106.36032,0.9982063174247742,0.3063713014125824,0.06844444572925568,0.1162109375,0.08034828305244446,0.0,0.07719016075134277,1.69083833694458,3.944554090499878,0.2931552529335022,0.0,11.0,0.0,0.0,11.0,0.0,11.0,0.3203543821970622,0.189633309841156,2.814453125,0.2613262931505839,0.019123887022336323,-0.09757667779922485
346,1.0344499240000005,106.36032,0.9969364404678345,0.30966150760650635,0.036244411021471024,0.115234375,0.07980339229106903,0.0,0.07641308754682541,1.7170963287353516,4.338066101074219,0.30813127756118774,0.0,23.0,0.0,0.0,23.0,0.0,23.0,0.32141194740931195,0.19322645664215088,2.7959798177083335,0.2626387079556783,0.019243816534678142,-0.0975993275642395
347,1.0401041650002298,106.36032,0.9563283324241638,0.320557177066803,0.022947577759623528,0.115234375,0.0760321244597435,0.0,0.07414528727531433,1.7111492156982422,4.49643611907959,0.284956157207489,0.0,6.0,0.0,0.0,6.0,0.0,6.0,0.3225773175557454,0.20258879661560059,2.7652994791666665,0.26392682393391925,0.019375404963890713,-0.09771329164505005
348,1.0341793100001269,106.36032,0.9437254071235657,0.33326730132102966,0.027810148894786835,0.1142578125,0.07437019795179367,0.0,0.07735326886177063,1.709010362625122,4.4430437088012695,0.30526039004325867,0.0,11.0,0.0,0.0,11.0,0.0,11.0,0.3224642872810364,0.20532746613025665,2.7010904947916665,0.2637806336085002,0.019248964885870617,-0.09757357835769653
349,1.0397326020001856,106.36032,0.9391921162605286,0.3424684703350067,0.04155366122722626,0.11328125,0.07365290820598602,0.0,0.077384814620018,1.6627888679504395,4.386415004730225,0.3219478130340576,0.0,17.0,0.0,0.0,17.0,0.0,17.0,0.32153741518656415,0.20099776983261108,2.7104085286458335,0.2627912362416585,0.019277642170588177,-0.09753423929214478
350,0.9935547820000465,106.36032,0.9735658764839172,0.33931946754455566,0.017008628696203232,0.11328125,0.07719819247722626,0.0,0.07760752737522125,1.551836371421814,4.273000240325928,0.3278427720069885,0.0,12.0,0.0,0.0,12.0,0.0,12.0,0.3203924496968587,0.19186809659004211,2.7213541666666665,0.261669119199117,0.01916555066903432,-0.09748131036758423
351,1.0051940820003438,106.36032,1.0059705972671509,0.333919495344162,0.021367523819208145,0.111328125,0.08047130703926086,0.0,0.07987380027770996,1.4899778366088867,4.117242813110352,0.3272338807582855,0.0,11.0,0.0,0.0,11.0,0.0,11.0,0.31946935256322223,0.19132742285728455,2.7557779947916665,0.2605665922164917,0.01912958174943924,-0.09754425287246704
352,1.0353539600000659,106.36032,1.02223801612854,0.3257654905319214,0.035321153700351715,0.111328125,0.0817749872803688,0.0,0.08239635080099106,1.451234221458435,4.111598014831543,0.3442046046257019,0.0,14.0,0.0,0.0,14.0,0.0,14.0,0.31876452763875324,0.18798339366912842,2.7950846354166665,0.26013392210006714,0.01911240816116333,-0.0975838303565979
353,1.0197306340000978,106.36032,1.0141960382461548,0.3222044110298157,0.07162760943174362,0.111328125,0.08088722079992294,0.0,0.08525708317756653,1.4909381866455078,4.181818962097168,0.335946649312973,0.0,11.0,0.0,0.0,11.0,0.0,11.0,0.31881942351659137,0.18673592805862427,2.7982177734375,0.2600850661595662,0.019119343409935634,-0.09760087728500366
354,1.0184937149997495,106.36032,1.0365241765975952,0.3193541467189789,0.017457708716392517,0.111328125,0.08272438496351242,0.0,0.0868566632270813,1.5290498733520508,4.443111419677734,0.3392148017883301,0.0,12.0,0.0,0.0,12.0,0.0,12.0,0.3196728825569153,0.18910348415374756,2.781494140625,0.2606687943140666,0.019107244908809662,-0.09756642580032349
355,1.0313136370000393,106.36032,1.0279831886291504,0.3244876265525818,0.04329608008265495,0.111328125,0.08158506453037262,0.0,0.08527009189128876,1.6038672924041748,4.591460227966309,0.357210636138916,0.0,21.0,0.0,0.0,21.0,0.0,21.0,0.32096850872039795,0.19717156887054443,2.7417399088541665,0.2618575692176819,0.01914900913834572,-0.09761446714401245
356,1.0102831839999453,106.36032,0.9786179065704346,0.3347080945968628,0.0312771238386631,0.111328125,0.07705831527709961,0.0,0.08131623268127441,1.664902687072754,4.575177192687988,0.33819645643234253,0.0,14.0,0.0,0.0,14.0,0.0,14.0,0.3218410809834798,0.19796669483184814,2.7222493489583335,0.2629169424374898,0.019178684800863266,-0.0976288914680481
357,1.0421045759999288,106.36032,0.9608218669891357,0.3382037281990051,0.02799414098262787,0.111328125,0.07550893723964691,0.0,0.07989968359470367,1.6465024948120117,4.366394996643066,0.3554175794124603,0.0,22.0,0.0,0.0,22.0,0.0,22.0,0.3218312660853068,0.19572436809539795,2.7247721354166665,0.2629612485567729,0.019216563552618027,-0.09757643938064575
358,0.9939023979995909,106.36032,0.9433921575546265,0.33874887228012085,0.04740523919463158,0.1103515625,0.0740194246172905,0.0,0.07441079616546631,1.6088485717773438,4.229586601257324,0.3702290952205658,0.0,22.0,0.0,0.0,22.0,0.0,22.0,0.3215148051579793,0.19596236944198608,2.7731119791666665,0.26330743233362836,0.019282184541225433,-0.0975995659828186
359,1.0278872829999273,106.36032,0.922993540763855,0.33900636434555054,0.03565356880426407,0.1103515625,0.07251393795013428,0.0,0.07268442213535309,1.6356468200683594,4.081195831298828,0.3555604815483093,0.0,10.0,0.0,0.0,10.0,0.0,10.0,0.3213075002034505,0.2010267972946167,2.8038736979166665,0.26322029034296673,0.019310317933559418,-0.09758549928665161
360,1.0832473469999968,106.36032,0.9741100072860718,0.32938873767852783,0.015424932353198528,0.109375,0.07742127776145935,0.0,0.07504991441965103,1.6424086093902588,4.034261226654053,0.37193286418914795,0.0,13.0,0.0,0.0,13.0,0.0,13.0,0.32141755024592084,0.2082708775997162,2.7831624348958335,0.26313143968582153,0.019284663101037342,-0.09757977724075317
361,1.1103584930001489,106.36032,0.992840588092804,0.320647656917572,0.05872485041618347,0.109375,0.07935633510351181,0.0,0.07692840695381165,1.5707515478134155,3.9028193950653076,0.37290453910827637,0.0,15.0,0.0,0.0,15.0,0.0,15.0,0.321341077486674,0.211414635181427,2.7827962239583335,0.2632465958595276,0.019276416550079983,-0.09758239984512329
362,1.0777274809997834,106.36032,0.9724951386451721,0.3186149001121521,0.08146368712186813,0.109375,0.07707622647285461,0.0,0.07979404181241989,1.5780670642852783,3.992196798324585,0.3683569133281708,0.0,7.0,0.0,0.0,7.0,0.0,7.0,0.32147236665089923,0.21380645036697388,2.8022867838541665,0.26329590876897174,0.01925045500199,-0.09750217199325562
363,1.0755827359998875,106.36032,0.9458818435668945,0.32755863666534424,0.022949552163481712,0.107421875,0.07388634979724884,0.0,0.0809236541390419,1.6236871480941772,4.278946876525879,0.38185250759124756,0.0,16.0,0.0,0.0,16.0,0.0,16.0,0.3215775489807129,0.20831777155399323,2.7913411458333335,0.26355979839960736,0.019107991208632786,-0.09749346971511841
364,1.0545855870000196,106.36032,0.936039388179779,0.33645665645599365,0.035168975591659546,0.107421875,0.0729997381567955,0.0,0.07876686751842499,1.653060793876648,4.428176403045654,0.3628943860530853,0.0,15.0,0.0,0.0,15.0,0.0,15.0,0.3218863209088643,0.20465734601020813,2.7701822916666665,0.2639021078745524,0.019113410264253616,-0.0975540280342102
365,1.0216128469996875,106.36032,0.9359292984008789,0.3447020649909973,0.058515340089797974,0.107421875,0.07283198833465576,0.0,0.07754351198673248,1.66023588180542,4.538180828094482,0.3685528635978699,0.0,16.0,0.0,0.0,16.0,0.0,16.0,0.32186635335286456,0.1969931721687317,2.7655436197916665,0.26379485925038654,0.01922089730699857,-0.09756714105606079
366,1.0926561649998803,106.36032,0.9503182768821716,0.347425639629364,0.04680861905217171,0.107421875,0.07448109984397888,0.0,0.0750565379858017,1.6223949193954468,4.503386497497559,0.36416029930114746,0.0,14.0,0.0,0.0,14.0,0.0,14.0,0.32149559259414673,0.19177395105361938,2.7535807291666665,0.2633233467737834,0.019302527109781902,-0.09757155179977417
367,0.9962640660000943,106.36032,0.9699989557266235,0.34242138266563416,0.0191327016800642,0.1064453125,0.07674892246723175,0.0,0.07443918287754059,1.5710163116455078,4.292385578155518,0.3531673550605774,0.0,14.0,0.0,0.0,14.0,0.0,14.0,0.32054980595906574,0.19214707612991333,2.77490234375,0.2625902096430461,0.01929407815138499,-0.09754639863967896
368,1.0209540850000849,106.36032,0.9738114476203918,0.33285802602767944,0.022974494844675064,0.1064453125,0.0773218423128128,0.0,0.07520463317632675,1.5389741659164429,4.071277141571045,0.33955082297325134,0.0,8.0,0.0,0.0,8.0,0.0,8.0,0.31943798065185547,0.20132803916931152,2.7935384114583335,0.26150890191396076,0.019169233739376068,-0.09814435243606567
369,1.0549710909999703,106.36032,1.004206895828247,0.3171789050102234,0.11320379376411438,0.1064453125,0.08013569563627243,0.0,0.07676295936107635,1.5147228240966797,4.011011123657227,0.35232388973236084,0.0,11.0,0.0,0.0,11.0,0.0,11.0,0.318498432636261,0.2018834948539734,2.8091227213541665,0.26044851541519165,0.019171226769685745,-0.09804469347000122
370,1.0697605509999448,106.36032,0.9924280643463135,0.3124217689037323,0.030829105526208878,0.1064453125,0.0787246823310852,0.0,0.07755454629659653,1.5293080806732178,4.145708084106445,0.35418495535850525,0.0,15.0,0.0,0.0,15.0,0.0,15.0,0.3181296189626058,0.20320621132850647,2.8218587239583335,0.2601439555486043,0.019131530076265335,-0.0979120135307312
371,1.006569756999852,106.36032,0.9562180042266846,0.32229089736938477,0.03170338645577431,0.1064453125,0.07453323900699615,0.0,0.07972931116819382,1.633457899093628,4.416071891784668,0.3629152178764343,0.0,6.0,0.0,0.0,6.0,0.0,6.0,0.3186580737431844,0.20670823752880096,2.8025309244791665,0.26040083169937134,0.019282614191373188,-0.09778815507888794
372,1.011668736000047,106.36032,0.988986611366272,0.32837218046188354,0.04472412168979645,0.10546875,0.07699401676654816,0.0,0.08290232717990875,1.7142900228500366,4.850613594055176,0.389082133769989,0.0,14.0,0.0,0.0,14.0,0.0,14.0,0.319348673025767,0.20481719076633453,2.74462890625,0.2611042062441508,0.019400568058093388,-0.09774523973464966
373,0.9892179650000799,106.36032,1.0092456340789795,0.3372727036476135,0.06084497645497322,0.103515625,0.07884597033262253,0.0,0.08246909081935883,1.810842514038086,5.081708908081055,0.37850221991539,0.0,13.0,0.0,0.0,13.0,0.0,13.0,0.32017163435618085,0.2056301087141037,2.69873046875,0.26206517219543457,0.019428187360366184,-0.09777814149856567
374,1.0857463399997869,106.36032,1.0055932998657227,0.3462122678756714,0.059836793690919876,0.103515625,0.0785275250673294,0.0,0.08336140215396881,1.8325719833374023,4.996242046356201,0.38125213980674744,0.0,12.0,0.0,0.0,12.0,0.0,12.0,0.3206075231234233,0.2070024162530899,2.6892496744791665,0.26251161098480225,0.019422654062509537,-0.09775954484939575
375,1.1093254319998778,106.36032,1.038527250289917,0.34042608737945557,0.0491655059158802,0.1025390625,0.08174572885036469,0.0,0.08490991592407227,1.748492956161499,4.896219730377197,0.3984501361846924,0.0,16.0,0.0,0.0,16.0,0.0,16.0,0.3202950755755107,0.20558689534664154,2.6820068359375,0.2625413735707601,0.019367307424545288,-0.09768933057785034
376,1.0890615540001818,106.36032,1.0571293830871582,0.32859307527542114,0.02934090420603752,0.1025390625,0.08406420052051544,0.0,0.08556337654590607,1.6410279273986816,4.52376651763916,0.40271613001823425,0.0,16.0,0.0,0.0,16.0,0.0,16.0,0.3197757601737976,0.20352241396903992,2.7137044270833335,0.2623439033826192,0.019220045457283657,-0.09763401746749878
377,1.0364666370001032,106.36032,1.0611852407455444,0.31241440773010254,0.030385486781597137,0.1015625,0.08491966128349304,0.0,0.08856996148824692,1.582824468612671,4.059905052185059,0.3905336260795593,0.0,15.0,0.0,0.0,15.0,0.0,15.0,0.3191162745157878,0.19999736547470093,2.7249348958333335,0.26203519105911255,0.01908003290494283,-0.09761112928390503
378,1.0257396809997772,106.36032,1.0822299718856812,0.2951367497444153,0.0843077301979065,0.1015625,0.08740085363388062,0.0,0.0910259410738945,1.564314842224121,3.8062732219696045,0.38089704513549805,0.0,14.0,0.0,0.0,14.0,0.0,14.0,0.3189479509989421,0.20018383860588074,2.7113850911458335,0.2620047728220622,0.019018991539875667,-0.09760457277297974
379,1.0193951159999415,106.36032,1.124426007270813,0.28006425499916077,0.06847988814115524,0.1015625,0.09157144278287888,0.0,0.09427748620510101,1.602371096611023,3.776589870452881,0.370309442281723,0.0,14.0,0.0,0.0,14.0,0.0,14.0,0.31923234462738037,0.20259594917297363,2.7009684244791665,0.26229916016260785,0.01911298930644989,-0.09760338068008423
380,1.0577625450000596,106.36032,1.1448577642440796,0.2767356038093567,0.04461769759654999,0.1005859375,0.093347929418087,0.0,0.09506617486476898,1.630020022392273,3.9340016841888428,0.373826265335083,0.0,17.0,0.0,0.0,17.0,0.0,17.0,0.31974391142527264,0.2041793167591095,2.7060139973958335,0.2630150119463603,0.01905166357755661,-0.09750562906265259
381,1.0502377330003583,106.36032,1.1027233600616455,0.2861151397228241,0.03872191905975342,0.1005859375,0.08935149759054184,0.0,0.09269717335700989,1.6826772689819336,4.174815654754639,0.3442201018333435,0.0,14.0,0.0,0.0,14.0,0.0,14.0,0.32058876752853394,0.20404307544231415,2.7018636067708335,0.26411759853363037,0.019090022891759872,-0.09758597612380981
382,1.034180989000106,106.36032,1.0794386863708496,0.3044736385345459,0.03247487172484398,0.1005859375,0.08600512146949768,0.0,0.09399815648794174,1.7689069509506226,4.559744834899902,0.38326820731163025,0.0,17.0,0.0,0.0,17.0,0.0,17.0,0.3207274874051412,0.2051602005958557,2.7081705729166665,0.2642122109731038,0.019108013560374577,-0.09758955240249634
383,1.0406025319998662,106.36032,1.064237356185913,0.3235885500907898,0.04405811429023743,0.099609375,0.08444671332836151,0.0,0.09353967756032944,1.7199594974517822,4.67464542388916,0.3741087317466736,0.0,14.0,0.0,0.0,14.0,0.0,14.0,0.3206039269765218,0.20409291982650757,2.6970621744791665,0.2641526659329732,0.019156135618686676,-0.09753698110580444
384,1.0469877529999394,106.36032,1.0589872598648071,0.3406725525856018,0.05359765887260437,0.099609375,0.0836171954870224,0.0,0.09383560717105865,1.5889654159545898,4.7226738929748535,0.39630454778671265,0.0,15.0,0.0,0.0,15.0,0.0,15.0,0.32005155086517334,0.2020818144083023,2.6963297526041665,0.26356663306554157,0.019230117400487263,-0.09755104780197144
385,1.0625454529999843,106.36032,1.0475422143936157,0.35048314929008484,0.06703715771436691,0.095703125,0.08275176584720612,0.0,0.09154461324214935,1.4381370544433594,4.64215612411499,0.4012784957885742,0.0,16.0,0.0,0.0,16.0,0.0,16.0,0.319448987642924,0.19743216037750244,2.6762288411458335,0.2634219527244568,0.019236280272404354,-0.09751707315444946
386,1.0915629169999193,106.36032,1.0524791479110718,0.3522122800350189,0.043359916657209396,0.0947265625,0.08353914320468903,0.0,0.08935348689556122,1.3611392974853516,4.325585842132568,0.40874820947647095,0.0,16.0,0.0,0.0,16.0,0.0,16.0,0.3185579578081767,0.19757528603076935,2.6957194010416665,0.26295552651087445,0.019219561169544857,-0.09758931398391724
387,1.0179733670001951,106.36032,1.0343904495239258,0.3452548384666443,0.025636717677116394,0.09375,0.0822419822216034,0.0,0.087702676653862,1.3758888244628906,3.983480215072632,0.3915484547615051,0.0,11.0,0.0,0.0,11.0,0.0,11.0,0.31739946206410724,0.19873034954071045,2.6931966145833335,0.26208289464314777,0.01914109041293462,-0.09770435094833374
388,1.0376471150002544,106.36032,1.0440746545791626,0.3279015123844147,0.0637524202466011,0.09375,0.0831185132265091,0.0,0.08919715881347656,1.4923293590545654,3.7707431316375732,0.3874005079269409,0.0,13.0,0.0,0.0,13.0,0.0,13.0,0.3159344593683879,0.20165042579174042,2.7215983072916665,0.2605924805005391,0.019176748891671497,-0.09786468744277954
389,1.0876531659996544,106.36032,1.1206923723220825,0.3015158772468567,0.03407087177038193,0.09375,0.09048454463481903,0.0,0.09248542785644531,1.6197179555892944,3.79530668258667,0.3890780210494995,0.0,13.0,0.0,0.0,13.0,0.0,13.0,0.31497786442438763,0.20203664898872375,2.7460123697916665,0.2593392531077067,0.019108039637406666,-0.09804695844650269
390,1.0896661730002961,106.36032,1.1478564739227295,0.2876562774181366,0.11091180145740509,0.09375,0.09297254681587219,0.0,0.095664843916893,1.734545111656189,3.8160102367401123,0.3832643926143646,0.0,13.0,0.0,0.0,13.0,0.0,13.0,0.3150852719942729,0.19753462076187134,2.7554117838541665,0.2594145139058431,0.019143504401048023,-0.09824401140213013
391,1.1149179909998566,106.36032,1.1390794515609741,0.2865881323814392,0.06449775397777557,0.091796875,0.09160253405570984,0.0,0.09813763946294785,1.8511972427368164,4.130270004272461,0.38365063071250916,0.0,15.0,0.0,0.0,15.0,0.0,15.0,0.31595534086227417,0.19764575362205505,2.7844645182291665,0.2606111168861389,0.0191482516626517,-0.09835344552993774
392,1.0922728110003845,106.36032,1.0995978116989136,0.2979288399219513,0.028752675279974937,0.091796875,0.0873662680387497,0.0,0.09452714771032333,1.8956267833709717,4.631876468658447,0.40039902925491333,0.0,23.0,0.0,0.0,23.0,0.0,23.0,0.31811821460723877,0.2004336416721344,2.7514241536458335,0.2628614703814189,0.019009293367465336,-0.0983383059501648
393,1.1216752899999847,106.36032,1.0392320156097412,0.31996244192123413,0.05572732537984848,0.091796875,0.08148922026157379,0.0,0.0925205796957016,1.8749067783355713,4.871941566467285,0.3797985017299652,0.0,11.0,0.0,0.0,11.0,0.0,11.0,0.32025476296742755,0.20269253849983215,2.7159830729166665,0.2647292415301005,0.019005607813596725,-0.09813159704208374
394,1.085052356000233,106.36032,1.0158874988555908,0.33715689182281494,0.06532903760671616,0.091796875,0.07917840778827667,0.0,0.09029370546340942,1.7450075149536133,4.872406005859375,0.40336745977401733,0.0,20.0,0.0,0.0,20.0,0.0,20.0,0.32077179352442425,0.20677921175956726,2.654052734375,0.26536816358566284,0.018978397051493328,-0.09799069166183472
395,1.0438958320000893,106.36032,1.0402940511703491,0.3396422863006592,0.06630343198776245,0.0908203125,0.08193575590848923,0.0,0.09025266021490097,1.553538203239441,4.805739879608154,0.3994150161743164,0.0,12.0,0.0,0.0,12.0,0.0,12.0,0.32022080818812054,0.20820030570030212,2.6880289713541665,0.26505130529403687,0.019136307140191395,-0.09788280725479126
396,1.177697391000038,106.36032,1.0593644380569458,0.3369084894657135,0.03617129102349281,0.0908203125,0.08439300954341888,0.0,0.09077058732509613,1.399530291557312,4.478507041931152,0.39877983927726746,0.0,11.0,0.0,0.0,11.0,0.0,11.0,0.3195466597874959,0.20304033160209656,2.673095703125,0.2644546826680501,0.0192220372458299,-0.09782594442367554
397,1.0767995999999584,106.36032,1.0626152753829956,0.3297343850135803,0.014157070778310299,0.0908203125,0.08476303517818451,0.0,0.09342348575592041,1.385451316833496,4.095618724822998,0.4208986759185791,0.0,16.0,0.0,0.0,16.0,0.0,16.0,0.3187204798062642,0.2030210793018341,2.7183430989583335,0.26335922876993817,0.019131533801555634,-0.09777957201004028
398,1.0617072749996623,106.36032,1.0552641153335571,0.31747400760650635,0.02195936255156994,0.0908203125,0.0842972919344902,0.0,0.09376883506774902,1.396423101425171,3.9096455574035645,0.4089833199977875,0.0,13.0,0.0,0.0,13.0,0.0,13.0,0.318476398785909,0.20574089884757996,2.7135823567708335,0.2629571755727132,0.019260990122954052,-0.09783655405044556
399,1.070969697000237,106.36032,1.0504844188690186,0.3101927936077118,0.0927123874425888,0.0888671875,0.08363427966833115,0.0,0.09751240909099579,1.502728819847107,3.769254446029663,0.4074498116970062,0.0,14.0,0.0,0.0,14.0,0.0,14.0,0.31826748450597125,0.20438291132450104,2.7113037109375,0.2626304626464844,0.019313575079043705,-0.09794169664382935
400,1.0324806519997765,106.36032,1.0334827899932861,0.304820716381073,0.019286762923002243,0.0888671875,0.0819387137889862,0.0,0.0951215848326683,1.5639982223510742,3.900993824005127,0.3877299427986145,0.0,21.0,0.0,0.0,21.0,0.0,21.0,0.3183453480402629,0.20397630333900452,2.737060546875,0.26290833950042725,0.019343923777341843,-0.0980941653251648
401,1.0120839709998108,106.36032,1.0170257091522217,0.30791935324668884,0.02075934410095215,0.0888671875,0.08014608919620514,0.0,0.09392815083265305,1.7200391292572021,4.064061164855957,0.36841660737991333,0.0,13.0,0.0,0.0,13.0,0.0,13.0,0.31808404127756756,0.2052200734615326,2.7685139973958335,0.2630634903907776,0.019352491945028305,-0.09824234247207642
402,1.0367995850001535,106.36032,1.0088365077972412,0.3169231116771698,0.008191986009478569,0.0888671875,0.07877466082572937,0.0,0.0975530594587326,1.9050312042236328,4.229841232299805,0.37482064962387085,0.0,14.0,0.0,0.0,14.0,0.0,14.0,0.3180493315060933,0.20311149954795837,2.7557373046875,0.26283852259318036,0.019355035076538723,-0.09834784269332886
403,1.1030256690000897,106.36032,1.0331969261169434,0.31938403844833374,0.022681383416056633,0.0888671875,0.08113611489534378,0.0,0.09864503145217896,1.9060351848602295,4.3292694091796875,0.35898756980895996,0.0,9.0,0.0,0.0,9.0,0.0,9.0,0.3176880677541097,0.19787514209747314,2.7398681640625,0.2626752058664958,0.019385681798060734,-0.09841352701187134
404,1.1064778810000462,106.36032,1.0507389307022095,0.32432153820991516,0.02873747982084751,0.087890625,0.08250200003385544,0.0,0.10201403498649597,1.830797553062439,4.3496270179748535,0.37746724486351013,0.0,15.0,0.0,0.0,15.0,0.0,15.0,0.3174872597058614,0.197485089302063,2.7414143880208335,0.26225759585698444,0.019399224470059078,-0.09843426942825317
405,1.0542797130001418,106.36032,1.090017318725586,0.32297903299331665,0.020513411611318588,0.087890625,0.08624006807804108,0.0,0.10365240275859833,1.6674216985702515,4.347146034240723,0.39694687724113464,0.0,14.0,0.0,0.0,14.0,0.0,14.0,0.317461093266805,0.19844120740890503,2.6969401041666665,0.2622830073038737,0.019410906980435055,-0.09842544794082642
406,1.0446626089997153,106.36032,1.107951283454895,0.3226817846298218,0.02354777790606022,0.087890625,0.08787938952445984,0.0,0.10461517423391342,1.559075117111206,4.298922061920166,0.42228397727012634,0.0,21.0,0.0,0.0,21.0,0.0,21.0,0.3174627621968587,0.19969424605369568,2.6678466796875,0.26236077149709064,0.019342745343844097,-0.09816843271255493
407,1.0989524259998689,106.36032,1.1243821382522583,0.31806182861328125,0.01571800373494625,0.087890625,0.09025470912456512,0.0,0.10137425363063812,1.4925220012664795,4.145916938781738,0.40264710783958435,0.0,23.0,0.0,0.0,23.0,0.0,23.0,0.3174457351366679,0.1956849843263626,2.6667073567708335,0.26258917649586994,0.019378043711185455,-0.09793931245803833
408,1.055561927999861,106.36032,1.110828161239624,0.310714989900589,0.015456223860383034,0.087890625,0.08965188264846802,0.0,0.0968971773982048,1.453047752380371,4.0441131591796875,0.3835129737854004,0.0,27.0,0.0,0.0,27.0,0.0,27.0,0.31802690029144287,0.19912749528884888,2.6783040364583335,0.26301872730255127,0.019371893256902695,-0.09779936075210571
409,1.0418317030002981,106.36032,1.1126201152801514,0.29864993691444397,0.06387688219547272,0.087890625,0.09036939591169357,0.0,0.09572647511959076,1.4065911769866943,3.8473126888275146,0.366363525390625,0.0,13.0,0.0,0.0,13.0,0.0,13.0,0.31783608595530194,0.19790151715278625,2.7216389973958335,0.26287659009297687,0.01942957068483035,-0.09769684076309204
410,1.0618431910002073,106.36032,1.0938700437545776,0.29607093334198,0.010405628010630608,0.0869140625,0.0881621465086937,0.0,0.09568013995885849,1.4897117614746094,3.825411796569824,0.38353902101516724,0.0,22.0,0.0,0.0,22.0,0.0,22.0,0.31780219078063965,0.20048871636390686,2.7668050130208335,0.2627175450325012,0.01953006535768509,-0.09762054681777954
411,1.0951968869999291,106.36032,1.0482656955718994,0.2990158200263977,0.02029380202293396,0.0869140625,0.08400529623031616,0.0,0.0933038741350174,1.5536229610443115,3.854264736175537,0.34961557388305664,0.0,14.0,0.0,0.0,14.0,0.0,14.0,0.3185952107111613,0.2008245438337326,2.7769368489583335,0.26358236869176227,0.01949291427930196,-0.09761375188827515
412,1.0611403789998803,106.36032,1.0393670797348022,0.3018702268600464,0.032280344516038895,0.0869140625,0.08293312788009644,0.0,0.09433715045452118,1.5992000102996826,3.893362045288086,0.369424432516098,0.0,14.0,0.0,0.0,14.0,0.0,14.0,0.3194111188252767,0.1977979987859726,2.7583821614583335,0.26433928807576496,0.01941823586821556,-0.09765678644180298
413,1.045287014999758,106.36032,1.0268394947052002,0.3064524531364441,0.011409821920096874,0.0859375,0.08176509290933609,0.0,0.09242270886898041,1.6200456619262695,3.9752955436706543,0.36319804191589355,0.0,17.0,0.0,0.0,17.0,0.0,17.0,0.32023831208546955,0.19780857861042023,2.7638753255208335,0.2654574513435364,0.019420315821965534,-0.09772545099258423
414,1.027551965999919,106.36032,0.9989141821861267,0.31530651450157166,0.018669210374355316,0.0859375,0.07872649282217026,0.0,0.09169014543294907,1.6563113927841187,4.06760311126709,0.3759295344352722,0.0,15.0,0.0,0.0,15.0,0.0,15.0,0.3204930822054545,0.1992647498846054,2.7644856770833335,0.2660946448644002,0.019397666056950886,-0.09781843423843384
415,1.0882191749997219,106.36032,0.9833089709281921,0.3238700032234192,0.02538233809173107,0.0859375,0.07729979604482651,0.0,0.0894680917263031,1.6241722106933594,4.125589847564697,0.38657912611961365,0.0,18.0,0.0,0.0,18.0,0.0,18.0,0.32062389453252155,0.1992073357105255,2.7508138020833335,0.26627232631047565,0.01932356506586075,-0.09763997793197632
416,1.0614268960002846,106.36032,0.9941166639328003,0.32798635959625244,0.044105809181928635,0.0859375,0.07861900329589844,0.0,0.0860290676355362,1.5735667943954468,4.046037673950195,0.39062267541885376,0.0,19.0,0.0,0.0,19.0,0.0,19.0,0.3203604817390442,0.20006997883319855,2.780029296875,0.2659824689229329,0.01930482064684232,-0.09755116701126099
417,0.9934332759999052,106.36032,1.010413408279419,0.3244096338748932,0.00858493521809578,0.0849609375,0.0806400328874588,0.0,0.08395014703273773,1.4747674465179443,3.9356508255004883,0.38421425223350525,0.0,13.0,0.0,0.0,13.0,0.0,13.0,0.3203470706939697,0.20084014534950256,2.8065999348958335,0.2658976912498474,0.01931186392903328,-0.09758692979812622
418,1.0066120540000156,106.36032,0.9978544116020203,0.32462379336357117,0.01904076710343361,0.0849609375,0.07952366769313812,0.0,0.08422186225652695,1.4535363912582397,3.8155229091644287,0.39012035727500916,0.0,14.0,0.0,0.0,14.0,0.0,14.0,0.3203380306561788,0.2008049190044403,2.8072509765625,0.2660153309504191,0.019251972436904907,-0.09810560941696167
419,1.0231181810004273,106.36032,1.0089818239212036,0.3208789825439453,0.00590679282322526,0.083984375,0.08053860068321228,0.0,0.08543949574232101,1.4755277633666992,3.784003257751465,0.39161643385887146,0.0,13.0,0.0,0.0,13.0,0.0,13.0,0.3204249342282613,0.2017698884010315,2.7824300130208335,0.26609309514363605,0.01924741640686989,-0.09777981042861938
420,1.0559955660000924,106.36032,1.0348581075668335,0.3126165270805359,0.005375533364713192,0.083984375,0.08315261453390121,0.0,0.08475550264120102,1.4643735885620117,3.779292583465576,0.3862157464027405,0.0,18.0,0.0,0.0,18.0,0.0,18.0,0.32033612330754596,0.20437905192375183,2.7681070963541665,0.2659839193026225,0.019187698761622112,-0.09788042306900024
421,1.018320863000099,106.36032,1.0300935506820679,0.3078543543815613,0.10121845453977585,0.083984375,0.08249375969171524,0.0,0.08429896831512451,1.5410655736923218,3.8187308311462402,0.3807768225669861,0.0,7.0,0.0,0.0,7.0,0.0,7.0,0.32019927104314166,0.20428374409675598,2.795654296875,0.26576606432596844,0.019217553238073986,-0.09776777029037476
422,1.020544469000015,106.36032,1.0276585817337036,0.30867254734039307,0.010001024231314659,0.083984375,0.08178414404392242,0.0,0.08351647108793259,1.614427924156189,4.149632930755615,0.3959888219833374,0.0,20.0,0.0,0.0,20.0,0.0,20.0,0.3202871282895406,0.19805359840393066,2.8090413411458335,0.26562585433324176,0.01932075371344884,-0.09767645597457886
423,1.0092363690000639,106.36032,1.0105860233306885,0.3163224458694458,0.01488417573273182,0.0830078125,0.08012497425079346,0.0,0.0810793861746788,1.666374921798706,4.420421123504639,0.3817795217037201,0.0,12.0,0.0,0.0,12.0,0.0,12.0,0.32059017817179364,0.19801738858222961,2.818603515625,0.26576964060465497,0.01941230644782384,-0.09761935472488403
424,1.0073391700002503,106.36032,0.9793716669082642,0.330181360244751,0.03793523833155632,0.08203125,0.07679343223571777,0.0,0.07899462431669235,1.7019860744476318,4.60028076171875,0.3842998743057251,0.0,11.0,0.0,0.0,11.0,0.0,11.0,0.32089972496032715,0.20096918940544128,2.81298828125,0.2662208278973897,0.019472761700550716,-0.09761744737625122
425,1.0389467800000602,106.36032,0.9679893255233765,0.34365272521972656,0.05161479488015175,0.08203125,0.07520287483930588,0.0,0.08054956793785095,1.6581780910491943,4.678152084350586,0.40093061327934265,0.0,9.0,0.0,0.0,9.0,0.0,9.0,0.32051928838094074,0.20545685291290283,2.7749837239583335,0.26615814367930096,0.019572719931602478,-0.09770947694778442
426,1.0754820649999601,106.36032,0.9744256734848022,0.34626901149749756,0.03938331454992294,0.08203125,0.07603767514228821,0.0,0.08044642210006714,1.5357844829559326,4.625000476837158,0.4023910462856293,0.0,14.0,0.0,0.0,14.0,0.0,14.0,0.32042084137598675,0.195959210395813,2.7379150390625,0.26593126853307086,0.019624328861633938,-0.09783464670181274
427,1.0551948659999653,106.36032,0.9612997174263,0.3433156907558441,0.0194051805883646,0.08203125,0.07481464743614197,0.0,0.07909125089645386,1.4729056358337402,4.438797950744629,0.4094977378845215,0.0,11.0,0.0,0.0,11.0,0.0,11.0,0.3197001616160075,0.1905437707901001,2.744140625,0.26514854033788043,0.019563777993122738,-0.09797948598861694
428,1.0134338470002149,106.36032,0.9856393337249756,0.3322798013687134,0.016020681709051132,0.0810546875,0.07719951868057251,0.0,0.08006297796964645,1.4679887294769287,4.327244758605957,0.41785067319869995,0.0,11.0,0.0,0.0,11.0,0.0,11.0,0.31873297691345215,0.18234938383102417,2.7587890625,0.2640159527460734,0.01949778695901235,-0.09802085161209106
429,0.9839353699999265,106.36032,1.0112024545669556,0.317881315946579,0.03224257752299309,0.0810546875,0.07997733354568481,0.0,0.08056885004043579,1.4904727935791016,4.205766677856445,0.41004523634910583,0.0,11.0,0.0,0.0,11.0,0.0,11.0,0.317952295144399,0.1832628846168518,2.7764078776041665,0.2635411024093628,0.019385228554407757,-0.0974767804145813
430,0.9950806890001331,106.36032,1.0269933938980103,0.30666738748550415,0.02221822552382946,0.080078125,0.08171187341213226,0.0,0.08002659678459167,1.5400886535644531,4.181060314178467,0.3969810903072357,0.0,14.0,0.0,0.0,14.0,0.0,14.0,0.3178933660189311,0.18775469064712524,2.7989908854166665,0.2636456886927287,0.01933313657840093,-0.09754139184951782
431,1.0057503739999447,106.36032,1.0140806436538696,0.30427491664886475,0.07631418108940125,0.080078125,0.08024603873491287,0.0,0.08156555891036987,1.6191762685775757,4.298748970031738,0.3866090178489685,0.0,12.0,0.0,0.0,12.0,0.0,12.0,0.31848597526550293,0.19187748432159424,2.792236328125,0.26429816087086994,0.019291109095017116,-0.09750920534133911
432,1.034012544000234,106.36032,1.017912745475769,0.30687201023101807,0.020039357244968414,0.080078125,0.08026674389839172,0.0,0.08167248964309692,1.6860625743865967,4.580128192901611,0.38897037506103516,0.0,15.0,0.0,0.0,15.0,0.0,15.0,0.3197098771731059,0.1980363428592682,2.7621256510416665,0.2654012044270833,0.01932601382335027,-0.09756404161453247
433,1.0038985850001154,106.36032,0.9929551482200623,0.31474417448043823,0.03092348389327526,0.080078125,0.07783576846122742,0.0,0.08047156035900116,1.7105634212493896,4.718783855438232,0.3838123679161072,0.0,12.0,0.0,0.0,12.0,0.0,12.0,0.3211428721745809,0.20235349237918854,2.737548828125,0.26662397384643555,0.019345752894878387,-0.09764081239700317
434,0.9942314479999368,106.36032,0.953056812286377,0.3305755853652954,0.04272453114390373,0.080078125,0.07379618287086487,0.0,0.08027184009552002,1.6991870403289795,4.746835231781006,0.3857516050338745,0.0,12.0,0.0,0.0,12.0,0.0,12.0,0.3213493824005127,0.19494129717350006,2.7361653645833335,0.26714712381362915,0.019284968574841816,-0.0975756049156189
435,1.0197055670000736,106.36032,0.9273061156272888,0.34434643387794495,0.04879447817802429,0.080078125,0.07137145102024078,0.0,0.07945163547992706,1.629242181777954,4.649084091186523,0.39951714873313904,0.0,15.0,0.0,0.0,15.0,0.0,15.0,0.3210837443669637,0.19582785665988922,2.7435709635416665,0.2670324643452962,0.019336532801389694,-0.09757345914840698
436,1.0230885410001065,106.36032,0.92699134349823,0.34708499908447266,0.0278248880058527,0.080078125,0.07172621041536331,0.0,0.0800216868519783,1.5228546857833862,4.322593688964844,0.4037652909755707,0.0,14.0,0.0,0.0,14.0,0.0,14.0,0.32016722361246747,0.1979479044675827,2.7445882161458335,0.26628418763478595,0.01932140812277794,-0.09764808416366577
437,0.9900984160003645,106.36032,0.9531504511833191,0.33974406123161316,0.014502055011689663,0.080078125,0.07419313490390778,0.0,0.08479240536689758,1.4699182510375977,4.080323219299316,0.4063309133052826,0.0,5.0,0.0,0.0,5.0,0.0,5.0,0.31899871428807575,0.17861127853393555,2.7672526041666665,0.2652684648831685,0.019514116148153942,-0.09765416383743286
438,1.0123275539999668,106.36032,0.9943538308143616,0.3263143301010132,0.011690640822052956,0.080078125,0.0782521665096283,0.0,0.08774344623088837,1.4185590744018555,4.027284622192383,0.4195042550563812,0.0,19.0,0.0,0.0,19.0,0.0,19.0,0.31944849093755084,0.17256414890289307,2.7874755859375,0.2653274138768514,0.01956086854139964,-0.09764319658279419
439,1.0005362860001696,106.36032,1.0008546113967896,0.31582632660865784,0.05765361338853836,0.080078125,0.07931287586688995,0.0,0.08571532368659973,1.413886547088623,3.94565486907959,0.41658538579940796,0.0,18.0,0.0,0.0,18.0,0.0,18.0,0.32047388950983685,0.17527371644973755,2.7759602864583335,0.2664775451024373,0.019529346376657486,-0.09770423173904419
440,1.000569963000089,106.36032,0.9924589991569519,0.31356117129325867,0.017165610566735268,0.080078125,0.07843680679798126,0.0,0.08599265664815903,1.4887101650238037,3.9780406951904297,0.41277965903282166,0.0,18.0,0.0,0.0,18.0,0.0,18.0,0.3210221529006958,0.18048399686813354,2.8037923177083335,0.2669287125269572,0.01958920806646347,-0.09762650728225708
441,1.1349931989998367,106.36032,0.988027811050415,0.31412065029144287,0.008008573204278946,0.080078125,0.07789923995733261,0.0,0.08303210139274597,1.5502595901489258,4.086132049560547,0.4253910481929779,0.0,19.0,0.0,0.0,19.0,0.0,19.0,0.3212492863337199,0.18430131673812866,2.8336995442708335,0.2671487132708232,0.01948189114530881,-0.09760648012161255
442,1.0509757910003827,106.36032,0.9667565226554871,0.31890934705734253,0.027568988502025604,0.080078125,0.07602381706237793,0.0,0.08215153217315674,1.590195894241333,4.041107654571533,0.4086548686027527,0.0,12.0,0.0,0.0,12.0,0.0,12.0,0.32142627239227295,0.18544608354568481,2.8485514322916665,0.2672136227289836,0.01945725455880165,-0.09767132997512817
443,1.0620398300002307,106.36032,0.951139509677887,0.3271779417991638,0.01406065747141838,0.0791015625,0.07431227713823318,0.0,0.08026032894849777,1.608640432357788,4.105572700500488,0.41281241178512573,0.0,16.0,0.0,0.0,16.0,0.0,16.0,0.32150061925252277,0.18543004989624023,2.8511555989583335,0.26742978890736896,0.019561561445395153,-0.09764295816421509
444,1.0208382079999865,106.36032,0.9246706962585449,0.3396305441856384,0.00844645220786333,0.0771484375,0.07163737714290619,0.0,0.07939138263463974,1.614800214767456,4.155606746673584,0.4201405942440033,0.0,12.0,0.0,0.0,12.0,0.0,12.0,0.32173945506413776,0.18749696016311646,2.8409830729166665,0.26756976048151654,0.019546398272116978,-0.09766203165054321
445,0.9654392749998806,106.36032,0.9155097603797913,0.34813714027404785,0.010096970945596695,0.0771484375,0.07075962424278259,0.0,0.07900301367044449,1.5546754598617554,4.190655708312988,0.4227675199508667,0.0,13.0,0.0,0.0,13.0,0.0,13.0,0.32179997364679974,0.19374698400497437,2.8149820963541665,0.2675529321034749,0.019603992501894634,-0.0976220965385437
446,0.9812528360002943,106.36032,0.8976967930793762,0.3553914427757263,0.0368272103369236,0.0771484375,0.06920959055423737,0.0,0.07406395673751831,1.526766300201416,4.2033538818359375,0.4240753650665283,0.0,20.0,0.0,0.0,20.0,0.0,20.0,0.3219924171765645,0.19884377717971802,2.8232421875,0.2675630847613017,0.01959170028567314,-0.0976671576499939
447,0.9761005119999027,106.36032,0.8858840465545654,0.35740041732788086,0.035252202302217484,0.0771484375,0.0687469094991684,0.0,0.06823088973760605,1.4750497341156006,4.1270880699157715,0.3994348645210266,0.0,15.0,0.0,0.0,15.0,0.0,15.0,0.32205559810002643,0.19704210758209229,2.8623046875,0.2672010858853658,0.019448825468619663,-0.09757357835769653
448,0.9954723229998308,106.36032,0.8758252859115601,0.3541417717933655,0.029460150748491287,0.0771484375,0.06792750954627991,0.0,0.06662589311599731,1.4645274877548218,4.061473846435547,0.4045082926750183,0.0,12.0,0.0,0.0,12.0,0.0,12.0,0.3218117952346802,0.1929008960723877,2.8465983072916665,0.26676424344380695,0.019358880817890167,-0.09749871492385864
449,0.9955532499998299,106.36032,0.8673985004425049,0.3463420867919922,0.01524349581450224,0.0771484375,0.06725189834833145,0.0,0.06559303402900696,1.4335999488830566,3.891629695892334,0.41276320815086365,0.0,13.0,0.0,0.0,13.0,0.0,13.0,0.32177668809890747,0.18811959028244019,2.8253987630208335,0.2665472428003947,0.019452625264724095,-0.09760576486587524
450,1.01963602800015,106.36032,0.8701106309890747,0.33737942576408386,0.06282096356153488,0.0771484375,0.06750671565532684,0.0,0.06514762341976166,1.5040206909179688,3.8296191692352295,0.40002474188804626,0.0,11.0,0.0,0.0,11.0,0.0,11.0,0.32150061925252277,0.17957556247711182,2.8509114583333335,0.2661919991175334,0.019474963347117107,-0.09755188226699829
451,1.01115085299989,106.36032,0.8806381821632385,0.33242806792259216,0.0909423977136612,0.0771484375,0.06805349886417389,0.0,0.06706151366233826,1.575437307357788,3.9532580375671387,0.4145451486110687,0.0,8.0,0.0,0.0,8.0,0.0,8.0,0.32132649421691895,0.17494958639144897,2.860595703125,0.266062597433726,0.01948666200041771,-0.09748154878616333
452,0.983548454999891,106.36032,0.8914583325386047,0.33309704065322876,0.013079194352030754,0.0771484375,0.06864166259765625,0.0,0.0685473084449768,1.6328887939453125,4.315385341644287,0.4110787510871887,0.0,14.0,0.0,0.0,14.0,0.0,14.0,0.3219922184944153,0.17494231462478638,2.8369954427083335,0.26656051476796466,0.019531375418106716,-0.0974697470664978
453,0.9690283820000332,106.36032,0.8854259252548218,0.33891117572784424,0.025808099657297134,0.0771484375,0.06789160519838333,0.0,0.06718593090772629,1.7131198644638062,4.637446403503418,0.40407508611679077,0.0,7.0,0.0,0.0,7.0,0.0,7.0,0.32276614507039386,0.1758110523223877,2.8179524739583335,0.2675438125928243,0.019532735149065655,-0.09744960069656372
454,0.9383953170004133,106.36032,0.8758189678192139,0.35390347242355347,0.07184506952762604,0.0771484375,0.06657766550779343,0.0,0.06830644607543945,1.7157013416290283,4.929783821105957,0.4094225764274597,0.0,12.0,0.0,0.0,12.0,0.0,12.0,0.3232468565305074,0.17621231079101562,2.8020833333333335,0.2678513526916504,0.019420331964890163,-0.09744828939437866
455,1.0654558709998128,106.36032,0.8740120530128479,0.36627086997032166,0.07159372419118881,0.076171875,0.06647159159183502,0.0,0.06829459965229034,1.612752914428711,4.793144226074219,0.4194486141204834,0.0,13.0,0.0,0.0,13.0,0.0,13.0,0.3230023980140686,0.17633873224258423,2.7469889322916665,0.26781320571899414,0.01935632899403572,-0.09754937887191772
456,1.0216611609998836,106.36032,0.8768713474273682,0.3656018376350403,0.038979850709438324,0.076171875,0.06704049557447433,0.0,0.0698222741484642,1.47207772731781,4.517334938049316,0.408446729183197,0.0,6.0,0.0,0.0,6.0,0.0,6.0,0.32196752230326336,0.17672288417816162,2.7404378255208335,0.26688897609710693,0.019321583211421967,-0.09766203165054321
457,1.054203217000122,106.36032,0.8853932023048401,0.3565618693828583,0.01445343904197216,0.076171875,0.067947618663311,0.0,0.07350459694862366,1.4192737340927124,4.338034629821777,0.3983277976512909,0.0,9.0,0.0,0.0,9.0,0.0,9.0,0.3207571903864543,0.1779288649559021,2.7886555989583335,0.26600581407546997,0.019245064506928127,-0.0977049469947815
458,1.0012195980002616,106.36032,0.9331226944923401,0.3366823196411133,0.01545963529497385,0.076171875,0.07284171879291534,0.0,0.07725679874420166,1.364788293838501,4.089873313903809,0.41003283858299255,0.0,12.0,0.0,0.0,12.0,0.0,12.0,0.32046135266621906,0.18173766136169434,2.7650553385416665,0.2657235860824585,0.019322207818428676,-0.09762650728225708
459,0.979055955000149,106.36032,0.9509438872337341,0.3189100921154022,0.10028253495693207,0.0751953125,0.07483885437250137,0.0,0.07894808799028397,1.409865379333496,3.9089603424072266,0.40964436531066895,0.0,10.0,0.0,0.0,10.0,0.0,10.0,0.3204940954844157,0.18833136558532715,2.7693277994791665,0.2658035159111023,0.019323871781428654,-0.09765321016311646
460,1.0086710800001129,106.36032,0.980650007724762,0.3041568994522095,0.07513101398944855,0.07421875,0.07745321094989777,0.0,0.08081856369972229,1.5431792736053467,4.046794414520264,0.4132133424282074,0.0,11.0,0.0,0.0,11.0,0.0,11.0,0.32024168968200684,0.1925230622291565,2.8004557291666665,0.2661651174227397,0.01940210411945979,-0.0977206826210022
461,1.0559708999999202,106.36032,0.9842656850814819,0.30580323934555054,0.01578923687338829,0.07421875,0.07717297971248627,0.0,0.08215358853340149,1.6649863719940186,4.382349967956543,0.4251922070980072,0.0,15.0,0.0,0.0,15.0,0.0,15.0,0.3208719491958618,0.18995094299316406,2.8164876302083335,0.2669687668482463,0.019515429933865864,-0.09774237871170044
462,1.1015396580000925,106.36032,0.9847018122673035,0.3131190240383148,0.020504524931311607,0.07421875,0.07704086601734161,0.0,0.08040910959243774,1.7386258840560913,4.47093391418457,0.42412954568862915,0.0,16.0,0.0,0.0,16.0,0.0,16.0,0.3214634855588277,0.18445557355880737,2.7720133463541665,0.26778509219487506,0.019548619786898296,-0.09774786233901978
463,1.1064482920000955,106.36032,0.9883238077163696,0.323722779750824,0.02655576355755329,0.07421875,0.07746103405952454,0.0,0.07645060122013092,1.7370119094848633,4.545927047729492,0.40849924087524414,0.0,17.0,0.0,0.0,17.0,0.0,17.0,0.32184569040934247,0.17745816707611084,2.7608235677083335,0.2683103084564209,0.019631622980038326,-0.09778600931167603
464,1.1108403959997304,106.36032,0.9570836424827576,0.3381567895412445,0.024083806201815605,0.07421875,0.07436250150203705,0.0,0.07716571539640427,1.6550992727279663,4.51605749130249,0.417858362197876,0.0,10.0,0.0,0.0,10.0,0.0,10.0,0.3214944203694661,0.16803067922592163,2.7601318359375,0.26804306109746295,0.019657100240389507,-0.09778505563735962
465,1.0768479250000382,106.36032,0.9566608667373657,0.3465034067630768,0.02191569283604622,0.07421875,0.07428605854511261,0.0,0.07734929025173187,1.5000771284103394,4.491514205932617,0.4320167005062103,0.0,15.0,0.0,0.0,15.0,0.0,15.0,0.3207171360651652,0.1639978289604187,2.7626546223958335,0.26721107959747314,0.019666921347379684,-0.09776502847671509
466,1.0644673530000546,106.36032,0.9566067457199097,0.3535791039466858,0.020646577700972557,0.07421875,0.07470404356718063,0.0,0.07795457541942596,1.4241552352905273,4.4241228103637695,0.40708836913108826,0.0,10.0,0.0,0.0,10.0,0.0,10.0,0.31972696383794147,0.1642676591873169,2.7928059895833335,0.26628275712331134,0.01970882589618365,-0.09782463312149048
467,1.0479313029995865,106.36032,0.9619371891021729,0.3547033965587616,0.04228484258055687,0.07421875,0.07505585998296738,0.0,0.07861727476119995,1.3966126441955566,4.466201305389404,0.4207082688808441,0.0,15.0,0.0,0.0,15.0,0.0,15.0,0.3191455006599426,0.16852951049804688,2.8045247395833335,0.265615979830424,0.019624521334966023,-0.09793215990066528
468,1.054149922000306,106.36032,0.9762094616889954,0.34934502840042114,0.025578200817108154,0.07421875,0.07682860642671585,0.0,0.07904023677110672,1.426652431488037,4.330121994018555,0.39934271574020386,0.0,10.0,0.0,0.0,10.0,0.0,10.0,0.3189596931139628,0.17252284288406372,2.8033854166666665,0.26536492506663006,0.019490217169125874,-0.09804970026016235
469,1.0674163580001732,106.36032,0.9955816268920898,0.33844059705734253,0.021226966753602028,0.07421875,0.0783507451415062,0.0,0.08176246285438538,1.5329899787902832,4.214293479919434,0.41416358947753906,0.0,12.0,0.0,0.0,12.0,0.0,12.0,0.3189869324366252,0.1746431589126587,2.77587890625,0.26508333285649616,0.019425158699353535,-0.09801465272903442
470,1.0700276760003362,106.36032,0.9911482930183411,0.32810282707214355,0.029103780165314674,0.07421875,0.07793477177619934,0.0,0.08041957020759583,1.6079658269882202,4.224027633666992,0.41982346773147583,0.0,15.0,0.0,0.0,15.0,0.0,15.0,0.3197378913561503,0.17766422033309937,2.7812906901041665,0.2656538287798564,0.019547166923681896,-0.09806543588638306
471,1.0791923370002223,106.36032,0.9860655665397644,0.32092469930648804,0.010379016399383545,0.07421875,0.07777446508407593,0.0,0.0783836841583252,1.709441065788269,4.209238052368164,0.3999297618865967,0.0,17.0,0.0,0.0,17.0,0.0,17.0,0.3203352888425191,0.18523144721984863,2.7728271484375,0.2665476401646932,0.019587880621353786,-0.09796887636184692
472,1.0359541070001796,106.36032,0.9684885740280151,0.3189954459667206,0.023888688534498215,0.0732421875,0.07603979110717773,0.0,0.07599172741174698,1.8035848140716553,4.159480094909668,0.41571396589279175,0.0,18.0,0.0,0.0,18.0,0.0,18.0,0.3211268186569214,0.1945285201072693,2.7933349609375,0.2671894431114197,0.01949918270111084,-0.09771877527236938
473,1.0585567630000696,106.36032,0.9276906251907349,0.32020074129104614,0.05406048893928528,0.0732421875,0.07264043390750885,0.0,0.07355955988168716,1.8480018377304077,3.984419345855713,0.3839263319969177,0.0,15.0,0.0,0.0,15.0,0.0,15.0,0.32177581389745075,0.19955146312713623,2.819091796875,0.26762036482493085,0.019491811593373615,-0.09757810831069946
474,1.01927897700034,106.36032,0.933753490447998,0.31777000427246094,0.01913846656680107,0.0732421875,0.07315693795681,0.0,0.07299570739269257,1.7321380376815796,4.078247547149658,0.40283626317977905,0.0,13.0,0.0,0.0,13.0,0.0,13.0,0.32229920228322345,0.19746357202529907,2.8284505208333335,0.26802488168080646,0.019643450776735943,-0.09744375944137573
475,1.0179819300001327,106.36032,0.9227541089057922,0.32172125577926636,0.016469711437821388,0.0732421875,0.07207107543945312,0.0,0.0725492611527443,1.60765540599823,3.9801108837127686,0.41914862394332886,0.0,14.0,0.0,0.0,14.0,0.0,14.0,0.3226210077603658,0.19088557362556458,2.7991943359375,0.26832924286524457,0.019672634700934093,-0.09734135866165161
476,0.9944549950000692,106.36032,0.9194621443748474,0.3255314230918884,0.07606794685125351,0.0732421875,0.07177844643592834,0.0,0.07114171236753464,1.4760183095932007,4.015444755554199,0.42556270956993103,0.0,13.0,0.0,0.0,13.0,0.0,13.0,0.32271621624628705,0.18710660934448242,2.8128255208333335,0.2682950297991435,0.01969948783516884,-0.09748464822769165
477,1.0124585080002362,106.36032,0.905538022518158,0.33451688289642334,0.020797602832317352,0.0712890625,0.07019634544849396,0.0,0.07270948588848114,1.4028525352478027,4.304264068603516,0.42397210001945496,0.0,12.0,2.0,0.0,14.0,0.0,12.0,0.322579820950826,0.17825782299041748,2.8063151041666665,0.26827865839004517,0.019898775964975357,-0.09748584032058716
478,1.0207559890000084,106.36032,0.8954071998596191,0.3486882746219635,0.0373501293361187,0.0703125,0.06920771300792694,0.0,0.07299725711345673,1.333956003189087,4.588817596435547,0.4073244035243988,0.0,7.0,1.0,0.0,8.0,0.0,7.0,0.3225930134455363,0.1681448221206665,2.7645263671875,0.26852989196777344,0.020014284799496334,-0.0975690484046936
479,1.0636494700002004,106.36032,0.9045644402503967,0.35984575748443604,0.06780198961496353,0.0703125,0.06989101320505142,0.0,0.07505533844232559,1.3266360759735107,4.713366985321045,0.41022372245788574,0.0,13.0,0.0,0.0,13.0,0.0,13.0,0.3224627176920573,0.16658681631088257,2.7736409505208335,0.26836522420247394,0.02000882352391879,-0.09749144315719604
480,1.2130234060000475,106.36032,0.8872398138046265,0.3691437244415283,0.06554046273231506,0.0703125,0.0681685209274292,0.0,0.07355055212974548,1.3283474445343018,4.627078533172607,0.41302332282066345,0.0,13.0,0.0,0.0,13.0,0.0,13.0,0.3218817313512166,0.16743046045303345,2.7991129557291665,0.26771225531895954,0.01985025902589162,-0.09748059511184692
481,1.112524963999931,106.36032,0.8600233197212219,0.36987990140914917,0.05362323671579361,0.0693359375,0.06569460034370422,0.0,0.07312916219234467,1.3611476421356201,4.337711334228516,0.40250977873802185,0.0,13.0,1.0,0.0,14.0,0.0,13.0,0.32097019751866657,0.171220600605011,2.8106689453125,0.2668442328770955,0.019891009976466496,-0.09753304719924927
482,1.0210514400000648,106.36032,0.8736048936843872,0.3561186194419861,0.016695644706487656,0.0693359375,0.06687993556261063,0.0,0.07293951511383057,1.434692621231079,3.9493885040283203,0.425481915473938,0.0,14.0,0.0,0.0,14.0,0.0,14.0,0.3202076554298401,0.17466306686401367,2.8177083333333335,0.2658672332763672,0.019967275361220043,-0.09747916460037231
483,1.0200759239996842,106.36032,0.9172846078872681,0.3366641700267792,0.04917905479669571,0.068359375,0.07104995846748352,0.0,0.07335508614778519,1.5836080312728882,3.9073920249938965,0.42556652426719666,0.0,10.0,1.0,0.0,11.0,0.0,10.0,0.31948010126749676,0.17994844913482666,2.82861328125,0.2651334007581075,0.0200642595688502,-0.09748417139053345
484,0.9988185500001237,106.36032,0.9761913418769836,0.3184546232223511,0.03120766580104828,0.068359375,0.07673481851816177,0.0,0.07451172173023224,1.7605249881744385,3.94449782371521,0.42703092098236084,0.0,12.0,0.0,0.0,12.0,0.0,12.0,0.3193987210591634,0.1911136507987976,2.833984375,0.26485592126846313,0.020086904366811115,-0.09754675626754761
485,1.0172526999999718,106.36032,1.0039455890655518,0.3051884174346924,0.1093965545296669,0.0673828125,0.07937513291835785,0.0,0.07625974714756012,1.8686845302581787,4.014069557189941,0.4149119257926941,0.0,10.0,1.0,0.0,11.0,0.0,10.0,0.31954360008239746,0.19559603929519653,2.8424479166666665,0.26518015066782635,0.020048910131057102,-0.09757834672927856
486,1.0276396770000247,106.36032,1.0118293762207031,0.305161714553833,0.05354459583759308,0.06640625,0.07922415435314178,0.0,0.08020026981830597,1.9922747611999512,4.446190357208252,0.44030267000198364,0.0,9.0,1.0,0.0,10.0,0.0,9.0,0.32016201814015705,0.2099694460630417,2.8575032552083335,0.2657387653986613,0.020000416785478592,-0.09759896993637085
487,1.0282144749999134,106.36032,0.9979156255722046,0.3166009187698364,0.037155881524086,0.06640625,0.07741555571556091,0.0,0.08138933032751083,1.9828472137451172,4.953330993652344,0.442960262298584,0.0,18.0,0.0,0.0,18.0,0.0,18.0,0.3214021523793538,0.20938748121261597,2.7640787760416665,0.26728792985280353,0.020158391445875168,-0.09766560792922974
488,0.9922627509999984,106.36032,0.943892776966095,0.33862927556037903,0.06442619860172272,0.064453125,0.07234004139900208,0.0,0.07700005918741226,1.8146995306015015,5.063241958618164,0.4413040578365326,0.0,14.0,1.0,0.0,15.0,0.0,14.0,0.3225395083427429,0.20549610257148743,2.6954752604166665,0.2687681317329407,0.020188865562280018,-0.09773069620132446
489,0.9958527339999819,106.36032,0.9296374320983887,0.3521401286125183,0.05742908641695976,0.064453125,0.07105445861816406,0.0,0.07557912170886993,1.5949681997299194,5.022397518157959,0.4416368007659912,0.0,14.0,0.0,0.0,14.0,0.0,14.0,0.3219715754191081,0.19275221228599548,2.6767578125,0.26857537031173706,0.02025368685523669,-0.09759241342544556
490,1.0334738669998842,106.36032,0.9633294343948364,0.35002660751342773,0.04961920902132988,0.064453125,0.07448091357946396,0.0,0.07566945254802704,1.409592628479004,4.928027629852295,0.4627760350704193,0.0,15.0,0.0,0.0,15.0,0.0,15.0,0.32098517815272015,0.1984919309616089,2.7143961588541665,0.26798343658447266,0.020209578176339466,-0.0977134108543396
491,1.0167478989997107,106.36032,0.9755574464797974,0.3440406918525696,0.01667836308479309,0.064453125,0.07627277076244354,0.0,0.07716388255357742,1.270580530166626,4.558946132659912,0.45511698722839355,0.0,9.0,0.0,0.0,9.0,0.0,9.0,0.32050005594889325,0.19833320379257202,2.7274169921875,0.26727678378423053,0.02008093148469925,-0.0976526141166687
492,1.0963984920003895,106.36032,0.9843441247940063,0.33595356345176697,0.009934693574905396,0.0634765625,0.07725979387760162,0.0,0.07859865576028824,1.2561575174331665,4.3660478591918945,0.45725929737091064,0.0,14.0,1.0,0.0,15.0,0.0,14.0,0.3201585610707601,0.19723479449748993,2.76123046875,0.26692203680674237,0.020124257852633793,-0.09758216142654419
493,1.0576680519998263,106.36032,0.9652203321456909,0.32788950204849243,0.011793794110417366,0.0625,0.07571720331907272,0.0,0.07822203636169434,1.344891905784607,4.180145263671875,0.4279993176460266,0.0,15.0,0.0,0.0,15.0,0.0,15.0,0.32007529338200885,0.19796344637870789,2.7650960286458335,0.26706727345784503,0.0201688085993131,-0.09765869379043579
494,1.0101295800000116,106.36032,0.9311528205871582,0.3224806785583496,0.03662761300802231,0.0615234375,0.0722854882478714,0.0,0.07928970456123352,1.4901692867279053,3.9607315063476562,0.4275871515274048,0.0,10.0,1.0,0.0,11.0,0.0,10.0,0.319618026415507,0.20008206367492676,2.7826334635416665,0.2668168942133586,0.020280371109644573,-0.09772974252700806
495,1.031543744999908,106.36032,0.9354734420776367,0.3140401840209961,0.1036815196275711,0.0615234375,0.07236812263727188,0.0,0.08190205693244934,1.6296167373657227,3.8616995811462402,0.4303300976753235,0.0,11.0,0.0,0.0,11.0,0.0,11.0,0.3191877603530884,0.20056471228599548,2.7901611328125,0.26663710673650104,0.020367355396350224,-0.09735280275344849
496,1.002878980999867,106.36032,0.9659107327461243,0.3112887740135193,0.030489588156342506,0.0615234375,0.07458143681287766,0.0,0.08460605144500732,1.8405942916870117,4.286612510681152,0.4389842450618744,0.0,12.0,0.0,1.0,11.0,0.0,12.0,0.3194691737492879,0.20624396204948425,2.789306640625,0.2668794592221578,0.020306674142678578,-0.09750860929489136
497,1.0329807690000052,106.36032,0.9670079350471497,0.3216990828514099,0.018307220190763474,0.0615234375,0.0740077793598175,0.0,0.08551748842000961,1.9943846464157104,4.638257026672363,0.46956562995910645,0.0,15.0,0.0,0.0,15.0,0.0,15.0,0.3202717900276184,0.21218375861644745,2.76904296875,0.2676543990770976,0.02022777497768402,-0.09767729043960571
498,1.0532528369999454,106.36032,0.9617590308189392,0.33521658182144165,0.046623460948467255,0.0615234375,0.0734613686800003,0.0,0.08456581085920334,1.9632362127304077,4.856131553649902,0.4642842710018158,0.0,16.0,0.0,0.0,16.0,0.0,16.0,0.32114607095718384,0.21109145879745483,2.7484130859375,0.26837605237960815,0.02023771529396375,-0.09754163026809692
499,1.0687046250000094,106.36032,0.9729964733123779,0.3432445526123047,0.038563743233680725,0.0615234375,0.07448034733533859,0.0,0.08631990849971771,1.8589519262313843,4.847573280334473,0.47920629382133484,0.0,13.0,0.0,0.0,13.0,0.0,13.0,0.3212575316429138,0.20650768280029297,2.732177734375,0.26835689942042035,0.020230866968631744,-0.09741240739822388
500,1.0495884100000694,106.36032,0.997796356678009,0.3454017639160156,0.03957691416144371,0.0615234375,0.07701661437749863,0.0,0.08797544240951538,1.6693494319915771,4.773141860961914,0.48544472455978394,0.0,15.0,0.0,0.0,15.0,0.0,15.0,0.3209216594696045,0.19753015041351318,2.7252604166666665,0.2679899533589681,0.02016650140285492,-0.09734588861465454
501,1.1205143109996243,106.36032,0.9778397083282471,0.34935271739959717,0.03215157240629196,0.0615234375,0.07530154287815094,0.0,0.08789831399917603,1.4936866760253906,4.458358287811279,0.49211233854293823,0.0,18.0,0.0,0.0,18.0,0.0,18.0,0.32050559918085736,0.19519972801208496,2.7178141276041665,0.26759711901346844,0.020150184631347656,-0.09741288423538208
502,1.112479390000317,106.36032,0.9711360931396484,0.34600508213043213,0.02842799946665764,0.0615234375,0.07519116252660751,0.0,0.08431129157543182,1.3702003955841064,4.21295690536499,0.49603530764579773,0.0,21.0,0.0,0.0,21.0,0.0,21.0,0.32052061955134076,0.19669422507286072,2.7228190104166665,0.2674497365951538,0.020137290159861248,-0.0972946286201477
503,1.0926928680000856,106.36032,0.9955580234527588,0.33339959383010864,0.03550168126821518,0.0615234375,0.0777793675661087,0.0,0.08365320414304733,1.4121136665344238,3.951019287109375,0.5151021480560303,0.0,16.0,0.0,0.0,16.0,0.0,16.0,0.31988362471262616,0.1954519897699356,2.7296142578125,0.2671499053637187,0.020142510533332825,-0.09728950262069702
504,1.0747754129997702,106.36032,1.0006003379821777,0.31898975372314453,0.016320200636982918,0.0615234375,0.07901234924793243,0.0,0.08294444531202316,1.455020785331726,3.756755828857422,0.4619888663291931,0.0,17.0,0.0,0.0,17.0,0.0,17.0,0.31918491919835407,0.1903531849384308,2.7677815755208335,0.26683489481608075,0.020112934211889904,-0.0973004698753357
505,1.036999423999987,106.36032,0.9891583323478699,0.3100828528404236,0.08843611925840378,0.060546875,0.0779842883348465,0.0,0.083458811044693,1.5254409313201904,3.625274181365967,0.4503093659877777,0.0,12.0,1.0,0.0,13.0,0.0,12.0,0.3190339008967082,0.20380628108978271,2.8083089192708335,0.266776184240977,0.020192474126815796,-0.09730583429336548
506,1.0026961459998347,106.36032,0.9410605430603027,0.3156009912490845,0.06402279436588287,0.060546875,0.07308542728424072,0.0,0.0830526128411293,1.6792874336242676,3.7600696086883545,0.4437605142593384,0.0,17.0,0.0,0.0,17.0,0.0,17.0,0.31975380579630536,0.2041795253753662,2.8374837239583335,0.26711851358413696,0.02006900558869044,-0.08755132555961609
507,1.016936927000188,106.36032,0.9197198152542114,0.3247525691986084,0.015860233455896378,0.0595703125,0.07067852467298508,0.0,0.08356025069952011,1.793752670288086,4.059281349182129,0.43793052434921265,0.0,14.0,1.0,0.0,15.0,0.0,14.0,0.3206432064374288,0.20749115943908691,2.8244222005208335,0.26805166403452557,0.02031417191028595,-0.08756058663129807
508,1.0569874110001365,106.36032,0.8898678421974182,0.3430771827697754,0.0217205211520195,0.0595703125,0.06703933328390121,0.0,0.0853600725531578,1.8851087093353271,4.290369033813477,0.4505382776260376,0.0,9.0,0.0,0.0,9.0,0.0,9.0,0.321102499961853,0.2075750082731247,2.7884521484375,0.26881466309229535,0.020456746220588684,-0.0874057486653328
509,1.1070365220002714,106.36032,0.9038004279136658,0.3594946265220642,0.06678315997123718,0.0595703125,0.0680464506149292,0.0,0.08723767101764679,1.8144553899765015,4.646376609802246,0.4553707540035248,0.0,14.0,0.0,0.0,14.0,0.0,14.0,0.32087578376134235,0.1969456970691681,2.7530517578125,0.26880749066670734,0.020542704810698826,-0.08752292394638062
510,1.1331566809999458,106.36032,0.9512794613838196,0.3659275472164154,0.07012833654880524,0.0595703125,0.07273556292057037,0.0,0.08737991750240326,1.6356093883514404,4.7241010665893555,0.46969184279441833,0.0,19.0,0.0,0.0,19.0,0.0,19.0,0.32067535320917767,0.19504813849925995,2.7090657552083335,0.2686513662338257,0.02054960032304128,-0.08752172440290451
511,1.0731808419996014,106.36032,0.9615163207054138,0.3673681616783142,0.06518568098545074,0.0595703125,0.07396889477968216,0.0,0.08557169139385223,1.5107500553131104,4.508502006530762,0.4916329085826874,0.0,21.0,0.0,0.0,21.0,0.0,21.0,0.32047847906748456,0.19838710129261017,2.7410888671875,0.26808754603068036,0.020497451225916546,-0.08748109638690948
512,1.1130207310002334,106.36032,0.9576199650764465,0.3611745834350586,0.03264590725302696,0.0595703125,0.07431548833847046,0.0,0.08213567733764648,1.4594333171844482,4.2178473472595215,0.4625895023345947,0.0,19.0,0.0,0.0,19.0,0.0,19.0,0.3203512231508891,0.19727517664432526,2.7686360677083335,0.26776740948359173,0.020496711134910583,-0.08750973641872406
513,1.2216743389999465,106.36032,0.9612029194831848,0.3466808795928955,0.019008440896868706,0.0595703125,0.07487981021404266,0.0,0.08172962069511414,1.4846572875976562,3.9750609397888184,0.47097253799438477,0.0,16.0,0.0,0.0,16.0,0.0,16.0,0.3202425241470337,0.1938522607088089,2.7749430338541665,0.267699400583903,0.0204189233481884,-0.0875512957572937
514,1.0665060229998744,106.36032,0.9712851047515869,0.3273109495639801,0.03330517187714577,0.0595703125,0.07615671306848526,0.0,0.08278855681419373,1.5524969100952148,3.6775875091552734,0.45829781889915466,0.0,11.0,0.0,0.0,11.0,0.0,11.0,0.32005492846171063,0.19340816140174866,2.772705078125,0.2674493193626404,0.020440148810545605,-0.08748847991228104
515,1.0372953759997472,106.36032,1.0097051858901978,0.308205246925354,0.04912855103611946,0.0595703125,0.07962404191493988,0.0,0.08621561527252197,1.646122694015503,3.5975189208984375,0.4717632532119751,0.0,12.0,0.0,0.0,12.0,0.0,12.0,0.31978567441304523,0.1954808384180069,2.7891845703125,0.26727203528086346,0.020355381071567535,-0.08747288584709167
516,1.1027909720000935,106.36032,1.0517687797546387,0.29211002588272095,0.05047628656029701,0.05859375,0.083938829600811,0.0,0.08562539517879486,1.769016981124878,3.7227962017059326,0.4486529231071472,0.0,18.0,0.0,0.0,18.0,0.0,18.0,0.32037373383839923,0.19683541357517242,2.8080240885416665,0.26796263456344604,0.020543302098910015,-0.08754758536815643
517,1.044078757999614,106.36032,1.055063009262085,0.2883804440498352,0.06682170927524567,0.05859375,0.08423861116170883,0.0,0.08636482059955597,1.915817141532898,3.832374095916748,0.4340086877346039,0.0,12.0,0.0,0.0,12.0,0.0,12.0,0.32100890080134076,0.19808918237686157,2.7986653645833335,0.2687119245529175,0.02057254562775294,-0.08750230073928833
518,1.0107401350001055,106.36032,1.0371495485305786,0.2959209084510803,0.03635597601532936,0.05859375,0.08215361088514328,0.0,0.08519657701253891,1.9460678100585938,4.073609352111816,0.44554001092910767,0.0,21.0,0.0,0.0,21.0,0.0,21.0,0.3220038612683614,0.20618237555027008,2.78271484375,0.2695295015970866,0.020646947125593822,-0.08751197159290314
519,0.9871695770002589,106.36032,1.0184215307235718,0.3105153739452362,0.022042343392968178,0.05859375,0.08036161214113235,0.0,0.0818520337343216,1.82120680809021,4.4447407722473145,0.4352642297744751,0.0,17.0,0.0,0.0,17.0,0.0,17.0,0.3223304549853007,0.20633158087730408,2.7683512369791665,0.27017104625701904,0.020635211219390232,-0.08757489174604416
520,1.0024412359998678,106.36032,1.0158970355987549,0.32200291752815247,0.028537796810269356,0.05859375,0.08030874282121658,0.0,0.0801859125494957,1.5489170551300049,4.660330772399902,0.42819762229919434,0.0,10.0,0.0,0.0,10.0,0.0,10.0,0.3221953908602397,0.20566053688526154,2.7626546223958335,0.270363450050354,0.020622285703818004,-0.08758851140737534
521,1.0477327829999012,106.36032,0.9890928268432617,0.3376981317996979,0.0472201369702816,0.05859375,0.07775190472602844,0.0,0.07978613674640656,1.3365557193756104,4.656421661376953,0.4291631579399109,0.0,14.0,0.0,0.0,14.0,0.0,14.0,0.32165326674779254,0.20157784223556519,2.7644856770833335,0.27000631888707477,0.02056831369797389,-0.08745508641004562
522,1.1348314609999761,106.36032,0.9859858155250549,0.3493049144744873,0.058000482618808746,0.05859375,0.07745175808668137,0.0,0.07915811985731125,1.25447416305542,4.622098445892334,0.43556565046310425,0.0,14.0,0.0,0.0,14.0,0.0,14.0,0.32070428133010864,0.2042502611875534,2.7666015625,0.26939892768859863,0.020492630700270336,-0.08743585646152496
523,1.1023732870003187,106.36032,1.0044068098068237,0.350923091173172,0.031246766448020935,0.0576171875,0.079337939620018,0.0,0.08008457720279694,1.246832013130188,4.412375450134277,0.44173550605773926,0.0,8.0,1.0,0.0,9.0,0.0,8.0,0.32028547922770184,0.20523887872695923,2.7293701171875,0.2690049409866333,0.020444586873054504,-0.08737939596176147
524,1.0376576509997903,106.36032,0.9844114780426025,0.3484616279602051,0.03428828716278076,0.0576171875,0.077459916472435,0.0,0.08124251663684845,1.303375482559204,4.067099571228027,0.44299206137657166,0.0,11.0,0.0,0.0,11.0,0.0,11.0,0.3195733626683553,0.20392988622188568,2.7272542317708335,0.2681896686553955,0.020462012539307278,-0.08735687285661697
525,1.0135635450001246,106.36032,0.9551547169685364,0.34053322672843933,0.01677730306982994,0.056640625,0.07450829446315765,0.0,0.08216460049152374,1.435457468032837,3.7613425254821777,0.4431943893432617,0.0,12.0,1.0,0.0,13.0,0.0,12.0,0.31849217414855957,0.19749748706817627,2.7698160807291665,0.2672865390777588,0.020429227501153946,-0.08740583807229996
526,1.0646691140000257,106.36032,0.9765146374702454,0.3251197338104248,0.033048149198293686,0.056640625,0.07641497254371643,0.0,0.08407467603683472,1.5899009704589844,3.6824021339416504,0.44766053557395935,0.0,16.0,0.0,0.0,16.0,0.0,16.0,0.317840576171875,0.1891704499721527,2.794921875,0.2667173345883687,0.02050417537490527,-0.07767856121063232
527,1.06424833400024,106.36032,1.0052940845489502,0.3114033341407776,0.06396827846765518,0.0546875,0.07890129089355469,0.0,0.08727432787418365,1.8120397329330444,3.632056713104248,0.4517902731895447,0.0,10.0,1.0,0.0,11.0,0.0,10.0,0.3177511692047119,0.18676453828811646,2.7926432291666665,0.26651761929194134,0.02062613641222318,-0.07784068584442139
528,1.04483606399981,106.36032,1.005206823348999,0.305063933134079,0.05658624321222305,0.0546875,0.07855086028575897,0.0,0.09165087342262268,1.95493745803833,3.684370756149292,0.45947107672691345,0.0,12.0,0.0,0.0,12.0,0.0,12.0,0.318138321240743,0.18935620784759521,2.78955078125,0.2668606440226237,0.02076500654220581,-0.07787531614303589
529,1.0471990000000915,106.36032,1.0399556159973145,0.30207693576812744,0.03213997557759285,0.0546875,0.08156618475914001,0.0,0.09313535690307617,2.0341124534606934,4.014178276062012,0.4656793475151062,0.0,18.0,0.0,0.0,18.0,0.0,18.0,0.3189803163210551,0.1955394148826599,2.7829996744791665,0.2676515579223633,0.020710894217093784,-0.07757002115249634
530,1.0574006799997733,106.36032,1.0137227773666382,0.3128241002559662,0.021574649959802628,0.0537109375,0.0786246508359909,0.0,0.0909552201628685,1.9986307621002197,4.291788101196289,0.49018120765686035,0.0,24.0,0.0,0.0,24.0,0.0,24.0,0.3202470739682515,0.2006971836090088,2.7462158203125,0.2688644329706828,0.020726924141248066,-0.07787638902664185
531,1.041790294999828,106.36032,0.9930282235145569,0.32253414392471313,0.0311290230602026,0.052734375,0.07728216052055359,0.0,0.08291853219270706,1.810176134109497,4.501321792602539,0.45899498462677,0.0,18.0,0.0,0.0,18.0,0.0,18.0,0.32163331906000775,0.2053185999393463,2.7340494791666665,0.2700152595837911,0.02068151781956355,-0.07775413990020752
532,1.0684501619998628,106.36032,0.9853631258010864,0.3297852873802185,0.04862770065665245,0.052734375,0.07683414220809937,0.0,0.08149606734514236,1.643068552017212,4.633222579956055,0.44983452558517456,0.0,19.0,0.0,0.0,19.0,0.0,19.0,0.32142186164855957,0.20576535165309906,2.7371012369791665,0.2700795332590739,0.020669497549533844,-0.07767128944396973
533,1.0825537340001574,106.36032,0.963162362575531,0.3367597758769989,0.04448862746357918,0.052734375,0.0749063566327095,0.0,0.07866239547729492,1.4570417404174805,4.585989952087402,0.45218726992607117,0.0,17.0,0.0,0.0,17.0,0.0,17.0,0.3211468855539958,0.20337355136871338,2.7442626953125,0.27023563782374066,0.020710436006387074,-0.07784396409988403
534,1.0691336929999125,106.36032,0.955190122127533,0.3407997786998749,0.018986864015460014,0.05078125,0.07451705634593964,0.0,0.07994431257247925,1.357893466949463,4.295217514038086,0.4441577196121216,0.0,15.0,0.0,0.0,15.0,0.0,15.0,0.3207486073176066,0.20166659355163574,2.7272542317708335,0.2697028915087382,0.02080586925148964,-0.0780448317527771
535,1.063357748999806,106.36032,0.9405058026313782,0.34039944410324097,0.023272225633263588,0.05078125,0.07352723926305771,0.0,0.07692340016365051,1.3040013313293457,4.111011981964111,0.42870545387268066,0.0,18.0,0.0,0.0,18.0,0.0,18.0,0.32061511278152466,0.20080573856830597,2.7586263020833335,0.2695149978001912,0.020770341157913208,-0.07823151350021362
536,1.1234178929998961,106.36032,0.9417926073074341,0.3366294503211975,0.05674571543931961,0.05078125,0.0738016813993454,0.0,0.07785013318061829,1.3019545078277588,3.984187602996826,0.41141241788864136,0.0,7.0,0.0,0.0,7.0,0.0,7.0,0.32011985778808594,0.20119693875312805,2.77294921875,0.2692365050315857,0.02077518031001091,-0.07830411195755005
537,1.0724862880001638,106.36032,0.9417306184768677,0.3340519070625305,0.06228691339492798,0.0498046875,0.07318808138370514,0.0,0.08280876278877258,1.3955440521240234,3.9521567821502686,0.41902339458465576,0.0,9.0,1.0,0.0,10.0,0.0,9.0,0.3194825251897176,0.20506227016448975,2.7680257161458335,0.2686333656311035,0.020799140135447185,-0.07763403654098511
538,1.0000900239997463,106.36032,0.9340322613716125,0.33412978053092957,0.02588198520243168,0.048828125,0.07185256481170654,0.0,0.08478974550962448,1.5812667608261108,4.106654167175293,0.43034785985946655,0.0,15.0,1.0,0.0,16.0,0.0,15.0,0.31921811898549396,0.202675461769104,2.7762044270833335,0.26840853691101074,0.02087857574224472,-0.07765620946884155
539,1.0029422319998957,106.36032,0.947844386100769,0.33595895767211914,0.045901309698820114,0.048828125,0.07288713753223419,0.0,0.08883774280548096,1.7872314453125,4.367238521575928,0.41738247871398926,0.0,5.0,0.0,0.0,5.0,0.0,5.0,0.31912751992543537,0.1993810534477234,2.7589518229166665,0.2684984008471171,0.020931020379066467,-0.07758396863937378
540,1.0333342929998253,106.36032,0.9425825476646423,0.3452374339103699,0.04849715158343315,0.048828125,0.0719112902879715,0.0,0.09258338063955307,1.8842010498046875,4.773135185241699,0.41291213035583496,0.0,16.0,0.0,0.0,16.0,0.0,16.0,0.31985660394032794,0.20086562633514404,2.7271321614583335,0.2690503001213074,0.020992899934450786,-0.07761114835739136
541,1.0483687330001885,106.36032,0.9259180426597595,0.35591238737106323,0.06230667978525162,0.048828125,0.07027900964021683,0.0,0.09067249298095703,1.80597722530365,4.8769755363464355,0.4249517619609833,0.0,22.0,0.0,0.0,22.0,0.0,22.0,0.3207881848017375,0.20833146572113037,2.7204996744791665,0.26961958408355713,0.021028784414132435,-0.0774495005607605
542,1.0804064650001237,106.36032,0.9232316613197327,0.36039796471595764,0.06044070050120354,0.0478515625,0.07003704458475113,0.0,0.08839471638202667,1.6815156936645508,4.844859600067139,0.4346120357513428,0.0,20.0,1.0,0.0,21.0,0.0,20.0,0.3212292989095052,0.20435988903045654,2.7305501302083335,0.26991281906763714,0.02108938495318095,-0.07760775089263916
543,1.0778538079998725,106.36032,0.9503183364868164,0.3530856966972351,0.04146334528923035,0.0478515625,0.07317999005317688,0.0,0.08571632206439972,1.5386717319488525,4.68646240234375,0.4294700622558594,0.0,19.0,0.0,0.0,19.0,0.0,19.0,0.3215108315149943,0.20381253957748413,2.7278645833333335,0.27004090944925946,0.021171043316523235,-0.07753807306289673
544,1.0599436860002243,106.36032,0.9834914207458496,0.33780062198638916,0.019923126325011253,0.0478515625,0.07691946625709534,0.0,0.08617736399173737,1.4404128789901733,4.328406810760498,0.4283985495567322,0.0,14.0,0.0,0.0,14.0,0.0,14.0,0.3214789430300395,0.20472487807273865,2.7242024739583335,0.2698281407356262,0.021136532227198284,-0.07743841409683228
545,1.0625125260003188,106.36032,1.0031747817993164,0.3229377865791321,0.014087991788983345,0.0478515625,0.0793897733092308,0.0,0.08686214685440063,1.4571913480758667,4.041863918304443,0.40932807326316833,0.0,13.0,0.0,0.0,13.0,0.0,13.0,0.3212044835090637,0.2020077258348465,2.7397867838541665,0.2695927619934082,0.02120537559191386,-0.07750314474105835
546,1.1080966380000064,106.36032,1.0150487422943115,0.3075188100337982,0.05172209441661835,0.0478515625,0.08086155354976654,0.0,0.0859455093741417,1.475472331047058,3.8636224269866943,0.4146091341972351,0.0,18.0,0.0,0.0,18.0,0.0,18.0,0.3211091160774231,0.20222456753253937,2.7667643229166665,0.26932098468144733,0.021229438483715057,-0.07755964994430542
547,1.1429516889998013,106.36032,1.002061128616333,0.2993798851966858,0.08968572318553925,0.048828125,0.0798218846321106,0.0,0.08447258919477463,1.5588468313217163,3.770510673522949,0.3978658616542816,0.0,17.0,0.0,1.0,16.0,0.0,17.0,0.32096848885218304,0.19650176167488098,2.8111979166666665,0.2693585952123006,0.021195041636625927,-0.07727742195129395
548,1.0351520889998937,106.36032,0.9593996405601501,0.30346208810806274,0.06070384010672569,0.048828125,0.07566845417022705,0.0,0.08162735402584076,1.6259797811508179,3.930180072784424,0.37709832191467285,0.0,16.0,0.0,0.0,16.0,0.0,16.0,0.32144927978515625,0.20431961119174957,2.8358561197916665,0.2697744369506836,0.021247302492459614,-0.07722264528274536
549,1.0222069450001072,106.36032,0.9439806342124939,0.3140745162963867,0.048358555883169174,0.048828125,0.0736902505159378,0.0,0.08217386156320572,1.6914714574813843,4.231907367706299,0.37453851103782654,0.0,13.0,0.0,0.0,13.0,0.0,13.0,0.3222004175186157,0.20239104330539703,2.8145751953125,0.2702963352203369,0.021268464624881744,-0.07735335826873779
550,1.0326078160001089,106.36032,0.9205697178840637,0.3349706530570984,0.038867637515068054,0.048828125,0.07111722230911255,0.0,0.08099620044231415,1.6851508617401123,4.611807823181152,0.3715333938598633,0.0,19.0,0.0,0.0,19.0,0.0,19.0,0.3230263392130534,0.20265819132328033,2.7766927083333335,0.2710010011990865,0.021260591844717663,-0.07741916179656982
551,1.059599710999919,106.36032,0.8847324252128601,0.3587084412574768,0.06835144013166428,0.048828125,0.06769433617591858,0.0,0.07541853934526443,1.5579519271850586,4.797625541687012,0.38216885924339294,0.0,18.0,0.0,0.0,18.0,0.0,18.0,0.3231755495071411,0.2033580243587494,2.7596435546875,0.27119652430216473,0.02122090756893158,-0.0774831771850586
552,1.0726162830001158,106.36032,0.8785679340362549,0.3714268207550049,0.07576154172420502,0.048828125,0.06743016093969345,0.0,0.0722314864397049,1.4638442993164062,4.74388313293457,0.3714720606803894,0.0,13.0,0.0,0.0,13.0,0.0,13.0,0.3220221797625224,0.2031586617231369,2.7784830729166665,0.2702129085858663,0.021296424170335133,-0.07749420404434204
553,1.0555784100001802,106.36032,0.8909180760383606,0.3769564628601074,0.06647499650716782,0.0478515625,0.06870903819799423,0.0,0.07171224057674408,1.4545207023620605,4.499174118041992,0.38924282789230347,0.0,13.0,1.0,0.0,14.0,0.0,13.0,0.32088859875996906,0.19835296273231506,2.8260091145833335,0.26897287368774414,0.02130945275227229,-0.07797956466674805
554,1.052629949999755,106.36032,0.8805363774299622,0.37053006887435913,0.03431226685643196,0.0478515625,0.06811827421188354,0.0,0.06904362142086029,1.4162654876708984,4.216987133026123,0.38771411776542664,0.0,21.0,0.0,0.0,21.0,0.0,21.0,0.3206467429796855,0.19663777947425842,2.8566487630208335,0.2685239315032959,0.021224590639273327,-0.07794219255447388
555,1.112300489000063,106.36032,0.8595728278160095,0.3569546341896057,0.032770778983831406,0.048828125,0.06655790656805038,0.0,0.06772215664386749,1.4227803945541382,3.930367946624756,0.37297070026397705,0.0,7.0,0.0,1.0,6.0,0.0,7.0,0.3207802375157674,0.19652041792869568,2.8770751953125,0.26854880650838214,0.021286291380723316,-0.07726609706878662
556,1.140356050000264,106.36032,0.85969078540802,0.3446243405342102,0.04707854613661766,0.048828125,0.06647573411464691,0.0,0.07090772688388824,1.5191247463226318,3.7641379833221436,0.37795647978782654,0.0,12.0,0.0,0.0,12.0,0.0,12.0,0.3213276465733846,0.19849532842636108,2.8458251953125,0.2689019441604614,0.02125482012828191,-0.07729315757751465
557,1.0348004110001057,106.36032,0.8860593438148499,0.3298804759979248,0.049087900668382645,0.048828125,0.06885452568531036,0.0,0.07482419162988663,1.6365997791290283,3.7426507472991943,0.37110647559165955,0.0,12.0,0.0,0.0,12.0,0.0,12.0,0.3218718965848287,0.20073355734348297,2.8149007161458335,0.2693771918614705,0.02121082693338394,-0.07734280824661255
558,1.0323965179995866,106.36032,0.9270234704017639,0.31556713581085205,0.01368805207312107,0.0478515625,0.07286461442708969,0.0,0.07457779347896576,1.7581391334533691,3.857468605041504,0.3708523213863373,0.0,13.0,0.0,0.0,13.0,0.0,13.0,0.32236043612162274,0.20017249882221222,2.8033447265625,0.27029720942179364,0.0212326521674792,-0.0774303674697876
559,1.0584672979998686,106.36032,0.9397717714309692,0.3089103698730469,0.040079254657030106,0.0478515625,0.07406949996948242,0.0,0.07305987179279327,1.919735312461853,3.973875045776367,0.37270864844322205,0.0,15.0,0.0,0.0,15.0,0.0,15.0,0.3228844205538432,0.20037804543972015,2.8022867838541665,0.2712863286336263,0.021270856261253357,-0.07751667499542236
560,1.009209639999881,106.36032,0.9039288759231567,0.31348884105682373,0.018014317378401756,0.0478515625,0.07052283734083176,0.0,0.07128986716270447,1.9886540174484253,4.115445613861084,0.36556243896484375,0.0,13.0,0.0,0.0,13.0,0.0,13.0,0.32345523436864215,0.20286989212036133,2.8199055989583335,0.27209194501241046,0.021336272358894348,-0.07736575603485107
561,1.0316842310003267,106.36032,0.8990142345428467,0.31934675574302673,0.017662176862359047,0.0478515625,0.06992530077695847,0.0,0.07095183432102203,1.8551887273788452,4.314619064331055,0.36934995651245117,0.0,12.0,0.0,0.0,12.0,0.0,12.0,0.3239029844601949,0.2036527544260025,2.819091796875,0.27235249678293866,0.021355708440144856,-0.07735967636108398
562,1.015121069000088,106.36032,0.8974146842956543,0.3259853422641754,0.013929437845945358,0.0458984375,0.0698011964559555,0.0,0.06975528597831726,1.618805170059204,4.538455486297607,0.377689003944397,0.0,12.0,1.0,0.0,13.0,0.0,12.0,0.3241955041885376,0.20488129556179047,2.8216552734375,0.27317742506663006,0.021369750301043194,-0.0773460865020752
563,1.0396802290001688,106.36032,0.9128451943397522,0.3314920663833618,0.02439475804567337,0.0458984375,0.07125884294509888,0.0,0.07087765634059906,1.3760058879852295,4.6282758712768555,0.3908698558807373,0.0,12.0,0.0,0.0,12.0,0.0,12.0,0.32413212458292645,0.19926990568637848,2.7964274088541665,0.2733590602874756,0.02135152369737625,-0.07746297121047974
564,1.0431994749997102,106.36032,0.9248881936073303,0.33778923749923706,0.015211902558803558,0.0458984375,0.07233469188213348,0.0,0.07341113686561584,1.2588988542556763,4.630176544189453,0.3932640254497528,0.0,8.0,0.0,0.0,8.0,0.0,8.0,0.32355354229609173,0.19249814748764038,2.7733561197916665,0.2727755705515544,0.02112063765525818,-0.07744687795639038
565,1.0497281560001284,106.36032,0.9483245015144348,0.3408946990966797,0.01544887199997902,0.0458984375,0.07450331002473831,0.0,0.07371010631322861,1.2174081802368164,4.608885765075684,0.4059775769710541,0.0,10.0,0.0,0.0,10.0,0.0,10.0,0.3227610190709432,0.18638360500335693,2.7390950520833335,0.27195308605829877,0.020933638016382854,-0.07755762338638306
566,1.0561007999999674,106.36032,0.943838357925415,0.3403226137161255,0.014643190428614616,0.044921875,0.07397289574146271,0.0,0.07447713613510132,1.2335705757141113,4.569167137145996,0.40232306718826294,0.0,11.0,0.0,0.0,11.0,0.0,11.0,0.3215855161348979,0.18633118271827698,2.7635904947916665,0.2709832588831584,0.020957492291927338,-0.07759648561477661
567,1.1016039840001213,106.36032,0.9273507595062256,0.3395537734031677,0.013524768874049187,0.044921875,0.07207648456096649,0.0,0.0746249109506607,1.301934838294983,4.483242034912109,0.4056369662284851,0.0,11.0,0.0,0.0,11.0,0.0,11.0,0.3206283251444499,0.18880492448806763,2.7744547526041665,0.27012638250986737,0.020829609284798305,-0.07734805345535278
568,1.1156717899998512,106.36032,0.9388249516487122,0.33806127309799194,0.029154829680919647,0.044921875,0.072782501578331,0.0,0.07477030158042908,1.4337743520736694,4.634952545166016,0.41575416922569275,0.0,11.0,0.0,0.0,11.0,0.0,11.0,0.32038309176762897,0.19224083423614502,2.7880452473958335,0.2699483831723531,0.020851515233516693,-0.07733154296875
569,1.1108520220000173,106.36032,0.9481973648071289,0.33521223068237305,0.04325096681714058,0.0439453125,0.07367498427629471,0.0,0.07567109167575836,1.6241865158081055,4.619952201843262,0.40536582469940186,0.0,10.0,0.0,0.0,10.0,0.0,10.0,0.3206275701522827,0.19859319925308228,2.7532145182291665,0.2702997922897339,0.02083611736694972,-0.07753533124923706
570,1.1383095939995655,106.36032,0.9787492156028748,0.329667329788208,0.015416436828672886,0.04296875,0.07622060179710388,0.0,0.07882636040449142,1.7792606353759766,4.757930755615234,0.4069676399230957,0.0,12.0,0.0,0.0,12.0,0.0,12.0,0.3205175797144572,0.20852327346801758,2.7688802083333335,0.2705104748408,0.020825541267792385,-0.07755565643310547
571,1.0165092070001265,106.36032,0.9727440476417542,0.3272050619125366,0.01825615018606186,0.04296875,0.07520642876625061,0.0,0.08169612288475037,1.888484001159668,4.827861785888672,0.4243943393230438,0.0,10.0,0.0,0.0,10.0,0.0,10.0,0.32059107224146527,0.20772327482700348,2.7698974609375,0.2706490755081177,0.020796385904153187,-0.07754218578338623
572,1.029819962000147,106.36032,0.9944028258323669,0.31924089789390564,0.018422851338982582,0.04296875,0.07727417349815369,0.0,0.08284229040145874,1.8717823028564453,4.780706405639648,0.43297410011291504,0.0,14.0,0.0,0.0,14.0,0.0,14.0,0.32079245646794635,0.20837949216365814,2.7506103515625,0.27093366781870526,0.02079867571592331,-0.07764267921447754
573,1.058480271999997,106.36032,1.0180294513702393,0.3136058449745178,0.012119711376726627,0.04296875,0.07931928336620331,0.0,0.08543278276920319,1.8338038921356201,4.69765567779541,0.4665098786354065,0.0,14.0,0.0,0.0,14.0,0.0,14.0,0.32086344559987384,0.21067357063293457,2.7237548828125,0.27111756801605225,0.020882204174995422,-0.0774753987789154
574,1.062041274999956,106.36032,1.0376486778259277,0.30939799547195435,0.01332175824791193,0.04296875,0.08125448226928711,0.0,0.0868695005774498,1.754381537437439,4.747972011566162,0.46259960532188416,0.0,14.0,0.0,0.0,14.0,0.0,14.0,0.32104019323984784,0.20511643588542938,2.7023518880208335,0.2713996966679891,0.020914889872074127,-0.07770046591758728
575,1.0630177740004,106.36032,1.1191391944885254,0.30148249864578247,0.01302129402756691,0.04296875,0.08914019912481308,0.0,0.0905047208070755,1.6695016622543335,4.783209800720215,0.48604828119277954,0.0,9.0,0.0,0.0,9.0,0.0,9.0,0.3213549455006917,0.19968269765377045,2.6605224609375,0.27171097199122113,0.020802468061447144,-0.07798517495393753
576,1.0734485610000775,106.36032,1.1697461605072021,0.29662907123565674,0.015791015699505806,0.04296875,0.0942874401807785,0.0,0.09124492853879929,1.594125747680664,4.760677337646484,0.4808632731437683,0.0,20.0,0.0,0.0,20.0,0.0,20.0,0.32142778237660724,0.19784854352474213,2.6698811848958335,0.2717994451522827,0.02075449874003728,-0.07830648124217987
577,1.0894087729998319,106.36032,1.1625518798828125,0.2954583168029785,0.023820698261260986,0.04296875,0.09384661912918091,0.0,0.08971138298511505,1.4657373428344727,4.623454570770264,0.48703813552856445,0.0,19.0,0.0,0.0,19.0,0.0,19.0,0.3215920527776082,0.19650119543075562,2.6669921875,0.27210678656895954,0.020846242705980938,-0.07837489992380142
578,1.09584546699989,106.36032,1.0943468809127808,0.3034628629684448,0.022334177047014236,0.04296875,0.08777519315481186,0.0,0.08489112555980682,1.3601160049438477,4.423959732055664,0.46143072843551636,0.0,28.0,0.0,0.0,28.0,0.0,28.0,0.32143773635228473,0.1971152275800705,2.7017822265625,0.2720283667246501,0.020903773605823517,-0.07764577865600586
579,1.0470278140001028,106.36032,1.016893982887268,0.31182557344436646,0.1568961888551712,0.04296875,0.08089622855186462,0.0,0.07958535850048065,1.3007171154022217,4.188296794891357,0.42878279089927673,0.0,7.0,0.0,0.0,7.0,0.0,7.0,0.3208799958229065,0.19350451231002808,2.7615152994791665,0.27155178785324097,0.02084478735923767,-0.07766860723495483
580,1.0541197460001968,106.36032,0.9894921183586121,0.3225391209125519,0.024477513507008553,0.04296875,0.07751886546611786,0.0,0.08142448961734772,1.3262431621551514,4.48560094833374,0.43122491240501404,0.0,17.0,0.0,0.0,17.0,0.0,17.0,0.32002995411554974,0.1910851001739502,2.8131917317708335,0.27084455887476605,0.020779335250457127,-0.07739412784576416
581,1.0555381879999004,106.36032,0.9318873882293701,0.3435444235801697,0.05188858509063721,0.04296875,0.07205525040626526,0.0,0.07691657543182373,1.3540409803390503,4.682895183563232,0.4281744360923767,0.0,14.0,0.0,0.0,14.0,0.0,14.0,0.32084256410598755,0.1914069652557373,2.8087972005208335,0.2715549071629842,0.020889895657698315,-0.077647864818573
582,1.061924032999741,106.36032,0.9041172862052917,0.3627550005912781,0.0706917867064476,0.04296875,0.06924214214086533,0.0,0.0762377679347992,1.4034490585327148,4.649856090545654,0.4375384747982025,0.0,10.0,0.0,0.0,10.0,0.0,10.0,0.3210373520851135,0.19736871123313904,2.7805582682291665,0.27194643020629883,0.020870059728622437,-0.07756316661834717
583,1.071569755999917,106.36032,0.889670729637146,0.37278467416763306,0.06140953674912453,0.04296875,0.06778903305530548,0.0,0.07656248658895493,1.4337109327316284,4.426766872406006,0.4518727660179138,0.0,12.0,0.0,0.0,12.0,0.0,12.0,0.3208604057629903,0.20857825875282288,2.7757568359375,0.27172015110651654,0.020863701899846394,-0.07770732045173645
584,1.027706226999726,106.36032,0.8742926120758057,0.3703608512878418,0.04940350353717804,0.04296875,0.06661242246627808,0.0,0.07600080966949463,1.4949414730072021,4.148839950561523,0.4433920979499817,0.0,10.0,0.0,0.0,10.0,0.0,10.0,0.3208314577738444,0.2075008600950241,2.7991943359375,0.2712591489156087,0.020767341057459515,-0.078427754342556
585,1.0149916770001255,106.36032,0.8850415945053101,0.35584694147109985,0.04679986834526062,0.04296875,0.06730806827545166,0.0,0.08049562573432922,1.5779742002487183,3.868122100830078,0.4695276618003845,0.0,6.0,0.0,0.0,6.0,0.0,6.0,0.3202860951423645,0.20325878262519836,2.8056640625,0.2705761988957723,0.020803367098172505,-0.07870007306337357
586,1.0343905540003107,106.36032,0.9094964861869812,0.3376856744289398,0.03208953142166138,0.04296875,0.06977211683988571,0.0,0.07954125106334686,1.634150505065918,3.8254306316375732,0.48125895857810974,0.0,20.0,0.0,0.0,20.0,0.0,20.0,0.32084862391153973,0.20314264297485352,2.8324381510416665,0.2709747552871704,0.020835503935813904,-0.07882768660783768
587,0.9976559379997525,106.36032,0.9248626828193665,0.3244551122188568,0.014750736765563488,0.0439453125,0.0714886412024498,0.0,0.07815384864807129,1.6812962293624878,3.892639636993408,0.47153040766716003,0.0,15.0,0.0,1.0,14.0,0.0,15.0,0.32145710786183673,0.20759612321853638,2.820556640625,0.27164427439371747,0.02080728734532992,-0.07886738330125809
588,1.0185408310003368,106.36032,0.9491138458251953,0.3116483986377716,0.03869733586907387,0.04296875,0.07441901415586472,0.0,0.07384899258613586,1.744933843612671,3.861029624938965,0.4601127505302429,0.0,16.0,0.0,0.0,16.0,0.0,16.0,0.3221476078033447,0.21258963644504547,2.7957763671875,0.27235426505406696,0.020950314899285633,-0.07714444398880005
589,1.0419482029997198,106.36032,0.964584231376648,0.30577677488327026,0.03189839422702789,0.04296875,0.07568921893835068,0.0,0.0712757483124733,1.8884317874908447,3.9816741943359375,0.4662247598171234,0.0,15.0,0.0,0.0,15.0,0.0,15.0,0.3219937284787496,0.21346895396709442,2.8136800130208335,0.2725302378336589,0.020989572008450825,-0.0771515965461731
590,1.0129590850001478,106.36032,0.9665464162826538,0.3069976568222046,0.1351093351840973,0.04296875,0.0755806565284729,0.0,0.07223804295063019,1.9527404308319092,4.134230613708496,0.4633505046367645,0.0,6.0,0.0,0.0,6.0,0.0,6.0,0.3218032916386922,0.21282006800174713,2.7843831380208335,0.2723471124966939,0.020997052391370136,-0.07721340656280518
591,1.0295254709999426,106.36032,0.9658371210098267,0.3169657588005066,0.017610056325793266,0.0419921875,0.07474815100431442,0.0,0.07455237209796906,1.886662483215332,4.635973930358887,0.47159048914909363,0.0,11.0,0.0,0.0,11.0,0.0,11.0,0.321510116259257,0.19820623099803925,2.7618408203125,0.27216482162475586,0.02092866102854411,-0.07731932401657104
592,1.07401310799969,106.36032,0.9692342281341553,0.33253687620162964,0.031100569292902946,0.0419921875,0.0746234655380249,0.0,0.07608458399772644,1.649065375328064,5.162012100219727,0.47428464889526367,0.0,7.0,0.0,0.0,7.0,0.0,7.0,0.32130662600199383,0.1974775642156601,2.7279459635416665,0.27183030049006146,0.020852938294410706,-0.07739806175231934
593,1.0786124639998889,106.36032,0.9760119318962097,0.3512222170829773,0.08281303197145462,0.0419921875,0.07507491111755371,0.0,0.07474906742572784,1.436594843864441,5.5348711013793945,0.47476089000701904,0.0,13.0,0.0,0.0,13.0,0.0,13.0,0.321072518825531,0.19898582994937897,2.7096354166666665,0.27175716559092206,0.02087233712275823,-0.07760518789291382
594,1.0691038770000887,106.36032,0.9928591251373291,0.36612480878829956,0.0936138927936554,0.0419921875,0.07673700898885727,0.0,0.07615351676940918,1.302623987197876,5.496896266937256,0.47725972533226013,0.0,8.0,0.0,0.0,8.0,0.0,8.0,0.32034460703531903,0.19867677986621857,2.7096354166666665,0.27090269327163696,0.02084396779537201,-0.07779467105865479
595,1.1102862879997701,106.36032,1.0034395456314087,0.3703702688217163,0.07748707383871078,0.041015625,0.07797420024871826,0.0,0.07679824531078339,1.2711846828460693,5.140174865722656,0.4775775372982025,0.0,8.0,0.0,0.0,8.0,0.0,8.0,0.3193429311116536,0.19733846187591553,2.6884358723958335,0.2700845003128052,0.020777776837348938,-0.07798492908477783
596,1.1230413879998196,106.36032,0.9936012029647827,0.3648727536201477,0.04568594694137573,0.041015625,0.07686948776245117,0.0,0.07853436470031738,1.4003639221191406,4.6744208335876465,0.491294801235199,0.0,18.0,0.0,0.0,18.0,0.0,18.0,0.31819605827331543,0.19718170166015625,2.7215983072916665,0.2691205342610677,0.020696898301442463,-0.07809942960739136
597,1.11490923700012,106.36032,0.9934040307998657,0.3426162600517273,0.022542793303728104,0.041015625,0.07728298753499985,0.0,0.07725465297698975,1.5087895393371582,4.2480573654174805,0.47900211811065674,0.0,14.0,0.0,0.0,14.0,0.0,14.0,0.3178526957829793,0.1963213086128235,2.7295328776041665,0.2688123385111491,0.020753849297761917,-0.07747822999954224
598,1.0808389520002493,106.36032,1.0053496360778809,0.31919366121292114,0.11158837378025055,0.041015625,0.07885530591011047,0.0,0.07754124701023102,1.6369884014129639,3.924314260482788,0.4757136106491089,0.0,9.0,0.0,0.0,9.0,0.0,9.0,0.31793808937072754,0.19462814927101135,2.7550455729166665,0.2686634262402852,0.02086358020702998,-0.07761919498443604
599,1.1031255719999535,106.36032,1.0570074319839478,0.2986723780632019,0.05236511677503586,0.0400390625,0.08374632894992828,0.0,0.07979217171669006,1.7933919429779053,4.007880210876465,0.4840843081474304,0.0,16.0,0.0,0.0,16.0,0.0,16.0,0.31818334261576336,0.18986879289150238,2.7655029296875,0.26885877052942914,0.020896288255850475,-0.07745712995529175
600,1.0967910219997066,106.36032,1.0604153871536255,0.2916703224182129,0.07671601325273514,0.0400390625,0.08375253528356552,0.0,0.08274146169424057,1.9680073261260986,4.159314155578613,0.489663302898407,0.0,10.0,0.0,0.0,10.0,0.0,10.0,0.3187970519065857,0.19085216522216797,2.7791341145833335,0.2696401874224345,0.020916998386383057,-0.07745569944381714
601,1.0932806169998912,106.36032,1.0499436855316162,0.2959378957748413,0.0791204497218132,0.0400390625,0.08205005526542664,0.0,0.08524507284164429,2.130159378051758,4.446355819702148,0.5048649311065674,0.0,13.0,0.0,0.0,13.0,0.0,13.0,0.31944912672042847,0.19633685052394867,2.7365315755208335,0.27080104748408,0.02099098265171051,-0.07781440019607544
602,1.1149632760002532,106.36032,1.0380009412765503,0.3098028302192688,0.029330190271139145,0.0400390625,0.0795426219701767,0.0,0.08821438252925873,2.1808018684387207,5.0621232986450195,0.5504904985427856,0.0,12.0,0.0,0.0,12.0,0.0,12.0,0.3201133410135905,0.2005821317434311,2.7045084635416665,0.27180341879526776,0.021014074484507244,-0.07781946659088135
603,1.1866619590000482,106.36032,1.0727242231369019,0.3223814368247986,0.04788362979888916,0.0400390625,0.08244986832141876,0.0,0.09149520099163055,2.0952017307281494,5.509265899658203,0.5549768805503845,0.0,13.0,0.0,0.0,13.0,0.0,13.0,0.3203232487042745,0.20278926193714142,2.6337483723958335,0.2721162835756938,0.020975703994433086,-0.07786327600479126
604,1.2050176969996755,106.36032,1.086726188659668,0.3333977460861206,0.06981413066387177,0.0400390625,0.08374293893575668,0.0,0.09248125553131104,1.8377008438110352,5.661821365356445,0.5663710832595825,0.0,17.0,0.0,0.0,17.0,0.0,17.0,0.31982765595118207,0.2068052887916565,2.6126302083333335,0.27160394191741943,0.0209792157014211,-0.07792788743972778
605,1.1571796620000896,106.36032,1.1164709329605103,0.3330613672733307,0.056257639080286026,0.0380859375,0.08671487867832184,0.0,0.09213914722204208,1.5594701766967773,5.576485633850098,0.5979315638542175,0.0,20.0,0.0,0.0,20.0,0.0,20.0,0.31940197944641113,0.2075154036283493,2.6319173177083335,0.2708208958307902,0.020869019130865734,-0.07798057794570923
606,1.0621928109999317,106.36032,1.0910636186599731,0.33913666009902954,0.056972235441207886,0.037109375,0.08477838337421417,0.0,0.09066644310951233,1.4023003578186035,5.275059700012207,0.5748032927513123,0.0,16.0,0.0,0.0,16.0,0.0,16.0,0.31869081656138104,0.2018992304801941,2.6752115885416665,0.2703072428703308,0.02076626444856326,-0.07802987098693848
607,1.0472825269998793,106.36032,1.069372534751892,0.3396601676940918,0.01672224886715412,0.037109375,0.08298803865909576,0.0,0.09362392127513885,1.3545516729354858,4.7165937423706055,0.5685308575630188,0.0,11.0,0.0,0.0,11.0,0.0,11.0,0.31814096371332806,0.20295917987823486,2.6445719401041665,0.26984808842341107,0.02075553685426712,-0.0780872106552124
608,1.0595836330003294,106.36032,1.0420289039611816,0.3325042724609375,0.04300732538104057,0.037109375,0.08029844611883163,0.0,0.09770998358726501,1.4145807027816772,4.19240665435791,0.5785036087036133,0.0,13.0,0.0,0.0,13.0,0.0,13.0,0.31748239199320477,0.2042650431394577,2.6240234375,0.26903122663497925,0.020779702812433243,-0.07813096046447754
609,1.0728932540000642,106.36032,1.0774260759353638,0.31438976526260376,0.03491925448179245,0.0361328125,0.08388116955757141,0.0,0.09875604510307312,1.537553071975708,4.036581516265869,0.5743792057037354,0.0,20.0,0.0,0.0,20.0,0.0,20.0,0.31689061721165973,0.19345121085643768,2.6648763020833335,0.2689269383748372,0.02089642733335495,-0.07816696166992188
610,1.0963850220000495,106.36032,1.0875439643859863,0.30361422896385193,0.011936750262975693,0.0361328125,0.0850687026977539,0.0,0.09786593914031982,1.7871828079223633,4.016012668609619,0.5533854961395264,0.0,21.0,0.0,0.0,21.0,0.0,21.0,0.3170904318491618,0.19050495326519012,2.7051188151041665,0.2692950169245402,0.020824657132228214,-0.07817423343658447
611,1.0902511889999005,106.36032,1.0474166870117188,0.3033357262611389,0.042259763926267624,0.0361328125,0.08128057420253754,0.0,0.09684444963932037,2.019537925720215,3.9166011810302734,0.5540407299995422,0.0,19.0,0.0,0.0,19.0,0.0,19.0,0.31776092449824017,0.18902690708637238,2.7421875,0.2698906660079956,0.020824252317349117,-0.07805097103118896
612,1.0662590759998238,106.36032,1.046987771987915,0.30194664001464844,0.08539113402366638,0.0361328125,0.08083916455507278,0.0,0.10107888281345367,2.097459316253662,3.989772319793701,0.5660130381584167,0.0,17.0,0.0,0.0,17.0,0.0,17.0,0.3181404670079549,0.18795886635780334,2.7765299479166665,0.2700873017311096,0.02083360900481542,-0.07782882452011108
613,1.0533589859996937,106.36032,1.0396946668624878,0.3076738119125366,0.018058497458696365,0.0341796875,0.07962802052497864,0.0,0.09817995876073837,1.9968723058700562,4.3507585525512695,0.61021488904953,0.0,27.0,0.0,0.0,27.0,0.0,27.0,0.3192638158798218,0.20092487335205078,2.7670491536458335,0.27138129870096844,0.020816824088493984,-0.07778018712997437
614,1.1076067409999268,106.36032,1.027126431465149,0.3179442882537842,0.02265680953860283,0.033203125,0.078733891248703,0.0,0.09284739196300507,1.8033511638641357,4.495150089263916,0.6113672256469727,0.0,32.0,0.0,0.0,32.0,0.0,32.0,0.32036592562993366,0.19938568770885468,2.7172444661458335,0.27271368106206256,0.02098184327284495,-0.07800322771072388
615,1.0934572890000709,106.36032,1.0196998119354248,0.3283548951148987,0.02766988053917885,0.033203125,0.07857272028923035,0.0,0.08696605265140533,1.6203701496124268,4.520384788513184,0.5938591361045837,0.0,17.0,0.0,0.0,17.0,0.0,17.0,0.3210410277048747,0.20010052621364594,2.6931559244791665,0.2731672525405884,0.02110150456428528,-0.07814151048660278
616,1.0595867910001289,106.36032,0.9964637160301208,0.33802735805511475,0.02921580709517002,0.033203125,0.0771021693944931,0.0,0.08184557408094406,1.4568002223968506,4.420257568359375,0.5636932849884033,0.0,21.0,0.0,0.0,21.0,0.0,21.0,0.3211344877878825,0.21102558076381683,2.7244466145833335,0.27326242129007977,0.021023040016492207,-0.07816922664642334
617,1.0123855819997516,106.36032,1.0138980150222778,0.33975499868392944,0.03418038412928581,0.033203125,0.07928928732872009,0.0,0.08012289553880692,1.335017204284668,4.2571120262146,0.5585324168205261,0.0,12.0,0.0,0.0,12.0,0.0,12.0,0.32076505819956463,0.19961068034172058,2.7528076171875,0.27298998832702637,0.020938389003276825,-0.0780031681060791
618,1.0305503459999272,106.36032,0.9945059418678284,0.3454796373844147,0.02051185443997383,0.0322265625,0.0775696262717247,0.0,0.08192723989486694,1.3243718147277832,3.999940872192383,0.5519956350326538,0.0,14.0,0.0,0.0,14.0,0.0,14.0,0.3203873833020528,0.20053128898143768,2.7777099609375,0.2726591229438782,0.02081938957174619,-0.07784408330917358
619,1.088815041000089,106.36032,0.9412994980812073,0.34990519285202026,0.012554973363876343,0.03125,0.07247919589281082,0.0,0.07865546643733978,1.3133058547973633,3.8476223945617676,0.5532743334770203,0.0,18.0,1.0,0.0,19.0,0.0,18.0,0.3205360174179077,0.20333965122699738,2.80029296875,0.27288095156351727,0.020891080300013225,-0.07766145467758179
620,1.0861696130000382,106.36032,0.9075161218643188,0.3486051857471466,0.032197386026382446,0.03125,0.06918171793222427,0.0,0.0811053141951561,1.3645200729370117,3.7015738487243652,0.5369672179222107,0.0,11.0,0.0,0.0,11.0,0.0,11.0,0.32044148445129395,0.20008429884910583,2.7907307942708335,0.27292561531066895,0.020999846359093983,-0.0774884819984436
621,1.0673340900002586,106.36032,0.9073041677474976,0.3384745717048645,0.029551226645708084,0.03125,0.06943482160568237,0.0,0.08013948798179626,1.4216315746307373,3.6817469596862793,0.5149905681610107,0.0,13.0,0.0,0.0,13.0,0.0,13.0,0.32081812620162964,0.19684797525405884,2.7939860026041665,0.2731210192044576,0.021130278706550598,-0.07733875513076782
622,1.0549805890000243,106.36032,0.8970105051994324,0.33424460887908936,0.020998891443014145,0.0302734375,0.06852132827043533,0.0,0.0786285400390625,1.6055717468261719,3.8567826747894287,0.4952246844768524,0.0,16.0,1.0,0.0,17.0,0.0,16.0,0.32131703694661456,0.1979949176311493,2.8048095703125,0.27360300223032635,0.021252408623695374,-0.07736319303512573
623,1.0449947189999875,106.36032,0.9009687304496765,0.3301655054092407,0.06835160404443741,0.0302734375,0.06903218477964401,0.0,0.07869821041822433,1.7429513931274414,3.9414632320404053,0.4805854260921478,0.0,7.0,0.0,0.0,7.0,0.0,7.0,0.3216140866279602,0.19964450597763062,2.8028157552083335,0.27401743332544964,0.021305402119954426,-0.07742226123809814
624,1.0485828240002775,106.36032,0.9292696714401245,0.32553815841674805,0.011493777856230736,0.0302734375,0.0713905617594719,0.0,0.08105101436376572,1.7503409385681152,4.142506122589111,0.4903509318828583,0.0,13.0,0.0,0.0,13.0,0.0,13.0,0.3215892513593038,0.20186612010002136,2.823974609375,0.27395719289779663,0.021282280484835308,-0.07751548290252686
625,1.0230877270000747,106.36032,0.9347292184829712,0.327894389629364,0.021587364375591278,0.0302734375,0.07157109677791595,0.0,0.08105607330799103,1.7092947959899902,4.379856109619141,0.49968239665031433,0.0,16.0,0.0,0.0,16.0,0.0,16.0,0.321879764397939,0.20570796728134155,2.8017171223958335,0.2742747863133748,0.021298622091611225,-0.0773971676826477
626,1.039255920999949,106.36032,0.9316968321800232,0.3346492350101471,0.01338100153952837,0.0302734375,0.07134412229061127,0.0,0.07775172591209412,1.5925778150558472,4.5405144691467285,0.5017911195755005,0.0,12.0,0.0,0.0,12.0,0.0,12.0,0.32222841183344525,0.20721687376499176,2.7639973958333335,0.2746405601501465,0.021346062421798706,-0.07749569416046143
627,1.0626717819995974,106.36032,0.948940098285675,0.33624544739723206,0.013625322841107845,0.03125,0.07330836355686188,0.0,0.07504544407129288,1.5014569759368896,4.5600175857543945,0.49726641178131104,0.0,15.0,0.0,1.0,14.0,0.0,15.0,0.322152058283488,0.20198263227939606,2.7161458333333335,0.274746040503184,0.021322088936964672,-0.07748973369598389
628,1.1517288919999373,106.36032,0.958938479423523,0.33746838569641113,0.02062492072582245,0.0302734375,0.07425658404827118,0.0,0.07405927777290344,1.454978346824646,4.630805015563965,0.4950657784938812,0.0,11.0,0.0,0.0,11.0,0.0,11.0,0.32189621527989704,0.19574744999408722,2.7461344401041665,0.27436019976933795,0.02129863699277242,-0.07737600803375244
629,1.0500357079999958,106.36032,0.9448150992393494,0.34150561690330505,0.030773725360631943,0.0302734375,0.07286295294761658,0.0,0.07401151210069656,1.4246037006378174,4.658831596374512,0.4969041347503662,0.0,14.0,0.0,0.0,14.0,0.0,14.0,0.32170234123865765,0.19519920647144318,2.7760823567708335,0.2741160790125529,0.021214410662651062,-0.07732218503952026
630,1.0481943889999457,106.36032,0.9440819621086121,0.3407967686653137,0.012498093768954277,0.0302734375,0.07298974692821503,0.0,0.07447279244661331,1.3772491216659546,4.489230155944824,0.49615368247032166,0.0,9.0,0.0,0.0,9.0,0.0,9.0,0.32106441259384155,0.19613729417324066,2.750244140625,0.27382731437683105,0.021260087688763935,-0.07738441228866577
631,1.0368097460000172,106.36032,0.9582026600837708,0.3360949158668518,0.011602283455431461,0.0302734375,0.07413424551486969,0.0,0.0755709633231163,1.3730449676513672,4.432283401489258,0.5003402233123779,0.0,12.0,0.0,0.0,12.0,0.0,12.0,0.3204492727915446,0.19621191918849945,2.7880045572916665,0.27326685190200806,0.021191641688346863,-0.0774388313293457
632,1.0237626009998166,106.36032,0.9456880688667297,0.33349183201789856,0.022262809798121452,0.0302734375,0.07291920483112335,0.0,0.07588861137628555,1.4028438329696655,4.403718948364258,0.4842801094055176,0.0,15.0,0.0,0.0,15.0,0.0,15.0,0.32027117411295575,0.20756477117538452,2.806884765625,0.2729150652885437,0.02118029197057088,-0.07706016302108765
633,1.0195253859997138,106.36032,0.9362815618515015,0.333733469247818,0.008822405710816383,0.0302734375,0.07205520570278168,0.0,0.07615296542644501,1.440173864364624,4.396307945251465,0.48050087690353394,0.0,10.0,0.0,0.0,10.0,0.0,10.0,0.3203766942024231,0.197269469499588,2.7991536458333335,0.2731863657633464,0.021230831742286682,-0.07710891962051392
634,1.0324884619999466,106.36032,0.9350317716598511,0.33019113540649414,0.04879051074385643,0.0302734375,0.07226894050836563,0.0,0.07374228537082672,1.4795764684677124,4.274946689605713,0.4678311049938202,0.0,14.0,0.0,0.0,14.0,0.0,14.0,0.32056963443756104,0.18602254986763,2.7845865885416665,0.2733362913131714,0.021296319862206776,-0.0772627592086792
635,1.0182455249996565,106.36032,0.9427324533462524,0.33063971996307373,0.008626372553408146,0.0302734375,0.07274693250656128,0.0,0.07604595273733139,1.57047438621521,4.459313869476318,0.46017107367515564,0.0,11.0,0.0,0.0,11.0,0.0,11.0,0.3202834924062093,0.1855686902999878,2.8424072265625,0.2731233239173889,0.02123267948627472,-0.07745236158370972
636,1.0613241420001032,106.36032,0.9405357837677002,0.334337443113327,0.010547914542257786,0.03125,0.07247360050678253,0.0,0.076693594455719,1.6097973585128784,4.587666034698486,0.4597548246383667,0.0,12.0,0.0,1.0,11.0,0.0,12.0,0.32033727566401166,0.18850547075271606,2.8267822265625,0.27317847808202106,0.02123955140511195,-0.07753419876098633
637,1.0703027819999988,106.36032,0.9531669020652771,0.3322925567626953,0.012680656276643276,0.03125,0.07373688369989395,0.0,0.07686737179756165,1.5839093923568726,4.502865314483643,0.4703408181667328,0.0,14.0,0.0,0.0,14.0,0.0,14.0,0.3204451600710551,0.19378378987312317,2.8147786458333335,0.27341534694035846,0.02115606019894282,-0.07757705450057983
638,1.0791880099995979,106.36032,0.9322212934494019,0.3365452289581299,0.02104209177196026,0.0322265625,0.07149189710617065,0.0,0.07754328101873398,1.570844054222107,4.494541645050049,0.4700952470302582,0.0,13.0,0.0,1.0,12.0,0.0,13.0,0.32051074504852295,0.201327383518219,2.8295084635416665,0.2735742727915446,0.02117481331030528,-0.07762974500656128
639,1.0677864179997414,106.36032,0.9063527584075928,0.33937910199165344,0.008612500503659248,0.0322265625,0.06907686591148376,0.0,0.07823224365711212,1.5435049533843994,4.354288101196289,0.47568756341934204,0.0,14.0,0.0,0.0,14.0,0.0,14.0,0.32091710964838666,0.215510755777359,2.8221842447916665,0.27417927980422974,0.021233479181925457,-0.07772159576416016
640,1.0784574889999021,106.36032,0.8913978338241577,0.3401401937007904,0.02143014408648014,0.0322265625,0.06798669695854187,0.0,0.07715095579624176,1.484248161315918,4.246039867401123,0.46884775161743164,0.0,14.0,0.0,0.0,14.0,0.0,14.0,0.3215210239092509,0.2068955898284912,2.7985026041666665,0.27484947443008423,0.021312708655993145,-0.07785499095916748
641,1.0568874689997756,106.36032,0.9028376340866089,0.33942756056785583,0.008243726566433907,0.0322265625,0.06897696852684021,0.0,0.07599156349897385,1.4535741806030273,4.320056915283203,0.49286532402038574,0.0,19.0,0.0,0.0,19.0,0.0,19.0,0.3217560450236003,0.20092928409576416,2.8111165364583335,0.27513784170150757,0.021274638672669727,-0.07805347442626953
642,1.1047806149999815,106.36032,0.9026347398757935,0.3388664722442627,0.011343239806592464,0.0322265625,0.06945745646953583,0.0,0.07016400992870331,1.413251280784607,4.365310192108154,0.4839858412742615,0.0,20.0,0.0,0.0,20.0,0.0,20.0,0.3223683039347331,0.20151183009147644,2.8127034505208335,0.27576613426208496,0.02121805151303609,-0.07781463861465454
643,1.1521856329995899,106.36032,0.8712823987007141,0.3420945405960083,0.011028886772692204,0.0322265625,0.06675686687231064,0.0,0.06796946376562119,1.4373277425765991,4.2521891593933105,0.46964001655578613,0.0,10.0,0.0,0.0,10.0,0.0,10.0,0.3223440647125244,0.2021295428276062,2.8147786458333335,0.27567799886067706,0.021186478435993195,-0.077545166015625
644,1.0592376409999815,106.36032,0.849615752696991,0.3449764847755432,0.018002241849899292,0.0322265625,0.06465641409158707,0.0,0.06536915898323059,1.4621995687484741,4.189770221710205,0.4572969675064087,0.0,14.0,0.0,0.0,14.0,0.0,14.0,0.32198504606882733,0.1993357539176941,2.8451334635416665,0.2751311659812927,0.02120928466320038,-0.07804501056671143
645,1.0448504730002242,106.36032,0.8594815731048584,0.3457714319229126,0.019486282020807266,0.0322265625,0.06545419991016388,0.0,0.0647987350821495,1.5062317848205566,4.185459136962891,0.4623732566833496,0.0,11.0,0.0,0.0,11.0,0.0,11.0,0.32144878307978314,0.19933849573135376,2.8728434244791665,0.2746334473292033,0.021238014101982117,-0.07794409990310669
646,1.032991481999943,106.36032,0.8634037971496582,0.34321609139442444,0.0648864209651947,0.0322265625,0.06616028398275375,0.0,0.06367035955190659,1.5037317276000977,4.13942289352417,0.4461948871612549,0.0,8.0,0.0,0.0,8.0,0.0,8.0,0.3212735851605733,0.2004503607749939,2.8499348958333335,0.27449198563893634,0.02120792120695114,-0.07795029878616333
647,1.0289208620001773,106.36032,0.8544154167175293,0.34704381227493286,0.044829197227954865,0.0322265625,0.06505881249904633,0.0,0.06437890231609344,1.546641230583191,4.317906856536865,0.4396350085735321,0.0,11.0,0.0,0.0,11.0,0.0,11.0,0.32144226630528766,0.19776350259780884,2.8523356119791665,0.2747114896774292,0.02117903282245,-0.07815062999725342
648,1.0194279510001252,106.36032,0.8357216715812683,0.35567978024482727,0.021970734000205994,0.0322265625,0.06340151280164719,0.0,0.06313511729240417,1.6057851314544678,4.441890239715576,0.41909489035606384,0.0,9.0,0.0,0.0,9.0,0.0,9.0,0.32232195138931274,0.18918031454086304,2.8421630859375,0.2752484083175659,0.021100218097368877,-0.07820230722427368
649,1.0533637899998212,106.36032,0.8483510613441467,0.35731086134910583,0.029648639261722565,0.0322265625,0.06443499028682709,0.0,0.06582620739936829,1.637821912765503,4.463401794433594,0.43278440833091736,0.0,9.0,0.0,0.0,9.0,0.0,9.0,0.32266982396443683,0.1890740990638733,2.8034261067708335,0.27529189984003705,0.0210322563846906,-0.0775679349899292
650,1.0447681780001403,106.36032,0.8765817284584045,0.3501996695995331,0.00980797316879034,0.0322265625,0.06726868450641632,0.0,0.06677784025669098,1.5621488094329834,4.338592529296875,0.4392709732055664,0.0,11.0,0.0,0.0,11.0,0.0,11.0,0.3222850163777669,0.19117653369903564,2.794189453125,0.2750661373138428,0.021114120880762737,-0.07819145917892456
651,1.1294408250000743,106.36032,0.8763325810432434,0.34470197558403015,0.021994464099407196,0.0322265625,0.06731877475976944,0.0,0.0665087029337883,1.518958330154419,4.366115093231201,0.4297308325767517,0.0,11.0,0.0,0.0,11.0,0.0,11.0,0.32238688071568805,0.19662144780158997,2.8384195963541665,0.27499083677927655,0.02106480300426483,-0.07796281576156616
652,1.1658916110000064,106.36032,0.8598189949989319,0.3450462818145752,0.01662050001323223,0.0322265625,0.06541375070810318,0.0,0.06807327270507812,1.5024127960205078,4.4210357666015625,0.4511120319366455,0.0,10.0,0.0,0.0,10.0,0.0,10.0,0.32305641969045,0.20285959541797638,2.8074137369791665,0.2754435141881307,0.02110448231299718,-0.07777303457260132
653,1.0994142120002834,106.36032,0.8874474167823792,0.33980220556259155,0.014600689522922039,0.0322265625,0.068184033036232,0.0,0.06853020191192627,1.4764313697814941,4.483367443084717,0.4586280584335327,0.0,12.0,0.0,0.0,12.0,0.0,12.0,0.32346808910369873,0.20465953648090363,2.7505696614583335,0.2758413553237915,0.02112390100955963,-0.07762724161148071
654,1.0747395819998928,106.36032,0.8993737697601318,0.33476847410202026,0.020223181694746017,0.0322265625,0.06926143914461136,0.0,0.06746542453765869,1.4998477697372437,4.586318016052246,0.4571208357810974,0.0,9.0,0.0,0.0,9.0,0.0,9.0,0.3234326442082723,0.203323632478714,2.7670084635416665,0.27601973215738934,0.021163043876489002,-0.07748651504516602
655,1.121002284000042,106.36032,0.908804178237915,0.3337019681930542,0.025341516360640526,0.0322265625,0.06991397589445114,0.0,0.06811045110225677,1.568664312362671,4.756139278411865,0.4605982303619385,0.0,11.0,0.0,0.0,11.0,0.0,11.0,0.32308735450108844,0.2031005322933197,2.7552490234375,0.2757981022198995,0.021172915895779926,-0.07742559909820557
656,1.1097140199999558,106.36032,0.9432408809661865,0.3303104341030121,0.03169690817594528,0.0322265625,0.07319339364767075,0.0,0.07093068957328796,1.6104329824447632,4.690033912658691,0.4540294110774994,0.0,7.0,0.0,0.0,7.0,0.0,7.0,0.32254958152770996,0.20644040405750275,2.7283935546875,0.2752910256385803,0.021227421859900158,-0.07745957374572754
657,1.0616391550001936,106.36032,0.9509109258651733,0.33016353845596313,0.008533933199942112,0.0302734375,0.07344000041484833,0.0,0.07277276366949081,1.6165008544921875,4.720180034637451,0.46440207958221436,0.0,10.0,0.0,0.0,10.0,0.0,10.0,0.3218348224957784,0.2037244290113449,2.7981363932291665,0.2747248411178589,0.02124739686648051,-0.07744109630584717
658,1.0622478639998008,106.36032,0.9553267955780029,0.3317485749721527,0.039558302611112595,0.029296875,0.07373702526092529,0.0,0.0746789202094078,1.554128646850586,4.840851783752441,0.4599689841270447,0.0,11.0,0.0,0.0,11.0,0.0,11.0,0.3217935959498088,0.19352683424949646,2.8237711588541665,0.27454038461049396,0.021166617671648662,-0.07737725973129272
659,1.0962092589998065,106.36032,0.9696844816207886,0.33060017228126526,0.04062837362289429,0.029296875,0.07556943595409393,0.0,0.07569825649261475,1.4349381923675537,4.798174858093262,0.4434608221054077,0.0,8.0,0.0,0.0,8.0,0.0,8.0,0.3223418593406677,0.18062368035316467,2.7567138671875,0.27507015069325763,0.021143871049086254,-0.07732564210891724
660,1.0676792459998978,106.36032,0.9921451807022095,0.3276672959327698,0.017463261261582375,0.029296875,0.0779028832912445,0.0,0.07573442906141281,1.393218994140625,4.473351955413818,0.467146635055542,0.0,15.0,0.0,0.0,15.0,0.0,15.0,0.32219324509302777,0.1783316731452942,2.7373453776041665,0.27511008580525714,0.021155384679635365,-0.0773434042930603
661,1.0655842880000819,106.36032,0.9930638670921326,0.3210304081439972,0.011710835620760918,0.029296875,0.07831193506717682,0.0,0.07313654571771622,1.3899520635604858,4.308171272277832,0.455863893032074,0.0,15.0,0.0,0.0,15.0,0.0,15.0,0.32131457328796387,0.1793612837791443,2.7840983072916665,0.2747892737388611,0.021236851811408997,-0.07737761735916138
662,1.0422619669998312,106.36032,0.9864883422851562,0.3146267533302307,0.07893459498882294,0.029296875,0.07783544063568115,0.0,0.07209353148937225,1.4132574796676636,4.18074893951416,0.4672648310661316,0.0,10.0,0.0,0.0,10.0,0.0,10.0,0.320724884668986,0.18490070104599,2.8057047526041665,0.27459128697713214,0.0211675763130188,-0.07744491100311279
663,0.9776058219999868,106.36032,0.9889779686927795,0.311400830745697,0.038216110318899155,0.0283203125,0.07795924693346024,0.0,0.07267870008945465,1.432021141052246,4.25309944152832,0.4703608453273773,0.0,10.0,0.0,0.0,10.0,0.0,10.0,0.32087190945943195,0.1901872456073761,2.8048909505208335,0.274677038192749,0.02120355765024821,-0.07753616571426392
664,0.9963561879999361,106.36032,0.9978671073913574,0.3183249533176422,0.05440588295459747,0.0283203125,0.07830701768398285,0.0,0.07381856441497803,1.515970230102539,4.583932876586914,0.48229068517684937,0.0,9.0,0.0,0.0,9.0,0.0,9.0,0.3215053677558899,0.19609808921813965,2.8052978515625,0.27494386831919354,0.02120062957207362,-0.0774117112159729
665,1.0933573690003868,106.36032,1.0046857595443726,0.32701629400253296,0.04517276957631111,0.0283203125,0.07863976061344147,0.0,0.07158809900283813,1.5490608215332031,5.117535591125488,0.4780067801475525,0.0,13.0,0.0,0.0,13.0,0.0,13.0,0.32218803962071735,0.196040540933609,2.7572021484375,0.275619904200236,0.02111637343962987,-0.07740271091461182
666,1.0609341309996125,106.36032,0.9852842092514038,0.3414759933948517,0.05643025040626526,0.0283203125,0.07618992030620575,0.0,0.0718751773238182,1.5271244049072266,5.161431312561035,0.5111491084098816,0.0,12.0,0.0,0.0,12.0,0.0,12.0,0.3221246401468913,0.19663101434707642,2.7441813151041665,0.27560263872146606,0.021067969501018524,-0.07752889394760132
667,1.0424098130001767,106.36032,0.9383488297462463,0.35463133454322815,0.06287336349487305,0.0283203125,0.07217348366975784,0.0,0.0673544704914093,1.4679335355758667,4.961841583251953,0.4868250787258148,0.0,12.0,0.0,0.0,12.0,0.0,12.0,0.32200366258621216,0.200919970870018,2.760009765625,0.27562810977300006,0.021078668534755707,-0.07742094993591309
668,1.053273992999948,106.36032,0.9104270935058594,0.36165982484817505,0.037905771285295486,0.0283203125,0.06940431892871857,0.0,0.06924620270729065,1.4669655561447144,4.717069149017334,0.4967929720878601,0.0,7.0,0.0,0.0,7.0,0.0,7.0,0.32131661971410114,0.20099161565303802,2.7810465494791665,0.2748013337453206,0.021096403400103252,-0.07742935419082642
669,1.050053485999797,106.36032,0.9140745401382446,0.357401967048645,0.021846065297722816,0.0283203125,0.07002905756235123,0.0,0.07206416130065918,1.4855507612228394,4.417869567871094,0.487641304731369,0.0,7.0,0.0,0.0,7.0,0.0,7.0,0.320840318997701,0.20029129087924957,2.774169921875,0.2743860085805257,0.021228256324927013,-0.07744663953781128
670,1.0128771079998842,106.36032,0.9096095561981201,0.3488483428955078,0.015879441052675247,0.0283203125,0.06955087184906006,0.0,0.07354310154914856,1.519945502281189,4.249823093414307,0.4927537441253662,0.0,10.0,0.0,0.0,10.0,0.0,10.0,0.320620059967041,0.20117199420928955,2.7828369140625,0.27436864376068115,0.021176767845948536,-0.07746249437332153
671,1.0306438890002028,106.36032,0.9317640066146851,0.33597278594970703,0.015371902845799923,0.0283203125,0.07175764441490173,0.0,0.07612819224596024,1.5695233345031738,4.21238374710083,0.48919248580932617,0.0,9.0,0.0,0.0,9.0,0.0,9.0,0.32097403208414715,0.20914822816848755,2.7596435546875,0.274616817633311,0.021254196763038635,-0.07749682664871216
672,1.0394362719998753,106.36032,0.9691413044929504,0.31911197304725647,0.03818514198064804,0.0263671875,0.07542111724615097,0.0,0.07868672907352448,1.617516279220581,4.15695333480835,0.4893761873245239,0.0,11.0,0.0,0.0,11.0,0.0,11.0,0.3212816119194031,0.20595195889472961,2.719970703125,0.2750367720921834,0.02116408447424571,-0.07754266262054443
673,1.1480712530001256,106.36032,1.0220156908035278,0.3026747703552246,0.09545495361089706,0.0263671875,0.08053941279649734,0.0,0.08089382946491241,1.6830533742904663,4.128545761108398,0.48041534423828125,0.0,7.0,0.0,0.0,7.0,0.0,7.0,0.32116858164469403,0.19255563616752625,2.700927734375,0.2750978271166484,0.021164027353127796,-0.07762622833251953
674,1.1383565660003114,106.36032,1.0449880361557007,0.2973209321498871,0.06849672645330429,0.0263671875,0.08206282556056976,0.0,0.08332620561122894,1.7566941976547241,4.464225769042969,0.5026485919952393,0.0,11.0,0.0,0.0,11.0,0.0,11.0,0.3209461768468221,0.18552908301353455,2.7193603515625,0.2749604781468709,0.021087085207303364,-0.0777406096458435
675,1.1102765739997267,106.36032,1.0207831859588623,0.3099530339241028,0.02561774291098118,0.0263671875,0.07909908890724182,0.0,0.08334991335868835,1.8165839910507202,4.933621406555176,0.5113798975944519,0.0,9.0,0.0,0.0,9.0,0.0,9.0,0.3212834397951762,0.18533962965011597,2.700927734375,0.2749154170354207,0.021085470914840698,-0.07757264375686646
676,0.9978368309998586,106.36032,1.0164977312088013,0.32613664865493774,0.05399411544203758,0.0263671875,0.0783001184463501,0.0,0.08490906655788422,1.7536380290985107,5.103385925292969,0.5122742056846619,0.0,9.0,0.0,0.0,9.0,0.0,9.0,0.3207404812177022,0.18768441677093506,2.6767578125,0.27418047189712524,0.02111373096704483,-0.07757288217544556
677,1.0023187510000753,106.36032,1.03359055519104,0.33766067028045654,0.051050711423158646,0.0263671875,0.079762302339077,0.0,0.08385510742664337,1.5820335149765015,5.163374900817871,0.5374780297279358,0.0,14.0,0.0,0.0,14.0,0.0,14.0,0.3198391596476237,0.193606436252594,2.699462890625,0.2732636332511902,0.02108683188756307,-0.07772505283355713
678,1.0690763759998845,106.36032,1.052872657775879,0.3436792492866516,0.03925928846001625,0.0263671875,0.08153596520423889,0.0,0.08468472212553024,1.4615552425384521,5.0640082359313965,0.5623726844787598,0.0,10.0,0.0,0.0,10.0,0.0,10.0,0.3186412851015727,0.1819319874048233,2.7099202473958335,0.27211421728134155,0.02115296572446823,-0.07768100500106812
679,1.1061762290000843,106.36032,1.084464192390442,0.3398922085762024,0.03661604970693588,0.0263671875,0.08468405902385712,0.0,0.08656644076108932,1.4079792499542236,4.803428649902344,0.5769439935684204,0.0,10.0,0.0,0.0,10.0,0.0,10.0,0.3178308407465617,0.18125832080841064,2.7184651692708335,0.2712520758310954,0.021211964388688404,-0.0777134895324707
680,1.1280084190002526,106.36032,1.085211992263794,0.3320772051811218,0.019101876765489578,0.0263671875,0.08502893894910812,0.0,0.08403309434652328,1.4110667705535889,4.4807281494140625,0.5890529155731201,0.0,20.0,0.0,0.0,20.0,0.0,20.0,0.31769678990046185,0.18271607160568237,2.7318115234375,0.27129505077997845,0.021299049258232117,-0.07779574394226074
681,1.0435963820000325,106.36032,1.084256887435913,0.3231954276561737,0.05404224246740341,0.0263671875,0.08567531406879425,0.0,0.08230584114789963,1.4484574794769287,4.192378044128418,0.5580421090126038,0.0,13.0,0.0,0.0,13.0,0.0,13.0,0.3177185654640198,0.18494276702404022,2.7497965494791665,0.2714720567067464,0.021263842781384785,-0.07781976461410522
682,1.0645871140000054,106.36032,1.0496573448181152,0.3170960545539856,0.0868757963180542,0.0263671875,0.0825798362493515,0.0,0.08210327476263046,1.5288242101669312,4.06205940246582,0.5363173484802246,0.0,12.0,0.0,0.0,12.0,0.0,12.0,0.31781303882598877,0.1884218007326126,2.7576497395833335,0.2716730833053589,0.021227074166138966,-0.07750016450881958
683,1.012302831999932,106.36032,1.0404253005981445,0.31453242897987366,0.0114623187109828,0.025390625,0.08123986423015594,0.0,0.0818827897310257,1.6532151699066162,4.241305828094482,0.5478459596633911,0.0,14.0,0.0,0.0,14.0,0.0,14.0,0.31789525349934894,0.1943182647228241,2.7867431640625,0.2718987266222636,0.021219501892725628,-0.07776123285293579
684,1.069766680000157,106.36032,1.045864224433899,0.3143695592880249,0.02766706421971321,0.025390625,0.08175469934940338,0.0,0.08110533654689789,1.7730039358139038,4.412536144256592,0.5367724299430847,0.0,15.0,0.0,0.0,15.0,0.0,15.0,0.3183262546857198,0.19887219369411469,2.7850341796875,0.2723897695541382,0.021285712718963623,-0.07768869400024414
685,1.096240513000339,106.36032,1.0428813695907593,0.3195570707321167,0.034128375351428986,0.0244140625,0.0814371407032013,0.0,0.07857196778059006,1.8426326513290405,4.644014835357666,0.5344375371932983,0.0,15.0,0.0,0.0,15.0,0.0,15.0,0.31927305459976196,0.1986604481935501,2.7635498046875,0.27343300978342694,0.02126989761988322,-0.07755470275878906
686,1.0643594090001898,106.36032,1.032631754875183,0.3273867964744568,0.0315602645277977,0.0244140625,0.08044671267271042,0.0,0.0788133516907692,1.7771975994110107,4.681128978729248,0.5286387205123901,0.0,10.0,0.0,0.0,10.0,0.0,10.0,0.31967633962631226,0.19839346408843994,2.727783203125,0.2739072839419047,0.021309723456700642,-0.07743006944656372
687,1.009058116000233,106.36032,1.018317461013794,0.33403515815734863,0.03442158177495003,0.0244140625,0.07897981256246567,0.0,0.08092184364795685,1.7026498317718506,4.673150539398193,0.532910943031311,0.0,9.0,0.0,0.0,9.0,0.0,9.0,0.3197049895922343,0.19657281041145325,2.73193359375,0.27387813727060956,0.021249997119108837,-0.0775301456451416
688,1.0669253279997974,106.36032,1.0179914236068726,0.3362364172935486,0.0431632436811924,0.0234375,0.07871676981449127,0.0,0.08301697671413422,1.5921695232391357,4.780892372131348,0.5475139617919922,0.0,13.0,0.0,0.0,13.0,0.0,13.0,0.3196091254552205,0.19782812893390656,2.75732421875,0.2738746205965678,0.0212337722380956,-0.07749521732330322
689,1.0633203739998862,106.36032,0.9955495595932007,0.3414303958415985,0.049905937165021896,0.0234375,0.07653879374265671,0.0,0.08352016657590866,1.5111536979675293,4.755438804626465,0.5529528856277466,0.0,18.0,0.0,0.0,18.0,0.0,18.0,0.3197990258534749,0.2002635896205902,2.73388671875,0.2743811408678691,0.02123475819826126,-0.07760244607925415
690,1.0134263879999708,106.36032,1.0150030851364136,0.3353751003742218,0.027454465627670288,0.0224609375,0.07875484228134155,0.0,0.08242092281579971,1.3960983753204346,4.567250728607178,0.5569896101951599,0.0,12.0,0.0,0.0,12.0,0.0,12.0,0.31987855831782025,0.1980738788843155,2.7266438802083335,0.274815301100413,0.02122658242781957,-0.07740652561187744
691,1.002335579999908,106.36032,1.0126503705978394,0.3277053236961365,0.08824337273836136,0.0224609375,0.0786828100681305,0.0,0.08370420336723328,1.4020261764526367,4.365152359008789,0.5534193515777588,0.0,11.0,0.0,0.0,11.0,0.0,11.0,0.31987136602401733,0.19807784259319305,2.7032063802083335,0.2749312122662862,0.021211624145507812,-0.07740122079849243
692,0.9988761639997392,106.36032,1.0239741802215576,0.32241788506507874,0.05965795740485191,0.0224609375,0.07922476530075073,0.0,0.08821596205234528,1.4567549228668213,4.393671035766602,0.5747276544570923,0.0,9.0,0.0,0.0,9.0,0.0,9.0,0.3194153706232707,0.20489495992660522,2.7174479166666665,0.27450674772262573,0.021207359929879505,-0.07745540142059326
693,1.0228110020002532,106.36032,1.02186119556427,0.32272785902023315,0.03464401513338089,0.0234375,0.07846294343471527,0.0,0.09060660004615784,1.5469802618026733,4.7001729011535645,0.5807919502258301,0.0,13.0,0.0,1.0,12.0,0.0,13.0,0.319199005762736,0.17797261476516724,2.7086181640625,0.2743123571077983,0.02127421647310257,-0.07761144638061523
694,1.0986871310001334,106.36032,1.0115244388580322,0.32959482073783875,0.04722655192017555,0.0234375,0.07724425196647644,0.0,0.08844321221113205,1.6754541397094727,5.112433910369873,0.5560307502746582,0.0,14.0,0.0,0.0,14.0,0.0,14.0,0.3195394476254781,0.20449012517929077,2.7054036458333335,0.27441008885701496,0.021276811758677166,-0.07764798402786255
695,1.0458123849998628,106.36032,1.0355440378189087,0.3329005241394043,0.059139758348464966,0.0234375,0.07920220494270325,0.0,0.087860606610775,1.7216501235961914,5.276109218597412,0.5727872252464294,0.0,17.0,0.0,0.0,17.0,0.0,17.0,0.3191993832588196,0.20024041831493378,2.6846110026041665,0.2741772532463074,0.021252127985159557,-0.07758110761642456
696,1.0460706190001474,106.36032,1.0418182611465454,0.3321238160133362,0.05878674238920212,0.0244140625,0.0800938606262207,0.0,0.08537465333938599,1.6708530187606812,5.179909706115723,0.5636484622955322,0.0,13.0,0.0,1.0,12.0,0.0,13.0,0.3187720576922099,0.19997946918010712,2.7034505208333335,0.2739582061767578,0.02130102614561717,-0.07764387130737305
697,1.0823189560001083,106.36032,1.0280659198760986,0.3309181034564972,0.03593464940786362,0.0234375,0.07899607717990875,0.0,0.08332930505275726,1.5782512426376343,4.842042922973633,0.5799157619476318,0.0,22.0,0.0,0.0,22.0,0.0,22.0,0.3185731768608093,0.19975759088993073,2.7340494791666665,0.2736478050549825,0.02128208925326665,-0.07742118835449219
698,1.0987397260000762,106.36032,1.0131278038024902,0.32577067613601685,0.013390099629759789,0.0234375,0.07839834690093994,0.0,0.07911646366119385,1.4729554653167725,4.524664878845215,0.5501476526260376,0.0,10.0,0.0,0.0,10.0,0.0,10.0,0.3189891576766968,0.20335714519023895,2.7702229817708335,0.273887832959493,0.02122635891040166,-0.07762831449508667
699,1.2985850969998864,106.36032,1.0116775035858154,0.31917718052864075,0.02870975062251091,0.0234375,0.07874718308448792,0.0,0.07866505533456802,1.3650038242340088,4.298369407653809,0.5530346632003784,0.0,14.0,0.0,0.0,14.0,0.0,14.0,0.3194313049316406,0.20193850994110107,2.776611328125,0.2742469906806946,0.021194328864415485,-0.07755708694458008
700,1.1441300510000474,106.36032,1.001692533493042,0.3130224347114563,0.0967787355184555,0.0234375,0.07794736325740814,0.0,0.0792279988527298,1.352341890335083,4.167226314544678,0.5610551834106445,0.0,12.0,0.0,0.0,12.0,0.0,12.0,0.32007859150568646,0.2013508826494217,2.7659098307291665,0.2748861114184062,0.02127263198296229,-0.07766824960708618
701,1.053778329999659,106.36032,0.9799522161483765,0.3146185576915741,0.02935600094497204,0.0234375,0.07580511271953583,0.0,0.07827069610357285,1.384293556213379,4.264090538024902,0.5647360682487488,0.0,17.0,0.0,0.0,17.0,0.0,17.0,0.32072965304056805,0.19907137751579285,2.8077799479166665,0.27533737818400067,0.0212974747021993,-0.0774921178817749
702,1.0204149340002004,106.36032,0.9484283924102783,0.3222477436065674,0.016486013308167458,0.0234375,0.0728263184428215,0.0,0.07484868913888931,1.4157251119613647,4.33946418762207,0.56442791223526,0.0,14.0,0.0,0.0,14.0,0.0,14.0,0.3210579752922058,0.19863243401050568,2.8201090494791665,0.2756372292836507,0.021340638399124146,-0.07745444774627686
703,1.0374699429999055,106.36032,0.9431173801422119,0.3306170105934143,0.03790462017059326,0.0244140625,0.07208776473999023,0.0,0.07552354037761688,1.4769437313079834,4.35632848739624,0.5754570364952087,0.0,10.0,0.0,1.0,9.0,0.0,10.0,0.32090044021606445,0.20337778329849243,2.7878011067708335,0.27529841661453247,0.02126780649026235,-0.07764708995819092
704,1.0195194349998928,106.36032,0.938656210899353,0.34254664182662964,0.015631474554538727,0.0244140625,0.07144401967525482,0.0,0.07607265561819077,1.5380094051361084,4.537404537200928,0.5711946487426758,0.0,6.0,0.0,0.0,6.0,0.0,6.0,0.3207186659177144,0.20470009744167328,2.7837320963541665,0.27478132645289105,0.02127480258544286,-0.0775604248046875
705,1.0584948480000094,106.36032,0.9308553338050842,0.35307490825653076,0.04666324704885483,0.0244140625,0.0703124850988388,0.0,0.07777991145849228,1.5856761932373047,4.715888023376465,0.5702857971191406,0.0,15.0,0.0,0.0,15.0,0.0,15.0,0.32046767075856525,0.2034434825181961,2.7963460286458335,0.2744077245394389,0.021306959291299183,-0.07744604349136353
706,1.0137907880002786,106.36032,0.9405425786972046,0.35931891202926636,0.05482472851872444,0.0244140625,0.07142152637243271,0.0,0.07692037522792816,1.5439090728759766,4.742081642150879,0.5639966726303101,0.0,7.0,0.0,0.0,7.0,0.0,7.0,0.320886234442393,0.20026139914989471,2.7786458333333335,0.2747470736503601,0.021186376611391704,-0.07753849029541016
707,1.033957965999889,106.36032,0.9417269229888916,0.3640638589859009,0.05839259922504425,0.0244140625,0.0711846873164177,0.0,0.08013144880533218,1.548147439956665,4.687551498413086,0.5760666131973267,0.0,13.0,0.0,0.0,13.0,0.0,13.0,0.3205878734588623,0.20171934366226196,2.756103515625,0.2745199203491211,0.021215806404749554,-0.07757234573364258
708,1.0556967130000885,106.36032,0.9410399794578552,0.3591074049472809,0.03848600760102272,0.0244140625,0.07116373628377914,0.0,0.08020728826522827,1.5801658630371094,4.498482704162598,0.5742995142936707,0.0,11.0,0.0,0.0,11.0,0.0,11.0,0.3202372392018636,0.20469357073307037,2.761474609375,0.27435529232025146,0.021194490293661754,-0.07728004455566406
709,1.0858495029997357,106.36032,0.9222561120986938,0.34641316533088684,0.03314358741044998,0.0244140625,0.06977429986000061,0.0,0.07938418537378311,1.586409330368042,4.264947891235352,0.545069694519043,0.0,17.0,0.0,0.0,17.0,0.0,17.0,0.3201541304588318,0.20235002040863037,2.7655029296875,0.2744532823562622,0.02123618374268214,-0.07734882831573486
710,1.0827303459996074,106.36032,0.9285591244697571,0.3301193118095398,0.02401593141257763,0.0244140625,0.07086919993162155,0.0,0.07669685781002045,1.5953140258789062,4.0478925704956055,0.5430381298065186,0.0,16.0,0.0,0.0,16.0,0.0,16.0,0.3204618493715922,0.2006804198026657,2.7526448567708335,0.2747398018836975,0.02118037889401118,-0.07728302478790283
711,1.0936317129999225,106.36032,0.9683020114898682,0.3132736086845398,0.04047727212309837,0.0244140625,0.07456361502408981,0.0,0.07850334048271179,1.688645601272583,3.9664483070373535,0.556828498840332,0.0,13.0,0.0,0.0,13.0,0.0,13.0,0.3205045660336812,0.2029576152563095,2.7486572265625,0.274944265683492,0.02123332768678665,-0.07729148864746094
712,1.0601417230000152,106.36032,0.994168758392334,0.2988917827606201,0.07754959166049957,0.0244140625,0.077433280646801,0.0,0.07617945969104767,1.7390174865722656,3.9534740447998047,0.5535906553268433,0.0,14.0,0.0,0.0,14.0,0.0,14.0,0.3210134506225586,0.20693975687026978,2.7503255208333335,0.27552173535029095,0.021279729902744293,-0.07730680704116821
713,1.0652152220000062,106.36032,1.0423506498336792,0.28807175159454346,0.014823579229414463,0.0234375,0.08197598159313202,0.0,0.07633130252361298,1.7396912574768066,4.159558296203613,0.5724247694015503,0.0,18.0,0.0,0.0,18.0,0.0,18.0,0.32140183448791504,0.21057148277759552,2.7506917317708335,0.2759424050649007,0.02122340351343155,-0.07738882303237915
714,1.0079174319998856,106.36032,1.025990605354309,0.29302576184272766,0.12607884407043457,0.0234375,0.08044805377721786,0.0,0.07523146271705627,1.7686307430267334,4.357010841369629,0.5582373738288879,0.0,7.0,0.0,0.0,7.0,0.0,7.0,0.3217737078666687,0.21858900785446167,2.7567138671875,0.27618064483006793,0.021204312642415363,-0.07739418745040894
715,1.0205193219999273,106.36032,1.0203219652175903,0.3051309883594513,0.036335792392492294,0.0244140625,0.07903491705656052,0.0,0.0760667473077774,1.743485450744629,4.761469841003418,0.5919477939605713,0.0,13.0,0.0,1.0,12.0,0.0,13.0,0.32172006368637085,0.20706839859485626,2.7437744140625,0.27612050374348956,0.021170357863108318,-0.07747387886047363
716,1.0597267699999975,106.36032,1.0120394229888916,0.32624587416648865,0.046232301741838455,0.0244140625,0.07750022411346436,0.0,0.07596455514431,1.6083645820617676,5.264377593994141,0.6095600128173828,0.0,14.0,0.0,0.0,14.0,0.0,14.0,0.32165608803431195,0.1853860765695572,2.7211507161458335,0.27609147628148395,0.02116170773903529,-0.07736456394195557
717,1.0686979339998288,106.36032,0.9993318319320679,0.34836503863334656,0.07322178035974503,0.0234375,0.07636459916830063,0.0,0.0763314962387085,1.437422513961792,5.414845943450928,0.5893803238868713,0.0,6.0,0.0,0.0,6.0,0.0,6.0,0.32094385226567584,0.17910486459732056,2.695068359375,0.27586962779362995,0.021227948367595673,-0.07735490798950195
718,1.0484119570000985,106.36032,1.019510269165039,0.3634461462497711,0.0954127088189125,0.0234375,0.07830396294593811,0.0,0.07698877900838852,1.3313288688659668,5.458621025085449,0.5867618322372437,0.0,12.0,0.0,0.0,12.0,0.0,12.0,0.32050764560699463,0.18332959711551666,2.7057291666666665,0.2754966616630554,0.021260703603426617,-0.07733625173568726
719,1.0614944100002504,106.36032,1.021456241607666,0.37018218636512756,0.08431968092918396,0.0224609375,0.07864414900541306,0.0,0.07671409845352173,1.2757689952850342,5.203315734863281,0.6050488948822021,0.0,12.0,0.0,0.0,12.0,0.0,12.0,0.3202739357948303,0.1935260146856308,2.7118326822916665,0.27543073892593384,0.021179748078187306,-0.07746446132659912
720,1.0394804259999546,106.36032,0.998586893081665,0.36494356393814087,0.044602736830711365,0.0224609375,0.07684170454740524,0.0,0.0775240808725357,1.3211944103240967,4.8169403076171875,0.5828125476837158,0.0,12.0,0.0,0.0,12.0,0.0,12.0,0.3202797969182332,0.19216907024383545,2.7158203125,0.2752855022748311,0.021230071783065796,-0.07754093408584595
721,1.0396592129995952,106.36032,0.9671007394790649,0.3500303030014038,0.033243563026189804,0.0224609375,0.07412348687648773,0.0,0.07935880869626999,1.4207415580749512,4.385707855224609,0.5697503089904785,0.0,8.0,0.0,0.0,8.0,0.0,8.0,0.3200230399767558,0.19180184602737427,2.7222086588541665,0.2750224471092224,0.021305340031782787,-0.07750809192657471
722,1.057908684999802,106.36032,0.9920687079429626,0.32619667053222656,0.12526412308216095,0.0224609375,0.07660405337810516,0.0,0.08345408737659454,1.5770529508590698,4.066168785095215,0.5665279030799866,0.0,7.0,0.0,0.0,7.0,0.0,7.0,0.31949665149052936,0.19376185536384583,2.7027994791666665,0.2743273774782817,0.021371987958749134,-0.07759469747543335
723,1.0337039410001125,106.36032,1.0245614051818848,0.30839189887046814,0.02096942998468876,0.021484375,0.07934805750846863,0.0,0.08532631397247314,1.7770586013793945,4.138083457946777,0.5858743786811829,0.0,17.0,0.0,0.0,17.0,0.0,17.0,0.31899432341257733,0.19745421409606934,2.7329915364583335,0.27381670475006104,0.02140204111735026,-0.07743591070175171
724,1.0064181829998233,106.36032,1.0425115823745728,0.2969375252723694,0.03011469729244709,0.021484375,0.08114436268806458,0.0,0.0813307911157608,2.0078701972961426,4.24000358581543,0.57659912109375,0.0,14.0,0.0,0.0,14.0,0.0,14.0,0.3189496397972107,0.19897225499153137,2.7558186848958335,0.27396615346272785,0.021400948365529377,-0.07748419046401978
725,1.055615552999825,106.36032,1.0677800178527832,0.2927052974700928,0.09756937623023987,0.021484375,0.08311767131090164,0.0,0.08102275431156158,2.271179676055908,4.444596290588379,0.5803418159484863,0.0,13.0,0.0,0.0,13.0,0.0,13.0,0.31893402338027954,0.20410533249378204,2.7653401692708335,0.27378610769907635,0.021322558323542278,-0.0775686502456665
726,1.1002005330001339,106.36032,1.0991947650909424,0.2937723398208618,0.0726858526468277,0.021484375,0.08530370891094208,0.0,0.08130541443824768,2.348693370819092,4.847128868103027,0.6089023351669312,0.0,6.0,0.0,0.0,6.0,0.0,6.0,0.31894809007644653,0.20502817630767822,2.7455647786458335,0.27383844057718915,0.021235813697179157,-0.07768678665161133
727,1.0597567400000116,106.36032,1.0857974290847778,0.3054896593093872,0.06280873715877533,0.021484375,0.08282946050167084,0.0,0.08411075174808502,2.237733840942383,5.46521520614624,0.6433483958244324,0.0,13.0,0.0,0.0,13.0,0.0,13.0,0.31873053312301636,0.20248110592365265,2.7157389322916665,0.27385765314102173,0.02120904376109441,-0.07767558097839355
728,1.088782946000265,106.36032,1.0933374166488647,0.31284546852111816,0.05087246745824814,0.0224609375,0.0837637409567833,0.0,0.07993009686470032,1.8506101369857788,5.697308540344238,0.6646500825881958,0.0,19.0,0.0,1.0,18.0,0.0,19.0,0.31935566663742065,0.20103946328163147,2.6818033854166665,0.27426673968633014,0.021170881887276966,-0.07761359214782715
729,1.041125953000119,106.36032,1.128993272781372,0.3164913058280945,0.04047168791294098,0.021484375,0.08747398853302002,0.0,0.08045434951782227,1.5413742065429688,5.710961818695068,0.6696347594261169,0.0,10.0,1.0,0.0,11.0,0.0,10.0,0.31910820802052814,0.19986292719841003,2.679443359375,0.2740526795387268,0.021198501189549763,-0.07767009735107422
730,1.0619745900003181,106.36032,1.1452335119247437,0.32226791977882385,0.032539330422878265,0.021484375,0.08935390412807465,0.0,0.08226080983877182,1.3535280227661133,5.463897705078125,0.6830701231956482,0.0,8.0,0.0,0.0,8.0,0.0,8.0,0.31854138771692914,0.2016887664794922,2.6890869140625,0.2738213539123535,0.0211808979511261,-0.0775216817855835
731,1.057952595000188,106.36032,1.130280613899231,0.3281974792480469,0.02587348036468029,0.0205078125,0.08787153661251068,0.0,0.08506481349468231,1.2785847187042236,5.190795421600342,0.6815690994262695,0.0,10.0,0.0,0.0,10.0,0.0,10.0,0.3178812861442566,0.20635229349136353,2.6563720703125,0.27336186170578003,0.02124099185069402,-0.07739078998565674
732,1.024253022999801,106.36032,1.0757170915603638,0.3323628902435303,0.03204089403152466,0.0205078125,0.08282502740621567,0.0,0.08674236387014389,1.2672173976898193,4.808526039123535,0.6684021949768066,0.0,16.0,0.0,0.0,16.0,0.0,16.0,0.3176969885826111,0.20437678694725037,2.6453857421875,0.27321436007817584,0.021283018092314403,-0.07741785049438477
733,1.1398365459999695,106.36032,1.016653060913086,0.3329533636569977,0.02364209108054638,0.0205078125,0.07714293152093887,0.0,0.088632732629776,1.3755515813827515,4.414177894592285,0.6617220044136047,0.0,8.0,0.0,0.0,8.0,0.0,8.0,0.31747597455978394,0.20365336537361145,2.6471354166666665,0.2730092406272888,0.021304031213124592,-0.07745379209518433
734,1.1430977600002734,106.36032,1.0239975452423096,0.32121187448501587,0.045783549547195435,0.0205078125,0.07780201733112335,0.0,0.09136950224637985,1.5578807592391968,4.134385108947754,0.6752240657806396,0.0,18.0,0.0,0.0,18.0,0.0,18.0,0.3177910049756368,0.20497611165046692,2.6667073567708335,0.27293060223261517,0.021400506297747295,-0.07732069492340088
735,1.0510876710000048,106.36032,1.024787187576294,0.31180059909820557,0.06233702227473259,0.01953125,0.07860773801803589,0.0,0.08831220865249634,1.6748476028442383,4.033406734466553,0.6550620794296265,0.0,20.0,0.0,0.0,20.0,0.0,20.0,0.3186352054278056,0.20388959348201752,2.7095133463541665,0.2735859751701355,0.021430787940820057,-0.07738137245178223
736,1.0541496150003695,106.36032,1.0269197225570679,0.3086257576942444,0.042318832129240036,0.01953125,0.0789065882563591,0.0,0.08802291005849838,1.8113586902618408,4.091207504272461,0.6582314372062683,0.0,17.0,0.0,0.0,17.0,0.0,17.0,0.3194018602371216,0.20371440052986145,2.7556966145833335,0.27396202087402344,0.021329283714294434,-0.07709181308746338
737,1.0750871469999765,106.36032,1.0159344673156738,0.31233060359954834,0.012914750725030899,0.01953125,0.07808041572570801,0.0,0.08625330775976181,1.8599400520324707,4.2121429443359375,0.6440466046333313,0.0,17.0,0.0,0.0,17.0,0.0,17.0,0.3204765518506368,0.20758989453315735,2.78955078125,0.2748752037684123,0.021304133037726086,-0.07713383436203003
738,1.0230143630001294,106.36032,0.9959569573402405,0.3242252469062805,0.02621687948703766,0.0205078125,0.0755532830953598,0.0,0.08737554401159286,1.861973762512207,4.295560836791992,0.67598557472229,0.0,16.0,0.0,1.0,15.0,0.0,16.0,0.3211400508880615,0.2057688981294632,2.7677815755208335,0.2755484382311503,0.021343578894933064,-0.07721388339996338
739,1.0432981909998489,106.36032,0.9793965816497803,0.3356025815010071,0.031873174011707306,0.0205078125,0.07387164980173111,0.0,0.08539873361587524,1.7274694442749023,4.337310791015625,0.6915855407714844,0.0,16.0,0.0,0.0,16.0,0.0,16.0,0.3221651514371236,0.20417147874832153,2.7362060546875,0.2761269807815552,0.021246356268723805,-0.07734024524688721
740,1.0528230100003384,106.36032,0.9894642233848572,0.34197303652763367,0.035146720707416534,0.021484375,0.07480258494615555,0.0,0.08637004345655441,1.599413275718689,4.374156475067139,0.7011098861694336,0.0,15.0,0.0,1.0,14.0,0.0,15.0,0.3223172426223755,0.20099815726280212,2.7323404947916665,0.2758926550547282,0.0212642898162206,-0.07734137773513794
741,1.0530062510001699,106.36032,1.040348768234253,0.3358604311943054,0.030533326789736748,0.021484375,0.07997225224971771,0.0,0.08434128761291504,1.4410836696624756,4.377274990081787,0.7162224650382996,0.0,19.0,0.0,0.0,19.0,0.0,19.0,0.32240235805511475,0.1986343264579773,2.7471923828125,0.2758057117462158,0.021360119183858235,-0.0773550271987915
742,1.0650136660001408,106.36032,1.020975947380066,0.3387324810028076,0.035704996436834335,0.0224609375,0.07864490896463394,0.0,0.0806833952665329,1.3121874332427979,4.2902445793151855,0.6959688067436218,0.0,18.0,0.0,1.0,17.0,0.0,18.0,0.32237698634465534,0.19841518998146057,2.7688802083333335,0.2760232289632161,0.021447199086348217,-0.07736307382583618
743,1.0774785090002297,106.36032,0.9973582625389099,0.34167006611824036,0.018806597217917442,0.0224609375,0.076936736702919,0.0,0.0774906724691391,1.294094443321228,4.1056976318359375,0.6760349273681641,0.0,15.0,0.0,0.0,15.0,0.0,15.0,0.32258198658625287,0.20107997953891754,2.7982991536458335,0.2761247158050537,0.021520388623078663,-0.07733803987503052
744,1.0950388390001535,106.36032,0.9381518363952637,0.34404096007347107,0.018560446798801422,0.0224609375,0.07162852585315704,0.0,0.07320989668369293,1.3360517024993896,3.9740731716156006,0.6382355690002441,0.0,17.0,0.0,0.0,17.0,0.0,17.0,0.32251473267873126,0.20426149666309357,2.8128662109375,0.27618356545766193,0.021516449749469757,-0.0773618221282959
745,1.0838179399997898,106.36032,0.9134610891342163,0.3397490382194519,0.10733367502689362,0.021484375,0.06924357265233994,0.0,0.07309184968471527,1.4632424116134644,3.941786289215088,0.6151548624038696,0.0,8.0,0.0,0.0,8.0,0.0,8.0,0.3223354419072469,0.1925523281097412,2.8204345703125,0.27589784065882367,0.02145255357027054,-0.07743901014328003
746,1.1031843709997702,106.36032,0.8989506959915161,0.3358394503593445,0.05807305872440338,0.021484375,0.06778153777122498,0.0,0.07183903455734253,1.5989606380462646,4.222431182861328,0.5929325819015503,0.0,12.0,0.0,0.0,12.0,0.0,12.0,0.32217971483866376,0.1923820823431015,2.8321126302083335,0.2759022315343221,0.02147057404120763,-0.07748669385910034
747,1.0585465049998675,106.36032,0.8825293183326721,0.34386470913887024,0.022720327600836754,0.021484375,0.06559290736913681,0.0,0.07216941565275192,1.7915899753570557,4.659138202667236,0.5932809114456177,0.0,15.0,0.0,0.0,15.0,0.0,15.0,0.32201117277145386,0.19443568587303162,2.8366292317708335,0.2758551637331645,0.021417809029420216,-0.07750958204269409
748,1.0499876079998103,106.36032,0.8732280135154724,0.3504723310470581,0.033708229660987854,0.021484375,0.06489768624305725,0.0,0.06969745457172394,1.837127685546875,4.845206260681152,0.5698709487915039,0.0,9.0,0.0,0.0,9.0,0.0,9.0,0.32197866837183636,0.18897855281829834,2.7997639973958335,0.27589019139607746,0.021324793497721355,-0.07759255170822144
749,1.0333129079999708,106.36032,0.8998796343803406,0.35328409075737,0.05006092041730881,0.021484375,0.06726706027984619,0.0,0.07059537619352341,1.8047937154769897,4.891983509063721,0.5788695812225342,0.0,10.0,0.0,0.0,10.0,0.0,10.0,0.3212803403536479,0.17952501773834229,2.8125,0.27516355117162067,0.021343049903710682,-0.07740026712417603
750,1.0312447050000628,106.36032,0.9289295673370361,0.3514738082885742,0.035258274525403976,0.0234375,0.0699254721403122,0.0,0.07182219624519348,1.7124030590057373,4.749788761138916,0.6009763479232788,0.0,11.0,0.0,2.0,9.0,0.0,11.0,0.3206688165664673,0.18603497743606567,2.7928466796875,0.2748646338780721,0.021360101799170177,-0.077578604221344
751,1.0410990320001474,106.36032,0.9614871740341187,0.346683144569397,0.045260023325681686,0.0224609375,0.07321463525295258,0.0,0.07058480381965637,1.589399814605713,4.648963928222656,0.6109561920166016,0.0,14.0,0.0,0.0,14.0,0.0,14.0,0.3209608991940816,0.19240418076515198,2.8021647135416665,0.275238831837972,0.02146722873051961,-0.07752388715744019
752,1.0006750520001333,106.36032,0.9611157774925232,0.34210896492004395,0.011662685312330723,0.0224609375,0.0734802782535553,0.0,0.07193997502326965,1.5080636739730835,4.3671464920043945,0.607879638671875,0.0,8.0,0.0,0.0,8.0,0.0,8.0,0.32164472341537476,0.19127173721790314,2.77685546875,0.27598774433135986,0.021560420592625935,-0.07754963636398315
753,0.9827224670002579,106.36032,1.0044519901275635,0.3311198353767395,0.014953481033444405,0.0224609375,0.07738493382930756,0.0,0.07484792172908783,1.501615285873413,4.260613441467285,0.6442604064941406,0.0,15.0,0.0,0.0,15.0,0.0,15.0,0.32205039262771606,0.1938195824623108,2.7548828125,0.27611009279886883,0.021569520235061646,-0.07754385471343994
754,0.9923013759998867,106.36032,1.0236217975616455,0.31584078073501587,0.08146084100008011,0.0224609375,0.07966992259025574,0.0,0.07484240084886551,1.4571613073349,4.086603164672852,0.6428364515304565,0.0,14.0,0.0,0.0,14.0,0.0,14.0,0.3221583565076192,0.1957743912935257,2.7760009765625,0.2761651277542114,0.02152744432290395,-0.07744359970092773
755,0.9945576479999545,106.36032,1.0191876888275146,0.3061423897743225,0.08686551451683044,0.0224609375,0.07948474586009979,0.0,0.07273068279027939,1.4357694387435913,4.185463905334473,0.6273549795150757,0.0,14.0,0.0,0.0,14.0,0.0,14.0,0.32159628470738727,0.198961541056633,2.8103841145833335,0.2762413024902344,0.021583748360474903,-0.07744729518890381
756,1.0186544380003397,106.36032,1.0012425184249878,0.30578911304473877,0.016592541709542274,0.0224609375,0.07794494926929474,0.0,0.06906169652938843,1.4682239294052124,4.448333740234375,0.6064178943634033,0.0,21.0,0.0,0.0,21.0,0.0,21.0,0.32195786635080975,0.19169142842292786,2.8358968098958335,0.2767646114031474,0.021567086378733318,-0.07750827074050903
757,1.0089246500001536,106.36032,0.976199209690094,0.314628541469574,0.015254924073815346,0.0224609375,0.07587268203496933,0.0,0.06579326093196869,1.4871690273284912,4.645937919616699,0.5742799639701843,0.0,9.0,0.0,0.0,9.0,0.0,9.0,0.32247724135716754,0.19870005548000336,2.8137613932291665,0.27732280890146893,0.021443237860997517,-0.07750391960144043
758,1.08238239100001,106.36032,0.9599645733833313,0.32601198554039,0.024117937311530113,0.0224609375,0.07418818771839142,0.0,0.06703073531389236,1.5482137203216553,4.877009391784668,0.54640793800354,0.0,12.0,0.0,0.0,12.0,0.0,12.0,0.3224860628445943,0.1988672912120819,2.8002115885416665,0.27740893761316937,0.02140871187051137,-0.07745486497879028
759,1.0806004730002314,106.36032,0.952534019947052,0.33674201369285583,0.02435363084077835,0.0224609375,0.0733492374420166,0.0,0.06611914932727814,1.5785901546478271,5.093120574951172,0.5319209098815918,0.0,8.0,0.0,0.0,8.0,0.0,8.0,0.32283016045888263,0.19852064549922943,2.7950846354166665,0.2775656382242839,0.021395196517308552,-0.07751208543777466
760,1.1500854989999425,106.36032,0.9170644283294678,0.3529382348060608,0.06708407402038574,0.0224609375,0.06962128728628159,0.0,0.06727820634841919,1.5805528163909912,5.277650833129883,0.5210670232772827,0.0,9.0,0.0,0.0,9.0,0.0,9.0,0.322528342405955,0.2047925889492035,2.8249918619791665,0.27725811799367267,0.021309057871500652,-0.0774044394493103
761,1.0452563290000398,106.36032,0.9042837619781494,0.36281782388687134,0.06752835214138031,0.0224609375,0.06823424994945526,0.0,0.06919963657855988,1.5475624799728394,5.07481575012207,0.5299900770187378,0.0,10.0,0.0,0.0,10.0,0.0,10.0,0.3221307396888733,0.20492568612098694,2.7877604166666665,0.27681295077006024,0.021373366316159565,-0.07739412784576416
762,1.0527337379999153,106.36032,0.9157578349113464,0.3624269962310791,0.05695677176117897,0.0224609375,0.06945686787366867,0.0,0.0703897625207901,1.5244927406311035,4.761638164520264,0.5365293622016907,0.0,14.0,0.0,0.0,14.0,0.0,14.0,0.32170846064885456,0.20501893758773804,2.80078125,0.2764110366503398,0.021333533028761547,-0.07739776372909546
763,1.0634466320002502,106.36032,0.8938559889793396,0.35715237259864807,0.02604961208999157,0.0224609375,0.0676540955901146,0.0,0.06931455433368683,1.5005254745483398,4.325550079345703,0.5368524193763733,0.0,9.0,0.0,0.0,9.0,0.0,9.0,0.32164374987284344,0.2065989226102829,2.7921142578125,0.27643845478693646,0.021198357144991558,-0.07744252681732178
764,1.0498670689999017,106.36032,0.9079155325889587,0.3463708758354187,0.08267331123352051,0.0224609375,0.06867720931768417,0.0,0.07421798259019852,1.53021240234375,4.049428939819336,0.559007465839386,0.0,6.0,0.0,0.0,6.0,0.0,6.0,0.3213566541671753,0.20332707464694977,2.762451171875,0.27625105778376263,0.021211644013722736,-0.07751935720443726
765,1.051900619999742,106.36032,0.9340695738792419,0.33559679985046387,0.025473887100815773,0.0224609375,0.07101275026798248,0.0,0.07782246172428131,1.6300017833709717,4.06654167175293,0.5709884166717529,0.0,11.0,0.0,0.0,11.0,0.0,11.0,0.3218068679173787,0.2052425742149353,2.724853515625,0.2765820423762004,0.02124486615260442,-0.07763338088989258
766,1.100371111000186,106.36032,0.9389264583587646,0.32913893461227417,0.020654747262597084,0.021484375,0.07133292406797409,0.0,0.076898954808712,1.7205489873886108,4.347766399383545,0.5833566188812256,0.0,20.0,0.0,0.0,20.0,0.0,20.0,0.3228856921195984,0.20721523463726044,2.7100016276041665,0.277479608853658,0.021382843454678852,-0.07763946056365967
767,1.0311584359997141,106.36032,0.9690229296684265,0.31912243366241455,0.0202131737023592,0.021484375,0.07431226968765259,0.0,0.07605409622192383,1.794402837753296,4.443293571472168,0.5866133570671082,0.0,12.0,0.0,0.0,12.0,0.0,12.0,0.32286550601323444,0.21002496778964996,2.7017822265625,0.27775466442108154,0.021452156205972035,-0.07750165462493896
768,1.04680756200014,106.36032,0.9880968332290649,0.3109245300292969,0.08594983071088791,0.021484375,0.07620108127593994,0.0,0.07743707299232483,1.8803412914276123,4.488499641418457,0.5678391456604004,0.0,14.0,0.0,0.0,14.0,0.0,14.0,0.3221151828765869,0.2082766890525818,2.6889241536458335,0.277188241481781,0.021404209236303966,-0.07761889696121216
769,1.1163736290000088,106.36032,1.0030707120895386,0.30643850564956665,0.018218768760561943,0.021484375,0.07745775580406189,0.0,0.07706113159656525,1.890824317932129,4.822377681732178,0.560515820980072,0.0,11.0,0.0,0.0,11.0,0.0,11.0,0.32147393623987836,0.20357735455036163,2.7157389322916665,0.2765766779581706,0.021396490434805553,-0.07756143808364868
770,1.0348752120003155,106.36032,1.0316107273101807,0.30841368436813354,0.021036772057414055,0.021484375,0.0798683911561966,0.0,0.07944756746292114,1.795060157775879,5.074427127838135,0.5572222471237183,0.0,11.0,0.0,0.0,11.0,0.0,11.0,0.3206658164660136,0.20285210013389587,2.7314860026041665,0.2758123278617859,0.021408339341481526,-0.0774909257888794
771,1.0300226470003508,106.36032,1.0431417226791382,0.31518033146858215,0.027963344007730484,0.021484375,0.0806683897972107,0.0,0.07881878316402435,1.6132644414901733,5.3146867752075195,0.5800866484642029,0.0,16.0,0.0,0.0,16.0,0.0,16.0,0.32048233350118,0.2024584263563156,2.7500406901041665,0.2756068706512451,0.0214174489180247,-0.07741069793701172
772,1.0197947349997776,106.36032,1.0638905763626099,0.3203398883342743,0.030401423573493958,0.0224609375,0.08294057846069336,0.0,0.07818960398435593,1.4494527578353882,5.375807762145996,0.5544295310974121,0.0,11.0,1.0,1.0,11.0,0.0,11.0,0.32032642761866253,0.20253029465675354,2.7305908203125,0.2756003141403198,0.02143989751736323,-0.07746219635009766
773,1.0511449470000116,106.36032,1.0852508544921875,0.3293108344078064,0.03331879526376724,0.021484375,0.08487147092819214,0.0,0.0798790380358696,1.3663814067840576,5.351191997528076,0.5609428882598877,0.0,10.0,0.0,0.0,10.0,0.0,10.0,0.3201291759808858,0.19862408936023712,2.7142740885416665,0.2754737933476766,0.021503667036692303,-0.07735025882720947
774,0.9912937359999887,106.36032,1.074295163154602,0.34050458669662476,0.04825964570045471,0.021484375,0.08387552201747894,0.0,0.08080693334341049,1.3019332885742188,5.198958873748779,0.5569713115692139,0.0,13.0,0.0,0.0,13.0,0.0,13.0,0.3201836148897807,0.19871141016483307,2.6951090494791665,0.2754979729652405,0.021403099099795025,-0.07741451263427734
775,1.061365454999759,106.36032,1.0113251209259033,0.3548283576965332,0.05951685085892677,0.0205078125,0.07796315848827362,0.0,0.08023446798324585,1.316040277481079,4.901656150817871,0.5443292856216431,0.0,13.0,0.0,0.0,13.0,0.0,13.0,0.3201799194018046,0.2049768567085266,2.6998697916666665,0.27561694383621216,0.02138778070608775,-0.07726377248764038
776,1.29258875000005,106.36032,0.9614190459251404,0.3572466969490051,0.0429961159825325,0.0205078125,0.07335841655731201,0.0,0.07953977584838867,1.4058350324630737,4.453751087188721,0.5572912693023682,0.0,17.0,0.0,0.0,17.0,0.0,17.0,0.32032344738642377,0.20981241762638092,2.7057291666666665,0.27535661061604816,0.021395144363244373,-0.0773119330406189
777,1.0736432949997834,106.36032,0.9268324971199036,0.34826207160949707,0.028796009719371796,0.01953125,0.07011032104492188,0.0,0.07891666889190674,1.5099482536315918,4.157355785369873,0.5820595622062683,0.0,15.0,0.0,0.0,15.0,0.0,15.0,0.32087300221125287,0.20321258902549744,2.7231038411458335,0.2754528919855754,0.021364604433377583,-0.07738262414932251
778,1.0444646949999878,106.36032,0.9374960064888,0.3300359547138214,0.06366167217493057,0.0205078125,0.07164600491523743,0.0,0.07857626676559448,1.665154218673706,3.9145846366882324,0.5819562673568726,0.0,16.0,0.0,1.0,15.0,0.0,16.0,0.3216811418533325,0.203041210770607,2.7451985677083335,0.2760047912597656,0.02130888154109319,-0.07749634981155396
779,1.014547040999787,106.36032,0.950198769569397,0.3151489496231079,0.02634955570101738,0.021484375,0.0731302946805954,0.0,0.0795448049902916,1.8111369609832764,3.9514479637145996,0.5628868937492371,0.0,14.0,0.0,1.0,13.0,0.0,14.0,0.32226868470509845,0.203973188996315,2.7778727213541665,0.27639567852020264,0.021353458364804585,-0.07749855518341064
780,1.0187190500000725,106.36032,0.9675798416137695,0.3039296269416809,0.1012227013707161,0.0224609375,0.07481701672077179,0.0,0.08101379871368408,1.8624687194824219,3.9099185466766357,0.5789072513580322,0.0,10.0,0.0,1.0,9.0,0.0,10.0,0.32286377747853595,0.20345908403396606,2.7753499348958335,0.2769614855448405,0.02129644403855006,-0.07732981443405151
781,1.0480750450001324,106.36032,0.9998629689216614,0.2992740869522095,0.01788267120718956,0.0224609375,0.07743076980113983,0.0,0.08211144804954529,1.9247783422470093,4.101914405822754,0.5969428420066833,0.0,14.0,0.0,0.0,14.0,0.0,14.0,0.3233806888262431,0.2045980989933014,2.7817789713541665,0.27736832698186237,0.021308901409308117,-0.07733118534088135
782,1.088325624999925,106.36032,1.0136638879776,0.30152660608291626,0.02404601126909256,0.0234375,0.07854968309402466,0.0,0.08175536245107651,1.9146980047225952,4.3155927658081055,0.6025494337081909,0.0,18.0,0.0,1.0,17.0,0.0,18.0,0.32398802042007446,0.20657724142074585,2.7608235677083335,0.27786799271901447,0.021361206968625385,-0.07739913463592529
783,1.0164277330000004,106.36032,1.0099568367004395,0.30720359086990356,0.022622819989919662,0.0234375,0.07875676453113556,0.0,0.07787703722715378,1.808219313621521,4.429876327514648,0.5746282339096069,0.0,14.0,0.0,0.0,14.0,0.0,14.0,0.3244604667027791,0.20676544308662415,2.7342936197916665,0.27821574608484906,0.021428624788920086,-0.07746297121047974
784,1.0149980389996927,106.36032,1.0417404174804688,0.30955755710601807,0.040029603987932205,0.0244140625,0.08188515156507492,0.0,0.07757950574159622,1.6392381191253662,4.485426425933838,0.5860497951507568,0.0,16.0,0.0,1.0,15.0,0.0,16.0,0.3240099747975667,0.20576211810112,2.7137044270833335,0.27773451805114746,0.021493442356586456,-0.07736963033676147
785,1.0260156330000427,106.36032,1.003198266029358,0.32392042875289917,0.024808010086417198,0.0244140625,0.0781358927488327,0.0,0.07525095343589783,1.4791460037231445,4.563652992248535,0.5723819732666016,0.0,14.0,0.0,0.0,14.0,0.0,14.0,0.32344484329223633,0.2019156515598297,2.7548828125,0.2769848903020223,0.021443180739879608,-0.07740062475204468
786,1.0652798680002888,106.36032,0.9574400186538696,0.3424026370048523,0.038537245243787766,0.0244140625,0.07387565821409225,0.0,0.07251264899969101,1.308730125427246,4.605740070343018,0.5541098117828369,0.0,13.0,0.0,0.0,13.0,0.0,13.0,0.32309232155481976,0.20189650356769562,2.76025390625,0.2765711148579915,0.02135816216468811,-0.07741594314575195
787,1.0648945190000632,106.36032,0.9498158097267151,0.3581951856613159,0.04195519909262657,0.0244140625,0.07290305197238922,0.0,0.07405148446559906,1.2360281944274902,4.432700157165527,0.5653126239776611,0.0,13.0,0.0,0.0,13.0,0.0,13.0,0.32220343748728436,0.1984894871711731,2.7288411458333335,0.2757650415102641,0.021310806274414062,-0.07747769355773926
788,1.0230007870000009,106.36032,0.9608025550842285,0.36198312044143677,0.03205695375800133,0.0244140625,0.07397188246250153,0.0,0.07282000035047531,1.2088745832443237,4.367738723754883,0.551005482673645,0.0,9.0,0.0,0.0,9.0,0.0,9.0,0.3212856650352478,0.2010883092880249,2.7637125651041665,0.2748692035675049,0.02135973423719406,-0.07731276750564575
789,1.0186734290000459,106.36032,0.9511195421218872,0.35860884189605713,0.032702162861824036,0.0244140625,0.0732470378279686,0.0,0.07300101965665817,1.278288722038269,4.229576110839844,0.5420540571212769,0.0,13.0,0.0,0.0,13.0,0.0,13.0,0.3206177552541097,0.20322448015213013,2.8004964192708335,0.27419360478719074,0.021440972884496052,-0.07746726274490356
790,1.0530373409997082,106.36032,0.9210278987884521,0.35552117228507996,0.0270810779184103,0.025390625,0.07040593028068542,0.0,0.07257919013500214,1.4361696243286133,4.150320053100586,0.5359445810317993,0.0,13.0,1.0,1.0,13.0,0.0,13.0,0.32022684812545776,0.19631898403167725,2.8103841145833335,0.27406469980875653,0.021418725450833637,-0.07742953300476074
791,1.1240608980001525,106.36032,0.9114108085632324,0.3467866778373718,0.0417422316968441,0.025390625,0.06973044574260712,0.0,0.07022541016340256,1.5384063720703125,4.09965705871582,0.5355627536773682,0.0,17.0,0.0,0.0,17.0,0.0,17.0,0.3203317125638326,0.1961754560470581,2.8438720703125,0.2741759220759074,0.02144698550303777,-0.07755309343338013
792,1.1354768759997569,106.36032,0.8725420236587524,0.3442312777042389,0.04576124623417854,0.025390625,0.06574214994907379,0.0,0.06984902918338776,1.6126761436462402,4.154165744781494,0.5477485656738281,0.0,11.0,0.0,0.0,11.0,0.0,11.0,0.32046258449554443,0.19815003871917725,2.8677571614583335,0.27428994576136273,0.021343208849430084,-0.07773712277412415
793,1.0774862549997124,106.36032,0.8478602170944214,0.3447348475456238,0.01274467445909977,0.025390625,0.06319776177406311,0.0,0.06983177363872528,1.67388916015625,4.283697605133057,0.5438873171806335,0.0,9.0,0.0,0.0,9.0,0.0,9.0,0.3209163546562195,0.2000683844089508,2.8787434895833335,0.2748321493466695,0.021282571057478588,-0.07874458283185959
794,1.1106903909999346,106.36032,0.8593412041664124,0.34558993577957153,0.018094075843691826,0.025390625,0.06361008435487747,0.0,0.07328131049871445,1.7635016441345215,4.415802955627441,0.562541127204895,0.0,13.0,0.0,0.0,13.0,0.0,13.0,0.3213406801223755,0.20563015341758728,2.8352864583333335,0.27531468868255615,0.021229982376098633,-0.07873538881540298
795,1.1046246649998466,106.36032,0.8569386005401611,0.3489539623260498,0.0385315865278244,0.0263671875,0.0633300170302391,0.0,0.06986837089061737,1.7977561950683594,4.553808212280273,0.5755836367607117,0.0,17.0,0.0,2.0,15.0,0.0,17.0,0.32235026359558105,0.20399460196495056,2.7958170572916665,0.27654457092285156,0.021145726243654888,-0.07867778837680817
796,1.088824559999921,106.36032,0.8788986206054688,0.34691116213798523,0.023255815729498863,0.0263671875,0.0659070536494255,0.0,0.07039367407560349,1.683302640914917,4.479966163635254,0.5631853342056274,0.0,10.0,0.0,0.0,10.0,0.0,10.0,0.3225554625193278,0.19383648037910461,2.7526448567708335,0.27686474720637005,0.021189488470554352,-0.07847210764884949
797,0.9980646459998752,106.36032,0.9026758670806885,0.34204062819480896,0.02755759470164776,0.0263671875,0.06834566593170166,0.0,0.07017640769481659,1.5812143087387085,4.510420799255371,0.5680918097496033,0.0,17.0,0.0,0.0,17.0,0.0,17.0,0.3223053614298503,0.19158118963241577,2.769775390625,0.27651655673980713,0.02117040753364563,-0.07831907272338867
798,1.0602349089999734,106.36032,0.9163504838943481,0.33403152227401733,0.046022702008485794,0.0263671875,0.0701768547296524,0.0,0.0691002756357193,1.4644966125488281,4.377523422241211,0.5407080054283142,0.0,11.0,0.0,0.0,11.0,0.0,11.0,0.3221663236618042,0.1918061077594757,2.8330078125,0.27636412779490155,0.021114788949489594,-0.07824433594942093
799,1.0592937189999247,106.36032,0.9271925091743469,0.33244800567626953,0.011481119319796562,0.0263671875,0.07118476927280426,0.0,0.06961219012737274,1.360390543937683,4.398977279663086,0.5507414937019348,0.0,13.0,0.0,0.0,13.0,0.0,13.0,0.32221436500549316,0.19555452466011047,2.8455403645833335,0.2767641544342041,0.02122556169827779,-0.07811935245990753
800,1.0558072889998584,106.36032,0.9137617945671082,0.33675873279571533,0.030992362648248672,0.025390625,0.07016079872846603,0.0,0.0692850798368454,1.2881712913513184,4.378730297088623,0.5284132957458496,0.0,8.0,0.0,0.0,8.0,0.0,8.0,0.3226047952969869,0.19946739077568054,2.802490234375,0.27734361092249554,0.021292587121327717,-0.07809066027402878
801,1.1127361779999774,106.36032,0.9008516669273376,0.3438376486301422,0.013713030144572258,0.025390625,0.06826077401638031,0.0,0.07045572251081467,1.2950257062911987,4.521361827850342,0.5536116361618042,0.0,16.0,0.0,0.0,16.0,0.0,16.0,0.32292280594507855,0.2010534703731537,2.7813313802083335,0.27744531631469727,0.021266944706439972,-0.07815879583358765
802,1.0953489580001587,106.36032,0.8427914977073669,0.3542206287384033,0.024947289377450943,0.025390625,0.06302449107170105,0.0,0.06694026291370392,1.3145818710327148,4.517341613769531,0.5169707536697388,0.0,13.0,0.0,0.0,13.0,0.0,13.0,0.3227430582046509,0.19806736707687378,2.7977294921875,0.2774440050125122,0.021389484405517578,-0.07823693752288818
803,1.1599559430001136,106.36032,0.8074578046798706,0.3625868558883667,0.027439678087830544,0.025390625,0.05971863493323326,0.0,0.06415916979312897,1.3794560432434082,4.507615089416504,0.510831892490387,0.0,11.0,0.0,0.0,11.0,0.0,11.0,0.3220329284667969,0.1917598843574524,2.7989501953125,0.2769743005434672,0.021331218381722767,-0.07832462340593338
804,1.0410483370001202,106.36032,0.8292626738548279,0.36264026165008545,0.02227937988936901,0.025390625,0.061624012887477875,0.0,0.06598266214132309,1.4986026287078857,4.4600749015808105,0.5174018740653992,0.0,7.0,0.0,0.0,7.0,0.0,7.0,0.3205593029658,0.19173988699913025,2.8358154296875,0.2758917808532715,0.021277281145254772,-0.0784091129899025
805,1.00095151000005,106.36032,0.8467410802841187,0.3621870279312134,0.0166274756193161,0.025390625,0.06262975186109543,0.0,0.06971155107021332,1.5904000997543335,4.540739059448242,0.5364573001861572,0.0,8.0,0.0,0.0,8.0,0.0,8.0,0.31943519910176593,0.19394409656524658,2.877197265625,0.2750154733657837,0.021244406700134277,-0.07854246348142624
806,1.0406427359998816,106.36032,0.8723548650741577,0.35789811611175537,0.011499131098389626,0.025390625,0.06518637388944626,0.0,0.07249701023101807,1.5883959531784058,4.5505828857421875,0.5308144092559814,0.0,8.0,0.0,0.0,8.0,0.0,8.0,0.3196895122528076,0.19681310653686523,2.8606770833333335,0.2753118673960368,0.0212943231066068,-0.07856812328100204
807,1.0540959959998872,106.36032,0.8899023532867432,0.3540327548980713,0.017084019258618355,0.025390625,0.06636609137058258,0.0,0.07774875313043594,1.6297519207000732,4.535373210906982,0.5597487688064575,0.0,8.0,0.0,0.0,8.0,0.0,8.0,0.320467472076416,0.20210611820220947,2.7998453776041665,0.27572933832804364,0.021377024551232655,-0.0777314305305481
808,1.0614377809997677,106.36032,0.9287509918212891,0.344236820936203,0.026444079354405403,0.0263671875,0.06983812153339386,0.0,0.08016883581876755,1.641111135482788,4.679084300994873,0.5711996555328369,0.0,13.0,0.0,1.0,12.0,0.0,13.0,0.3212899963061015,0.20937737822532654,2.7639567057291665,0.2765408555666606,0.02145244429508845,-0.07750779390335083
809,1.0610978650001925,106.36032,0.9443013668060303,0.3359719514846802,0.015668321400880814,0.0263671875,0.07150092720985413,0.0,0.08060602843761444,1.6410449743270874,4.608787536621094,0.5737522840499878,0.0,18.0,0.0,0.0,18.0,0.0,18.0,0.32203012704849243,0.20366917550563812,2.7191569010416665,0.2773613731066386,0.021413626770178478,-0.07867670059204102
810,1.0917055239997353,106.36032,0.9537996053695679,0.32822322845458984,0.01927359215915203,0.025390625,0.07272186875343323,0.0,0.07963316887617111,1.618208646774292,4.554497718811035,0.575405478477478,0.0,14.0,0.0,0.0,14.0,0.0,14.0,0.32186081012090045,0.20359943807125092,2.7171630859375,0.27745920419692993,0.021263582011063892,-0.07864294201135635
811,1.1589338230000976,106.36032,0.9442719221115112,0.32153475284576416,0.06383239477872849,0.025390625,0.07215152680873871,0.0,0.07948437333106995,1.5819027423858643,4.337275981903076,0.5622312426567078,0.0,11.0,0.0,0.0,11.0,0.0,11.0,0.3213459650675456,0.2066742479801178,2.75390625,0.2769400278727214,0.02126512924830119,-0.07842499017715454
812,1.1278339460000097,106.36032,0.9593667387962341,0.31658613681793213,0.05653079226613045,0.0244140625,0.07355014979839325,0.0,0.08105005323886871,1.5527808666229248,4.358346939086914,0.5579586029052734,0.0,10.0,0.0,0.0,10.0,0.0,10.0,0.3207985957463582,0.20424899458885193,2.788818359375,0.2765845060348511,0.02131352573633194,-0.07837162911891937
813,1.1218535880002491,106.36032,0.959705650806427,0.32265669107437134,0.01777612417936325,0.0244140625,0.0735706090927124,0.0,0.08127295970916748,1.4758189916610718,4.476411819458008,0.5399528741836548,0.0,16.0,0.0,0.0,16.0,0.0,16.0,0.3208574453989665,0.20187775790691376,2.7764078776041665,0.27667856216430664,0.0213057075937589,-0.07832431048154831
814,0.9963691440002549,106.36032,0.9394736289978027,0.33465081453323364,0.017507169395685196,0.0244140625,0.07152049988508224,0.0,0.08000210672616959,1.4090756177902222,4.649442672729492,0.5270867943763733,0.0,7.0,0.0,0.0,7.0,0.0,7.0,0.3211830258369446,0.20364263653755188,2.76953125,0.27695085604985553,0.02121451000372569,-0.07827901840209961
815,1.006477907000317,106.36032,0.943719208240509,0.34434860944747925,0.03323107957839966,0.0244140625,0.07177828997373581,0.0,0.08101415634155273,1.3593602180480957,4.762223720550537,0.5255697965621948,0.0,12.0,0.0,0.0,12.0,0.0,12.0,0.32110395034154254,0.19980628788471222,2.7406412760416665,0.2766882578531901,0.02123581866423289,-0.07827872037887573
816,1.0709600949999185,106.36032,0.9468116164207458,0.3510151505470276,0.028389237821102142,0.0244140625,0.07221461832523346,0.0,0.08003348112106323,1.3395450115203857,4.728978633880615,0.5228568315505981,0.0,10.0,0.0,0.0,10.0,0.0,10.0,0.32054706414540607,0.19986867904663086,2.7447509765625,0.2759633461634318,0.021329984068870544,-0.0783626064658165
817,1.1059913080002843,106.36032,0.9527966976165771,0.35435986518859863,0.06040861830115318,0.0244140625,0.07263676822185516,0.0,0.07903961837291718,1.3787860870361328,4.728352069854736,0.5377523303031921,0.0,15.0,0.0,0.0,15.0,0.0,15.0,0.31930198272069293,0.19108152389526367,2.8030192057291665,0.27474427223205566,0.021374677618344624,-0.07844354212284088
818,1.086220368999875,106.36032,0.9252028465270996,0.35781750082969666,0.039992984384298325,0.025390625,0.07010193169116974,0.0,0.07736755907535553,1.450692892074585,4.580865383148193,0.525465726852417,0.0,10.0,1.0,1.0,10.0,0.0,10.0,0.31839293241500854,0.1907464861869812,2.8243001302083335,0.273867925008138,0.021295592188835144,-0.07866781949996948
819,1.06487775100004,106.36032,0.9308539032936096,0.3526163697242737,0.05895524471998215,0.025390625,0.07073184102773666,0.0,0.0799962654709816,1.5155795812606812,4.332977294921875,0.531277060508728,0.0,7.0,0.0,0.0,7.0,0.0,7.0,0.31827513376871747,0.1914726197719574,2.8014322916666665,0.27354244391123456,0.0214423065384229,-0.07867073267698288
820,1.0924207680000109,106.36032,0.9372080564498901,0.34477129578590393,0.014219395816326141,0.0244140625,0.07107491791248322,0.0,0.0817105621099472,1.6096137762069702,4.427796363830566,0.5314183831214905,0.0,12.0,0.0,0.0,12.0,0.0,12.0,0.3185466527938843,0.19543325901031494,2.7940266927083335,0.27408013741175336,0.021521995464960735,-0.07733267545700073
821,1.0386255180001172,106.36032,0.9393090009689331,0.3391367197036743,0.018161185085773468,0.0244140625,0.07099045813083649,0.0,0.08276276290416718,1.7567566633224487,4.612726211547852,0.529787540435791,0.0,12.0,0.0,0.0,12.0,0.0,12.0,0.3194652994473775,0.19894255697727203,2.7746175130208335,0.27466754118601483,0.02149910479784012,-0.07736474275588989
822,1.062279750000016,106.36032,0.9654416441917419,0.3298036754131317,0.03591125085949898,0.0234375,0.07336947321891785,0.0,0.0839996263384819,1.8988096714019775,4.669185161590576,0.5370039343833923,0.0,13.0,0.0,0.0,13.0,0.0,13.0,0.32058093945185345,0.20256976783275604,2.7267252604166665,0.27536672353744507,0.021474507947762806,-0.0774221420288086
823,1.1044111400001384,106.36032,0.9790585041046143,0.32237154245376587,0.026433831080794334,0.0234375,0.07495193183422089,0.0,0.08032171428203583,1.8836778402328491,4.821930885314941,0.5366288423538208,0.0,27.0,0.0,0.0,27.0,0.0,27.0,0.3214278022448222,0.20429727435112,2.71533203125,0.2764939069747925,0.02143491804599762,-0.07751142978668213
824,1.1198116339996886,106.36032,0.9568507671356201,0.32024839520454407,0.021245146170258522,0.0234375,0.07327672094106674,0.0,0.07568459957838058,1.7830485105514526,4.73759651184082,0.5316877365112305,0.0,13.0,0.0,0.0,13.0,0.0,13.0,0.3218997120857239,0.20427794754505157,2.7436930338541665,0.27703599135080975,0.021458623309930164,-0.07757335901260376
825,1.068950592999954,106.36032,0.9486052393913269,0.32235339283943176,0.012609697878360748,0.0234375,0.07268442213535309,0.0,0.07433527708053589,1.6951497793197632,4.734198570251465,0.5178338885307312,0.0,9.0,0.0,0.0,9.0,0.0,9.0,0.3218783934911092,0.20456065237522125,2.7823893229166665,0.27699538071950275,0.021516685684521992,-0.0774545669555664
826,1.0722239829997307,106.36032,0.9343664646148682,0.329082190990448,0.019607923924922943,0.0234375,0.07128490507602692,0.0,0.07554113119840622,1.5986781120300293,4.658146858215332,0.5200428366661072,0.0,15.0,0.0,0.0,15.0,0.0,15.0,0.321761151154836,0.20158378779888153,2.7465413411458335,0.27708770831425983,0.021426379680633545,-0.07749813795089722
827,1.0560802869999861,106.36032,0.9381102919578552,0.33466723561286926,0.016699939966201782,0.0234375,0.07180178165435791,0.0,0.07375550270080566,1.472926378250122,4.735713481903076,0.5119984745979309,0.0,14.0,0.0,0.0,14.0,0.0,14.0,0.321926216284434,0.1967231035232544,2.7244466145833335,0.2777373790740967,0.02151710291703542,-0.0774238109588623
828,1.0494516600001589,106.36032,0.925742506980896,0.3414614796638489,0.018000558018684387,0.0234375,0.0709603801369667,0.0,0.0731138214468956,1.3842705488204956,4.6926589012146,0.4936695992946625,0.0,12.0,0.0,0.0,12.0,0.0,12.0,0.3221181035041809,0.18520814180374146,2.7073567708333335,0.2778368790944417,0.021539881825447083,-0.07752037048339844
829,1.082705557999816,106.36032,0.9040010571479797,0.3490234911441803,0.018051810562610626,0.0234375,0.06878188252449036,0.0,0.07500456273555756,1.326033115386963,4.6102399826049805,0.4942397475242615,0.0,6.0,0.0,0.0,6.0,0.0,6.0,0.3215847412745158,0.18170762062072754,2.7124837239583335,0.27716638644536334,0.021445299188296,-0.07751059532165527
830,1.0922774489999938,106.36032,0.9115067720413208,0.3489851951599121,0.031754061579704285,0.0234375,0.06936858594417572,0.0,0.07639011740684509,1.3033185005187988,4.534672737121582,0.5156387090682983,0.0,12.0,0.0,0.0,12.0,0.0,12.0,0.3208089272181193,0.18177247047424316,2.7504475911458335,0.27618815501530963,0.02148193120956421,-0.07761871814727783
831,1.0934357739997722,106.36032,0.9257956147193909,0.3472641110420227,0.027116669341921806,0.0234375,0.07082352042198181,0.0,0.07866831123828888,1.3480372428894043,4.467804431915283,0.4962354600429535,0.0,8.0,0.0,0.0,8.0,0.0,8.0,0.31979650259017944,0.18399038910865784,2.7683512369791665,0.27534910043080646,0.0214460293451945,-0.07762092351913452
832,1.0477392889997645,106.36032,0.9506517648696899,0.3408280611038208,0.018227994441986084,0.0234375,0.07303322851657867,0.0,0.07961761206388474,1.4419102668762207,4.4913530349731445,0.5086636543273926,0.0,12.0,0.0,0.0,12.0,0.0,12.0,0.3193385402361552,0.1863170862197876,2.7895914713541665,0.2749515374501546,0.021482326090335846,-0.07766455411911011
833,1.0801216899999417,106.36032,0.9520443677902222,0.3360145688056946,0.010259589180350304,0.0224609375,0.07301521301269531,0.0,0.08013401925563812,1.5532941818237305,4.470688819885254,0.5112594962120056,0.0,12.0,0.0,0.0,12.0,0.0,12.0,0.3194435238838196,0.1920420229434967,2.7901611328125,0.2750612298647563,0.021543872853120167,-0.07766991853713989
834,1.0766253339998002,106.36032,0.9531800150871277,0.33446204662323,0.01824120059609413,0.0224609375,0.0727744996547699,0.0,0.08228106796741486,1.7028231620788574,4.51417350769043,0.5135539770126343,0.0,9.0,0.0,0.0,9.0,0.0,9.0,0.31947167714436847,0.19518452882766724,2.7906494140625,0.2751890818277995,0.021494572361310322,-0.0775412917137146
835,1.0452203840000038,106.36032,1.0048900842666626,0.3225259482860565,0.013392101041972637,0.0224609375,0.07776893675327301,0.0,0.08421792089939117,1.713366985321045,4.571379661560059,0.5187093615531921,0.0,12.0,0.0,0.0,12.0,0.0,12.0,0.31988529364267987,0.19562776386737823,2.7581787109375,0.2753007610638936,0.0214324618379275,-0.07765251398086548
836,1.168940986999587,106.36032,1.022912859916687,0.3154737651348114,0.02423061616718769,0.0224609375,0.07939162850379944,0.0,0.08635183423757553,1.7135957479476929,4.523687839508057,0.5386196374893188,0.0,12.0,0.0,0.0,12.0,0.0,12.0,0.32048048575719196,0.197846919298172,2.7860514322916665,0.27563099066416424,0.021424666047096252,-0.07762497663497925
837,1.0420747580001262,106.36032,1.0213130712509155,0.3168315887451172,0.016053617000579834,0.0224609375,0.07939296215772629,0.0,0.08396942913532257,1.6983439922332764,4.510838508605957,0.5395077466964722,0.0,20.0,0.0,0.0,20.0,0.0,20.0,0.32140254974365234,0.21814340353012085,2.7767333984375,0.27640867233276367,0.02150349070628484,-0.07754719257354736
838,0.9926454449996527,106.36032,0.9927921891212463,0.319240003824234,0.030527200549840927,0.021484375,0.07739989459514618,0.0,0.07845322787761688,1.5884569883346558,4.433807849884033,0.5198978781700134,0.0,22.0,0.0,0.0,22.0,0.0,22.0,0.3225783109664917,0.21571992337703705,2.7723388671875,0.27757056554158527,0.021494224667549133,-0.0776168704032898
839,0.9698007980000511,106.36032,0.9592387080192566,0.3216709494590759,0.009054340422153473,0.0205078125,0.07495548576116562,0.0,0.07280296087265015,1.4498313665390015,4.172324180603027,0.5099520683288574,0.0,14.0,0.0,0.0,14.0,0.0,14.0,0.32328367233276367,0.2113649994134903,2.7668050130208335,0.27865393956502277,0.02143339564402898,-0.07768982648849487
840,0.9995977960002165,106.36032,0.9489096403121948,0.3215879201889038,0.04446794092655182,0.0205078125,0.07430025190114975,0.0,0.07220848649740219,1.358594298362732,4.037267208099365,0.4899173676967621,0.0,10.0,0.0,0.0,10.0,0.0,10.0,0.3232711950937907,0.20329393446445465,2.7991943359375,0.27885957558949787,0.02146787444750468,-0.07722735404968262
841,0.9971852920002675,106.36032,0.9321597814559937,0.32519838213920593,0.05716288462281227,0.0205078125,0.07265126705169678,0.0,0.07373801618814468,1.3446435928344727,4.010715007781982,0.49043771624565125,0.0,11.0,0.0,0.0,11.0,0.0,11.0,0.3234240214029948,0.19383305311203003,2.7899983723958335,0.2787318428357442,0.021501464148362476,-0.07764506340026855
842,1.044756666000012,106.36032,0.9378228187561035,0.3272174596786499,0.03580169007182121,0.0205078125,0.07334254682064056,0.0,0.07204858958721161,1.294356346130371,4.251656532287598,0.47355037927627563,0.0,12.0,0.0,0.0,12.0,0.0,12.0,0.32361845175425213,0.18888399004936218,2.7934163411458335,0.27883148193359375,0.02162923663854599,-0.07758903503417969
843,1.0677558630000021,106.36032,0.9138932228088379,0.3396316170692444,0.024935947731137276,0.0205078125,0.07100529968738556,0.0,0.06972590833902359,1.3240294456481934,4.508568286895752,0.4574013352394104,0.0,10.0,0.0,0.0,10.0,0.0,10.0,0.3235197265942891,0.18880191445350647,2.7901611328125,0.27881620327631634,0.021672730644543965,-0.0774163007736206
844,1.0994249450000098,106.36032,0.8921814560890198,0.35547301173210144,0.053410597145557404,0.0205078125,0.06853468716144562,0.0,0.0686919242143631,1.3499865531921387,4.658114910125732,0.46002471446990967,0.0,10.0,0.0,0.0,10.0,0.0,10.0,0.3227711121241252,0.1897798478603363,2.787841796875,0.2779745856920878,0.021596722304821014,-0.07740938663482666
845,1.1228931179998654,106.36032,0.8761996030807495,0.3645937740802765,0.046906691044569016,0.0205078125,0.06675483286380768,0.0,0.06964889168739319,1.4147112369537354,4.5782365798950195,0.4658535420894623,0.0,9.0,0.0,0.0,9.0,0.0,9.0,0.3217353622118632,0.19066756963729858,2.7991129557291665,0.276802917321523,0.021504593392213184,-0.07734471559524536
846,1.126034165999954,106.36032,0.8574962615966797,0.36608779430389404,0.03780454769730568,0.0205078125,0.0649423599243164,0.0,0.06880348175764084,1.453275442123413,4.483248233795166,0.45497894287109375,0.0,11.0,0.0,0.0,11.0,0.0,11.0,0.32098642985026044,0.1952698528766632,2.8294270833333335,0.2761419415473938,0.021483592689037323,-0.07735639810562134
847,1.0967573340003582,106.36032,0.8620997667312622,0.35965949296951294,0.04215875267982483,0.0205078125,0.0653114765882492,0.0,0.0689646303653717,1.5085880756378174,4.433238983154297,0.4625483453273773,0.0,10.0,0.0,0.0,10.0,0.0,10.0,0.3209149241447449,0.20499324798583984,2.7962239583333335,0.27597800890604657,0.021495406826337177,-0.07738465070724487
848,1.1005952909999905,106.36032,0.9025669097900391,0.34708428382873535,0.0150414127856493,0.0205078125,0.06890390813350677,0.0,0.07003462314605713,1.5229443311691284,4.538147926330566,0.48332756757736206,0.0,10.0,0.0,0.0,10.0,0.0,10.0,0.3210497498512268,0.19979757070541382,2.7981363932291665,0.276047945022583,0.021467854579289753,-0.07743191719055176
849,1.0564689009997892,106.36032,0.8911691904067993,0.341751366853714,0.01568743586540222,0.021484375,0.06765066087245941,0.0,0.0703294575214386,1.6165168285369873,4.561378002166748,0.4881008565425873,0.0,8.0,1.0,1.0,8.0,0.0,8.0,0.3216049869855245,0.19744865596294403,2.803466796875,0.2763951818148295,0.02146131545305252,-0.07752335071563721
