iter,t_iter_s,peak_mem_mb,loss,vx,grad_norm,terrain_level,loss_v,loss_clear,loss_gproj,loss_tilt,tilt_frac_active,loss_fq,loss_fres,foot_res_abs_mean,foot_res_x_abs_mean,foot_res_y_abs_mean,loss_omega,loss_ctrl,loss_yaw,mean_abs_yaw_cmd,n_falls,n_timeouts,n_move_up,n_move_down,n_fall_height,n_fall_tilt,mean_base_h,min_base_h,mean_n_contact,mean_base_z,mean_foot_clear,min_foot_clear
0,3.806895334999979,114.533376,1.7567757368087769,0.09107603132724762,0.7802606225013733,2.4853515625,0.1709374636411667,0.0,0.0005969544290564954,0.0,0.0,0.0,0.0,0.0,0.0,0.0,0.18577709794044495,0.01821151003241539,5.3908268455415964e-05,0.0,0.0,0.0,0.0,0.0,0.0,0.0,0.33754897117614746,0.29280123114585876,3.36566162109375,0.25658084948857623,0.02063271403312683,-0.10674947500228882
1,1.8026102800000103,115.161088,1.7346677780151367,0.0949169173836708,0.7683118581771851,2.4853515625,0.16786102950572968,0.0,0.0011063546407967806,0.0,0.0,0.0,0.0,0.0,0.0,0.0,0.033344801515340805,0.06796424090862274,0.00025204115081578493,0.0,0.0,0.0,0.0,0.0,0.0,0.0,0.3354496161142985,0.29245898127555847,3.8680419921875,0.25429069995880127,0.021309542159239452,-0.028937920928001404
2,1.8017881470000248,115.357696,1.4416944980621338,0.13253070414066315,0.7342219352722168,2.4853515625,0.13739389181137085,0.0,0.0012850252678617835,0.0,0.0,0.0,0.0,0.0,0.0,0.0,0.023423802107572556,0.267335444688797,0.0006052262033335865,0.0,0.0,0.0,0.0,0.0,0.0,0.0,0.3362579345703125,0.2982928156852722,3.8568115234375,0.2549983064333598,0.021221439043680828,-0.03395885229110718
3,1.7977312060000372,116.537344,0.9977014660835266,0.2020261287689209,0.6382233500480652,2.4853515625,0.09111243486404419,0.0,0.001431037439033389,0.0,0.0,0.0,0.0,0.0,0.0,0.0,0.015156956389546394,0.6591389179229736,0.000936278491280973,0.0,0.0,0.0,0.0,0.0,0.0,0.0,0.3358418544133504,0.299807608127594,3.8601277669270835,0.2545710802078247,0.021085734168688457,-0.05020636320114136
4,1.7724422790000176,116.537344,0.6482270956039429,0.27672266960144043,0.5028309226036072,2.4853515625,0.053132496774196625,0.0,0.0014881431125104427,0.0,0.0,0.0,0.0,0.0,0.0,0.0,0.015861786901950836,1.3008354902267456,0.0010632176417857409,0.0,0.0,0.0,0.0,0.0,0.0,0.0,0.333848237991333,0.2957291901111603,3.8284098307291665,0.2526433865229289,0.020907824238141377,-0.06860554218292236
5,1.775089639999976,116.537344,0.46714067459106445,0.3379610776901245,0.37577328085899353,2.4853515625,0.030021099373698235,0.0,0.001746123074553907,0.0,0.0,0.0,0.0,0.0,0.0,0.0,0.02229487895965576,2.347607135772705,0.0009804549627006054,0.0,0.0,0.0,0.0,0.0,0.0,0.0,0.3292018175125122,0.28352653980255127,3.671630859375,0.247998317082723,0.020726460963487625,-0.07705265283584595
6,1.7876557390000016,116.537344,0.42709070444107056,0.37591373920440674,0.29389774799346924,2.4853515625,0.019103260710835457,0.0,0.002534407190978527,0.0,0.0,0.0,0.0,0.0,0.0,0.0,0.0436512753367424,3.9864501953125,0.0008268013480119407,0.0,0.0,0.0,0.0,0.0,0.0,0.0,0.3207814296086629,0.2522311210632324,3.396484375,0.23950695991516113,0.020584817975759506,-0.07707524299621582
7,1.8090160599999763,116.537344,0.4197978377342224,0.4248555898666382,0.175880566239357,2.4853515625,0.009810933843255043,0.0,0.00500876922160387,0.0,0.0,0.0,0.0,0.0,0.0,0.0,0.13512210547924042,6.34701681137085,0.0007598091615363955,0.0,0.0,0.0,0.0,0.0,0.0,0.0,0.3089027802149455,0.22857606410980225,3.2240804036458335,0.2276716430981954,0.020459110538164776,-0.07714784145355225
8,1.7950209989999735,116.537344,0.4821450710296631,0.5088706016540527,0.21804341673851013,2.4853515625,0.0059324814938008785,0.0,0.012908532284200191,2.7100563215753937e-07,0.0008951823110692203,0.0,0.0,0.0,0.0,0.0,0.43458378314971924,9.228799819946289,0.0008584754541516304,0.0,0.0,0.0,0.0,0.0,0.0,0.0,0.29279961188634235,0.2066405713558197,3.15740966796875,0.21167659759521484,0.020354592551787693,-0.07725715637207031
9,1.8140824410000391,116.537344,0.8360667824745178,0.6053045392036438,0.3740004301071167,2.4853515625,0.030021613463759422,0.0,0.03716335818171501,1.4797158200963167e-06,0.0024210612755268812,0.0,0.0,0.0,0.0,0.0,1.4174690246582031,11.579122543334961,0.0011688973754644394,0.0,0.0,0.0,0.0,0.0,0.0,0.0,0.2673058311144511,0.19137316942214966,3.0832722981770835,0.18610276778539023,0.02051290621360143,-0.07739955186843872
10,1.783627265000007,116.537344,2.03946590423584,0.52496337890625,0.25858765840530396,2.4853515625,0.13735413551330566,0.0,0.10820382833480835,1.8690105207497254e-05,0.00457763671875,0.0,0.0,0.0,0.0,0.0,3.249025344848633,12.39747428894043,0.0019387979991734028,0.0,0.0,0.0,0.0,0.0,0.0,0.0,0.23162364959716797,0.18219298124313354,2.3963419596354165,0.15038134654362997,0.020554545025030773,-0.07757079601287842
11,1.8858892760000003,116.537344,4.867916107177734,-0.09901010990142822,0.9805666208267212,2.4833984375,0.42192137241363525,0.0,0.18149718642234802,8.218923176173121e-05,0.02046712301671505,0.0,0.0,0.0,0.0,0.0,1.249866247177124,11.592867851257324,0.006336336489766836,0.0,2.0,0.0,0.0,2.0,2.0,0.0,0.23297133048375449,0.15919697284698486,1.9137980143229167,0.15091047684351602,0.02040969456235568,-0.07773303985595703
12,1.9505946320000476,116.537344,3.105330228805542,0.013178926892578602,0.7783255577087402,2.4775390625,0.24658840894699097,0.0,0.24471502006053925,0.00036147082573734224,0.0587972030043602,0.0,0.0,0.0,0.0,0.0,0.5149964094161987,11.398040771484375,0.035071443766355515,0.0,6.0,0.0,0.0,6.0,0.0,6.0,0.24453632036844888,0.17028313875198364,1.847412109375,0.16210960348447165,0.020405335972706478,-0.07785898447036743
13,1.96001110200001,116.537344,3.1282718181610107,0.010213104076683521,0.7854265570640564,2.4736328125,0.24823050200939178,0.0,0.2585436701774597,0.0005518033867701888,0.0674031600356102,0.0,0.0,0.0,0.0,0.0,0.10277475416660309,11.711462020874023,0.02237299643456936,0.0,5.0,0.0,0.0,5.0,0.0,5.0,0.24708014726638794,0.17065346240997314,1.9649251302083333,0.16428714990615845,0.020368953545888264,-0.07789283990859985
14,2.02237987999996,116.537344,3.2374088764190674,0.004304301925003529,0.7723950147628784,2.470703125,0.2578849196434021,0.0,0.25074952840805054,0.000617283396422863,0.0667317733168602,0.0,0.0,0.0,0.0,0.0,0.1261509656906128,12.584628105163574,0.01773543655872345,0.0,4.0,0.0,0.0,4.0,0.0,4.0,0.24439597129821777,0.17750665545463562,2.0135091145833335,0.16130907336870828,0.020387090742588043,-0.07700395584106445
15,2.017204929000002,116.537344,3.1796703338623047,0.0146388104185462,0.8864051103591919,2.4697265625,0.25078991055488586,0.0,0.24362671375274658,0.0006556337466463447,0.0637613981962204,0.0,0.0,0.0,0.0,0.0,0.11749470233917236,13.718279838562012,0.017424531280994415,0.0,1.0,0.0,0.0,1.0,0.0,1.0,0.24104422330856323,0.1838291883468628,2.0164794921875,0.15810027718544006,0.020389601588249207,-0.07171511650085449
16,2.070053847000054,116.537344,3.0871753692626953,0.026218891143798828,0.7649959325790405,2.4638671875,0.24118614196777344,0.0,0.24656209349632263,0.0008177810232155025,0.0665283203125,0.0,0.0,0.0,0.0,0.0,0.13908091187477112,14.933985710144043,0.021889572963118553,0.0,6.0,0.0,0.0,6.0,0.0,6.0,0.2404276728630066,0.1870621144771576,1.9991658528645833,0.15722550948460898,0.020494012782971065,-0.06460928916931152
17,2.074260448000018,116.537344,3.0430610179901123,0.02679034322500229,0.7283434867858887,2.4599609375,0.23687589168548584,0.0,0.25512444972991943,0.0009367589373141527,0.0701090544462204,0.0,0.0,0.0,0.0,0.0,0.1305694431066513,16.03896713256836,0.050822772085666656,0.0,6.0,0.0,0.0,6.0,0.0,6.0,0.24218289057413736,0.18666520714759827,1.98883056640625,0.15871296326319376,0.020473651587963104,-0.019517796114087105
18,2.1485460770000486,116.537344,3.022324562072754,0.027795884758234024,0.6773890256881714,2.455078125,0.23542344570159912,0.0,0.2661459445953369,0.0011865150881931186,0.0767822265625,0.0,0.0,0.0,0.0,0.0,0.13856014609336853,16.94336700439453,0.03955467790365219,0.0,6.0,0.0,0.0,6.0,0.0,6.0,0.24462334314982095,0.1899629831314087,1.9940388997395833,0.1609002649784088,0.0203657162686189,-0.019345616921782494
19,2.2615697030000206,116.537344,2.9974935054779053,0.030974794179201126,0.6337393522262573,2.447265625,0.23411265015602112,0.0,0.27694350481033325,0.001346549834124744,0.0887044295668602,0.0,0.0,0.0,0.0,0.0,0.16935716569423676,17.6345272064209,0.044866159558296204,0.0,11.0,0.0,0.0,11.0,0.0,11.0,0.24779138962427774,0.188226580619812,2.0068155924479165,0.1636305352052053,0.02024072657028834,-0.017222635447978973
20,2.2743978940000034,116.537344,2.955733299255371,0.03410821408033371,0.4765068292617798,2.44140625,0.23182952404022217,0.0,0.29106175899505615,0.001420097891241312,0.1274210661649704,0.0,0.0,0.0,0.0,0.0,0.20586702227592468,18.120887756347656,0.03706727549433708,0.0,8.0,0.0,0.0,8.0,0.0,8.0,0.25198612610499066,0.1857578158378601,2.02362060546875,0.16741931438446045,0.020242591698964436,-0.020399659872055054
21,2.2013064710000094,116.537344,2.9319870471954346,0.036124467849731445,0.35498490929603577,2.4326171875,0.23102450370788574,0.0,0.3118698000907898,0.0016177300130948424,0.3966471552848816,0.0,0.0,0.0,0.0,0.0,0.2762903571128845,18.156856536865234,0.05779930204153061,0.0,10.0,0.0,0.0,10.0,0.0,10.0,0.2567944327990214,0.18482905626296997,2.0413614908854165,0.1715015967686971,0.020206116139888763,-0.02375936508178711
22,2.082559353000022,116.537344,2.950155258178711,0.03366833180189133,0.34637558460235596,2.4248046875,0.23455780744552612,0.0,0.33846527338027954,0.0027045547030866146,0.8368937373161316,0.0,0.0,0.0,0.0,0.0,0.3605179786682129,17.556278228759766,0.06682828813791275,0.0,11.0,0.0,0.0,11.0,0.0,11.0,0.2620934844017029,0.18796813488006592,2.05487060546875,0.17601027091344199,0.020191263407468796,-0.0342525839805603
23,2.1092678090000163,116.537344,3.0042781829833984,0.030323313549160957,0.1976102590560913,2.40234375,0.24144300818443298,0.0,0.3644655644893646,0.004566710442304611,0.88909912109375,0.0,0.0,0.0,0.0,0.0,0.4477827548980713,16.645553588867188,0.09795092791318893,0.0,24.0,0.0,0.0,24.0,0.0,24.0,0.26768891016642254,0.19350290298461914,2.0425008138020835,0.18101360400517783,0.02022261420885722,-0.016522645950317383
24,2.1376742209999975,116.537344,3.065260648727417,0.026734551414847374,0.18209777772426605,2.3720703125,0.2495378702878952,0.0,0.38015854358673096,0.006575792096555233,0.8709920644760132,0.0,0.0,0.0,0.0,0.0,0.5193623304367065,15.41212272644043,0.09111949801445007,0.0,37.0,0.0,0.0,37.0,0.0,37.0,0.27415517965952557,0.19594648480415344,2.05426025390625,0.18686064084370932,0.020289794852336247,-0.014390897005796432
25,2.2108140429999708,116.537344,3.148948907852173,0.019591953605413437,0.17493614554405212,2.3251953125,0.2599739730358124,0.0,0.3854769170284271,0.008394932374358177,0.8434244990348816,0.0,0.0,0.0,0.0,0.0,0.5526318550109863,13.927244186401367,0.15739290416240692,0.0,54.0,0.0,0.0,54.0,0.0,54.0,0.2807124654452006,0.19774490594863892,2.0612589518229165,0.1925021012624105,0.02038581172625224,-0.031566914170980453
26,2.083259888999976,116.537344,3.221992254257202,0.012714279815554619,0.1566796749830246,2.294921875,0.27029848098754883,0.0,0.3848978877067566,0.0105053735896945,0.8067220449447632,0.0,0.0,0.0,0.0,0.0,0.5961431264877319,12.347460746765137,0.142738938331604,0.0,39.0,0.0,0.0,39.0,0.0,39.0,0.2865540385246277,0.22321289777755737,2.093505859375,0.19669552644093832,0.020362344880898792,-0.035195838660001755
27,2.1671266199999764,116.537344,3.303805351257324,0.007795830722898245,0.1380271464586258,2.2451171875,0.2809221148490906,0.0,0.3824000954627991,0.013362659141421318,0.7632039785385132,0.0,0.0,0.0,0.0,0.0,0.6913372874259949,10.777793884277344,0.1715594381093979,0.0,60.0,0.0,0.0,60.0,0.0,60.0,0.2908906936645508,0.21292409300804138,2.1451212565104165,0.2001715898513794,0.020439745237429936,-0.036163777112960815
28,2.2521142009999835,116.537344,3.3358840942382812,0.005793778225779533,0.1310274749994278,2.1640625,0.2874910533428192,0.0,0.3564457893371582,0.014416461810469627,0.6869913935661316,0.0,0.0,0.0,0.0,0.0,0.7627798914909363,9.629968643188477,0.23598919808864594,0.0,107.0,0.0,0.0,107.0,0.0,107.0,0.29808318614959717,0.1923702359199524,2.2474772135416665,0.20641700426737467,0.020496482650438946,-0.07859033346176147
29,2.208727629000009,116.537344,3.263409376144409,0.006080993451178074,0.13868547976016998,2.08203125,0.2852798402309418,0.0,0.30988800525665283,0.01258923765271902,0.58990478515625,0.0,0.0,0.0,0.0,0.0,0.715050220489502,8.83566665649414,0.21554836630821228,0.0,101.0,0.0,0.0,101.0,0.0,101.0,0.3086349368095398,0.19355016946792603,2.41668701171875,0.21434648831685385,0.02048934002717336,-0.07857191562652588
30,2.130361220999987,116.537344,3.2046866416931152,0.005922001786530018,0.14917947351932526,2.02734375,0.2838976979255676,0.0,0.2744705379009247,0.011532729491591454,0.513427734375,0.0,0.0,0.0,0.0,0.0,0.6934263110160828,7.961799621582031,0.16501392424106598,0.0,73.0,0.0,0.0,73.0,0.0,73.0,0.31714701652526855,0.18655824661254883,2.5845743815104165,0.22065265973409018,0.020443104207515717,-0.09799176454544067
31,2.054323855000007,116.537344,3.148897886276245,0.009715134277939796,0.1879647672176361,1.9677734375,0.2817237377166748,0.0,0.2469700425863266,0.011465266346931458,0.45111083984375,0.0,0.0,0.0,0.0,0.0,0.7035452127456665,7.058222770690918,0.15736156702041626,0.0,72.0,0.0,0.0,72.0,0.0,72.0,0.3234861095746358,0.18300795555114746,2.7261555989583335,0.22722401221593222,0.020445163051287334,-0.09756535291671753
32,2.082429955000009,116.537344,3.056464433670044,0.013306181877851486,0.15772007405757904,1.91015625,0.2756378650665283,0.0,0.2175806760787964,0.011168507859110832,0.38629150390625,0.0,0.0,0.0,0.0,0.0,0.6486777067184448,6.253701686859131,0.1825658082962036,0.0,78.0,0.0,0.0,78.0,0.0,78.0,0.32914161682128906,0.17678970098495483,2.8664957682291665,0.23401103417078653,0.02052787443002065,-0.07901829481124878
33,2.0634232109999857,116.537344,2.890120029449463,0.0202027540653944,0.2207198292016983,1.853515625,0.26326239109039307,0.0,0.18249332904815674,0.009747447445988655,0.3164469599723816,0.0,0.0,0.0,0.0,0.0,0.5344421863555908,5.502269744873047,0.1495462954044342,0.0,75.0,0.0,0.0,75.0,0.0,75.0,0.3347352345784505,0.1753963828086853,3.0167236328125,0.2414588729540507,0.020652332653601963,-0.07752799987792969
34,2.0939303090000294,116.537344,2.6874024868011475,0.03261403739452362,0.2046150267124176,1.7998046875,0.24654221534729004,0.0,0.1485164761543274,0.00800401158630848,0.25677490234375,0.0,0.0,0.0,0.0,0.0,0.42199963331222534,4.829370021820068,0.12343661487102509,0.0,67.0,0.0,0.0,67.0,0.0,67.0,0.33948278427124023,0.17600023746490479,3.16748046875,0.24908743302027384,0.0207475187877814,-0.0904313325881958
35,2.015025111,116.537344,2.477559804916382,0.04787308722734451,0.17713332176208496,1.765625,0.22820548713207245,0.0,0.12563472986221313,0.007015235722064972,0.2134806364774704,0.0,0.0,0.0,0.0,0.0,0.3646307587623596,4.17572021484375,0.09750796854496002,0.0,44.0,0.0,0.0,44.0,0.0,44.0,0.3420554002126058,0.17320531606674194,3.2782999674479165,0.25424492359161377,0.020832328746716183,-0.09673053026199341
36,1.9945909939999638,116.537344,2.2328217029571533,0.06628374755382538,0.17928649485111237,1.7294921875,0.20613718032836914,0.0,0.10123138129711151,0.005647711455821991,0.1685587614774704,0.0,0.0,0.0,0.0,0.0,0.27342909574508667,3.6130921840667725,0.10123027861118317,0.0,43.0,0.0,0.0,43.0,0.0,43.0,0.3438170353571574,0.1728421449661255,3.38543701171875,0.2592545549074809,0.020902844766775768,-0.09668314456939697
37,1.952526993000049,116.537344,1.992211103439331,0.08878456801176071,0.25025710463523865,1.7080078125,0.18436770141124725,0.0,0.08326712995767593,0.004461236298084259,0.1363321989774704,0.0,0.0,0.0,0.0,0.0,0.2149001657962799,3.1180167198181152,0.055713217705488205,0.0,29.0,0.0,0.0,29.0,0.0,29.0,0.3445588747660319,0.1726401448249817,3.4613850911458335,0.26191580295562744,0.020933136343955994,-0.09650862216949463
38,1.9442504809999832,116.537344,1.7774922847747803,0.11118703335523605,0.24274355173110962,1.6884765625,0.1643849015235901,0.0,0.06831153482198715,0.003262036945670843,0.1119384765625,0.0,0.0,0.0,0.0,0.0,0.19078600406646729,2.764857769012451,0.04190177842974663,0.0,23.0,0.0,0.0,23.0,0.0,23.0,0.34450562795003253,0.17213159799575806,3.5168863932291665,0.26340019702911377,0.020938848455746967,-0.09634673595428467
39,1.9609512239999844,116.537344,1.6043826341629028,0.13320769369602203,0.19832612574100494,1.6767578125,0.14746618270874023,0.0,0.060830216854810715,0.0025809300132095814,0.1009724959731102,0.0,0.0,0.0,0.0,0.0,0.2006252408027649,2.556204319000244,0.03515085205435753,0.0,16.0,0.0,0.0,16.0,0.0,16.0,0.3427515427271525,0.17068427801132202,3.5157674153645835,0.26295632123947144,0.020917107661565144,-0.09625011682510376
40,1.944959842000003,116.537344,1.465803623199463,0.1536552608013153,0.2686118185520172,1.671875,0.13328832387924194,0.0,0.05852467939257622,0.002462477423250675,0.0949503630399704,0.0,0.0,0.0,0.0,0.0,0.21339282393455505,2.4776360988616943,0.03290139138698578,0.0,10.0,0.0,0.0,10.0,0.0,10.0,0.34004680315653485,0.16765069961547852,3.4722493489583335,0.2609429955482483,0.02088370422522227,-0.09630787372589111
41,1.9678356300000246,116.537344,1.3376023769378662,0.1755889654159546,0.1901649385690689,1.6669921875,0.11928411573171616,0.0,0.056164465844631195,0.002226970624178648,0.087890625,0.0,0.0,0.0,0.0,0.0,0.22759905457496643,2.6231579780578613,0.0214635469019413,0.0,9.0,0.0,0.0,9.0,0.0,9.0,0.3367146650950114,0.1656230092048645,3.4082845052083335,0.2579266428947449,0.020812436938285828,-0.09647637605667114
42,1.9613771340000312,116.537344,1.2326738834381104,0.19924868643283844,0.1842503547668457,1.658203125,0.10662641376256943,0.0,0.057224951684474945,0.002218434354290366,0.0846150740981102,0.0,0.0,0.0,0.0,0.0,0.27549049258232117,2.926978826522827,0.03885754942893982,0.0,10.0,0.0,0.0,10.0,0.0,10.0,0.3321187694867452,0.1649819016456604,3.2769978841145835,0.2533353765805562,0.020750568558772404,-0.0965920090675354
43,1.9290673900000002,116.537344,1.1135057210922241,0.23219013214111328,0.12508855760097504,1.6513671875,0.09245754778385162,0.0,0.059693362563848495,0.0021042379084974527,0.0775146484375,0.0,0.0,0.0,0.0,0.0,0.37121468782424927,3.4101901054382324,0.018565107136964798,0.0,8.0,0.0,0.0,8.0,0.0,8.0,0.3265717228253682,0.16456389427185059,3.1554158528645835,0.2478545904159546,0.020755060017108917,-0.07759344577789307
44,2.0221052930000383,116.537344,0.9821860790252686,0.2803935110569,0.08523696660995483,1.6455078125,0.07563930004835129,0.0,0.0652598887681961,0.0016396194696426392,0.0737101286649704,0.0,0.0,0.0,0.0,0.0,0.5470694899559021,4.051431655883789,0.037374645471572876,0.0,11.0,0.0,0.0,11.0,0.0,11.0,0.319338321685791,0.16455060243606567,3.0517578125,0.24092415968577066,0.020771503448486328,-0.07729941606521606
45,2.1440290790000063,116.537344,0.9395914673805237,0.34187665581703186,0.08695486187934875,1.6435546875,0.06676532328128815,0.0,0.08308802545070648,0.0014702028129249811,0.0782063826918602,0.0,0.0,0.0,0.0,0.0,0.919611930847168,4.783753395080566,0.01906580477952957,0.0,4.0,0.0,0.0,4.0,0.0,4.0,0.3087596694628398,0.16441476345062256,2.9301350911458335,0.2302971084912618,0.02053417017062505,-0.07725387811660767
46,2.0784016749999523,116.537344,1.1907949447631836,0.35899221897125244,0.11658011376857758,1.6396484375,0.08597531169652939,0.0,0.11706821620464325,0.0014902572147548199,0.1280721127986908,0.0,0.0,0.0,0.0,0.0,1.4118144512176514,5.519649028778076,0.030999695882201195,0.0,6.0,0.0,0.0,6.0,0.0,6.0,0.2954273025194804,0.1634535789489746,2.6924235026041665,0.21691948175430298,0.020466217150290806,-0.07716119289398193
47,2.1034776989999955,116.537344,1.57081937789917,0.3378225862979889,0.2502806484699249,1.6357421875,0.11796264350414276,0.0,0.16718849539756775,0.0021549472585320473,0.2187296599149704,0.0,0.0,0.0,0.0,0.0,1.8264074325561523,6.1840009689331055,0.03606916591525078,0.0,5.0,0.0,0.0,5.0,0.0,5.0,0.28403757015864056,0.16190987825393677,2.3805948893229165,0.20537896951039633,0.02045786753296852,-0.07708197832107544
48,2.0351099599999998,116.537344,2.013735294342041,0.3207143247127533,0.22768427431583405,1.6240234375,0.1556522250175476,0.0,0.2339819371700287,0.003245765110477805,0.3115437924861908,0.0,0.0,0.0,0.0,0.0,2.436544418334961,7.0227556228637695,0.05355173349380493,0.0,14.0,0.0,0.0,14.0,1.0,13.0,0.27392574151357013,0.15994751453399658,2.0709431966145835,0.19497899214426676,0.020356221745411556,-0.07701069116592407
49,2.068997596000031,116.537344,2.9278178215026855,0.18370014429092407,0.21278907358646393,1.6123046875,0.24208246171474457,0.0,0.31489211320877075,0.004875211976468563,0.4780476987361908,0.0,0.0,0.0,0.0,0.0,2.485617160797119,7.875380516052246,0.07598839700222015,0.0,17.0,0.0,0.0,17.0,0.0,17.0,0.2695764899253845,0.17071551084518433,1.7527262369791667,0.18991945187250772,0.020385717352231342,-0.07710099220275879
50,2.0496184230000267,116.537344,3.4814319610595703,0.04251006245613098,0.24186572432518005,1.595703125,0.29517239332199097,0.0,0.3827548921108246,0.00718224560841918,0.7597249746322632,0.0,0.0,0.0,0.0,0.0,1.8403791189193726,8.614238739013672,0.12081257998943329,0.0,28.0,0.0,0.0,28.0,0.0,28.0,0.2742486000061035,0.1704288125038147,1.58270263671875,0.1932995319366455,0.020378222068150837,-0.07723581790924072
51,2.1691339090000383,116.537344,3.3836028575897217,0.040205296128988266,0.18478992581367493,1.5654296875,0.2842321991920471,0.0,0.41690611839294434,0.010760664939880371,0.8593343496322632,0.0,0.0,0.0,0.0,0.0,1.441651701927185,9.251758575439453,0.19607555866241455,0.0,44.0,0.0,0.0,44.0,0.0,44.0,0.27973488966623944,0.17074579000473022,1.64483642578125,0.1981146732966105,0.020463892569144566,-0.07726818323135376
52,2.230590049,116.537344,3.485197067260742,0.05069676786661148,0.17409728467464447,1.5302734375,0.29444262385368347,0.0,0.41939687728881836,0.014955580234527588,0.83148193359375,0.0,0.0,0.0,0.0,0.0,1.4073857069015503,9.450756072998047,0.218287393450737,0.0,54.0,0.0,0.0,54.0,0.0,54.0,0.28065717220306396,0.17293936014175415,1.80010986328125,0.19803780317306519,0.020443066954612732,-0.07729482650756836
53,2.3394723819999967,116.537344,3.428056240081787,0.0649067685008049,0.14559465646743774,1.423828125,0.2901933789253235,0.0,0.3763568103313446,0.01594792865216732,0.7349853515625,0.0,0.0,0.0,0.0,0.0,1.513669729232788,9.48784065246582,0.3838675022125244,0.0,170.0,0.0,0.0,170.0,0.0,170.0,0.2834487557411194,0.17666643857955933,1.9492390950520833,0.20295727252960205,0.020550077160199482,-0.07725399732589722
54,2.3050265040000113,116.537344,2.7624411582946777,0.11155955493450165,0.13149811327457428,1.34765625,0.23150521516799927,0.0,0.2965719699859619,0.01042291708290577,0.60052490234375,0.0,0.0,0.0,0.0,0.0,1.2615207433700562,9.366921424865723,0.301831990480423,0.0,122.0,0.0,0.0,122.0,0.0,122.0,0.2937004367510478,0.17867225408554077,2.2230631510416665,0.21606884400049844,0.020664267241954803,-0.07722723484039307
55,2.2090768759999833,116.537344,2.4201128482818604,0.15315383672714233,0.1227727085351944,1.2998046875,0.2024061381816864,0.0,0.2603456676006317,0.00883097667247057,0.52459716796875,0.0,0.0,0.0,0.0,0.0,1.3468679189682007,8.975460052490234,0.19585494697093964,0.0,82.0,0.0,0.0,82.0,0.0,82.0,0.2992806037267049,0.16932356357574463,2.3619588216145835,0.222129225730896,0.02066163346171379,-0.07707327604293823
56,2.1326728110000204,116.537344,2.2955102920532227,0.17514412105083466,0.10529045015573502,1.2431640625,0.19263681769371033,0.0,0.23759779334068298,0.007879158481955528,0.4609578549861908,0.0,0.0,0.0,0.0,0.0,1.5572550296783447,8.236724853515625,0.22729945182800293,0.0,86.0,0.0,0.0,86.0,0.0,86.0,0.30252595742543537,0.17079514265060425,2.4503173828125,0.22658209005991617,0.02060279871026675,-0.07679545879364014
57,2.1914604080000117,116.537344,2.151973247528076,0.20057755708694458,0.08192864805459976,1.19921875,0.18028423190116882,0.0,0.23165643215179443,0.007836268283426762,0.4267171323299408,0.0,0.0,0.0,0.0,0.0,1.9041017293930054,7.461860656738281,0.1811549961566925,0.0,72.0,0.0,0.0,72.0,0.0,72.0,0.3048320412635803,0.1753239631652832,2.46319580078125,0.23002986113230386,0.020742472261190414,-0.07684135437011719
58,2.1603306309999653,116.537344,2.029262065887451,0.22008450329303741,0.07191193103790283,1.16015625,0.16892966628074646,0.0,0.23303404450416565,0.007972262799739838,0.4038289487361908,0.0,0.0,0.0,0.0,0.0,2.1567330360412598,7.238201141357422,0.17835895717144012,0.0,73.0,0.0,0.0,73.0,0.0,73.0,0.3061785101890564,0.17726147174835205,2.4346516927083335,0.23177671432495117,0.020874989529450733,-0.07684910297393799
59,2.129637586000001,116.537344,1.930346965789795,0.24108552932739258,0.05541812628507614,1.11328125,0.15973889827728271,0.0,0.2375342696905136,0.008555964566767216,0.3903401792049408,0.0,0.0,0.0,0.0,0.0,2.2817611694335938,6.7436933517456055,0.20874378085136414,0.0,84.0,0.0,0.0,84.0,0.0,84.0,0.3071340322494507,0.17973852157592773,2.4193115234375,0.23185215393702188,0.020923381050427754,-0.07824969291687012
60,2.081364325999971,116.537344,1.8946694135665894,0.24361489713191986,0.05180948227643967,1.05859375,0.15749552845954895,0.0,0.24227866530418396,0.009368265978991985,0.4160563349723816,0.0,0.0,0.0,0.0,0.0,2.2308011054992676,5.8947954177856445,0.22422584891319275,0.0,89.0,0.0,0.0,89.0,0.0,89.0,0.3108248710632324,0.18391025066375732,2.3979288736979165,0.23519033193588257,0.020963944494724274,-0.07686036825180054
61,2.0236781879999626,116.537344,1.735701560974121,0.25754350423812866,0.056011248379945755,0.9873046875,0.1440618485212326,0.0,0.22265586256980896,0.00995439849793911,0.3724161982536316,0.0,0.0,0.0,0.0,0.0,2.0450339317321777,5.6454925537109375,0.2990001440048218,0.0,134.0,0.0,0.0,134.0,0.0,134.0,0.3194720347722371,0.18719398975372314,2.41986083984375,0.24616465965906778,0.021128868063290913,-0.07686394453048706
62,2.003747402999977,116.537344,1.5135855674743652,0.2999745011329651,0.05750255286693573,0.9287109375,0.12617719173431396,0.0,0.1901342272758484,0.01122079323977232,0.30181884765625,0.0,0.0,0.0,0.0,0.0,1.883075475692749,5.267587184906006,0.2255188226699829,0.0,118.0,0.0,0.0,118.0,0.0,118.0,0.32634584108988446,0.19258320331573486,2.4482014973958335,0.2546020746231079,0.02131732553243637,-0.07684153318405151
63,2.0307838699999934,116.537344,1.4262230396270752,0.339387446641922,0.060795243829488754,0.87109375,0.12110285460948944,0.0,0.14613674581050873,0.01053384505212307,0.2213948667049408,0.0,0.0,0.0,0.0,0.0,1.5525983572006226,4.595830917358398,0.2343367338180542,0.0,106.0,0.0,0.0,106.0,0.0,106.0,0.331438144048055,0.18807435035705566,2.5235595703125,0.26161623001098633,0.02104951689640681,-0.09636551141738892
64,2.0910320389999697,116.537344,1.3029128313064575,0.39191800355911255,0.05564086139202118,0.833984375,0.11242552846670151,0.0,0.10322345793247223,0.00801403820514679,0.1501871794462204,0.0,0.0,0.0,0.0,0.0,1.4515933990478516,4.450239181518555,0.15988188982009888,0.0,72.0,0.0,0.0,72.0,0.0,72.0,0.3343318700790405,0.1823381781578064,2.5888875325520835,0.26546068986256915,0.02087437113126119,-0.09664899110794067
65,1.882699525000021,116.537344,1.1635894775390625,0.453271746635437,0.04158741235733032,0.8125,0.10088348388671875,0.0,0.07203841209411621,0.005158660467714071,0.0985107421875,0.0,0.0,0.0,0.0,0.0,1.5466196537017822,4.2112531661987305,0.09497394412755966,0.0,39.0,0.0,0.0,39.0,0.0,39.0,0.334438959757487,0.17790788412094116,2.6238199869791665,0.26516177256902057,0.020766187459230423,-0.09751850366592407
66,1.7554524760000163,116.537344,1.1333067417144775,0.4862492084503174,0.044590722769498825,0.8017578125,0.09881152957677841,0.0,0.05905986577272415,0.0037399909924715757,0.0709431990981102,0.0,0.0,0.0,0.0,0.0,1.7256616353988647,3.78094744682312,0.05779135227203369,0.0,29.0,0.0,0.0,29.0,0.0,29.0,0.3319211006164551,0.176155686378479,2.702880859375,0.2619972030321757,0.020943259199460346,-0.09744292497634888
67,1.763466646999973,116.537344,1.133270263671875,0.4946085810661316,0.0669524222612381,0.7861328125,0.0983869731426239,0.0,0.05299932882189751,0.0028413301333785057,0.0522054061293602,0.0,0.0,0.0,0.0,0.0,2.031613349914551,3.691405773162842,0.07616829872131348,0.0,24.0,0.0,0.0,24.0,0.0,24.0,0.3291999300320943,0.1762838363647461,2.7301025390625,0.25950924555460614,0.020565455158551533,-0.09808522462844849
68,1.7498674830000027,116.537344,1.1525534391403198,0.4907481372356415,0.10873739421367645,0.77734375,0.09999774396419525,0.0,0.05295790731906891,0.0021618956234306097,0.0477294921875,0.0,0.0,0.0,0.0,0.0,2.2206859588623047,3.664760112762451,0.05918126553297043,0.0,12.0,0.0,0.0,12.0,0.0,12.0,0.3275064031283061,0.18508923053741455,2.6733601888020835,0.2579874595006307,0.020267579704523087,-0.09797948598861694
69,1.8844848719999732,116.537344,1.2240411043167114,0.45581912994384766,0.08643841743469238,0.767578125,0.10659819841384888,0.0,0.061850082129240036,0.0017625940963625908,0.0493570975959301,0.0,0.0,0.0,0.0,0.0,2.378546953201294,3.34158992767334,0.09086345136165619,0.0,18.0,0.0,0.0,18.0,0.0,18.0,0.3264085054397583,0.1874014139175415,2.6340128580729165,0.25650113821029663,0.019987220565478008,-0.09785932302474976
70,1.8371673359999932,116.537344,1.3339720964431763,0.40767598152160645,0.11212939769029617,0.7548828125,0.116854727268219,0.0,0.07243146747350693,0.001516113057732582,0.0583089217543602,0.0,0.0,0.0,0.0,0.0,2.5463051795959473,3.1802823543548584,0.10842698067426682,0.0,25.0,0.0,0.0,25.0,0.0,25.0,0.32595765590667725,0.18717211484909058,2.6126505533854165,0.25601569811503094,0.020010328541199367,-0.09779173135757446
71,1.7979036140000062,116.537344,1.3757903575897217,0.3824341893196106,0.09514136612415314,0.7412109375,0.12007254362106323,0.0,0.08531798422336578,0.0015101851895451546,0.0863240584731102,0.0,0.0,0.0,0.0,0.0,2.6878774166107178,3.22809100151062,0.12019165605306625,0.0,28.0,0.0,0.0,28.0,0.0,28.0,0.3277025818824768,0.18037497997283936,2.5332845052083335,0.2572030822436015,0.01977236568927765,-0.0972169041633606
72,1.8826948500000071,116.537344,1.3846559524536133,0.368490606546402,0.03935455158352852,0.7177734375,0.12015145272016525,0.0,0.09453695267438889,0.002061734441667795,0.1150105819106102,0.0,0.0,0.0,0.0,0.0,2.61142635345459,3.0716552734375,0.18105792999267578,0.0,63.0,0.0,0.0,63.0,0.0,63.0,0.32887883981068927,0.18098944425582886,2.50445556640625,0.25910645723342896,0.019859373569488525,-0.09763127565383911
73,1.898642046999953,116.537344,1.3841707706451416,0.3535785973072052,0.045151013880968094,0.6982421875,0.12145648896694183,0.0,0.08513756841421127,0.0017247383948415518,0.1086832731962204,0.0,0.0,0.0,0.0,0.0,2.202713966369629,2.9268689155578613,0.15120474994182587,0.0,48.0,0.0,0.0,48.0,0.0,48.0,0.3295317490895589,0.18521171808242798,2.6216227213541665,0.26009605328241986,0.01965763419866562,-0.09749025106430054
74,1.9156681299999718,116.537344,1.3561205863952637,0.3567430377006531,0.043035782873630524,0.6748046875,0.11855161190032959,0.0,0.08159276843070984,0.002117689698934555,0.1012776717543602,0.0,0.0,0.0,0.0,0.0,2.081434965133667,3.027439832687378,0.16832154989242554,0.0,56.0,0.0,0.0,56.0,0.0,56.0,0.3293594519297282,0.19233977794647217,2.6556599934895835,0.2597464323043823,0.01937466363112132,-0.09730488061904907
75,1.9371528740000485,116.537344,1.2568821907043457,0.37380677461624146,0.032245758920907974,0.66015625,0.1094830185174942,0.0,0.0725678950548172,0.0018430812051519752,0.08294677734375,0.0,0.0,0.0,0.0,0.0,1.898457407951355,2.9892070293426514,0.13440506160259247,0.0,37.0,0.0,0.0,37.0,0.0,37.0,0.3288971185684204,0.18783807754516602,2.689208984375,0.2594990332921346,0.01916058361530304,-0.09741169214248657
76,1.9150118090000205,116.537344,1.2193933725357056,0.38863974809646606,0.036201201379299164,0.65234375,0.10558919608592987,0.0,0.07078991085290909,0.0017903231782838702,0.0798136442899704,0.0,0.0,0.0,0.0,0.0,1.8754796981811523,2.873533248901367,0.13383424282073975,0.0,32.0,0.0,0.0,32.0,0.0,32.0,0.32743797699610394,0.17791444063186646,2.76373291015625,0.25809888044993085,0.019026875495910645,-0.09770756959915161
77,1.8953699899999492,116.537344,1.2181627750396729,0.4060480296611786,0.02978537045419216,0.6416015625,0.10470074415206909,0.0,0.07307067513465881,0.0017942730337381363,0.0780029296875,0.0,0.0,0.0,0.0,0.0,2.0027542114257812,2.955766439437866,0.14221644401550293,0.0,28.0,0.0,0.0,28.0,0.0,28.0,0.32675105333328247,0.1779443621635437,2.7801310221354165,0.2572900652885437,0.018820711721976597,-0.09787768125534058
78,1.8219806849999713,116.537344,1.2562259435653687,0.4092457592487335,0.028529394418001175,0.6259765625,0.10745775699615479,0.0,0.0814184695482254,0.0019727738108485937,0.0879923552274704,0.0,0.0,0.0,0.0,0.0,2.137887716293335,3.021564483642578,0.14864635467529297,0.0,30.0,0.0,0.0,30.0,0.0,30.0,0.32532068093617755,0.18193739652633667,2.7301839192708335,0.2559320529301961,0.018613404283920925,-0.09869396686553955
79,1.8646506940000336,116.537344,1.3034368753433228,0.40026822686195374,0.02805863507091999,0.61328125,0.11105096340179443,0.0,0.0949648767709732,0.002408286090940237,0.10107421875,0.0,0.0,0.0,0.0,0.0,2.249145984649658,2.9748694896698,0.14884325861930847,0.0,33.0,0.0,0.0,33.0,0.0,33.0,0.32259060939153034,0.18460267782211304,2.6766357421875,0.2537934184074402,0.01870136335492134,-0.09899741411209106
80,1.8396882150000238,116.537344,1.371182918548584,0.38946419954299927,0.026155799627304077,0.5947265625,0.11628755927085876,0.0,0.11094444990158081,0.0030791801400482655,0.1207071989774704,0.0,0.0,0.0,0.0,0.0,2.342592239379883,3.0627689361572266,0.16585159301757812,0.0,44.0,0.0,0.0,44.0,0.0,44.0,0.3201362093289693,0.18781614303588867,2.6080525716145835,0.2513222297032674,0.018913988023996353,-0.09770780801773071
81,1.868900673999974,116.537344,1.480829119682312,0.3719624876976013,0.020333873108029366,0.57421875,0.12535707652568817,0.0,0.1294535994529724,0.0034382841549813747,0.1531575620174408,0.0,0.0,0.0,0.0,0.0,2.5001320838928223,3.138322353363037,0.20225557684898376,0.0,53.0,0.0,0.0,53.0,0.0,53.0,0.31760603189468384,0.18519723415374756,2.5403238932291665,0.24908268451690674,0.018766808013121288,-0.09742790460586548
82,1.9723638709999705,116.537344,1.5328748226165771,0.34579330682754517,0.02492927946150303,0.556640625,0.1298760622739792,0.0,0.14714469015598297,0.004309242125600576,0.1887613981962204,0.0,0.0,0.0,0.0,0.0,2.567317247390747,3.1054935455322266,0.17187587916851044,0.0,56.0,0.0,0.0,56.0,0.0,56.0,0.3159729441006978,0.17703139781951904,2.4818318684895835,0.24843823909759521,0.018791618446509045,-0.09733337163925171
83,1.9658867009999312,116.537344,1.599299430847168,0.32880282402038574,0.02355213277041912,0.53125,0.13520348072052002,0.0,0.1614057719707489,0.00560971163213253,0.2090047299861908,0.0,0.0,0.0,0.0,0.0,2.5138702392578125,3.123277425765991,0.24608270823955536,0.0,77.0,0.0,0.0,77.0,0.0,77.0,0.31528719266255695,0.17659056186676025,2.4645182291666665,0.2490390737851461,0.018944577624400456,-0.09813958406448364
84,2.100755829999912,116.537344,1.6913414001464844,0.3139236569404602,0.02438388206064701,0.505859375,0.14353784918785095,0.0,0.17369338870048523,0.007116774097084999,0.23675537109375,0.0,0.0,0.0,0.0,0.0,2.4573850631713867,3.2482376098632812,0.24745765328407288,0.0,76.0,0.0,0.0,76.0,0.0,76.0,0.3145943284034729,0.18018895387649536,2.43731689453125,0.24970144033432007,0.01904089127977689,-0.09809595346450806
85,2.137830651999934,116.537344,1.6337578296661377,0.3053898215293884,0.02325052209198475,0.46875,0.13828407227993011,0.0,0.17009787261486053,0.007220029830932617,0.22918701171875,0.0,0.0,0.0,0.0,0.0,2.294466018676758,3.1511192321777344,0.25056537985801697,0.0,94.0,0.0,0.0,94.0,0.0,94.0,0.315862516562144,0.1841716170310974,2.4703369140625,0.2517358462015788,0.019082582245270412,-0.09800797700881958
86,2.1336791470000662,116.537344,1.5079352855682373,0.31341230869293213,0.033658161759376526,0.4375,0.12599992752075195,0.0,0.16839879751205444,0.007327503524720669,0.2425944060087204,0.0,0.0,0.0,0.0,0.0,2.2300004959106445,2.9850802421569824,0.2688746452331543,0.0,77.0,0.0,0.0,77.0,0.0,77.0,0.316302756468455,0.1889094114303589,2.55047607421875,0.25238001346588135,0.019029777497053146,-0.09793335199356079
87,2.0642991749999737,116.537344,1.5050829648971558,0.31428730487823486,0.024705907329916954,0.4130859375,0.12575896084308624,0.0,0.17044620215892792,0.008779864758253098,0.2419840544462204,0.0,0.0,0.0,0.0,0.0,2.164968967437744,3.072434902191162,0.264190673828125,0.0,89.0,0.0,0.0,89.0,0.0,89.0,0.317213237285614,0.19131511449813843,2.5495402018229165,0.25352142254511517,0.018990234782298405,-0.09799617528915405
88,2.105891434,116.537344,1.469712495803833,0.3163122534751892,0.025296427309513092,0.38671875,0.12355272471904755,0.0,0.15089105069637299,0.00842670351266861,0.2122802734375,0.0,0.0,0.0,0.0,0.0,2.0525896549224854,3.0914111137390137,0.23744481801986694,0.0,89.0,0.0,0.0,89.0,0.0,89.0,0.3185862898826599,0.18518316745758057,2.60760498046875,0.2562576134999593,0.01907603194316228,-0.09817487001419067
89,2.1222852199999807,116.537344,1.3299955129623413,0.3298575282096863,0.0235228780657053,0.361328125,0.11140374839305878,0.0,0.12888099253177643,0.006579199340194464,0.1721598356962204,0.0,0.0,0.0,0.0,0.0,1.9955395460128784,2.9557437896728516,0.21170687675476074,0.0,85.0,0.0,0.0,85.0,0.0,85.0,0.3194919228553772,0.17390364408493042,2.7137247721354165,0.25741628805796307,0.019237493475278217,-0.09832292795181274
90,1.9829172830000061,116.537344,1.2157306671142578,0.3525797426700592,0.021465398371219635,0.3408203125,0.10098027437925339,0.0,0.1193457692861557,0.005033587105572224,0.1531779021024704,0.0,0.0,0.0,0.0,0.0,1.9957201480865479,2.925477981567383,0.165063738822937,0.0,53.0,0.0,0.0,53.0,0.0,53.0,0.3193776210149129,0.17382997274398804,2.7340494791666665,0.2578080892562866,0.019518145670493443,-0.0983458161354065
91,1.9418050619999576,116.537344,1.253005027770996,0.3637205958366394,0.0212421678006649,0.330078125,0.1038479208946228,0.0,0.1267029047012329,0.005187576171010733,0.1572265625,0.0,0.0,0.0,0.0,0.0,2.093733549118042,3.110893964767456,0.152052640914917,0.0,49.0,0.0,0.0,49.0,0.0,49.0,0.3175494472185771,0.1782107949256897,2.664794921875,0.25635313987731934,0.019450248529513676,-0.0982784628868103
92,1.9916174410000167,116.537344,1.2928144931793213,0.3684861660003662,0.018128899857401848,0.3173828125,0.10648667812347412,0.0,0.13627922534942627,0.005610275082290173,0.1673990935087204,0.0,0.0,0.0,0.0,0.0,2.3124234676361084,3.1155285835266113,0.18542598187923431,0.0,49.0,0.0,0.0,49.0,0.0,49.0,0.31481359402338666,0.18153560161590576,2.62982177734375,0.25466813643773395,0.019550247738758724,-0.09800940752029419
93,1.997610463000001,116.537344,1.3618733882904053,0.3631848394870758,0.01948278583586216,0.302734375,0.11302155256271362,0.0,0.14262640476226807,0.006086388137191534,0.17376708984375,0.0,0.0,0.0,0.0,0.0,2.319000244140625,3.0483157634735107,0.16288165748119354,0.0,60.0,0.0,0.0,60.0,0.0,60.0,0.3129550814628601,0.18682897090911865,2.5810343424479165,0.2527249852816264,0.019569572061300278,-0.09778636693954468
94,2.006117013999983,116.537344,1.4485325813293457,0.35123810172080994,0.01746974140405655,0.294921875,0.12100295722484589,0.0,0.15080749988555908,0.006766473408788443,0.1775716245174408,0.0,0.0,0.0,0.0,0.0,2.4343369007110596,3.3094515800476074,0.16288697719573975,0.0,60.0,0.0,0.0,60.0,0.0,60.0,0.3119554320971171,0.19214075803756714,2.5429280598958335,0.25105035305023193,0.019499880572160084,-0.09778815507888794
95,2.0442669950000436,116.537344,1.5342273712158203,0.33952856063842773,0.01750117912888527,0.2802734375,0.12857703864574432,0.0,0.16008731722831726,0.006712400820106268,0.2076822966337204,0.0,0.0,0.0,0.0,0.0,2.5379574298858643,3.4237046241760254,0.19378399848937988,0.0,63.0,0.0,0.0,63.0,0.0,63.0,0.3112133542696635,0.18646126985549927,2.4896647135416665,0.2503986159960429,0.019554997483889263,-0.09759169816970825
96,2.0275478309999926,116.537344,1.6292390823364258,0.32487237453460693,0.015303356572985649,0.2646484375,0.13682499527931213,0.0,0.1763189733028412,0.008115356788039207,0.2390340268611908,0.0,0.0,0.0,0.0,0.0,2.4560818672180176,3.3705785274505615,0.22424177825450897,0.0,63.0,0.0,0.0,63.0,0.0,63.0,0.3100792169570923,0.17452198266983032,2.45819091796875,0.24992736180623373,0.019774165004491806,-0.09754675626754761
97,2.023194068999942,116.537344,1.7306439876556396,0.3163682818412781,0.01500027347356081,0.25390625,0.14641813933849335,0.0,0.18377631902694702,0.009956654161214828,0.2413737028837204,0.0,0.0,0.0,0.0,0.0,2.3633382320404053,3.596733570098877,0.2501963973045349,0.0,78.0,0.0,0.0,78.0,0.0,78.0,0.31010029713312787,0.17419171333312988,2.43719482421875,0.25075042247772217,0.019621831675370533,-0.09766346216201782
98,2.0078115740000158,116.537344,1.710805058479309,0.3222089111804962,0.013796119019389153,0.23046875,0.1450434774160385,0.0,0.17928966879844666,0.009860238060355186,0.2362874448299408,0.0,0.0,0.0,0.0,0.0,2.3352317810058594,3.6879796981811523,0.2248237431049347,0.0,82.0,0.0,0.0,82.0,0.0,82.0,0.3105839490890503,0.17731940746307373,2.4350179036458335,0.2519543170928955,0.01943018039067586,-0.09745270013809204
99,1.9571002879999924,116.537344,1.6845344305038452,0.3179839849472046,0.01330921333283186,0.2158203125,0.14265236258506775,0.0,0.17319130897521973,0.009543027728796005,0.2359212338924408,0.0,0.0,0.0,0.0,0.0,2.3331620693206787,3.5616424083709717,0.26264849305152893,0.0,85.0,0.0,0.0,85.0,0.0,85.0,0.31090954939524335,0.1792612075805664,2.4773356119791665,0.2527501980463664,0.019362573822339375,-0.09725421667098999
100,1.9980999289999772,116.537344,1.6422736644744873,0.32552504539489746,0.013745912350714207,0.1982421875,0.1393071562051773,0.0,0.1604020893573761,0.008819377049803734,0.2145792692899704,0.0,0.0,0.0,0.0,0.0,2.235767126083374,3.579141616821289,0.27548789978027344,0.0,88.0,0.0,0.0,88.0,0.0,88.0,0.31218039989471436,0.1817033886909485,2.52447509765625,0.25405577818552655,0.019576496134201687,-0.09743982553482056
101,1.99797610600001,116.537344,1.5647199153900146,0.33408766984939575,0.014096490107476711,0.181640625,0.13315866887569427,0.0,0.14132826030254364,0.007341128773987293,0.1918741911649704,0.0,0.0,0.0,0.0,0.0,2.0944385528564453,3.5113296508789062,0.2556576430797577,0.0,84.0,0.0,0.0,84.0,0.0,84.0,0.3139490485191345,0.17908626794815063,2.5821533203125,0.2564902702967326,0.019997306168079376,-0.09755212068557739
102,2.027590084999929,116.537344,1.4596058130264282,0.34572434425354004,0.014491066336631775,0.1689453125,0.12404566258192062,0.0,0.12585753202438354,0.006024499423801899,0.1675008237361908,0.0,0.0,0.0,0.0,0.0,2.105147361755371,3.3294453620910645,0.2330532968044281,0.0,70.0,0.0,0.0,70.0,0.0,70.0,0.31496049960454303,0.18049806356430054,2.6318359375,0.25839847326278687,0.020119447261095047,-0.09756976366043091
103,1.9944457069999544,116.537344,1.4253665208816528,0.35311004519462585,0.015674348920583725,0.16015625,0.12169962376356125,0.0,0.11520963907241821,0.005382034461945295,0.14794921875,0.0,0.0,0.0,0.0,0.0,2.057398796081543,3.2135348320007324,0.21252231299877167,0.0,69.0,0.0,0.0,69.0,0.0,69.0,0.3160131573677063,0.17523396015167236,2.65594482421875,0.2600625952084859,0.020196563253800075,-0.09753721952438354
104,1.926102840999988,116.537344,1.3801300525665283,0.36479175090789795,0.016701694577932358,0.1484375,0.11829392611980438,0.0,0.10242120921611786,0.004415139090269804,0.1229654997587204,0.0,0.0,0.0,0.0,0.0,2.083040714263916,3.1251730918884277,0.18754182755947113,0.0,57.0,0.0,0.0,57.0,0.0,57.0,0.3177281816800435,0.17527472972869873,2.6789143880208335,0.2617412606875102,0.020188603550195694,-0.09735375642776489
105,1.9475775399999975,116.537344,1.3485609292984009,0.3687485456466675,0.01655697263777256,0.1396484375,0.11506976932287216,0.0,0.09918361157178879,0.0042720977216959,0.1111857146024704,0.0,0.0,0.0,0.0,0.0,2.0932605266571045,3.0470924377441406,0.2161279171705246,0.0,55.0,0.0,0.0,55.0,0.0,55.0,0.3181119163831075,0.17716914415359497,2.6822916666666665,0.26220889886220294,0.020165906598170597,-0.09723299741744995
106,1.999610385999972,116.537344,1.2824859619140625,0.3694250285625458,0.02295384369790554,0.13671875,0.10964348912239075,0.0,0.09578418731689453,0.0035028569400310516,0.1042073592543602,0.0,0.0,0.0,0.0,0.0,2.06656813621521,2.871213436126709,0.15271076560020447,0.0,42.0,0.0,0.0,42.0,0.0,42.0,0.3185845613479614,0.17729270458221436,2.6753946940104165,0.26273075739542645,0.02019289756814639,-0.09728199243545532
107,1.9557097059999933,116.537344,1.3277664184570312,0.36895954608917236,0.02531224861741066,0.1318359375,0.11364748328924179,0.0,0.09990771859884262,0.0033490429632365704,0.1100260466337204,0.0,0.0,0.0,0.0,0.0,2.082571029663086,2.8637709617614746,0.1776532381772995,0.0,40.0,0.0,0.0,40.0,0.0,40.0,0.3183432420094808,0.18049979209899902,2.660888671875,0.2627814809481303,0.020307543377081554,-0.09740406274795532
108,1.9486500939999587,116.537344,1.3817259073257446,0.36502063274383545,0.017900045961141586,0.1279296875,0.11835253238677979,0.0,0.10893058031797409,0.0038679316639900208,0.1275227963924408,0.0,0.0,0.0,0.0,0.0,2.115656852722168,2.915451765060425,0.17481067776679993,0.0,33.0,0.0,0.0,33.0,0.0,33.0,0.3177429636319478,0.18411678075790405,2.6172892252604165,0.26244692007700604,0.02024125928680102,-0.09740477800369263
109,1.8920715719999635,116.537344,1.4251675605773926,0.35334068536758423,0.022003011777997017,0.125,0.12237348407506943,0.0,0.11628091335296631,0.004145083017647266,0.1373087614774704,0.0,0.0,0.0,0.0,0.0,2.106632709503174,2.9102683067321777,0.17730307579040527,0.0,46.0,0.0,0.0,46.0,0.0,46.0,0.31803516546885174,0.1814432144165039,2.5880126953125,0.2628876765569051,0.020396869629621506,-0.0974152684211731
110,1.9390996289999975,116.537344,1.4694759845733643,0.35073500871658325,0.023519203066825867,0.1201171875,0.12610363960266113,0.0,0.12236817926168442,0.004941108636558056,0.1470743864774704,0.0,0.0,0.0,0.0,0.0,2.1590991020202637,2.9024219512939453,0.1954180896282196,0.0,51.0,0.0,0.0,51.0,0.0,51.0,0.3177103002866109,0.180023193359375,2.56427001953125,0.26290645202000934,0.020311027765274048,-0.09734398126602173
111,1.8988113089999388,116.537344,1.5318195819854736,0.34368589520454407,0.011959381401538849,0.1162109375,0.1321743130683899,0.0,0.12536881864070892,0.005306994076818228,0.1570231169462204,0.0,0.0,0.0,0.0,0.0,2.123180389404297,2.965808629989624,0.19148406386375427,0.0,48.0,0.0,0.0,48.0,0.0,48.0,0.3179539243380229,0.18003129959106445,2.56134033203125,0.2632844050725301,0.020223924269278843,-0.09727317094802856
112,1.9181318229999533,116.537344,1.5068671703338623,0.34229469299316406,0.017577698454260826,0.1103515625,0.12897548079490662,0.0,0.12519608438014984,0.0051193516701459885,0.15594482421875,0.0,0.0,0.0,0.0,0.0,2.103745222091675,3.0476596355438232,0.25166064500808716,0.0,60.0,0.0,0.0,60.0,0.0,60.0,0.31851263840993244,0.18070662021636963,2.5785319010416665,0.264004906018575,0.02020004764199257,-0.09719151258468628
113,1.9443858070000033,116.537344,1.47197687625885,0.3476414084434509,0.013425962999463081,0.1044921875,0.12629729509353638,0.0,0.1241140067577362,0.005011370405554771,0.1572469174861908,0.0,0.0,0.0,0.0,0.0,2.0252389907836914,2.977355480194092,0.18474435806274414,0.0,48.0,0.0,0.0,48.0,0.0,48.0,0.3186235825220744,0.18128633499145508,2.6103515625,0.2643695076306661,0.020203722019990284,-0.09739941358566284
114,2.006570393000061,116.537344,1.3935458660125732,0.35928937792778015,0.013189098797738552,0.0986328125,0.11815061420202255,0.0,0.12295293807983398,0.005010581575334072,0.15643310546875,0.0,0.0,0.0,0.0,0.0,1.93548583984375,2.96308970451355,0.21669325232505798,0.0,51.0,0.0,0.0,51.0,0.0,51.0,0.31838653484980267,0.18614345788955688,2.6559041341145835,0.26409202814102173,0.020289354026317596,-0.09754735231399536
115,1.8500516340000104,116.537344,1.3391191959381104,0.3761167526245117,0.016032438725233078,0.0966796875,0.11280317604541779,0.0,0.1217978447675705,0.004801311530172825,0.1578776091337204,0.0,0.0,0.0,0.0,0.0,2.041374683380127,3.1254019737243652,0.19407014548778534,0.0,50.0,0.0,0.0,50.0,0.0,50.0,0.31796950101852417,0.18440896272659302,2.65435791015625,0.26396141449610394,0.020341945191224415,-0.09757500886917114
116,1.8350182699999777,116.537344,1.393125057220459,0.36885225772857666,0.015640703961253166,0.09375,0.11756859719753265,0.0,0.12692247331142426,0.005495504476130009,0.1739705502986908,0.0,0.0,0.0,0.0,0.0,2.119676351547241,3.180849075317383,0.19888576865196228,0.0,50.0,0.0,0.0,50.0,0.0,50.0,0.31768935918807983,0.1809138059616089,2.6388142903645835,0.26384371519088745,0.020294861247142155,-0.09754687547683716
117,1.8738224729999047,116.537344,1.348029613494873,0.368391752243042,0.017108656466007233,0.0927734375,0.11316885054111481,0.0,0.1248207613825798,0.005646081175655127,0.1652018278837204,0.0,0.0,0.0,0.0,0.0,2.122413158416748,3.194369077682495,0.20565025508403778,0.0,65.0,0.0,0.0,65.0,0.0,65.0,0.3185195326805115,0.17922073602676392,2.65167236328125,0.264521320660909,0.020321642359097798,-0.09744256734848022
118,1.843181215999948,116.537344,1.3088408708572388,0.3719824552536011,0.01418373454362154,0.0888671875,0.10937176644802094,0.0,0.12183784693479538,0.0055891526862978935,0.1635538786649704,0.0,0.0,0.0,0.0,0.0,2.160027027130127,3.2519798278808594,0.20617996156215668,0.0,53.0,0.0,0.0,53.0,0.0,53.0,0.31884578863779706,0.17643553018569946,2.64825439453125,0.2647883892059326,0.020319866637388866,-0.09732753038406372
119,1.874721190999935,116.537344,1.313218116760254,0.3686826229095459,0.013252358883619308,0.083984375,0.10989631712436676,0.0,0.12291300296783447,0.005616184324026108,0.15863037109375,0.0,0.0,0.0,0.0,0.0,2.193563461303711,3.2432432174682617,0.18942376971244812,0.0,52.0,0.0,0.0,52.0,0.0,52.0,0.318623145421346,0.1761530041694641,2.65631103515625,0.2648430864016215,0.0201238455871741,-0.09742814302444458
120,1.894976867999958,116.537344,1.3138298988342285,0.3719673752784729,0.013509893789887428,0.0810546875,0.10984383523464203,0.0,0.12550349533557892,0.005830802954733372,0.15606689453125,0.0,0.0,0.0,0.0,0.0,2.192492961883545,3.212568998336792,0.1859394907951355,0.0,54.0,0.0,0.0,54.0,0.0,54.0,0.3180930217107137,0.17765742540359497,2.6605021158854165,0.2643287976582845,0.020145520567893982,-0.0974767804145813
121,1.9885838310000281,116.537344,1.3225007057189941,0.36944347620010376,0.013092659413814545,0.080078125,0.11026456207036972,0.0,0.12952786684036255,0.005662770476192236,0.1653849333524704,0.0,0.0,0.0,0.0,0.0,2.2212462425231934,3.294694662094116,0.19499526917934418,0.0,50.0,0.0,0.0,50.0,0.0,50.0,0.3178294499715169,0.18588250875473022,2.6351521809895835,0.26393882433573407,0.020177535712718964,-0.09726458787918091
122,1.9378653999999642,116.537344,1.3488225936889648,0.36204099655151367,0.015554165467619896,0.0771484375,0.11256152391433716,0.0,0.1341797113418579,0.005523319821804762,0.1808675229549408,0.0,0.0,0.0,0.0,0.0,2.24289870262146,3.350740432739258,0.2022688388824463,0.0,61.0,0.0,0.0,61.0,0.0,61.0,0.31780000527699787,0.1828082799911499,2.61419677734375,0.26380978027979535,0.02031587064266205,-0.09751135110855103
123,1.931139620999943,116.537344,1.3354201316833496,0.3578851819038391,0.012517154216766357,0.07421875,0.11121483892202377,0.0,0.1351136565208435,0.006099014542996883,0.182373046875,0.0,0.0,0.0,0.0,0.0,2.179307699203491,3.1960601806640625,0.2198995053768158,0.0,67.0,0.0,0.0,67.0,0.0,67.0,0.3181474606196086,0.18243348598480225,2.634033203125,0.2645079294840495,0.02026914805173874,-0.09742861986160278
124,1.8981614640000544,116.537344,1.299861192703247,0.3567529320716858,0.012823551893234253,0.0712890625,0.10828673839569092,0.0,0.12896625697612762,0.005601960234344006,0.16943359375,0.0,0.0,0.0,0.0,0.0,2.063124418258667,3.138791561126709,0.22148215770721436,0.0,70.0,0.0,0.0,70.0,0.0,70.0,0.3186635573705037,0.17897474765777588,2.66839599609375,0.2655537724494934,0.020222057898839314,-0.09748810529708862
125,1.9570532199999207,116.537344,1.3035895824432373,0.3616214990615845,0.012154249474406242,0.0693359375,0.10899758338928223,0.0,0.12943004071712494,0.005873190239071846,0.1734415739774704,0.0,0.0,0.0,0.0,0.0,2.1368184089660645,3.1543586254119873,0.19256697595119476,0.0,53.0,0.0,0.0,53.0,0.0,53.0,0.3182661533355713,0.17322295904159546,2.6658935546875,0.26554731527964276,0.020252821346124012,-0.09746748208999634
126,1.9219276649999983,116.537344,1.3054484128952026,0.35622161626815796,0.009440046735107899,0.0673828125,0.10918192565441132,0.0,0.12607425451278687,0.005674346350133419,0.1736653745174408,0.0,0.0,0.0,0.0,0.0,2.006591558456421,3.0570075511932373,0.227841317653656,0.0,66.0,0.0,0.0,66.0,0.0,66.0,0.31832337379455566,0.1722307801246643,2.6650187174479165,0.2657902240753174,0.020270926256974537,-0.09737783670425415
127,1.9355463999999074,116.537344,1.2948713302612305,0.35301586985588074,0.014278130605816841,0.06640625,0.10880810022354126,0.0,0.12333828210830688,0.005548710934817791,0.16552734375,0.0,0.0,0.0,0.0,0.0,1.9130058288574219,2.9780843257904053,0.20333325862884521,0.0,50.0,0.0,0.0,50.0,0.0,50.0,0.3187597393989563,0.17333364486694336,2.6800537109375,0.26641074816385907,0.020320918411016464,-0.09729856252670288
128,1.969898910999973,116.537344,1.2573405504226685,0.3635261654853821,0.011116541922092438,0.0634765625,0.10538361966609955,0.0,0.12063801288604736,0.005955112632364035,0.1622314453125,0.0,0.0,0.0,0.0,0.0,1.8400782346725464,3.0197877883911133,0.20158126950263977,0.0,58.0,0.0,0.0,58.0,0.0,58.0,0.3198858896891276,0.171789288520813,2.67279052734375,0.26769659916559857,0.020339511334896088,-0.09712952375411987
129,2.0659257919999163,116.537344,1.2635374069213867,0.36636775732040405,0.009214760735630989,0.0615234375,0.10658597201108932,0.0,0.11288651078939438,0.005186907947063446,0.1484171599149704,0.0,0.0,0.0,0.0,0.0,1.8466389179229736,2.9371132850646973,0.19987700879573822,0.0,52.0,0.0,0.0,52.0,0.0,52.0,0.3204638163248698,0.1683793067932129,2.6916097005208335,0.26860151688257855,0.020329244434833527,-0.09731036424636841
130,2.1152224890000753,116.537344,1.298213243484497,0.3650366961956024,0.01082448661327362,0.060546875,0.10997336357831955,0.0,0.1090250238776207,0.005043751560151577,0.1460978239774704,0.0,0.0,0.0,0.0,0.0,1.8738445043563843,2.853825330734253,0.22480928897857666,0.0,48.0,0.0,0.0,48.0,0.0,48.0,0.3195453882217407,0.1688336730003357,2.72119140625,0.2678322196006775,0.020205584665139515,-0.09749525785446167
131,1.9776290659999631,116.537344,1.3387917280197144,0.354942262172699,0.008221549913287163,0.0595703125,0.11455461382865906,0.0,0.10506004095077515,0.004767160397022963,0.14276123046875,0.0,0.0,0.0,0.0,0.0,1.8801164627075195,2.963711738586426,0.17243975400924683,0.0,47.0,0.0,0.0,47.0,0.0,47.0,0.3196985125541687,0.1744450330734253,2.7306111653645835,0.2681450843811035,0.020224827031294506,-0.09751242399215698
132,1.9299718099999836,116.537344,1.3395020961761475,0.35569921135902405,0.014455574564635754,0.05859375,0.11499001830816269,0.0,0.09959450364112854,0.00433490751311183,0.12939453125,0.0,0.0,0.0,0.0,0.0,1.8635457754135132,2.992940664291382,0.18496638536453247,0.0,50.0,0.0,0.0,50.0,0.0,50.0,0.3200732072194417,0.1748397946357727,2.7244466145833335,0.26879529158274335,0.02039078747232755,-0.09750813245773315
133,1.8501139840000178,116.537344,1.3338667154312134,0.35802748799324036,0.027940167114138603,0.05859375,0.11521707475185394,0.0,0.09698526561260223,0.0037698938976973295,0.12646484375,0.0,0.0,0.0,0.0,0.0,1.7214841842651367,2.893885374069214,0.1391512006521225,0.0,28.0,0.0,0.0,28.0,0.0,28.0,0.3196661074956258,0.17600005865097046,2.738525390625,0.2680135170618693,0.020428703476985294,-0.09730452299118042
134,1.8396098810000012,116.537344,1.2782245874404907,0.3674086928367615,0.00937738362699747,0.0576171875,0.10943436622619629,0.0,0.0982702225446701,0.003623462747782469,0.1191609725356102,0.0,0.0,0.0,0.0,0.0,1.690004587173462,3.0221285820007324,0.14549937844276428,0.0,46.0,0.0,0.0,46.0,0.0,46.0,0.32009973128636676,0.18271881341934204,2.7327677408854165,0.2679301897684733,0.02043946459889412,-0.09721976518630981
135,1.9158917199999905,116.537344,1.2256402969360352,0.3837360143661499,0.011493098922073841,0.0556640625,0.10389655083417892,0.0,0.10093935579061508,0.003510167356580496,0.12548828125,0.0,0.0,0.0,0.0,0.0,1.8072413206100464,3.0585808753967285,0.14892399311065674,0.0,31.0,0.0,0.0,31.0,0.0,31.0,0.32043784856796265,0.17496508359909058,2.6948649088541665,0.2682525912920634,0.020378032078345616,-0.09726673364639282
136,1.9117935890000126,116.537344,1.2557077407836914,0.37260064482688904,0.008800138719379902,0.0556640625,0.10628095269203186,0.0,0.10888734459877014,0.004279116168618202,0.14385986328125,0.0,0.0,0.0,0.0,0.0,1.8180001974105835,3.0457701683044434,0.15712106227874756,0.0,30.0,0.0,0.0,30.0,0.0,30.0,0.3200335701306661,0.17271524667739868,2.69793701171875,0.26797322432200116,0.020288204153378803,-0.09739691019058228
137,1.9181156560000545,116.537344,1.2905120849609375,0.365159809589386,0.012679432518780231,0.0546875,0.10915158689022064,0.0,0.1104622483253479,0.004571573343127966,0.1429646909236908,0.0,0.0,0.0,0.0,0.0,1.8374011516571045,3.157860279083252,0.1901484578847885,0.0,53.0,0.0,0.0,53.0,0.0,53.0,0.32059882084528607,0.17608052492141724,2.7026163736979165,0.2688279151916504,0.020231572290261585,-0.09743911027908325
138,1.8488228960000015,116.537344,1.346727967262268,0.3620242178440094,0.011048038490116596,0.0546875,0.11436277627944946,0.0,0.11146774142980576,0.00513008376583457,0.1403605192899704,0.0,0.0,0.0,0.0,0.0,1.8589630126953125,3.2637507915496826,0.21704527735710144,0.0,46.0,0.0,0.0,46.0,0.0,46.0,0.32103339831034344,0.18048477172851562,2.669677734375,0.2693450252215068,0.02021215483546257,-0.09745818376541138
139,1.865958671000044,116.537344,1.3239996433258057,0.35932761430740356,0.012694488279521465,0.052734375,0.11242984235286713,0.0,0.10823822021484375,0.004411270841956139,0.1363728940486908,0.0,0.0,0.0,0.0,0.0,1.8392326831817627,3.2179126739501953,0.19544586539268494,0.0,40.0,0.0,0.0,40.0,0.0,40.0,0.3204658230145772,0.18046921491622925,2.6898193359375,0.268902063369751,0.020175635814666748,-0.09739023447036743
140,1.8851788599999963,116.537344,1.345905065536499,0.3567948043346405,0.007919283583760262,0.0517578125,0.11458225548267365,0.0,0.10965251922607422,0.004223823081701994,0.13427734375,0.0,0.0,0.0,0.0,0.0,1.8634389638900757,3.2472083568573,0.19061651825904846,0.0,44.0,0.0,0.0,44.0,0.0,44.0,0.3203022877375285,0.18827152252197266,2.67926025390625,0.26844465732574463,0.02030160402258237,-0.09740954637527466
141,1.8841555630000357,116.537344,1.330423355102539,0.35424089431762695,0.016427181661128998,0.05078125,0.11249431222677231,0.0,0.11351384967565536,0.004340329673141241,0.1404825896024704,0.0,0.0,0.0,0.0,0.0,1.877012014389038,3.3145546913146973,0.2232818305492401,0.0,43.0,0.0,0.0,43.0,0.0,43.0,0.32104845841725665,0.18552881479263306,2.6654256184895835,0.26882678270339966,0.020286963631709416,-0.09717577695846558
142,1.8897167769999896,116.537344,1.2937201261520386,0.3560989499092102,0.012119387276470661,0.05078125,0.10880868136882782,0.0,0.11498293280601501,0.00442767608910799,0.1474812924861908,0.0,0.0,0.0,0.0,0.0,1.8739761114120483,3.2794196605682373,0.2119142711162567,0.0,43.0,0.0,0.0,43.0,0.0,43.0,0.3213791847229004,0.17310351133346558,2.65142822265625,0.2688692808151245,0.020287058005730312,-0.09740430116653442
143,1.8806524469999886,116.537344,1.3307607173919678,0.3525662422180176,0.009620930068194866,0.048828125,0.11225547641515732,0.0,0.11686249077320099,0.004872321151196957,0.1464029997587204,0.0,0.0,0.0,0.0,0.0,1.838895559310913,3.3042409420013428,0.23998627066612244,0.0,48.0,0.0,0.0,48.0,0.0,48.0,0.3215494354565938,0.17564386129379272,2.6664835611979165,0.26904187599817914,0.020272910594940186,-0.09753197431564331
144,1.9043938170000274,116.537344,1.3462108373641968,0.3502294421195984,0.010756545700132847,0.048828125,0.11375109851360321,0.0,0.11715810000896454,0.0055066621862351894,0.14984130859375,0.0,0.0,0.0,0.0,0.0,1.874100685119629,3.3740880489349365,0.23439936339855194,0.0,50.0,0.0,0.0,50.0,0.0,50.0,0.3216007351875305,0.1792834997177124,2.6659749348958335,0.26932263374328613,0.02029311532775561,-0.09739261865615845
145,1.901132991000054,116.537344,1.3238534927368164,0.3459782600402832,0.00949524063616991,0.048828125,0.11160983890295029,0.0,0.11334384977817535,0.005129402037709951,0.1475016325712204,0.0,0.0,0.0,0.0,0.0,1.8623697757720947,3.282705307006836,0.24206630885601044,0.0,52.0,0.0,0.0,52.0,0.0,52.0,0.32202184200286865,0.2035611867904663,2.6689046223958335,0.2699958880742391,0.020245497425397236,-0.09754949808120728
146,1.9411078980000411,116.537344,1.3064967393875122,0.3461851477622986,0.008730053901672363,0.0478515625,0.11023973673582077,0.0,0.11286904662847519,0.005570515524595976,0.1441446989774704,0.0,0.0,0.0,0.0,0.0,1.8406062126159668,3.2288930416107178,0.237844318151474,0.0,52.0,0.0,0.0,52.0,0.0,52.0,0.32221253712972003,0.20548376441001892,2.6751708984375,0.27027557293574017,0.020014792680740356,-0.09746724367141724
147,2.06866899299996,116.537344,1.2424157857894897,0.3551050126552582,0.009368994273245335,0.0478515625,0.10521366447210312,0.0,0.09983932971954346,0.004164849873632193,0.1265869140625,0.0,0.0,0.0,0.0,0.0,1.7685489654541016,3.2073581218719482,0.20245127379894257,0.0,56.0,0.0,0.0,56.0,0.0,56.0,0.3232521017392476,0.21563047170639038,2.7408040364583335,0.27128686507542926,0.020047786335150402,-0.09748035669326782
148,1.943983385000024,116.537344,1.1992323398590088,0.3601563572883606,0.012936437502503395,0.0478515625,0.10066818445920944,0.0,0.10176794230937958,0.004124913364648819,0.1307373046875,0.0,0.0,0.0,0.0,0.0,1.7617032527923584,3.190181255340576,0.21328310668468475,0.0,33.0,0.0,0.0,33.0,0.0,33.0,0.3232976992925008,0.21259692311286926,2.7368977864583335,0.27135324478149414,0.02009991059700648,-0.0973854660987854
149,1.9374180959999876,116.537344,1.1930468082427979,0.3668738603591919,0.01112071331590414,0.0478515625,0.10006251186132431,0.0,0.10361790657043457,0.0041869813576340675,0.13677978515625,0.0,0.0,0.0,0.0,0.0,1.7311376333236694,3.1859307289123535,0.19945287704467773,0.0,41.0,0.0,0.0,41.0,0.0,41.0,0.3229541778564453,0.17847615480422974,2.7061360677083335,0.2714366714159648,0.020242250214020412,-0.09731382131576538
150,1.9471765929999947,116.537344,1.257149338722229,0.36656612157821655,0.01099216379225254,0.046875,0.10606585443019867,0.0,0.105782151222229,0.005076725967228413,0.13531494140625,0.0,0.0,0.0,0.0,0.0,1.7386363744735718,3.2013957500457764,0.22489051520824432,0.0,49.0,0.0,0.0,49.0,0.0,49.0,0.3225923577944438,0.17882531881332397,2.71783447265625,0.27095601956049603,0.020357454816500347,-0.0973462462425232
151,1.8821850630000654,116.537344,1.2011035680770874,0.3623386025428772,0.010019535198807716,0.046875,0.10156657546758652,0.0,0.09661249816417694,0.0042696441523730755,0.1227823942899704,0.0,0.0,0.0,0.0,0.0,1.7362607717514038,3.131577253341675,0.20152422785758972,0.0,44.0,0.0,0.0,44.0,0.0,44.0,0.3234891692797343,0.181623637676239,2.7072957356770835,0.2718953490257263,0.020337869723637898,-0.09731966257095337
152,1.8332092169999896,116.537344,1.1601438522338867,0.3653830289840698,0.011768287047743797,0.046875,0.09803003072738647,0.0,0.09318539500236511,0.0035863276571035385,0.12054443359375,0.0,0.0,0.0,0.0,0.0,1.7219971418380737,3.1071033477783203,0.17635655403137207,0.0,39.0,0.0,0.0,39.0,0.0,39.0,0.32371248801549274,0.20966582000255585,2.7419026692708335,0.27205650011698407,0.020318483312924702,-0.09738343954086304
153,1.8785433489999832,116.537344,1.2088143825531006,0.3582637906074524,0.0141636086627841,0.046875,0.10250218957662582,0.0,0.09733390063047409,0.0040742927230894566,0.1288655698299408,0.0,0.0,0.0,0.0,0.0,1.6632264852523804,3.077112913131714,0.190047025680542,0.0,31.0,0.0,0.0,31.0,0.0,31.0,0.3233150839805603,0.22309955954551697,2.7239786783854165,0.27175817886988324,0.020293547461430233,-0.09751230478286743
154,1.9500729989999854,116.537344,1.2126201391220093,0.35352373123168945,0.01173075195401907,0.046875,0.10285735130310059,0.0,0.09721904993057251,0.004772809334099293,0.1221110075712204,0.0,0.0,0.0,0.0,0.0,1.6591304540634155,3.0323588848114014,0.2048877775669098,0.0,44.0,0.0,0.0,44.0,0.0,44.0,0.3237186272939046,0.20871871709823608,2.71600341796875,0.27206353346506756,0.020228999356428783,-0.09744232892990112
155,1.9226817940000274,116.537344,1.1947335004806519,0.35203152894973755,0.01388536673039198,0.046875,0.1016559824347496,0.0,0.08981895446777344,0.004060646053403616,0.1156005859375,0.0,0.0,0.0,0.0,0.0,1.6415565013885498,3.013848066329956,0.2022174894809723,0.0,38.0,0.0,0.0,38.0,0.0,38.0,0.3245268662770589,0.20876726508140564,2.73577880859375,0.2731114625930786,0.020170294990142185,-0.09749990701675415
156,1.9164020790000222,116.537344,1.1687716245651245,0.35427984595298767,0.010570711456239223,0.0458984375,0.09934014081954956,0.0,0.08517530560493469,0.003628059756010771,0.1091105192899704,0.0,0.0,0.0,0.0,0.0,1.5331305265426636,2.999201774597168,0.2240961194038391,0.0,40.0,0.0,0.0,40.0,0.0,40.0,0.3253992795944214,0.2109575867652893,2.7619832356770835,0.27425479888916016,0.020189030716816585,-0.09748989343643188
157,1.9673288830000502,116.537344,1.130503535270691,0.3668665885925293,0.011012948118150234,0.0458984375,0.09605198353528976,0.0,0.08035442233085632,0.00352330319583416,0.101806640625,0.0,0.0,0.0,0.0,0.0,1.508571982383728,2.9457907676696777,0.19692747294902802,0.0,33.0,0.0,0.0,33.0,0.0,33.0,0.3260891834894816,0.2095513492822647,2.7749837239583335,0.2750669519106547,0.020295895636081696,-0.09737974405288696
158,1.8803203730000178,116.537344,1.0812376737594604,0.38257914781570435,0.015437337569892406,0.044921875,0.09138129651546478,0.0,0.0766385942697525,0.0031477976590394974,0.0928955078125,0.0,0.0,0.0,0.0,0.0,1.4568281173706055,2.9167819023132324,0.18955832719802856,0.0,32.0,0.0,0.0,32.0,0.0,32.0,0.3268021543820699,0.2096400260925293,2.75390625,0.2759373188018799,0.020457983016967773,-0.0974767804145813
159,1.919936557999904,116.537344,1.0529206991195679,0.38739046454429626,0.017936021089553833,0.044921875,0.08900632709264755,0.0,0.0708208680152893,0.0023378259502351284,0.0867513045668602,0.0,0.0,0.0,0.0,0.0,1.4766426086425781,2.883910655975342,0.17708751559257507,0.0,38.0,0.0,0.0,38.0,0.0,38.0,0.3268229166666667,0.2108011096715927,2.7801920572916665,0.27603540817896527,0.020414095371961594,-0.09758979082107544
160,1.814097529000037,116.537344,1.069865107536316,0.381699800491333,0.023586591705679893,0.044921875,0.09048078954219818,0.0,0.07113943994045258,0.0020929891616106033,0.0885823592543602,0.0,0.0,0.0,0.0,0.0,1.5430986881256104,2.9637832641601562,0.18462364375591278,0.0,21.0,0.0,0.0,21.0,0.0,21.0,0.3264896670977275,0.20411892235279083,2.7967732747395835,0.27539747953414917,0.02039591098825137,-0.09753376245498657
161,1.876048845000014,116.537344,1.0868778228759766,0.3750332295894623,0.013859898783266544,0.044921875,0.09142206609249115,0.0,0.07470634579658508,0.0025309682823717594,0.0895589217543602,0.0,0.0,0.0,0.0,0.0,1.5187433958053589,3.101935863494873,0.21822302043437958,0.0,30.0,0.0,0.0,30.0,0.0,30.0,0.3259352445602417,0.19710437953472137,2.7663777669270835,0.2750345468521118,0.02028459558884303,-0.09757024049758911
162,1.9200460249999196,116.537344,1.0508174896240234,0.36908572912216187,0.017974892631173134,0.044921875,0.0879957303404808,0.0,0.07416413724422455,0.0021935657132416964,0.08978271484375,0.0,0.0,0.0,0.0,0.0,1.565453290939331,3.0539681911468506,0.2128528654575348,0.0,28.0,0.0,0.0,28.0,0.0,28.0,0.32589181264241535,0.19777807593345642,2.7598063151041665,0.2748919526735942,0.02021557961901029,-0.11841940879821777
163,1.8894065309999633,116.537344,1.11209237575531,0.3486373722553253,0.010995971970260143,0.044921875,0.0942259132862091,0.0,0.07477428019046783,0.0023203762248158455,0.09246826171875,0.0,0.0,0.0,0.0,0.0,1.5403659343719482,3.1741530895233154,0.20423823595046997,0.0,31.0,0.0,0.0,31.0,0.0,31.0,0.3262520432472229,0.2107439786195755,2.7441813151041665,0.27555809418360394,0.02009115368127823,-0.11827731132507324
164,1.953533718000017,116.537344,1.1257907152175903,0.34276506304740906,0.012491093948483467,0.044921875,0.09541909396648407,0.0,0.07624831795692444,0.002565365983173251,0.0909423828125,0.0,0.0,0.0,0.0,0.0,1.459080457687378,3.36799693107605,0.2128298282623291,0.0,34.0,0.0,0.0,34.0,0.0,34.0,0.32681047916412354,0.20476354658603668,2.7431844075520835,0.2765551209449768,0.020124721030394237,-0.11810743808746338
165,1.8797336349999796,116.537344,1.070473074913025,0.3477419316768646,0.020386528223752975,0.044921875,0.09011944383382797,0.0,0.0742734894156456,0.002143044024705887,0.0909016951918602,0.0,0.0,0.0,0.0,0.0,1.4336851835250854,3.3142666816711426,0.20933698117733002,0.0,30.0,0.0,0.0,30.0,0.0,30.0,0.32738234599431354,0.20587505400180817,2.7200724283854165,0.27750800053278607,0.02017781635125478,-0.11816585063934326
166,1.8616710950000197,116.537344,1.0335559844970703,0.35512325167655945,0.010916443541646004,0.044921875,0.08691960573196411,0.0,0.07229012250900269,0.002089998684823513,0.0909423828125,0.0,0.0,0.0,0.0,0.0,1.3517115116119385,3.2649807929992676,0.17294661700725555,0.0,23.0,0.0,0.0,23.0,0.0,23.0,0.32765209674835205,0.20622919499874115,2.7301432291666665,0.27783389886220294,0.020264923572540283,-0.11828529834747314
167,1.8554946919999793,116.537344,1.0654374361038208,0.3655461072921753,0.021215660497546196,0.044921875,0.08979477733373642,0.0,0.0713367909193039,0.0022333036176860332,0.0930989608168602,0.0,0.0,0.0,0.0,0.0,1.3179259300231934,3.4447951316833496,0.19082975387573242,0.0,28.0,0.0,0.0,28.0,0.0,28.0,0.3280216455459595,0.20176973938941956,2.7207845052083335,0.2781601945559184,0.020208338896433514,-0.11842286586761475
168,1.8750028220000559,116.537344,1.044435977935791,0.3746928572654724,0.019164299592375755,0.044921875,0.0876949280500412,0.0,0.07141060382127762,0.0023144460283219814,0.0935465544462204,0.0,0.0,0.0,0.0,0.0,1.3553169965744019,3.5272414684295654,0.18014952540397644,0.0,20.0,0.0,0.0,20.0,0.0,20.0,0.327663779258728,0.21068042516708374,2.7038777669270835,0.2776867349942525,0.020141491045554478,-0.09760600328445435
169,1.942375110999933,116.537344,1.0096079111099243,0.37236255407333374,0.013188530690968037,0.044921875,0.08409032225608826,0.0,0.07204727083444595,0.0024063317105174065,0.0874430388212204,0.0,0.0,0.0,0.0,0.0,1.3566186428070068,3.458740234375,0.17901162803173065,0.0,21.0,0.0,0.0,21.0,0.0,21.0,0.3263712128003438,0.1807464063167572,2.7310994466145835,0.2764538526535034,0.019959686944882076,-0.11835277080535889
170,1.9468948249999585,116.537344,0.9923551678657532,0.36212292313575745,0.01731865108013153,0.044921875,0.08222532272338867,0.0,0.07081203907728195,0.0023715682327747345,0.0902303084731102,0.0,0.0,0.0,0.0,0.0,1.3670604228973389,3.5200986862182617,0.20161473751068115,0.0,27.0,0.0,0.0,27.0,0.0,27.0,0.32629428307215375,0.1926027089357376,2.7314249674479165,0.2761530677477519,0.02004201461871465,-0.11818182468414307
171,1.8759406419999323,116.537344,0.9865445494651794,0.35165247321128845,0.022381946444511414,0.044921875,0.08158785104751587,0.0,0.06998284161090851,0.0019685709848999977,0.0883382186293602,0.0,0.0,0.0,0.0,0.0,1.424532175064087,3.6135928630828857,0.206574484705925,0.0,21.0,0.0,0.0,21.0,0.0,21.0,0.32614952325820923,0.17505371570587158,2.7246907552083335,0.2758501172065735,0.02014731615781784,-0.11811268329620361
172,1.8316943639999863,116.537344,0.9599779844284058,0.35079413652420044,0.047773826867341995,0.044921875,0.0788329690694809,0.0,0.07277749478816986,0.002104290761053562,0.09698486328125,0.0,0.0,0.0,0.0,0.0,1.3897709846496582,3.508986473083496,0.2112589329481125,0.0,18.0,0.0,0.0,18.0,0.0,18.0,0.3258158763249715,0.17870497703552246,2.7407430013020835,0.27530044317245483,0.020172183712323506,-0.11825263500213623
173,1.8314792850000003,116.537344,0.9347026944160461,0.36801832914352417,0.014081362634897232,0.044921875,0.07607026398181915,0.0,0.07245691120624542,0.002189906779676676,0.10186767578125,0.0,0.0,0.0,0.0,0.0,1.3302805423736572,3.531595230102539,0.22123229503631592,0.0,22.0,0.0,0.0,22.0,0.0,22.0,0.32659457127253216,0.18997538089752197,2.7306315104166665,0.27572232484817505,0.02026578163107236,-0.11834931373596191
174,1.8508425790000729,116.537344,0.9171643257141113,0.39323610067367554,0.044129837304353714,0.044921875,0.07410430908203125,0.0,0.07039064168930054,0.002284430433064699,0.0998331755399704,0.0,0.0,0.0,0.0,0.0,1.302256464958191,3.6251962184906006,0.2316698282957077,0.0,27.0,0.0,0.0,27.0,0.0,27.0,0.32668813069661456,0.19161397218704224,2.7046712239583335,0.2760848005612691,0.020208639403184254,-0.11747801303863525
175,1.8970770219999622,116.537344,0.885793924331665,0.40481072664260864,0.04374843090772629,0.044921875,0.07163869589567184,0.0,0.06592048704624176,0.0022960021160542965,0.0906575545668602,0.0,0.0,0.0,0.0,0.0,1.2480319738388062,3.513456344604492,0.19659793376922607,0.0,21.0,0.0,0.0,21.0,0.0,21.0,0.32564600308736164,0.1829645037651062,2.7126261393229165,0.27536306778589886,0.02016877382993698,-0.117561936378479
176,1.9251570000000129,116.537344,0.875166118144989,0.3906989097595215,0.015308558940887451,0.044921875,0.07052667438983917,0.0,0.06351729482412338,0.0022291638888418674,0.08294677734375,0.0,0.0,0.0,0.0,0.0,1.2494704723358154,3.4105117321014404,0.2195262908935547,0.0,26.0,0.0,0.0,26.0,0.0,26.0,0.3241910735766093,0.17779189348220825,2.757080078125,0.2735408941904704,0.020065389573574066,-0.11832797527313232
177,1.998950812999965,116.537344,0.8771197199821472,0.35968053340911865,0.05457334220409393,0.044921875,0.07113038748502731,0.0,0.06153889745473862,0.0016797560965642333,0.0767822265625,0.0,0.0,0.0,0.0,0.0,1.322225570678711,3.479701042175293,0.19882676005363464,0.0,16.0,0.0,0.0,16.0,0.0,16.0,0.32381407419840497,0.17864400148391724,2.7581583658854165,0.27315322558085126,0.019991186757882435,-0.11810624599456787
178,2.015292628999987,116.537344,0.8812006711959839,0.34263521432876587,0.07638423144817352,0.044921875,0.07122185081243515,0.0,0.06246909126639366,0.0017097233794629574,0.0786946639418602,0.0,0.0,0.0,0.0,0.0,1.400014877319336,3.4629440307617188,0.22055809199810028,0.0,23.0,0.0,0.0,23.0,0.0,23.0,0.323971966902415,0.18184280395507812,2.7644856770833335,0.27362261215845746,0.02007223293185234,-0.1180185079574585
179,2.037265760999958,116.537344,0.8635662198066711,0.3584093451499939,0.027485059574246407,0.044921875,0.06921472400426865,0.0,0.06087297201156616,0.0017921356484293938,0.0728963240981102,0.0,0.0,0.0,0.0,0.0,1.3918724060058594,3.526362895965576,0.22828447818756104,0.0,21.0,0.0,0.0,21.0,0.0,21.0,0.32474420468012494,0.18545937538146973,2.7781168619791665,0.2745146155357361,0.020141436407963436,-0.11809301376342773
180,1.9080983549999928,116.537344,0.8305312991142273,0.39967629313468933,0.0588829405605793,0.0439453125,0.06583119928836823,0.0,0.05791526287794113,0.001630359678529203,0.0681355819106102,0.0,0.0,0.0,0.0,0.0,1.307389259338379,3.759347677230835,0.23250028491020203,0.0,21.0,0.0,0.0,21.0,0.0,21.0,0.32614314556121826,0.18914973735809326,2.7549845377604165,0.2758859594662984,0.020014669746160507,-0.11830544471740723
181,1.8885478790000434,116.537344,0.8232384324073792,0.4292740225791931,0.07693446427583694,0.0439453125,0.0650087222456932,0.0,0.057610925287008286,0.0013026123633608222,0.0704549178481102,0.0,0.0,0.0,0.0,0.0,1.3075764179229736,3.8703813552856445,0.216225728392601,0.0,18.0,0.0,0.0,18.0,0.0,18.0,0.3252197504043579,0.1826460361480713,2.75323486328125,0.27493486801783246,0.01992507403095563,-0.1174917221069336
182,1.9235904199999823,116.537344,0.8569778203964233,0.4196223020553589,0.06354133039712906,0.0439453125,0.06784553080797195,0.0,0.06235884875059128,0.0013443247880786657,0.0728556364774704,0.0,0.0,0.0,0.0,0.0,1.3545045852661133,3.8812694549560547,0.22669097781181335,0.0,15.0,0.0,0.0,15.0,0.0,15.0,0.3227165937423706,0.185979962348938,2.7505900065104165,0.2724161148071289,0.019996931155522663,-0.11827051639556885
183,1.8404685949999475,116.537344,0.8891404271125793,0.3755088448524475,0.024933313950896263,0.0439453125,0.07052958756685257,0.0,0.0677928477525711,0.0015327108558267355,0.0749104842543602,0.0,0.0,0.0,0.0,0.0,1.536208152770996,3.9121246337890625,0.24435004591941833,0.0,20.0,0.0,0.0,20.0,0.0,20.0,0.321438193321228,0.2077808827161789,2.7537638346354165,0.27146005630493164,0.020051331569751103,-0.11795508861541748
184,1.8661890040000344,116.537344,0.9791651964187622,0.3227148950099945,0.06871278584003448,0.0439453125,0.07900168001651764,0.0,0.0746968686580658,0.0016440998297184706,0.0855509489774704,0.0,0.0,0.0,0.0,0.0,1.726380705833435,4.099357604980469,0.25198793411254883,0.0,23.0,0.0,0.0,23.0,0.0,23.0,0.32168181737263996,0.19128727912902832,2.72076416015625,0.2727007071177165,0.02015879626075427,-0.11774933338165283
185,1.975642386000004,116.537344,1.0112395286560059,0.3006827235221863,0.12024737149477005,0.04296875,0.08205441385507584,0.0,0.07893089950084686,0.0016468241810798645,0.0959269255399704,0.0,0.0,0.0,0.0,0.0,1.7649247646331787,4.08277702331543,0.2589491605758667,0.0,22.0,0.0,0.0,22.0,0.0,22.0,0.322742760181427,0.1927514672279358,2.7001546223958335,0.2743534445762634,0.020158945272366207,-0.11801660060882568
186,1.9368679729999485,116.537344,0.9812924265861511,0.3133501708507538,0.031154409050941467,0.04296875,0.0788799300789833,0.0,0.0796530544757843,0.0017127103637903929,0.1048990935087204,0.0,0.0,0.0,0.0,0.0,1.5397675037384033,4.2510271072387695,0.2715342938899994,0.0,25.0,0.0,0.0,25.0,0.0,25.0,0.32382919390996295,0.1999906301498413,2.7057698567708335,0.2759316364924113,0.020083350439866383,-0.11787760257720947
187,1.877240676999918,116.537344,0.9623886346817017,0.3495398759841919,0.031581129878759384,0.04296875,0.07627920806407928,0.0,0.08399532735347748,0.00197132071480155,0.1176554411649704,0.0,0.0,0.0,0.0,0.0,1.39630925655365,4.520551681518555,0.2851954996585846,0.0,14.0,0.0,0.0,14.0,0.0,14.0,0.323807954788208,0.19637244939804077,2.6651407877604165,0.27661363283793133,0.019997090101242065,-0.11796128749847412
188,1.9031413320000183,116.537344,0.985069990158081,0.3785061538219452,0.08311202377080917,0.0419921875,0.07806642353534698,0.0,0.0820755809545517,0.0019524164963513613,0.11138916015625,0.0,0.0,0.0,0.0,0.0,1.323152780532837,4.68691349029541,0.2886667251586914,0.0,30.0,0.0,0.0,30.0,0.0,30.0,0.3228715658187866,0.1921372413635254,2.63201904296875,0.2764613429705302,0.019915451606114704,-0.11757075786590576
189,1.8965664909999305,116.537344,1.0138713121414185,0.3890122175216675,0.09718149900436401,0.0419921875,0.08073699474334717,0.0,0.08287244290113449,0.0019027998205274343,0.11358642578125,0.0,0.0,0.0,0.0,0.0,1.3533058166503906,4.563305854797363,0.2768726050853729,0.0,18.0,0.0,0.0,18.0,0.0,18.0,0.32113399108250934,0.21077674627304077,2.689208984375,0.2743330995241801,0.019890446215867996,-0.1179574728012085
190,1.917182769999954,116.537344,1.0309975147247314,0.3688480854034424,0.04796506091952324,0.0419921875,0.081813745200634,0.0,0.08807756006717682,0.0022087222896516323,0.1190592497587204,0.0,0.0,0.0,0.0,0.0,1.5842888355255127,4.43079948425293,0.29300856590270996,0.0,24.0,0.0,0.0,24.0,0.0,24.0,0.3190942406654358,0.20759356021881104,2.684326171875,0.27231289943059284,0.019945934414863586,-0.11766433715820312
191,1.9221856399999524,116.537344,1.026906967163086,0.32958149909973145,0.026792185381054878,0.041015625,0.08157725632190704,0.0,0.08873771876096725,0.0018209251575171947,0.1192830428481102,0.0,0.0,0.0,0.0,0.0,1.8151148557662964,4.299308776855469,0.2804830074310303,0.0,27.0,0.0,0.0,27.0,0.0,27.0,0.31796105702718097,0.20028090476989746,2.6520589192708335,0.2713749210039775,0.02006734162569046,-0.11747539043426514
192,1.9110643259999733,116.537344,1.1294798851013184,0.2876076102256775,0.06658985465765,0.041015625,0.09134705364704132,0.0,0.09444500505924225,0.0019527026452124119,0.12091064453125,0.0,0.0,0.0,0.0,0.0,1.9373668432235718,4.19167423248291,0.31166455149650574,0.0,25.0,0.0,0.0,25.0,0.0,25.0,0.3174034357070923,0.20142507553100586,2.642578125,0.2706848382949829,0.020087648183107376,-0.11746871471405029
193,1.9748276290000604,116.537344,1.2365198135375977,0.2638613283634186,0.06862244009971619,0.041015625,0.10164060443639755,0.0,0.09902643412351608,0.002132769674062729,0.1190389022231102,0.0,0.0,0.0,0.0,0.0,1.9542611837387085,4.277680397033691,0.3558696210384369,0.0,32.0,0.0,0.0,32.0,0.0,32.0,0.318407674630483,0.20320016145706177,2.6194661458333335,0.27156007289886475,0.020099093516667683,-0.11745011806488037
194,1.9560026980000202,116.537344,1.2068251371383667,0.2714105546474457,0.028900522738695145,0.041015625,0.09867920726537704,0.0,0.10318216681480408,0.002058431738987565,0.1317545622587204,0.0,0.0,0.0,0.0,0.0,1.8629834651947021,4.429586410522461,0.33902543783187866,0.0,23.0,0.0,0.0,23.0,0.0,23.0,0.3192544182141622,0.2043057680130005,2.5954996744791665,0.2724631627400716,0.0201010766128699,-0.11751365661621094
195,1.9561864379999179,116.537344,1.184908151626587,0.2880387604236603,0.01842917688190937,0.041015625,0.09598608314990997,0.0,0.1101282462477684,0.002609672723338008,0.16064453125,0.0,0.0,0.0,0.0,0.0,1.674603819847107,4.357032775878906,0.3659442365169525,0.0,38.0,0.0,0.0,38.0,0.0,38.0,0.31899980703989667,0.19889451563358307,2.5669148763020835,0.27193353573481244,0.02004702016711235,-0.11729669570922852
196,2.0646220959999937,116.537344,1.169213056564331,0.2982868254184723,0.025471841916441917,0.041015625,0.0945376381278038,0.0,0.10723668336868286,0.0028582531958818436,0.1546834409236908,0.0,0.0,0.0,0.0,0.0,1.5374253988265991,4.244549751281738,0.372475266456604,0.0,47.0,0.0,0.0,47.0,0.0,47.0,0.31920498609542847,0.20071089267730713,2.6065877278645835,0.27204092343648273,0.020064882934093475,-0.11744415760040283
197,2.045928336999964,116.537344,1.1319879293441772,0.310264527797699,0.024306021630764008,0.041015625,0.09181635081768036,0.0,0.10046909749507904,0.002877161605283618,0.1418660581111908,0.0,0.0,0.0,0.0,0.0,1.497506022453308,4.125542640686035,0.3204253911972046,0.0,33.0,0.0,0.0,33.0,0.0,33.0,0.3194255828857422,0.2074141502380371,2.6430867513020835,0.27238380908966064,0.02033167580763499,-0.11769306659698486
198,2.0074731739999834,116.537344,1.0834039449691772,0.3220136761665344,0.024700872600078583,0.041015625,0.08659480512142181,0.0,0.0987536758184433,0.0034302505664527416,0.1334432065486908,0.0,0.0,0.0,0.0,0.0,1.5787595510482788,3.983363628387451,0.34781205654144287,0.0,38.0,0.0,0.0,38.0,0.0,38.0,0.31810665130615234,0.21063034236431122,2.6978556315104165,0.2711543043454488,0.020305541654427845,-0.11779153347015381
199,1.9742223780000359,116.537344,1.0103858709335327,0.33559173345565796,0.026943182572722435,0.041015625,0.07972999662160873,0.0,0.09058966487646103,0.002916598692536354,0.12127685546875,0.0,0.0,0.0,0.0,0.0,1.5668299198150635,3.7874197959899902,0.34802231192588806,0.0,35.0,0.0,0.0,35.0,0.0,35.0,0.3173125982284546,0.19264578819274902,2.7568562825520835,0.2703864773114522,0.020263419797023136,-0.11779367923736572
200,1.9820980209999561,116.537344,1.0154660940170288,0.33869048953056335,0.019739748910069466,0.041015625,0.080544114112854,0.0,0.08864101767539978,0.0028253491036593914,0.1210123747587204,0.0,0.0,0.0,0.0,0.0,1.587455153465271,3.775178909301758,0.32461994886398315,0.0,30.0,0.0,0.0,30.0,0.0,30.0,0.31652941306432086,0.19244080781936646,2.7614542643229165,0.2693309585253398,0.020379963020483654,-0.11796092987060547
201,2.039777522999998,116.537344,1.0306943655014038,0.3338751196861267,0.021212389692664146,0.041015625,0.08256347477436066,0.0,0.083500936627388,0.0022309143096208572,0.10491943359375,0.0,0.0,0.0,0.0,0.0,1.6042264699935913,3.8364620208740234,0.2944220304489136,0.0,38.0,0.0,0.0,38.0,0.0,38.0,0.31643398602803546,0.19370877742767334,2.77301025390625,0.26876503229141235,0.02045523002743721,-0.11802279949188232
202,1.9800468780000529,116.537344,1.0180003643035889,0.3279150724411011,0.0684502124786377,0.041015625,0.08133582025766373,0.0,0.08562538027763367,0.002179568400606513,0.1125895231962204,0.0,0.0,0.0,0.0,0.0,1.5873689651489258,3.6833996772766113,0.2909785509109497,0.0,16.0,0.0,0.0,16.0,0.0,16.0,0.3154070774714152,0.18404412269592285,2.7572021484375,0.2680753270785014,0.02038680637876193,-0.11789274215698242
203,1.9431494039999961,116.537344,1.012081503868103,0.3263930678367615,0.024113118648529053,0.041015625,0.08076801151037216,0.0,0.08807726949453354,0.0023735312279313803,0.1175740584731102,0.0,0.0,0.0,0.0,0.0,1.577627182006836,3.7651162147521973,0.28442293405532837,0.0,32.0,0.0,0.0,32.0,0.0,32.0,0.31577595074971515,0.183466374874115,2.7605183919270835,0.2683722178141276,0.020512819290161133,-0.11807835102081299
204,2.055917356000009,116.537344,0.9946054816246033,0.3343483805656433,0.026629256084561348,0.0400390625,0.07893724739551544,0.0,0.08603354543447495,0.0021992414258420467,0.1106770858168602,0.0,0.0,0.0,0.0,0.0,1.6988270282745361,4.026165962219238,0.29734891653060913,0.0,37.0,0.0,0.0,37.0,0.0,37.0,0.3170006473859151,0.18388891220092773,2.762939453125,0.2698497772216797,0.020650784174601238,-0.11812341213226318
205,2.092001155999924,116.537344,1.0013922452926636,0.3355753421783447,0.016185792163014412,0.0400390625,0.07996862381696701,0.0,0.08655901998281479,0.0020777378231287003,0.11126708984375,0.0,0.0,0.0,0.0,0.0,1.7171071767807007,4.024695873260498,0.26823899149894714,0.0,27.0,0.0,0.0,27.0,0.0,27.0,0.3172494173049927,0.1912013292312622,2.7361246744791665,0.27023768424987793,0.020508867998917896,-0.11799347400665283
206,2.0548084949999748,116.537344,1.0391857624053955,0.33578771352767944,0.015999119728803635,0.0390625,0.08331847190856934,0.0,0.09084975719451904,0.0022616779897361994,0.1125895231962204,0.0,0.0,0.0,0.0,0.0,1.688629150390625,4.069891452789307,0.29397106170654297,0.0,32.0,0.0,0.0,32.0,0.0,32.0,0.3173756996790568,0.19022846221923828,2.7137247721354165,0.27030615011850995,0.020527088393767674,-0.1179192066192627
207,1.9534262420000914,116.537344,1.0723310708999634,0.33327803015708923,0.01767718978226185,0.0390625,0.08626842498779297,0.0,0.09543518722057343,0.0022672698833048344,0.1255696713924408,0.0,0.0,0.0,0.0,0.0,1.6649696826934814,4.18150520324707,0.3017888367176056,0.0,32.0,0.0,0.0,32.0,0.0,32.0,0.3175009886423747,0.1812424659729004,2.6746419270833335,0.2707291841506958,0.020449094474315643,-0.11747920513153076
208,2.0365094569999656,116.537344,1.1082139015197754,0.32375696301460266,0.017218440771102905,0.0380859375,0.08953558653593063,0.0,0.10198339074850082,0.002287772949784994,0.1392008513212204,0.0,0.0,0.0,0.0,0.0,1.7253477573394775,4.150613784790039,0.3001660108566284,0.0,31.0,1.0,0.0,32.0,0.0,31.0,0.31769917408625287,0.1755184531211853,2.63983154296875,0.2711920936902364,0.020630959421396255,-0.11799919605255127
209,2.091259906999994,116.537344,1.1142183542251587,0.31765684485435486,0.016988325864076614,0.0380859375,0.09008096903562546,0.0,0.10519924014806747,0.0022679695393890142,0.1453043669462204,0.0,0.0,0.0,0.0,0.0,1.767042875289917,4.024401664733887,0.30038583278656006,0.0,34.0,0.0,1.0,33.0,0.0,34.0,0.31782275438308716,0.17598885297775269,2.6572062174479165,0.2715574304262797,0.020661284526189167,-0.0783843994140625
210,2.0601222679999864,116.537344,1.1329444646835327,0.3142489790916443,0.015850991010665894,0.0390625,0.09203547239303589,0.0,0.10957086086273193,0.0025363564491271973,0.1501668393611908,0.0,0.0,0.0,0.0,0.0,1.8271845579147339,3.9474637508392334,0.27947667241096497,0.0,41.0,0.0,1.0,40.0,0.0,41.0,0.31845829884211224,0.19712203741073608,2.635498046875,0.27179547150929767,0.02062947303056717,-0.0983770489692688
211,2.0506284619999633,116.537344,1.1544362306594849,0.3089314103126526,0.019083047285676003,0.0390625,0.09403380006551743,0.0,0.11232086271047592,0.0031200440134853125,0.1540323942899704,0.0,0.0,0.0,0.0,0.0,1.7689924240112305,3.792707920074463,0.3052513003349304,0.0,44.0,0.0,0.0,44.0,0.0,44.0,0.3185646136601766,0.193487286567688,2.6327718098958335,0.27170934279759723,0.02073779081304868,-0.09808593988418579
212,2.0568249980000246,116.537344,1.1397777795791626,0.30443355441093445,0.013205899856984615,0.0390625,0.09350471943616867,0.0,0.10617999732494354,0.002810950856655836,0.147705078125,0.0,0.0,0.0,0.0,0.0,1.6760625839233398,3.675881862640381,0.27997249364852905,0.0,56.0,0.0,0.0,56.0,0.0,56.0,0.31936617692311603,0.20236188173294067,2.6722208658854165,0.2725061774253845,0.020613835503657658,-0.09791117906570435
213,2.0879372969999395,116.537344,1.0860369205474854,0.3067931532859802,0.011691002175211906,0.0390625,0.0891006588935852,0.0,0.09711369127035141,0.002095940988510847,0.1401163786649704,0.0,0.0,0.0,0.0,0.0,1.573595404624939,3.443037509918213,0.28023621439933777,0.0,47.0,0.0,0.0,47.0,0.0,47.0,0.3202224175135295,0.2058490514755249,2.7056884765625,0.27333347002665204,0.020621389150619507,-0.09808534383773804
214,2.088441696000018,116.537344,1.0816112756729126,0.30239540338516235,0.03266092389822006,0.0390625,0.08913713693618774,0.0,0.09431975334882736,0.002143761608749628,0.1373494565486908,0.0,0.0,0.0,0.0,0.0,1.480351209640503,3.348064422607422,0.2458306849002838,0.0,39.0,0.0,0.0,39.0,0.0,39.0,0.31958281993865967,0.19861716032028198,2.73883056640625,0.2729833722114563,0.020780521134535473,-0.09821826219558716
215,2.066386399999942,116.537344,1.0545024871826172,0.30609697103500366,0.014020577073097229,0.0380859375,0.08701932430267334,0.0,0.08750736713409424,0.001990648452192545,0.1242879256606102,0.0,0.0,0.0,0.0,0.0,1.4280121326446533,3.2366385459899902,0.2245083749294281,0.0,35.0,0.0,0.0,35.0,0.0,35.0,0.31915177901585895,0.196424663066864,2.8096110026041665,0.2727557222048442,0.020846471190452576,-0.0983075499534607
216,1.927086935000034,116.537344,0.9855284690856934,0.3216145932674408,0.03969525173306465,0.0380859375,0.0806557685136795,0.0,0.08286891132593155,0.0019677772652357817,0.120361328125,0.0,0.0,0.0,0.0,0.0,1.4137262105941772,3.0977563858032227,0.20653796195983887,0.0,33.0,0.0,0.0,33.0,0.0,33.0,0.31868306795756024,0.1987404227256775,2.8319498697916665,0.27214380105336505,0.020791123310724895,-0.09834843873977661
217,1.8405924240000786,116.537344,0.92960524559021,0.34067243337631226,0.019621217623353004,0.0380859375,0.07496733963489532,0.0,0.07777252048254013,0.001725957728922367,0.1101277694106102,0.0,0.0,0.0,0.0,0.0,1.3948421478271484,3.1907012462615967,0.20748409628868103,0.0,24.0,0.0,0.0,24.0,0.0,24.0,0.3182818094889323,0.20050939917564392,2.888671875,0.2715041438738505,0.020629392315944035,-0.09803134202957153
218,1.9430522300000348,116.537344,0.8723360300064087,0.36242568492889404,0.0225001722574234,0.0380859375,0.06942972540855408,0.0,0.07455646991729736,0.0018629261758178473,0.0986328125,0.0,0.0,0.0,0.0,0.0,1.4098033905029297,3.2580108642578125,0.19097170233726501,0.0,23.0,0.0,0.0,23.0,0.0,23.0,0.3181537389755249,0.20193161070346832,2.89453125,0.2714621623357137,0.020710778733094532,-0.09796839952468872
219,1.9464871110000104,116.537344,0.8501635789871216,0.37689483165740967,0.03835374116897583,0.0380859375,0.0670742318034172,0.0,0.0719178095459938,0.0017517679370939732,0.0880330428481102,0.0,0.0,0.0,0.0,0.0,1.4432373046875,3.328932285308838,0.19756338000297546,0.0,24.0,0.0,0.0,24.0,0.0,24.0,0.3179723223050435,0.18914073705673218,2.8990478515625,0.271252969900767,0.02063703164458275,-0.09812122583389282
220,1.880023585999993,116.537344,0.8422274589538574,0.37908005714416504,0.03780864551663399,0.0380859375,0.0659303367137909,0.0,0.07259555160999298,0.001643691211938858,0.0895589217543602,0.0,0.0,0.0,0.0,0.0,1.5095523595809937,3.466505765914917,0.19974830746650696,0.0,21.0,0.0,0.0,21.0,0.0,21.0,0.31802205244700116,0.18663209676742554,2.8721516927083335,0.2712514400482178,0.020735392967859905,-0.0978882908821106
221,1.8959655529999964,116.537344,0.8752589225769043,0.3629894554615021,0.0232082549482584,0.0380859375,0.06916603446006775,0.0,0.0740746259689331,0.001692887395620346,0.0930582731962204,0.0,0.0,0.0,0.0,0.0,1.6302239894866943,3.6092307567596436,0.17566737532615662,0.0,23.0,0.0,0.0,23.0,0.0,23.0,0.31782164176305133,0.1901785135269165,2.85968017578125,0.27101773023605347,0.020968203743298847,-0.09801656007766724
222,1.9352497319999884,116.537344,0.9547317624092102,0.3349779546260834,0.013762804679572582,0.0380859375,0.07660894840955734,0.0,0.07722757756710052,0.001957428641617298,0.1022745817899704,0.0,0.0,0.0,0.0,0.0,1.6821651458740234,3.816575527191162,0.19701310992240906,0.0,25.0,0.0,0.0,25.0,0.0,25.0,0.3180357615152995,0.1928344964981079,2.8228352864583335,0.2707852323849996,0.020998840530713398,-0.09805542230606079
223,1.9465527730000076,116.537344,0.9842648506164551,0.318503201007843,0.019339727237820625,0.0380859375,0.07972534000873566,0.0,0.07965611666440964,0.002199504990130663,0.0993245467543602,0.0,0.0,0.0,0.0,0.0,1.6303229331970215,3.8967528343200684,0.186848446726799,0.0,27.0,0.0,0.0,27.0,0.0,27.0,0.31866506735483807,0.20153361558914185,2.78570556640625,0.271650751431783,0.020936675369739532,-0.09799224138259888
224,1.945733754999992,116.537344,0.9973447918891907,0.3131851553916931,0.02766720950603485,0.0390625,0.08109799027442932,0.0,0.0796739012002945,0.002090512542054057,0.0956624373793602,0.0,0.0,0.0,0.0,0.0,1.502455472946167,3.9922683238983154,0.20433710515499115,0.0,22.0,0.0,1.0,21.0,0.0,22.0,0.3195186257362366,0.20033559203147888,2.7563883463541665,0.2725843588511149,0.02068084602554639,-0.09758180379867554
225,2.0302514990000873,116.537344,1.0015289783477783,0.3177947402000427,0.01770072430372238,0.0390625,0.08173807710409164,0.0,0.0807560533285141,0.002026611939072609,0.1029459685087204,0.0,0.0,0.0,0.0,0.0,1.3986823558807373,4.0366315841674805,0.20126603543758392,0.0,23.0,0.0,0.0,23.0,0.0,23.0,0.31941332419713336,0.20055195689201355,2.7516886393229165,0.27219351132710773,0.020696780333916347,-0.09738904237747192
226,2.048317549999979,116.537344,1.0075701475143433,0.32401424646377563,0.055533118546009064,0.0390625,0.08239932358264923,0.0,0.08322210609912872,0.0019240912515670061,0.1167806014418602,0.0,0.0,0.0,0.0,0.0,1.3073461055755615,4.011865615844727,0.18650023639202118,0.0,17.0,0.0,0.0,17.0,0.0,17.0,0.3190014561017354,0.191997230052948,2.7471720377604165,0.27164767185846966,0.020671507964531582,-0.09739357233047485
227,2.0107837549999203,116.537344,1.0120190382003784,0.3309025764465332,0.018490329384803772,0.0390625,0.08221453428268433,0.0,0.08771531283855438,0.0025682891719043255,0.1213785856962204,0.0,0.0,0.0,0.0,0.0,1.3339157104492188,4.090882301330566,0.20243673026561737,0.0,22.0,0.0,0.0,22.0,0.0,22.0,0.31886951128641766,0.19110697507858276,2.7211100260416665,0.27193111181259155,0.020789834360281628,-0.09739023447036743
228,2.0124381520000725,116.537344,0.9833686351776123,0.3518521189689636,0.03340892866253853,0.0380859375,0.07912486046552658,0.0,0.0847693383693695,0.0027742628008127213,0.1150309294462204,0.0,0.0,0.0,0.0,0.0,1.38839852809906,4.1743011474609375,0.2289772480726242,0.0,34.0,0.0,0.0,34.0,0.0,34.0,0.31943706671396893,0.19275891780853271,2.7373453776041665,0.27259645859400433,0.021018306414286297,-0.09745556116104126
229,1.925962357000003,116.537344,0.9241119623184204,0.37455183267593384,0.043331220746040344,0.0380859375,0.07389675080776215,0.0,0.07826018333435059,0.0023991980124264956,0.1033732146024704,0.0,0.0,0.0,0.0,0.0,1.4094409942626953,4.047452449798584,0.2083054482936859,0.0,27.0,0.0,0.0,27.0,0.0,27.0,0.320331076780955,0.19638293981552124,2.7621053059895835,0.2730624278386434,0.021065987646579742,-0.09722799062728882
230,1.900974668999993,116.537344,0.878730833530426,0.38617825508117676,0.03764742240309715,0.0380859375,0.06966398656368256,0.0,0.07170356810092926,0.0017382237128913403,0.09625244140625,0.0,0.0,0.0,0.0,0.0,1.3941590785980225,3.8722100257873535,0.22123974561691284,0.0,35.0,0.0,0.0,35.0,0.0,35.0,0.32019269466400146,0.19809824228286743,2.8074747721354165,0.27276355028152466,0.020915197829405468,-0.09728199243545532
231,1.8427851909999617,116.537344,0.87363600730896,0.3736969232559204,0.018491992726922035,0.0380859375,0.06939750909805298,0.0,0.07070242613554001,0.0015818115789443254,0.09259033203125,0.0,0.0,0.0,0.0,0.0,1.3925559520721436,3.7644495964050293,0.2153850495815277,0.0,15.0,0.0,0.0,15.0,0.0,15.0,0.31905704736709595,0.20705364644527435,2.8447062174479165,0.2713845769564311,0.020807884633541107,-0.09746330976486206
232,1.8801442349999888,116.537344,0.8660206198692322,0.3527977168560028,0.01495189405977726,0.0380859375,0.06842931360006332,0.0,0.07231022417545319,0.001667834585532546,0.09423828125,0.0,0.0,0.0,0.0,0.0,1.4142383337020874,3.6285274028778076,0.22048497200012207,0.0,22.0,0.0,0.0,22.0,0.0,22.0,0.318590780099233,0.20554906129837036,2.8552042643229165,0.2709633708000183,0.020897289117177326,-0.09748369455337524
233,1.8701097079999727,116.537344,0.8380060791969299,0.33946043252944946,0.023227669298648834,0.037109375,0.06589226424694061,0.0,0.072234608232975,0.0014425109839066863,0.0924072265625,0.0,0.0,0.0,0.0,0.0,1.4998645782470703,3.4841232299804688,0.21897754073143005,0.0,20.0,0.0,0.0,20.0,0.0,20.0,0.31948671738306683,0.19404524564743042,2.8583984375,0.2716474135716756,0.020717117935419083,-0.09754222631454468
234,1.857148757999994,116.537344,0.8474187254905701,0.3305044174194336,0.06030992791056633,0.037109375,0.06689172238111496,0.0,0.07525604218244553,0.0014567552134394646,0.0985107421875,0.0,0.0,0.0,0.0,0.0,1.589416265487671,3.4134416580200195,0.20929543673992157,0.0,18.0,0.0,0.0,18.0,0.0,18.0,0.3197316924730937,0.19404757022857666,2.84613037109375,0.2717849016189575,0.020658159007628758,-0.09776550531387329
235,1.8997408699999596,116.537344,0.8886533975601196,0.32912328839302063,0.03590184077620506,0.037109375,0.07018683105707169,0.0,0.08143845200538635,0.001800657482817769,0.1165568083524704,0.0,0.0,0.0,0.0,0.0,1.5628347396850586,3.5508952140808105,0.24248144030570984,0.0,21.0,0.0,0.0,21.0,0.0,21.0,0.3194426695505778,0.19601905345916748,2.8478597005208335,0.2715325355529785,0.020765051245689392,-0.09779495000839233
236,1.9082921850000503,116.537344,0.9187623262405396,0.336069792509079,0.01197571400552988,0.037109375,0.07251353561878204,0.0,0.08380602300167084,0.0019482348579913378,0.1192830428481102,0.0,0.0,0.0,0.0,0.0,1.4976766109466553,3.6815414428710938,0.27985358238220215,0.0,26.0,0.0,0.0,26.0,0.0,26.0,0.3200441002845764,0.20321647822856903,2.82086181640625,0.27181639273961383,0.020871837933858235,-0.09787231683731079
237,1.9442227089999733,116.537344,0.873296856880188,0.3534908890724182,0.0178761575371027,0.037109375,0.0683375671505928,0.0,0.0839642882347107,0.001704591210000217,0.1105550155043602,0.0,0.0,0.0,0.0,0.0,1.4335126876831055,3.7059810161590576,0.24655842781066895,0.0,25.0,0.0,0.0,25.0,0.0,25.0,0.3204582134882609,0.2033737748861313,2.7799275716145835,0.2725580334663391,0.02076304207245509,-0.09786754846572876
238,1.8677967019999642,116.537344,0.8873848915100098,0.3657206892967224,0.02864164300262928,0.037109375,0.06866665184497833,0.0,0.0879574865102768,0.0017978788819164038,0.11553955078125,0.0,0.0,0.0,0.0,0.0,1.588756799697876,3.872164726257324,0.27918121218681335,0.0,23.0,0.0,0.0,23.0,0.0,23.0,0.31922892729441327,0.20486271381378174,2.7788899739583335,0.27165695031483966,0.020637240260839462,-0.09756642580032349
239,2.0360033990000375,116.537344,0.9279880523681641,0.35561278462409973,0.04497268423438072,0.037109375,0.07209261506795883,0.0,0.08891604840755463,0.0016818165313452482,0.1227213591337204,0.0,0.0,0.0,0.0,0.0,1.7355029582977295,4.126222610473633,0.27185142040252686,0.0,28.0,0.0,0.0,28.0,0.0,28.0,0.31830541292826336,0.20159995555877686,2.77178955078125,0.27126898368199664,0.02067587027947108,-0.0976371169090271
240,2.14292759500006,116.537344,0.9788157343864441,0.3398172855377197,0.025339914485812187,0.0361328125,0.07639898359775543,0.0,0.09208248555660248,0.0020998313557356596,0.1137898787856102,0.0,0.0,0.0,0.0,0.0,1.8241887092590332,4.249737739562988,0.2927064895629883,0.0,33.0,0.0,0.0,33.0,0.0,33.0,0.31757815678914386,0.19342267513275146,2.7396647135416665,0.2707301576932271,0.020696481068929035,-0.09791618585586548
241,2.1122658550000324,116.537344,1.00595223903656,0.3291915953159332,0.020826689898967743,0.0361328125,0.07887323200702667,0.0,0.09239894151687622,0.0018948307260870934,0.1115315780043602,0.0,0.0,0.0,0.0,0.0,1.8280370235443115,4.331194877624512,0.3075559735298157,0.0,31.0,0.0,0.0,31.0,0.0,31.0,0.317378302415212,0.1936447024345398,2.6824137369791665,0.27080070972442627,0.02070180078347524,-0.09830659627914429
242,2.0575745369999368,116.537344,1.0476163625717163,0.31331759691238403,0.018450338393449783,0.0361328125,0.08311014622449875,0.0,0.09929849952459335,0.0017932986374944448,0.1255696713924408,0.0,0.0,0.0,0.0,0.0,1.8366841077804565,4.29746150970459,0.28328949213027954,0.0,23.0,0.0,0.0,23.0,0.0,23.0,0.31712891658147174,0.1986333131790161,2.6343994140625,0.270741065343221,0.020880289375782013,-0.09823447465896606
243,2.043376979999948,116.537344,1.136006236076355,0.2946748733520508,0.016750294715166092,0.0361328125,0.09089528024196625,0.0,0.10984113067388535,0.0024743916001170874,0.14947509765625,0.0,0.0,0.0,0.0,0.0,1.7966160774230957,4.446033477783203,0.3318142592906952,0.0,36.0,0.0,0.0,36.0,0.0,36.0,0.3167206247647603,0.1995762586593628,2.5991414388020835,0.2701888084411621,0.020733114331960678,-0.09787660837173462
244,1.9899027099999103,116.537344,1.216212272644043,0.2834862768650055,0.013096985407173634,0.0361328125,0.09865270555019379,0.0,0.11085760593414307,0.002794337924569845,0.1569620817899704,0.0,0.0,0.0,0.0,0.0,1.7303225994110107,4.645542144775391,0.34764736890792847,0.0,40.0,0.0,0.0,40.0,0.0,40.0,0.3164659341176351,0.198651522397995,2.6224365234375,0.2704463601112366,0.02082281435529391,-0.09776681661605835
245,1.9910447099999828,116.537344,1.2091169357299805,0.2807304859161377,0.038821540772914886,0.037109375,0.09843939542770386,0.0,0.11171408742666245,0.0028707156889140606,0.1634318083524704,0.0,0.0,0.0,0.0,0.0,1.5890616178512573,4.485938549041748,0.33170297741889954,0.0,42.0,0.0,1.0,41.0,0.0,42.0,0.3167933026949565,0.1995832473039627,2.5916748046875,0.2711014946301778,0.020910121500492096,-0.09776860475540161
246,2.0287209030000213,116.537344,1.143984317779541,0.2874261140823364,0.03282714635133743,0.0361328125,0.09317873418331146,0.0,0.10634388774633408,0.0025269812904298306,0.164306640625,0.0,0.0,0.0,0.0,0.0,1.4834445714950562,4.380145072937012,0.27757930755615234,0.0,37.0,0.0,0.0,37.0,0.0,37.0,0.3175303339958191,0.19510430097579956,2.62994384765625,0.27205642064412433,0.020824801176786423,-0.09783679246902466
247,1.9593635709999262,116.537344,1.0948688983917236,0.3044687509536743,0.012158726342022419,0.03515625,0.08848737925291061,0.0,0.10226278007030487,0.0028648823499679565,0.154296875,0.0,0.0,0.0,0.0,0.0,1.507992148399353,4.370261192321777,0.27584418654441833,0.0,45.0,0.0,0.0,45.0,0.0,45.0,0.3174678285916646,0.19379013776779175,2.6857503255208335,0.2721121708552043,0.020827874541282654,-0.09796804189682007
248,2.01633188400001,116.537344,1.0119717121124268,0.32924121618270874,0.011523018591105938,0.0341796875,0.0807686448097229,0.0,0.09617819637060165,0.002612694166600704,0.1485392302274704,0.0,0.0,0.0,0.0,0.0,1.4739205837249756,4.258742809295654,0.27308642864227295,0.0,33.0,0.0,0.0,33.0,0.0,33.0,0.3187512556711833,0.19956238567829132,2.6900634765625,0.27315308650334674,0.020931288599967957,-0.09776812791824341
249,2.0877819600000294,116.537344,0.9849153757095337,0.35526055097579956,0.03029676154255867,0.0341796875,0.07803160697221756,0.0,0.09282346814870834,0.0029656291007995605,0.1375325620174408,0.0,0.0,0.0,0.0,0.0,1.5026288032531738,4.2377119064331055,0.27481603622436523,0.0,36.0,0.0,0.0,36.0,0.0,36.0,0.31900447607040405,0.20280367136001587,2.6966349283854165,0.2731255094210307,0.021128902832667034,-0.0978817343711853
250,2.034915887000011,116.537344,0.9482460021972656,0.3701228201389313,0.034174561500549316,0.033203125,0.07516887784004211,0.0,0.08226970583200455,0.002580109518021345,0.1172078475356102,0.0,0.0,0.0,0.0,0.0,1.4387540817260742,4.031318664550781,0.26968079805374146,0.0,43.0,0.0,0.0,43.0,0.0,43.0,0.3180665175120036,0.19973327219486237,2.7917073567708335,0.2718199888865153,0.02122373878955841,-0.09778004884719849
251,2.06435692499997,116.537344,0.8803048133850098,0.37531012296676636,0.02769896760582924,0.0322265625,0.0693969577550888,0.0,0.07483045756816864,0.001848098123446107,0.100830078125,0.0,0.0,0.0,0.0,0.0,1.3960846662521362,3.8937196731567383,0.22321033477783203,0.0,21.0,1.0,0.0,22.0,0.0,21.0,0.317385196685791,0.1910994052886963,2.8604532877604165,0.2707409660021464,0.02126298596461614,-0.09749370813369751
252,1.9857808720000776,116.537344,0.8770973086357117,0.367267906665802,0.013683956116437912,0.0322265625,0.06884565949440002,0.0,0.07478456199169159,0.0017987778410315514,0.0983683317899704,0.0,0.0,0.0,0.0,0.0,1.4717087745666504,3.792587995529175,0.21877464652061462,0.0,21.0,0.0,0.0,21.0,0.0,21.0,0.3174148003260295,0.19144804775714874,2.84002685546875,0.27058760325113934,0.021205139656861622,-0.09730952978134155
253,1.9124376830000074,116.537344,0.8527127504348755,0.3551640510559082,0.02844122052192688,0.0322265625,0.06632150709629059,0.0,0.07639186084270477,0.002175715286284685,0.1030476912856102,0.0,0.0,0.0,0.0,0.0,1.5911487340927124,3.7268481254577637,0.2248484492301941,0.0,18.0,0.0,0.0,18.0,0.0,18.0,0.3176056345303853,0.1955309510231018,2.8623046875,0.2705130378405253,0.021122179925441742,-0.09720665216445923
254,2.142256353999983,116.537344,0.8440412282943726,0.3444322943687439,0.011331576853990555,0.033203125,0.06552168726921082,0.0,0.07419990003108978,0.0023102913983166218,0.0920206755399704,0.0,0.0,0.0,0.0,0.0,1.617422342300415,3.699518918991089,0.25651001930236816,0.0,29.0,0.0,1.0,28.0,0.0,29.0,0.31896471977233887,0.20238617062568665,2.87200927734375,0.2715701659520467,0.02110570917526881,-0.09735709428787231
255,2.1296126570000524,116.537344,0.8532238006591797,0.3381764888763428,0.024733582511544228,0.033203125,0.06679356098175049,0.0,0.07301269471645355,0.0019304631277918816,0.0962117537856102,0.0,0.0,0.0,0.0,0.0,1.5762566328048706,3.780200481414795,0.23941239714622498,0.0,22.0,0.0,0.0,22.0,0.0,22.0,0.320911447207133,0.2025010883808136,2.8266805013020835,0.2733161846796672,0.02103342115879059,-0.09787756204605103
256,2.019040057999973,116.537344,0.8598697185516357,0.3393131494522095,0.022216126322746277,0.033203125,0.06724179536104202,0.0,0.07544068992137909,0.0017305540386587381,0.1007080078125,0.0,0.0,0.0,0.0,0.0,1.5459855794906616,3.9067201614379883,0.2569720149040222,0.0,23.0,0.0,0.0,23.0,0.0,23.0,0.32151522239049274,0.19362401962280273,2.793701171875,0.27422793706258136,0.02097901205221812,-0.09792560338973999
257,1.9240983800000322,116.537344,0.8855925798416138,0.3417968451976776,0.020970547571778297,0.033203125,0.06955894827842712,0.0,0.08098534494638443,0.0016313077649101615,0.10400390625,0.0,0.0,0.0,0.0,0.0,1.5129735469818115,3.915550947189331,0.24545767903327942,0.0,18.0,0.0,0.0,18.0,0.0,18.0,0.32072802384694415,0.19337856769561768,2.7808024088541665,0.2738804221153259,0.0209407905737559,-0.09800738096237183
258,1.9162024879999535,116.537344,0.9246924519538879,0.3482281565666199,0.015130557119846344,0.033203125,0.07253022491931915,0.0,0.0883159190416336,0.0017532273195683956,0.1177978515625,0.0,0.0,0.0,0.0,0.0,1.5866801738739014,4.065976619720459,0.25480639934539795,0.0,19.0,0.0,0.0,19.0,0.0,19.0,0.3199508587519328,0.19960343837738037,2.7260538736979165,0.272988498210907,0.021038082738717396,-0.09801548719406128
259,1.9087470839999696,116.537344,0.9879663586616516,0.3450550436973572,0.027058884501457214,0.033203125,0.07790575176477432,0.0,0.0945996642112732,0.0018446272006258368,0.1278076171875,0.0,0.0,0.0,0.0,0.0,1.674208641052246,4.339090824127197,0.26404279470443726,0.0,25.0,0.0,0.0,25.0,0.0,25.0,0.3186899622281392,0.19309324026107788,2.6973673502604165,0.271912415822347,0.021027651925881703,-0.0978739857673645
260,1.922363378,116.537344,1.01724374294281,0.34122270345687866,0.02936003915965557,0.033203125,0.08003450185060501,0.0,0.10400944948196411,0.0026541436091065407,0.1395263671875,0.0,0.0,0.0,0.0,0.0,1.7162288427352905,4.354250907897949,0.279910147190094,0.0,28.0,0.0,0.0,28.0,0.0,28.0,0.3168375492095947,0.19376099109649658,2.6994832356770835,0.2703229586283366,0.021004272003968556,-0.09798532724380493
261,1.9102046020000216,116.537344,1.0379977226257324,0.33406585454940796,0.02432258240878582,0.0341796875,0.08174735307693481,0.0,0.10121951997280121,0.002710025291889906,0.13189697265625,0.0,0.0,0.0,0.0,0.0,1.6688756942749023,4.304575443267822,0.3430177569389343,0.0,45.0,0.0,1.0,44.0,0.0,45.0,0.31705377499262494,0.20827890932559967,2.6775309244791665,0.270774781703949,0.02106555054585139,-0.09816449880599976
262,1.8751810969999951,116.537344,1.046521544456482,0.322282612323761,0.01602359116077423,0.033203125,0.08303166925907135,0.0,0.10107170045375824,0.002436467446386814,0.1413167417049408,0.0,0.0,0.0,0.0,0.0,1.7085292339324951,4.258851051330566,0.3158562183380127,0.0,41.0,1.0,0.0,42.0,0.0,41.0,0.3169865012168884,0.20552760362625122,2.6606648763020835,0.270973265171051,0.021186192830403645,-0.0979507565498352
263,2.0087504530000615,116.537344,1.08272123336792,0.3035360276699066,0.035416774451732635,0.0322265625,0.0871463418006897,0.0,0.09888945519924164,0.002245941897854209,0.1395670622587204,0.0,0.0,0.0,0.0,0.0,1.6167304515838623,4.112227916717529,0.3074665069580078,0.0,36.0,1.0,0.0,37.0,0.0,36.0,0.3161138892173767,0.20029979944229126,2.6958211263020835,0.2711626688639323,0.021281100809574127,-0.09789448976516724
264,1.9605697739999641,116.537344,1.059085726737976,0.302856981754303,0.047685518860816956,0.03125,0.08505904674530029,0.0,0.0987025648355484,0.002486169571056962,0.1353556364774704,0.0,0.0,0.0,0.0,0.0,1.5500550270080566,4.054136276245117,0.29630354046821594,0.0,34.0,0.0,0.0,34.0,0.0,34.0,0.31632399559020996,0.19867169857025146,2.7058308919270835,0.27132540941238403,0.021371851364771526,-0.09750872850418091
265,1.9784850889999461,116.537344,1.0150010585784912,0.3159695267677307,0.02761247381567955,0.029296875,0.08121302723884583,0.0,0.09465748071670532,0.0023290631361305714,0.136474609375,0.0,0.0,0.0,0.0,0.0,1.4918863773345947,4.071038722991943,0.26788708567619324,0.0,34.0,2.0,0.0,36.0,0.0,34.0,0.3172730604807536,0.1944422721862793,2.7153727213541665,0.27176328500111896,0.021362245082855225,-0.0977662205696106
266,1.9331295150000187,116.537344,0.9488809108734131,0.33562231063842773,0.011666982434689999,0.029296875,0.07497987151145935,0.0,0.08881647884845734,0.002015823731198907,0.1233723983168602,0.0,0.0,0.0,0.0,0.0,1.397302508354187,3.9536781311035156,0.28641220927238464,0.0,39.0,0.0,0.0,39.0,0.0,39.0,0.31758707761764526,0.20355625450611115,2.7383829752604165,0.2720452944437663,0.02140697588523229,-0.0975828766822815
267,1.955222805999938,116.537344,0.8679259419441223,0.3626585900783539,0.02245810441672802,0.0283203125,0.06711331009864807,0.0,0.08653376996517181,0.0016476805321872234,0.1341756284236908,0.0,0.0,0.0,0.0,0.0,1.3771207332611084,3.8642563819885254,0.27423930168151855,0.0,24.0,1.0,0.0,25.0,0.0,24.0,0.3168752392133077,0.20359061658382416,2.7830810546875,0.2714051405588786,0.021442910035451252,-0.0972796082496643
268,1.9875051950000397,116.537344,0.8617594242095947,0.3764277398586273,0.03495440632104874,0.0283203125,0.06601639091968536,0.0,0.08917699754238129,0.0020955782383680344,0.1386922299861908,0.0,0.0,0.0,0.0,0.0,1.382856845855713,3.8668763637542725,0.28323763608932495,0.0,21.0,0.0,0.0,21.0,0.0,21.0,0.31625978151957196,0.19947390258312225,2.7903645833333335,0.2707063555717468,0.021428277095158894,-0.09728676080703735
269,2.0617093360000354,116.537344,0.8745025992393494,0.3771790564060211,0.03941195830702782,0.02734375,0.06732989847660065,0.0,0.08448414504528046,0.002228539902716875,0.12481689453125,0.0,0.0,0.0,0.0,0.0,1.4412416219711304,3.855055570602417,0.28664910793304443,0.0,34.0,0.0,0.0,34.0,0.0,34.0,0.31615708271662396,0.2024972289800644,2.8321126302083335,0.270355482896169,0.021472573280334473,-0.09719926118850708
270,2.035623844999918,116.537344,0.8380650877952576,0.3743021488189697,0.022874828428030014,0.02734375,0.06451576203107834,0.0,0.07756587862968445,0.0020786584354937077,0.1114705428481102,0.0,0.0,0.0,0.0,0.0,1.4333484172821045,3.7213993072509766,0.25924333930015564,0.0,31.0,0.0,0.0,31.0,0.0,31.0,0.31647064288457233,0.20577730238437653,2.87261962890625,0.27025361855824787,0.02140418936808904,-0.09722787141799927
271,2.0600333060000366,116.537344,0.8141769766807556,0.3616924285888672,0.011219864711165428,0.02734375,0.06247603893280029,0.0,0.07192735373973846,0.0017538819229230285,0.0933024138212204,0.0,0.0,0.0,0.0,0.0,1.4770225286483765,3.617642879486084,0.262031227350235,0.0,28.0,0.0,0.0,28.0,0.0,28.0,0.3168025612831116,0.20587201416492462,2.8947957356770835,0.2705209056536357,0.021381219228108723,-0.09718447923660278
272,1.9544580320000478,116.537344,0.7979210019111633,0.34794145822525024,0.08179281651973724,0.02734375,0.061159901320934296,0.0,0.0692787617444992,0.0011756409658119082,0.08477783203125,0.0,0.0,0.0,0.0,0.0,1.6156206130981445,3.5638837814331055,0.25115370750427246,0.0,15.0,1.0,1.0,15.0,0.0,15.0,0.31735410292943317,0.20156525075435638,2.8889363606770835,0.27102450529734295,0.02132537712653478,-0.09731870889663696
273,1.9856717420000223,116.537344,0.8338762521743774,0.34350717067718506,0.04107517749071121,0.02734375,0.06419381499290466,0.0,0.0765814408659935,0.0014761991333216429,0.1005859375,0.0,0.0,0.0,0.0,0.0,1.651928186416626,3.7110838890075684,0.26380977034568787,0.0,14.0,0.0,0.0,14.0,0.0,14.0,0.318041463692983,0.20335166156291962,2.8619791666666665,0.27142759164174396,0.02112281819184621,-0.0975993275642395
274,1.9770204110000122,116.537344,0.8525010347366333,0.35871249437332153,0.0204959437251091,0.02734375,0.06556925177574158,0.0,0.08284144103527069,0.0019812900573015213,0.1201375350356102,0.0,0.0,0.0,0.0,0.0,1.5335391759872437,3.975440502166748,0.26684731245040894,0.0,20.0,0.0,0.0,20.0,0.0,20.0,0.319449245929718,0.2124624401330948,2.7893473307291665,0.27309395869572956,0.021118382612864178,-0.09767311811447144
275,1.9520576559999654,116.537344,0.8803185820579529,0.3736340403556824,0.044818319380283356,0.02734375,0.06753435730934143,0.0,0.08354928344488144,0.0025366824120283127,0.1166788786649704,0.0,0.0,0.0,0.0,0.0,1.4461185932159424,4.135012626647949,0.33252450823783875,0.0,35.0,0.0,0.0,35.0,0.0,35.0,0.319805641969045,0.2094050794839859,2.75079345703125,0.27344151337941486,0.02123386909564336,-0.09776312112808228
276,1.9005276180000692,116.537344,0.8607593774795532,0.37789011001586914,0.04303930327296257,0.0263671875,0.06673493981361389,0.0,0.07753964513540268,0.0019522691145539284,0.1108195036649704,0.0,0.0,0.0,0.0,0.0,1.4130284786224365,4.0947675704956055,0.27541184425354004,0.0,25.0,0.0,0.0,25.0,0.0,25.0,0.31928545236587524,0.20617859065532684,2.8211873372395835,0.2729557355244954,0.021213173866271973,-0.09788626432418823
277,1.9693455530000392,116.537344,0.853568434715271,0.37213391065597534,0.024520965293049812,0.025390625,0.06593500822782516,0.0,0.07694919407367706,0.0019425880163908005,0.1097208708524704,0.0,0.0,0.0,0.0,0.0,1.5133728981018066,3.966224431991577,0.27587705850601196,0.0,25.0,0.0,0.0,25.0,0.0,25.0,0.31835367282231647,0.20526327192783356,2.8319091796875,0.2723277012507121,0.021107974151770275,-0.09817510843276978
278,1.94638777199998,116.537344,0.8711155652999878,0.35568323731422424,0.0264409352093935,0.025390625,0.06715773791074753,0.0,0.0788450837135315,0.001885988749563694,0.11126708984375,0.0,0.0,0.0,0.0,0.0,1.6462199687957764,3.9238510131835938,0.2994287610054016,0.0,19.0,0.0,0.0,19.0,0.0,19.0,0.31823285420735675,0.197659432888031,2.7984415690104165,0.27209872007369995,0.02090545246998469,-0.09802800416946411
279,2.0437754250000353,116.537344,0.9119089841842651,0.33590540289878845,0.016067586839199066,0.025390625,0.07079008966684341,0.0,0.0806892141699791,0.002169132698327303,0.1202392578125,0.0,0.0,0.0,0.0,0.0,1.7269648313522339,4.032070159912109,0.32522135972976685,0.0,32.0,0.0,0.0,32.0,0.0,32.0,0.3185185392697652,0.197667196393013,2.7972615559895835,0.27191893259684247,0.021027726431687672,-0.09808868169784546
280,2.0607292560000587,116.537344,0.9320337772369385,0.329530268907547,0.018816567957401276,0.0234375,0.07312478870153427,0.0,0.07688070833683014,0.001956823281943798,0.1075846403837204,0.0,0.0,0.0,0.0,0.0,1.5533883571624756,3.9980151653289795,0.3478943705558777,0.0,34.0,0.0,0.0,34.0,0.0,34.0,0.3189475138982137,0.19855862855911255,2.788330078125,0.2722157637278239,0.021003988881905872,-0.09754830598831177
281,2.062586951999947,116.537344,0.9003612995147705,0.33775413036346436,0.04602835327386856,0.0224609375,0.0706220269203186,0.0,0.07428780198097229,0.0016768587520346045,0.0957438200712204,0.0,0.0,0.0,0.0,0.0,1.4624074697494507,3.856382131576538,0.3198481798171997,0.0,21.0,0.0,0.0,21.0,0.0,21.0,0.3186495900154114,0.20305252075195312,2.8084309895833335,0.27202824751536053,0.02102697143952052,-0.09817630052566528
282,2.0148249779999787,116.537344,0.8637285828590393,0.34788262844085693,0.018316246569156647,0.0224609375,0.06674492359161377,0.0,0.07668276876211166,0.0016869285609573126,0.1021525114774704,0.0,0.0,0.0,0.0,0.0,1.4257996082305908,3.8603591918945312,0.3294103443622589,0.0,29.0,0.0,0.0,29.0,0.0,29.0,0.31837793191274005,0.20078805088996887,2.8103434244791665,0.2716684341430664,0.021135146419207256,-0.09782439470291138
283,1.8497754950000171,116.537344,0.8111299276351929,0.36559203267097473,0.008359329774975777,0.0234375,0.06159517168998718,0.0,0.0776364803314209,0.0014907628064975142,0.1103312224149704,0.0,0.0,0.0,0.0,0.0,1.428418517112732,3.8115806579589844,0.31598639488220215,0.0,19.0,0.0,1.0,18.0,0.0,19.0,0.3181433478991191,0.19866527616977692,2.8225504557291665,0.27126524845759076,0.02104952683051427,-0.09755867719650269
284,1.8845148699999754,116.537344,0.879788875579834,0.36849546432495117,0.023019349202513695,0.0234375,0.06758617609739304,0.0,0.08042111992835999,0.001961780246347189,0.1143798828125,0.0,0.0,0.0,0.0,0.0,1.48823881149292,4.018233299255371,0.3452296257019043,0.0,26.0,0.0,0.0,26.0,0.0,26.0,0.3178264300028483,0.20723731815814972,2.8202311197916665,0.2710107167561849,0.021083978315194447,-0.09811216592788696
285,1.8877211559999978,116.537344,0.8753127455711365,0.37698912620544434,0.033724308013916016,0.0234375,0.06708559393882751,0.0,0.07856017351150513,0.0022796830162405968,0.1124267578125,0.0,0.0,0.0,0.0,0.0,1.5599172115325928,4.086081504821777,0.3390127420425415,0.0,28.0,0.0,0.0,28.0,0.0,28.0,0.3182872533798218,0.20824888348579407,2.8222249348958335,0.27117906014124554,0.02106872449318568,-0.09778827428817749
286,1.8812873480000007,116.537344,0.8517380356788635,0.37597858905792236,0.036833640187978745,0.0234375,0.06508033722639084,0.0,0.07209095358848572,0.0019802667666226625,0.0984293669462204,0.0,0.0,0.0,0.0,0.0,1.5413777828216553,3.9880576133728027,0.34263449907302856,0.0,31.0,0.0,0.0,31.0,0.0,31.0,0.3181893626848857,0.20616190135478973,2.8276774088541665,0.271088182926178,0.0210153932372729,-0.09760504961013794
287,1.8746776870000303,116.537344,0.8272623419761658,0.3686676621437073,0.01055026426911354,0.0234375,0.06284889578819275,0.0,0.06828906387090683,0.001683312701061368,0.08251953125,0.0,0.0,0.0,0.0,0.0,1.5980381965637207,3.814425468444824,0.3429263234138489,0.0,23.0,0.0,0.0,23.0,0.0,23.0,0.3173733154932658,0.20430396497249603,2.8647054036458335,0.2708334724108378,0.021049149334430695,-0.09761649370193481
288,1.8797197330000017,116.537344,0.8318315148353577,0.3498428463935852,0.013337171636521816,0.0234375,0.06363030523061752,0.0,0.06846703588962555,0.001588793471455574,0.078857421875,0.0,0.0,0.0,0.0,0.0,1.6152623891830444,3.776322841644287,0.32740163803100586,0.0,24.0,0.0,0.0,24.0,0.0,24.0,0.3177790443102519,0.2045658379793167,2.8673909505208335,0.27146126826604206,0.021266768376032513,-0.09729200601577759
289,1.9137799829999267,116.537344,0.8640563488006592,0.33489829301834106,0.04428248107433319,0.0234375,0.06663984060287476,0.0,0.072993703186512,0.0013179020024836063,0.0907999724149704,0.0,0.0,0.0,0.0,0.0,1.6486377716064453,3.7825069427490234,0.33195793628692627,0.0,17.0,0.0,0.0,17.0,0.0,17.0,0.3182984193166097,0.21201014518737793,2.8441162109375,0.27199159065882367,0.021282429496447246,-0.09717398881912231
290,1.9196022859999857,116.537344,0.8581552505493164,0.3303271532058716,0.04730185121297836,0.0234375,0.0662669688463211,0.0,0.07630976289510727,0.0014456966891884804,0.0999959334731102,0.0,0.0,0.0,0.0,0.0,1.5611457824707031,3.732998847961426,0.3166840076446533,0.0,23.0,0.0,0.0,23.0,0.0,23.0,0.3189208706219991,0.20866994559764862,2.8528849283854165,0.27285875876744586,0.02125510076681773,-0.09716826677322388
291,2.0011408979999032,116.537344,0.86274254322052,0.34174391627311707,0.01924576424062252,0.0234375,0.06646330654621124,0.0,0.07937727868556976,0.0017546307062730193,0.1069539412856102,0.0,0.0,0.0,0.0,0.0,1.5061362981796265,3.8553152084350586,0.33884304761886597,0.0,26.0,0.0,0.0,26.0,0.0,26.0,0.3196460008621216,0.19784539937973022,2.8177286783854165,0.27390889326731366,0.02129371464252472,-0.09714263677597046
292,2.057992831999968,116.537344,0.8641904592514038,0.36188381910324097,0.014862742274999619,0.0234375,0.0663527175784111,0.0,0.08012692630290985,0.0017057493096217513,0.1145833358168602,0.0,0.0,0.0,0.0,0.0,1.4461649656295776,4.102412223815918,0.3424329161643982,0.0,15.0,0.0,0.0,15.0,0.0,15.0,0.3198317885398865,0.19518108665943146,2.80535888671875,0.2741617759068807,0.02130875736474991,-0.09720426797866821
293,2.0306217900000547,116.537344,0.8908188343048096,0.3763601779937744,0.04887169227004051,0.0234375,0.06831665337085724,0.0,0.08322201669216156,0.0021312434691935778,0.1228230819106102,0.0,0.0,0.0,0.0,0.0,1.4008654356002808,4.167617321014404,0.3732403516769409,0.0,29.0,0.0,0.0,29.0,0.0,29.0,0.3192893664042155,0.19479821622371674,2.7867635091145835,0.27354149023691815,0.021290225287278492,-0.09734529256820679
294,1.9835938080000233,116.537344,0.8861744403839111,0.38344860076904297,0.04970802366733551,0.0234375,0.06782267987728119,0.0,0.08047492057085037,0.0018815523944795132,0.1165364608168602,0.0,0.0,0.0,0.0,0.0,1.441412329673767,4.132592678070068,0.38251549005508423,0.0,26.0,0.0,0.0,26.0,0.0,26.0,0.31868396202723187,0.20316514372825623,2.8061116536458335,0.27288609743118286,0.021230327586332958,-0.09738987684249878
295,1.9106340160000173,116.537344,0.8857749104499817,0.3718094229698181,0.031191758811473846,0.0224609375,0.0679137110710144,0.0,0.0794404000043869,0.0016694016521796584,0.1125284880399704,0.0,0.0,0.0,0.0,0.0,1.5349934101104736,4.170012950897217,0.3598565459251404,0.0,27.0,0.0,0.0,27.0,0.0,27.0,0.3184566895167033,0.20566658675670624,2.7962646484375,0.2726771632830302,0.02111278971036275,-0.09742909669876099
296,1.955923496999958,116.537344,0.8915091156959534,0.35346055030822754,0.013002126477658749,0.0224609375,0.068818598985672,0.0,0.08012275397777557,0.0016653593629598618,0.1114501953125,0.0,0.0,0.0,0.0,0.0,1.5896461009979248,3.9674670696258545,0.3379708528518677,0.0,20.0,0.0,0.0,20.0,0.0,20.0,0.31803687413533527,0.20508277416229248,2.7890625,0.2725753386815389,0.021040285627047222,-0.09756594896316528
297,1.952698932999965,116.537344,0.9356362819671631,0.33264487981796265,0.05962526425719261,0.0224609375,0.07311612367630005,0.0,0.08328068256378174,0.0018000663258135319,0.1116536483168602,0.0,0.0,0.0,0.0,0.0,1.6277058124542236,3.8853507041931152,0.3398151397705078,0.0,17.0,0.0,0.0,17.0,0.0,17.0,0.3172726233800252,0.209496408700943,2.786865234375,0.2720458507537842,0.021245939036210377,-0.09778338670730591
298,2.010133490000044,116.537344,0.9845184087753296,0.32063186168670654,0.019158173352479935,0.021484375,0.07763765007257462,0.0,0.08662368357181549,0.0022321674041450024,0.1140340194106102,0.0,0.0,0.0,0.0,0.0,1.6131415367126465,3.971226692199707,0.3668825626373291,0.0,30.0,0.0,0.0,30.0,0.0,30.0,0.317573348681132,0.21202988922595978,2.7906901041666665,0.2725253502527873,0.02141517649094264,-0.09833985567092896
299,1.9734958029999916,116.537344,0.9378775954246521,0.32726025581359863,0.018732530996203423,0.021484375,0.0731365829706192,0.0,0.08439206331968307,0.0018213947769254446,0.11798095703125,0.0,0.0,0.0,0.0,0.0,1.5689623355865479,3.9679760932922363,0.37143850326538086,0.0,26.0,0.0,0.0,26.0,0.0,26.0,0.3182758092880249,0.19603979587554932,2.7717692057291665,0.27345067262649536,0.02151723951101303,-0.09843713045120239
300,1.9307041949999757,116.537344,0.9318732023239136,0.3375144898891449,0.029290510341525078,0.0205078125,0.07252898067235947,0.0,0.08662019670009613,0.0017513688653707504,0.1246744841337204,0.0,0.0,0.0,0.0,0.0,1.5178642272949219,3.904291868209839,0.3609825372695923,0.0,17.0,0.0,0.0,17.0,0.0,17.0,0.3177158832550049,0.1829931139945984,2.7688191731770835,0.27300095558166504,0.021317340433597565,-0.0979657769203186
301,2.020333800000003,116.537344,0.9907132387161255,0.3398224115371704,0.01567382737994194,0.0205078125,0.07789721339941025,0.0,0.09193944185972214,0.0023273066617548466,0.13238525390625,0.0,0.0,0.0,0.0,0.0,1.5053784847259521,4.03671407699585,0.37096065282821655,0.0,30.0,0.0,0.0,30.0,0.0,30.0,0.31708091497421265,0.1831188201904297,2.7792765299479165,0.27244404951731366,0.021240641673405964,-0.09792941808700562
302,1.9200121970000055,116.537344,0.9346925616264343,0.3539589047431946,0.020713090896606445,0.01953125,0.07237012684345245,0.0,0.08754594624042511,0.001927471486851573,0.128173828125,0.0,0.0,0.0,0.0,0.0,1.5244373083114624,4.126415252685547,0.3610250651836395,0.0,27.0,0.0,0.0,27.0,0.0,27.0,0.3174509008725484,0.18734890222549438,2.7814127604166665,0.2733331322669983,0.02127681424220403,-0.09781104326248169
303,2.0064524089999622,116.537344,0.9472907185554504,0.35841941833496094,0.029901273548603058,0.01953125,0.07303844392299652,0.0,0.08882780373096466,0.0023384855594486,0.1253458708524704,0.0,0.0,0.0,0.0,0.0,1.5760635137557983,4.138147354125977,0.38015317916870117,0.0,33.0,0.0,0.0,33.0,0.0,33.0,0.3165062665939331,0.19025224447250366,2.7522786458333335,0.27266844113667804,0.021416460474332173,-0.09496694803237915
304,1.8806946419999804,116.537344,0.9231118559837341,0.3572397232055664,0.030602868646383286,0.01953125,0.07123617827892303,0.0,0.08441992849111557,0.00192952377256006,0.1161092147231102,0.0,0.0,0.0,0.0,0.0,1.5500373840332031,4.066788196563721,0.35875293612480164,0.0,22.0,0.0,0.0,22.0,0.0,22.0,0.3168947696685791,0.19869521260261536,2.76318359375,0.27245964606602985,0.021420118709405262,-0.08010631799697876
305,1.9216954969999733,116.537344,0.9205955266952515,0.3489455282688141,0.023919349536299706,0.0205078125,0.07113055884838104,0.0,0.0840233713388443,0.0018201674101874232,0.1126302108168602,0.0,0.0,0.0,0.0,0.0,1.5616765022277832,4.049976348876953,0.3500962257385254,0.0,29.0,0.0,1.0,28.0,0.0,29.0,0.3168197472890218,0.19952526688575745,2.77484130859375,0.2721777558326721,0.021396614611148834,-0.07737863063812256
306,2.0287057420000565,116.537344,0.9644779562950134,0.32923465967178345,0.020576871931552887,0.01953125,0.07541624456644058,0.0,0.08522924035787582,0.0017718449234962463,0.1060384139418602,0.0,0.0,0.0,0.0,0.0,1.624917984008789,3.96549391746521,0.34565043449401855,0.0,25.0,0.0,0.0,25.0,0.0,25.0,0.3158112168312073,0.18836915493011475,2.76495361328125,0.27156056960423786,0.021494510273138683,-0.08417850732803345
307,2.052193813000031,116.537344,0.9975769519805908,0.3120405077934265,0.04632753133773804,0.01953125,0.07837344706058502,0.0,0.08711598813533783,0.0016970293363556266,0.11383056640625,0.0,0.0,0.0,0.0,0.0,1.629819631576538,3.972440242767334,0.37556084990501404,0.0,24.0,0.0,0.0,24.0,0.0,24.0,0.31573426723480225,0.17248523235321045,2.7669474283854165,0.2717854579289754,0.0214572474360466,-0.09797388315200806
308,1.9391141140000627,116.537344,1.0041205883026123,0.31114447116851807,0.05216590687632561,0.01953125,0.07885347306728363,0.0,0.09114968776702881,0.002006287919357419,0.1218668669462204,0.0,0.0,0.0,0.0,0.0,1.6461904048919678,4.117457389831543,0.365837424993515,0.0,20.0,0.0,0.0,20.0,0.0,20.0,0.3161240816116333,0.17233121395111084,2.7590738932291665,0.27239203453063965,0.021463386714458466,-0.07727980613708496
309,1.93925626500004,116.537344,1.045753836631775,0.3211556077003479,0.019788594916462898,0.01953125,0.08263160288333893,0.0,0.09503644704818726,0.002378307282924652,0.1380818784236908,0.0,0.0,0.0,0.0,0.0,1.6067554950714111,4.310250282287598,0.37283486127853394,0.0,29.0,0.0,0.0,29.0,0.0,29.0,0.31665786107381183,0.17416346073150635,2.70123291015625,0.2724664807319641,0.021484538912773132,-0.07728558778762817
310,2.0155225199999904,116.537344,1.027253270149231,0.3371390700340271,0.025675874203443527,0.01953125,0.08098804205656052,0.0,0.09259162843227386,0.0024173834826797247,0.1387939453125,0.0,0.0,0.0,0.0,0.0,1.4534339904785156,4.493925094604492,0.37067732214927673,0.0,35.0,0.0,0.0,35.0,0.0,35.0,0.31697307030359906,0.1777610182762146,2.7212727864583335,0.27275359630584717,0.02134232223033905,-0.07713514566421509
311,2.061273587999949,116.537344,0.9921467900276184,0.355102002620697,0.03885477036237717,0.01953125,0.07755817472934723,0.0,0.09038056433200836,0.002215287648141384,0.1388956755399704,0.0,0.0,0.0,0.0,0.0,1.3682353496551514,4.511882305145264,0.3812050521373749,0.0,27.0,1.0,0.0,28.0,0.0,27.0,0.31735606988271076,0.1876060962677002,2.7202351888020835,0.27329128980636597,0.021347177525361378,-0.0769917368888855
312,1.940051427999947,116.537344,0.9725877046585083,0.36231738328933716,0.04664359614253044,0.01953125,0.07590842247009277,0.0,0.08642762899398804,0.002009327057749033,0.1344197690486908,0.0,0.0,0.0,0.0,0.0,1.3588975667953491,4.446928977966309,0.3697834014892578,0.0,25.0,0.0,0.0,25.0,0.0,25.0,0.31715675195058185,0.18826884031295776,2.73382568359375,0.272943655649821,0.02143273999293645,-0.0737963318824768
313,1.9946376249999958,116.537344,0.953976035118103,0.36042749881744385,0.021669812500476837,0.01953125,0.07410573959350586,0.0,0.08504317700862885,0.0021765930578112602,0.1284586638212204,0.0,0.0,0.0,0.0,0.0,1.453993320465088,4.209379196166992,0.36778169870376587,0.0,24.0,0.0,0.0,24.0,0.0,24.0,0.31635286410649616,0.19671976566314697,2.8017985026041665,0.27154503266016644,0.021509073674678802,-0.06273764371871948
314,1.9850909699999875,116.537344,0.9182758927345276,0.35418689250946045,0.01706865057349205,0.01953125,0.07108689844608307,0.0,0.0797463059425354,0.0020116453524678946,0.1070963591337204,0.0,0.0,0.0,0.0,0.0,1.4815912246704102,3.981534957885742,0.3595859408378601,0.0,29.0,1.0,0.0,30.0,0.0,29.0,0.3165396451950073,0.18728458881378174,2.8230183919270835,0.2712666591008504,0.02153332531452179,-0.06887269020080566
315,2.033384338000019,116.537344,0.8841781616210938,0.3405863046646118,0.01689971797168255,0.01953125,0.06847281754016876,0.0,0.0735471099615097,0.001519898185506463,0.0933634489774704,0.0,0.0,0.0,0.0,0.0,1.5296019315719604,3.842210292816162,0.33293041586875916,0.0,26.0,0.0,0.0,26.0,0.0,26.0,0.3167332212130229,0.184079110622406,2.8464558919270835,0.27118531862894696,0.021449901163578033,-0.07755273580551147
316,1.9848613620000606,116.537344,0.8806014657020569,0.32906588912010193,0.0947452262043953,0.01953125,0.06810303032398224,0.0,0.07424673438072205,0.001445724512450397,0.0939738005399704,0.0,0.0,0.0,0.0,0.0,1.5742591619491577,3.701202154159546,0.35189923644065857,0.0,14.0,0.0,0.0,14.0,0.0,14.0,0.3169170022010803,0.1953299343585968,2.85443115234375,0.2711867094039917,0.02144853522380193,-0.07794457674026489
317,1.9844445689999475,116.537344,0.8834764957427979,0.3325421214103699,0.042149078100919724,0.0185546875,0.06841480731964111,0.0,0.07623680680990219,0.0014856945490464568,0.101318359375,0.0,0.0,0.0,0.0,0.0,1.5201740264892578,3.7629001140594482,0.3459751009941101,0.0,24.0,0.0,0.0,24.0,0.0,24.0,0.3178181052207947,0.1949651837348938,2.8649495442708335,0.2717261115709941,0.021258493264516194,-0.07846856117248535
318,1.926548351000065,116.537344,0.8654022812843323,0.3545113801956177,0.016491087153553963,0.0185546875,0.06622567772865295,0.0,0.07947447896003723,0.0018679661443457007,0.11505126953125,0.0,0.0,0.0,0.0,0.0,1.4825519323349,3.9377267360687256,0.35720986127853394,0.0,18.0,0.0,0.0,18.0,0.0,18.0,0.3188067277272542,0.19952179491519928,2.8059285481770835,0.27299447854359943,0.021346335609753925,-0.07750594615936279
319,1.883727115000056,116.537344,0.8827282190322876,0.37275612354278564,0.05353667587041855,0.0185546875,0.06799009442329407,0.0,0.07488537579774857,0.0018344225827604532,0.1114705428481102,0.0,0.0,0.0,0.0,0.0,1.4265201091766357,4.0933146476745605,0.3656443953514099,0.0,33.0,0.0,0.0,33.0,0.0,33.0,0.3189638654390971,0.19870540499687195,2.8144327799479165,0.27320530017217,0.02155038466056188,-0.06333684921264648
320,2.032308483999941,116.537344,0.8801299333572388,0.38623979687690735,0.05691908299922943,0.0185546875,0.06777074933052063,0.0,0.0718839168548584,0.0017052365001291037,0.1005452498793602,0.0,0.0,0.0,0.0,0.0,1.419394850730896,4.141491413116455,0.36112281680107117,0.0,22.0,0.0,0.0,22.0,0.0,22.0,0.31793731451034546,0.18168729543685913,2.8729044596354165,0.2723123828570048,0.021410333613554638,-0.09799915552139282
321,2.0240886330000194,116.537344,0.8681329488754272,0.38284140825271606,0.04302376136183739,0.017578125,0.06645479053258896,0.0,0.07174580544233322,0.0016188835725188255,0.0952351912856102,0.0,0.0,0.0,0.0,0.0,1.5445945262908936,4.190395832061768,0.3464043140411377,0.0,20.0,0.0,0.0,20.0,0.0,20.0,0.31774743398030597,0.18103867769241333,2.8609619140625,0.27228049437205,0.021247679988543194,-0.09796947240829468
322,2.001273844000025,116.537344,0.859252393245697,0.36753153800964355,0.016428744420409203,0.017578125,0.06563099473714828,0.0,0.07190704345703125,0.0015127044171094894,0.0908203125,0.0,0.0,0.0,0.0,0.0,1.6580018997192383,4.130051612854004,0.34158381819725037,0.0,20.0,0.0,0.0,20.0,0.0,20.0,0.317958931128184,0.18310469388961792,2.8167317708333335,0.2726304531097412,0.02128407855828603,-0.09793144464492798
323,2.034061197000028,116.537344,0.9054189920425415,0.3441563844680786,0.009964562952518463,0.017578125,0.07002580165863037,0.0,0.07517989724874496,0.0016222114209085703,0.0886027067899704,0.0,0.0,0.0,0.0,0.0,1.7085380554199219,4.124810695648193,0.35015878081321716,0.0,25.0,0.0,0.0,25.0,0.0,25.0,0.3178985118865967,0.18512505292892456,2.7952473958333335,0.2727711796760559,0.021599190930525463,-0.06268560886383057
324,2.1110369150001134,116.537344,0.9466621279716492,0.3257301151752472,0.051863547414541245,0.017578125,0.07407540082931519,0.0,0.0789128765463829,0.0016524873208254576,0.0929768905043602,0.0,0.0,0.0,0.0,0.0,1.6529512405395508,4.110827445983887,0.3691689968109131,0.0,22.0,0.0,0.0,22.0,0.0,22.0,0.3188175360361735,0.195761576294899,2.7574666341145835,0.27384306987126666,0.021525849898656208,-0.06291788816452026
325,1.985062212999992,116.537344,0.9686909317970276,0.3186044991016388,0.04260474443435669,0.017578125,0.07619018852710724,0.0,0.0820167288184166,0.0017607251647859812,0.1008504256606102,0.0,0.0,0.0,0.0,0.0,1.5966761112213135,4.182647228240967,0.3677513301372528,0.0,29.0,0.0,0.0,29.0,0.0,29.0,0.3191221555074056,0.194069504737854,2.7244669596354165,0.2743844985961914,0.021632370849450428,-0.06252986192703247
326,1.9670589770000788,116.537344,0.953416109085083,0.32371824979782104,0.01617392525076866,0.017578125,0.0749567449092865,0.0,0.08191199600696564,0.0016868299571797252,0.1075032576918602,0.0,0.0,0.0,0.0,0.0,1.5331320762634277,4.16713809967041,0.34961408376693726,0.0,20.0,0.0,0.0,20.0,0.0,20.0,0.3184359272321065,0.1891750693321228,2.7469278971354165,0.2741696039835612,0.02155061314503352,-0.08441418409347534
327,1.9297347039999977,116.537344,0.9424360394477844,0.33574533462524414,0.01811763271689415,0.0166015625,0.07338622212409973,0.0,0.0849081501364708,0.0018700090004131198,0.1219279021024704,0.0,0.0,0.0,0.0,0.0,1.4102468490600586,4.196881294250488,0.37750911712646484,0.0,24.0,0.0,0.0,24.0,0.0,24.0,0.317846159140269,0.18125081062316895,2.7618408203125,0.27371201912562054,0.02160606284936269,-0.0979427695274353
328,1.8484936649999781,116.537344,0.9550655484199524,0.34883302450180054,0.010619035921990871,0.0166015625,0.07431039214134216,0.0,0.08693304657936096,0.002112258691340685,0.1229248046875,0.0,0.0,0.0,0.0,0.0,1.3830817937850952,4.306703567504883,0.37906384468078613,0.0,19.0,0.0,0.0,19.0,0.0,19.0,0.31760329008102417,0.19960106909275055,2.73223876953125,0.27345601717631024,0.02171712617079417,-0.09789282083511353
329,1.902606192999997,116.537344,0.9512585401535034,0.3600200116634369,0.029190443456172943,0.0166015625,0.07383683323860168,0.0,0.08660775423049927,0.002235125284641981,0.1197509765625,0.0,0.0,0.0,0.0,0.0,1.390303134918213,4.258932113647461,0.37218961119651794,0.0,29.0,0.0,0.0,29.0,0.0,29.0,0.3167550166447957,0.2016322910785675,2.8014933268229165,0.27226461966832477,0.021764732897281647,-0.09784287214279175
330,1.9426289340000267,116.537344,0.9066507816314697,0.3724425733089447,0.03796004131436348,0.0166015625,0.06930758059024811,0.0,0.086778424680233,0.002229672856628895,0.1220703125,0.0,0.0,0.0,0.0,0.0,1.401911735534668,4.11397123336792,0.36991339921951294,0.0,24.0,0.0,0.0,24.0,0.0,24.0,0.3161628444989522,0.18563047051429749,2.7992350260416665,0.27167413632074994,0.02180132269859314,-0.06307220458984375
331,1.7976667950000547,116.537344,0.8942835927009583,0.3697524964809418,0.03786911070346832,0.015625,0.06794103235006332,0.0,0.08463885635137558,0.002277940511703491,0.11273193359375,0.0,0.0,0.0,0.0,0.0,1.4663140773773193,4.008368492126465,0.3894462585449219,0.0,33.0,0.0,0.0,33.0,0.0,33.0,0.31599517663319904,0.21272452175617218,2.7864176432291665,0.27171415090560913,0.0216958150267601,-0.06273692846298218
332,1.8951039849999916,116.537344,0.8868223428726196,0.35343384742736816,0.013498104177415371,0.015625,0.06750600785017014,0.0,0.08059974014759064,0.0020238757133483887,0.1077067106962204,0.0,0.0,0.0,0.0,0.0,1.5513343811035156,3.8477225303649902,0.3941419720649719,0.0,26.0,0.0,0.0,26.0,0.0,26.0,0.31516937414805096,0.1933436393737793,2.8466389973958335,0.2713177005449931,0.02160902072985967,-0.06249505281448364
333,1.9309472889999597,116.537344,0.8794505596160889,0.33865290880203247,0.0420757532119751,0.015625,0.06742557138204575,0.0,0.07892672717571259,0.0017081750556826591,0.1053263396024704,0.0,0.0,0.0,0.0,0.0,1.555706262588501,3.7569806575775146,0.3622114658355713,0.0,22.0,0.0,0.0,22.0,0.0,22.0,0.31578632195790607,0.1873873472213745,2.8554890950520835,0.2717185616493225,0.021492804090181988,-0.08676058053970337
334,2.0046389869999075,116.537344,0.9036589860916138,0.33065265417099,0.062231987714767456,0.015625,0.06984835118055344,0.0,0.08098138123750687,0.0021417548414319754,0.1067911833524704,0.0,0.0,0.0,0.0,0.0,1.522039771080017,3.8851871490478516,0.35659903287887573,0.0,24.0,0.0,0.0,24.0,0.0,24.0,0.3169119159380595,0.18697857856750488,2.8113199869791665,0.2729938824971517,0.021427802741527557,-0.09791189432144165
335,1.9791304370000944,116.537344,0.8811390995979309,0.33879604935646057,0.013797322288155556,0.015625,0.06777342408895493,0.0,0.07909201830625534,0.0021642507053911686,0.1054280623793602,0.0,0.0,0.0,0.0,0.0,1.5282378196716309,3.9864211082458496,0.35169491171836853,0.0,24.0,0.0,0.0,24.0,0.0,24.0,0.31781848271687824,0.19630593061447144,2.8187459309895835,0.2737230062484741,0.021487603584925335,-0.09786897897720337
336,2.021080765999841,116.537344,0.8200315237045288,0.36318013072013855,0.018850000575184822,0.0146484375,0.06193417310714722,0.0,0.07593253254890442,0.0018730912124738097,0.1068522185087204,0.0,0.0,0.0,0.0,0.0,1.456618070602417,4.000398635864258,0.358090341091156,0.0,24.0,0.0,0.0,24.0,0.0,24.0,0.3184877634048462,0.20042060315608978,2.8147989908854165,0.2739684383074443,0.02164827287197113,-0.09701043367385864
337,1.9910516090001238,116.537344,0.8391705751419067,0.38183826208114624,0.04033670201897621,0.0146484375,0.06354035437107086,0.0,0.07691343873739243,0.0020266175270080566,0.10894775390625,0.0,0.0,0.0,0.0,0.0,1.390038251876831,4.075007438659668,0.37626558542251587,0.0,22.0,0.0,0.0,22.0,0.0,22.0,0.3188324570655823,0.202790766954422,2.7940673828125,0.2738899191220601,0.021642059087753296,-0.04466261714696884
338,1.9615030439999828,116.537344,0.833771824836731,0.3901466727256775,0.04815707355737686,0.013671875,0.06335552781820297,0.0,0.07360951602458954,0.0017955657094717026,0.1027425155043602,0.0,0.0,0.0,0.0,0.0,1.4272079467773438,4.040009498596191,0.35657212138175964,0.0,27.0,0.0,0.0,27.0,0.0,27.0,0.31852463881174725,0.2080586701631546,2.8238932291666665,0.27347201108932495,0.021642858783404034,-0.07845133543014526
339,1.9767429440000797,116.537344,0.8245895504951477,0.3837447166442871,0.021094510331749916,0.013671875,0.062174491584300995,0.0,0.07495485991239548,0.001718961982987821,0.10986328125,0.0,0.0,0.0,0.0,0.0,1.577136516571045,3.8739795684814453,0.3682442307472229,0.0,22.0,0.0,0.0,22.0,0.0,22.0,0.3173748254776001,0.20699310302734375,2.8630574544270835,0.2723286549250285,0.021458278099695843,-0.07836145162582397
340,1.9201892510000107,116.537344,0.8837160468101501,0.3610217273235321,0.01370993722230196,0.013671875,0.06802242994308472,0.0,0.07673265039920807,0.0015742633258923888,0.1137491911649704,0.0,0.0,0.0,0.0,0.0,1.5642666816711426,4.01273775100708,0.3560445010662079,0.0,20.0,0.0,0.0,20.0,0.0,20.0,0.31799020369847614,0.1959870457649231,2.83392333984375,0.2729851007461548,0.021470213929812115,-0.09796911478042603
341,2.018037806000166,116.537344,0.9168740510940552,0.34584006667137146,0.017523638904094696,0.013671875,0.07103201001882553,0.0,0.07973012328147888,0.0021234843879938126,0.1125284880399704,0.0,0.0,0.0,0.0,0.0,1.59988534450531,4.027766227722168,0.375466912984848,0.0,27.0,0.0,0.0,27.0,0.0,27.0,0.31841568152109784,0.19738483428955078,2.78924560546875,0.2738024592399597,0.021569098035494488,-0.09791785478591919
342,2.0474245080001765,116.537344,0.902141809463501,0.3313514292240143,0.05033981055021286,0.013671875,0.07018745690584183,0.0,0.07665708661079407,0.0019077820470556617,0.1015828475356102,0.0,0.0,0.0,0.0,0.0,1.5531346797943115,3.8603971004486084,0.3662230968475342,0.0,22.0,0.0,0.0,22.0,0.0,22.0,0.3187626798947652,0.19715477526187897,2.8305257161458335,0.27412551641464233,0.021617981294790905,-0.09790211915969849
343,2.1123123279999163,116.537344,0.9239678382873535,0.32589197158813477,0.032340604811906815,0.013671875,0.0725972056388855,0.0,0.07608151435852051,0.001802460988983512,0.10235595703125,0.0,0.0,0.0,0.0,0.0,1.4713153839111328,3.9983057975769043,0.36026057600975037,0.0,29.0,0.0,0.0,29.0,0.0,29.0,0.3197212815284729,0.20507951080799103,2.8192342122395835,0.2750609914461772,0.021741246183713276,-0.06298947334289551
344,2.034034202999919,116.537344,0.8828694224357605,0.33557549118995667,0.027592770755290985,0.0126953125,0.06840698421001434,0.0,0.07565149664878845,0.001556646078824997,0.1027018278837204,0.0,0.0,0.0,0.0,0.0,1.399545431137085,4.097866058349609,0.3678640127182007,0.0,17.0,0.0,0.0,17.0,0.0,17.0,0.3204643328984578,0.2068975865840912,2.7875773111979165,0.27554166316986084,0.021735921502113342,-0.06271547079086304
345,1.989151333999871,116.537344,0.8763309121131897,0.3492847681045532,0.011898651719093323,0.0126953125,0.06762124598026276,0.0,0.07580018043518066,0.001468949718400836,0.0975748747587204,0.0,0.0,0.0,0.0,0.0,1.3904927968978882,4.145776748657227,0.36369189620018005,0.0,20.0,0.0,0.0,20.0,0.0,20.0,0.32011620203653973,0.19745707511901855,2.7814534505208335,0.2747838298479716,0.021647699177265167,-0.062309861183166504
346,1.9432272159999684,116.537344,0.8883237838745117,0.36149752140045166,0.030158763751387596,0.0126953125,0.06815874576568604,0.0,0.07660762965679169,0.001484115608036518,0.0992228239774704,0.0,0.0,0.0,0.0,0.0,1.462989091873169,4.3105621337890625,0.38520821928977966,0.0,22.0,0.0,0.0,22.0,0.0,22.0,0.3192482391993205,0.19529902935028076,2.8255208333333335,0.27355337142944336,0.021588352819283802,-0.09881287813186646
347,1.9020789030000742,116.537344,0.9090575575828552,0.36810195446014404,0.041586726903915405,0.0126953125,0.06913675367832184,0.0,0.07958130538463593,0.0015279989456757903,0.110107421875,0.0,0.0,0.0,0.0,0.0,1.5742547512054443,4.441279888153076,0.42682188749313354,0.0,18.0,1.0,0.0,19.0,0.0,18.0,0.3184535503387451,0.19816088676452637,2.7926228841145835,0.27266011635462445,0.02144698053598404,-0.09880679845809937
348,1.8355219259999558,116.537344,0.9124629497528076,0.3616655468940735,0.038665127009153366,0.0126953125,0.06940992921590805,0.0,0.07949410378932953,0.001557152601890266,0.1017863005399704,0.0,0.0,0.0,0.0,0.0,1.6155656576156616,4.366389751434326,0.417468786239624,0.0,21.0,0.0,0.0,21.0,0.0,21.0,0.3173756202061971,0.19694784283638,2.7566121419270835,0.2721434235572815,0.02137805273135503,-0.09876638650894165
349,1.9483588879998024,116.537344,0.9518786668777466,0.34836721420288086,0.024306343868374825,0.0146484375,0.0729113519191742,0.0,0.08288786560297012,0.0017140822019428015,0.1017252653837204,0.0,0.0,0.0,0.0,0.0,1.6710056066513062,4.301166534423828,0.43283963203430176,0.0,17.0,0.0,2.0,15.0,0.0,17.0,0.31574926773707074,0.19962751865386963,2.7747802734375,0.2709895571072896,0.021229766309261322,-0.09889346361160278
350,1.9047944700000699,116.537344,1.0342426300048828,0.3234008252620697,0.01610513962805271,0.0146484375,0.08043652027845383,0.0,0.08751724660396576,0.0019211675971746445,0.1058146208524704,0.0,0.0,0.0,0.0,0.0,1.771515130996704,4.347052574157715,0.45344600081443787,0.0,30.0,0.0,0.0,30.0,0.0,30.0,0.31473833322525024,0.19976240396499634,2.7571004231770835,0.270449419816335,0.021215297281742096,-0.09909993410110474
351,1.9924208560000807,116.537344,1.0750850439071655,0.30361253023147583,0.048445988446474075,0.0146484375,0.08457256853580475,0.0,0.08985531330108643,0.001811788184568286,0.1091512069106102,0.0,0.0,0.0,0.0,0.0,1.6519359350204468,4.2734551429748535,0.4665970802307129,0.0,30.0,0.0,0.0,30.0,0.0,30.0,0.3149833679199219,0.19404828548431396,2.72662353515625,0.2709392507870992,0.021427303552627563,-0.09912019968032837
352,1.9582291889998942,116.537344,1.0599443912506104,0.30075472593307495,0.040084108710289,0.0146484375,0.08302345871925354,0.0,0.09169475734233856,0.00196998193860054,0.11114501953125,0.0,0.0,0.0,0.0,0.0,1.5893096923828125,4.193210124969482,0.4877551198005676,0.0,23.0,0.0,0.0,23.0,0.0,23.0,0.3151827057202657,0.1875782012939453,2.7257893880208335,0.27127605676651,0.02148055036862691,-0.09910506010055542
353,1.9479280030000155,116.537344,1.0300790071487427,0.307136595249176,0.023957736790180206,0.0146484375,0.0801369696855545,0.0,0.09474501013755798,0.0023393123410642147,0.1212565153837204,0.0,0.0,0.0,0.0,0.0,1.549963355064392,4.193877220153809,0.490867018699646,0.0,31.0,0.0,1.0,30.0,0.0,31.0,0.31532440582911175,0.19083118438720703,2.7134806315104165,0.2723196546236674,0.021504757304986317,-0.09884291887283325
354,1.9378766410000026,116.537344,0.9898627400398254,0.3243107199668884,0.009483572095632553,0.015625,0.07635949552059174,0.0,0.09415173530578613,0.0024886606261134148,0.1306966245174408,0.0,0.0,0.0,0.0,0.0,1.4497454166412354,4.255514144897461,0.4772939682006836,0.0,32.0,0.0,1.0,31.0,0.0,32.0,0.3157347838083903,0.19481855630874634,2.6960652669270835,0.27347944180170697,0.021598140398661297,-0.05002865940332413
355,1.9529971449999266,116.537344,0.9780065417289734,0.3401933014392853,0.01176752895116806,0.015625,0.07543282210826874,0.0,0.09282448887825012,0.002196849789470434,0.1427815854549408,0.0,0.0,0.0,0.0,0.0,1.3893895149230957,4.151987075805664,0.4658071994781494,0.0,24.0,0.0,0.0,24.0,0.0,24.0,0.3155242403348287,0.20123842358589172,2.73431396484375,0.27342818180720013,0.021592604617277782,-0.07731729745864868
356,2.0088232029997926,116.537344,0.9948812127113342,0.3558228015899658,0.023536179214715958,0.0146484375,0.07689622044563293,0.0,0.0934389978647232,0.002460520714521408,0.1419881284236908,0.0,0.0,0.0,0.0,0.0,1.4191793203353882,4.129980564117432,0.4757249057292938,0.0,22.0,0.0,0.0,22.0,0.0,22.0,0.31552088260650635,0.20593129098415375,2.7646891276041665,0.2729308605194092,0.021481004854043324,-0.07693266868591309
357,2.180396797000185,116.537344,0.9909623265266418,0.3618465065956116,0.035904936492443085,0.015625,0.07631375640630722,0.0,0.09157358855009079,0.0027370410971343517,0.1388956755399704,0.0,0.0,0.0,0.0,0.0,1.4460194110870361,4.172053337097168,0.48190411925315857,0.0,27.0,0.0,1.0,26.0,0.0,27.0,0.3156207005182902,0.20797473192214966,2.7845052083333335,0.27278655767440796,0.021520445744196575,-0.07436158508062363
358,2.086452641000051,116.537344,0.9577977657318115,0.36352670192718506,0.029311301186680794,0.0166015625,0.07340439409017563,0.0,0.08629348874092102,0.002520752139389515,0.1230875700712204,0.0,0.0,0.0,0.0,0.0,1.5400073528289795,4.072689056396484,0.4754335284233093,0.0,30.0,0.0,1.0,29.0,0.0,30.0,0.31619876623153687,0.19119513034820557,2.78570556640625,0.27287201086680096,0.021430591742197674,-0.07738348096609116
359,1.9703759930000615,116.537344,0.9316180348396301,0.357718288898468,0.0225574541836977,0.017578125,0.07133743166923523,0.0,0.08191384375095367,0.0023849422577768564,0.1083577498793602,0.0,0.0,0.0,0.0,0.0,1.570631980895996,3.919807195663452,0.46076488494873047,0.0,23.0,0.0,1.0,22.0,0.0,23.0,0.316464900970459,0.18949514627456665,2.8178507486979165,0.272604763507843,0.021338147421677906,-0.07749702036380768
360,2.0661520400001336,116.537344,0.9167633056640625,0.3431549370288849,0.015537566505372524,0.017578125,0.07011737674474716,0.0,0.0779620036482811,0.0019387130159884691,0.10107421875,0.0,0.0,0.0,0.0,0.0,1.6365941762924194,3.871849775314331,0.4728676974773407,0.0,29.0,0.0,0.0,29.0,0.0,29.0,0.3177490830421448,0.19143855571746826,2.828125,0.27350350220998126,0.021326176822185516,-0.07776632905006409
361,1.99103805499999,116.537344,0.9125939011573792,0.32927876710891724,0.024198895320296288,0.017578125,0.07060748338699341,0.0,0.07621762156486511,0.00158974330406636,0.0968831405043602,0.0,0.0,0.0,0.0,0.0,1.6320831775665283,3.7948813438415527,0.43744945526123047,0.0,23.0,0.0,0.0,23.0,0.0,23.0,0.31976425647735596,0.2009340226650238,2.8334757486979165,0.27475754419962567,0.021405940254529316,-0.07688139379024506
362,1.955916845000047,116.537344,0.9349576234817505,0.3231544494628906,0.014461206272244453,0.017578125,0.07282580435276031,0.0,0.07911886274814606,0.0018221624195575714,0.1015421599149704,0.0,0.0,0.0,0.0,0.0,1.5850728750228882,3.762333631515503,0.4484042525291443,0.0,24.0,0.0,0.0,24.0,0.0,24.0,0.3202379544576009,0.20178160071372986,2.8394978841145835,0.2751527825991313,0.02148806055386861,-0.07717688381671906
363,1.9550237959999777,116.537344,0.9216154217720032,0.3259055018424988,0.03718792274594307,0.0185546875,0.07141223549842834,0.0,0.08025974780321121,0.0017510110046714544,0.1102091521024704,0.0,0.0,0.0,0.0,0.0,1.5229249000549316,3.728261947631836,0.4680929183959961,0.0,22.0,0.0,1.0,21.0,0.0,22.0,0.3214397231737773,0.2120351493358612,2.7934163411458335,0.276034156481425,0.021468016008536022,-0.07753494381904602
364,1.9231503260000409,116.537344,0.9497681260108948,0.32824087142944336,0.06396269053220749,0.0185546875,0.07410844415426254,0.0,0.08357338607311249,0.0018440247513353825,0.1161092147231102,0.0,0.0,0.0,0.0,0.0,1.485169768333435,3.832176923751831,0.4563175439834595,0.0,21.0,0.0,0.0,21.0,0.0,21.0,0.32104625304539997,0.20453514158725739,2.764404296875,0.2756923834482829,0.02131075660387675,-0.07786612212657928
365,1.9919970969999667,116.537344,0.9857240319252014,0.3373483717441559,0.01141299121081829,0.0185546875,0.0767153650522232,0.0,0.0860196202993393,0.002436744747683406,0.1195271834731102,0.0,0.0,0.0,0.0,0.0,1.4612700939178467,4.1328253746032715,0.4998406171798706,0.0,26.0,0.0,0.0,26.0,0.0,26.0,0.32002349694569904,0.19192850589752197,2.7815755208333335,0.2749846378962199,0.02126430223385493,-0.07749592512845993
366,2.020165878999933,116.537344,0.9490418434143066,0.36104023456573486,0.0416543185710907,0.01953125,0.07305437326431274,0.0,0.0833013504743576,0.002324767643585801,0.1126708984375,0.0,0.0,0.0,0.0,0.0,1.4156768321990967,4.2866621017456055,0.48121175169944763,0.0,24.0,0.0,1.0,23.0,0.0,24.0,0.3200400273005168,0.1914694905281067,2.7602335611979165,0.27509570121765137,0.021246492862701416,-0.07787863910198212
367,2.056202211000027,116.537344,0.934891402721405,0.3710070252418518,0.05250018090009689,0.01953125,0.07144402712583542,0.0,0.08283200860023499,0.002418049145489931,0.1126912459731102,0.0,0.0,0.0,0.0,0.0,1.4491097927093506,4.483351707458496,0.4685337543487549,0.0,23.0,0.0,0.0,23.0,0.0,23.0,0.3193439443906148,0.1974744200706482,2.75628662109375,0.27438217401504517,0.02133043607076009,-0.07807248085737228
368,2.0159945390000757,116.537344,0.9103152751922607,0.3666202425956726,0.04320770874619484,0.01953125,0.06964017450809479,0.0,0.07381858676671982,0.0017073325579985976,0.0957845076918602,0.0,0.0,0.0,0.0,0.0,1.43880033493042,4.3508429527282715,0.45932072401046753,0.0,30.0,0.0,0.0,30.0,0.0,30.0,0.3188287019729614,0.19943997263908386,2.7892252604166665,0.2738641897837321,0.021239245931307476,-0.07842589914798737
369,1.9801542449999943,116.537344,0.9140024781227112,0.356405645608902,0.020186515524983406,0.01953125,0.06980948895215988,0.0,0.07114806026220322,0.001329208491370082,0.08209228515625,0.0,0.0,0.0,0.0,0.0,1.5561072826385498,4.232195854187012,0.4742879867553711,0.0,23.0,0.0,0.0,23.0,0.0,23.0,0.3178548216819763,0.2044457495212555,2.7987467447916665,0.2729828953742981,0.021266100307305653,-0.07869358360767365
370,1.9708827860001747,116.537344,0.954172670841217,0.33642762899398804,0.03482188656926155,0.01953125,0.0735785961151123,0.0,0.07525264471769333,0.0013891042908653617,0.0812174528837204,0.0,0.0,0.0,0.0,0.0,1.6229114532470703,4.256880760192871,0.46649742126464844,0.0,18.0,0.0,0.0,18.0,0.0,18.0,0.3172486623128255,0.21162892878055573,2.7605183919270835,0.27265626192092896,0.021272070705890656,-0.07625425606966019
371,1.9619586759999947,116.537344,0.9730958938598633,0.32067757844924927,0.055661093443632126,0.0205078125,0.07515516877174377,0.0,0.08026258647441864,0.001454373705200851,0.08990478515625,0.0,0.0,0.0,0.0,0.0,1.6584138870239258,4.240911483764648,0.4675111174583435,0.0,17.0,0.0,1.0,16.0,0.0,17.0,0.31629689534505206,0.19177258014678955,2.7685546875,0.2716343402862549,0.021349492172400158,-0.07812575995922089
372,1.9793902689998504,116.537344,1.0189779996871948,0.3126522898674011,0.049199964851140976,0.0205078125,0.07929396629333496,0.0,0.08768117427825928,0.0015968502266332507,0.1152547225356102,0.0,0.0,0.0,0.0,0.0,1.7152001857757568,4.331151962280273,0.46536779403686523,0.0,18.0,0.0,0.0,18.0,0.0,18.0,0.3156571388244629,0.19015175104141235,2.7492472330729165,0.2709969679514567,0.021334576110045116,-0.07862064242362976
373,2.057498993999843,116.537344,1.0173832178115845,0.3215237557888031,0.012944778427481651,0.01953125,0.07860220968723297,0.0,0.09328393638134003,0.0022677292581647635,0.1212972030043602,0.0,0.0,0.0,0.0,0.0,1.633152961730957,4.591233253479004,0.46882447600364685,0.0,30.0,0.0,0.0,30.0,0.0,30.0,0.31611210107803345,0.19327479600906372,2.72119140625,0.2719886898994446,0.021503043671449024,-0.07849911600351334
374,1.9400826989999587,116.537344,0.9798564910888672,0.3376607596874237,0.02635026164352894,0.01953125,0.07510551810264587,0.0,0.09092658758163452,0.00220436230301857,0.1298014372587204,0.0,0.0,0.0,0.0,0.0,1.4861266613006592,4.578616619110107,0.4920329451560974,0.0,34.0,0.0,0.0,34.0,0.0,34.0,0.31728631258010864,0.19929581880569458,2.6919148763020835,0.27339158455530804,0.021689623594284058,-0.03473030775785446
375,1.9478830320001634,116.537344,0.9534426927566528,0.35198724269866943,0.03632211685180664,0.01953125,0.0731520801782608,0.0,0.08688484877347946,0.0018444036832079291,0.1268107146024704,0.0,0.0,0.0,0.0,0.0,1.3831048011779785,4.3840789794921875,0.4787662923336029,0.0,32.0,0.0,0.0,32.0,0.0,32.0,0.317366103331248,0.19323322176933289,2.7261555989583335,0.27372072140375775,0.0215006023645401,-0.0720704048871994
376,1.885896885999955,116.537344,0.9561396241188049,0.3610166609287262,0.036030787974596024,0.01953125,0.07325693219900131,0.0,0.08734958618879318,0.0022177675273269415,0.1235555037856102,0.0,0.0,0.0,0.0,0.0,1.4769659042358398,4.246148586273193,0.46590763330459595,0.0,25.0,0.0,0.0,25.0,0.0,25.0,0.31704094012578327,0.19209031760692596,2.7762451171875,0.27293505271275836,0.021323812504609425,-0.07846026867628098
377,1.9578446489999806,116.537344,0.9689790606498718,0.3555228114128113,0.028760261833667755,0.01953125,0.07431918382644653,0.0,0.08635646104812622,0.002412357134744525,0.12158203125,0.0,0.0,0.0,0.0,0.0,1.584334373474121,4.085351943969727,0.48104390501976013,0.0,30.0,0.0,0.0,30.0,0.0,30.0,0.31654306252797443,0.1927870661020279,2.81414794921875,0.27210859457651776,0.021304634710152943,-0.07851968705654144
378,1.946053996000046,116.537344,0.9595895409584045,0.3436887264251709,0.013572840951383114,0.0205078125,0.07376247644424438,0.0,0.0829474925994873,0.002159649506211281,0.1205851286649704,0.0,0.0,0.0,0.0,0.0,1.566023349761963,3.8616321086883545,0.49489912390708923,0.0,28.0,0.0,1.0,27.0,0.0,28.0,0.31672485669453937,0.18340075016021729,2.8366495768229165,0.2723876436551412,0.02160334090391795,-0.07852113991975784
379,1.9922716989999572,116.537344,0.9309490919113159,0.33738574385643005,0.03485170751810074,0.0205078125,0.07113850116729736,0.0,0.0823693722486496,0.002281204564496875,0.1112467497587204,0.0,0.0,0.0,0.0,0.0,1.6032578945159912,3.6114563941955566,0.49375542998313904,0.0,28.0,0.0,0.0,28.0,0.0,28.0,0.3171240488688151,0.18177631497383118,2.8270263671875,0.2727978626887004,0.021661366025606792,-0.07847625017166138
380,1.9916883329999564,116.537344,0.9098012447357178,0.33229967951774597,0.05740252137184143,0.0224609375,0.06983675807714462,0.0,0.07916732877492905,0.0020389766432344913,0.1060587614774704,0.0,0.0,0.0,0.0,0.0,1.5574090480804443,3.621232509613037,0.47789081931114197,0.0,24.0,0.0,2.0,22.0,0.0,24.0,0.3182133038838704,0.19220250844955444,2.8539225260416665,0.27403467893600464,0.021608685453732807,-0.07870177924633026
381,2.0327716169999803,116.537344,0.9148283004760742,0.3357778787612915,0.02699292078614235,0.0224609375,0.0703936517238617,0.0,0.0820726603269577,0.0025076286401599646,0.11822509765625,0.0,0.0,0.0,0.0,0.0,1.471780776977539,3.7273385524749756,0.46938222646713257,0.0,28.0,0.0,0.0,28.0,0.0,28.0,0.3187546531359355,0.18957456946372986,2.8717244466145835,0.2746305664380391,0.021793000400066376,-0.010182585567235947
382,1.930136163999805,116.537344,0.8697514533996582,0.3513016700744629,0.015126172453165054,0.0234375,0.06610444188117981,0.0,0.07988665252923965,0.002315692137926817,0.1149088591337204,0.0,0.0,0.0,0.0,0.0,1.4352459907531738,3.7801527976989746,0.4620259702205658,0.0,22.0,0.0,1.0,21.0,0.0,22.0,0.31997573375701904,0.19106897711753845,2.8449910481770835,0.2754147450129191,0.021698877215385437,-0.07871247828006744
383,1.9078936050000266,116.537344,0.853945791721344,0.36459463834762573,0.024123387411236763,0.0244140625,0.06444275379180908,0.0,0.07776881754398346,0.00242984970100224,0.1067911833524704,0.0,0.0,0.0,0.0,0.0,1.5527280569076538,3.9628210067749023,0.462482213973999,0.0,30.0,0.0,1.0,29.0,0.0,30.0,0.32026012738545734,0.20391717553138733,2.8505655924479165,0.2749174237251282,0.02149671067794164,-0.07865039259195328
384,1.8942723410000326,116.537344,0.842851996421814,0.3740927577018738,0.04200097918510437,0.0244140625,0.06358484923839569,0.0,0.07376796752214432,0.0021005196031183004,0.1002197265625,0.0,0.0,0.0,0.0,0.0,1.587259292602539,4.085240364074707,0.44932740926742554,0.0,24.0,0.0,0.0,24.0,0.0,24.0,0.3199087182680766,0.19168859720230103,2.8761800130208335,0.2743428548177083,0.021490444739659626,-0.07850275933742523
385,1.8440733449999698,116.537344,0.8501998782157898,0.3729599118232727,0.02627052552998066,0.0244140625,0.06413261592388153,0.0,0.07267358899116516,0.0019207482691854239,0.0956827849149704,0.0,0.0,0.0,0.0,0.0,1.6394531726837158,4.10407829284668,0.4624919295310974,0.0,25.0,0.0,1.0,24.0,0.0,25.0,0.32076776027679443,0.19002825021743774,2.82275390625,0.27540862560272217,0.021684323747952778,-0.07860233634710312
386,1.8742358659999354,116.537344,0.8527581095695496,0.3652302622795105,0.01956143230199814,0.025390625,0.06445912271738052,0.0,0.07036823034286499,0.001732335425913334,0.0853271484375,0.0,0.0,0.0,0.0,0.0,1.6555812358856201,4.100654602050781,0.4536493718624115,0.0,25.0,0.0,1.0,24.0,0.0,25.0,0.3207676410675049,0.20017985999584198,2.78009033203125,0.27578578392664593,0.02178261677424113,-0.07864174246788025
387,1.9557876139999735,116.537344,0.930600106716156,0.3396064043045044,0.01532650738954544,0.025390625,0.07257523387670517,0.0,0.06940591335296631,0.0016420631436631083,0.0804850310087204,0.0,0.0,0.0,0.0,0.0,1.6006643772125244,4.11984395980835,0.4275183379650116,0.0,24.0,0.0,0.0,24.0,0.0,24.0,0.32026084264119464,0.19728992879390717,2.8097941080729165,0.27559351921081543,0.021800659596920013,-0.021454334259033203
388,1.9771012209998844,116.537344,0.9299711585044861,0.33081164956092834,0.06482981890439987,0.025390625,0.07260434329509735,0.0,0.0719573125243187,0.0015177716268226504,0.08673095703125,0.0,0.0,0.0,0.0,0.0,1.5367012023925781,4.041241645812988,0.42403674125671387,0.0,20.0,0.0,0.0,20.0,0.0,20.0,0.32087061802546185,0.19728489220142365,2.7767130533854165,0.2760930856068929,0.021719445784886677,-0.022241465747356415
389,1.9436813429999802,116.537344,0.9379709959030151,0.32488638162612915,0.025742366909980774,0.025390625,0.07321587204933167,0.0,0.07291164994239807,0.0013861972838640213,0.0869547575712204,0.0,0.0,0.0,0.0,0.0,1.4959882497787476,4.14750862121582,0.4302465319633484,0.0,23.0,0.0,0.0,23.0,0.0,23.0,0.32137725750605267,0.20249004662036896,2.76806640625,0.2762569586435954,0.02169809490442276,-0.07771003246307373
390,1.8963617989998056,116.537344,0.9369342923164368,0.3337293267250061,0.017504137009382248,0.0244140625,0.0726068839430809,0.0,0.07858707755804062,0.0016673968639224768,0.1031697615981102,0.0,0.0,0.0,0.0,0.0,1.5061233043670654,4.229602813720703,0.4460945129394531,0.0,18.0,0.0,0.0,18.0,0.0,18.0,0.32049715518951416,0.20332254469394684,2.7434488932291665,0.27546606461207074,0.02162763973077138,-0.0775335431098938
391,1.9618258929999683,116.537344,0.9798504114151001,0.33249902725219727,0.01539904810488224,0.0244140625,0.07653658092021942,0.0,0.08024248480796814,0.0017660073935985565,0.1060994490981102,0.0,0.0,0.0,0.0,0.0,1.5004537105560303,4.324448108673096,0.4461425244808197,0.0,20.0,0.0,0.0,20.0,0.0,20.0,0.3194187084833781,0.19431543350219727,2.7494710286458335,0.2749193509419759,0.021654509007930756,-0.07752639055252075
392,1.9641125110001667,116.537344,1.01597261428833,0.33081984519958496,0.016694067046046257,0.0234375,0.07920267432928085,0.0,0.08282333612442017,0.0020377710461616516,0.1097412109375,0.0,0.0,0.0,0.0,0.0,1.5695667266845703,4.498427391052246,0.48862776160240173,0.0,27.0,0.0,0.0,27.0,0.0,27.0,0.3187928597132365,0.20129472017288208,2.74346923828125,0.2746155063311259,0.02168230712413788,-0.07759606838226318
393,1.929365376000078,116.537344,1.0527324676513672,0.32323333621025085,0.01534042228013277,0.0244140625,0.08289450407028198,0.0,0.0830671414732933,0.002139595104381442,0.1067911833524704,0.0,0.0,0.0,0.0,0.0,1.580855369567871,4.591886520385742,0.4683450162410736,0.0,24.0,0.0,1.0,23.0,0.0,24.0,0.3177551031112671,0.20057322084903717,2.7646280924479165,0.2742648522059123,0.02167019248008728,-0.07789868116378784
394,1.988480146000029,116.537344,1.0152995586395264,0.3282577693462372,0.009793181903660297,0.025390625,0.0790896937251091,0.0,0.08059646189212799,0.0017964126309379935,0.1005655974149704,0.0,0.0,0.0,0.0,0.0,1.5629910230636597,4.571758270263672,0.4834628105163574,0.0,28.0,0.0,1.0,27.0,0.0,28.0,0.31757110357284546,0.19973623752593994,2.7926839192708335,0.27390676736831665,0.02165023237466812,-0.07807135581970215
395,2.0485001760000614,116.537344,0.989741325378418,0.3296699821949005,0.01606154255568981,0.025390625,0.07705911248922348,0.0,0.07790207862854004,0.0015363611746579409,0.0923868864774704,0.0,0.0,0.0,0.0,0.0,1.4458826780319214,4.462812423706055,0.46851301193237305,0.0,23.0,0.0,0.0,23.0,0.0,23.0,0.3184831539789836,0.2025083303451538,2.7557373046875,0.2744629780451457,0.021518565714359283,-0.0781623125076294
396,2.0477726519998214,116.537344,0.9835951328277588,0.32826727628707886,0.01623385213315487,0.0244140625,0.07648465037345886,0.0,0.07817418873310089,0.0014059984823688865,0.10101318359375,0.0,0.0,0.0,0.0,0.0,1.4792875051498413,4.35679817199707,0.47639200091362,0.0,18.0,0.0,0.0,18.0,0.0,18.0,0.31858229637145996,0.20684649050235748,2.7573445638020835,0.27417540550231934,0.02147451291481654,-0.0782386064529419
397,2.1044484059998467,116.537344,0.9856756925582886,0.3286658823490143,0.013143782503902912,0.0244140625,0.07620932161808014,0.0,0.08421506732702255,0.0016664641443639994,0.1204833984375,0.0,0.0,0.0,0.0,0.0,1.5141444206237793,4.237499237060547,0.49176663160324097,0.0,19.0,0.0,0.0,19.0,0.0,19.0,0.31771798928578693,0.20306932926177979,2.7724609375,0.2733155886332194,0.021536414821942646,-0.07812559604644775
398,2.0433771939999588,116.537344,1.0018982887268066,0.33289793133735657,0.007160576991736889,0.0244140625,0.07715591788291931,0.0,0.09023325890302658,0.002274550497531891,0.13262939453125,0.0,0.0,0.0,0.0,0.0,1.563102126121521,4.177995681762695,0.5161162614822388,0.0,22.0,0.0,0.0,22.0,0.0,22.0,0.3179086248079936,0.2047196328639984,2.74273681640625,0.2733959952990214,0.02162410318851471,-0.07789534330368042
399,1.9804795490001652,116.537344,0.9950908422470093,0.3367100954055786,0.008642633445560932,0.0244140625,0.07638686895370483,0.0,0.0928407534956932,0.0027534235268831253,0.1371663510799408,0.0,0.0,0.0,0.0,0.0,1.5796622037887573,4.144791603088379,0.5317814350128174,0.0,33.0,0.0,1.0,32.0,0.0,33.0,0.31787363688151044,0.19885507225990295,2.7518717447916665,0.27337437868118286,0.021603219211101532,-0.07810229063034058
400,2.0560321020000174,116.537344,0.9592209458351135,0.33889830112457275,0.008686285465955734,0.0263671875,0.07349900901317596,0.0,0.08924651145935059,0.0030102550517767668,0.1355794370174408,0.0,0.0,0.0,0.0,0.0,1.5047595500946045,4.029727935791016,0.5226482152938843,0.0,38.0,0.0,3.0,35.0,0.0,38.0,0.31840695937474567,0.19787271320819855,2.8116048177083335,0.273583988348643,0.0215134397149086,-0.07806485891342163
401,2.0427917859999525,116.537344,0.9064213633537292,0.34772226214408875,0.008247686550021172,0.0263671875,0.06910250335931778,0.0,0.082399383187294,0.00267941877245903,0.1197306364774704,0.0,0.0,0.0,0.0,0.0,1.455822467803955,3.8383708000183105,0.5067381858825684,0.0,37.0,0.0,0.0,37.0,0.0,37.0,0.31977470715840656,0.20605550706386566,2.8246663411458335,0.27477314074834186,0.02158384770154953,-0.07807016372680664
402,1.9489327880000928,116.537344,0.8766323328018188,0.3517194986343384,0.03276959806680679,0.02734375,0.0667981430888176,0.0,0.07884877920150757,0.0025773323141038418,0.1136271208524704,0.0,0.0,0.0,0.0,0.0,1.4752180576324463,3.7190470695495605,0.47484442591667175,0.0,24.0,0.0,1.0,23.0,0.0,24.0,0.32017378012339276,0.20325949788093567,2.8495890299479165,0.275155246257782,0.021735943853855133,-0.0774422287940979
403,1.9145960640000794,116.537344,0.8754448294639587,0.3567505180835724,0.007303046993911266,0.0283203125,0.06707796454429626,0.0,0.07340311259031296,0.002423799829557538,0.10601806640625,0.0,0.0,0.0,0.0,0.0,1.4669631719589233,3.696000099182129,0.4765840768814087,0.0,34.0,0.0,1.0,33.0,0.0,34.0,0.32034536202748615,0.2047908902168274,2.8698323567708335,0.2748831907908122,0.021722736457983654,-0.07795709371566772
404,1.910365555999988,116.537344,0.8104945421218872,0.3684347867965698,0.013391043059527874,0.02734375,0.061479829251766205,0.0,0.06509314477443695,0.0017447712598368526,0.0870157927274704,0.0,0.0,0.0,0.0,0.0,1.364243507385254,3.600060224533081,0.4497315287590027,0.0,27.0,0.0,0.0,27.0,0.0,27.0,0.32161517937978107,0.19836926460266113,2.9093221028645835,0.2757056752840678,0.021643439928690594,-0.0778929591178894
405,1.916936324000062,116.537344,0.768155574798584,0.3779008388519287,0.011717078275978565,0.0263671875,0.05743793770670891,0.0,0.0617319792509079,0.001702277921140194,0.0852457731962204,0.0,0.0,0.0,0.0,0.0,1.42409086227417,3.566643714904785,0.4585193395614624,0.0,19.0,0.0,1.0,18.0,0.0,19.0,0.3226408362388611,0.1971028745174408,2.8981730143229165,0.2764315605163574,0.021620119611422222,-0.07757943868637085
406,1.8466784560000633,116.537344,0.7461947798728943,0.3829573392868042,0.020468035712838173,0.0263671875,0.055145956575870514,0.0,0.06033619865775108,0.0013656734954565763,0.0801595076918602,0.0,0.0,0.0,0.0,0.0,1.5085039138793945,3.5907950401306152,0.46898049116134644,0.0,15.0,0.0,0.0,15.0,0.0,15.0,0.3221842050552368,0.1984129697084427,2.9261067708333335,0.27573317289352417,0.021542074779669445,-0.07749724388122559
407,1.858492318000117,116.537344,0.7859480381011963,0.3776419162750244,0.03758454695343971,0.025390625,0.05819711834192276,0.0,0.06430251896381378,0.0018083177274093032,0.085693359375,0.0,0.0,0.0,0.0,0.0,1.6016652584075928,3.861581325531006,0.47685012221336365,0.0,16.0,0.0,0.0,16.0,0.0,16.0,0.3212235967318217,0.20414496958255768,2.9242960611979165,0.2753171920776367,0.021638303995132446,-0.07741808891296387
408,1.9437890439999137,116.537344,0.8097004890441895,0.36562931537628174,0.020023470744490623,0.025390625,0.06061308830976486,0.0,0.06309092044830322,0.0017341992352157831,0.0749104842543602,0.0,0.0,0.0,0.0,0.0,1.6515586376190186,4.006597518920898,0.47225961089134216,0.0,30.0,0.0,0.0,30.0,0.0,30.0,0.3221491773923238,0.19712962210178375,2.85662841796875,0.27682260672251385,0.02166578670342763,-0.07730215787887573
409,1.9098606560000917,116.537344,0.7731156349182129,0.3580274283885956,0.013414616696536541,0.02734375,0.05739358812570572,0.0,0.06065314635634422,0.0011178030399605632,0.0750935897231102,0.0,0.0,0.0,0.0,0.0,1.6696300506591797,4.064852714538574,0.4525405764579773,0.0,20.0,0.0,2.0,18.0,0.0,20.0,0.323131521542867,0.19545066356658936,2.8469441731770835,0.27729491392771405,0.021710095306237537,-0.07731032371520996
410,1.9350752709999597,116.537344,0.8385080695152283,0.34225714206695557,0.0725204348564148,0.02734375,0.06337068974971771,0.0,0.06657274812459946,0.0013093830784782767,0.0830281600356102,0.0,0.0,0.0,0.0,0.0,1.6565874814987183,4.191956520080566,0.4582861661911011,0.0,10.0,0.0,0.0,10.0,0.0,10.0,0.3224257230758667,0.19264769554138184,2.8191935221354165,0.2763543923695882,0.021695733070373535,-0.07725644111633301
411,1.946186703999956,116.537344,0.8898811340332031,0.3408081829547882,0.018193785101175308,0.02734375,0.06758788228034973,0.0,0.07318062335252762,0.001803000457584858,0.0909423828125,0.0,0.0,0.0,0.0,0.0,1.6173046827316284,4.57556676864624,0.46241360902786255,0.0,17.0,0.0,0.0,17.0,0.0,17.0,0.32168829441070557,0.20135435461997986,2.75885009765625,0.27574896812438965,0.02158277730147044,-0.0774078369140625
412,1.8724783469999693,116.537344,0.9142033457756042,0.3436592221260071,0.022516760975122452,0.0283203125,0.0693218931555748,0.0,0.0761830061674118,0.0019123745150864124,0.0920613631606102,0.0,0.0,0.0,0.0,0.0,1.5801184177398682,4.8166093826293945,0.4880205988883972,0.0,26.0,1.0,1.0,26.0,0.0,26.0,0.3210331400235494,0.20671336352825165,2.718994140625,0.27495994170506793,0.021396341423193615,-0.07763314247131348
413,1.8603568790001646,116.537344,0.9192228317260742,0.34613335132598877,0.023084670305252075,0.03125,0.06993822753429413,0.0,0.0764564797282219,0.0015999171882867813,0.09344482421875,0.0,0.0,0.0,0.0,0.0,1.4994868040084839,4.7888288497924805,0.46919411420822144,0.0,25.0,0.0,3.0,22.0,0.0,25.0,0.3195860783259074,0.20644967257976532,2.7375895182291665,0.2736860116322835,0.02137370655934016,-0.07914167642593384
414,1.8431874110001445,116.537344,0.9866654276847839,0.3387676477432251,0.012469648383557796,0.033203125,0.07612322270870209,0.0,0.08035942167043686,0.001502430997788906,0.0997517928481102,0.0,0.0,0.0,0.0,0.0,1.4908790588378906,4.757770538330078,0.48638829588890076,0.0,22.0,0.0,2.0,20.0,0.0,22.0,0.31828904151916504,0.20352855324745178,2.7197062174479165,0.2728479901949565,0.021409332752227783,-0.07919847965240479
415,1.9622786140000699,116.537344,0.9765576720237732,0.3355346918106079,0.014651764184236526,0.033203125,0.07494372129440308,0.0,0.0831562876701355,0.001824102597311139,0.10479736328125,0.0,0.0,0.0,0.0,0.0,1.5918643474578857,4.595178127288818,0.4745652675628662,0.0,24.0,0.0,0.0,24.0,0.0,24.0,0.317093829313914,0.2036951333284378,2.7263387044270835,0.27217964331309,0.021386392414569855,-0.07920020818710327
416,1.9171581760001573,116.537344,0.9966613054275513,0.3296891152858734,0.009672867134213448,0.0341796875,0.07702840864658356,0.0,0.08552154153585434,0.0020689424127340317,0.11151123046875,0.0,0.0,0.0,0.0,0.0,1.6680068969726562,4.386382102966309,0.46699005365371704,0.0,27.0,0.0,1.0,26.0,0.0,27.0,0.3169136643409729,0.1997857689857483,2.74041748046875,0.2718604604403178,0.021393855412801106,-0.07917404174804688
417,1.8477465680000478,116.537344,1.0135612487792969,0.32508036494255066,0.01164956670254469,0.03515625,0.07887427508831024,0.0,0.08686146140098572,0.00218284223228693,0.1114705428481102,0.0,0.0,0.0,0.0,0.0,1.674849510192871,4.340545654296875,0.4576660394668579,0.0,30.0,0.0,1.0,29.0,0.0,30.0,0.31752673784891766,0.18169230222702026,2.7604166666666665,0.27243218819300336,0.021369730432828266,-0.07888203859329224
418,1.9320402099999683,116.537344,1.0094937086105347,0.31922775506973267,0.028771450743079185,0.0361328125,0.07873798161745071,0.0,0.0834159404039383,0.002018309896811843,0.1121012419462204,0.0,0.0,0.0,0.0,0.0,1.541271686553955,4.179450035095215,0.488464891910553,0.0,33.0,1.0,1.0,33.0,0.0,33.0,0.31832083066304523,0.20629841089248657,2.7679036458333335,0.27357133229573566,0.021342933177947998,-0.07869595289230347
419,1.8919396620001407,116.537344,0.9720919132232666,0.325072318315506,0.036292821168899536,0.0390625,0.0756283774971962,0.0,0.08211065828800201,0.0017837159102782607,0.1143595427274704,0.0,0.0,0.0,0.0,0.0,1.453139066696167,4.066643238067627,0.4764866232872009,0.0,20.0,1.0,3.0,18.0,0.0,20.0,0.31891687711079914,0.2096615880727768,2.7794392903645835,0.2741481860478719,0.021425825854142506,-0.07840508222579956
420,1.897043568000072,116.537344,0.9542312622070312,0.3374263644218445,0.007723702583462,0.0400390625,0.07364178448915482,0.0,0.08614680171012878,0.0022906360682100058,0.1198323592543602,0.0,0.0,0.0,0.0,0.0,1.44745671749115,4.034152984619141,0.48024114966392517,0.0,28.0,0.0,1.0,27.0,0.0,28.0,0.3187812964121501,0.20597286522388458,2.7852579752604165,0.2742599844932556,0.021560803055763245,-0.07843458652496338
421,1.9297046199999386,116.537344,0.9132310152053833,0.35321280360221863,0.020754095166921616,0.041015625,0.06956217437982559,0.0,0.08402802795171738,0.0018351145554333925,0.12591552734375,0.0,0.0,0.0,0.0,0.0,1.4941556453704834,4.035580635070801,0.48112839460372925,0.0,23.0,0.0,1.0,22.0,0.0,23.0,0.3190922737121582,0.19429896771907806,2.7999471028645835,0.27467532952626544,0.021495724717775982,-0.023456409573554993
422,1.9412611200000356,116.537344,0.9148483276367188,0.3607707917690277,0.023792436346411705,0.0400390625,0.06974931061267853,0.0,0.08416217565536499,0.0022737737745046616,0.1240641325712204,0.0,0.0,0.0,0.0,0.0,1.4889113903045654,4.068742752075195,0.4805520176887512,0.0,30.0,0.0,0.0,30.0,0.0,30.0,0.31903855005900067,0.19580858945846558,2.8091023763020835,0.27475619316101074,0.02159751703341802,-0.021146900951862335
423,1.97179258999995,116.537344,0.8744345903396606,0.36392074823379517,0.029106149449944496,0.0419921875,0.06609305739402771,0.0,0.07965993881225586,0.0020338152535259724,0.1119181364774704,0.0,0.0,0.0,0.0,0.0,1.5037705898284912,3.9552721977233887,0.48565900325775146,0.0,22.0,1.0,2.0,21.0,0.0,22.0,0.319612721602122,0.19940365850925446,2.8399861653645835,0.2748153805732727,0.021475950876871746,-0.07877486944198608
424,1.982166419999885,116.537344,0.8948075771331787,0.3565453290939331,0.012740354053676128,0.04296875,0.06770772486925125,0.0,0.0816778689622879,0.0026360596530139446,0.112060546875,0.0,0.0,0.0,0.0,0.0,1.596453070640564,3.9429831504821777,0.513365626335144,0.0,27.0,0.0,1.0,26.0,0.0,27.0,0.32017775376637775,0.20535781979560852,2.8061319986979165,0.2753351330757141,0.021494766076405842,-0.07849937677383423
