iter,t_iter_s,peak_mem_mb,loss,vx,grad_norm,terrain_level,loss_v,loss_clear,loss_gproj,loss_tilt,tilt_frac_active,loss_omega,loss_ctrl,loss_yaw,mean_abs_yaw_cmd,n_falls,n_timeouts,n_move_up,n_move_down,n_fall_height,n_fall_tilt,mean_base_h,min_base_h,mean_n_contact,mean_base_z,mean_foot_clear,min_foot_clear
0,1.6141136299999914,2.134528,7.174685478210449,0.096063032746315,0.7491123080253601,nan,0.7106791734695435,0.0,9.405805030837655e-05,0.0,0.0,0.7478060722351074,0.018662959337234497,0.0003205443499609828,0.5488320589065552,0.0,0.0,nan,nan,0.0,0.0,0.33809057871500653,0.335358202457428,2.6614583333333335,0.33809057871500653,0.021420910954475403,0.01166398823261261
1,0.36435634400001504,3.18208,7.079953193664551,0.08615055680274963,0.37342560291290283,nan,0.7013606429100037,0.0,0.0003197526966687292,0.0,0.0,0.40989822149276733,0.10553820431232452,0.002178329974412918,0.5488320589065552,0.0,0.0,nan,nan,0.0,0.0,0.3373454809188843,0.3356059789657593,3.1328125,0.3373454809188843,0.02302089085181554,0.0230097696185112
2,0.3629723400000273,3.18208,6.834831237792969,0.0210049320012331,0.429351806640625,nan,0.6761288642883301,0.0,0.00036249830736778677,0.0,0.0,0.40194806456565857,0.2704177498817444,0.005858843680471182,0.5488320589065552,0.0,0.0,nan,nan,0.0,0.0,0.3350357214609782,0.33406439423561096,3.0989583333333335,0.3350357214609782,0.02301272749900818,0.023008301854133606
3,0.3615252220000116,3.18208,6.68103551864624,-0.07232632488012314,0.38822028040885925,nan,0.6604154109954834,0.0,0.0003657768829725683,0.0,0.0,0.41641220450401306,0.47855696082115173,0.011360685341060162,0.5488320589065552,0.0,0.0,nan,nan,0.0,0.0,0.3343435923258464,0.333781898021698,3.1197916666666665,0.3343435923258464,0.023023441433906555,0.0230088010430336
4,0.3657790709999915,3.18208,6.729583740234375,-0.17045347392559052,0.7545357346534729,nan,0.6660215854644775,0.0,0.0003940609749406576,0.0,0.0,0.4422450065612793,0.648152768611908,0.018731815740466118,0.5488320589065552,0.0,0.0,nan,nan,0.0,0.0,0.3340439399083455,0.33350199460983276,2.9661458333333335,0.3340439399083455,0.02306724339723587,0.02302820235490799
5,0.36337271900001156,3.18208,6.930457592010498,-0.25543850660324097,1.0724194049835205,nan,0.6863228678703308,0.0,0.0005805595428682864,0.0,0.0,0.4733496606349945,0.7774914503097534,0.028071796521544456,0.5488320589065552,0.0,0.0,nan,nan,0.0,0.0,0.3332352042198181,0.3323574960231781,3.2552083333333335,0.3332352042198181,0.023115649819374084,0.023078151047229767
6,0.3631910430000005,3.18208,7.206764221191406,-0.31425708532333374,0.9883411526679993,nan,0.7136095762252808,0.0,0.0009710236918181181,0.0,0.0,0.49411246180534363,0.8707793951034546,0.039465583860874176,0.5488320589065552,0.0,0.0,nan,nan,0.0,0.0,0.33171425263086957,0.33034253120422363,3.8515625,0.33171425263086957,0.023172808190186817,0.023137718439102173
7,0.3630649210000172,3.18208,7.307485580444336,-0.3261035978794098,0.6272935271263123,nan,0.7232621908187866,0.0,0.0015976706054061651,0.0,0.0,0.4999551475048065,0.9421440958976746,0.052934762090444565,0.5488320589065552,0.0,0.0,nan,nan,0.0,0.0,0.32952727874120075,0.3276135325431824,3.96875,0.32952727874120075,0.02323555697997411,0.02319815754890442
8,0.36308444799999506,3.18208,7.189995288848877,-0.28875619173049927,0.6727290153503418,nan,0.7111288905143738,0.0,0.0024103973992168903,0.0,0.0,0.489822119474411,0.9972281455993652,0.06839242577552795,0.5488320589065552,0.0,0.0,nan,nan,0.0,0.0,0.32670968770980835,0.3244349956512451,3.9895833333333335,0.32670968770980835,0.023294066389401753,0.023260608315467834
9,0.363921691999991,3.18208,6.970378875732422,-0.20890021324157715,0.6330075860023499,nan,0.6877506971359253,0.0,0.0033408496528863907,0.0,0.0,0.45791393518447876,1.0283173322677612,0.08560504019260406,0.5488320589065552,0.0,0.0,nan,nan,0.0,0.0,0.3237710992495219,0.32156428694725037,3.7786458333333335,0.3237710992495219,0.02333991229534149,0.0233117938041687
10,0.3615154910000058,3.18208,6.830316543579102,-0.10455097258090973,0.777603805065155,nan,0.6732122302055359,0.0,0.004221129696816206,0.0,0.0,0.41988405585289,1.0957587957382202,0.10430219769477844,0.5488320589065552,0.0,0.0,nan,nan,0.0,0.0,0.3215601046880086,0.3198601007461548,3.6119791666666665,0.3215601046880086,0.023366918166478474,0.023343943059444427
11,0.35933619400000794,3.18208,6.873264312744141,0.004627235233783722,1.12941312789917,nan,0.6774697303771973,0.0,0.004778828006237745,0.0,0.0,0.39146122336387634,1.2488101720809937,0.12439249455928802,0.5488320589065552,0.0,0.0,nan,nan,0.0,0.0,0.32068316141764325,0.3194870054721832,3.8229166666666665,0.32068316141764325,0.023372602959473927,0.023345187306404114
12,0.36206308900000295,3.18208,7.100503444671631,0.10807893425226212,1.0435775518417358,nan,0.7000371813774109,0.0,0.004900860134512186,0.0,0.0,0.39496946334838867,1.5001753568649292,0.1459091603755951,0.5488320589065552,0.0,0.0,nan,nan,0.0,0.0,0.32105523347854614,0.3196162283420563,3.9296875,0.32105523347854614,0.0233583003282547,0.02331744134426117
13,0.36026823099999206,3.18208,7.439691543579102,0.1996534764766693,0.912878155708313,nan,0.7331575155258179,0.0,0.004843616392463446,0.0,0.0,0.44326719641685486,1.8513067960739136,0.16895191371440887,0.5488320589065552,0.0,0.0,nan,nan,0.0,0.0,0.3219920794169108,0.32010239362716675,3.9739583333333335,0.3219920794169108,0.023326406876246136,0.02327265590429306
14,0.3624109429999862,3.18208,7.776587009429932,0.2682751417160034,0.7679529190063477,nan,0.7662980556488037,0.0,0.005233563482761383,0.0,0.0,0.5181180834770203,2.2866382598876953,0.1937314122915268,0.5488320589065552,0.0,0.0,nan,nan,0.0,0.0,0.32280441125233966,0.32106104493141174,4.0,0.32280441125233966,0.02327714612086614,0.0232112854719162
15,0.36300483299999087,3.18208,7.965816020965576,0.3007882535457611,0.986013650894165,nan,0.7837740182876587,0.0,0.006629485636949539,0.0,0.0,0.5916469097137451,2.872161388397217,0.22052377462387085,0.5488320589065552,0.0,0.0,nan,nan,0.0,0.0,0.32317747672398883,0.32179418206214905,4.0,0.32317747672398883,0.023211461802323658,0.023135483264923096
16,0.3605024199999889,3.18208,7.916593551635742,0.2938206195831299,1.1153713464736938,nan,0.7771849036216736,0.0,0.009380258619785309,0.0,0.0,0.6450206637382507,3.5130672454833984,0.24949505925178528,0.5488320589065552,0.0,0.0,nan,nan,0.0,0.0,0.3229519526163737,0.3217281401157379,3.640625,0.3229519526163737,0.023133655389149983,0.023053668439388275
17,0.3643593990000227,3.18208,7.654360771179199,0.2509087324142456,1.3623077869415283,nan,0.7499790191650391,0.0,0.01357739046216011,0.0,0.0,0.6948890089988708,4.128912925720215,0.28075647354125977,0.5488320589065552,0.0,0.0,nan,nan,0.0,0.0,0.3220689495404561,0.32042834162712097,3.0208333333333335,0.3220689495404561,0.02305194487174352,0.022973202168941498
18,0.3620494570000119,3.18208,7.310043811798096,0.18699456751346588,1.5139378309249878,nan,0.7141405940055847,0.0,0.019681833684444427,0.0,0.0,0.7875922918319702,4.774421691894531,0.31407517194747925,0.5488320589065552,0.0,0.0,nan,nan,0.0,0.0,0.32110275824864704,0.31946513056755066,3.0,0.32110275824864704,0.02297708143790563,0.022901050746440887
19,0.36256255499998247,3.18208,7.026355743408203,0.11783207952976227,1.4030293226242065,nan,0.6839653849601746,0.0,0.027947839349508286,0.0,0.0,0.7842587232589722,5.339202404022217,0.34906983375549316,0.5488320589065552,0.0,0.0,nan,nan,0.0,0.0,0.3205057382583618,0.31887081265449524,3.0,0.3205057382583618,0.022913460930188496,0.022845156490802765
20,0.36398876100000166,3.18208,6.838770389556885,0.04971028119325638,1.2111190557479858,nan,0.6638178825378418,0.0,0.03749086335301399,0.0,0.0,0.7068364024162292,5.737060546875,0.3854915499687195,0.5488320589065552,0.0,0.0,nan,nan,0.0,0.0,0.32002943754196167,0.3183025121688843,2.9869791666666665,0.32002943754196167,0.022868158916632336,0.02281251549720764
21,0.3599890520000031,3.18208,6.7579474449157715,-0.013149014674127102,0.6775516867637634,nan,0.6551858186721802,0.0,0.04713219404220581,0.0,0.0,0.6276060938835144,5.9604926109313965,0.42321357131004333,0.5488320589065552,0.0,0.0,nan,nan,0.0,0.0,0.319552481174469,0.3179340958595276,2.9036458333333335,0.319552481174469,0.02284788340330124,0.022807106375694275
22,0.35884048700000903,3.18208,6.784766674041748,-0.06553982943296432,0.9354584217071533,nan,0.6567949056625366,0.0,0.05584998428821564,0.0,0.0,0.5643569827079773,6.030628204345703,0.46229833364486694,0.5488320589065552,0.0,0.0,nan,nan,0.0,0.0,0.31933732827504474,0.317399263381958,2.5,0.31933732827504474,0.022855162620544434,0.022809334099292755
23,0.3579792429999884,3.18208,6.887718200683594,-0.10573168843984604,1.3433423042297363,nan,0.6664215326309204,0.0,0.06234443932771683,0.0,0.0,0.5042499899864197,6.361583709716797,0.5029612183570862,0.5488320589065552,0.0,0.0,nan,nan,0.0,0.0,0.31967248519261676,0.31733155250549316,2.265625,0.31967248519261676,0.022885998090108235,0.022832714021205902
24,0.3595282420000103,3.18208,7.0414557456970215,-0.13716170191764832,1.561859130859375,nan,0.6812938451766968,0.0,0.0653953105211258,0.0,0.0,0.47643744945526123,6.8570404052734375,0.5455917119979858,0.5488320589065552,0.0,0.0,nan,nan,0.0,0.0,0.3204135497411092,0.3174339830875397,2.3671875,0.3204135497411092,0.022930560012658436,0.02287466824054718
25,0.36004669100000797,3.18208,7.202861785888672,-0.16320070624351501,1.5698792934417725,nan,0.696662425994873,0.0,0.06482043862342834,0.0,0.0,0.4849027097225189,7.408486843109131,0.5904726386070251,0.5488320589065552,0.0,0.0,nan,nan,0.0,0.0,0.3212239344914754,0.3179957866668701,2.4166666666666665,0.3212239344914754,0.022980992992719013,0.02292410284280777
26,0.36290849999997477,3.18208,7.357783317565918,-0.186972975730896,1.2318238019943237,nan,0.7111907005310059,0.0,0.06140599399805069,0.0,0.0,0.5037626028060913,7.8933539390563965,0.6376420855522156,0.5488320589065552,0.0,0.0,nan,nan,0.0,0.0,0.3218366503715515,0.3187955617904663,2.5807291666666665,0.3218366503715515,0.02303228775660197,0.02296929806470871
27,0.36275054099999693,3.18208,7.4661383628845215,-0.20700208842754364,0.548328161239624,nan,0.7221302390098572,0.0,0.05625533685088158,0.0,0.0,0.5378185510635376,8.237022399902344,0.6870152354240417,0.5488320589065552,0.0,0.0,nan,nan,0.0,0.0,0.3221103549003601,0.31888365745544434,2.7005208333333335,0.3221103549003601,0.0230800062417984,0.023018114268779755
28,0.3611866139999904,3.18208,7.552580833435059,-0.2220773696899414,0.7530376315116882,nan,0.7298612594604492,0.0,0.050294797867536545,0.0,0.0,0.6083142757415771,8.530407905578613,0.7385832667350769,0.5488320589065552,0.0,0.0,nan,nan,0.0,0.0,0.32191890478134155,0.31859290599823,2.8463541666666665,0.32191890478134155,0.02312338352203369,0.023064762353897095
29,0.3634595919999981,3.18208,7.596194267272949,-0.22972413897514343,0.8823757171630859,nan,0.7328236103057861,0.0,0.04426829516887665,0.0,0.0,0.6904958486557007,8.933551788330078,0.7923049330711365,0.5488320589065552,0.0,0.0,nan,nan,0.0,0.0,0.3211709459622701,0.3177816867828369,3.1067708333333335,0.3211709459622701,0.023143072923024494,0.023014120757579803
30,0.36262450899999976,3.18208,7.467337131500244,-0.2208196520805359,1.2303974628448486,nan,0.7189533114433289,0.0,0.040271252393722534,0.0,0.0,0.5457539558410645,9.658592224121094,0.8458420634269714,0.5488320589065552,0.0,0.0,nan,nan,0.0,0.0,0.3205835024515788,0.31770259141921997,3.7916666666666665,0.3205835024515788,0.023084881405035656,0.02299712598323822
31,0.3610858979999989,3.18208,7.183618068695068,-0.17659540474414825,0.891800045967102,nan,0.6891767382621765,0.0,0.03957342356443405,0.0,0.0,0.43036431074142456,10.616764068603516,0.8999437093734741,0.5488320589065552,0.0,0.0,nan,nan,0.0,0.0,0.3207697868347168,0.31804898381233215,3.9817708333333335,0.3207697868347168,0.02311469366153081,0.02303178608417511
32,0.36276045099998555,3.18208,7.0005998611450195,-0.10965540260076523,0.8500572443008423,nan,0.6692084074020386,0.0,0.041323114186525345,0.0,0.0,0.41023820638656616,11.287801742553711,0.9555255770683289,0.5488320589065552,0.0,0.0,nan,nan,0.0,0.0,0.3205503622690837,0.317337304353714,3.9244791666666665,0.3205503622690837,0.02314445624748866,0.02308211475610733
33,0.36378279199999497,3.18208,6.974428653717041,-0.0424041748046875,0.6594135165214539,nan,0.6655511856079102,0.0,0.0453999787569046,0.0,0.0,0.45257556438446045,11.508512496948242,1.012943148612976,0.5488320589065552,0.0,0.0,nan,nan,0.0,0.0,0.3198896646499634,0.3158690929412842,3.46875,0.3198896646499634,0.02314426749944687,0.023099727928638458
34,0.36259182800000644,3.18208,7.02814245223999,0.010963106527924538,0.43885260820388794,nan,0.6706728339195251,0.0,0.05140993744134903,0.0,0.0,0.50627601146698,11.126226425170898,1.0734375715255737,0.5488320589065552,0.0,0.0,nan,nan,0.0,0.0,0.3192082444826762,0.31437748670578003,3.1927083333333335,0.3192082444826762,0.023099735379219055,0.02303207665681839
35,0.3618787229999896,3.18208,7.043041706085205,0.04657948762178421,0.44533514976501465,nan,0.6717772483825684,0.0,0.05820417031645775,0.0,0.0,0.5226529836654663,9.939422607421875,1.1377060413360596,0.5488320589065552,0.0,0.0,nan,nan,0.0,0.0,0.31879228353500366,0.3131622076034546,2.4557291666666665,0.31879228353500366,0.023022929827372234,0.0229046568274498
36,0.3612400330000014,3.18208,6.935706615447998,0.05968561768531799,0.6151412129402161,nan,0.6613925695419312,0.0,0.0646006390452385,0.0,0.0,0.5088135004043579,8.627339363098145,1.205204725265503,0.5488320589065552,0.0,0.0,nan,nan,0.0,0.0,0.3188487688700358,0.31282371282577515,2.0104166666666665,0.3188487688700358,0.02296571930249532,0.022862650454044342
37,0.3641961280000032,3.18208,6.822826385498047,0.06657249480485916,1.0268068313598633,nan,0.6509639024734497,0.0,0.06986259669065475,0.0,0.0,0.48384296894073486,7.546089172363281,1.2745417356491089,0.5488320589065552,0.0,0.0,nan,nan,0.0,0.0,0.31975601116816205,0.31293386220932007,2.125,0.31975601116816205,0.022955420116583507,0.0227678045630455
38,0.36125487300000714,3.18208,6.813658237457275,0.08510217070579529,1.2691534757614136,nan,0.6499848365783691,0.0,0.07298889756202698,0.0,0.0,0.4531802535057068,6.805652618408203,1.3450816869735718,0.5488320589065552,0.0,0.0,nan,nan,0.0,0.0,0.32125675678253174,0.31391778588294983,2.0052083333333335,0.32125675678253174,0.022968868414560955,0.02276427298784256
39,0.3633543990000021,3.18208,6.872795581817627,0.11308559775352478,1.3136250972747803,nan,0.6544208526611328,0.0,0.07347872853279114,0.0,0.0,0.43945416808128357,6.48102331161499,1.4169025421142578,0.5488320589065552,0.0,0.0,nan,nan,0.0,0.0,0.3226664066314697,0.31506335735321045,2.1067708333333335,0.3226664066314697,0.02298664053281148,0.022639766335487366
40,0.36378379799998584,3.18208,6.911641597747803,0.14001815021038055,1.1349197626113892,nan,0.6575644016265869,0.0,0.07142584770917892,0.0,0.0,0.45026177167892456,6.698973655700684,1.4896657466888428,0.5488320589065552,0.0,0.0,nan,nan,0.0,0.0,0.32356629769007367,0.3154735267162323,2.0520833333333335,0.32356629769007367,0.02293252448240916,0.02256663888692856
41,0.36272055099999534,3.18208,6.869087219238281,0.15833836793899536,0.9793707728385925,nan,0.6516600251197815,0.0,0.06721946597099304,0.0,0.0,0.5105273723602295,7.597743511199951,1.5635002851486206,0.5488320589065552,0.0,0.0,nan,nan,0.0,0.0,0.3238845268885295,0.315410315990448,2.6692708333333335,0.3238845268885295,0.022829927504062653,0.022470861673355103
42,0.3639584720000073,3.18208,6.651544570922852,0.16641783714294434,0.973242998123169,nan,0.6276531219482422,0.0,0.0620601624250412,0.0,0.0,0.5991030931472778,9.154013633728027,1.6392836570739746,0.5488320589065552,0.0,0.0,nan,nan,0.0,0.0,0.32379696766535443,0.3153982162475586,2.9635416666666665,0.32379696766535443,0.022730829815069836,0.022429198026657104
43,0.3626145220000012,3.18208,6.330924034118652,0.16551220417022705,0.8711886405944824,nan,0.5933104753494263,0.0,0.05806928128004074,0.0,0.0,0.5958993434906006,11.561281204223633,1.7172152996063232,0.5488320589065552,0.0,0.0,nan,nan,0.0,0.0,0.3236241936683655,0.3156764805316925,3.1927083333333335,0.3236241936683655,0.022628426551818848,0.022376641631126404
44,0.3620001569999829,3.18208,6.099903583526611,0.15804238617420197,0.9807448983192444,nan,0.5665011405944824,0.0,0.057372257113456726,0.0,0.0,0.5733397006988525,14.636951446533203,1.7978923320770264,0.5488320589065552,0.0,0.0,nan,nan,0.0,0.0,0.3236987789471944,0.3160831034183502,3.0625,0.3236987789471944,0.02258762965599696,0.02231530100107193
45,0.3641398069999866,3.18208,6.03048038482666,0.14638200402259827,0.9219298958778381,nan,0.553931474685669,0.0,0.06071587651968002,0.0,0.0,0.6000017523765564,17.879962921142578,1.8818082809448242,0.5488320589065552,0.0,0.0,nan,nan,0.0,0.0,0.32348038752873737,0.3150899112224579,2.9479166666666665,0.32348038752873737,0.022542225817839306,0.022239141166210175
46,0.36189328500000784,3.18208,6.102880001068115,0.13310423493385315,0.7288815975189209,nan,0.5556894540786743,0.0,0.06831885129213333,0.0,0.0,0.6786271929740906,20.884471893310547,1.9685823917388916,0.5488320589065552,0.0,0.0,nan,nan,0.0,0.0,0.32250547409057617,0.3131452798843384,2.859375,0.32250547409057617,0.022493014732996624,0.022121943533420563
47,0.36325855100000126,3.18208,6.223179340362549,0.12204690277576447,0.7713810205459595,nan,0.5644387602806091,0.0,0.07990512251853943,0.0,0.0,0.7713426947593689,22.901212692260742,2.056694746017456,0.5488320589065552,0.0,0.0,nan,nan,0.0,0.0,0.32073203722635907,0.3103836476802826,2.7942708333333335,0.32073203722635907,0.022446610033512115,0.0219743475317955
48,0.3655014889999961,3.18208,6.315006256103516,0.12290525436401367,0.9151027798652649,nan,0.5710049271583557,0.0,0.09493981301784515,0.0,0.0,0.8648306727409363,23.503089904785156,2.144308090209961,0.5488320589065552,0.0,0.0,nan,nan,0.0,0.0,0.318492849667867,0.3077484667301178,2.4166666666666665,0.318492849667867,0.022503075500329334,0.02181943506002426
49,0.36306766299998117,3.18208,6.262864112854004,0.14101780951023102,0.831149697303772,nan,0.5647172927856445,0.0,0.11221422255039215,0.0,0.0,0.8737443685531616,23.07843780517578,2.2322654724121094,0.5488320589065552,0.0,0.0,nan,nan,0.0,0.0,0.3164143959681193,0.3059956133365631,2.2473958333333335,0.3164143959681193,0.022628794113794964,0.021734490990638733
50,0.3644210880000003,3.18208,6.1231489181518555,0.1766740381717682,0.7849498987197876,nan,0.5513437986373901,0.0,0.12942688167095184,0.0,0.0,0.8125857710838318,21.884521484375,2.3212764263153076,0.5488320589065552,0.0,0.0,nan,nan,0.0,0.0,0.31523700555165607,0.29662394523620605,2.0546875,0.31523700555165607,0.022686004638671875,0.021612629294395447
51,0.3658143510000116,3.18208,6.094964981079102,0.22306960821151733,0.7574092745780945,nan,0.5468388795852661,0.0,0.14522890746593475,0.0,0.0,0.8243424296379089,20.515737533569336,2.411346912384033,0.5488320589065552,0.0,0.0,nan,nan,0.0,0.0,0.31501742204030353,0.2836696207523346,2.2005208333333335,0.31501742204030353,0.02270686626434326,0.021435938775539398
52,0.36536651200000847,3.18208,6.225061416625977,0.26753637194633484,0.6255214214324951,nan,0.5542740225791931,0.0,0.16172334551811218,0.0,0.0,0.9810647368431091,19.59945297241211,2.5021350383758545,0.5488320589065552,0.0,0.0,nan,nan,0.0,0.0,0.3145918647448222,0.2673411965370178,2.09375,0.3145918647448222,0.022614980737368267,0.021130099892616272
53,0.37603483499998447,3.18208,6.435091018676758,0.30843085050582886,0.7839940190315247,nan,0.571296215057373,0.0,0.18318557739257812,0.0,0.0,1.3733999729156494,19.496963500976562,2.59385347366333,0.5488320589065552,0.0,0.0,nan,nan,0.0,0.0,0.31237510840098065,0.2475637048482895,2.1666666666666665,0.31237510840098065,0.02249683936436971,0.020839542150497437
54,0.3853876310000146,3.18208,6.686272144317627,0.3423832058906555,0.8911994099617004,nan,0.5916301608085632,0.0,0.21453246474266052,2.4257624318124726e-06,0.0520833358168602,2.0761289596557617,20.377517700195312,2.6877479553222656,0.5488320589065552,0.0,0.0,nan,nan,0.0,0.0,0.30733803908030194,0.22437703609466553,2.1302083333333335,0.30733803908030194,0.022362880408763885,0.02058234065771103
55,0.38480037200000083,3.18208,7.107908248901367,0.27246275544166565,1.0311863422393799,nan,0.6293298006057739,0.0,0.2576697766780853,0.00019216134387534112,0.3619791865348816,2.248249053955078,21.78767967224121,2.782693862915039,0.5488320589065552,0.0,0.0,nan,nan,0.0,0.0,0.30070356527964276,0.2166861593723297,2.0520833333333335,0.30070356527964276,0.022247314453125,0.020509716123342514
56,0.381856780999982,3.18208,7.528346538543701,0.21418800950050354,1.1849945783615112,nan,0.6684958338737488,0.0,0.3076685965061188,0.0014543700963258743,0.5390625,2.7687087059020996,23.110366821289062,2.8762259483337402,0.5488320589065552,0.0,0.0,nan,nan,0.0,0.0,0.2957982619603475,0.2168203443288803,2.015625,0.2957982619603475,0.022145057717959087,0.02054256945848465
57,0.380699978999985,3.18208,7.931306838989258,0.14897142350673676,1.446247935295105,nan,0.7030991315841675,0.0,0.3714125156402588,0.005325718782842159,0.6770833730697632,3.216461181640625,24.48006820678711,2.9790542125701904,0.5488320589065552,0.0,0.0,nan,nan,0.0,0.0,0.29001446564992267,0.21577303111553192,1.8125,0.29001446564992267,0.022054806351661682,0.0206209197640419
58,0.3846973480000031,3.18208,7.680665493011475,0.09878265857696533,0.7364518046379089,nan,0.6746984720230103,0.0,0.3973628878593445,0.010786536149680614,0.7473958730697632,2.9677085876464844,24.27484130859375,3.043795108795166,0.5625388622283936,3.0,0.0,nan,nan,0.0,3.0,0.28987661997477215,0.2204437255859375,1.5989583333333333,0.28987661997477215,0.022181307276089985,0.02065776288509369
59,0.3825770720000037,3.18208,5.908463478088379,0.11764346063137054,0.43333226442337036,nan,0.5196428298950195,0.0,0.2781521677970886,0.007869241759181023,0.5052083730697632,2.2642126083374023,16.587337493896484,2.3558545112609863,0.59935063123703,5.0,0.0,nan,nan,0.0,5.0,0.3053210377693176,0.24092009663581848,1.5416666666666667,0.3053210377693176,0.022522886594136555,0.02063610404729843
60,0.37956891600001086,3.182592,4.925410747528076,0.1592244803905487,0.9129907488822937,nan,0.44039735198020935,0.0,0.20972132682800293,0.00529255298897624,0.3854166865348816,1.6632760763168335,10.307151794433594,1.7430729866027832,0.5698064565658569,1.0,0.0,nan,nan,0.0,1.0,0.3144827683766683,0.2498217523097992,1.9088541666666667,0.3144827683766683,0.022182675699392956,0.02062326669692993
61,0.38276619100000175,3.182592,4.157551288604736,0.16641154885292053,1.053054928779602,nan,0.36469805240631104,0.0,0.19687074422836304,0.005906266625970602,0.375,1.8623508214950562,9.325971603393555,1.8147847652435303,0.5823336839675903,0.0,0.0,nan,nan,0.0,0.0,0.3174243172009786,0.2491637021303177,1.8802083333333333,0.3174243172009786,0.022154048085212708,0.020617246627807617
62,0.38271510600000624,3.182592,3.8895490169525146,0.16024455428123474,0.5368947386741638,nan,0.3392667770385742,0.0,0.19771888852119446,0.007803122978657484,0.3671875,2.27775239944458,8.338506698608398,1.797597885131836,0.5762425661087036,1.0,0.0,nan,nan,0.0,1.0,0.31717449426651,0.24505504965782166,1.9322916666666667,0.31717449426651,0.022160579760869343,0.020614683628082275
63,0.38092754600000944,3.182592,3.6242330074310303,0.10518503189086914,0.4044879078865051,nan,0.31549251079559326,0.0,0.19623319804668427,0.009547397494316101,0.3567708432674408,2.3070833683013916,8.019157409667969,1.6291303634643555,0.5718849301338196,1.0,0.0,nan,nan,0.0,1.0,0.318984587987264,0.24105237424373627,1.8671875,0.318984587987264,0.022197922070821125,0.020614080131053925
64,0.3868350029999874,3.182592,3.427025318145752,0.037889860570430756,0.733629047870636,nan,0.29950928688049316,0.0,0.19014422595500946,0.011703915894031525,0.3125,2.5177550315856934,9.035812377929688,1.1937689781188965,0.5701776742935181,0.0,0.0,nan,nan,0.0,0.0,0.32503970464070636,0.24331997334957123,1.8619791666666667,0.32503970464070636,0.022188504536946613,0.020614154636859894
65,0.37870353899998577,3.182592,3.906791925430298,0.01499820128083229,0.44457733631134033,nan,0.3507610559463501,0.0,0.14950773119926453,0.011705085635185242,0.2239583432674408,1.7621477842330933,11.767992973327637,0.8712043762207031,0.5512771010398865,3.0,0.0,nan,nan,0.0,3.0,0.33407564957936603,0.24412120878696442,1.8958333333333333,0.33407564957936603,0.02251122146844864,0.02061283588409424
66,0.39107053000000747,3.182592,4.019161224365234,-0.01567695662379265,1.1064703464508057,nan,0.36827778816223145,0.0,0.08773623406887054,0.004858027677983046,0.125,1.3775861263275146,14.43600845336914,0.5821429491043091,0.5585624575614929,1.0,0.0,nan,nan,0.0,1.0,0.3432829777399699,0.23900006711483002,1.9921875,0.3432829777399699,0.022528231143951416,0.020607203245162964
67,0.3717288659999838,3.182592,3.7558751106262207,-0.030252479016780853,0.7974733114242554,nan,0.346277117729187,0.0,0.052041199058294296,0.0004208860918879509,0.0625,1.308908224105835,16.035175323486328,0.3757759928703308,0.5358045101165771,0.0,0.0,nan,nan,0.0,0.0,0.35118524233500165,0.2775896191596985,2.03125,0.35118524233500165,0.022663210829099018,0.02059469372034073
68,0.3686596740000141,3.182592,3.828516960144043,-0.038185060024261475,0.7015206813812256,nan,0.35213762521743774,0.0,0.06251824647188187,0.0005763861699961126,0.0625,1.265931248664856,16.503162384033203,0.4010351598262787,0.5358045101165771,0.0,0.0,nan,nan,0.0,0.0,0.35038570562998456,0.2804834544658661,2.2213541666666665,0.35038570562998456,0.022579312324523926,0.020579099655151367
69,0.3716334140000015,3.182592,3.9075944423675537,-0.045330960303545,0.6416096687316895,nan,0.3590122163295746,0.0,0.07523831725120544,0.0008388514979742467,0.0625,1.2387304306030273,16.318313598632812,0.42967090010643005,0.5358045101165771,0.0,0.0,nan,nan,0.0,0.0,0.3482747475306193,0.2844363749027252,2.125,0.3482747475306193,0.02258852372566859,0.020568862557411194
70,0.3730802370000106,3.182592,4.044157981872559,-0.04828106611967087,0.43944936990737915,nan,0.37162908911705017,0.0,0.08789341151714325,0.0011716218432411551,0.0625,1.240049123764038,16.09267807006836,0.4620654284954071,0.5358045101165771,0.0,0.0,nan,nan,0.0,0.0,0.3462844689687093,0.28862398862838745,2.1380208333333335,0.3462844689687093,0.022660814225673676,0.02055826410651207
71,0.3745022919999883,3.182592,4.344782829284668,-0.046490125358104706,0.725002646446228,nan,0.40066927671432495,0.0,0.09817308187484741,0.0014853037428110838,0.1041666716337204,1.2830051183700562,16.281063079833984,0.4956612288951874,0.5358045101165771,0.0,0.0,nan,nan,0.0,0.0,0.3464233875274658,0.28545770049095154,2.2083333333333335,0.3464233875274658,0.02268483241399129,0.020549409091472626
72,0.37622698999999216,3.182592,4.699472427368164,-0.034831613302230835,1.0246424674987793,nan,0.43501585721969604,0.0,0.10733847320079803,0.0019722585566341877,0.125,1.2957900762557983,16.882652282714844,0.5289592742919922,0.5358045101165771,0.0,0.0,nan,nan,0.0,0.0,0.34859514236450195,0.2623979151248932,2.0260416666666665,0.34859514236450195,0.02269117037455241,0.020548269152641296
73,0.3736588060000088,3.182592,5.0208868980407715,-0.008257411420345306,0.5762403607368469,nan,0.46502506732940674,0.0,0.11754024028778076,0.003111296333372593,0.125,1.1714346408843994,17.785322189331055,0.5629547834396362,0.5358045101165771,0.0,0.0,nan,nan,0.0,0.0,0.34999434153238934,0.23534342646598816,1.8619791666666667,0.34999434153238934,0.022678079704443615,0.020548846572637558
74,0.37342981699998745,3.182592,5.204686164855957,-0.0006925798952579498,0.34608837962150574,nan,0.48243778944015503,0.0,0.10713645070791245,0.0033678412437438965,0.09375,0.9839258193969727,18.98684310913086,0.5981287956237793,0.5404362678527832,1.0,0.0,nan,nan,0.0,1.0,0.352714737256368,0.2192040979862213,2.0,0.352714737256368,0.022781488796075184,0.020551815629005432
75,0.37422934300002453,3.182592,5.2529988288879395,-0.001958891749382019,0.4387170076370239,nan,0.48657864332199097,0.0,0.09087881445884705,0.001863649464212358,0.0625,0.8059646487236023,20.041534423828125,0.6354609131813049,0.5450680255889893,0.0,0.0,nan,nan,0.0,0.0,0.3544166088104248,0.290085107088089,2.125,0.3544166088104248,0.0227809672554334,0.020555421710014343
76,0.37505957299998727,3.182592,5.306340217590332,0.01909083127975464,0.4000568985939026,nan,0.48969876766204834,0.0,0.09545807540416718,0.001808125525712967,0.0625,0.8465816378593445,20.773740768432617,0.6755781173706055,0.5450680255889893,0.0,0.0,nan,nan,0.0,0.0,0.35131506125132245,0.2881505787372589,2.1276041666666665,0.35131506125132245,0.022759894529978435,0.020559120923280716
77,0.3749557060000086,3.182592,5.281260013580322,0.0383700467646122,0.4210292100906372,nan,0.4861529767513275,0.0,0.10118240118026733,0.0017415459733456373,0.1067708358168602,0.9193257689476013,21.05480194091797,0.7187495231628418,0.5450680255889893,0.0,0.0,nan,nan,0.0,0.0,0.3481486638387044,0.27033552527427673,2.2682291666666665,0.3481486638387044,0.02271747092405955,0.020563285797834396
78,0.37647587600000065,3.182592,5.216289520263672,0.057935524731874466,0.4733330011367798,nan,0.47814130783081055,0.0,0.10859975218772888,0.0019291536882519722,0.125,1.1073192358016968,21.154083251953125,0.7652879953384399,0.5450680255889893,0.0,0.0,nan,nan,0.0,0.0,0.3455020984013875,0.24524515867233276,2.3333333333333335,0.3455020984013875,0.022677366932233173,0.0205683633685112
79,0.3827224059999992,3.182592,5.127134799957275,0.08118060231208801,0.42930033802986145,nan,0.4667689800262451,0.0,0.11871315538883209,0.0029662344604730606,0.125,1.3894108533859253,21.336156845092773,0.8145446181297302,0.5450680255889893,0.0,0.0,nan,nan,0.0,0.0,0.3434637784957886,0.2132273018360138,2.5130208333333335,0.3434637784957886,0.022637560963630676,0.02057446911931038
80,0.38368589199998837,3.182592,4.658511161804199,0.05292193964123726,0.2534026503562927,nan,0.42027556896209717,0.0,0.11789566278457642,0.003730515018105507,0.1067708358168602,1.0871390104293823,21.846511840820312,0.86595618724823,0.5533775687217712,1.0,0.0,nan,nan,0.0,1.0,0.3452516794204712,0.21218937635421753,2.3697916666666665,0.3452516794204712,0.022816427052021027,0.02058260142803192
81,0.3880237340000008,3.182592,4.15683126449585,0.05405113101005554,0.35631683468818665,nan,0.37084054946899414,0.0,0.09667067229747772,0.0014173861127346754,0.0859375,1.117760419845581,22.815963745117188,0.9211417436599731,0.5735576748847961,0.0,0.0,nan,nan,0.0,0.0,0.35134414831797284,0.27711278200149536,2.3958333333333335,0.35134414831797284,0.022704914212226868,0.02059144526720047
82,0.38430395800000383,3.182592,3.8764848709106445,0.04933658614754677,0.3209669291973114,nan,0.33948057889938354,0.0,0.10696526616811752,0.00152430753223598,0.125,1.1549105644226074,24.46600341796875,0.9829549789428711,0.5735576748847961,0.0,0.0,nan,nan,0.0,0.0,0.3512597481409709,0.2750219702720642,2.1588541666666665,0.3512597481409709,0.022673624257246654,0.020599957555532455
83,0.38765909399998577,3.182592,3.667628526687622,0.04352305456995964,0.3668637275695801,nan,0.3152243196964264,0.0,0.12063881754875183,0.0020928634330630302,0.1848958432674408,1.3502135276794434,26.05653190612793,1.0499078035354614,0.5735576748847961,0.0,0.0,nan,nan,0.0,0.0,0.34930209318796795,0.273068904876709,2.1354166666666665,0.34930209318796795,0.022638509670893352,0.020607974380254745
84,0.38637083899999425,3.182592,3.5715599060058594,0.03673306480050087,0.43244585394859314,nan,0.3032468259334564,0.0,0.13818374276161194,0.003875581081956625,0.1875,1.6797094345092773,26.712032318115234,1.1225947141647339,0.5735576748847961,0.0,0.0,nan,nan,0.0,0.0,0.3449673255284627,0.2503565549850464,2.2473958333333335,0.3449673255284627,0.022606623669465382,0.020616114139556885
85,0.37964306300000317,3.182592,3.63997745513916,-0.012093976140022278,0.4170612394809723,nan,0.3106805086135864,0.0,0.12058649957180023,0.004023159854114056,0.1302083432674408,1.7221750020980835,26.69134521484375,1.1779019832611084,0.5649927854537964,2.0,0.0,nan,nan,0.0,2.0,0.34565802415211994,0.24773994088172913,2.1302083333333335,0.34565802415211994,0.022715387245019276,0.02062467485666275
86,0.3784668940000131,3.182592,3.2977423667907715,-0.02441256493330002,0.4142570495605469,nan,0.28087517619132996,0.0,0.09236067533493042,0.0027781296521425247,0.0833333358168602,1.4089534282684326,24.496694564819336,1.242875576019287,0.5569052696228027,0.0,0.0,nan,nan,0.0,0.0,0.34683454036712646,0.2670358419418335,2.3229166666666665,0.34683454036712646,0.022721270720163982,0.02063342183828354
87,0.3781654420000109,3.182592,3.32576060295105,-0.03302422910928726,0.38181954622268677,nan,0.2831156253814697,0.0,0.10535994172096252,0.0038643479347229004,0.125,1.4415299892425537,22.82498550415039,1.2768875360488892,0.5569052696228027,0.0,0.0,nan,nan,0.0,0.0,0.34477853775024414,0.26459047198295593,2.2708333333333335,0.34477853775024414,0.022646735111872356,0.02064260095357895
88,0.38484246599998073,3.182592,3.476536750793457,-0.030761197209358215,0.31691715121269226,nan,0.29821348190307617,0.0,0.12158602476119995,0.0059271520003676414,0.125,1.5248358249664307,20.946752548217773,1.3033373355865479,0.5569052696228027,0.0,0.0,nan,nan,0.0,0.0,0.3418761094411214,0.2612482011318207,2.25,0.3418761094411214,0.022625309725602467,0.02065330371260643
89,0.38234842599999297,3.185152,3.238036870956421,-0.03216586634516716,0.18358509242534637,nan,0.28190237283706665,0.0,0.10751443356275558,0.0046324348077178,0.0807291716337204,1.4901931285858154,17.0262451171875,1.022955298423767,0.567213773727417,2.0,0.0,nan,nan,0.0,2.0,0.3426096836725871,0.23813475668430328,2.1979166666666665,0.3426096836725871,0.022846505045890808,0.02066826820373535
90,0.3740942910000058,3.185152,2.636406421661377,-0.06485016644001007,0.379448801279068,nan,0.23330819606781006,0.0,0.06571315973997116,7.508560315727664e-07,0.0260416679084301,0.9444855451583862,12.414131164550781,0.849169135093689,0.5772660970687866,0.0,0.0,nan,nan,0.0,0.0,0.3501986662546794,0.3270525336265564,2.3411458333333335,0.3501986662546794,0.023044099410374958,0.02198941260576248
91,0.37380802299998095,3.185152,2.79413104057312,-0.053891487419605255,0.610593855381012,nan,0.2499539852142334,0.0,0.07630754262208939,0.00012865712051279843,0.125,0.9668383002281189,10.874608993530273,0.8977084159851074,0.5772660970687866,0.0,0.0,nan,nan,0.0,0.0,0.35092894236246747,0.3202148973941803,2.4817708333333335,0.35092894236246747,0.022975079715251923,0.022010214626789093
92,0.37193723300001125,3.185152,3.0166380405426025,-0.0312118548899889,0.806799054145813,nan,0.2717542052268982,0.0,0.08822979778051376,0.0008959946571849287,0.125,1.0691698789596558,10.304038047790527,0.945624053478241,0.5772660970687866,0.0,0.0,nan,nan,0.0,0.0,0.3514772256215413,0.31421029567718506,2.4010416666666665,0.3514772256215413,0.022978410124778748,0.022031672298908234
93,0.37286078299999303,3.185152,3.2935073375701904,-0.004920007660984993,1.112691879272461,nan,0.2977354824542999,0.0,0.10222059488296509,0.003014239249750972,0.125,1.2243677377700806,10.455480575561523,0.9923741221427917,0.5772660970687866,0.0,0.0,nan,nan,0.0,0.0,0.35109221935272217,0.30972570180892944,2.5520833333333335,0.35109221935272217,0.022964936991532642,0.02200251817703247
94,0.36275861699999723,3.185152,3.329070568084717,0.0019174180924892426,0.730860710144043,nan,0.3049573302268982,0.0,0.04498671740293503,0.0006395691889338195,0.015625,0.698409914970398,10.789152145385742,0.9166231155395508,0.5731655359268188,2.0,0.0,nan,nan,0.0,2.0,0.3519457181294759,0.3070562481880188,2.5859375,0.3519457181294759,0.023099030057589214,0.021944560110569
95,0.3651590590000069,3.185152,3.052445411682129,0.003381742164492607,0.6621809005737305,nan,0.2769533395767212,0.0,0.03812162205576897,0.0,0.0,0.6310323476791382,11.268245697021484,0.9361575841903687,0.5725796818733215,0.0,0.0,nan,nan,0.0,0.0,0.35286633173624676,0.30479517579078674,2.6588541666666665,0.35286633173624676,0.022951796650886536,0.021873585879802704
96,0.3696006280000006,3.185152,2.8687386512756348,0.005336955189704895,0.46372315287590027,nan,0.2572077512741089,0.0,0.042081356048583984,1.8458790052022778e-08,0.0052083334885537624,0.7023967504501343,11.936541557312012,0.9768339395523071,0.5725796818733215,0.0,0.0,nan,nan,0.0,0.0,0.3535747528076172,0.3009880483150482,2.3177083333333335,0.3535747528076172,0.022953552504380543,0.021795280277729034
97,0.36801440999997226,3.185152,2.711730480194092,0.0035960180684924126,0.2230042815208435,nan,0.23975971341133118,0.0,0.04772990569472313,5.261393016553484e-05,0.0625,0.8059622645378113,13.478233337402344,1.0235602855682373,0.5725796818733215,0.0,0.0,nan,nan,0.0,0.0,0.35288043816884357,0.2940702736377716,2.3854166666666665,0.35288043816884357,0.022930093109607697,0.021710455417633057
98,0.37316453400001137,3.185152,2.6567018032073975,-0.0034449947997927666,0.17318393290042877,nan,0.23100712895393372,0.0,0.05586763843894005,0.00042136397678405046,0.0625,0.8967938423156738,15.484339714050293,1.0776854753494263,0.5725796818733215,0.0,0.0,nan,nan,0.0,0.0,0.3513394594192505,0.28310737013816833,2.453125,0.3513394594192505,0.02291010320186615,0.02161703258752823
99,0.37564604900001086,3.185152,2.7363829612731934,-0.005382787436246872,0.27966123819351196,nan,0.2359960675239563,0.0,0.06683123111724854,0.0015202080830931664,0.0625,1.1360676288604736,17.17523765563965,1.141073226928711,0.5725796818733215,0.0,0.0,nan,nan,0.0,0.0,0.34939102331797284,0.26620686054229736,2.4375,0.34939102331797284,0.02289656052986781,0.021512329578399658
100,0.36885534199998915,3.185152,2.9038655757904053,-0.024017298594117165,0.38245654106140137,nan,0.25467437505722046,0.0,0.05012018606066704,0.0008383868262171745,0.02864583395421505,1.0701302289962769,18.147245407104492,0.9798890948295593,0.542807400226593,1.0,0.0,nan,nan,0.0,1.0,0.35127095381418866,0.2598457634449005,2.5104166666666665,0.35127095381418866,0.022999947269757588,0.021479804068803787
101,0.3748996489999854,3.185152,3.028083324432373,-0.03795911371707916,0.6446748375892639,nan,0.26669394969940186,0.0,0.04693501442670822,5.863593105459586e-05,0.0625,1.1521706581115723,18.486352920532227,0.9495159983634949,0.5305482149124146,0.0,0.0,nan,nan,0.0,0.0,0.3518005609512329,0.3357422351837158,2.6197916666666665,0.3518005609512329,0.022944184641043346,0.0226595476269722
102,0.37300543500001027,3.185152,3.1506409645080566,-0.04322846978902817,0.751083493232727,nan,0.2762684226036072,0.0,0.05796300619840622,0.000499903573654592,0.0625,1.317594051361084,18.912586212158203,1.021378755569458,0.5305482149124146,0.0,0.0,nan,nan,0.0,0.0,0.35070550441741943,0.3329995572566986,2.8177083333333335,0.35070550441741943,0.022913967569669087,0.02267664670944214
103,0.3694227419999834,3.185152,3.297696352005005,-0.046986766159534454,0.5606703162193298,nan,0.29066231846809387,0.0,0.05923851579427719,0.001171673065982759,0.0416666679084301,1.2640244960784912,19.49251365661621,1.0122919082641602,0.5120160579681396,1.0,0.0,nan,nan,0.0,1.0,0.3501395384470622,0.32984691858291626,2.7786458333333335,0.3501395384470622,0.022975529233614605,0.022662054747343063
104,0.37522572500000706,3.185152,3.47773814201355,-0.049614958465099335,0.7150536179542542,nan,0.3122410178184509,0.0,0.04165291786193848,0.0,0.0,0.5274710655212402,19.39600944519043,0.9011639356613159,0.47495168447494507,0.0,0.0,nan,nan,0.0,0.0,0.35049569606781006,0.3358396589756012,2.625,0.35049569606781006,0.022928059101104736,0.022711090743541718
105,0.3691129640000099,3.185152,3.4464118480682373,-0.05428045243024826,0.52339106798172,nan,0.30898380279541016,0.0,0.046634119004011154,0.0,0.0,0.41856861114501953,19.040870666503906,0.9493176341056824,0.47495168447494507,0.0,0.0,nan,nan,0.0,0.0,0.35035709540049237,0.33583980798721313,2.4973958333333335,0.35035709540049237,0.022924373547236126,0.02271956205368042
106,0.37343490200001384,3.185152,3.3986618518829346,-0.05585246533155441,0.30431509017944336,nan,0.3045925498008728,0.0,0.05044621229171753,0.0,0.0,0.4510060250759125,18.280258178710938,0.9932114481925964,0.47495168447494507,0.0,0.0,nan,nan,0.0,0.0,0.34970541795094806,0.33583852648735046,2.5651041666666665,0.34970541795094806,0.022966302931308746,0.022728942334651947
107,0.37329595200000654,3.185152,3.4069454669952393,-0.05712862312793732,0.4537338614463806,nan,0.3051121234893799,0.0,0.0538637638092041,1.5717958376626484e-05,0.0520833358168602,0.5863617658615112,17.487573623657227,1.0340136289596558,0.47495168447494507,0.0,0.0,nan,nan,0.0,0.0,0.34887075424194336,0.33583661913871765,2.5833333333333335,0.34887075424194336,0.023012101650238037,0.02275434136390686
108,0.3723355799999979,3.185152,3.445530652999878,-0.053526870906353,0.5937045216560364,nan,0.3078361749649048,0.0,0.05833962559700012,0.0002136265829904005,0.0625,0.7083420753479004,17.098915100097656,1.072427749633789,0.47495168447494507,0.0,0.0,nan,nan,0.0,0.0,0.34820695718129474,0.3329721689224243,2.75,0.34820695718129474,0.023018866777420044,0.02280009537935257
109,0.3815199670000027,3.185152,3.4531967639923096,-0.03745211660861969,0.6763467192649841,nan,0.307752788066864,0.0,0.06526624411344528,0.0010323736350983381,0.0625,0.9069991111755371,16.815723419189453,1.109797477722168,0.47495168447494507,0.0,0.0,nan,nan,0.0,0.0,0.34762072563171387,0.3281170129776001,2.7265625,0.34762072563171387,0.02301802982886632,0.02277660369873047
110,0.3709668779999902,3.185152,3.456721067428589,-0.010145829990506172,0.39094820618629456,nan,0.30917105078697205,0.0,0.047055717557668686,0.0007787749054841697,0.02083333395421505,0.7178253531455994,17.223047256469727,1.1457507610321045,0.49741363525390625,1.0,0.0,nan,nan,0.0,1.0,0.34805579980214435,0.3258509039878845,2.984375,0.34805579980214435,0.023089128235975902,0.022747721523046494
111,0.37473937999999407,3.185152,3.4082751274108887,0.014968965202569962,0.5410270690917969,nan,0.30488425493240356,0.0,0.036676742136478424,0.0,0.0,0.5494470000267029,17.208316802978516,1.1860454082489014,0.508644700050354,0.0,0.0,nan,nan,0.0,0.0,0.34902119636535645,0.3256963789463043,3.0078125,0.34902119636535645,0.023033611476421356,0.022772185504436493
112,0.3801518110000188,3.185152,3.353105306625366,0.04114101827144623,0.562432587146759,nan,0.29877910017967224,0.0,0.04012954980134964,0.0,0.0,0.6047239303588867,16.791324615478516,1.2330678701400757,0.508644700050354,0.0,0.0,nan,nan,0.0,0.0,0.3496847152709961,0.32570624351501465,2.7213541666666665,0.3496847152709961,0.02300391097863515,0.022739700973033905
113,0.37320526499999573,3.185152,3.281801462173462,0.06405585259199142,0.4629051685333252,nan,0.29022300243377686,0.0,0.04534353315830231,3.7711739423684776e-05,0.0625,0.7304147481918335,16.663461685180664,1.287264108657837,0.508644700050354,0.0,0.0,nan,nan,0.0,0.0,0.3495510419209798,0.32512351870536804,2.7526041666666665,0.3495510419209798,0.02299452821413676,0.022692307829856873
114,0.3769953950000229,3.185152,3.2279467582702637,0.08270660042762756,0.4401794672012329,nan,0.28257742524147034,0.0,0.052845872938632965,0.00036552903475239873,0.0625,0.873517632484436,17.124927520751953,1.3488590717315674,0.508644700050354,0.0,0.0,nan,nan,0.0,0.0,0.34852421283721924,0.31673669815063477,2.8515625,0.34852421283721924,0.02293624480565389,0.022287003695964813
115,0.3778350859999762,3.185152,3.17643666267395,0.09767359495162964,0.32383304834365845,nan,0.273318350315094,0.0,0.06250925362110138,0.0013999174116179347,0.0625,1.0271046161651611,18.354406356811523,1.4172067642211914,0.508644700050354,0.0,0.0,nan,nan,0.0,0.0,0.3472596804300944,0.29741889238357544,2.8098958333333335,0.3472596804300944,0.022893019020557404,0.02237299084663391
116,0.3667140100000097,3.185152,3.2603302001953125,0.10790733993053436,0.25311505794525146,nan,0.2827637195587158,0.0,0.03929257392883301,0.00042236194713041186,0.010416666977107525,0.845197319984436,19.91937828063965,1.463683843612671,0.5038517713546753,1.0,0.0,nan,nan,0.0,1.0,0.3491586049397786,0.29344767332077026,2.7526041666666665,0.3491586049397786,0.022920819620291393,0.022372670471668243
117,0.3662965480000082,3.185152,3.1384992599487305,0.1001521497964859,0.39369893074035645,nan,0.26923882961273193,0.0,0.03865708410739899,0.0,0.0,0.7419312000274658,21.22149658203125,1.5313462018966675,0.5028931498527527,0.0,0.0,nan,nan,0.0,0.0,0.35007230440775555,0.3171738386154175,2.5963541666666665,0.35007230440775555,0.022821813821792603,0.02225194126367569
118,0.3696055709999939,3.185152,3.0427544116973877,0.08581021428108215,0.439003586769104,nan,0.2571173310279846,0.0,0.04586415737867355,3.6447925566562844e-08,0.0078125,0.7654619216918945,22.542226791381836,1.6067204475402832,0.5028931498527527,0.0,0.0,nan,nan,0.0,0.0,0.3500836690266927,0.31358689069747925,2.875,0.3500836690266927,0.0227836271127065,0.022115416824817657
119,0.36994157099999825,3.185152,2.955733299255371,0.06330738216638565,0.43408188223838806,nan,0.2445252388715744,0.0,0.05485386773943901,3.921437746612355e-05,0.0625,0.8550450205802917,24.32021141052246,1.6846342086791992,0.5028931498527527,0.0,0.0,nan,nan,0.0,0.0,0.349381963411967,0.30907002091407776,2.7708333333333335,0.349381963411967,0.022750469545523327,0.021947480738162994
120,0.37140311199999587,3.185152,2.8754968643188477,0.03614400327205658,0.5251652002334595,nan,0.2333424985408783,0.0,0.06639640778303146,0.00031975720776245,0.0625,0.9383895397186279,26.55608367919922,1.7637357711791992,0.5028931498527527,0.0,0.0,nan,nan,0.0,0.0,0.3482431173324585,0.30329662561416626,2.6979166666666665,0.3482431173324585,0.022713815172513325,0.02178390696644783
121,0.37427949199999944,3.185152,2.8810489177703857,0.012322304770350456,0.49119988083839417,nan,0.22978805005550385,0.0,0.08121137320995331,0.0013540833024308085,0.125,1.1548584699630737,28.43619155883789,1.8417935371398926,0.5028931498527527,0.0,0.0,nan,nan,0.0,0.0,0.34687554836273193,0.29354313015937805,2.4713541666666665,0.34687554836273193,0.022685470680395763,0.02162805199623108
122,0.3678542870000001,3.185152,2.9881317615509033,-0.032507628202438354,0.41379523277282715,nan,0.23920361697673798,0.0,0.06887964904308319,0.0012262184172868729,0.0807291716337204,1.0532764196395874,30.38611602783203,1.910706877708435,0.49825984239578247,1.0,0.0,nan,nan,0.0,1.0,0.3479690949122111,0.28932899236679077,2.3333333333333335,0.3479690949122111,0.02280462036530177,0.021585267037153244
123,0.3704043549999767,3.185152,3.144549608230591,-0.06007795035839081,0.43434739112854004,nan,0.2549973130226135,0.0,0.0692615658044815,0.0018405993469059467,0.0755208358168602,1.1125380992889404,30.386587142944336,1.9769891500473022,0.496351957321167,0.0,0.0,nan,nan,0.0,0.0,0.3482563893000285,0.27638548612594604,2.3098958333333335,0.3482563893000285,0.022790320217609406,0.021479062736034393
124,0.3672906209999951,3.185152,3.1979894638061523,-0.09051334857940674,0.3454297184944153,nan,0.26395848393440247,0.0,0.04093528911471367,0.0003568426182027906,0.0677083358168602,0.6882537603378296,28.67913818359375,2.0404539108276367,0.534459114074707,1.0,0.0,nan,nan,0.0,1.0,0.3519287904103597,0.27428337931632996,2.4765625,0.3519287904103597,0.022944922248522442,0.021466724574565887
125,0.37094425899999806,3.185152,3.3375933170318604,-0.09162809699773788,0.4299645721912384,nan,0.28003981709480286,0.0,0.04172065854072571,0.0005439326050691307,0.0625,0.670382022857666,25.778423309326172,2.1014933586120605,0.5379234552383423,0.0,0.0,nan,nan,0.0,0.0,0.35225963592529297,0.33383437991142273,2.7265625,0.35225963592529297,0.022913421193758648,0.021935731172561646
126,0.37530875499999183,3.185152,3.5554089546203613,-0.08030429482460022,0.37827053666114807,nan,0.30450987815856934,0.0,0.04706289619207382,0.001822368591092527,0.0625,0.8451700210571289,21.64895248413086,2.1601665019989014,0.5379234552383423,1.0,0.0,nan,nan,0.0,1.0,0.35144229729970294,0.3138565719127655,2.7760416666666665,0.35144229729970294,0.022917817036310833,0.02188801020383835
127,0.3634183279999945,3.185152,3.932888984680176,-0.056587718427181244,0.6537729501724243,nan,0.3475329577922821,0.0,0.010546598583459854,0.0,0.0,0.45973944664001465,18.027362823486328,2.2016942501068115,0.5173883438110352,0.0,0.0,nan,nan,0.0,0.0,0.35291679700215656,0.3321622908115387,3.2421875,0.35291679700215656,0.023056969046592712,0.022191166877746582
128,0.36424240200000213,3.185152,4.038339138031006,-0.02437027171254158,0.8815912008285522,nan,0.3599568009376526,0.0,0.01008122693747282,0.0,0.0,0.45190757513046265,15.012870788574219,2.2556095123291016,0.5173883438110352,0.0,0.0,nan,nan,0.0,0.0,0.3532860279083252,0.3300340175628662,3.4557291666666665,0.3532860279083252,0.02297183374563853,0.022143632173538208
129,0.3657846149999955,3.185152,4.166012763977051,0.01816886104643345,0.7694565653800964,nan,0.3746609091758728,0.0,0.010032896883785725,0.0,0.0,0.4793555438518524,12.887763977050781,2.2909114360809326,0.5173883438110352,0.0,0.0,nan,nan,0.0,0.0,0.3533719778060913,0.32874730229377747,3.4557291666666665,0.3533719778060913,0.02296748509009679,0.022090047597885132
130,0.3644723419999991,3.185152,4.220063209533691,0.06295299530029297,0.84505695104599,nan,0.3816799521446228,0.0,0.01015898771584034,0.0,0.0,0.4728892743587494,11.380233764648438,2.316744565963745,0.5173883438110352,0.0,0.0,nan,nan,0.0,0.0,0.352944811185201,0.32808050513267517,3.5338541666666665,0.352944811185201,0.02296763410170873,0.022036023437976837
131,0.364988655000019,3.185152,4.202532768249512,0.10302205383777618,0.8540021181106567,nan,0.38074302673339844,0.0,0.010573498904705048,0.0,0.0,0.44370099902153015,10.08574390411377,2.345022678375244,0.5173883438110352,0.0,0.0,nan,nan,0.0,0.0,0.35246745745340985,0.3270813822746277,3.453125,0.35246745745340985,0.022960183521111805,0.021988272666931152
132,0.3664747539999951,3.185152,4.142828941345215,0.13173967599868774,0.9109789133071899,nan,0.3752678334712982,0.0,0.011330969631671906,0.0,0.0,0.4244501292705536,9.141129493713379,2.378098726272583,0.5173883438110352,0.0,0.0,nan,nan,0.0,0.0,0.3522420326868693,0.32549288868904114,3.4921875,0.3522420326868693,0.022939716776212055,0.021949388086795807
133,0.3650910730000021,3.185152,4.019891738891602,0.14170268177986145,0.7250213027000427,nan,0.362839937210083,0.0,0.012442460283637047,0.0,0.0,0.45468419790267944,8.696123123168945,2.4180397987365723,0.5173883438110352,0.0,0.0,nan,nan,0.0,0.0,0.35227298736572266,0.3238177001476288,3.2473958333333335,0.35227298736572266,0.022909062604109447,0.02191518247127533
134,0.36680458299997554,3.185152,3.82084059715271,0.13203208148479462,0.5663335919380188,nan,0.34203463792800903,0.0,0.014082880690693855,0.0,0.0,0.5171585083007812,8.6856107711792,2.4648098945617676,0.5173883438110352,0.0,0.0,nan,nan,0.0,0.0,0.3523842493693034,0.3225786089897156,3.0208333333333335,0.3523842493693034,0.022876446445782978,0.021878384053707123
135,0.3643074229999854,3.185152,3.5569207668304443,0.1085204929113388,0.43560710549354553,nan,0.31477460265159607,0.0,0.01641024276614189,0.0,0.0,0.5738252997398376,9.161311149597168,2.4980525970458984,0.5173883438110352,0.0,0.0,nan,nan,0.0,0.0,0.35243749618530273,0.32201817631721497,2.8854166666666665,0.35243749618530273,0.02284105122089386,0.021830923855304718
136,0.3661243180000042,3.185152,3.269395351409912,0.07799822837114334,0.36400842666625977,nan,0.2851136326789856,0.0,0.01930183731019497,0.0,0.0,0.6310529708862305,10.266863822937012,2.5235748291015625,0.5173883438110352,0.0,0.0,nan,nan,0.0,0.0,0.3522677421569824,0.32190820574760437,2.8619791666666665,0.3522677421569824,0.022812622288862865,0.021765299141407013
137,0.36642007599999715,3.185152,3.0202136039733887,0.044063180685043335,0.3701130747795105,nan,0.25860536098480225,0.0,0.02267637848854065,0.0,0.0,0.7063695788383484,11.840631484985352,2.547861337661743,0.5173883438110352,0.0,0.0,nan,nan,0.0,0.0,0.35161737600962323,0.3214671313762665,2.8229166666666665,0.35161737600962323,0.02279171844323476,0.02167627215385437
138,0.3644201409999823,3.185152,2.837542772293091,0.00810307078063488,0.5113508701324463,nan,0.2383735179901123,0.0,0.026778265833854675,0.0,0.0,0.760983407497406,13.626201629638672,2.570809841156006,0.5173883438110352,0.0,0.0,nan,nan,0.0,0.0,0.3504182497660319,0.31967777013778687,2.921875,0.3504182497660319,0.022773270805676777,0.021564528346061707
139,0.3662462779999771,3.185152,2.6732826232910156,-0.02845321223139763,0.4971085488796234,nan,0.21969282627105713,0.0,0.03200892359018326,0.0,0.0,0.8236219882965088,15.300949096679688,2.59360408782959,0.5173883438110352,0.0,0.0,nan,nan,0.0,0.0,0.3488711913426717,0.3164967894554138,2.828125,0.3488711913426717,0.022754813234011333,0.021438948810100555
140,0.36880527899998583,3.185152,2.5497846603393555,-0.060346685349941254,0.47749918699264526,nan,0.20439927279949188,0.0,0.0386323519051075,0.0,0.0,0.8472034335136414,16.916088104248047,2.6174986362457275,0.5173883438110352,0.0,0.0,nan,nan,0.0,0.0,0.3467858632405599,0.3121231496334076,2.7734375,0.3467858632405599,0.022765641411145527,0.021310582756996155
141,0.37210473800001864,3.185152,2.510570764541626,-0.08628831803798676,0.419741153717041,nan,0.1976471245288849,0.0,0.04673892259597778,0.0,0.0,0.8477843999862671,18.520240783691406,2.6429576873779297,0.5173883438110352,0.0,0.0,nan,nan,0.0,0.0,0.3442620833714803,0.3062025308609009,2.7057291666666665,0.3442620833714803,0.022806172569592793,0.021191783249378204
142,0.3751559769999915,3.185152,2.5538978576660156,-0.10205195844173431,0.3849658668041229,nan,0.1996663212776184,0.0,0.056286245584487915,0.0,0.0,0.9523212313652039,19.621185302734375,2.6703925132751465,0.5173883438110352,0.0,0.0,nan,nan,0.0,0.0,0.3412068684895833,0.2980058491230011,2.6848958333333335,0.3412068684895833,0.022831690808137257,0.021083250641822815
143,0.37600775699999645,3.185152,2.6802351474761963,-0.10657773911952972,0.3619482219219208,nan,0.21022681891918182,0.0,0.0679556280374527,7.12573601049371e-05,0.09375,1.189786672592163,19.933265686035156,2.6999995708465576,0.5173883438110352,0.0,0.0,nan,nan,0.0,0.0,0.3373764753341675,0.281695693731308,2.84375,0.3373764753341675,0.02282998462518056,0.02098323032259941
144,0.38087321800000495,3.185152,2.8704562187194824,-0.09808013588190079,0.37787455320358276,nan,0.22814813256263733,0.0,0.08291235566139221,0.0010289077181369066,0.125,1.5284383296966553,19.309099197387695,2.732347011566162,0.5173883438110352,0.0,0.0,nan,nan,0.0,0.0,0.33285731077194214,0.25514042377471924,2.875,0.33285731077194214,0.022823341190814972,0.02088257670402527
145,0.38895019599999614,3.185152,3.082141876220703,-0.09547862410545349,0.47391071915626526,nan,0.24807271361351013,0.0,0.10170917212963104,0.004683008883148432,0.125,1.8806555271148682,18.051586151123047,2.7666385173797607,0.5173883438110352,0.0,0.0,nan,nan,0.0,0.0,0.327889343102773,0.23353533446788788,3.0208333333333335,0.327889343102773,0.02286346008380254,0.020791471004486084
146,0.3756157480000013,3.185152,3.7087085247039795,-0.14471513032913208,0.3988232910633087,nan,0.3145427405834198,0.0,0.08023910224437714,0.005891220178455114,0.0729166716337204,1.034238576889038,16.888769149780273,2.7838211059570312,0.49404722452163696,2.0,0.0,nan,nan,0.0,2.0,0.3314165472984314,0.23861704766750336,2.9817708333333335,0.3314165472984314,0.023111770550409954,0.020791880786418915
147,0.39872354499999574,3.185152,3.8662431240081787,-0.10688148438930511,0.47972917556762695,nan,0.3359139859676361,0.0,0.030475517734885216,0.0,0.0,0.43073010444641113,15.461385726928711,2.805619955062866,0.47064894437789917,0.0,0.0,nan,nan,0.0,0.0,0.3382633924484253,0.31663835048675537,3.1145833333333335,0.3382633924484253,0.02319037914276123,0.0229184553027153
148,0.3785773809999853,3.185152,3.7662510871887207,-0.06875324994325638,0.4136621057987213,nan,0.3270815312862396,0.0,0.03252677619457245,0.0,0.0,0.3794023394584656,13.547137260437012,2.8468985557556152,0.47064894437789917,0.0,0.0,nan,nan,0.0,0.0,0.3385883967081706,0.3144097924232483,2.7552083333333335,0.3385883967081706,0.023206882178783417,0.022930897772312164
149,0.37490587400000663,3.185152,3.771488666534424,-0.023232081905007362,0.36347755789756775,nan,0.32875901460647583,0.0,0.03510427102446556,0.0,0.0,0.42178234457969666,12.136222839355469,2.8861329555511475,0.47064894437789917,0.0,0.0,nan,nan,0.0,0.0,0.3381637732187907,0.3120276629924774,2.7916666666666665,0.3381637732187907,0.023201870421568554,0.022916287183761597
150,0.3778216179999845,3.185152,3.7944982051849365,0.018987486138939857,0.38338983058929443,nan,0.3314480781555176,0.0,0.0387374609708786,0.0,0.0,0.44067391753196716,11.255805969238281,2.9207100868225098,0.47064894437789917,0.0,0.0,nan,nan,0.0,0.0,0.3374708890914917,0.30885809659957886,2.8125,0.3374708890914917,0.023187540471553802,0.022910073399543762
151,0.3768462099999965,3.185152,3.850328207015991,0.061767902225255966,0.5203167200088501,nan,0.3365606665611267,0.0,0.04320572316646576,1.1956833986914717e-05,0.046875,0.5420150756835938,10.979449272155762,2.950827121734619,0.47064894437789917,0.0,0.0,nan,nan,0.0,0.0,0.33707018693288165,0.30476462841033936,2.6666666666666665,0.33707018693288165,0.023164165516694386,0.022837884724140167
152,0.378763202000016,3.185152,3.983745813369751,0.10512593388557434,0.6839524507522583,nan,0.34928393363952637,0.0,0.047881364822387695,0.00017487708828411996,0.0625,0.7052168846130371,11.496740341186523,2.978351354598999,0.47064894437789917,0.0,0.0,nan,nan,0.0,0.0,0.33699270089467365,0.29973527789115906,2.875,0.33699270089467365,0.023130084077517193,0.02268509566783905
153,0.3772385910000082,3.185152,4.163348197937012,0.1399208903312683,0.8828306198120117,nan,0.3651552200317383,0.0,0.05240960419178009,0.0007373086991719902,0.0625,0.920526921749115,12.577699661254883,3.0056958198547363,0.47064894437789917,0.0,0.0,nan,nan,0.0,0.0,0.33718617757161456,0.29304322600364685,3.0494791666666665,0.33718617757161456,0.023084039489428203,0.022561728954315186
154,0.3785305530000187,3.185152,4.48483943939209,0.15271207690238953,0.7025759220123291,nan,0.3949297368526459,0.0,0.04914027079939842,0.0014942556153982878,0.0494791679084301,1.0248842239379883,14.159475326538086,3.0358400344848633,0.4801570177078247,1.0,0.0,nan,nan,0.0,1.0,0.3383554220199585,0.2854396104812622,3.1067708333333335,0.3383554220199585,0.023122092088063557,0.022518381476402283
155,0.3705018940000002,3.185152,5.078376770019531,0.13191388547420502,0.7358483076095581,nan,0.45417219400405884,0.0,0.020139401778578758,0.0,0.0,0.7030439376831055,16.39382553100586,3.0709171295166016,0.5162878036499023,0.0,0.0,nan,nan,0.0,0.0,0.3427036603291829,0.3166048526763916,3.2473958333333335,0.3427036603291829,0.02301112562417984,0.02246531844139099
156,0.373992415999993,3.185152,4.9422526359558105,0.12598957121372223,0.6271814107894897,nan,0.4391491115093231,0.0,0.020320842042565346,0.0,0.0,0.6208010911941528,17.834335327148438,3.1151444911956787,0.5162878036499023,0.0,0.0,nan,nan,0.0,0.0,0.3448907931645711,0.3121526539325714,3.2109375,0.3448907931645711,0.022941576937834423,0.022393546998500824
157,0.3747103329999959,3.185152,4.737446308135986,0.10987348854541779,0.4203721582889557,nan,0.41658493876457214,0.0,0.0209394209086895,0.0,0.0,0.5711050033569336,19.55133628845215,3.167214870452881,0.5162878036499023,0.0,0.0,nan,nan,0.0,0.0,0.34645628929138184,0.3085651397705078,3.1432291666666665,0.34645628929138184,0.022917144000530243,0.02237050235271454
158,0.3751437819999808,3.185152,4.559041976928711,0.08167892694473267,0.40706831216812134,nan,0.39580202102661133,0.0,0.0221547968685627,0.0,0.0,0.5530072450637817,21.746963500976562,3.2251346111297607,0.5162878036499023,0.0,0.0,nan,nan,0.0,0.0,0.3472798268000285,0.30527743697166443,3.1640625,0.3472798268000285,0.022902990380922954,0.022371411323547363
159,0.3738956169999881,3.185152,4.431799411773682,0.045927081257104874,0.26297518610954285,nan,0.3792586326599121,0.0,0.023872490972280502,0.0,0.0,0.5435726046562195,24.57833480834961,3.286057233810425,0.5162878036499023,0.0,0.0,nan,nan,0.0,0.0,0.34781400362650555,0.3021741211414337,2.9791666666666665,0.34781400362650555,0.02291220674912135,0.02240024507045746
160,0.37488030599999433,3.185152,4.342705726623535,0.007172594778239727,0.3565782308578491,nan,0.3669334053993225,0.0,0.02596893534064293,0.0,0.0,0.49537110328674316,27.13979148864746,3.3470873832702637,0.5162878036499023,0.0,0.0,nan,nan,0.0,0.0,0.3482033809026082,0.2996005117893219,2.9036458333333335,0.3482033809026082,0.022904761135578156,0.022390954196453094
161,0.3745765570000117,3.185152,4.282557487487793,-0.026743590831756592,0.4630340039730072,nan,0.35842522978782654,0.0,0.028259318321943283,0.0,0.0,0.397125244140625,28.820791244506836,3.4048869609832764,0.5162878036499023,0.0,0.0,nan,nan,0.0,0.0,0.34846965471903485,0.2980859577655792,3.0755208333333335,0.34846965471903485,0.022890908022721607,0.022327259182929993
162,0.3740179499999954,3.185152,4.227750301361084,-0.04910659044981003,0.5578587651252747,nan,0.3519423007965088,0.0,0.0304555706679821,0.0,0.0,0.3498372733592987,29.533374786376953,3.457416534423828,0.5162878036499023,0.0,0.0,nan,nan,0.0,0.0,0.34876636664072674,0.29757624864578247,3.1744791666666665,0.34876636664072674,0.022899620234966278,0.022264815866947174
163,0.3761158309999928,3.185152,4.192819118499756,-0.05813506245613098,0.586366593837738,nan,0.34787625074386597,0.0,0.032543882727622986,0.0,0.0,0.39072951674461365,29.462730407714844,3.505002975463867,0.5162878036499023,0.0,0.0,nan,nan,0.0,0.0,0.34913567701975506,0.2970040440559387,3.1588541666666665,0.34913567701975506,0.022912864883740742,0.022198788821697235
164,0.37600863899999126,3.185152,4.160900592803955,-0.05335363745689392,0.6056123971939087,nan,0.34476780891418457,0.0,0.03472546488046646,0.0,0.0,0.5042147636413574,28.541488647460938,3.5377674102783203,0.5162878036499023,0.0,0.0,nan,nan,0.0,0.0,0.34930185476938885,0.29478028416633606,3.0625,0.34930185476938885,0.022929427524407704,0.022128239274024963
165,0.37987337299998103,3.185152,4.128701210021973,-0.039224665611982346,0.44072699546813965,nan,0.34210729598999023,0.0,0.03713710233569145,0.0,0.0,0.6228799819946289,27.61733627319336,3.542295217514038,0.5162878036499023,0.0,0.0,nan,nan,0.0,0.0,0.3489384651184082,0.2897323668003082,3.0911458333333335,0.3489384651184082,0.022951804101467133,0.022058546543121338
166,0.387245876999998,3.185152,4.168473243713379,-0.01872446946799755,0.40204358100891113,nan,0.3462338447570801,0.0,0.040007904171943665,0.0,0.0,0.634469747543335,26.470409393310547,3.5464396476745605,0.5162878036499023,0.0,0.0,nan,nan,0.0,0.0,0.34824613730112713,0.28283190727233887,3.0859375,0.34824613730112713,0.022945426404476166,0.021984390914440155
167,0.39097620699999425,3.185152,4.195960998535156,0.004824929870665073,0.4251232445240021,nan,0.34989166259765625,0.0,0.04383540153503418,1.1437203184527789e-08,0.0052083334885537624,0.664738655090332,24.875362396240234,3.556600570678711,0.5162878036499023,0.0,0.0,nan,nan,0.0,0.0,0.34759751955668133,0.27499598264694214,3.0885416666666665,0.34759751955668133,0.022932293514410656,0.021900266408920288
168,0.3908445509999865,3.185152,4.191193103790283,0.03565327823162079,0.4525515139102936,nan,0.35058140754699707,0.0,0.0484907440841198,1.9142968085361645e-05,0.0625,0.6391078233718872,23.249385833740234,3.5754554271698,0.5162878036499023,0.0,0.0,nan,nan,0.0,0.0,0.34634451071421307,0.2663719058036804,3.1354166666666665,0.34634451071421307,0.02290946493546168,0.02180686593055725
169,0.3913316560000055,3.185152,4.229429721832275,0.07132351398468018,0.5392035245895386,nan,0.3550233840942383,0.0,0.05372972786426544,0.00016508175758644938,0.0625,0.6348438858985901,22.000911712646484,3.6037216186523438,0.5162878036499023,0.0,0.0,nan,nan,0.0,0.0,0.3441754976908366,0.25700005888938904,3.0494791666666665,0.3441754976908366,0.022896021604537964,0.021706312894821167
170,0.39272794400000066,3.185152,4.303857803344727,0.10277855396270752,0.6608955264091492,nan,0.36226725578308105,0.0,0.060768455266952515,0.0006878757267259061,0.0625,0.7670242786407471,20.61203956604004,3.620614528656006,0.5162878036499023,0.0,0.0,nan,nan,0.0,0.0,0.3421713511149089,0.24812795221805573,3.2317708333333335,0.3421713511149089,0.02284758786360423,0.021598175168037415
171,0.39129397899998253,3.185152,4.455306529998779,0.1271516978740692,0.5797929167747498,nan,0.3758702278137207,0.0,0.06757612526416779,0.001874016597867012,0.1041666716337204,0.9783318042755127,20.176658630371094,3.6304659843444824,0.5153546333312988,1.0,0.0,nan,nan,0.0,1.0,0.34167325496673584,0.24073061347007751,3.0885416666666665,0.34167325496673584,0.022836809357007343,0.021492447704076767
172,0.38591961299999866,3.185152,4.756025791168213,0.10566844791173935,0.7610318660736084,nan,0.40681004524230957,0.0,0.039338286966085434,0.00013537953782361,0.0625,0.7669742107391357,22.052330017089844,3.6440329551696777,0.5050899982452393,0.0,0.0,nan,nan,0.0,0.0,0.3477911551793416,0.2991062104701996,3.0703125,0.3477911551793416,0.02290499707063039,0.021376676857471466
173,0.3950709970000048,3.185152,4.654571533203125,0.09963076561689377,0.6893070936203003,nan,0.39552366733551025,0.0,0.04636652395129204,0.0005417118081822991,0.0625,0.974319577217102,22.383285522460938,3.6540439128875732,0.5050899982452393,0.0,0.0,nan,nan,0.0,0.0,0.348586638768514,0.2903463542461395,3.0572916666666665,0.348586638768514,0.02282641331354777,0.021265551447868347
174,0.388618393999991,3.185152,4.5607781410217285,0.09023203700780869,0.49041709303855896,nan,0.3846972584724426,0.0,0.056008316576480865,0.0014849761500954628,0.0625,1.168030023574829,23.084041595458984,3.668221950531006,0.5050899982452393,0.0,0.0,nan,nan,0.0,0.0,0.34879644711812335,0.2772522568702698,3.0338541666666665,0.34879644711812335,0.022800259292125702,0.02113918960094452
175,0.3802229270000055,3.185152,4.395838737487793,0.0718536451458931,0.23299627006053925,nan,0.36978739500045776,0.0,0.04907388612627983,0.0015592395793646574,0.0833333358168602,1.1851598024368286,22.48793601989746,3.6744964122772217,0.5300462245941162,1.0,0.0,nan,nan,0.0,1.0,0.3496780792872111,0.25851500034332275,3.1171875,0.3496780792872111,0.02281435082356135,0.020985811948776245
176,0.3805080839999846,3.185152,3.9766385555267334,0.051426179707050323,0.35530397295951843,nan,0.33080029487609863,0.0,0.036750659346580505,0.0008128763874992728,0.0625,1.188875436782837,20.24969482421875,3.6715259552001953,0.5595400333404541,0.0,0.0,nan,nan,0.0,0.0,0.35094718138376874,0.23283550143241882,3.2864583333333335,0.35094718138376874,0.022713899612426758,0.02082165703177452
177,0.3868235969999887,3.185152,4.105559349060059,0.0026169773191213608,0.5089576244354248,nan,0.3466821610927582,0.0,0.047628238797187805,0.0032945782877504826,0.0625,1.2296088933944702,19.009258270263672,3.6705565452575684,0.5595400333404541,0.0,0.0,nan,nan,0.0,0.0,0.3509643077850342,0.22534269094467163,3.1953125,0.3509643077850342,0.022793384889761608,0.02078293263912201
178,0.3698318140000083,3.185152,3.299149751663208,-0.01052779145538807,0.2281676083803177,nan,0.2685575783252716,0.0,0.02236018143594265,0.0014975465601310134,0.0182291679084301,0.8232089281082153,18.292570114135742,3.613353729248047,0.5412713885307312,1.0,0.0,nan,nan,0.0,1.0,0.3566196362177531,0.23757590353488922,3.2291666666666665,0.3566196362177531,0.022874608635902405,0.020815502852201462
179,0.3696666319999906,3.185152,2.7697532176971436,-0.014814930036664009,0.24299734830856323,nan,0.2178167998790741,0.0,0.011895000003278255,0.0,0.0,0.8410520553588867,17.143692016601562,3.5631823539733887,0.5337490439414978,0.0,0.0,nan,nan,0.0,0.0,0.35884249210357666,0.3305899202823639,3.359375,0.35884249210357666,0.022835771242777508,0.022189050912857056
180,0.3702745479999976,3.185152,2.569138526916504,-0.02913775108754635,0.3259945511817932,nan,0.19796150922775269,0.0,0.015014665201306343,0.0,0.0,0.931095540523529,16.69155502319336,3.526959180831909,0.5337490439414978,0.0,0.0,nan,nan,0.0,0.0,0.3589210907618205,0.32343384623527527,3.015625,0.3589210907618205,0.022827113668123882,0.02207932621240616
181,0.3701264600000229,3.185152,2.3959672451019287,-0.04195357859134674,0.2671365439891815,nan,0.18143486976623535,0.0,0.01923554018139839,0.0,0.0,0.9633762240409851,15.919620513916016,3.496114730834961,0.5337490439414978,0.0,0.0,nan,nan,0.0,0.0,0.35778284072875977,0.31839942932128906,3.0104166666666665,0.35778284072875977,0.022830002009868622,0.021952494978904724
182,0.37088455600002135,3.185152,2.269803047180176,-0.048295699059963226,0.2451813668012619,nan,0.1703084111213684,0.0,0.0247760321944952,0.0,0.0,0.9073361158370972,14.992033004760742,3.475637197494507,0.5337490439414978,0.0,0.0,nan,nan,0.0,0.0,0.3549288511276245,0.3121001720428467,3.1380208333333335,0.3549288511276245,0.02283911406993866,0.021886669099330902
183,0.3738350179999941,3.185152,2.1994311809539795,-0.05558117479085922,0.2427450269460678,nan,0.16411182284355164,0.0,0.03194725513458252,0.0,0.0,0.8915958404541016,14.390165328979492,3.469092845916748,0.5337490439414978,0.0,0.0,nan,nan,0.0,0.0,0.3513905604680379,0.30468955636024475,3.171875,0.3513905604680379,0.022858425974845886,0.021870583295822144
184,0.37460279499998705,3.185152,2.1843454837799072,-0.055298566818237305,0.2526128590106964,nan,0.16171926259994507,0.0,0.04073316603899002,5.781472646049224e-05,0.0598958358168602,0.8741688132286072,13.733177185058594,3.4794700145721436,0.5337490439414978,0.0,0.0,nan,nan,0.0,0.0,0.34761643409729004,0.29673513770103455,2.984375,0.34761643409729004,0.02288130670785904,0.021844863891601562
185,0.3767631759999972,3.185152,2.235903024673462,-0.05313272029161453,0.16557464003562927,nan,0.16497758030891418,0.0,0.05112829804420471,0.0005252561531960964,0.0625,0.9608137011528015,13.392751693725586,3.5075368881225586,0.5337490439414978,0.0,0.0,nan,nan,0.0,0.0,0.3436998923619588,0.288536936044693,2.8411458333333335,0.3436998923619588,0.022900012632211048,0.021801166236400604
186,0.38632178999998246,3.185152,2.3730103969573975,-0.04908641427755356,0.19834941625595093,nan,0.17742833495140076,0.0,0.05862138792872429,0.0016053030267357826,0.0546875,1.1587930917739868,13.859174728393555,3.5502357482910156,0.535045862197876,1.0,0.0,nan,nan,0.0,1.0,0.34048088391621906,0.2798294126987457,2.5572916666666665,0.34048088391621906,0.02295685311158498,0.021748878061771393
187,0.37977539700000307,3.185152,2.4773929119110107,-0.039834845811128616,0.2863282263278961,nan,0.1899239420890808,0.0,0.03309151530265808,3.197967089363374e-05,0.0546875,0.8959946632385254,13.044820785522461,3.599782943725586,0.5441234111785889,0.0,0.0,nan,nan,0.0,0.0,0.34096185366312665,0.27038559317588806,2.6119791666666665,0.34096185366312665,0.02300297220547994,0.021691955626010895
188,0.38048939899999823,3.185152,2.473220109939575,-0.021245602518320084,0.3267114460468292,nan,0.18962424993515015,0.0,0.039347484707832336,0.00035745836794376373,0.0625,0.8829383254051208,12.696368217468262,3.6448123455047607,0.5441234111785889,0.0,0.0,nan,nan,0.0,0.0,0.3404230276743571,0.2606840133666992,2.6640625,0.3404230276743571,0.02297794073820114,0.021642327308654785
189,0.37941287499998566,3.185152,2.546039342880249,0.017700308933854103,0.27912580966949463,nan,0.19649510085582733,0.0,0.046219758689403534,0.0014217820717021823,0.0625,1.045097827911377,12.612356185913086,3.6752891540527344,0.5441234111785889,0.0,0.0,nan,nan,0.0,0.0,0.3398650884628296,0.250180184841156,2.7994791666666665,0.3398650884628296,0.02295134961605072,0.021535661071538925
190,0.3728067680000038,3.185152,3.080617666244507,0.020683059468865395,0.26595833897590637,nan,0.25299471616744995,0.0,0.019161835312843323,0.0004536535998340696,0.010416666977107525,0.6950912475585938,13.030111312866211,3.6691832542419434,0.530237078666687,1.0,0.0,nan,nan,0.0,1.0,0.345189372698466,0.24807725846767426,2.890625,0.345189372698466,0.02307421217362086,0.02151522785425186
191,0.3693531289999896,3.185152,3.280155658721924,0.04260214790701866,0.21807986497879028,nan,0.27209049463272095,0.0,0.013410279527306557,0.0,0.0,0.6815017461776733,14.000547409057617,3.655597686767578,0.5274597406387329,0.0,0.0,nan,nan,0.0,0.0,0.3478865623474121,0.33333244919776917,2.9869791666666665,0.3478865623474121,0.022995750109354656,0.022262096405029297
192,0.37046556699999655,3.185152,3.3925492763519287,0.06544153392314911,0.3338615298271179,nan,0.28187912702560425,0.0,0.014380558393895626,0.0,0.0,0.7265898585319519,14.967745780944824,3.6351399421691895,0.5274597406387329,0.0,0.0,nan,nan,0.0,0.0,0.3490946292877197,0.3357767164707184,3.1145833333333335,0.3490946292877197,0.02295401692390442,0.02216474711894989
193,0.37306458899999484,3.185152,3.41056752204895,0.06847983598709106,0.2762816846370697,nan,0.2823750972747803,0.0,0.015591312199831009,0.0,0.0,0.7469199895858765,16.21462059020996,3.616884231567383,0.5274597406387329,0.0,0.0,nan,nan,0.0,0.0,0.3493078152338664,0.33577656745910645,2.9010416666666665,0.3493078152338664,0.022932246327400208,0.022153615951538086
194,0.3761837840000055,3.185152,3.288379669189453,0.05739767104387283,0.20705963671207428,nan,0.269422709941864,0.0,0.016637220978736877,0.0,0.0,0.7240505218505859,16.962495803833008,3.609905958175659,0.5274597406387329,0.0,0.0,nan,nan,0.0,0.0,0.34916146596272785,0.33577677607536316,2.8515625,0.34916146596272785,0.022917255759239197,0.022163666784763336
195,0.3762755179999999,3.185152,3.110983371734619,0.04056068882346153,0.2518100440502167,nan,0.25081345438957214,0.0,0.017345398664474487,0.0,0.0,0.6623921394348145,18.012317657470703,3.618201971054077,0.5274597406387329,0.0,0.0,nan,nan,0.0,0.0,0.3491017818450928,0.3344154357910156,2.7786458333333335,0.3491017818450928,0.022898922363917034,0.02215670794248581
196,0.3753849539999976,3.185152,3.0232698917388916,0.025536641478538513,0.276220440864563,nan,0.23997744917869568,0.0,0.01732846349477768,0.0,0.0,0.5995777249336243,20.16191864013672,3.638270139694214,0.5274597406387329,0.0,0.0,nan,nan,0.0,0.0,0.34866857528686523,0.3317491412162781,2.6822916666666665,0.34866857528686523,0.02289326737324397,0.022162653505802155
197,0.3757684260000076,3.185152,3.0125529766082764,0.010321613401174545,0.34533795714378357,nan,0.23643521964550018,0.0,0.016861826181411743,0.0,0.0,0.5934524536132812,21.87116050720215,3.664182662963867,0.5274597406387329,0.0,0.0,nan,nan,0.0,0.0,0.3477753798166911,0.3312310576438904,2.6927083333333335,0.3477753798166911,0.02290082722902298,0.022198975086212158
198,0.3762733810000043,3.185152,3.1054913997650146,-0.0049723051488399506,0.32147789001464844,nan,0.2432282418012619,0.0,0.016722094267606735,0.0,0.0,0.5578765869140625,23.69068717956543,3.694200038909912,0.5274597406387329,0.0,0.0,nan,nan,0.0,0.0,0.34650007883707684,0.32592082023620605,2.6979166666666665,0.34650007883707684,0.022915797928969067,0.022215738892555237
199,0.3763831430000266,3.185152,3.2627787590026855,-0.020622843876481056,0.34809020161628723,nan,0.25816991925239563,0.0,0.01733090728521347,0.0,0.0,0.5830448865890503,24.549968719482422,3.7127721309661865,0.5274597406387329,0.0,0.0,nan,nan,0.0,0.0,0.34563247362772626,0.31966647505760193,2.6692708333333335,0.34563247362772626,0.02291126549243927,0.022311970591545105
200,0.37595665999998573,3.185152,3.43591046333313,-0.031636424362659454,0.3231711983680725,nan,0.27575135231018066,0.0,0.018253102898597717,0.0,0.0,0.6646642088890076,24.260448455810547,3.7261359691619873,0.5274597406387329,0.0,0.0,nan,nan,0.0,0.0,0.34541356563568115,0.3156450092792511,2.7213541666666665,0.34541356563568115,0.02289896955092748,0.02221342921257019
201,0.37624959900000476,3.185152,3.572763442993164,-0.024029942229390144,0.32020607590675354,nan,0.29099389910697937,0.0,0.019570305943489075,0.0,0.0,0.518195390701294,22.808940887451172,3.743584394454956,0.5274597406387329,0.0,0.0,nan,nan,0.0,0.0,0.3451296885808309,0.31340160965919495,3.0026041666666665,0.3451296885808309,0.02288787563641866,0.02210143953561783
202,0.37604270200000656,3.185152,3.6222612857818604,-0.004103496670722961,0.19528597593307495,nan,0.29704195261001587,0.0,0.021109458059072495,0.0,0.0,0.6560600399971008,21.294279098510742,3.7622087001800537,0.5274597406387329,0.0,0.0,nan,nan,0.0,0.0,0.3443292776743571,0.31029221415519714,3.0338541666666665,0.3443292776743571,0.022915159662564594,0.022078976035118103
203,0.37612796000001936,3.185152,3.6225881576538086,0.02308715134859085,0.16862478852272034,nan,0.29806050658226013,0.0,0.023425105959177017,0.0,0.0,0.6934808492660522,19.908802032470703,3.781381607055664,0.5274597406387329,0.0,0.0,nan,nan,0.0,0.0,0.3441372712453206,0.30573633313179016,2.9739583333333335,0.3441372712453206,0.02293237050374349,0.02209743857383728
204,0.37656771400000366,3.185152,3.620628595352173,0.053640216588974,0.22505909204483032,nan,0.29771631956100464,0.0,0.026060253381729126,0.0,0.0,1.0054450035095215,18.478546142578125,3.7986536026000977,0.5274597406387329,0.0,0.0,nan,nan,0.0,0.0,0.34478290875752765,0.3008469343185425,2.7447916666666665,0.34478290875752765,0.022959336638450623,0.02200460433959961
205,0.3759529339999972,3.185152,3.599095582962036,0.07851158082485199,0.5308609008789062,nan,0.2955840229988098,0.0,0.029915913939476013,0.0,0.0,1.2583907842636108,17.715721130371094,3.8168818950653076,0.5274597406387329,0.0,0.0,nan,nan,0.0,0.0,0.3455289999643962,0.29550230503082275,2.5338541666666665,0.3455289999643962,0.02294134348630905,0.021901845932006836
206,0.37779091300001255,3.185152,3.502878427505493,0.09293463826179504,0.6008391976356506,nan,0.2849447727203369,0.0,0.03403470665216446,0.0,0.0,1.4934873580932617,17.786190032958984,3.8368144035339355,0.5274597406387329,0.0,0.0,nan,nan,0.0,0.0,0.34489838282267254,0.2885175347328186,2.6822916666666665,0.34489838282267254,0.02291564643383026,0.02178999036550522
207,0.38128453299998455,3.185152,3.3136916160583496,0.09300214052200317,0.5260710716247559,nan,0.265527606010437,0.0,0.038581155240535736,0.0,0.0,1.3070977926254272,17.80354118347168,3.8549118041992188,0.5274597406387329,0.0,0.0,nan,nan,0.0,0.0,0.3430119752883911,0.2791290283203125,2.765625,0.3430119752883911,0.022879565755526226,0.021674565970897675
208,0.3815379440000015,3.185152,3.072869062423706,0.0786161720752716,0.4242890179157257,nan,0.24245476722717285,0.0,0.04353739321231842,6.51599066259223e-07,0.0182291679084301,1.1854251623153687,17.25580406188965,3.8526296615600586,0.5274597406387329,0.0,0.0,nan,nan,0.0,0.0,0.34133108456929523,0.2684960961341858,2.5338541666666665,0.34133108456929523,0.022857166826725006,0.02156120538711548
209,0.3815784430000235,3.185152,2.8840901851654053,0.0595691055059433,0.4401630461215973,nan,0.22458994388580322,0.0,0.050024595111608505,0.00010683288564905524,0.0625,1.143315076828003,16.13431167602539,3.8396594524383545,0.5274597406387329,0.0,0.0,nan,nan,0.0,0.0,0.3399943908055623,0.2588338255882263,2.3489583333333335,0.3399943908055623,0.022826505204041798,0.02144378051161766
210,0.3822724190000031,3.185152,2.764244556427002,0.03583372384309769,0.4673822224140167,nan,0.21026334166526794,0.0,0.059756483882665634,0.0011229937663301826,0.0625,1.441601276397705,17.613595962524414,3.8255889415740967,0.5274597406387329,0.0,0.0,nan,nan,0.0,0.0,0.3384500741958618,0.2487863302230835,2.28125,0.3384500741958618,0.0228076974550883,0.021326150745153427
211,0.38223225800001615,3.185152,2.637148857116699,-0.023210251703858376,0.1591625213623047,nan,0.19992420077323914,0.0,0.036284711211919785,0.0005812655435875058,0.01302083395421505,0.768275260925293,18.397764205932617,3.761165142059326,0.5426895618438721,1.0,0.0,nan,nan,0.0,1.0,0.34125761191050213,0.24602529406547546,2.4739583333333335,0.34125761191050213,0.022969824572404225,0.021303243935108185
212,0.3764827299999922,3.185152,2.634082317352295,-0.04999576881527901,0.22342929244041443,nan,0.20005613565444946,0.0,0.029325038194656372,0.0,0.0,0.5511941313743591,18.945270538330078,3.739367961883545,0.5466973781585693,0.0,0.0,nan,nan,0.0,0.0,0.34192617734273273,0.30440226197242737,2.4166666666666665,0.34192617734273273,0.022956783572832744,0.022097960114479065
213,0.3810753180000006,3.185152,2.7620229721069336,-0.05810469016432762,0.2544531524181366,nan,0.2117764949798584,0.0,0.03085799142718315,0.0,0.0,0.6938387751579285,19.703454971313477,3.743481159210205,0.5466973781585693,0.0,0.0,nan,nan,0.0,0.0,0.34218184153238934,0.30519846081733704,2.5026041666666665,0.34218184153238934,0.022960054377714794,0.02204042673110962
214,0.3747018839999896,3.185152,2.808950662612915,-0.058041855692863464,0.24833211302757263,nan,0.21680185198783875,0.0,0.032636649906635284,0.0,0.0,0.62828129529953,19.375640869140625,3.758354902267456,0.5466973781585693,0.0,0.0,nan,nan,0.0,0.0,0.3419056336085002,0.3097193241119385,2.7161458333333335,0.3419056336085002,0.022958263754844666,0.021988220512866974
215,0.37805349999999294,3.185152,2.850034475326538,-0.04717308655381203,0.2869996726512909,nan,0.2215680330991745,0.0,0.034387946128845215,0.0,0.0,0.7100569605827332,18.49689292907715,3.780066967010498,0.5466973781585693,0.0,0.0,nan,nan,0.0,0.0,0.3411169449488322,0.3163633644580841,2.7083333333333335,0.3411169449488322,0.022961666186650593,0.02193177491426468
216,0.3777016720000006,3.185152,2.918227434158325,-0.029388384893536568,0.253517746925354,nan,0.2289620041847229,0.0,0.037521444261074066,0.0,0.0,0.8312200307846069,17.962711334228516,3.7970409393310547,0.5466973781585693,0.0,0.0,nan,nan,0.0,0.0,0.34097349643707275,0.3206345736980438,2.6744791666666665,0.34097349643707275,0.022967539727687836,0.021862760186195374
217,0.3757332050000173,3.185152,2.916557550430298,-0.014948943629860878,0.2484886348247528,nan,0.22846028208732605,0.0,0.0422920286655426,0.0,0.0,0.9472403526306152,17.417570114135742,3.8052921295166016,0.5466973781585693,0.0,0.0,nan,nan,0.0,0.0,0.34244072437286377,0.3148045539855957,2.5208333333333335,0.34244072437286377,0.022991324464480083,0.021786093711853027
218,0.378240452,3.185152,2.9218826293945312,-0.002600819803774357,0.21217641234397888,nan,0.2284313291311264,0.0,0.04843571037054062,0.0,0.0,1.1951831579208374,16.925907135009766,3.8091158866882324,0.5466973781585693,0.0,0.0,nan,nan,0.0,0.0,0.3444536129633586,0.3114740550518036,2.4270833333333335,0.3444536129633586,0.022983382145563763,0.021692484617233276
219,0.38217496100000403,3.185152,2.8248162269592285,-0.00458991713821888,0.13462840020656586,nan,0.21854948997497559,0.0,0.05610600858926773,1.8813014321494848e-05,0.0598958358168602,0.9761989116668701,16.72119903564453,3.7939558029174805,0.5466973781585693,0.0,0.0,nan,nan,0.0,0.0,0.3459014892578125,0.3114961087703705,2.4348958333333335,0.3459014892578125,0.022964480022589367,0.02157527208328247
220,0.38762005099999897,3.185152,2.746673583984375,-0.010388588532805443,0.19281500577926636,nan,0.2110978066921234,0.0,0.06351633369922638,0.00015662838995922357,0.0625,0.8742582201957703,16.496776580810547,3.7669074535369873,0.5466973781585693,0.0,0.0,nan,nan,0.0,0.0,0.3460792303085327,0.30803975462913513,2.4921875,0.3460792303085327,0.022963521381219227,0.021429575979709625
221,0.3884810719999905,3.185152,2.764349937438965,-0.00941343605518341,0.32058921456336975,nan,0.2143852412700653,0.0,0.07093265652656555,0.000510474550537765,0.0625,0.957190752029419,15.315176010131836,3.734312057495117,0.5466973781585693,0.0,0.0,nan,nan,0.0,0.0,0.34443986415863037,0.29168081283569336,2.5,0.34443986415863037,0.022958902021249134,0.021249718964099884
222,0.3887975070000209,3.185152,2.880314350128174,-0.0021357983350753784,0.2613491415977478,nan,0.22743891179561615,0.0,0.0796135887503624,0.0012768752640113235,0.125,1.043617606163025,14.006884574890137,3.702275037765503,0.5466973781585693,0.0,0.0,nan,nan,0.0,0.0,0.3417552312215169,0.27018168568611145,2.5104166666666665,0.3417552312215169,0.022939545412858326,0.021050356328487396
223,0.39618792500002087,3.185152,3.019420623779297,0.010188248008489609,0.29453080892562866,nan,0.24142277240753174,0.0,0.09107940644025803,0.003090454265475273,0.125,1.319313883781433,13.503066062927246,3.6826045513153076,0.5466973781585693,0.0,0.0,nan,nan,0.0,0.0,0.33789952596028644,0.2411651760339737,2.578125,0.33789952596028644,0.022930885354677837,0.020858418196439743
224,0.38880567399999677,3.185152,3.0621798038482666,-0.033381909132003784,0.09620098024606705,nan,0.24784255027770996,0.0,0.07893392443656921,0.0031801220029592514,0.0911458358168602,1.2240630388259888,14.691986083984375,3.372765064239502,0.560655951499939,1.0,0.0,nan,nan,0.0,1.0,0.3374418020248413,0.24027056992053986,2.375,0.3374418020248413,0.023130588233470917,0.020853064954280853
225,0.38872469099999307,3.185152,3.4426677227020264,-0.012687497772276402,0.16609856486320496,nan,0.28835180401802063,0.0,0.06568305194377899,0.0019756038673222065,0.0625,1.1894707679748535,15.75912857055664,3.0722270011901855,0.5724669694900513,0.0,0.0,nan,nan,0.0,0.0,0.33792654673258465,0.29171594977378845,2.4296875,0.33792654673258465,0.02302980174620946,0.022618211805820465
226,0.38156465800000205,3.185152,3.371772050857544,0.009451191872358322,0.1311112344264984,nan,0.2872042655944824,0.0,0.037213824689388275,0.0003981553018093109,0.0078125,0.8995060920715332,15.265403747558594,2.708415985107422,0.5506975650787354,1.0,0.0,nan,nan,0.0,1.0,0.34078335762023926,0.2902531921863556,2.5625,0.34078335762023926,0.023040870825449627,0.02262914925813675
227,0.37700575900001354,3.185152,3.3356189727783203,0.021603170782327652,0.24034754931926727,nan,0.2848776578903198,0.0,0.03550116717815399,0.0,0.0,0.7695255279541016,15.093597412109375,2.646347999572754,0.5475876331329346,0.0,0.0,nan,nan,0.0,0.0,0.3417070309321086,0.30545204877853394,2.5651041666666665,0.3417070309321086,0.02295052260160446,0.022641785442829132
228,0.37947284000000536,3.185152,3.3569490909576416,0.03698231652379036,0.3325270116329193,nan,0.2869298756122589,0.0,0.03746500238776207,0.0,0.0,0.8524073362350464,15.30420970916748,2.6384382247924805,0.5475876331329346,0.0,0.0,nan,nan,0.0,0.0,0.3407609462738037,0.3068569600582123,2.6666666666666665,0.3407609462738037,0.02292175094286601,0.022628135979175568
229,0.37851121100001706,3.185152,3.262418270111084,0.045557811856269836,0.35221946239471436,nan,0.2776116728782654,0.0,0.03890402615070343,0.0,0.0,0.9367398619651794,15.051119804382324,2.642057418823242,0.5475876331329346,0.0,0.0,nan,nan,0.0,0.0,0.33916914463043213,0.30993321537971497,2.6927083333333335,0.33916914463043213,0.022896982729434967,0.022546537220478058
230,0.3776956099999893,3.185152,3.103022575378418,0.04920363053679466,0.2643411457538605,nan,0.2598951756954193,0.0,0.04148174077272415,0.0,0.0,1.1031663417816162,15.632102012634277,2.657834529876709,0.5475876331329346,0.0,0.0,nan,nan,0.0,0.0,0.3387262423833211,0.31022006273269653,2.6744791666666665,0.3387262423833211,0.02288498729467392,0.02236568182706833
231,0.3769567850000044,3.185152,3.0082712173461914,0.05243214592337608,0.3415873348712921,nan,0.2475539892911911,0.0,0.0454009547829628,0.0,0.0,1.159583568572998,17.066234588623047,2.6748178005218506,0.5475876331329346,0.0,0.0,nan,nan,0.0,0.0,0.3389658530553182,0.3058626651763916,2.5651041666666665,0.3389658530553182,0.02286963661511739,0.022265367209911346
232,0.37381748799998604,3.185152,2.9212615489959717,0.04149879515171051,0.29722821712493896,nan,0.2370135635137558,0.0,0.050153911113739014,0.0,0.0,1.1378116607666016,18.072662353515625,2.685649871826172,0.5475876331329346,0.0,0.0,nan,nan,0.0,0.0,0.3385196129480998,0.297534704208374,2.2786458333333335,0.3385196129480998,0.022868951161702473,0.0221409872174263
233,0.37112797700001465,3.185152,2.785583972930908,0.011762678623199463,0.20591533184051514,nan,0.22244708240032196,0.0,0.05620770901441574,0.0,0.0,0.9892997741699219,19.048900604248047,2.6890296936035156,0.5475876331329346,0.0,0.0,nan,nan,0.0,0.0,0.33797375361124676,0.29488781094551086,2.3255208333333335,0.33797375361124676,0.022868106762568157,0.021973900496959686
234,0.37305827599999475,3.185152,2.664832830429077,-0.01788758859038353,0.14528194069862366,nan,0.21055170893669128,0.0,0.06285873055458069,1.5867478850850603e-06,0.0338541679084301,0.9977318644523621,19.268436431884766,2.6910743713378906,0.5475876331329346,0.0,0.0,nan,nan,0.0,0.0,0.33795050779978436,0.2948475182056427,2.3333333333333335,0.33795050779978436,0.0228622704744339,0.021832570433616638
235,0.378923235000002,3.185152,2.6401946544647217,-0.041673533618450165,0.1679568588733673,nan,0.2086852490901947,0.0,0.07051749527454376,3.8639238482574e-05,0.0625,0.9923419952392578,18.781692504882812,2.6924750804901123,0.5475876331329346,0.0,0.0,nan,nan,0.0,0.0,0.3380837043126424,0.2955247759819031,2.3125,0.3380837043126424,0.022850364446640015,0.021733358502388
236,0.38138014099999396,3.185152,2.6603968143463135,-0.05925784260034561,0.21775327622890472,nan,0.21173010766506195,0.0,0.07995133101940155,0.00017291225958615541,0.0625,0.9345684051513672,17.813941955566406,2.6964669227600098,0.5475876331329346,0.0,0.0,nan,nan,0.0,0.0,0.33750871817270917,0.2965169847011566,2.3203125,0.33750871817270917,0.02284823606411616,0.021689794957637787
237,0.3827019339999822,3.185152,2.654707431793213,-0.07269661128520966,0.2661181092262268,nan,0.21083669364452362,0.0,0.09155571460723877,0.0005235263961367309,0.0677083358168602,0.9884294271469116,17.273277282714844,2.7005631923675537,0.5475876331329346,0.0,0.0,nan,nan,0.0,0.0,0.335713267326355,0.2896347641944885,2.2578125,0.335713267326355,0.02284911771615346,0.02168620377779007
238,0.38170168900001045,3.185152,2.696727991104126,-0.08016546070575714,0.2939871847629547,nan,0.213698148727417,0.0,0.10667768120765686,0.00160188355948776,0.1848958432674408,1.3994653224945068,17.03655242919922,2.6958322525024414,0.5475876331329346,0.0,0.0,nan,nan,0.0,0.0,0.33323947588602704,0.27985644340515137,2.2213541666666665,0.33323947588602704,0.022862814366817474,0.02169058471918106
239,0.38198844900000495,3.185152,3.4513816833496094,-0.06479443609714508,0.21408702433109283,nan,0.29073676466941833,0.0,0.08948779106140137,0.0009567050146870315,0.1328125,1.3885774612426758,16.76207733154297,2.614028215408325,0.5231621265411377,1.0,0.0,nan,nan,0.0,1.0,0.3344076871871948,0.27878060936927795,2.2916666666666665,0.3344076871871948,0.02297742913166682,0.02169342339038849
240,0.3829056499999979,3.185152,3.318460702896118,-0.0482918955385685,0.26158085465431213,nan,0.27787670493125916,0.0,0.1007487028837204,0.0023404357489198446,0.171875,1.5247244834899902,15.688353538513184,2.598018169403076,0.5196727514266968,0.0,0.0,nan,nan,0.0,0.0,0.3321066697438558,0.2652687132358551,2.4348958333333335,0.3321066697438558,0.02289794385433197,0.021644726395606995
241,0.3787283549999927,3.185152,3.321739673614502,-0.05428638309240341,0.3122289478778839,nan,0.28054362535476685,0.0,0.07902105152606964,0.0017230490921065211,0.1302083432674408,1.3641618490219116,15.527003288269043,2.5544114112854004,0.5186740159988403,1.0,0.0,nan,nan,0.0,1.0,0.3341842492421468,0.26391586661338806,2.4817708333333335,0.3341842492421468,0.023028090596199036,0.021542780101299286
242,0.3843180700000062,3.185152,3.002026319503784,-0.048203375190496445,0.3559148609638214,nan,0.2504916787147522,0.0,0.07327230274677277,0.0025726198218762875,0.1015625,1.3883426189422607,15.166524887084961,2.375713348388672,0.5271021723747253,1.0,0.0,nan,nan,0.0,1.0,0.3347257375717163,0.2720071077346802,2.5546875,0.3347257375717163,0.023050770163536072,0.02137240767478943
243,0.3815521129999979,3.185152,2.7578718662261963,-0.03313860297203064,0.6582880616188049,nan,0.23050837218761444,0.0,0.05662082880735397,0.002128064399585128,0.0625,1.2860236167907715,14.237421035766602,2.103072166442871,0.5413004159927368,0.0,0.0,nan,nan,0.0,0.0,0.3376750151316325,0.31113341450691223,2.5989583333333335,0.3376750151316325,0.023068467775980633,0.02113022655248642
244,0.38430767399998444,3.185152,2.746126651763916,-0.00655098631978035,0.35306739807128906,nan,0.23071596026420593,0.0,0.06338325887918472,0.0035607642494142056,0.0625,1.676214575767517,12.951430320739746,2.116697311401367,0.5413004159927368,0.0,0.0,nan,nan,0.0,0.0,0.33807551860809326,0.29819220304489136,2.5078125,0.33807551860809326,0.02305714289347331,0.020848996937274933
245,0.38076758799999766,3.185152,2.718668222427368,-0.023822320625185966,0.16343365609645844,nan,0.22888515889644623,0.0,0.060678064823150635,0.0046891458332538605,0.046875,1.6577203273773193,12.059771537780762,2.0970849990844727,0.5338780879974365,1.0,0.0,nan,nan,0.0,1.0,0.33873963356018066,0.29940667748451233,2.578125,0.33873963356018066,0.023139158884684246,0.020778276026248932
246,0.3775956009999959,3.185152,2.790250539779663,0.005533520132303238,0.25897350907325745,nan,0.23865553736686707,0.0,0.03129715472459793,0.0,0.0,1.335376501083374,11.844541549682617,2.028812885284424,0.5116111040115356,0.0,0.0,nan,nan,0.0,0.0,0.3387588659922282,0.29972952604293823,2.5703125,0.3387588659922282,0.02315943439801534,0.02196243405342102
247,0.3813348500000018,3.185152,2.7039222717285156,0.018007095903158188,0.26032644510269165,nan,0.22910696268081665,0.0,0.03852107375860214,0.0,0.0,1.4281597137451172,12.05408000946045,2.0528721809387207,0.5116111040115356,0.0,0.0,nan,nan,0.0,0.0,0.3369687795639038,0.29466477036476135,2.5364583333333335,0.3369687795639038,0.023091726005077362,0.021890901029109955
248,0.38053736299997354,3.185152,2.757878065109253,0.04181317985057831,0.35018622875213623,nan,0.23262809216976166,0.0,0.04769118130207062,2.324678007425973e-06,0.015625,1.6270192861557007,12.754348754882812,2.0855348110198975,0.5116111040115356,0.0,0.0,nan,nan,0.0,0.0,0.3356866439183553,0.2883445918560028,2.6223958333333335,0.3356866439183553,0.023050261040528614,0.02171184867620468
249,0.3826331939999932,3.185152,2.939289093017578,0.07344077527523041,0.510384738445282,nan,0.24948905408382416,0.0,0.05918749421834946,0.0002878562081605196,0.0625,1.5987215042114258,12.956145286560059,2.1246252059936523,0.5116111040115356,0.0,0.0,nan,nan,0.0,0.0,0.33405637741088867,0.2788407504558563,2.6302083333333335,0.33405637741088867,0.022987852493921917,0.0215107724070549
250,0.3809093490000066,3.185152,3.0968687534332275,0.10200902074575424,0.4952523112297058,nan,0.26332616806030273,0.0,0.07135583460330963,0.0015670376596972346,0.0625,1.3953022956848145,13.594253540039062,2.1592066287994385,0.5116111040115356,0.0,0.0,nan,nan,0.0,0.0,0.3317997654279073,0.2635573148727417,2.4557291666666665,0.3317997654279073,0.022943769892056782,0.02129698172211647
251,0.3854979399999934,3.185664,3.191565990447998,0.10603906959295273,0.31549331545829773,nan,0.2711171805858612,0.0,0.07548564672470093,0.003424419090151787,0.0520833358168602,1.3045047521591187,14.585883140563965,2.1800897121429443,0.5133355855941772,1.0,0.0,nan,nan,0.0,1.0,0.33119173844655353,0.24489371478557587,2.5572916666666665,0.33119173844655353,0.022942446172237396,0.02111903205513954
252,0.3813453479999964,3.185664,3.338033437728882,0.059842050075531006,0.3919599652290344,nan,0.2883013188838959,0.0,0.04538194462656975,0.0,0.0,1.1253297328948975,14.793357849121094,2.1802163124084473,0.5219577550888062,0.0,0.0,nan,nan,0.0,0.0,0.33734126885732013,0.3061710000038147,2.6041666666666665,0.33734126885732013,0.0229479322830836,0.021559670567512512
253,0.3816318620000061,3.185664,3.314767837524414,0.05314197763800621,0.29097673296928406,nan,0.2832905054092407,0.0,0.05390467494726181,0.0,0.0,1.3155243396759033,16.319787979125977,2.1877951622009277,0.5219577550888062,0.0,0.0,nan,nan,0.0,0.0,0.3390508492787679,0.30361685156822205,2.5364583333333335,0.3390508492787679,0.022898994386196136,0.021434471011161804
254,0.37980856400000107,3.185664,3.341707468032837,0.04225338622927666,0.23994438350200653,nan,0.28282874822616577,0.0,0.06455923616886139,0.0,0.0,1.6453797817230225,18.7597713470459,2.199519634246826,0.5219577550888062,0.0,0.0,nan,nan,0.0,0.0,0.3396238883336385,0.3036167621612549,2.375,0.3396238883336385,0.022863132258256275,0.02135831117630005
255,0.38165847600001257,3.185664,3.2337613105773926,0.019523078575730324,0.2226201295852661,nan,0.2694205939769745,0.0,0.07714555412530899,7.704313247813843e-06,0.02864583395421505,1.81232488155365,20.425872802734375,2.221647024154663,0.5219577550888062,0.0,0.0,nan,nan,0.0,0.0,0.3396841287612915,0.30610784888267517,2.3229166666666665,0.3396841287612915,0.022859903673330944,0.021287083625793457
256,0.3871520309999994,3.185664,3.046684741973877,-0.011382875964045525,0.21239930391311646,nan,0.2484460175037384,0.0,0.09177225083112717,0.0002218254958279431,0.0625,1.955095648765564,21.2338924407959,2.258713722229004,0.5219577550888062,0.0,0.0,nan,nan,0.0,0.0,0.34035277366638184,0.3092488646507263,2.3255208333333335,0.34035277366638184,0.022857847313086193,0.021233826875686646
257,0.39318455599999425,3.185664,2.908997058868408,-0.037257447838783264,0.19915710389614105,nan,0.23119568824768066,0.0,0.10969805717468262,0.0009214188903570175,0.1276041716337204,2.2677812576293945,22.05342674255371,2.311861038208008,0.5219577550888062,0.0,0.0,nan,nan,0.0,0.0,0.3407519261042277,0.3090353012084961,2.2734375,0.3407519261042277,0.022854328155517578,0.021051429212093353
258,0.39340297799998325,3.185664,2.8556442260742188,-0.05398128181695938,0.19519172608852386,nan,0.22384807467460632,0.0,0.1305083930492401,0.002739907242357731,0.25,2.662348508834839,23.282958984375,2.374397039413452,0.5219577550888062,0.0,0.0,nan,nan,0.0,0.0,0.3394687573115031,0.30339521169662476,2.1171875,0.3394687573115031,0.022845422228177387,0.020899079740047455
259,0.39163163699998904,3.185664,2.8352761268615723,-0.09037838131189346,0.2821647524833679,nan,0.2192727029323578,0.0,0.15064415335655212,0.007015090435743332,0.2447916716337204,2.5154242515563965,23.987438201904297,2.4347476959228516,0.524504542350769,1.0,0.0,nan,nan,0.0,1.0,0.3372774124145508,0.28753983974456787,2.1979166666666665,0.3372774124145508,0.02290499210357666,0.02085644006729126
260,0.38971784500000695,3.185664,3.400437116622925,-0.14272665977478027,0.3052251636981964,nan,0.27928563952445984,0.0,0.08939109742641449,0.0026937692891806364,0.1328125,1.3968918323516846,25.662307739257812,2.402458906173706,0.5177594423294067,1.0,0.0,nan,nan,0.0,1.0,0.341782808303833,0.31334394216537476,2.3776041666666665,0.341782808303833,0.02318083494901657,0.021091610193252563
261,0.3928383839999867,3.185664,3.6510913372039795,-0.1257491409778595,0.3639260232448578,nan,0.3068002462387085,0.0,0.08150316774845123,0.003733798861503601,0.1015625,1.140808343887329,24.358592987060547,2.321479320526123,0.49919766187667847,1.0,0.0,nan,nan,0.0,1.0,0.34258727232615155,0.3080354630947113,2.3619791666666665,0.34258727232615155,0.02317790190378825,0.022219397127628326
262,0.379038434999984,3.185664,3.551546812057495,-0.09868933260440826,0.2858411967754364,nan,0.3061754107475281,0.0,0.02628624439239502,0.0002838136861100793,0.0052083334885537624,0.7215496897697449,21.53473663330078,2.1109061241149902,0.46121400594711304,1.0,0.0,nan,nan,0.0,1.0,0.3453442653020223,0.30732855200767517,2.5651041666666665,0.3453442653020223,0.023188434541225433,0.022744901478290558
263,0.3883114360000093,3.185664,3.236638069152832,-0.07795104384422302,0.3080441355705261,nan,0.27695003151893616,0.0,0.024379251524806023,0.0,0.0,0.819538950920105,18.748085021972656,2.122098445892334,0.4598209857940674,0.0,0.0,nan,nan,0.0,0.0,0.3440507650375366,0.30139145255088806,2.5,0.3440507650375366,0.023121267557144165,0.02249068021774292
264,0.38786632599999393,3.185664,3.130882978439331,-0.04954780638217926,0.5529726147651672,nan,0.26665547490119934,0.0,0.026565035805106163,0.0,0.0,0.872653603553772,17.78038787841797,2.123739004135132,0.4598209857940674,0.0,0.0,nan,nan,0.0,0.0,0.3419853448867798,0.3014989197254181,2.4661458333333335,0.3419853448867798,0.023108748098214466,0.022377952933311462
265,0.3887746350000043,3.185664,3.2178235054016113,-0.011274034157395363,0.36871540546417236,nan,0.27545365691185,0.0,0.03084222599864006,0.0,0.0,1.1056427955627441,17.398862838745117,2.1185197830200195,0.4598209857940674,0.0,0.0,nan,nan,0.0,0.0,0.34041376908620197,0.3056412935256958,2.59375,0.34041376908620197,0.023089456061522167,0.022189535200595856
266,0.38825628000000734,3.185664,3.5029208660125732,0.029922280460596085,0.4221945106983185,nan,0.30306941270828247,0.0,0.0377446785569191,0.0,0.0,1.2324124574661255,17.95479965209961,2.1151418685913086,0.4598209857940674,0.0,0.0,nan,nan,0.0,0.0,0.33913079897562665,0.307461678981781,2.7317708333333335,0.33913079897562665,0.023088840146859486,0.02203334867954254
267,0.38551971600000456,3.185664,3.6303818225860596,0.05410180985927582,0.3370770812034607,nan,0.3151648938655853,0.0,0.04688281565904617,0.0,0.0,1.2767744064331055,18.0142879486084,2.12198543548584,0.4598209857940674,0.0,0.0,nan,nan,0.0,0.0,0.3382267951965332,0.2993837594985962,2.65625,0.3382267951965332,0.023058245579401653,0.021899260580539703
268,0.3883471120000195,3.185664,3.541964292526245,0.06933113187551498,0.2862493395805359,nan,0.30542320013046265,0.0,0.05785251781344414,7.708873454248533e-06,0.0625,1.2381229400634766,18.095083236694336,2.1401724815368652,0.4598209857940674,0.0,0.0,nan,nan,0.0,0.0,0.3376210927963257,0.2911115288734436,2.6796875,0.3376210927963257,0.0230183278520902,0.021825455129146576
269,0.3882596400000011,3.185664,3.3453989028930664,0.0721479058265686,0.264104962348938,nan,0.2840943932533264,0.0,0.07034702599048615,4.634057040675543e-05,0.0625,1.0969882011413574,18.016813278198242,2.164031982421875,0.4598209857940674,0.0,0.0,nan,nan,0.0,0.0,0.3379655679066976,0.2821926176548004,2.671875,0.3379655679066976,0.022990837693214417,0.021662786602973938
270,0.3945346999999799,3.185664,3.180481195449829,0.06922914832830429,0.20983454585075378,nan,0.2662716507911682,0.0,0.08313213288784027,0.00013359906733967364,0.1041666716337204,1.1451759338378906,17.838546752929688,2.19161319732666,0.4598209857940674,0.0,0.0,nan,nan,0.0,0.0,0.3384395440419515,0.2702558636665344,2.4869791666666665,0.3384395440419515,0.022942970196406048,0.021409325301647186
271,0.38734371699999315,3.185664,3.0810163021087646,0.06118503585457802,0.2532272934913635,nan,0.2565767168998718,0.0,0.09616659581661224,0.00060235895216465,0.125,1.451241374015808,17.44365882873535,2.221306800842285,0.4598209857940674,0.0,0.0,nan,nan,0.0,0.0,0.3375325600306193,0.2527160048484802,2.2994791666666665,0.3375325600306193,0.022896866003672283,0.021159648895263672
272,0.3888006260000054,3.185664,3.15824031829834,0.03970794379711151,0.26949700713157654,nan,0.2624359130859375,0.0,0.11110794544219971,0.002244665753096342,0.125,1.914346694946289,17.96417999267578,2.2516798973083496,0.4598209857940674,0.0,0.0,nan,nan,0.0,0.0,0.33548569679260254,0.23424875736236572,2.3125,0.33548569679260254,0.022855065762996674,0.02095191925764084
273,0.3938502149999863,3.185664,3.8128199577331543,-0.0283571295440197,0.2224331945180893,nan,0.3280765116214752,0.0,0.11431370675563812,0.00493888184428215,0.1328125,1.8576576709747314,18.59558868408203,2.210555076599121,0.4599456191062927,1.0,0.0,nan,nan,0.0,1.0,0.33621513843536377,0.23539765179157257,2.2005208333333335,0.33621513843536377,0.022929357985655468,0.02094944566488266
274,0.39004503099999965,3.185664,3.1703147888183594,-0.025269765406847,0.1723800152540207,nan,0.2682241201400757,0.0,0.07060831785202026,0.0023310284595936537,0.0885416716337204,1.3036346435546875,18.205554962158203,2.0912084579467773,0.4906197190284729,1.0,0.0,nan,nan,0.0,1.0,0.3430612087249756,0.24857155978679657,2.1197916666666665,0.3430612087249756,0.02298814555009206,0.02097611501812935
275,0.3821751769999935,3.185664,2.8914947509765625,-0.015685316175222397,0.29291704297065735,nan,0.24152259528636932,0.0,0.05699043720960617,0.0007644115830771625,0.0625,1.1400163173675537,17.223690032958984,2.1129512786865234,0.5123518705368042,0.0,0.0,nan,nan,0.0,0.0,0.34650929768880206,0.2986205518245697,2.3489583333333335,0.34650929768880206,0.022914506494998932,0.021573618054389954
276,0.3814112679999937,3.185664,2.8605496883392334,-0.011907476931810379,0.32812562584877014,nan,0.23726078867912292,0.0,0.06425720453262329,0.0021363571286201477,0.0625,1.0519249439239502,16.991966247558594,2.1267194747924805,0.5123518705368042,0.0,0.0,nan,nan,0.0,0.0,0.3463737567265828,0.28387731313705444,2.3854166666666665,0.3463737567265828,0.022883127133051556,0.021405689418315887
277,0.3773087900000007,3.185664,2.944234848022461,-0.039378583431243896,0.2547285854816437,nan,0.2482663094997406,0.0,0.043459679931402206,0.0012233529705554247,0.02083333395421505,0.9147104620933533,17.759971618652344,2.1135292053222656,0.5349166393280029,1.0,0.0,nan,nan,0.0,1.0,0.3487601677576701,0.2778833210468292,2.3411458333333335,0.3487601677576701,0.023029257853825886,0.021349530667066574
278,0.37722899499999585,3.185664,2.941643476486206,-0.047205813229084015,0.3358671963214874,nan,0.24848997592926025,0.0,0.03324884921312332,0.0,0.0,0.9116781949996948,17.63713836669922,2.101386547088623,0.5461990237236023,0.0,0.0,nan,nan,0.0,0.0,0.3496934175491333,0.3211793601512909,2.4661458333333335,0.3496934175491333,0.022978027661641438,0.02203591912984848
279,0.37797516300003053,3.185664,2.820253610610962,-0.03939857333898544,0.16571049392223358,nan,0.2371797263622284,0.0,0.038923230022192,7.586992865071807e-07,0.015625,1.1292216777801514,16.569408416748047,2.100339412689209,0.5461990237236023,0.0,0.0,nan,nan,0.0,0.0,0.3484071095784505,0.3179666996002197,2.6848958333333335,0.3484071095784505,0.02294367055098216,0.021933674812316895
280,0.38477412599996796,3.185664,2.7148728370666504,-0.03312556445598602,0.19557222723960876,nan,0.22640042006969452,0.0,0.04697238653898239,0.00010447905515320599,0.0625,1.452692985534668,16.008533477783203,2.1089348793029785,0.5461990237236023,0.0,0.0,nan,nan,0.0,0.0,0.3462435801823934,0.31586456298828125,2.7057291666666665,0.3462435801823934,0.02295895665884018,0.021845810115337372
281,0.3845318729999576,3.185664,2.7323033809661865,-0.02873198688030243,0.2965046167373657,nan,0.22605246305465698,0.0,0.058391496539115906,0.0006303878035396338,0.0625,1.6299865245819092,16.691936492919922,2.132007598876953,0.5461990237236023,0.0,0.0,nan,nan,0.0,0.0,0.34433333079020184,0.31367895007133484,2.5807291666666665,0.34433333079020184,0.02297412355740865,0.021776162087917328
282,0.38653509400000985,3.185664,2.766803503036499,-0.03605462610721588,0.33131521940231323,nan,0.22763675451278687,0.0,0.06548961997032166,0.001519791316241026,0.0520833358168602,1.5162687301635742,17.38764190673828,2.1519644260406494,0.5381856560707092,1.0,0.0,nan,nan,0.0,1.0,0.3439619541168213,0.3084883391857147,2.4088541666666665,0.3439619541168213,0.02303318679332733,0.02172226458787918
283,0.3776946099999918,3.185664,2.7984044551849365,-0.0268489308655262,0.3102536201477051,nan,0.2323339432477951,0.0,0.04057066887617111,0.0,0.0,1.1052827835083008,17.921260833740234,2.1024045944213867,0.4981187582015991,0.0,0.0,nan,nan,0.0,0.0,0.34623416264851886,0.31161415576934814,2.296875,0.34623416264851886,0.023028646906216938,0.02170597016811371
284,0.37641194400003997,3.185664,2.578824520111084,-0.024400362744927406,0.2411516308784485,nan,0.21056579053401947,0.0,0.04391147941350937,0.0,0.0,1.2696627378463745,16.815040588378906,2.1472036838531494,0.4981187582015991,0.0,0.0,nan,nan,0.0,0.0,0.3462228775024414,0.31160515546798706,2.28125,0.3462228775024414,0.023008475701014202,0.021718531847000122
285,0.3798101439999755,3.185664,2.401754379272461,-0.018318666145205498,0.22657407820224762,nan,0.19358329474925995,0.0,0.04658537358045578,0.0,0.0,1.3617305755615234,15.994199752807617,2.197028636932373,0.4981187582015991,0.0,0.0,nan,nan,0.0,0.0,0.34539997577667236,0.31252795457839966,2.3463541666666665,0.34539997577667236,0.02297680824995041,0.021517105400562286
286,0.3811510589999898,3.185664,2.285506010055542,-0.0065286289900541306,0.1725008189678192,nan,0.18225693702697754,0.0,0.049664925783872604,0.0,0.0,1.511200189590454,15.701726913452148,2.248124837875366,0.4981187582015991,0.0,0.0,nan,nan,0.0,0.0,0.3444499174753825,0.3119305968284607,2.4036458333333335,0.3444499174753825,0.022952305773893993,0.021299853920936584
287,0.3796418880000374,3.185664,2.4084439277648926,0.012090620584785938,0.1161649152636528,nan,0.19280306994915009,0.0,0.05657894164323807,2.8389651561155915e-05,0.0520833358168602,1.4114068746566772,16.083208084106445,2.2934255599975586,0.4981187582015991,0.0,0.0,nan,nan,0.0,0.0,0.3436913887659709,0.30132174491882324,2.5026041666666665,0.3436913887659709,0.022902364532152813,0.02113458886742592
288,0.38173831300002803,3.185664,2.5835461616516113,0.023988528177142143,0.1567898839712143,nan,0.20847360789775848,0.0,0.06882194429636002,0.0004988114815205336,0.0625,1.5560659170150757,16.57577896118164,2.3316588401794434,0.4981187582015991,0.0,0.0,nan,nan,0.0,0.0,0.34294108549753827,0.2801751494407654,2.4635416666666665,0.34294108549753827,0.02284718801577886,0.0210363008081913
289,0.3871659420000242,3.185664,2.737081527709961,0.02755245566368103,0.17160409688949585,nan,0.22126904129981995,0.0,0.08510768413543701,0.002699313685297966,0.0625,1.876042366027832,17.58348846435547,2.3601205348968506,0.4981187582015991,0.0,0.0,nan,nan,0.0,0.0,0.34155015150705975,0.24902750551700592,2.2135416666666665,0.34155015150705975,0.022805213928222656,0.02097156271338463
290,0.3756422339999972,3.185664,3.087167263031006,-0.026281239464879036,0.15666721761226654,nan,0.25877663493156433,0.0,0.055398911237716675,0.0002097841934300959,0.0026041667442768812,1.0239042043685913,17.690902709960938,2.3750810623168945,0.4486088752746582,1.0,0.0,nan,nan,0.0,1.0,0.347004771232605,0.24751804769039154,2.3255208333333335,0.347004771232605,0.022970822950204212,0.020969737321138382
291,0.38030346299996154,3.185664,2.859546422958374,-0.0412810854613781,0.3738047182559967,nan,0.23700617253780365,0.0,0.06140327453613281,0.0,0.0,0.8819026947021484,16.705150604248047,2.3819427490234375,0.44645628333091736,0.0,0.0,nan,nan,0.0,0.0,0.34847227732340497,0.3129578232765198,2.484375,0.34847227732340497,0.022955236335595448,0.021920740604400635
292,0.37821037299994487,3.185664,2.748929738998413,-0.04262562841176987,0.28719305992126465,nan,0.22578513622283936,0.0,0.06946691125631332,8.683003215992358e-06,0.0390625,0.9611337184906006,16.41326904296875,2.3848485946655273,0.44645628333091736,0.0,0.0,nan,nan,0.0,0.0,0.34936225414276123,0.31588760018348694,2.4765625,0.34936225414276123,0.02296362817287445,0.021743521094322205
293,0.3806299369999806,3.185664,2.6859822273254395,-0.043590400367975235,0.18659591674804688,nan,0.21821990609169006,0.0,0.07770092785358429,0.00015852248179726303,0.0625,1.0468723773956299,16.46691131591797,2.3920345306396484,0.44645628333091736,0.0,0.0,nan,nan,0.0,0.0,0.3486169179280599,0.3230768144130707,2.4322916666666665,0.3486169179280599,0.022954461475213368,0.021545708179473877
294,0.38065761500001827,3.185664,2.6005401611328125,-0.04388608783483505,0.12227708846330643,nan,0.20868465304374695,0.0,0.08818968385457993,0.0006900676526129246,0.0625,1.1874072551727295,17.300216674804688,2.4146790504455566,0.44645628333091736,0.0,0.0,nan,nan,0.0,0.0,0.34618886311848956,0.3234485685825348,2.359375,0.34618886311848956,0.022955581545829773,0.021347079426050186
295,0.3860482729999717,3.185664,2.4441030025482178,-0.05061013251543045,0.11834753304719925,nan,0.19114643335342407,0.0,0.10268716514110565,0.0021489416249096394,0.0625,1.4064878225326538,17.892253875732422,2.4558844566345215,0.44645628333091736,0.0,0.0,nan,nan,0.0,0.0,0.3433007796605428,0.307765930891037,2.3463541666666665,0.3433007796605428,0.022960439324378967,0.021161533892154694
296,0.3883303520000254,3.185664,2.3145062923431396,-0.0798855721950531,0.1462237685918808,nan,0.1781635731458664,0.0,0.09733794629573822,0.0022505070082843304,0.0494791679084301,1.2953768968582153,17.234588623046875,2.5112054347991943,0.44526776671409607,1.0,0.0,nan,nan,0.0,1.0,0.341985543568929,0.29365941882133484,2.1901041666666665,0.341985543568929,0.02308070659637451,0.021076153963804245
297,0.39208142199998974,3.185664,2.2316694259643555,-0.11002728343009949,0.20529182255268097,nan,0.17081567645072937,0.0,0.0864710733294487,0.0001116056737373583,0.0625,1.1556816101074219,15.920299530029297,2.5734081268310547,0.4440792202949524,0.0,0.0,nan,nan,0.0,0.0,0.34188489119211835,0.29797717928886414,2.0833333333333335,0.34188489119211835,0.023080254594484966,0.021829068660736084
298,0.3958083859999988,3.185664,2.233806848526001,-0.11559208482503891,0.262572318315506,nan,0.169483944773674,0.0,0.09771180152893066,0.0006096902070567012,0.0625,1.3295682668685913,15.881564140319824,2.6376476287841797,0.4440792202949524,0.0,0.0,nan,nan,0.0,0.0,0.3399169445037842,0.297333300113678,2.0,0.3399169445037842,0.02310967942078908,0.021720901131629944
299,0.3954637329999855,3.185664,2.270009756088257,-0.11205942928791046,0.32107365131378174,nan,0.17172524333000183,0.0,0.11080029606819153,0.0018456436228007078,0.140625,1.4606692790985107,16.65420913696289,2.6990108489990234,0.4440792202949524,0.0,0.0,nan,nan,0.0,0.0,0.3380645116170247,0.3007853627204895,2.1067708333333335,0.3380645116170247,0.02308899660905202,0.021588478237390518
300,0.3965704500000129,3.185664,2.2899835109710693,-0.10962416231632233,0.09228058159351349,nan,0.17361152172088623,0.0,0.09941665828227997,0.0015212867874652147,0.1458333432674408,1.4551475048065186,17.387683868408203,2.6868700981140137,0.44033074378967285,1.0,0.0,nan,nan,0.0,1.0,0.3381794293721517,0.3081052899360657,2.3020833333333335,0.3381794293721517,0.023177919288476307,0.021540917456150055
301,0.3983530330000349,3.185664,2.326547145843506,-0.10137484967708588,0.10854288190603256,nan,0.1773320734500885,0.0,0.10153673589229584,0.0018173310672864318,0.125,1.4563281536102295,17.32787322998047,2.697080135345459,0.4384564757347107,0.0,0.0,nan,nan,0.0,0.0,0.33820374806722003,0.29998016357421875,2.4270833333333335,0.33820374806722003,0.023121632635593414,0.021825410425662994
302,0.40048911799999587,3.185664,2.525099039077759,-0.08305724710226059,0.1075100526213646,nan,0.19898054003715515,0.0,0.09462331235408783,0.002073635347187519,0.0911458358168602,1.2922247648239136,16.25328254699707,2.6700620651245117,0.4296381175518036,1.0,0.0,nan,nan,0.0,1.0,0.3386301596959432,0.29099613428115845,2.2760416666666665,0.3386301596959432,0.023200775186220806,0.021792493760585785
303,0.39796225599997115,3.185664,2.6683473587036133,-0.06743447482585907,0.1487862467765808,nan,0.21439990401268005,0.0,0.08998478949069977,0.0017427371349185705,0.125,1.3324393033981323,15.07214641571045,2.6459102630615234,0.42333924770355225,0.0,0.0,nan,nan,0.0,0.0,0.339236577351888,0.28121572732925415,2.4348958333333335,0.339236577351888,0.023153580725193024,0.022610828280448914
304,0.39457055700000865,3.185664,2.8877007961273193,-0.061454154551029205,0.1273270845413208,nan,0.2377910614013672,0.0,0.07643786817789078,0.001087737618945539,0.0833333358168602,1.354085922241211,14.905722618103027,2.6034812927246094,0.4082704484462738,1.0,0.0,nan,nan,0.0,1.0,0.3418399492899577,0.27765679359436035,2.4166666666666665,0.3418399492899577,0.02315782755613327,0.022556476294994354
305,0.39409627599997066,3.185664,2.7563998699188232,-0.07015861570835114,0.20497259497642517,nan,0.22490577399730682,0.0,0.07536402344703674,0.0005885742139071226,0.109375,1.5361127853393555,15.575788497924805,2.5773587226867676,0.4007360339164734,0.0,0.0,nan,nan,0.0,0.0,0.3432987928390503,0.30172696709632874,2.5182291666666665,0.3432987928390503,0.023074691494305927,0.022554967552423477
306,0.3949037950000047,3.185664,2.9538090229034424,-0.05879116803407669,0.19675558805465698,nan,0.2438707798719406,0.0,0.08410321176052094,0.00162120524328202,0.1119791716337204,1.7563772201538086,15.520354270935059,2.5450005531311035,0.39085620641708374,1.0,0.0,nan,nan,0.0,1.0,0.34301865100860596,0.30607688426971436,2.3463541666666665,0.34301865100860596,0.023122156659762066,0.022545121610164642
307,0.3907825480000042,3.185664,3.310527801513672,-0.03674401342868805,0.274828165769577,nan,0.2813922166824341,0.0,0.0686478391289711,0.0009767322335392237,0.0911458358168602,1.2524349689483643,15.655492782592773,2.446122646331787,0.3533129096031189,0.0,0.0,nan,nan,0.0,0.0,0.34304237365722656,0.31701910495758057,2.2994791666666665,0.34304237365722656,0.023072294890880585,0.022631019353866577
308,0.38800011699999004,3.185664,3.3459298610687256,-0.043230436742305756,0.17626360058784485,nan,0.28570669889450073,0.0,0.06357280910015106,0.0012995711294934154,0.0963541716337204,1.1358842849731445,15.33642578125,2.4017539024353027,0.36174529790878296,1.0,0.0,nan,nan,0.0,1.0,0.34172725677490234,0.32373374700546265,2.1848958333333335,0.34172725677490234,0.023126251995563507,0.022555239498615265
309,0.38404940700002044,3.185664,3.181565046310425,-0.05281762778759003,0.1703891158103943,nan,0.2717190682888031,0.0,0.04976465925574303,0.0004573935584630817,0.0625,0.9793116450309753,14.7916259765625,2.3276684284210205,0.37171077728271484,0.0,0.0,nan,nan,0.0,0.0,0.340500275293986,0.3193419277667999,2.3776041666666665,0.340500275293986,0.023037515580654144,0.022452473640441895
310,0.38480404799997814,3.185664,2.8544652462005615,-0.05716701224446297,0.25900760293006897,nan,0.23900079727172852,0.0,0.05470401793718338,0.0008185220649465919,0.0625,1.138927936553955,13.604000091552734,2.3010077476501465,0.37171077728271484,0.0,0.0,nan,nan,0.0,0.0,0.3388734658559163,0.3124869465827942,2.3619791666666665,0.3388734658559163,0.022994826237360638,0.02226795256137848
311,0.3868582270000047,3.185664,2.6713287830352783,-0.06338900327682495,0.22269241511821747,nan,0.22148267924785614,0.0,0.060508858412504196,0.0013355917762964964,0.0625,1.5673367977142334,13.531054496765137,2.255340099334717,0.37171077728271484,0.0,0.0,nan,nan,0.0,0.0,0.3372731606165568,0.3014659881591797,2.4817708333333335,0.3372731606165568,0.02296420435110728,0.02213665097951889
312,0.38338139699999374,3.185664,2.4315004348754883,-0.05952855944633484,0.09523215144872665,nan,0.1972467601299286,0.0,0.05566973239183426,0.0013339451979845762,0.0364583358168602,1.6218323707580566,13.597915649414062,2.206498384475708,0.3881993293762207,1.0,0.0,nan,nan,0.0,1.0,0.3370373646418254,0.29228848218917847,2.6015625,0.3370373646418254,0.023000463843345642,0.021995730698108673
313,0.3810163379999949,3.185664,2.1999683380126953,-0.052746545523405075,0.14564856886863708,nan,0.17559152841567993,0.0,0.04560959339141846,0.0,0.0,1.1644495725631714,13.037351608276367,2.1621508598327637,0.4112832546234131,0.0,0.0,nan,nan,0.0,0.0,0.3384088675181071,0.30295494198799133,2.5390625,0.3384088675181071,0.02295810729265213,0.021844707429409027
314,0.38938106500000913,3.185664,2.1422526836395264,-0.055638596415519714,0.18253196775913239,nan,0.16928935050964355,0.0,0.05953710526227951,0.0,0.0,1.1390295028686523,12.931330680847168,2.140439510345459,0.4112832546234131,0.0,0.0,nan,nan,0.0,0.0,0.3385615348815918,0.2994028329849243,2.234375,0.3385615348815918,0.022959021230538685,0.02168835699558258
315,0.3889152060000356,3.185664,2.0545270442962646,-0.058455199003219604,0.196990504860878,nan,0.1595296710729599,0.0,0.07362894713878632,0.0,0.0,1.3610891103744507,13.456202507019043,2.132946491241455,0.4112832546234131,0.0,0.0,nan,nan,0.0,0.0,0.3384695053100586,0.29637134075164795,2.4010416666666665,0.3384695053100586,0.02295105904340744,0.021527014672756195
316,0.38561640300002864,3.185664,2.002937078475952,-0.054938510060310364,0.23519475758075714,nan,0.15334823727607727,0.0,0.08807553350925446,0.0,0.0,1.4162752628326416,13.639625549316406,2.131282091140747,0.4112832546234131,0.0,0.0,nan,nan,0.0,0.0,0.33807043234507245,0.29411566257476807,2.3645833333333335,0.33807043234507245,0.022931573291619618,0.021347083151340485
317,0.38427735599998414,3.185664,2.065638303756714,-0.043092723935842514,0.26668158173561096,nan,0.15784481167793274,0.0,0.10322530567646027,5.4461077525047585e-05,0.0833333358168602,1.651434302330017,14.964765548706055,2.1330838203430176,0.4112832546234131,0.0,0.0,nan,nan,0.0,0.0,0.3368905385335286,0.2916334867477417,2.1901041666666665,0.3368905385335286,0.022931245466073353,0.021140247583389282
318,0.3881246489999626,3.185664,2.240072727203369,-0.028465334326028824,0.2117123305797577,nan,0.17116031050682068,0.0,0.12037990987300873,0.0007216266239993274,0.1692708432674408,2.1996893882751465,16.901811599731445,2.132542610168457,0.4112832546234131,0.0,0.0,nan,nan,0.0,0.0,0.3351095914840698,0.2857826352119446,2.0859375,0.3351095914840698,0.02290387948354085,0.0209105983376503
319,0.39211569399998325,3.185664,2.4862399101257324,-0.01236971840262413,0.2926398515701294,nan,0.19351530075073242,0.0,0.14481794834136963,0.003127127652987838,0.2239583432674408,2.503911018371582,18.430179595947266,2.1249618530273438,0.4112832546234131,0.0,0.0,nan,nan,0.0,0.0,0.3320663372675578,0.27140477299690247,2.2864583333333335,0.3320663372675578,0.02284714827934901,0.020703252404928207
320,0.39563530300000593,3.185664,3.0668561458587646,-0.053890593349933624,0.33913540840148926,nan,0.24796223640441895,0.0,0.1743975579738617,0.00916062667965889,0.3098958432674408,2.643183708190918,19.869300842285156,2.109654426574707,0.4117856025695801,1.0,0.0,nan,nan,0.0,1.0,0.329192856947581,0.2709752023220062,2.2838541666666665,0.329192856947581,0.02282888690630595,0.020682282745838165
321,0.38398518899998635,3.185664,2.8297457695007324,-0.07231061160564423,0.18480569124221802,nan,0.2300693392753601,0.0,0.10581472516059875,0.002957174088805914,0.1822916716337204,1.7112220525741577,18.47182273864746,2.0161993503570557,0.4418993890285492,2.0,0.0,nan,nan,0.0,2.0,0.3362765312194824,0.27640771865844727,2.3020833333333335,0.3362765312194824,0.02315445492664973,0.021143920719623566
322,0.3837991949999946,3.185664,2.835110902786255,-0.062147028744220734,0.1855192333459854,nan,0.233833909034729,0.0,0.0828847587108612,0.0028457154985517263,0.125,1.7065891027450562,16.677425384521484,1.9635494947433472,0.47547048330307007,0.0,0.0,nan,nan,0.0,0.0,0.3394610484441121,0.28630322217941284,2.3151041666666665,0.3394610484441121,0.02298132578531901,0.021533772349357605
323,0.37629520299998376,3.185664,2.5343260765075684,-0.03169531747698784,0.18274663388729095,nan,0.20991083979606628,0.0,0.05518929287791252,0.0025635631754994392,0.0651041716337204,1.5544027090072632,15.598814010620117,1.9033937454223633,0.47930678725242615,1.0,0.0,nan,nan,0.0,1.0,0.34080032507578534,0.27664437890052795,2.25,0.34080032507578534,0.023028291761875153,0.021371621638536453
324,0.38806930699996656,3.185664,2.639542579650879,-0.03793676197528839,0.23688386380672455,nan,0.22290430963039398,0.0,0.02699357643723488,0.0007820399478077888,0.01302083395421505,1.5420100688934326,15.024971008300781,1.8484985828399658,0.4443209171295166,1.0,0.0,nan,nan,0.0,1.0,0.3445724646250407,0.27374905347824097,2.6145833333333335,0.3445724646250407,0.02310723066329956,0.021339088678359985
325,0.3840370300000018,3.185664,2.5771539211273193,-0.024086151272058487,0.1556699126958847,nan,0.21852025389671326,0.0,0.024810656905174255,0.0,0.0,1.3336623907089233,13.676856994628906,1.8197331428527832,0.4350702166557312,0.0,0.0,nan,nan,0.0,0.0,0.3461416959762573,0.3069182336330414,2.5494791666666665,0.3461416959762573,0.023034808536370594,0.02224399894475937
326,0.38420111099998167,3.185664,2.6792244911193848,0.001967386342585087,0.27881595492362976,nan,0.2296363115310669,0.0,0.03408876806497574,0.0,0.0,1.1241590976715088,12.17288589477539,1.8224233388900757,0.4350702166557312,0.0,0.0,nan,nan,0.0,0.0,0.3461687167485555,0.29248422384262085,2.5651041666666665,0.3461687167485555,0.02298755943775177,0.021536104381084442
327,0.3842184530000168,3.185664,2.8332090377807617,0.019840039312839508,0.3005058467388153,nan,0.24470457434654236,0.0,0.04217716306447983,0.0,0.0,1.0087389945983887,11.670270919799805,1.8486709594726562,0.4350702166557312,0.0,0.0,nan,nan,0.0,0.0,0.34565921624501544,0.28560370206832886,2.515625,0.34565921624501544,0.0229264497756958,0.02145252376794815
328,0.3846839999999929,3.185664,2.812760591506958,0.015206187032163143,0.23216359317302704,nan,0.24208438396453857,0.0,0.04886920377612114,0.0,0.0,1.1027798652648926,11.833126068115234,1.8843536376953125,0.4350702166557312,0.0,0.0,nan,nan,0.0,0.0,0.34416882197062176,0.28501302003860474,2.359375,0.34416882197062176,0.02290967106819153,0.02142733335494995
329,0.3842888189999485,3.185664,2.697387933731079,0.0023833047598600388,0.22395744919776917,nan,0.22924476861953735,0.0,0.054202329367399216,0.0,0.0,1.3330466747283936,12.856439590454102,1.9220794439315796,0.4350702166557312,0.0,0.0,nan,nan,0.0,0.0,0.34194064140319824,0.28589925169944763,2.234375,0.34194064140319824,0.02289443463087082,0.02142779529094696
330,0.38334220199999436,3.185664,2.5885560512542725,-0.014256265014410019,0.19533340632915497,nan,0.2157784104347229,0.0,0.06079673767089844,7.270784294632904e-07,0.0546875,1.3186925649642944,14.161784172058105,1.9579126834869385,0.4350702166557312,0.0,0.0,nan,nan,0.0,0.0,0.3395042022069295,0.29052141308784485,2.2604166666666665,0.3395042022069295,0.022881982227166493,0.021455004811286926
331,0.3863641049999842,3.185664,2.569016456604004,-0.023183802142739296,0.3796984553337097,nan,0.21126240491867065,0.0,0.06986445188522339,2.489896724000573e-05,0.0625,1.3813345432281494,15.054460525512695,1.9908463954925537,0.4350702166557312,0.0,0.0,nan,nan,0.0,0.0,0.336961309115092,0.29666146636009216,2.4036458333333335,0.336961309115092,0.022870078682899475,0.021507173776626587
332,0.3883825710000224,3.185664,2.5951948165893555,-0.027438312768936157,0.1639314442873001,nan,0.21216994524002075,0.0,0.08137793838977814,0.00014029676094651222,0.0807291716337204,1.2479530572891235,15.865203857421875,2.015920400619507,0.4350702166557312,0.0,0.0,nan,nan,0.0,0.0,0.33501672744750977,0.2992111146450043,2.4270833333333335,0.33501672744750977,0.022857892016569775,0.02156490832567215
333,0.38801303100001405,3.185664,2.612879514694214,-0.02478034608066082,0.18455743789672852,nan,0.21169587969779968,0.0,0.09567819535732269,0.0006228817510418594,0.1875,1.2698554992675781,16.468505859375,2.027113199234009,0.4350702166557312,0.0,0.0,nan,nan,0.0,0.0,0.33475708961486816,0.29438674449920654,2.4166666666666665,0.33475708961486816,0.02285926292339961,0.021430321037769318
334,0.3940919400000098,3.185664,2.6729466915130615,-0.0073162466287612915,0.1767175942659378,nan,0.21653196215629578,0.0,0.11281195282936096,0.0021806852892041206,0.1875,1.4826610088348389,17.286361694335938,2.022796392440796,0.4350702166557312,0.0,0.0,nan,nan,0.0,0.0,0.33585886160532635,0.2909339666366577,2.25,0.33585886160532635,0.02288167178630829,0.021283939480781555
335,0.39853873999999223,3.185664,2.7111284732818604,0.012736119329929352,0.17643412947654724,nan,0.22145435214042664,0.0,0.11690954864025116,0.004045935347676277,0.1640625,1.5840038061141968,17.509809494018555,2.008610248565674,0.4219509959220886,1.0,0.0,nan,nan,0.0,1.0,0.3381017843882243,0.2813207805156708,2.3125,0.3381017843882243,0.0230436772108078,0.02111981064081192
336,0.3882216850000191,3.185664,2.7085564136505127,-0.015409914776682854,0.13802333176136017,nan,0.22289900481700897,0.0,0.10695352405309677,0.004931829869747162,0.1223958358168602,1.4571568965911865,16.816299438476562,1.9915518760681152,0.4017680585384369,1.0,0.0,nan,nan,0.0,1.0,0.34083664417266846,0.27287405729293823,2.3229166666666665,0.34083664417266846,0.022785859803358715,0.02098681777715683
337,0.378549688000021,3.185664,2.8902177810668945,-0.04989190399646759,0.1742001175880432,nan,0.24227933585643768,0.0,0.0835615023970604,0.005279841832816601,0.0625,1.2429146766662598,16.636764526367188,1.9757336378097534,0.44046518206596375,0.0,0.0,nan,nan,0.0,0.0,0.34498218695322674,0.27796608209609985,2.2291666666666665,0.34498218695322674,0.022866033017635345,0.020951174199581146
338,0.37003363899998476,3.185664,2.345616102218628,-0.06888075172901154,0.15023469924926758,nan,0.19010303914546967,0.0,0.059376060962677,0.002139562275260687,0.0182291679084301,0.9026481509208679,16.839508056640625,1.9281110763549805,0.44964975118637085,1.0,0.0,nan,nan,0.0,1.0,0.34844855467478436,0.2805759012699127,2.3307291666666665,0.34844855467478436,0.022968436280886333,0.02093983069062233
339,0.3735248790000014,3.185664,2.111741065979004,-0.07834447175264359,0.1774074286222458,nan,0.168355792760849,0.0,0.05012507736682892,0.0,0.0,0.706246554851532,16.329795837402344,1.9032167196273804,0.4534316062927246,0.0,0.0,nan,nan,0.0,0.0,0.3489711284637451,0.3320939242839813,2.3125,0.3489711284637451,0.02295868843793869,0.022257685661315918
340,0.3746120320000159,3.185664,2.076125144958496,-0.07984703779220581,0.1759406328201294,nan,0.16462303698062897,0.0,0.05350838229060173,0.0,0.0,0.7956506609916687,15.935016632080078,1.9103877544403076,0.4534316062927246,0.0,0.0,nan,nan,0.0,0.0,0.34763383865356445,0.32379117608070374,2.3177083333333335,0.34763383865356445,0.02295387287934621,0.022186696529388428
341,0.3739572740000199,3.185664,1.9667013883590698,-0.08493378013372421,0.19938592612743378,nan,0.15435756742954254,0.0,0.056582968682050705,1.0946289421553956e-06,0.0260416679084301,0.8416652083396912,15.565757751464844,1.933570384979248,0.4534316062927246,0.0,0.0,nan,nan,0.0,0.0,0.3461047013600667,0.3181425631046295,2.2526041666666665,0.3461047013600667,0.02298850069443385,0.022163040935993195
342,0.37699139899996226,3.185664,1.8939889669418335,-0.08636599779129028,0.13742278516292572,nan,0.1467839628458023,0.0,0.05981432646512985,5.286329542286694e-05,0.0625,0.9847674369812012,15.099042892456055,1.9622482061386108,0.4534316062927246,0.0,0.0,nan,nan,0.0,0.0,0.34446104367574054,0.3148987293243408,2.1692708333333335,0.34446104367574054,0.02299616237481435,0.022084727883338928
343,0.3819526439999663,3.185664,1.853036880493164,-0.07881096005439758,0.11251185834407806,nan,0.14251333475112915,0.0,0.06417449563741684,0.0003237759810872376,0.0625,1.1874539852142334,14.433086395263672,1.9930236339569092,0.4534316062927246,0.0,0.0,nan,nan,0.0,0.0,0.34198546409606934,0.31082576513290405,2.34375,0.34198546409606934,0.022988828519980114,0.021955318748950958
344,0.3831727279999768,3.185664,1.9210697412490845,-0.06342591345310211,0.11695132404565811,nan,0.14766746759414673,0.0,0.0702926442027092,0.001216992037370801,0.0625,1.4066407680511475,14.499637603759766,2.0230088233947754,0.4534316062927246,0.0,0.0,nan,nan,0.0,0.0,0.3394316037495931,0.3037439286708832,2.3307291666666665,0.3394316037495931,0.0229705348610878,0.02182147651910782
345,0.3768736239999839,3.185664,2.159510612487793,-0.025139249861240387,0.09592420607805252,nan,0.17254075407981873,0.0,0.04862383008003235,0.0006033246754668653,0.015625,0.9706162214279175,14.396373748779297,2.0443131923675537,0.46345555782318115,1.0,0.0,nan,nan,0.0,1.0,0.33853089809417725,0.2936944365501404,2.5625,0.33853089809417725,0.02300165593624115,0.02169155329465866
346,0.3790749640000399,3.185664,2.343745470046997,0.015777764841914177,0.1801884025335312,nan,0.1916365623474121,0.0,0.04252910241484642,0.0,0.0,0.8380002975463867,14.048144340515137,2.050243854522705,0.4667968451976776,0.0,0.0,nan,nan,0.0,0.0,0.33831310272216797,0.2851983606815338,2.5,0.33831310272216797,0.022932440042495728,0.02155112475156784
347,0.3753655419999973,3.185664,2.5580153465270996,0.04879957437515259,0.2406240999698639,nan,0.21284882724285126,0.0,0.04751778766512871,5.022327968617901e-06,0.03125,1.0778684616088867,14.11719036102295,2.042499303817749,0.4667968451976776,0.0,0.0,nan,nan,0.0,0.0,0.33819512526194256,0.27926105260849,2.3255208333333335,0.33819512526194256,0.022916637361049652,0.021391749382019043
348,0.37605992800001786,3.185664,2.6511924266815186,0.066844642162323,0.30868276953697205,nan,0.22178542613983154,0.0,0.05511319637298584,0.00019042560597881675,0.0625,1.2342112064361572,13.9967041015625,2.0301151275634766,0.4667968451976776,0.0,0.0,nan,nan,0.0,0.0,0.3373994429906209,0.2709442675113678,2.3723958333333335,0.3373994429906209,0.022887577613194782,0.021223418414592743
349,0.3771162300000128,3.185664,2.7447047233581543,0.07887566834688187,0.17673934996128082,nan,0.2299090325832367,0.0,0.06551472842693329,0.0011617932468652725,0.0625,1.4592177867889404,14.373115539550781,2.021738290786743,0.4667968451976776,0.0,0.0,nan,nan,0.0,0.0,0.3356747627258301,0.25478219985961914,2.4322916666666665,0.3356747627258301,0.022825499375661213,0.021064501255750656
350,0.3802118069999665,3.185664,2.779290199279785,0.0704934149980545,0.11986438930034637,nan,0.23168717324733734,0.0,0.07251116633415222,0.003326504258438945,0.0546875,1.6044950485229492,15.113037109375,1.9823940992355347,0.468608558177948,1.0,0.0,nan,nan,0.0,1.0,0.3338812589645386,0.23596341907978058,2.2682291666666665,0.3338812589645386,0.02288256585597992,0.020962528884410858
351,0.3722790300000156,3.185664,2.4161791801452637,0.02170010283589363,0.15507672727108002,nan,0.20299381017684937,0.0,0.04079946503043175,0.0,0.0,0.991715133190155,13.585052490234375,1.6877281665802002,0.4812905192375183,0.0,0.0,nan,nan,0.0,0.0,0.33725976943969727,0.28705528378486633,2.5703125,0.33725976943969727,0.022992899020512898,0.021323375403881073
352,0.37371582700001227,3.185664,2.2951717376708984,0.0003843624144792557,0.13479122519493103,nan,0.19000594317913055,0.0,0.04694822430610657,0.0,0.0,1.0692150592803955,13.825461387634277,1.6733500957489014,0.4812905192375183,0.0,0.0,nan,nan,0.0,0.0,0.3351329565048218,0.27836179733276367,2.6640625,0.3351329565048218,0.02287266155083974,0.021145887672901154
353,0.3792964030000121,3.185664,2.2097949981689453,-0.01697533205151558,0.12056306004524231,nan,0.180733785033226,0.0,0.05622568726539612,0.0,0.0,1.361936092376709,14.09241771697998,1.6785507202148438,0.4812905192375183,0.0,0.0,nan,nan,0.0,0.0,0.3343704144159953,0.27184808254241943,2.5260416666666665,0.3343704144159953,0.022850101192792256,0.020959094166755676
354,0.38180748599995695,3.185664,2.144719123840332,-0.03889351710677147,0.1171216145157814,nan,0.17314402759075165,0.0,0.07004287838935852,0.00010395968274679035,0.0494791679084301,1.5683610439300537,14.538093566894531,1.697062373161316,0.4812905192375183,0.0,0.0,nan,nan,0.0,0.0,0.3344348669052124,0.2667526602745056,2.53125,0.3344348669052124,0.02283746749162674,0.02077697217464447
355,0.3810020070000064,3.185664,2.1621289253234863,-0.08923426270484924,0.13733705878257751,nan,0.17385005950927734,0.0,0.08471740782260895,0.0007607880397699773,0.0625,1.0319808721542358,14.861898422241211,1.719963788986206,0.4812905192375183,0.0,0.0,nan,nan,0.0,0.0,0.3356163501739502,0.26981285214424133,2.2890625,0.3356163501739502,0.022833292682965595,0.020732857286930084
356,0.3821287069999926,3.185664,2.0156962871551514,-0.08467789739370346,0.16060571372509003,nan,0.1589086949825287,0.0,0.09787111729383469,0.0020588289480656385,0.0625,0.9601277112960815,14.687034606933594,1.7440780401229858,0.4812905192375183,0.0,0.0,nan,nan,0.0,0.0,0.33620838324228924,0.2922213673591614,2.2682291666666665,0.33620838324228924,0.022843259076277416,0.02069266140460968
357,0.3820227530000011,3.185664,2.045928955078125,-0.08383309841156006,0.1433107852935791,nan,0.16225306689739227,0.0,0.10900473594665527,0.0040385848842561245,0.125,0.963683009147644,14.354940414428711,1.7686474323272705,0.4812905192375183,0.0,0.0,nan,nan,0.0,0.0,0.33511753877003986,0.29615890979766846,2.2421875,0.33511753877003986,0.022857844829559326,0.020669415593147278
358,0.3832630439999889,3.185664,2.103940963745117,-0.0748184472322464,0.1459139585494995,nan,0.16693000495433807,0.0,0.11949139833450317,0.006419629789888859,0.1510416716337204,1.1031553745269775,13.666529655456543,1.7930301427841187,0.4812905192375183,0.0,0.0,nan,nan,0.0,0.0,0.33315199613571167,0.2933867573738098,2.3854166666666665,0.33315199613571167,0.022848625977834065,0.0206591933965683
359,0.3857431509999856,3.185664,2.163172960281372,-0.07738832384347916,0.2006286084651947,nan,0.1715240329504013,0.0,0.13165538012981415,0.009430577978491783,0.1875,1.2173871994018555,13.502141952514648,1.8112807273864746,0.4812905192375183,0.0,0.0,nan,nan,0.0,0.0,0.3312932848930359,0.29117533564567566,2.4375,0.3312932848930359,0.02283410479625066,0.0206582173705101
360,0.37811272499999404,3.185664,2.173017740249634,-0.08203408122062683,0.15996621549129486,nan,0.17515656352043152,0.0,0.10833936184644699,0.005146194249391556,0.1640625,1.3410619497299194,13.354978561401367,1.8124173879623413,0.47474944591522217,1.0,0.0,nan,nan,0.0,1.0,0.33270033200581867,0.29112324118614197,2.3046875,0.33270033200581867,0.022994622588157654,0.020665127784013748
361,0.38377394600001935,3.185664,2.4056382179260254,-0.09079765528440475,0.18527550995349884,nan,0.19953691959381104,0.0,0.08381753414869308,0.0030729833524674177,0.1510416716337204,1.5723671913146973,13.242820739746094,1.8092421293258667,0.48345404863357544,1.0,0.0,nan,nan,0.0,1.0,0.33584543069203693,0.28694045543670654,2.2604166666666665,0.33584543069203693,0.02306209256251653,0.02165626361966133
362,0.3749911060000386,3.185664,3.1813907623291016,-0.10713066905736923,0.19891725480556488,nan,0.2787044644355774,0.0,0.045278988778591156,0.0012317320797592402,0.078125,1.5058772563934326,13.834081649780273,1.80055570602417,0.49880415201187134,1.0,0.0,nan,nan,0.0,1.0,0.34026094277699787,0.28517353534698486,2.4661458333333335,0.34026094277699787,0.02314072847366333,0.021630626171827316
363,0.3810269909999988,3.185664,3.1253743171691895,-0.12123662978410721,0.2637188732624054,nan,0.2739280164241791,0.0,0.04231691360473633,0.0013672695495188236,0.0625,1.576014518737793,13.173866271972656,1.7891881465911865,0.5012070536613464,0.0,0.0,nan,nan,0.0,0.0,0.3411480188369751,0.32006675004959106,2.5703125,0.3411480188369751,0.023102842271327972,0.02216113731265068
364,0.3741463609999869,3.185664,2.856368064880371,-0.12140902876853943,0.2749288082122803,nan,0.25198599696159363,0.0,0.017020326107740402,0.00044630904449149966,0.010416666977107525,1.120927095413208,11.755290985107422,1.622029185295105,0.49797147512435913,1.0,0.0,nan,nan,0.0,1.0,0.3426785071690877,0.3186555504798889,2.5651041666666665,0.3426785071690877,0.0232282355427742,0.022155240178108215
365,0.37311691000002156,3.185664,2.6562914848327637,-0.1237591877579689,0.25886207818984985,nan,0.23377880454063416,0.0,0.012033076956868172,0.0,0.0,1.1352512836456299,10.297846794128418,1.6022467613220215,0.4973243176937103,0.0,0.0,nan,nan,0.0,0.0,0.34224267800649005,0.3192712366580963,2.6822916666666665,0.34224267800649005,0.023176684975624084,0.022888213396072388
366,0.37469563899998093,3.185664,2.426025390625,-0.12305735796689987,0.1601782888174057,nan,0.21170887351036072,0.0,0.013347437605261803,0.0,0.0,1.0284614562988281,9.521759033203125,1.6337608098983765,0.4973243176937103,0.0,0.0,nan,nan,0.0,0.0,0.34001994132995605,0.31723591685295105,2.7005208333333335,0.34001994132995605,0.023152674237887066,0.022793404757976532
367,0.37575013700001136,3.185664,2.239840030670166,-0.13627296686172485,0.2640179693698883,nan,0.1928424835205078,0.0,0.014493371360003948,0.0,0.0,0.8868570327758789,9.429975509643555,1.6747878789901733,0.4973243176937103,0.0,0.0,nan,nan,0.0,0.0,0.33770938714345294,0.3174382746219635,2.6458333333333335,0.33770938714345294,0.023132115602493286,0.022734031081199646
368,0.376016844999981,3.185664,2.2449347972869873,-0.14493797719478607,0.289497047662735,nan,0.19289934635162354,0.0,0.016072724014520645,0.0,0.0,0.90362948179245,9.203208923339844,1.716064691543579,0.4973243176937103,0.0,0.0,nan,nan,0.0,0.0,0.3366422653198242,0.3221505582332611,2.65625,0.3366422653198242,0.023128462334473927,0.022731050848960876
369,0.37555040499995584,3.185664,2.2960638999938965,-0.14664098620414734,0.2435678094625473,nan,0.1969246119260788,0.0,0.01778547279536724,0.0,0.0,1.041684865951538,9.153148651123047,1.7586586475372314,0.4973243176937103,0.0,0.0,nan,nan,0.0,0.0,0.33593177795410156,0.3221573829650879,2.5104166666666665,0.33593177795410156,0.02315756430228551,0.022746719419956207
370,0.3787407240000107,3.185664,2.4764928817749023,-0.13992318511009216,0.30835169553756714,nan,0.21374017000198364,0.0,0.020357536152005196,0.0,0.0,0.9504227638244629,9.642939567565918,1.8033769130706787,0.4973243176937103,0.0,0.0,nan,nan,0.0,0.0,0.33523205916086835,0.3175966739654541,2.546875,0.33523205916086835,0.023215341071287792,0.022789321839809418
371,0.3825430390000406,3.185664,2.5586466789245605,-0.13443279266357422,0.35177305340766907,nan,0.2202375829219818,0.0,0.0247885100543499,0.0,0.0,0.9729687571525574,10.163778305053711,1.8482067584991455,0.4973243176937103,0.0,0.0,nan,nan,0.0,0.0,0.3360972801844279,0.3167060315608978,2.6484375,0.3360972801844279,0.023191086947917938,0.02288707345724106
372,0.3862493940000036,3.185664,2.540501594543457,-0.13647179305553436,0.36893430352211,nan,0.2177213877439499,0.0,0.03005184233188629,0.0,0.0,0.9677974581718445,10.944366455078125,1.888138771057129,0.4973243176937103,0.0,0.0,nan,nan,0.0,0.0,0.3383375406265259,0.3167019486427307,2.7786458333333335,0.3383375406265259,0.023167461156845093,0.022831857204437256
373,0.38080811100002165,3.185664,2.641397714614868,-0.12755250930786133,0.3520050346851349,nan,0.22592298686504364,0.0,0.03614211827516556,0.0,0.0,1.0420305728912354,12.869964599609375,1.9212664365768433,0.4973243176937103,0.0,0.0,nan,nan,0.0,0.0,0.3411272366841634,0.31678804755210876,2.6223958333333335,0.3411272366841634,0.0231453279654185,0.022743739187717438
374,0.3806762869999716,3.185664,2.6211459636688232,-0.12470565736293793,0.3253667652606964,nan,0.22160284221172333,0.0,0.04280685633420944,0.0,0.0,0.9674379229545593,14.720357894897461,1.9501047134399414,0.4973243176937103,0.0,0.0,nan,nan,0.0,0.0,0.34353967507680255,0.3182324171066284,2.59375,0.34353967507680255,0.023118923107783,0.022712543606758118
375,0.3821113959999707,3.185664,2.6098568439483643,-0.122807078063488,0.23831704258918762,nan,0.21851351857185364,0.0,0.04847458004951477,4.427746716828551e-06,0.0390625,1.0035332441329956,15.99573040008545,1.9741299152374268,0.4973243176937103,0.0,0.0,nan,nan,0.0,0.0,0.34418682257334393,0.3254752457141876,2.5078125,0.34418682257334393,0.02310425043106079,0.02266695350408554
376,0.38407892700001867,3.185664,2.5318613052368164,-0.13395771384239197,0.16719096899032593,nan,0.20897746086120605,0.0,0.05417291820049286,7.798911246936768e-05,0.0625,1.0799715518951416,16.8629207611084,1.992140769958496,0.4973243176937103,0.0,0.0,nan,nan,0.0,0.0,0.3426197369893392,0.3218177556991577,2.4270833333333335,0.3426197369893392,0.023100048303604126,0.022636771202087402
377,0.3822318410000207,3.185664,2.4216065406799316,-0.15540820360183716,0.36793145537376404,nan,0.1965070217847824,0.0,0.061373256146907806,0.0003227601700928062,0.0625,0.9559652209281921,16.701324462890625,2.009803295135498,0.4973243176937103,0.0,0.0,nan,nan,0.0,0.0,0.34033481280008954,0.3165453374385834,2.6119791666666665,0.34033481280008954,0.023098525901635487,0.022613607347011566
378,0.38170297700003175,3.185664,2.4413280487060547,-0.17080843448638916,0.2724515497684479,nan,0.19591128826141357,0.0,0.07059688866138458,0.0010140761733055115,0.125,1.104899287223816,16.549423217773438,2.0327930450439453,0.4973243176937103,0.0,0.0,nan,nan,0.0,0.0,0.3384202718734741,0.30806249380111694,2.71875,0.3384202718734741,0.023087571064631145,0.02259029448032379
379,0.38301481499996726,3.185664,2.413938522338867,-0.1777065098285675,0.2492029219865799,nan,0.19655583798885345,0.0,0.06462197750806808,0.0014598795678466558,0.0963541716337204,0.9856504201889038,16.022560119628906,2.052422285079956,0.4959688186645508,1.0,0.0,nan,nan,0.0,1.0,0.33807913462320965,0.29751792550086975,2.625,0.33807913462320965,0.023147945602734882,0.022571317851543427
380,0.3824538119999943,3.185664,2.338681221008301,-0.17655912041664124,0.3275129199028015,nan,0.18956908583641052,0.0,0.052211176604032516,0.0013448905665427446,0.0625,1.1284842491149902,15.670858383178711,2.0787816047668457,0.4943668842315674,0.0,0.0,nan,nan,0.0,0.0,0.33941006660461426,0.28455469012260437,2.6484375,0.33941006660461426,0.02311478058497111,0.022573083639144897
381,0.3805493870000305,3.185664,2.045670986175537,-0.1578608602285385,0.24699640274047852,nan,0.16391688585281372,0.0,0.02590244822204113,0.0004390624526422471,0.010416666977107525,0.7668330073356628,13.582807540893555,2.1129212379455566,0.4798465967178345,1.0,0.0,nan,nan,0.0,1.0,0.34324602286020917,0.28188589215278625,2.515625,0.34324602286020917,0.023192455371220905,0.022866904735565186
382,0.3816535430000272,3.185664,1.9425822496414185,-0.1397547572851181,0.21674728393554688,nan,0.15458963811397552,0.0,0.020091498270630836,0.0,0.0,0.7372218370437622,12.411314010620117,2.1551718711853027,0.4769425392150879,0.0,0.0,nan,nan,0.0,0.0,0.3431987365086873,0.31790393590927124,2.4244791666666665,0.3431987365086873,0.023113856712977093,0.022815704345703125
383,0.3783855410000001,3.185664,1.9356683492660522,-0.12103221565485,0.1770877242088318,nan,0.1543397158384323,0.0,0.01975914090871811,0.0,0.0,0.8804416656494141,11.633387565612793,2.203467845916748,0.4769425392150879,0.0,0.0,nan,nan,0.0,0.0,0.3411461114883423,0.3095353841781616,2.5625,0.3411461114883423,0.023111472527186077,0.02279234677553177
384,0.38008753200000456,3.185664,1.8699346780776978,-0.09342806041240692,0.15432225167751312,nan,0.14777690172195435,0.0,0.02036016434431076,0.0,0.0,0.9865806102752686,10.656723976135254,2.2511396408081055,0.4769425392150879,0.0,0.0,nan,nan,0.0,0.0,0.3389359712600708,0.30765360593795776,2.6197916666666665,0.3389359712600708,0.023077115416526794,0.02252904325723648
385,0.37984941499996694,3.185664,1.9171404838562012,-0.048818182200193405,0.13433252274990082,nan,0.15186814963817596,0.0,0.021340273320674896,0.0,0.0,0.8969597816467285,10.295736312866211,2.2925686836242676,0.4769425392150879,0.0,0.0,nan,nan,0.0,0.0,0.3368791341781616,0.30731117725372314,2.6875,0.3368791341781616,0.02302056799332301,0.022431805729866028
386,0.37852572899998904,3.185664,1.9756802320480347,-0.022006075829267502,0.2286408543586731,nan,0.1571989804506302,0.0,0.02231421135365963,0.0,0.0,0.8968369364738464,10.5324125289917,2.3210113048553467,0.4769425392150879,0.0,0.0,nan,nan,0.0,0.0,0.3355839252471924,0.3030506372451782,2.5442708333333335,0.3355839252471924,0.022976281742254894,0.02231398969888687
387,0.3795719720000079,3.185664,2.0347740650177,-0.0114735784009099,0.2541295289993286,nan,0.16233232617378235,0.0,0.022926580160856247,0.0,0.0,0.9489387273788452,10.920268058776855,2.3431193828582764,0.4769425392150879,0.0,0.0,nan,nan,0.0,0.0,0.33517809708913165,0.2974185645580292,2.6953125,0.33517809708913165,0.022951267659664154,0.02216137945652008
388,0.37968300400001453,3.185664,2.0719094276428223,-0.0056264689192175865,0.30007049441337585,nan,0.16544479131698608,0.0,0.023655965924263,0.0,0.0,0.9246625900268555,10.793536186218262,2.362440586090088,0.4769425392150879,0.0,0.0,nan,nan,0.0,0.0,0.3344882329305013,0.2957414388656616,2.6276041666666665,0.3344882329305013,0.02293143669764201,0.022087790071964264
389,0.38213941600002954,3.185664,2.1072659492492676,-0.004019315354526043,0.3400813043117523,nan,0.1684989184141159,0.0,0.02530558407306671,0.0,0.0,0.962314784526825,10.900793075561523,2.381173610687256,0.4769425392150879,0.0,0.0,nan,nan,0.0,0.0,0.3330317735671997,0.2957403063774109,2.7369791666666665,0.3330317735671997,0.022897037367026012,0.022091202437877655
390,0.37470102899999347,3.185664,2.1691527366638184,-0.0061752572655677795,0.36786678433418274,nan,0.17453992366790771,0.0,0.028575381264090538,0.0,0.0,0.745607316493988,10.91842269897461,2.4027981758117676,0.4769425392150879,0.0,0.0,nan,nan,0.0,0.0,0.33156325419743854,0.297189325094223,2.8229166666666665,0.33156325419743854,0.02288243422905604,0.02219679206609726
391,0.3727341510000315,3.185664,2.1889052391052246,-0.015437612310051918,0.26450487971305847,nan,0.17639654874801636,0.0,0.03278137370944023,0.0,0.0,0.501865029335022,10.598522186279297,2.433178424835205,0.4769425392150879,0.0,0.0,nan,nan,0.0,0.0,0.3315707842508952,0.30040502548217773,2.7994791666666665,0.3315707842508952,0.02282605568567912,0.02215072512626648
392,0.3794428639999978,3.185664,2.09621262550354,-0.03666305169463158,0.27488288283348083,nan,0.16592837870121002,0.0,0.03716958686709404,0.0,0.0,0.5312325358390808,10.814582824707031,2.4764769077301025,0.4769425392150879,0.0,0.0,nan,nan,0.0,0.0,0.3338567813237508,0.3048403263092041,2.6536458333333335,0.3338567813237508,0.022789875666300457,0.02200586348772049
393,0.37514042000003656,3.185664,1.9659863710403442,-0.059985898435115814,0.2502124011516571,nan,0.15176457166671753,0.0,0.04174375534057617,0.0,0.0,0.6283538341522217,11.366134643554688,2.5278162956237793,0.4769425392150879,0.0,0.0,nan,nan,0.0,0.0,0.33599801858266193,0.30626019835472107,2.5338541666666665,0.33599801858266193,0.022774356106917065,0.021863073110580444
394,0.37260023100003536,3.185664,1.794416904449463,-0.08752895146608353,0.1956961750984192,nan,0.13351576030254364,0.0,0.04713124781847,0.0,0.0,0.6959711909294128,11.942720413208008,2.5849032402038574,0.4769425392150879,0.0,0.0,nan,nan,0.0,0.0,0.3369211753209432,0.3044079840183258,2.5182291666666665,0.3369211753209432,0.022795220216115315,0.021721869707107544
395,0.3746410740000101,3.185664,1.6764602661132812,-0.11026877164840698,0.17790094017982483,nan,0.12058202922344208,0.0,0.053930722177028656,0.0,0.0,0.8679424524307251,11.982536315917969,2.650423526763916,0.4769425392150879,0.0,0.0,nan,nan,0.0,0.0,0.3371029297510783,0.30433934926986694,2.5104166666666665,0.3371029297510783,0.022827448944250744,0.021576829254627228
396,0.3740058030000455,3.185664,1.5903849601745605,-0.1290079951286316,0.1588733047246933,nan,0.11080580204725266,0.0,0.06230660527944565,0.0,0.0,1.0118355751037598,11.990062713623047,2.726449966430664,0.4769425392150879,0.0,0.0,nan,nan,0.0,0.0,0.33665188153584796,0.30546486377716064,2.7317708333333335,0.33665188153584796,0.022847697138786316,0.02144695818424225
397,0.37963064900003474,3.185664,1.4695754051208496,-0.14850828051567078,0.21747516095638275,nan,0.09739071130752563,0.0,0.07258396595716476,3.329833361931378e-06,0.02083333395421505,1.0628420114517212,12.35290813446045,2.808228015899658,0.4769425392150879,0.0,0.0,nan,nan,0.0,0.0,0.3368561267852783,0.30803605914115906,2.6302083333333335,0.3368561267852783,0.022859429319699604,0.021353915333747864
398,0.38251604300000963,3.185664,1.4540135860443115,-0.16058452427387238,0.1676085889339447,nan,0.09415974467992783,0.0,0.08368635177612305,0.00023666501510888338,0.0859375,1.2430553436279297,12.806102752685547,2.8844451904296875,0.4769425392150879,0.0,0.0,nan,nan,0.0,0.0,0.3375865618387858,0.3048816919326782,2.4322916666666665,0.3375865618387858,0.02291237562894821,0.021187342703342438
399,0.38435245199997325,3.185664,1.5468512773513794,-0.17188996076583862,0.17510519921779633,nan,0.10110525786876678,0.0,0.09532245248556137,0.0013421549228951335,0.125,1.4103851318359375,13.857503890991211,2.9384889602661133,0.4769425392150879,0.0,0.0,nan,nan,0.0,0.0,0.33739805221557617,0.2952510714530945,2.234375,0.33739805221557617,0.02292599280675252,0.021012715995311737
400,0.38590253699999266,3.185664,1.7594202756881714,-0.22302408516407013,0.24266427755355835,nan,0.12094874680042267,0.0,0.10547530651092529,0.0031277898233383894,0.125,1.2000963687896729,14.574813842773438,2.9841480255126953,0.4769425392150879,0.0,0.0,nan,nan,0.0,0.0,0.33673493067423504,0.29557472467422485,2.2552083333333335,0.33673493067423504,0.02294498433669408,0.02094462513923645
401,0.3900227839999957,3.185664,1.8762046098709106,-0.21959373354911804,0.3181621730327606,nan,0.1310097724199295,0.0,0.1150769293308258,0.004932503215968609,0.125,1.5214751958847046,14.912506103515625,3.0214109420776367,0.4769425392150879,0.0,0.0,nan,nan,0.0,0.0,0.3357134262720744,0.3013371527194977,2.4583333333333335,0.3357134262720744,0.022973676522572834,0.02084842324256897
402,0.38107174100002794,3.185664,2.28580379486084,-0.24261066317558289,0.4431508481502533,nan,0.1709803342819214,0.0,0.08635234832763672,0.002111406298354268,0.1223958358168602,1.7078036069869995,16.331233978271484,3.0327911376953125,0.5177087783813477,1.0,0.0,nan,nan,0.0,1.0,0.33568716049194336,0.30164462327957153,2.75,0.33568716049194336,0.023162156343460083,0.020839884877204895
403,0.39213476100002254,3.185664,2.032242774963379,-0.2529881000518799,0.4067792594432831,nan,0.14924530684947968,0.0,0.05942801758646965,0.0005067740567028522,0.0677083358168602,1.1515775918960571,15.814613342285156,2.974931240081787,0.5026769638061523,1.0,0.0,nan,nan,0.0,1.0,0.3373871644337972,0.30571481585502625,2.7604166666666665,0.3373871644337972,0.023225724697113037,0.022050246596336365
404,0.3891056119999803,3.185664,1.9453048706054688,-0.2582876682281494,0.3864075243473053,nan,0.14185288548469543,0.0,0.06626713275909424,0.0009019131539389491,0.0625,0.9392427206039429,13.834139823913574,2.993361234664917,0.5009735822677612,0.0,0.0,nan,nan,0.0,0.0,0.33726660410563153,0.31294775009155273,2.8229166666666665,0.33726660410563153,0.023175763587156933,0.022545311599969864
405,0.3890504910000345,3.185664,1.9793692827224731,-0.23904572427272797,0.3298155665397644,nan,0.14541612565517426,0.0,0.07093892246484756,0.0017325461376458406,0.0546875,0.9088327288627625,12.337081909179688,3.02319598197937,0.49636954069137573,1.0,0.0,nan,nan,0.0,1.0,0.336356520652771,0.3136269152164459,2.625,0.336356520652771,0.023257233202457428,0.022530078887939453
406,0.3963973900000042,3.185664,2.3253090381622314,-0.21102994680404663,0.28727707266807556,nan,0.18370875716209412,0.0,0.042487263679504395,0.0,0.0,0.8509955406188965,11.757902145385742,3.0092010498046875,0.46414148807525635,0.0,0.0,nan,nan,0.0,0.0,0.33545831839243573,0.3138062357902527,2.6171875,0.33545831839243573,0.023282746473948162,0.022723518311977386
407,0.3953415500000119,3.185664,2.106104612350464,-0.1868031919002533,0.4175798296928406,nan,0.16098858416080475,0.0,0.04680256545543671,0.0,0.0,0.7676770687103271,11.59489631652832,3.0576331615448,0.46414148807525635,0.0,0.0,nan,nan,0.0,0.0,0.3336312770843506,0.3086318075656891,2.6302083333333335,0.3336312770843506,0.023241721093654633,0.02248256653547287
408,0.39653268899996874,3.185664,1.898869276046753,-0.16510894894599915,0.17399044334888458,nan,0.13873057067394257,0.0,0.05136580392718315,0.0,0.0,0.8489016890525818,11.856618881225586,3.1048660278320312,0.46414148807525635,0.0,0.0,nan,nan,0.0,0.0,0.33207138379414874,0.30253738164901733,2.6276041666666665,0.33207138379414874,0.023209601640701294,0.022385135293006897
409,0.3992695140000251,3.185664,1.8266313076019287,-0.1460127979516983,0.16822734475135803,nan,0.1309463530778885,0.0,0.05504084751009941,2.2197459657036234e-06,0.0598958358168602,1.0141161680221558,12.256690979003906,3.1240012645721436,0.46414148807525635,0.0,0.0,nan,nan,0.0,0.0,0.33111270268758136,0.2988136112689972,2.5442708333333335,0.33111270268758136,0.023197310666243236,0.02226937562227249
410,0.39765632699999287,3.185664,1.886641263961792,-0.11695347726345062,0.15880213677883148,nan,0.1369035840034485,0.0,0.05876072496175766,1.801695179892704e-05,0.0625,1.1537868976593018,11.642974853515625,3.133415937423706,0.46414148807525635,0.0,0.0,nan,nan,0.0,0.0,0.33056596914927167,0.2983795702457428,2.3072916666666665,0.33056596914927167,0.02319389084974925,0.02214757353067398
411,0.396413549999977,3.185664,2.021087408065796,-0.08425121754407883,0.17619629204273224,nan,0.15028169751167297,0.0,0.06379225105047226,6.0404734540497884e-05,0.0625,1.1064813137054443,10.824065208435059,3.1569325923919678,0.46414148807525635,0.0,0.0,nan,nan,0.0,0.0,0.32999829451243085,0.29847607016563416,2.3567708333333335,0.32999829451243085,0.023363637427488964,0.02203378826379776
412,0.3968406159999631,3.185664,2.3825323581695557,-0.04684048146009445,0.25566327571868896,nan,0.18584319949150085,0.0,0.07085105031728745,0.00018063779862131923,0.0625,0.9461014270782471,10.561064720153809,3.1900463104248047,0.46414148807525635,0.0,0.0,nan,nan,0.0,0.0,0.3300297260284424,0.3010839521884918,2.5208333333333335,0.3300297260284424,0.024006764094034832,0.02193553000688553
413,0.3944641780000211,3.185664,2.7127726078033447,-0.02179011143743992,0.3341222107410431,nan,0.2173534333705902,0.0,0.08145354688167572,0.0005473732016980648,0.0729166716337204,0.9338556528091431,10.872485160827637,3.221055746078491,0.46414148807525635,0.0,0.0,nan,nan,0.0,0.0,0.3312151034673055,0.3023596704006195,2.453125,0.3312151034673055,0.024723850190639496,0.021919965744018555
414,0.3944191159999946,3.185664,3.0168983936309814,-0.004313191864639521,0.2839938700199127,nan,0.2456589639186859,0.0,0.09574862569570541,0.0014468245208263397,0.125,1.2232458591461182,11.016486167907715,3.2460646629333496,0.46414148807525635,0.0,0.0,nan,nan,0.0,0.0,0.3325672547022502,0.29369062185287476,2.4296875,0.3325672547022502,0.024651475250720978,0.021925687789916992
415,0.3930716529999927,3.185664,3.18546462059021,0.0003128461539745331,0.19825710356235504,nan,0.2621159255504608,0.0,0.10562612116336823,0.002583949826657772,0.1119791716337204,1.5156266689300537,11.794024467468262,3.1499671936035156,0.45302900671958923,1.0,0.0,nan,nan,0.0,1.0,0.3336902856826782,0.2866309583187103,2.4322916666666665,0.3336902856826782,0.023526775340239208,0.02192612737417221
416,0.38852938299999096,3.185664,2.8293912410736084,-0.01710280030965805,0.25171908736228943,nan,0.23172599077224731,0.0,0.08876223862171173,0.0014811712317168713,0.125,1.2039613723754883,12.090181350708008,2.737786054611206,0.410801500082016,0.0,0.0,nan,nan,0.0,0.0,0.33481820424397785,0.2795898914337158,2.2942708333333335,0.33481820424397785,0.023312009871006012,0.02187533676624298
417,0.38716800399998874,3.185664,2.9212069511413574,-0.002718331292271614,0.20039308071136475,nan,0.2413051575422287,0.0,0.08079349249601364,0.0017484243726357818,0.09375,1.0291317701339722,12.066336631774902,2.7656917572021484,0.42013832926750183,1.0,0.0,nan,nan,0.0,1.0,0.33467761675516766,0.2714937925338745,2.5963541666666665,0.33467761675516766,0.023176791767279308,0.02170945703983307
418,0.39405332199999066,3.185664,2.592951774597168,0.0003940686583518982,0.3111063539981842,nan,0.20921769738197327,0.0,0.06670981645584106,0.0005125096067786217,0.0625,0.814723014831543,10.884703636169434,2.78971529006958,0.42947518825531006,0.0,0.0,nan,nan,0.0,0.0,0.33369922637939453,0.26227033138275146,2.5911458333333335,0.33369922637939453,0.022948508461316425,0.021526329219341278
419,0.39394245800002636,3.185664,2.110666275024414,0.0008015166968107224,0.2545071542263031,nan,0.16171327233314514,0.0,0.07264798879623413,0.0006645601242780685,0.0729166716337204,0.8730989694595337,10.53182601928711,2.8065593242645264,0.42947518825531006,0.0,0.0,nan,nan,0.0,0.0,0.33155860503514606,0.25271299481391907,2.5260416666666665,0.33155860503514606,0.02290805180867513,0.02131929248571396
420,0.390936556999975,3.185664,1.9243639707565308,0.007965236902236938,0.312905877828598,nan,0.14054343104362488,0.0,0.08004540205001831,0.0007828289526514709,0.125,0.9428393244743347,11.432027816772461,2.8221049308776855,0.42947518825531006,0.0,0.0,nan,nan,0.0,0.0,0.3298940261205037,0.24187849462032318,2.6015625,0.3298940261205037,0.022878790895144146,0.021095022559165955
421,0.39562205900000436,3.185664,2.00007700920105,0.02137656882405281,0.2755809724330902,nan,0.14470332860946655,0.0,0.0926176905632019,0.0018751425668597221,0.125,1.420074462890625,12.983879089355469,2.827993869781494,0.42947518825531006,0.0,0.0,nan,nan,0.0,0.0,0.32794098059336346,0.22472627460956573,2.703125,0.32794098059336346,0.02278878043095271,0.02088461071252823
422,0.4024159169999848,3.185664,2.551989793777466,0.001840893179178238,0.18467357754707336,nan,0.198198601603508,0.0,0.10336979478597641,0.0047945850528776646,0.1119791716337204,1.608219861984253,14.602174758911133,2.8057618141174316,0.4351232051849365,1.0,0.0,nan,nan,0.0,1.0,0.3270628849665324,0.21736155450344086,2.6692708333333335,0.3270628849665324,0.02307714770237605,0.02083006128668785
423,0.3836968420000062,3.185664,2.709639072418213,-0.0007903538644313812,0.11748532950878143,nan,0.21973851323127747,0.0,0.05430672690272331,0.0015599949983879924,0.02083333395421505,1.1895263195037842,14.705645561218262,2.7283904552459717,0.48190873861312866,1.0,0.0,nan,nan,0.0,1.0,0.33627315362294513,0.22697235643863678,2.5546875,0.33627315362294513,0.022926171620686848,0.020822539925575256
424,0.38164380899996786,3.185664,2.530651092529297,0.006846575066447258,0.21047241985797882,nan,0.2016955018043518,0.0,0.04453347250819206,0.0,0.0,1.3061846494674683,14.99140739440918,2.760157585144043,0.494570255279541,0.0,0.0,nan,nan,0.0,0.0,0.3404847780863444,0.28025883436203003,2.4479166666666665,0.3404847780863444,0.022827180723349254,0.021138347685337067
425,0.39108547200004296,3.185664,2.527843475341797,0.015820208936929703,0.2753189206123352,nan,0.19854211807250977,0.0,0.04897044226527214,0.0,0.0,1.4724204540252686,15.481870651245117,2.8047187328338623,0.494570255279541,0.0,0.0,nan,nan,0.0,0.0,0.3408847649892171,0.26332494616508484,2.3177083333333335,0.3408847649892171,0.022812962532043457,0.020900964736938477
426,0.3867780889999608,3.185664,2.5339162349700928,0.020617548376321793,0.19988363981246948,nan,0.1976746916770935,0.0,0.05580364912748337,0.0,0.0,1.9408305883407593,16.025314331054688,2.852424144744873,0.494570255279541,0.0,0.0,nan,nan,0.0,0.0,0.33875370025634766,0.24579834938049316,2.3776041666666665,0.33875370025634766,0.02278223882118861,0.020696967840194702
427,0.39548099799998226,3.185664,2.733515739440918,-0.0016384068876504898,0.24097439646720886,nan,0.21585357189178467,0.0,0.06775175780057907,1.5566949969070265e-06,0.015625,2.0953102111816406,16.83120346069336,2.8735923767089844,0.494570255279541,0.0,0.0,nan,nan,0.0,0.0,0.3349697987238566,0.23645547032356262,2.3645833333333335,0.3349697987238566,0.022763875623544056,0.020604364573955536
428,0.3913584389999869,3.185664,3.2146666049957275,-0.04306087642908096,0.3377951681613922,nan,0.2640334963798523,0.0,0.08018709719181061,0.0001417017774656415,0.0625,1.5487916469573975,17.138273239135742,2.871732711791992,0.494570255279541,0.0,0.0,nan,nan,0.0,0.0,0.3329736590385437,0.245907723903656,2.4088541666666665,0.3329736590385437,0.02275704840819041,0.020601708441972733
429,0.3991886829999771,3.185664,3.3017935752868652,-0.02952134609222412,0.17848555743694305,nan,0.2725072205066681,0.0,0.0945347473025322,0.0007016815943643451,0.0859375,1.696687936782837,16.770980834960938,2.8639400005340576,0.494570255279541,0.0,0.0,nan,nan,0.0,0.0,0.33086560169855755,0.2681925892829895,2.5755208333333335,0.33086560169855755,0.022770685454209644,0.020690426230430603
430,0.40236980299999914,3.185664,3.4884915351867676,-0.021828114986419678,0.23002976179122925,nan,0.2900357246398926,0.0,0.11260049790143967,0.002046270063146949,0.1744791716337204,1.6366946697235107,15.78916072845459,2.86116886138916,0.494570255279541,0.0,0.0,nan,nan,0.0,0.0,0.3288243810335795,0.2682487964630127,2.5442708333333335,0.3288243810335795,0.022761106491088867,0.020724337548017502
431,0.40164912900002037,3.185664,3.501500129699707,-0.04789246246218681,0.2434627115726471,nan,0.29058346152305603,0.0,0.13506656885147095,0.004565517418086529,0.25,1.8747518062591553,14.99343490600586,2.876133918762207,0.494570255279541,0.0,0.0,nan,nan,0.0,0.0,0.32858391602834064,0.26329633593559265,2.4609375,0.32858391602834064,0.022736380497614544,0.020697884261608124
432,0.40093547700001864,3.185664,3.5788092613220215,-0.0850767269730568,0.19857823848724365,nan,0.2979000210762024,0.0,0.14440658688545227,0.0076525164768099785,0.234375,1.9458820819854736,14.926000595092773,2.898690700531006,0.49310821294784546,1.0,0.0,nan,nan,0.0,1.0,0.3305014769236247,0.2561892569065094,2.2526041666666665,0.3305014769236247,0.02282240241765976,0.020729657262563705
433,0.3919200220000221,3.185664,3.053617238998413,-0.10213372111320496,0.1167709156870842,nan,0.25040769577026367,0.0,0.09877501428127289,0.0038437852635979652,0.1536458432674408,1.2422055006027222,14.42749309539795,2.9104628562927246,0.4813954532146454,1.0,0.0,nan,nan,0.0,1.0,0.3357619841893514,0.26961636543273926,2.3489583333333335,0.3357619841893514,0.022991192837556202,0.020780906081199646
434,0.3962778410000283,3.185664,2.74412202835083,-0.140801340341568,0.19839930534362793,nan,0.22248148918151855,0.0,0.08468896150588989,0.002025710418820381,0.125,0.7270224094390869,12.700724601745605,2.9224352836608887,0.475195974111557,0.0,0.0,nan,nan,0.0,0.0,0.33619125684102374,0.2976689040660858,2.4140625,0.33619125684102374,0.023151119550069172,0.020778097212314606
435,0.3980056049999803,3.185664,2.498765707015991,-0.13726593554019928,0.2738899290561676,nan,0.19749587774276733,0.0,0.09295207262039185,0.0029219775460660458,0.125,1.029768705368042,12.211820602416992,2.930807113647461,0.475195974111557,0.0,0.0,nan,nan,0.0,0.0,0.33418071269989014,0.2901553511619568,2.5390625,0.33418071269989014,0.023115212718645733,0.02079298347234726
436,0.4017015219999962,3.185664,2.3556532859802246,-0.12830385565757751,0.2315710484981537,nan,0.1822199523448944,0.0,0.10067401826381683,0.004089710768312216,0.1380208432674408,1.2222691774368286,12.067710876464844,2.934941053390503,0.4732189178466797,1.0,0.0,nan,nan,0.0,1.0,0.33183417717615765,0.28093355894088745,2.6197916666666665,0.33183417717615765,0.023021981120109558,0.02076096087694168
437,0.39069258000000673,3.185664,2.258817434310913,-0.10796649754047394,0.2971886396408081,nan,0.17517825961112976,0.0,0.07386143505573273,0.002003622241318226,0.125,0.9853752851486206,10.558967590332031,2.8778762817382812,0.4514714479446411,0.0,0.0,nan,nan,0.0,0.0,0.3336234887440999,0.29368478059768677,2.5078125,0.3336234887440999,0.02301168441772461,0.020746268332004547
438,0.39324946300001784,3.185664,1.9812427759170532,-0.09669672697782516,0.23087178170681,nan,0.14600923657417297,0.0,0.08145205676555634,0.0019811277743428946,0.125,1.1155757904052734,10.736804008483887,2.887328863143921,0.4514714479446411,0.0,0.0,nan,nan,0.0,0.0,0.3325807253519694,0.28608277440071106,2.4557291666666665,0.3325807253519694,0.022955037653446198,0.020720168948173523
439,0.3963267559999508,3.185664,2.0221738815307617,-0.0881558358669281,0.1379271000623703,nan,0.14951305091381073,0.0,0.08956547826528549,0.0024414174258708954,0.125,1.318894863128662,12.269160270690918,2.889940023422241,0.4514714479446411,0.0,0.0,nan,nan,0.0,0.0,0.331329882144928,0.2812347412109375,2.5859375,0.331329882144928,0.0229105403025945,0.020710334181785583
440,0.3905600229999777,3.185664,2.2414281368255615,-0.06059589236974716,0.09008339792490005,nan,0.1708926409482956,0.0,0.0721975788474083,0.0017111727502197027,0.0833333358168602,1.2019394636154175,13.348855972290039,2.881336212158203,0.43607041239738464,1.0,0.0,nan,nan,0.0,1.0,0.3309261004130046,0.2706044316291809,2.6067708333333335,0.3309261004130046,0.02296618123849233,0.020691517740488052
441,0.39503173200000674,3.185664,2.408933401107788,-0.036411352455616,0.21203477680683136,nan,0.18667404353618622,0.0,0.06423099339008331,0.0007188617018982768,0.0625,1.1961710453033447,14.06286907196045,2.880535125732422,0.4283698499202728,0.0,0.0,nan,nan,0.0,0.0,0.3287370403607686,0.261288046836853,2.6171875,0.3287370403607686,0.022884612282117207,0.02069726586341858
442,0.3978426570000124,3.185664,2.435321092605591,-0.02651393413543701,0.29650694131851196,nan,0.18882226943969727,0.0,0.0720408484339714,0.000554448866751045,0.0625,1.0541900396347046,14.320638656616211,2.8772950172424316,0.4283698499202728,0.0,0.0,nan,nan,0.0,0.0,0.32572656869888306,0.25022441148757935,2.6953125,0.32572656869888306,0.022869057953357697,0.020715154707431793
443,0.40326597600000014,3.185664,2.3687260150909424,-0.020739052444696426,0.2544183135032654,nan,0.1821315735578537,0.0,0.08303309977054596,0.0004841884074267,0.0833333358168602,1.0368582010269165,14.082937240600586,2.8534159660339355,0.4283698499202728,0.0,0.0,nan,nan,0.0,0.0,0.32426180442174274,0.2350446581840515,2.6822916666666665,0.32426180442174274,0.022843537231286366,0.020747538655996323
444,0.4084909079999761,3.185664,2.387354612350464,-0.02375974878668785,0.3657788038253784,nan,0.18227681517601013,0.0,0.09745707362890244,0.0008452702313661575,0.125,1.1568044424057007,13.777320861816406,2.8342509269714355,0.4283698499202728,0.0,0.0,nan,nan,0.0,0.0,0.3234640757242839,0.22295212745666504,2.5182291666666665,0.3234640757242839,0.022803664207458496,0.020774997770786285
445,0.4103376209999965,3.185664,2.5711348056793213,-0.010100917890667915,0.21774551272392273,nan,0.19753938913345337,0.0,0.11570005118846893,0.0022113765589892864,0.125,1.3116525411605835,14.152204513549805,2.828530788421631,0.4283698499202728,0.0,0.0,nan,nan,0.0,0.0,0.32290124893188477,0.21402624249458313,2.4036458333333335,0.32290124893188477,0.022794378300507862,0.020824667066335678
446,0.40967456900000343,3.185664,3.0376081466674805,-0.011317117139697075,0.1522137075662613,nan,0.24284039437770844,0.0,0.12261873483657837,0.0036362491082400084,0.1770833432674408,1.43107271194458,14.817179679870605,2.8329215049743652,0.4442269206047058,1.0,0.0,nan,nan,0.0,1.0,0.3236429492632548,0.2145843803882599,2.3489583333333335,0.3236429492632548,0.022979915142059326,0.0208745077252388
447,0.39911695799997915,3.185664,3.2068004608154297,-0.01719558984041214,0.15114176273345947,nan,0.26275357604026794,0.0,0.10210245847702026,0.002656530123203993,0.1666666716337204,1.4990943670272827,14.767786979675293,2.8314199447631836,0.4840121269226074,1.0,0.0,nan,nan,0.0,1.0,0.3290393551190694,0.2162596583366394,2.3020833333333335,0.3290393551190694,0.0238774170478185,0.020935792475938797
448,0.3891216719999875,3.185664,2.9660544395446777,-0.020390061661601067,0.26244989037513733,nan,0.2407209277153015,0.0,0.09729716181755066,0.002598156686872244,0.1875,1.6775240898132324,14.233922958374023,2.829982280731201,0.5027116537094116,0.0,0.0,nan,nan,0.0,0.0,0.33418285846710205,0.2813442051410675,2.375,0.33418285846710205,0.024799351890881855,0.021748170256614685
449,0.3949848810000276,3.185664,2.8949921131134033,-0.042168185114860535,0.2934351861476898,nan,0.23706898093223572,0.0,0.08413457125425339,0.002994073322042823,0.1380208432674408,1.7088979482650757,12.948148727416992,2.843108654022217,0.5054927468299866,1.0,0.0,nan,nan,0.0,1.0,0.33812081813812256,0.2794291377067566,2.3463541666666665,0.33812081813812256,0.024010002613067627,0.021454401314258575
450,0.39120198200004097,3.185664,2.6890316009521484,-0.04749661684036255,0.30959004163742065,nan,0.21747085452079773,0.0,0.08021541684865952,0.0042346264235675335,0.1067708358168602,1.8105629682540894,12.027008056640625,2.8444955348968506,0.5090181827545166,2.0,0.0,nan,nan,0.0,2.0,0.3394405047098796,0.2985842823982239,2.4192708333333335,0.3394405047098796,0.023096573849519093,0.021167486906051636
451,0.3812667079999983,3.185664,2.2129697799682617,-0.07462890446186066,0.4789579510688782,nan,0.17758247256278992,0.0,0.020906416699290276,0.0,0.0,1.3663015365600586,9.723193168640137,2.7509899139404297,0.5242869257926941,0.0,0.0,nan,nan,0.0,0.0,0.3434388240178426,0.29410386085510254,2.4114583333333335,0.3434388240178426,0.022997903327147167,0.020912885665893555
452,0.38261941899997964,3.185664,1.970949649810791,-0.05620478093624115,0.31701090931892395,nan,0.15184549987316132,0.0,0.02826738730072975,2.387064114373061e-06,0.015625,1.7376940250396729,10.516033172607422,2.7556443214416504,0.5242869257926941,0.0,0.0,nan,nan,0.0,0.0,0.3439282178878784,0.28908324241638184,2.4661458333333335,0.3439282178878784,0.02295014262199402,0.020722299814224243
453,0.4027633329999958,3.185664,1.9894773960113525,-0.04635726660490036,0.1460500955581665,nan,0.15242233872413635,0.0,0.0378347747027874,0.00044953206088393927,0.0625,1.7898919582366943,11.154586791992188,2.769416332244873,0.5242869257926941,0.0,0.0,nan,nan,0.0,0.0,0.3430575132369995,0.28424370288848877,2.4713541666666665,0.3430575132369995,0.022930982212225597,0.02063611149787903
454,0.3958688540000139,3.185664,2.2534725666046143,-0.07309812307357788,0.21700632572174072,nan,0.1777309775352478,0.0,0.045404545962810516,0.0017547572497278452,0.0625,1.2675631046295166,11.327754020690918,2.789743423461914,0.5242869257926941,0.0,0.0,nan,nan,0.0,0.0,0.34137749671936035,0.29005247354507446,2.3333333333333335,0.34137749671936035,0.02341270198424657,0.021825946867465973
455,0.3892264739999973,3.185664,2.0882880687713623,-0.060153331607580185,0.19130979478359222,nan,0.16171316802501678,0.0,0.04850689694285393,0.003263099119067192,0.0572916679084301,0.9955965280532837,10.744272232055664,2.8018102645874023,0.5252397656440735,1.0,0.0,nan,nan,0.0,1.0,0.33902593453725177,0.3117867708206177,2.5390625,0.33902593453725177,0.023514561355113983,0.022092968225479126
456,0.38791978500000823,3.185664,2.0751397609710693,-0.08432959020137787,0.14642325043678284,nan,0.16455897688865662,0.0,0.011430206708610058,0.0,0.0,0.9804546236991882,9.564143180847168,2.757871150970459,0.535720944404602,0.0,0.0,nan,nan,0.0,0.0,0.33886563777923584,0.3152969479560852,2.6484375,0.33886563777923584,0.02307250847419103,0.021953970193862915
457,0.3860427690000279,3.185664,1.8900344371795654,-0.1060732826590538,0.24587906897068024,nan,0.14502722024917603,0.0,0.013005691580474377,0.0,0.0,1.0545364618301392,9.709253311157227,2.749361753463745,0.535720944404602,0.0,0.0,nan,nan,0.0,0.0,0.3376329739888509,0.3154406249523163,2.6848958333333335,0.3376329739888509,0.0230219562848409,0.02177254855632782
458,0.38577628399997366,3.185664,1.8422528505325317,-0.11507053673267365,0.309556782245636,nan,0.13969548046588898,0.0,0.017312172800302505,0.0,0.0,0.9049245119094849,10.145243644714355,2.754666328430176,0.535720944404602,0.0,0.0,nan,nan,0.0,0.0,0.3374474843343099,0.3138256072998047,2.796875,0.3374474843343099,0.023003260294596355,0.021529018878936768
459,0.3846144620000018,3.185664,1.8392109870910645,-0.11290644109249115,0.36948880553245544,nan,0.13904279470443726,0.0,0.02328351140022278,0.0,0.0,0.9859630465507507,10.138476371765137,2.774351119995117,0.535720944404602,0.0,0.0,nan,nan,0.0,0.0,0.33707185586293537,0.30906006693840027,2.8385416666666665,0.33707185586293537,0.022991806268692017,0.02127964049577713
460,0.389877934000026,3.185664,1.8458033800125122,-0.10609953105449677,0.37592074275016785,nan,0.1390014886856079,0.0,0.031304843723773956,0.0,0.0,1.239640712738037,9.79737663269043,2.8066296577453613,0.535720944404602,0.0,0.0,nan,nan,0.0,0.0,0.33614397048950195,0.30385497212409973,2.6588541666666665,0.33614397048950195,0.022980836530526478,0.02105236053466797
461,0.3956134370000086,3.185664,1.8426625728607178,-0.10177266597747803,0.25889888405799866,nan,0.13780078291893005,0.0,0.041363611817359924,0.0,0.0,1.6661899089813232,9.652379035949707,2.8208413124084473,0.535720944404602,0.0,0.0,nan,nan,0.0,0.0,0.33518922328948975,0.2980172336101532,2.5364583333333335,0.33518922328948975,0.023001447319984436,0.020859479904174805
462,0.4058565519999888,3.185664,1.8591792583465576,-0.09086918830871582,0.17212241888046265,nan,0.1378684639930725,0.0,0.054965727031230927,3.7013636756455526e-05,0.0625,2.036006450653076,9.892080307006836,2.8140361309051514,0.535720944404602,0.0,0.0,nan,nan,0.0,0.0,0.3351048231124878,0.2898823916912079,2.5625,0.3351048231124878,0.02298811326424281,0.020703211426734924
463,0.3922169060000442,3.185664,2.1272695064544678,-0.10660629719495773,0.22601471841335297,nan,0.163945734500885,0.0,0.07177740335464478,0.0008989087073132396,0.125,1.6875776052474976,11.206332206726074,2.789318799972534,0.535720944404602,0.0,0.0,nan,nan,0.0,0.0,0.3358851671218872,0.2862786054611206,2.3203125,0.3358851671218872,0.022976172467072804,0.0206407830119133
464,0.3901591739999617,3.185664,2.339993953704834,-0.1143675446510315,0.3515903949737549,nan,0.1839989423751831,0.0,0.08648836612701416,0.002795347711071372,0.125,1.5597662925720215,12.720141410827637,2.754634380340576,0.535720944404602,0.0,0.0,nan,nan,0.0,0.0,0.33792245388031006,0.3021964728832245,2.2708333333333335,0.33792245388031006,0.022969091931978863,0.02072855830192566
465,0.38910506099995246,3.185664,2.333033561706543,-0.0985114574432373,0.1574576497077942,nan,0.18296122550964355,0.0,0.07428773492574692,0.0038211147766560316,0.0833333358168602,1.6640510559082031,14.261347770690918,2.7154598236083984,0.520706057548523,1.0,0.0,nan,nan,0.0,1.0,0.3385550181070964,0.2801099121570587,2.3411458333333335,0.3385550181070964,0.02309911201397578,0.020761311054229736
466,0.3953999139999951,3.185664,2.5216972827911377,-0.10459081828594208,0.1720927208662033,nan,0.20370376110076904,0.0,0.054291993379592896,0.0037296153604984283,0.0755208358168602,1.4458783864974976,13.900713920593262,2.683612823486328,0.5244776606559753,1.0,0.0,nan,nan,0.0,1.0,0.3390427033106486,0.25800225138664246,2.6041666666666665,0.3390427033106486,0.023168407380580902,0.020694296807050705
467,0.3851966919999654,3.185664,2.56099796295166,-0.135603129863739,0.25398048758506775,nan,0.21150308847427368,0.0,0.029314449056982994,0.00010479066986590624,0.0625,1.4287118911743164,11.53759765625,2.6539695262908936,0.5432759523391724,0.0,0.0,nan,nan,0.0,0.0,0.34109242757161456,0.3273313045501709,2.5546875,0.34109242757161456,0.023181907832622528,0.022847488522529602
468,0.38617596000000276,3.185664,2.370072364807129,-0.15026015043258667,0.22265402972698212,nan,0.19331984221935272,0.0,0.034734975546598434,0.0005037533701397479,0.0625,1.2323384284973145,10.183184623718262,2.6298065185546875,0.5432759523391724,0.0,0.0,nan,nan,0.0,0.0,0.3388242721557617,0.31693771481513977,2.5286458333333335,0.3388242721557617,0.02319246530532837,0.02273712307214737
469,0.3916531360000022,3.185664,2.2101595401763916,-0.1684979796409607,0.20167773962020874,nan,0.17771875858306885,0.0,0.041360631585121155,0.001624255790375173,0.0625,1.1443288326263428,9.374343872070312,2.619523525238037,0.5432759523391724,0.0,0.0,nan,nan,0.0,0.0,0.3363354206085205,0.3004675507545471,2.7161458333333335,0.3363354206085205,0.02319783717393875,0.022713586688041687
470,0.37716910599999665,3.185664,2.0207035541534424,-0.17726609110832214,0.09986219555139542,nan,0.16249775886535645,0.0,0.01835092157125473,0.0008810138097032905,0.0182291679084301,0.6902283430099487,8.450445175170898,2.6129653453826904,0.5154454708099365,1.0,0.0,nan,nan,0.0,1.0,0.3378461996714274,0.2946496903896332,2.7213541666666665,0.3378461996714274,0.02326902250448863,0.02268010377883911
471,0.37728629499997623,3.185664,1.7853134870529175,-0.1831699013710022,0.15455323457717896,nan,0.1398358941078186,0.0,0.0077640763483941555,0.0,0.0,0.6593427658081055,8.130638122558594,2.626675605773926,0.5039858818054199,0.0,0.0,nan,nan,0.0,0.0,0.3397339979807536,0.3283405601978302,2.6744791666666665,0.3397339979807536,0.02321091542641322,0.022641703486442566
472,0.37626101099999687,3.185664,1.748999834060669,-0.17977586388587952,0.16376397013664246,nan,0.1351168006658554,0.0,0.010093951597809792,0.0,0.0,0.5009115934371948,8.707693099975586,2.6540451049804688,0.5039858818054199,0.0,0.0,nan,nan,0.0,0.0,0.3397072156270345,0.326768696308136,2.7708333333333335,0.3397072156270345,0.02318505197763443,0.022610239684581757
473,0.3760376949999795,3.185664,1.860703945159912,-0.166457861661911,0.2007758766412735,nan,0.14477916061878204,0.0,0.011874403804540634,0.0,0.0,0.588197648525238,9.384239196777344,2.685947895050049,0.5039858818054199,0.0,0.0,nan,nan,0.0,0.0,0.33866504828135174,0.3280295133590698,2.7213541666666665,0.33866504828135174,0.023184406260649364,0.022610172629356384
474,0.37610440800000333,3.185664,1.9687588214874268,-0.15014466643333435,0.16969475150108337,nan,0.15414941310882568,0.0,0.012807759456336498,0.0,0.0,0.9626014232635498,10.084603309631348,2.713541030883789,0.5039858818054199,0.0,0.0,nan,nan,0.0,0.0,0.3369967540105184,0.3238285183906555,2.7421875,0.3369967540105184,0.023185625672340393,0.02268088608980179
475,0.37643593000001374,3.185664,2.013394832611084,-0.1384497731924057,0.14058959484100342,nan,0.1577756702899933,0.0,0.014902567490935326,0.0,0.0,1.2126930952072144,10.539148330688477,2.731454610824585,0.5039858818054199,0.0,0.0,nan,nan,0.0,0.0,0.33685704072316486,0.3243991434574127,2.8828125,0.33685704072316486,0.023177887002627056,0.022583872079849243
476,0.37662497700000586,3.185664,2.1157968044281006,-0.12301897257566452,0.11448928713798523,nan,0.1671191155910492,0.0,0.017734579741954803,0.0,0.0,1.3643414974212646,11.08569622039795,2.7385661602020264,0.5039858818054199,0.0,0.0,nan,nan,0.0,0.0,0.33834052085876465,0.32238876819610596,2.8385416666666665,0.33834052085876465,0.023188347617785137,0.022518672049045563
477,0.38634423399997786,3.185664,2.3327243328094482,-0.10691984742879868,0.11032526195049286,nan,0.18755482137203217,0.0,0.02089950069785118,0.0,0.0,1.5403544902801514,12.250524520874023,2.7427291870117188,0.5039858818054199,0.0,0.0,nan,nan,0.0,0.0,0.34008177121480304,0.3217725455760956,2.75,0.34008177121480304,0.023152622083822887,0.022469229996204376
478,0.38546088300000747,3.185664,2.6390185356140137,-0.08769632130861282,0.08168472349643707,nan,0.21671847999095917,0.0,0.02519231289625168,0.0,0.0,1.4851834774017334,13.617396354675293,2.7508068084716797,0.5039858818054199,0.0,0.0,nan,nan,0.0,0.0,0.3409816424051921,0.31276774406433105,2.6380208333333335,0.3409816424051921,0.023128834863503773,0.022467389702796936
479,0.38605976400003783,3.185664,2.9300737380981445,-0.0704183578491211,0.0968097597360611,nan,0.24513845145702362,0.0,0.03082103654742241,0.0,0.0,1.261348009109497,13.978468894958496,2.759370803833008,0.5039858818054199,0.0,0.0,nan,nan,0.0,0.0,0.340440034866333,0.30292245745658875,2.5364583333333335,0.340440034866333,0.023110682765642803,0.022488832473754883
480,0.3860943250000446,3.185664,3.0576345920562744,-0.06536905467510223,0.13962595164775848,nan,0.25809043645858765,0.0,0.036237817257642746,0.0,0.0,0.9309592247009277,13.758757591247559,2.7559421062469482,0.5039858818054199,0.0,0.0,nan,nan,0.0,0.0,0.3387554883956909,0.2948804497718811,2.5755208333333335,0.3387554883956909,0.02307729423046112,0.02242168039083481
481,0.3890150660000131,3.185664,2.946943521499634,-0.07791958004236221,0.22278426587581635,nan,0.247919961810112,0.0,0.040036391466856,0.0,0.0,0.5841737985610962,13.020090103149414,2.7369532585144043,0.5039858818054199,0.0,0.0,nan,nan,0.0,0.0,0.3373052676518758,0.2885543704032898,2.6223958333333335,0.3373052676518758,0.023065658907095592,0.022417224943637848
482,0.3924831379999887,3.185664,2.7926790714263916,-0.10067155957221985,0.3609832227230072,nan,0.23249194025993347,0.0,0.04076944291591644,0.0,0.0,0.5741560459136963,12.420635223388672,2.727090358734131,0.5039858818054199,0.0,0.0,nan,nan,0.0,0.0,0.3361497720082601,0.2840092182159424,2.4114583333333335,0.3361497720082601,0.023084839185078938,0.022520259022712708
483,0.39262085699999716,3.185664,2.510629415512085,-0.13714365661144257,0.16194622218608856,nan,0.20448768138885498,0.0,0.039907798171043396,8.918732419260778e-08,0.01302083395421505,0.5352120995521545,12.29548168182373,2.7298827171325684,0.5039858818054199,0.0,0.0,nan,nan,0.0,0.0,0.33447571595509845,0.2826308012008667,2.5442708333333335,0.33447571595509845,0.023086560269196827,0.02244088053703308
484,0.3921475980000082,3.185664,2.265002727508545,-0.16522762179374695,0.17782512307167053,nan,0.17965726554393768,0.0,0.04013636335730553,2.233782652183436e-05,0.0625,0.5298928022384644,12.77737045288086,2.747633695602417,0.5039858818054199,0.0,0.0,nan,nan,0.0,0.0,0.33305859565734863,0.28276148438453674,2.6119791666666665,0.33305859565734863,0.023107061783472698,0.02237877994775772
485,0.3873734669999749,3.185664,2.03537654876709,-0.1799435019493103,0.16214391589164734,nan,0.1559956818819046,0.0,0.04275108501315117,0.0001912105653900653,0.0625,0.5411274433135986,12.733946800231934,2.7717196941375732,0.5039858818054199,0.0,0.0,nan,nan,0.0,0.0,0.3319156567255656,0.286772221326828,2.6927083333333335,0.3319156567255656,0.023129473129908245,0.022334016859531403
486,0.3855188819999853,3.185664,1.9129204750061035,-0.17854070663452148,0.1857643723487854,nan,0.14347177743911743,0.0,0.047142647206783295,0.0007100521470420063,0.0625,0.6847524642944336,12.27264404296875,2.795959234237671,0.5039858818054199,0.0,0.0,nan,nan,0.0,0.0,0.33103692531585693,0.2945657968521118,2.7552083333333335,0.33103692531585693,0.023139471809069317,0.022300459444522858
487,0.38394596999995656,3.185664,1.831202507019043,-0.1728285849094391,0.12410717457532883,nan,0.13492035865783691,0.0,0.05301796644926071,0.001793290488421917,0.0625,0.9894244074821472,11.98876953125,2.8109748363494873,0.5039858818054199,0.0,0.0,nan,nan,0.0,0.0,0.3306938211123149,0.29814913868904114,2.7447916666666665,0.3306938211123149,0.02309572696685791,0.02227465808391571
488,0.3770049819999599,3.185664,1.662438988685608,-0.17169374227523804,0.09274198859930038,nan,0.12188716977834702,0.0,0.024121474474668503,0.00034200825029984117,0.0078125,0.9451655149459839,10.628331184387207,2.796262502670288,0.506812572479248,1.0,0.0,nan,nan,0.0,1.0,0.33485225836435956,0.29721421003341675,2.8619791666666665,0.33485225836435956,0.023245359460512798,0.02224922925233841
489,0.37600695899999437,3.185664,1.6149671077728271,-0.175147145986557,0.11285068094730377,nan,0.1174580454826355,0.0,0.021922025829553604,0.0,0.0,0.8930234909057617,10.459078788757324,2.8083674907684326,0.5072163343429565,0.0,0.0,nan,nan,0.0,0.0,0.33767104148864746,0.30805477499961853,2.796875,0.33767104148864746,0.02311222751935323,0.022228136658668518
490,0.37705138100000113,3.185664,1.667064905166626,-0.17275553941726685,0.10634016245603561,nan,0.12178945541381836,0.0,0.02466970682144165,0.0,0.0,1.0322721004486084,11.261184692382812,2.811403274536133,0.5072163343429565,0.0,0.0,nan,nan,0.0,0.0,0.3409799337387085,0.31588494777679443,2.6875,0.3409799337387085,0.023109279572963715,0.022209621965885162
491,0.37576248199997053,3.185664,1.8088874816894531,-0.15478923916816711,0.07876806706190109,nan,0.13507118821144104,0.0,0.02767612785100937,0.0,0.0,0.9780060648918152,12.42768669128418,2.8002078533172607,0.5072163343429565,0.0,0.0,nan,nan,0.0,0.0,0.3434050480524699,0.32209399342536926,2.5963541666666665,0.3434050480524699,0.023073869446913402,0.022185511887073517
492,0.3764686910000137,3.185664,2.0048139095306396,-0.12930239737033844,0.1366766393184662,nan,0.15413695573806763,0.0,0.030200054869055748,0.0,0.0,0.9059022665023804,13.021796226501465,2.7874865531921387,0.5072163343429565,0.0,0.0,nan,nan,0.0,0.0,0.34348130226135254,0.326897531747818,2.6223958333333335,0.34348130226135254,0.023060152928034466,0.022147901356220245
493,0.37731977400000005,3.185664,2.182877779006958,-0.11851334571838379,0.13787436485290527,nan,0.17155617475509644,0.0,0.03229270875453949,5.142398549651261e-06,0.0364583358168602,0.8832391500473022,13.303507804870605,2.7763843536376953,0.5072163343429565,0.0,0.0,nan,nan,0.0,0.0,0.34180597464243573,0.3277246057987213,2.6145833333333335,0.34180597464243573,0.02306234836578369,0.022092118859291077
494,0.3768764449999935,3.185664,2.2779605388641357,-0.12324145436286926,0.12490478157997131,nan,0.18183356523513794,0.0,0.0343637689948082,9.300364035880193e-05,0.0625,0.7392379641532898,12.614340782165527,2.7659659385681152,0.5072163343429565,0.0,0.0,nan,nan,0.0,0.0,0.3402654727300008,0.3237813711166382,2.6744791666666665,0.3402654727300008,0.02307284375031789,0.02201870083808899
495,0.3779874339999765,3.185664,2.2159266471862793,-0.1416156142950058,0.15105749666690826,nan,0.1760142296552658,0.0,0.0359642468392849,0.0003219819627702236,0.0625,0.7563458681106567,11.385564804077148,2.7679309844970703,0.5072163343429565,0.0,0.0,nan,nan,0.0,0.0,0.339358647664388,0.3233470320701599,2.6276041666666665,0.339358647664388,0.023068490127722423,0.021930299699306488
496,0.3823756359999493,3.185664,1.9707342386245728,-0.1658921241760254,0.1781790554523468,nan,0.15371757745742798,0.0,0.03793130815029144,0.000689073174726218,0.0625,0.6157974600791931,10.026411056518555,2.7755799293518066,0.5072163343429565,0.0,0.0,nan,nan,0.0,0.0,0.339588721593221,0.3234512209892273,2.59375,0.339588721593221,0.02307686706384023,0.021833740174770355
497,0.3814793679999866,3.185664,1.763771891593933,-0.17253199219703674,0.11959505081176758,nan,0.13359935581684113,0.0,0.04000840708613396,0.0012005469761788845,0.0625,0.58790123462677,9.236885070800781,2.7845940589904785,0.5072163343429565,0.0,0.0,nan,nan,0.0,0.0,0.33976757526397705,0.3173821270465851,2.7213541666666665,0.33976757526397705,0.023084623118241627,0.02172904461622238
498,0.38479745600000115,3.185664,1.6709710359573364,-0.16546952724456787,0.08244935423135757,nan,0.12449520826339722,0.0,0.043218471109867096,0.0020082653500139713,0.0625,0.5739396214485168,8.546613693237305,2.8022983074188232,0.5072163343429565,0.0,0.0,nan,nan,0.0,0.0,0.3385525544484456,0.30524593591690063,2.6770833333333335,0.3385525544484456,0.02308358500401179,0.021623723208904266
499,0.3788080890000174,3.185664,1.7489255666732788,-0.1700938194990158,0.050410766154527664,nan,0.13331350684165955,0.0,0.021884869784116745,0.0010852378327399492,0.0234375,0.6192271709442139,8.063700675964355,2.833310604095459,0.5268466472625732,1.0,0.0,nan,nan,0.0,1.0,0.3383389314015706,0.29929181933403015,2.7552083333333335,0.3383389314015706,0.023187458515167236,0.021587364375591278
500,0.37686060699996915,3.185664,1.6202932596206665,-0.17976072430610657,0.06871424615383148,nan,0.12140211462974548,0.0,0.0072793252766132355,0.0,0.0,0.7514601945877075,7.451005935668945,2.8769564628601074,0.5386248230934143,0.0,0.0,nan,nan,0.0,0.0,0.338309645652771,0.3212571144104004,2.7838541666666665,0.338309645652771,0.023140154778957367,0.022941961884498596
501,0.37719429200001287,3.185664,1.494512677192688,-0.17912325263023376,0.12035549432039261,nan,0.1080581396818161,0.0,0.007292360067367554,0.0,0.0,1.0531961917877197,7.240884304046631,2.9301161766052246,0.5386248230934143,0.0,0.0,nan,nan,0.0,0.0,0.33872079849243164,0.3191300332546234,2.8645833333333335,0.33872079849243164,0.023128797610600788,0.0227946937084198
502,0.37910673999999744,3.185664,1.4396284818649292,-0.17072483897209167,0.08458001166582108,nan,0.10173746198415756,0.0,0.008409271948039532,0.0,0.0,1.3183197975158691,7.118642330169678,2.9793307781219482,0.5386248230934143,0.0,0.0,nan,nan,0.0,0.0,0.3392619291941325,0.31911858916282654,2.8463541666666665,0.3392619291941325,0.02312624951203664,0.022592507302761078
503,0.37482086400001435,3.185664,1.4518643617630005,-0.15841859579086304,0.13817048072814941,nan,0.10188528150320053,0.0,0.011054335162043571,0.0,0.0,1.3033921718597412,7.5820722579956055,3.024782657623291,0.5386248230934143,0.0,0.0,nan,nan,0.0,0.0,0.3397272030512492,0.32068994641304016,2.8229166666666665,0.3397272030512492,0.023105012873808544,0.022556379437446594
504,0.3767076609999549,3.185664,1.5293363332748413,-0.1458304226398468,0.07686806470155716,nan,0.10865412652492523,0.0,0.013769436627626419,0.0,0.0,1.0829817056655884,8.441963195800781,3.065904378890991,0.5386248230934143,0.0,0.0,nan,nan,0.0,0.0,0.34024731318155926,0.3179357349872589,2.7265625,0.34024731318155926,0.02308942625919978,0.022487454116344452
505,0.3767954150000037,3.185664,1.6696372032165527,-0.13273465633392334,0.11322494596242905,nan,0.12181264162063599,0.0,0.015196247026324272,0.0,0.0,1.0197962522506714,8.909492492675781,3.104351758956909,0.5386248230934143,0.0,0.0,nan,nan,0.0,0.0,0.33982237180074054,0.31534522771835327,2.6588541666666665,0.33982237180074054,0.02306905637184779,0.022394150495529175
506,0.37414374399997996,3.185664,1.7870218753814697,-0.1276991367340088,0.12492675334215164,nan,0.13323970139026642,0.0,0.015955235809087753,0.0,0.0,0.9509773254394531,8.679366111755371,3.1433920860290527,0.5386248230934143,0.0,0.0,nan,nan,0.0,0.0,0.33805692195892334,0.3143710792064667,2.6692708333333335,0.33805692195892334,0.02302488436301549,0.02229294180870056
507,0.3769457890000467,3.185664,1.8024039268493652,-0.14086344838142395,0.243351548910141,nan,0.1346828192472458,0.0,0.01694766990840435,0.0,0.0,0.71551913022995,8.474145889282227,3.1811060905456543,0.5386248230934143,0.0,0.0,nan,nan,0.0,0.0,0.33625725905100506,0.3125842809677124,2.7630208333333335,0.33625725905100506,0.023023640116055805,0.022232651710510254
508,0.3762295790000394,3.185664,1.7469496726989746,-0.1630455106496811,0.12029262632131577,nan,0.12904277443885803,0.0,0.018221866339445114,0.0,0.0,0.6924728155136108,8.10273551940918,3.2153639793395996,0.5386248230934143,0.0,0.0,nan,nan,0.0,0.0,0.3356531461079915,0.31058022379875183,2.8828125,0.3356531461079915,0.02303103854258855,0.02217981219291687
509,0.3762962879999918,3.185664,1.6453564167022705,-0.18302293121814728,0.09022392332553864,nan,0.11872344464063644,0.0,0.02007366716861725,0.0,0.0,0.7286053895950317,7.6848883628845215,3.244349241256714,0.5386248230934143,0.0,0.0,nan,nan,0.0,0.0,0.3359490633010864,0.3097745478153229,2.7786458333333335,0.3359490633010864,0.023052503665288288,0.022074289619922638
510,0.3779468799999677,3.185664,1.4878230094909668,-0.19994165003299713,0.11501505225896835,nan,0.10245336592197418,0.0,0.023301249369978905,0.0,0.0,0.7203072309494019,7.858541011810303,3.2750890254974365,0.5386248230934143,0.0,0.0,nan,nan,0.0,0.0,0.3367149829864502,0.30977901816368103,2.796875,0.3367149829864502,0.02306882788737615,0.02203255146741867
511,0.3743000100000131,3.185664,1.4080240726470947,-0.1998283714056015,0.14689446985721588,nan,0.09416939318180084,0.0,0.027628552168607712,2.434802359729815e-10,0.0026041667442768812,0.7168063521385193,7.789816856384277,3.3029096126556396,0.5386248230934143,0.0,0.0,nan,nan,0.0,0.0,0.33722758293151855,0.3103969693183899,2.921875,0.33722758293151855,0.02309604485829671,0.022035472095012665
512,0.3797685279999996,3.185664,1.4295930862426758,-0.18820738792419434,0.09392645955085754,nan,0.09557874500751495,0.0,0.03134653717279434,4.6580651542171836e-05,0.0625,0.8529582023620605,7.780689239501953,3.324573516845703,0.5386248230934143,0.0,0.0,nan,nan,0.0,0.0,0.33623584111531574,0.31156641244888306,2.75,0.33623584111531574,0.023127419253190357,0.022008411586284637
513,0.38235742599999867,3.185664,1.4015191793441772,-0.18263426423072815,0.077863909304142,nan,0.09141217172145844,0.0,0.034754276275634766,0.000328018213622272,0.0625,0.9759222269058228,8.005498886108398,3.3590312004089355,0.5386248230934143,0.0,0.0,nan,nan,0.0,0.0,0.3346691131591797,0.31300172209739685,2.6770833333333335,0.3346691131591797,0.023139814535776775,0.021869905292987823
514,0.3818414229999689,3.185664,1.387433648109436,-0.17619043588638306,0.1823592334985733,nan,0.08985700458288193,0.0,0.038969986140728,0.0009698161738924682,0.0625,1.2072432041168213,8.261786460876465,3.4100265502929688,0.5386248230934143,0.0,0.0,nan,nan,0.0,0.0,0.3338627815246582,0.31461817026138306,2.6822916666666665,0.3338627815246582,0.023137164612611134,0.02172446995973587
515,0.3855989950000094,3.185664,1.433112382888794,-0.17473143339157104,0.13703623414039612,nan,0.092737577855587,0.0,0.045469265431165695,0.002258168300613761,0.0625,1.3038983345031738,8.906286239624023,3.481464385986328,0.5386248230934143,1.0,0.0,nan,nan,0.0,1.0,0.33348671595255536,0.3077579140663147,2.6067708333333335,0.33348671595255536,0.02312229077021281,0.021588563919067383
516,0.3765408999999522,3.185664,2.0945565700531006,-0.20191368460655212,0.17086872458457947,nan,0.1593959629535675,0.0,0.010247521102428436,0.0,0.0,0.906446099281311,10.049636840820312,3.5240416526794434,0.523493230342865,0.0,0.0,nan,nan,0.0,0.0,0.3365577459335327,0.31456342339515686,2.8385416666666665,0.3365577459335327,0.023265036443869274,0.022792160511016846
517,0.37666220400001293,3.185664,2.021500825881958,-0.1916155070066452,0.17821750044822693,nan,0.1508842259645462,0.0,0.011629519984126091,0.0,0.0,0.9359110593795776,10.635000228881836,3.5828142166137695,0.523493230342865,0.0,0.0,nan,nan,0.0,0.0,0.337718923886617,0.3165077865123749,2.7630208333333335,0.337718923886617,0.0232099046309789,0.022698119282722473
518,0.37644187099999726,3.185664,2.061255693435669,-0.17432187497615814,0.12589378654956818,nan,0.15409648418426514,0.0,0.013203243725001812,0.0,0.0,0.9474615454673767,10.90955638885498,3.6074538230895996,0.523493230342865,0.0,0.0,nan,nan,0.0,0.0,0.3376351594924927,0.320559561252594,2.7734375,0.3376351594924927,0.02319313834110896,0.022638395428657532
519,0.3771192140000039,3.185664,2.0268514156341553,-0.16486303508281708,0.14917239546775818,nan,0.15029789507389069,0.0,0.015154330059885979,0.0,0.0,0.9208745956420898,10.665779113769531,3.618587017059326,0.523493230342865,0.0,0.0,nan,nan,0.0,0.0,0.3354734977086385,0.3178674280643463,2.9479166666666665,0.3354734977086385,0.023171670734882355,0.022635117173194885
520,0.38251636299997926,3.185664,1.9246076345443726,-0.16282114386558533,0.2502957284450531,nan,0.1407240629196167,0.0,0.0171055905520916,0.0,0.0,0.7486535906791687,10.036188125610352,3.628704071044922,0.523493230342865,0.0,0.0,nan,nan,0.0,0.0,0.3321850299835205,0.3158623278141022,2.9583333333333335,0.3321850299835205,0.02315861980120341,0.022667355835437775
521,0.38510589100002335,3.185664,1.8715338706970215,-0.17046883702278137,0.2727503180503845,nan,0.1347675621509552,0.0,0.018598370254039764,0.0,0.0,0.7711286544799805,10.034441947937012,3.651197910308838,0.523493230342865,0.0,0.0,nan,nan,0.0,0.0,0.32961372534434,0.30638420581817627,3.0104166666666665,0.32961372534434,0.023177069922288258,0.022774718701839447
522,0.3844943419999822,3.185664,1.7417689561843872,-0.19898904860019684,0.1933201253414154,nan,0.12056490033864975,0.0,0.0202711820602417,0.0,0.0,1.0231425762176514,10.571032524108887,3.6610419750213623,0.523493230342865,0.0,0.0,nan,nan,0.0,0.0,0.3288227319717407,0.29535356163978577,2.78125,0.3288227319717407,0.02321400245030721,0.022864937782287598
523,0.3858544809999671,3.185664,1.6785075664520264,-0.2218649983406067,0.3098047375679016,nan,0.11342381685972214,0.0,0.023687556385993958,0.0,0.0,0.9779465198516846,10.939891815185547,3.6706600189208984,0.523493230342865,0.0,0.0,nan,nan,0.0,0.0,0.3289148211479187,0.29265859723091125,2.8645833333333335,0.3289148211479187,0.023234558602174122,0.022783830761909485
524,0.38801744799997095,3.185664,1.73381769657135,-0.21958495676517487,0.20835381746292114,nan,0.1188836544752121,0.0,0.029066791757941246,0.0,0.0,0.8144162893295288,10.511675834655762,3.686213254928589,0.523493230342865,0.0,0.0,nan,nan,0.0,0.0,0.32876521348953247,0.29266518354415894,2.8776041666666665,0.32876521348953247,0.023221207161744434,0.022883586585521698
525,0.3857197120000251,3.185664,1.78156316280365,-0.20777195692062378,0.22052179276943207,nan,0.12312151491641998,0.0,0.03502558916807175,0.0,0.0,0.8693881034851074,9.811362266540527,3.708251714706421,0.523493230342865,0.0,0.0,nan,nan,0.0,0.0,0.32768483956654865,0.2944682836532593,2.890625,0.32768483956654865,0.02320702125628789,0.022830523550510406
526,0.3875823289999971,3.185664,1.7332347631454468,-0.20843635499477386,0.3884938061237335,nan,0.11759724467992783,0.0,0.042168550193309784,0.0,0.0,0.9122031927108765,9.760683059692383,3.741459608078003,0.523493230342865,0.0,0.0,nan,nan,0.0,0.0,0.3271876970926921,0.2978161871433258,2.9270833333333335,0.3271876970926921,0.023196349541346233,0.02286931872367859
527,0.38651338299996496,3.185664,1.6750694513320923,-0.21351611614227295,0.1041465625166893,nan,0.11104278266429901,0.0,0.05122990161180496,4.4316599087323993e-05,0.0625,1.0003833770751953,10.616386413574219,3.791903257369995,0.523493230342865,0.0,0.0,nan,nan,0.0,0.0,0.3291396101315816,0.3040562868118286,2.7552083333333335,0.3291396101315816,0.02318156510591507,0.022920921444892883
528,0.3855133780000415,3.185664,1.7740744352340698,-0.20586158335208893,0.18420468270778656,nan,0.11843378841876984,0.0,0.06067372485995293,0.00035653298255056143,0.0625,1.1088018417358398,12.159368515014648,3.854698896408081,0.523493230342865,0.0,0.0,nan,nan,0.0,0.0,0.33239201704661053,0.30642446875572205,2.6666666666666665,0.33239201704661053,0.023189865052700043,0.02300068736076355
529,0.38699313000000757,3.185664,1.9806832075119019,-0.18650862574577332,0.26777559518814087,nan,0.13660496473312378,0.0,0.06912890076637268,0.001157601596787572,0.0625,1.1237868070602417,13.502009391784668,3.919049024581909,0.523493230342865,0.0,0.0,nan,nan,0.0,0.0,0.3351396719614665,0.30057692527770996,2.6927083333333335,0.3351396719614665,0.023215778172016144,0.02297571487724781
530,0.38123756199996706,3.185664,2.1730499267578125,-0.160225972533226,0.18843522667884827,nan,0.15640592575073242,0.0,0.05603799223899841,0.001140305888839066,0.03125,0.8961317539215088,13.685428619384766,3.966745138168335,0.5325483083724976,1.0,0.0,nan,nan,0.0,1.0,0.3377196391423543,0.29762935638427734,2.65625,0.3377196391423543,0.02324940264225006,0.022907501086592674
531,0.39509113300005083,3.185664,2.2690188884735107,-0.13588450849056244,0.23010464012622833,nan,0.16836538910865784,0.0,0.036789461970329285,0.0,0.0,0.7167980074882507,12.804023742675781,3.97615122795105,0.5416033267974854,0.0,0.0,nan,nan,0.0,0.0,0.33932491143544513,0.29764866828918457,2.734375,0.33932491143544513,0.023167756696542103,0.022803090512752533
532,0.3890086159999555,3.185664,2.399308681488037,-0.12132864445447922,0.19328199326992035,nan,0.18114829063415527,0.0,0.0357818529009819,0.0,0.0,0.6906231641769409,13.109657287597656,3.9729080200195312,0.5416033267974854,0.0,0.0,nan,nan,0.0,0.0,0.33869751294453937,0.30213087797164917,2.7369791666666665,0.33869751294453937,0.0231681689620018,0.02289029210805893
533,0.385425558999998,3.185664,2.4187979698181152,-0.11233285069465637,0.15736600756645203,nan,0.1832636594772339,0.0,0.03567315265536308,0.0,0.0,0.6280776262283325,12.819616317749023,3.973932981491089,0.5416033267974854,0.0,0.0,nan,nan,0.0,0.0,0.3371642033259074,0.3122116029262543,2.7734375,0.3371642033259074,0.02316444367170334,0.022554196417331696
534,0.38876105100001723,3.185664,2.3121848106384277,-0.10773299634456635,0.3302184045314789,nan,0.17292234301567078,0.0,0.03705413639545441,0.0,0.0,0.7383551001548767,12.120322227478027,3.9778857231140137,0.5416033267974854,0.0,0.0,nan,nan,0.0,0.0,0.33533215522766113,0.3170366883277893,2.8307291666666665,0.33533215522766113,0.023141990105311077,0.02249903231859207
535,0.38752693600002885,3.185664,2.208740472793579,-0.10507938265800476,0.31433430314064026,nan,0.16156888008117676,0.0,0.04013962671160698,0.0,0.0,1.0281498432159424,11.91015911102295,3.9998586177825928,0.5416033267974854,0.0,0.0,nan,nan,0.0,0.0,0.33330806096394855,0.3062903583049774,2.8333333333333335,0.33330806096394855,0.023156675199667614,0.02237047255039215
536,0.3954120369999714,3.185664,2.051271438598633,-0.10720520466566086,0.32965272665023804,nan,0.14493601024150848,0.0,0.047044239938259125,9.551216635372839e-07,0.0182291679084301,1.1368017196655273,11.548406600952148,4.040907382965088,0.5416033267974854,0.0,0.0,nan,nan,0.0,0.0,0.33113322655359906,0.30260205268859863,2.828125,0.33113322655359906,0.023136320213476818,0.022208914160728455
537,0.39683767500002887,3.185664,1.9785927534103394,-0.10577861964702606,0.4481697678565979,nan,0.1371309459209442,0.0,0.05811833590269089,8.947360765887424e-05,0.0625,1.0600206851959229,10.796496391296387,4.087028503417969,0.5416033267974854,0.0,0.0,nan,nan,0.0,0.0,0.3292943835258484,0.3025720417499542,2.7005208333333335,0.3292943835258484,0.023112408816814423,0.022177807986736298
538,0.39984592299998667,3.185664,1.9595533609390259,-0.09899411350488663,0.3633863925933838,nan,0.13496597111225128,0.0,0.07081686705350876,0.0005625257617793977,0.1145833358168602,1.0947532653808594,9.753433227539062,4.097886085510254,0.5416033267974854,0.0,0.0,nan,nan,0.0,0.0,0.32819239298502606,0.30426889657974243,2.7083333333333335,0.32819239298502606,0.02307494729757309,0.02219071239233017
539,0.3978252859999998,3.185664,1.9360337257385254,-0.09854935854673386,0.3168559968471527,nan,0.1313655972480774,0.0,0.08571973443031311,0.002154137007892132,0.125,1.4848096370697021,9.645174980163574,4.091066837310791,0.5416033267974854,1.0,0.0,nan,nan,0.0,1.0,0.3285520672798157,0.3002464175224304,2.6770833333333335,0.3285520672798157,0.023044685522715252,0.022227086126804352
540,0.3885781559999941,3.185664,1.969606637954712,-0.07822240889072418,0.2202157825231552,nan,0.14375659823417664,0.0,0.05912327021360397,0.001187631394714117,0.0625,1.1835780143737793,9.10212230682373,3.5526866912841797,0.5258913040161133,0.0,0.0,nan,nan,0.0,0.0,0.33363314469655353,0.30955755710601807,2.6380208333333335,0.33363314469655353,0.023089982569217682,0.022042907774448395
541,0.39071494400002393,3.185664,2.0206027030944824,-0.05574388429522514,0.2104102522134781,nan,0.14984333515167236,0.0,0.053599607199430466,0.0015821860870346427,0.0390625,1.2180360555648804,9.121295928955078,3.4696462154388428,0.5300860404968262,1.0,0.0,nan,nan,0.0,1.0,0.33756999174753827,0.30683475732803345,2.6015625,0.33756999174753827,0.02307303249835968,0.02185124158859253
542,0.38246648499995217,3.185664,2.0479934215545654,-0.022781768813729286,0.21545523405075073,nan,0.1560072898864746,0.0,0.034677378833293915,1.3625794963445514e-06,0.02083333395421505,1.085745096206665,9.634119987487793,3.2834091186523438,0.5370774269104004,0.0,0.0,nan,nan,0.0,0.0,0.3423744837443034,0.3245227634906769,2.6588541666666665,0.3423744837443034,0.022945550580819447,0.02165324240922928
543,0.4148732429999882,3.185664,2.097369909286499,0.003318440169095993,0.11138392984867096,nan,0.15876591205596924,0.0,0.04106306657195091,0.00012547288497444242,0.0625,1.167536735534668,10.975001335144043,3.283651351928711,0.5370774269104004,0.0,0.0,nan,nan,0.0,0.0,0.3446863094965617,0.31970927119255066,2.5442708333333335,0.3446863094965617,0.022878048320611317,0.021478746086359024
544,0.3826330969999958,3.185664,2.302243232727051,0.02846226841211319,0.14953801035881042,nan,0.1770223081111908,0.0,0.04906728118658066,0.0008134945528581738,0.0625,1.3008430004119873,12.375032424926758,3.2950236797332764,0.5370774269104004,0.0,0.0,nan,nan,0.0,0.0,0.34502700964609784,0.3045913875102997,2.59375,0.34502700964609784,0.022818394005298615,0.021343033760786057
545,0.3792022210000141,3.185664,2.618781328201294,0.03681611642241478,0.14991715550422668,nan,0.20647208392620087,0.0,0.05257301777601242,0.002200484275817871,0.0546875,1.3495423793792725,13.292314529418945,3.313887357711792,0.535607099533081,1.0,0.0,nan,nan,0.0,1.0,0.3437811533610026,0.2828246057033539,2.5260416666666665,0.3437811533610026,0.022868101795514423,0.021233700215816498
546,0.3772891269999832,3.185664,3.0688681602478027,0.00037350133061408997,0.18812310695648193,nan,0.256117045879364,0.0,0.01954122819006443,0.0,0.0,0.7473472952842712,11.907020568847656,3.3261525630950928,0.5253152847290039,0.0,0.0,nan,nan,0.0,0.0,0.34558022022247314,0.3112139403820038,2.4739583333333335,0.34558022022247314,0.02291907121737798,0.02189798653125763
547,0.37535965399996485,3.185664,2.8509483337402344,-0.017449714243412018,0.21686992049217224,nan,0.23470298945903778,0.0,0.0187004953622818,0.0,0.0,0.8460417985916138,11.056979179382324,3.355726957321167,0.5253152847290039,0.0,0.0,nan,nan,0.0,0.0,0.3446216583251953,0.30217230319976807,2.5651041666666665,0.3446216583251953,0.022867331902186077,0.0216735377907753
548,0.37949288499999057,3.185664,2.616281032562256,-0.04342854022979736,0.35089778900146484,nan,0.21154415607452393,0.0,0.01791989430785179,0.0,0.0,0.9359118938446045,10.381643295288086,3.3839547634124756,0.5253152847290039,0.0,0.0,nan,nan,0.0,0.0,0.34364521503448486,0.2948519289493561,2.6015625,0.34364521503448486,0.02285066743691762,0.021449945867061615
549,0.3798734239999817,3.185664,2.2769789695739746,-0.07467305660247803,0.3008834421634674,nan,0.17707781493663788,0.0,0.019866567105054855,0.0,0.0,1.010359287261963,9.828765869140625,3.406700849533081,0.5253152847290039,0.0,0.0,nan,nan,0.0,0.0,0.3419569730758667,0.2877538502216339,2.6614583333333335,0.3419569730758667,0.022848941385746002,0.0212508887052536
550,0.3831175999999914,3.185664,1.9453493356704712,-0.0907943844795227,0.23810474574565887,nan,0.14345966279506683,0.0,0.0269937701523304,0.0,0.0,1.2472862005233765,8.818309783935547,3.42289400100708,0.5253152847290039,0.0,0.0,nan,nan,0.0,0.0,0.3398675521214803,0.2806244492530823,2.7630208333333335,0.3398675521214803,0.02281956374645233,0.021084927022457123
551,0.3853758319999656,3.185664,1.8213231563568115,-0.0883881151676178,0.2685600519180298,nan,0.12990522384643555,0.0,0.03993469104170799,9.68732092587743e-06,0.02083333395421505,1.844698429107666,8.274935722351074,3.4443652629852295,0.5253152847290039,0.0,0.0,nan,nan,0.0,0.0,0.3368477423985799,0.27255818247795105,2.7578125,0.3368477423985799,0.022781391938527424,0.02094537764787674
552,0.3884999179999795,3.185664,1.81821870803833,-0.08689239621162415,0.26207292079925537,nan,0.12732793390750885,0.0,0.060346394777297974,0.0007969066500663757,0.0963541716337204,2.3204822540283203,8.635950088500977,3.4819724559783936,0.5253152847290039,0.0,0.0,nan,nan,0.0,0.0,0.3335960308710734,0.26188910007476807,2.5911458333333335,0.3335960308710734,0.022770196199417114,0.020816709846258163
553,0.39083504100000255,3.185664,2.0637218952178955,-0.11873061954975128,0.2629704773426056,nan,0.1501127928495407,0.0,0.08406516909599304,0.004153039306402206,0.125,2.320115566253662,8.99693489074707,3.533890724182129,0.5253152847290039,0.0,0.0,nan,nan,0.0,0.0,0.33198585112889606,0.26229068636894226,2.5911458333333335,0.33198585112889606,0.022740361591180164,0.020796965807676315
554,0.3807653279999954,3.185664,2.3239150047302246,-0.14873522520065308,0.1354319453239441,nan,0.17735335230827332,0.0,0.07883892208337784,0.005991965066641569,0.0911458358168602,1.7287209033966064,8.609223365783691,3.561453342437744,0.516303300857544,1.0,0.0,nan,nan,0.0,1.0,0.3345958391825358,0.26525041460990906,2.4088541666666665,0.3345958391825358,0.022899404168128967,0.02078906074166298
555,0.38834085800004914,3.185664,2.206372022628784,-0.12025075405836105,0.39064353704452515,nan,0.16716890037059784,0.0,0.06847308576107025,0.00644478015601635,0.0625,1.4065728187561035,8.160589218139648,3.5873372554779053,0.5086777210235596,0.0,0.0,nan,nan,0.0,0.0,0.3374580939610799,0.283552885055542,2.5859375,0.3374580939610799,0.022885923584302265,0.020779117941856384
556,0.3766771390000372,3.185664,1.967344045639038,-0.09946773946285248,0.22424325346946716,nan,0.14652177691459656,0.0,0.029740631580352783,0.0007726840558461845,0.0052083334885537624,0.9423834681510925,7.267924785614014,3.616089344024658,0.5183929800987244,1.0,0.0,nan,nan,0.0,1.0,0.3409435749053955,0.28804996609687805,2.5703125,0.3409435749053955,0.02306597928206126,0.02077748253941536
557,0.3824245199999723,3.185664,1.7573394775390625,-0.07862325012683868,0.24369344115257263,nan,0.1252298802137375,0.0,0.02947358787059784,3.596989586185373e-07,0.01302083395421505,1.0826815366744995,6.994627952575684,3.659517288208008,0.5192762017250061,0.0,0.0,nan,nan,0.0,0.0,0.34007147947947186,0.32104969024658203,2.7161458333333335,0.34007147947947186,0.022996741036574047,0.021768629550933838
558,0.38422401999997646,3.185664,1.5835449695587158,-0.06635046750307083,0.293201744556427,nan,0.10702162235975266,0.0,0.03528764471411705,8.572118531446904e-05,0.0625,1.039737582206726,7.071585655212402,3.70882511138916,0.5192762017250061,0.0,0.0,nan,nan,0.0,0.0,0.3376835187276204,0.31860432028770447,2.8046875,0.3376835187276204,0.02295525123675664,0.02160096913576126
559,0.382389881999984,3.185664,1.4203623533248901,-0.07542500644922256,0.33235347270965576,nan,0.08937482535839081,0.0,0.04189756140112877,0.0006179118063300848,0.0625,1.1855987310409546,7.081089019775391,3.7619760036468506,0.5192762017250061,0.0,0.0,nan,nan,0.0,0.0,0.3340718746185303,0.3021322190761566,2.7630208333333335,0.3340718746185303,0.022921974460283916,0.021469276398420334
560,0.38699511800001574,3.185664,1.2237063646316528,-0.09907207638025284,0.23938709497451782,nan,0.06646557152271271,0.0,0.04955907166004181,0.0022243475541472435,0.0625,1.5033378601074219,7.313157558441162,3.8064188957214355,0.5192762017250061,1.0,0.0,nan,nan,0.0,1.0,0.3302652835845947,0.28788259625434875,2.7291666666666665,0.3302652835845947,0.022904962301254272,0.021349627524614334
561,0.378736301999993,3.185664,1.5273852348327637,-0.14258451759815216,0.21421432495117188,nan,0.10009335726499557,0.0,0.014829913154244423,0.0,0.0,1.2446445226669312,7.040189266204834,3.790520191192627,0.5327569246292114,0.0,0.0,nan,nan,0.0,0.0,0.33216198285420734,0.2759154140949249,2.7005208333333335,0.33216198285420734,0.023084118962287903,0.021165944635868073
562,0.3869200400000068,3.185664,1.3435308933258057,-0.13696494698524475,0.25820332765579224,nan,0.08032912015914917,0.0,0.022305916994810104,0.0,0.0,1.834633231163025,7.926459312438965,3.735440254211426,0.5327569246292114,0.0,0.0,nan,nan,0.0,0.0,0.3320643901824951,0.2659459114074707,2.7526041666666665,0.3320643901824951,0.02301072080930074,0.020972557365894318
563,0.38937097399997356,3.185664,1.4467370510101318,-0.14757077395915985,0.30134713649749756,nan,0.08954285085201263,0.0,0.035025209188461304,0.00028291024500504136,0.0625,1.6711658239364624,9.300268173217773,3.6817564964294434,0.5327569246292114,0.0,0.0,nan,nan,0.0,0.0,0.33179489771525067,0.26226767897605896,2.7161458333333335,0.33179489771525067,0.023000384370485943,0.02090577781200409
564,0.3874180299999921,3.185664,1.626940131187439,-0.15827800333499908,0.22426031529903412,nan,0.10679563879966736,0.0,0.045316457748413086,0.0015269418945536017,0.0625,1.604522466659546,10.3010892868042,3.6389918327331543,0.5327569246292114,0.0,0.0,nan,nan,0.0,0.0,0.33169567584991455,0.2776948809623718,2.5130208333333335,0.33169567584991455,0.022988105813662212,0.020903460681438446
565,0.3864878580000095,3.185664,1.4971483945846558,-0.13560673594474792,0.2515740990638733,nan,0.09254686534404755,0.0,0.056089527904987335,0.004175006411969662,0.0625,1.7323555946350098,10.991279602050781,3.6122894287109375,0.5327569246292114,0.0,0.0,nan,nan,0.0,0.0,0.33049782117207843,0.29852956533432007,2.9557291666666665,0.33049782117207843,0.022905834019184113,0.020854461938142776
566,0.38995098999998845,3.185664,1.4572741985321045,-0.13118648529052734,0.297816663980484,nan,0.0858655795454979,0.0,0.06787730753421783,0.008515767753124237,0.0625,1.6519334316253662,11.258105278015137,3.610220432281494,0.5327569246292114,1.0,0.0,nan,nan,0.0,1.0,0.33084770043691,0.285753458738327,2.9322916666666665,0.33084770043691,0.022892802953720093,0.020779743790626526
567,0.38239784500001406,3.185664,1.6983778476715088,-0.14511236548423767,0.3823360502719879,nan,0.1158667653799057,0.0,0.024402527138590813,0.0,0.0,1.5608241558074951,10.467710494995117,3.59540057182312,0.587190568447113,0.0,0.0,nan,nan,0.0,0.0,0.33653215567270917,0.27488020062446594,2.6432291666666665,0.33653215567270917,0.023085651298364002,0.020933836698532104
568,0.38655508300001884,3.185664,1.647807002067566,-0.14593344926834106,0.28264445066452026,nan,0.1092492938041687,0.0,0.032725147902965546,0.0,0.0,2.147909641265869,10.999500274658203,3.6005141735076904,0.587190568447113,0.0,0.0,nan,nan,0.0,0.0,0.33942778905232746,0.2651756703853607,2.5234375,0.33942778905232746,0.023028306663036346,0.020718805491924286
569,0.3893081639999991,3.185664,2.2016549110412598,-0.17744985222816467,0.34495919942855835,nan,0.1637948751449585,0.0,0.04319275915622711,8.483984129270539e-05,0.0546875,1.8058292865753174,11.95010757446289,3.5966410636901855,0.587190568447113,0.0,0.0,nan,nan,0.0,0.0,0.3413620392481486,0.26325905323028564,2.5364583333333335,0.3413620392481486,0.02301297088464101,0.020669810473918915
570,0.38888690000004544,3.185664,2.557218313217163,-0.18725919723510742,0.33025142550468445,nan,0.19892096519470215,0.0,0.052616313099861145,0.0005979805719107389,0.0625,1.623406171798706,12.880119323730469,3.5829570293426514,0.587190568447113,0.0,0.0,nan,nan,0.0,0.0,0.34261266390482586,0.28859928250312805,2.6197916666666665,0.34261266390482586,0.023019035657246906,0.020744837820529938
571,0.38801246799999944,3.185664,2.54388689994812,-0.1764383763074875,0.4232579171657562,nan,0.19709450006484985,0.0,0.05768429487943649,0.0015031322836875916,0.1041666716337204,1.5805683135986328,13.303622245788574,3.561169385910034,0.5881382822990417,1.0,0.0,nan,nan,0.0,1.0,0.34134042263031006,0.3134658932685852,2.6328125,0.34134042263031006,0.023096300661563873,0.020795650780200958
572,0.38091251100001955,3.185664,2.56532883644104,-0.1689509153366089,0.5413467288017273,nan,0.20131146907806396,0.0,0.037520673125982285,0.0005048017483204603,0.0625,1.285353422164917,12.498233795166016,3.515683174133301,0.5917394757270813,0.0,0.0,nan,nan,0.0,0.0,0.3393818140029907,0.3175513744354248,2.75,0.3393818140029907,0.023164617518583935,0.022209808230400085
573,0.3813300099999992,3.185664,2.7370660305023193,-0.1389329433441162,0.47593528032302856,nan,0.21837228536605835,0.0,0.042000770568847656,0.0015808892203494906,0.0546875,1.6225318908691406,12.533720970153809,3.460895538330078,0.5911738276481628,1.0,0.0,nan,nan,0.0,1.0,0.33503158887227374,0.3122223913669586,2.7239583333333335,0.33503158887227374,0.0232136274377505,0.022210612893104553
574,0.37784792099995457,3.185664,3.2226903438568115,-0.11159835755825043,0.5992706418037415,nan,0.27036380767822266,0.0,0.014707295224070549,0.0,0.0,1.3429811000823975,11.641729354858398,3.358321189880371,0.5872141122817993,0.0,0.0,nan,nan,0.0,0.0,0.3315715988477071,0.3068009912967682,2.9036458333333335,0.3315715988477071,0.023239736755688984,0.021850720047950745
575,0.38491386199996214,3.185664,3.0052738189697266,-0.09314791113138199,0.5891214609146118,nan,0.24890772998332977,0.0,0.021006494760513306,0.0,0.0,1.2912909984588623,11.256815910339355,3.285256862640381,0.5872141122817993,0.0,0.0,nan,nan,0.0,0.0,0.33007127046585083,0.30613699555397034,2.8333333333333335,0.33007127046585083,0.02319663017988205,0.02174217998981476
576,0.3870859390000305,3.185664,2.9349372386932373,-0.05959843844175339,0.38012754917144775,nan,0.24269865453243256,0.0,0.029244717210531235,0.0,0.0,1.5308183431625366,10.295619010925293,3.2200775146484375,0.5872141122817993,0.0,0.0,nan,nan,0.0,0.0,0.3298051555951436,0.30338141322135925,2.8072916666666665,0.3298051555951436,0.023174057404200237,0.021542124450206757
577,0.3903208250000034,3.185664,2.7989182472229004,-0.03613581508398056,0.35716962814331055,nan,0.23022526502609253,0.0,0.04013201594352722,0.0,0.0,1.648895502090454,8.72748851776123,3.1725664138793945,0.5872141122817993,0.0,0.0,nan,nan,0.0,0.0,0.3299860159556071,0.2922053337097168,2.6223958333333335,0.3299860159556071,0.02313737819592158,0.02128099650144577
578,0.3913572270000145,3.185664,2.646970748901367,-0.03706290200352669,0.38839226961135864,nan,0.21489456295967102,0.0,0.05142420530319214,1.2422508461895632e-06,0.02083333395421505,1.6799825429916382,7.837462425231934,3.1431758403778076,0.5872141122817993,0.0,0.0,nan,nan,0.0,0.0,0.329829474290212,0.28248971700668335,2.6666666666666665,0.329829474290212,0.023150282601515453,0.021013043820858
579,0.38959131600000774,3.185664,2.602344512939453,-0.040203455835580826,0.4157879650592804,nan,0.20941226184368134,0.0,0.06293368339538574,8.01910791778937e-05,0.0625,2.0439319610595703,8.001885414123535,3.125049114227295,0.5872141122817993,0.0,0.0,nan,nan,0.0,0.0,0.3295099337895711,0.27194294333457947,2.6302083333333335,0.3295099337895711,0.023077559967835743,0.020779572427272797
580,0.39195287499995857,3.185664,2.7050557136535645,-0.046097222715616226,0.4102993309497833,nan,0.218453049659729,0.0,0.07753593474626541,0.0005450776079669595,0.1015625,2.547781467437744,9.19080638885498,3.1149001121520996,0.5872141122817993,0.0,0.0,nan,nan,0.0,0.0,0.329146941502889,0.26263248920440674,2.6484375,0.329146941502889,0.02305699388186137,0.020600590854883194
581,0.3949619080000275,3.185664,3.437131881713867,-0.09409033507108688,0.44492948055267334,nan,0.28953951597213745,0.0,0.0925859659910202,0.0024711235892027617,0.125,2.1883058547973633,11.599430084228516,3.1109750270843506,0.5872141122817993,1.0,0.0,nan,nan,0.0,1.0,0.33031123876571655,0.26668304204940796,2.6432291666666665,0.33031123876571655,0.023023669918378193,0.02058575302362442
582,0.3889867200000481,3.185664,3.4611659049987793,-0.08430031687021255,0.340335875749588,nan,0.29337069392204285,0.0,0.06667216867208481,0.0026305709034204483,0.0625,1.571427345275879,12.99220085144043,3.0721845626831055,0.5557705163955688,0.0,0.0,nan,nan,0.0,0.0,0.334620197614034,0.29632890224456787,2.6666666666666665,0.334620197614034,0.023156503836313885,0.020596981048583984
583,0.38880827499997395,3.185664,3.3295209407806396,-0.07856971770524979,0.2898896634578705,nan,0.2796365022659302,0.0,0.0469629168510437,0.0018910582875832915,0.0234375,1.1247644424438477,15.007993698120117,3.053605556488037,0.5430495142936707,1.0,0.0,nan,nan,0.0,1.0,0.33774606386820477,0.3099547326564789,2.8229166666666665,0.33774606386820477,0.023131536940733593,0.02063177525997162
584,0.3872365089999903,3.185664,3.262830972671509,-0.08190059661865234,0.4871498644351959,nan,0.273215651512146,0.0,0.031718336045742035,0.0,0.0,0.9326311945915222,15.82264518737793,3.044553518295288,0.5354169011116028,0.0,0.0,nan,nan,0.0,0.0,0.3398701747258504,0.31050097942352295,2.8723958333333335,0.3398701747258504,0.023119529088338215,0.022858448326587677
585,0.3863802170000099,3.185664,3.2487947940826416,-0.09179866313934326,0.4599541127681732,nan,0.27187877893447876,0.0,0.033528782427310944,3.970271427533589e-05,0.0520833358168602,1.1536937952041626,16.54697036743164,3.050381660461426,0.5354169011116028,0.0,0.0,nan,nan,0.0,0.0,0.3405071496963501,0.31359240412712097,2.9401041666666665,0.3405071496963501,0.02313675731420517,0.022897623479366302
586,0.3873249319999559,3.185664,3.0943026542663574,-0.11019355058670044,0.5003739595413208,nan,0.25579404830932617,0.0,0.03827446699142456,0.0005383935058489442,0.0625,1.1079397201538086,16.92980194091797,3.037221908569336,0.5354169011116028,0.0,0.0,nan,nan,0.0,0.0,0.3409363826115926,0.31966128945350647,2.828125,0.3409363826115926,0.023157842457294464,0.022933192551136017
587,0.3849327710000239,3.185664,2.8787379264831543,-0.12923327088356018,0.573939323425293,nan,0.23332789540290833,0.0,0.04216466471552849,0.0017654744442552328,0.0572916679084301,1.1855578422546387,17.5311336517334,2.99818754196167,0.5366201400756836,1.0,0.0,nan,nan,0.0,1.0,0.34187865257263184,0.3239455223083496,2.8515625,0.34187865257263184,0.023189487556616466,0.02253440022468567
588,0.383469894999962,3.185664,2.80350399017334,-0.12367358803749084,0.49559876322746277,nan,0.22845403850078583,0.0,0.010470874607563019,0.0,0.0,0.8144396543502808,17.39008903503418,2.9443259239196777,0.5498558878898621,0.0,0.0,nan,nan,0.0,0.0,0.34493494033813477,0.33004993200302124,2.8203125,0.34493494033813477,0.023177236318588257,0.022557944059371948
589,0.3819110420000129,3.185664,2.6956260204315186,-0.1214790940284729,0.412818044424057,nan,0.2178160399198532,0.0,0.012869521975517273,0.0,0.0,0.8090662956237793,17.695995330810547,2.892350673675537,0.5498558878898621,0.0,0.0,nan,nan,0.0,0.0,0.34659334023793537,0.3288859724998474,2.8671875,0.34659334023793537,0.023136970897515614,0.022630110383033752
590,0.3837657379999655,3.185664,2.691962957382202,-0.11372460424900055,0.3296605050563812,nan,0.21796295046806335,0.0,0.01588694378733635,0.0,0.0,0.900406539440155,17.472150802612305,2.853309154510498,0.5498558878898621,0.0,0.0,nan,nan,0.0,0.0,0.34671298662821454,0.33010342717170715,2.9713541666666665,0.34671298662821454,0.02313370257616043,0.022643566131591797
591,0.3826031460000081,3.185664,2.5445380210876465,-0.111122727394104,0.28566473722457886,nan,0.20423555374145508,0.0,0.019211381673812866,0.0,0.0,0.8901351690292358,16.767440795898438,2.8359127044677734,0.5498558878898621,0.0,0.0,nan,nan,0.0,0.0,0.346304456392924,0.3328051269054413,2.9817708333333335,0.346304456392924,0.023120959599812824,0.022606022655963898
592,0.3823095160000207,3.185664,2.3463807106018066,-0.1149090901017189,0.20957280695438385,nan,0.18510138988494873,0.0,0.022298654541373253,0.0,0.0,0.7853773832321167,15.921305656433105,2.838315725326538,0.5498558878898621,0.0,0.0,nan,nan,0.0,0.0,0.3467586040496826,0.3328230082988739,2.8697916666666665,0.3467586040496826,0.023125740389029186,0.022538617253303528
593,0.38448931499999617,3.185664,2.22627854347229,-0.11434345692396164,0.14941181242465973,nan,0.17300796508789062,0.0,0.024182341992855072,0.0,0.0,0.9166368246078491,15.31235408782959,2.8568859100341797,0.5498558878898621,0.0,0.0,nan,nan,0.0,0.0,0.3477834463119507,0.3336891233921051,2.703125,0.3477834463119507,0.02312447379032771,0.022446267306804657
594,0.3862260299999889,3.185664,2.2333672046661377,-0.102847158908844,0.12617360055446625,nan,0.17397074401378632,0.0,0.02539042755961418,0.0,0.0,1.0393168926239014,14.998785018920898,2.8869309425354004,0.5498558878898621,0.0,0.0,nan,nan,0.0,0.0,0.3484897216161092,0.3343685567378998,2.8151041666666665,0.3484897216161092,0.023137211799621582,0.022314831614494324
595,0.38731184400000984,3.185664,2.2951884269714355,-0.08675849437713623,0.18364334106445312,nan,0.18021874129772186,0.0,0.02779880166053772,0.0,0.0,1.172358751296997,14.44419002532959,2.923983335494995,0.5498558878898621,0.0,0.0,nan,nan,0.0,0.0,0.3487867514292399,0.335517019033432,2.7734375,0.3487867514292399,0.023140472670396168,0.022142522037029266
596,0.3835575929999777,3.185664,2.4071319103240967,-0.06897629797458649,0.17306500673294067,nan,0.19202463328838348,0.0,0.03220120072364807,9.609309927327558e-06,0.03125,1.2488288879394531,13.32950496673584,2.9629592895507812,0.5498558878898621,0.0,0.0,nan,nan,0.0,0.0,0.34845693906148273,0.33551713824272156,2.8125,0.34845693906148273,0.023132224877675373,0.022113509476184845
597,0.38649735299998156,3.185664,2.526980400085449,-0.05592662841081619,0.20292235910892487,nan,0.20360541343688965,0.0,0.03807343542575836,0.00033649406395852566,0.0625,1.415751338005066,12.655123710632324,2.9984118938446045,0.5498558878898621,0.0,0.0,nan,nan,0.0,0.0,0.34762529532114667,0.33551713824272156,2.671875,0.34762529532114667,0.023130342364311218,0.022109486162662506
598,0.38644948400002477,3.185664,2.7403643131256104,-0.04162539914250374,0.21227328479290009,nan,0.2241336554288864,0.0,0.045107707381248474,0.001703366870060563,0.0625,1.2814931869506836,12.52674674987793,3.023118495941162,0.5498558878898621,1.0,0.0,nan,nan,0.0,1.0,0.346078356107076,0.33551710844039917,2.8541666666666665,0.346078356107076,0.02307993918657303,0.021961532533168793
599,0.3762787740000135,3.185664,3.1635653972625732,-0.06141674146056175,0.21437586843967438,nan,0.27170634269714355,0.0,0.008309663273394108,0.0,0.0,0.8088672161102295,10.279417037963867,3.011021375656128,0.5447783470153809,0.0,0.0,nan,nan,0.0,0.0,0.3454471429189046,0.3355170786380768,2.8880208333333335,0.3454471429189046,0.02318382014830907,0.02296019345521927
600,0.3768718939999758,3.185664,2.989201307296753,-0.07476183027029037,0.28329384326934814,nan,0.2551381587982178,0.0,0.006528206169605255,0.0,0.0,0.9091126918792725,9.682018280029297,2.9867911338806152,0.5447783470153809,0.0,0.0,nan,nan,0.0,0.0,0.34559881687164307,0.33509477972984314,2.8671875,0.34559881687164307,0.023132624725500744,0.022909611463546753
601,0.37805388400005313,3.185664,2.7219672203063965,-0.09281564503908157,0.25720953941345215,nan,0.22919319570064545,0.0,0.005634158384054899,0.0,0.0,0.9311875104904175,9.282278060913086,2.947953224182129,0.5447783470153809,0.0,0.0,nan,nan,0.0,0.0,0.3463885386784871,0.3309764266014099,2.8125,0.3463885386784871,0.023124543329079945,0.02290966361761093
602,0.3786943839999708,3.185664,2.5121169090270996,-0.10193929821252823,0.20176586508750916,nan,0.20970740914344788,0.0,0.005342429503798485,0.0,0.0,0.811471700668335,8.444350242614746,2.905637264251709,0.5447783470153809,0.0,0.0,nan,nan,0.0,0.0,0.3457530339558919,0.3293425738811493,2.8020833333333335,0.3457530339558919,0.02314133693774541,0.022926516830921173
603,0.3770829679999679,3.185664,2.3257265090942383,-0.11128346621990204,0.1680852472782135,nan,0.19260916113853455,0.0,0.0052983202040195465,0.0,0.0,0.6330485343933105,7.524754524230957,2.867337942123413,0.5447783470153809,0.0,0.0,nan,nan,0.0,0.0,0.34398456414540607,0.3293794095516205,2.9661458333333335,0.34398456414540607,0.0231082687775294,0.022855117917060852
604,0.3763463060000163,3.185664,2.0778493881225586,-0.12962760031223297,0.15252211689949036,nan,0.1687910556793213,0.0,0.005347739905118942,0.0,0.0,0.7075859904289246,7.1375274658203125,2.8345534801483154,0.5447783470153809,0.0,0.0,nan,nan,0.0,0.0,0.34249242146809894,0.32612571120262146,2.9322916666666665,0.34249242146809894,0.02311725417772929,0.022743605077266693
605,0.37669143399995164,3.185664,1.8420937061309814,-0.15071922540664673,0.15412066876888275,nan,0.1453419178724289,0.0,0.005792377516627312,0.0,0.0,0.7092105746269226,7.150384426116943,2.8124709129333496,0.5447783470153809,0.0,0.0,nan,nan,0.0,0.0,0.3419201771418254,0.3259385824203491,3.1223958333333335,0.3419201771418254,0.023104292651017506,0.022671319544315338
606,0.37722483099997817,3.185664,1.673323392868042,-0.1709306538105011,0.09757782518863678,nan,0.12827889621257782,0.0,0.0067915162071585655,0.0,0.0,0.7311457395553589,7.104143142700195,2.8129146099090576,0.5447783470153809,0.0,0.0,nan,nan,0.0,0.0,0.3427141110102336,0.3281555473804474,2.8880208333333335,0.3427141110102336,0.023120984435081482,0.02262461930513382
607,0.37605345099996157,3.185664,1.6498949527740479,-0.17872869968414307,0.1638595163822174,nan,0.12533989548683167,0.0,0.0081211281940341,0.0,0.0,0.8288731575012207,7.4007673263549805,2.831883430480957,0.5447783470153809,0.0,0.0,nan,nan,0.0,0.0,0.34393755594889325,0.33265313506126404,2.71875,0.34393755594889325,0.023142971098423004,0.022600755095481873
608,0.37647929000002023,3.185664,1.677720546722412,-0.1818508356809616,0.1942303329706192,nan,0.12748387455940247,0.0,0.009389529004693031,0.0,0.0,0.7088260650634766,7.842716217041016,2.8633956909179688,0.5447783470153809,0.0,0.0,nan,nan,0.0,0.0,0.3445148468017578,0.3332776427268982,2.7369791666666665,0.3445148468017578,0.023153965671857197,0.022598914802074432
609,0.3761575429999766,3.185664,1.673110842704773,-0.1862892508506775,0.22356806695461273,nan,0.12653593719005585,0.0,0.009160071611404419,0.0,0.0,0.6883842945098877,8.111248970031738,2.9043374061584473,0.5447783470153809,0.0,0.0,nan,nan,0.0,0.0,0.34407734870910645,0.3342413306236267,2.796875,0.34407734870910645,0.02315839131673177,0.02261301875114441
610,0.37724544399998194,3.185664,1.6683595180511475,-0.19247636198997498,0.15143615007400513,nan,0.12496786564588547,0.0,0.007495217025279999,0.0,0.0,0.8416944742202759,8.408387184143066,2.9509215354919434,0.5447783470153809,0.0,0.0,nan,nan,0.0,0.0,0.34237297375996906,0.33551040291786194,2.7708333333333335,0.34237297375996906,0.023168715337912243,0.02281022071838379
611,0.37641819099997065,3.185664,1.6957207918167114,-0.19704480469226837,0.19210439920425415,nan,0.12691791355609894,0.0,0.005985771771520376,0.0,0.0,0.7855441570281982,8.861644744873047,2.990172863006592,0.5447783470153809,0.0,0.0,nan,nan,0.0,0.0,0.3404567241668701,0.32567229866981506,2.9427083333333335,0.3404567241668701,0.023172890146573383,0.02292267233133316
612,0.37621801400001686,3.185664,1.7088713645935059,-0.2087329924106598,0.2241239845752716,nan,0.12775056064128876,0.0,0.005289310589432716,0.0,0.0,0.5684306621551514,9.227266311645508,3.01282000541687,0.5447783470153809,0.0,0.0,nan,nan,0.0,0.0,0.33956074714660645,0.3222290873527527,2.9270833333333335,0.33956074714660645,0.023189904789129894,0.022948339581489563
613,0.3760713209999835,3.185664,1.7078797817230225,-0.22243432700634003,0.18770669400691986,nan,0.12703508138656616,0.0,0.0047444566152989864,0.0,0.0,0.6385358572006226,9.751182556152344,3.0144238471984863,0.5447783470153809,0.0,0.0,nan,nan,0.0,0.0,0.34017948309580487,0.3222328722476959,2.828125,0.34017948309580487,0.023191002508004505,0.022982463240623474
614,0.37771562500000755,3.185664,1.7188743352890015,-0.2267751395702362,0.18215323984622955,nan,0.12800583243370056,0.0,0.00481953751295805,0.0,0.0,0.683254599571228,10.059748649597168,3.002479314804077,0.5447783470153809,0.0,0.0,nan,nan,0.0,0.0,0.3415900468826294,0.3238474726676941,2.8776041666666665,0.3415900468826294,0.023198480407396953,0.022982493042945862
615,0.3774841320000064,3.185664,1.758270502090454,-0.21709178388118744,0.16105948388576508,nan,0.13287711143493652,0.0,0.0051615736447274685,0.0,0.0,0.5854666233062744,9.439085006713867,2.987853765487671,0.5447783470153809,0.0,0.0,nan,nan,0.0,0.0,0.34216006596883136,0.32640784978866577,3.0260416666666665,0.34216006596883136,0.023192264139652252,0.023014746606349945
616,0.37709612300000117,3.185664,1.7563402652740479,-0.20679545402526855,0.09994341433048248,nan,0.13325734436511993,0.0,0.004722579848021269,0.0,0.0,0.7018169164657593,8.86115837097168,2.977140188217163,0.5447783470153809,0.0,0.0,nan,nan,0.0,0.0,0.3410688241322835,0.32623401284217834,2.8411458333333335,0.3410688241322835,0.02321001887321472,0.02304510772228241
617,0.3771445719999633,3.185664,1.7450618743896484,-0.20624777674674988,0.10033668577671051,nan,0.1313609778881073,0.0,0.004150926135480404,0.0,0.0,0.8593035936355591,9.268021583557129,2.9771697521209717,0.5447783470153809,0.0,0.0,nan,nan,0.0,0.0,0.33934223651885986,0.327034592628479,2.8229166666666665,0.33934223651885986,0.023204967379570007,0.02302536368370056
618,0.38089381199995387,3.185664,1.813807725906372,-0.19797226786613464,0.23780542612075806,nan,0.13737347722053528,0.0,0.0034597336780279875,0.0,0.0,0.970982551574707,9.649706840515137,2.9986026287078857,0.5447783470153809,0.0,0.0,nan,nan,0.0,0.0,0.33810563882191974,0.3235863149166107,2.8932291666666665,0.33810563882191974,0.02320898820956548,0.023056834936141968
619,0.3766200119999894,3.185664,1.9064085483551025,-0.19153594970703125,0.15730197727680206,nan,0.14628034830093384,0.0,0.002778739668428898,0.0,0.0,1.128633975982666,9.476916313171387,3.032536268234253,0.5447783470153809,0.0,0.0,nan,nan,0.0,0.0,0.3375694751739502,0.32242223620414734,2.9114583333333335,0.3375694751739502,0.02322865029176076,0.02303064614534378
620,0.38213477499999726,3.185664,1.9928183555603027,-0.18857145309448242,0.157767653465271,nan,0.15537476539611816,0.0,0.0027592661790549755,0.0,0.0,1.1366326808929443,9.034592628479004,3.0404739379882812,0.5447783470153809,0.0,0.0,nan,nan,0.0,0.0,0.3379461367925008,0.3216469883918762,2.8333333333333335,0.3379461367925008,0.023232633868853252,0.023056887090206146
621,0.376299194000012,3.185664,1.9763810634613037,-0.18685199320316315,0.19156940281391144,nan,0.15457235276699066,0.0,0.0029820515774190426,0.0,0.0,1.1260980367660522,8.23931884765625,3.059936285018921,0.5447783470153809,0.0,0.0,nan,nan,0.0,0.0,0.3386243979136149,0.3222462236881256,2.890625,0.3386243979136149,0.023215986788272858,0.022863857448101044
622,0.37651361199999656,3.185664,1.858544111251831,-0.18214111030101776,0.16407905519008636,nan,0.14367523789405823,0.0,0.003244107123464346,0.0,0.0,1.0245282649993896,7.332667350769043,3.0922818183898926,0.5447783470153809,0.0,0.0,nan,nan,0.0,0.0,0.3390316168467204,0.3261904716491699,3.0625,0.3390316168467204,0.023184843361377716,0.022862032055854797
623,0.37511014899996553,3.185664,1.8074750900268555,-0.1709018349647522,0.2309141457080841,nan,0.13881433010101318,0.0,0.0037536832969635725,0.0,0.0,0.9374257922172546,6.586324214935303,3.129730224609375,0.5447783470153809,0.0,0.0,nan,nan,0.0,0.0,0.33856332302093506,0.326018750667572,2.9583333333333335,0.33856332302093506,0.02317924052476883,0.02283710241317749
624,0.3771545310000306,3.185664,1.7736905813217163,-0.1696273386478424,0.12510013580322266,nan,0.13543272018432617,0.0,0.00408052746206522,0.0,0.0,0.8183485865592957,6.216468334197998,3.1587798595428467,0.5447783470153809,0.0,0.0,nan,nan,0.0,0.0,0.3375285863876343,0.32404017448425293,2.8723958333333335,0.3375285863876343,0.023157152036825817,0.02283518761396408
625,0.37583399099997905,3.185664,1.7721972465515137,-0.17641010880470276,0.093041330575943,nan,0.13566124439239502,0.0,0.004002174828201532,0.0,0.0,0.7562918066978455,5.728553295135498,3.16467547416687,0.5447783470153809,0.0,0.0,nan,nan,0.0,0.0,0.3367571433385213,0.3209090828895569,2.9635416666666665,0.3367571433385213,0.023159563541412354,0.022858351469039917
626,0.37708642300003703,3.185664,1.726617693901062,-0.18895438313484192,0.12769515812397003,nan,0.13142886757850647,0.0,0.00401314627379179,0.0,0.0,0.7818192839622498,5.280154705047607,3.1585116386413574,0.5447783470153809,0.0,0.0,nan,nan,0.0,0.0,0.33681925137837726,0.3194431960582733,2.84375,0.33681925137837726,0.023164463539918263,0.02293148636817932
627,0.37701270600001635,3.185664,1.7092822790145874,-0.19339197874069214,0.2252623289823532,nan,0.1299605518579483,0.0,0.00416788412258029,0.0,0.0,0.7724051475524902,5.214038848876953,3.1401450634002686,0.5447783470153809,0.0,0.0,nan,nan,0.0,0.0,0.3372897307078044,0.31946802139282227,2.9791666666666665,0.3372897307078044,0.02316950261592865,0.02297605574131012
628,0.37598089199997276,3.185664,1.7571513652801514,-0.18325668573379517,0.16264405846595764,nan,0.13548511266708374,0.0,0.00427311472594738,0.0,0.0,0.7451938390731812,4.877017021179199,3.1159844398498535,0.5447783470153809,0.0,0.0,nan,nan,0.0,0.0,0.33744291464487713,0.3219394087791443,3.0885416666666665,0.33744291464487713,0.02318563808997472,0.023041799664497375
629,0.37558599000004733,3.185664,1.711477279663086,-0.18046505749225616,0.32361534237861633,nan,0.1316288709640503,0.0,0.004286461044102907,0.0,0.0,0.7828823924064636,4.452049732208252,3.0912749767303467,0.5447783470153809,0.0,0.0,nan,nan,0.0,0.0,0.33685020605723065,0.3226655125617981,3.0755208333333335,0.33685020605723065,0.02316580464442571,0.02297215908765793
630,0.3770233270000176,3.185664,1.524174451828003,-0.19864243268966675,0.3733674883842468,nan,0.11315073817968369,0.0,0.0044633857905864716,0.0,0.0,0.8152288794517517,4.605124473571777,3.0660178661346436,0.5447783470153809,0.0,0.0,nan,nan,0.0,0.0,0.33686737219492596,0.3241557776927948,3.0,0.33686737219492596,0.02319780985514323,0.022907733917236328
631,0.3767620799999918,3.185664,1.4169061183929443,-0.20745055377483368,0.2611338198184967,nan,0.10231852531433105,0.0,0.005058378912508488,0.0,0.0,0.9627273082733154,4.904168128967285,3.0460727214813232,0.5447783470153809,0.0,0.0,nan,nan,0.0,0.0,0.33769504229227704,0.3254353702068329,3.0625,0.33769504229227704,0.02321020762125651,0.022868022322654724
632,0.37682884399998784,3.185664,1.3916215896606445,-0.21283696591854095,0.08048786222934723,nan,0.09933148324489594,0.0,0.006705977022647858,0.0,0.0,1.0720810890197754,5.055267333984375,3.040329694747925,0.5447783470153809,0.0,0.0,nan,nan,0.0,0.0,0.33800868193308514,0.32434919476509094,2.9869791666666665,0.33800868193308514,0.023212969303131104,0.022846892476081848
633,0.37675380000001724,3.185664,1.4739928245544434,-0.21308135986328125,0.12950687110424042,nan,0.10700392723083496,0.0,0.009057659655809402,0.0,0.0,0.9976987838745117,5.467340469360352,3.055950880050659,0.5447783470153809,0.0,0.0,nan,nan,0.0,0.0,0.3383675813674927,0.3252377212047577,2.9739583333333335,0.3383675813674927,0.02321965992450714,0.02284238487482071
634,0.3765448919999699,3.185664,1.5598275661468506,-0.2093644142150879,0.15112753212451935,nan,0.11461643874645233,0.0,0.010517856106162071,0.0,0.0,0.98981112241745,6.162538051605225,3.087254047393799,0.5447783470153809,0.0,0.0,nan,nan,0.0,0.0,0.33881346384684247,0.33035439252853394,2.9895833333333335,0.33881346384684247,0.02322717507680257,0.02284572273492813
635,0.3750077120000128,3.185664,1.6111983060836792,-0.20075544714927673,0.08607850968837738,nan,0.11914388835430145,0.0,0.011062240228056908,0.0,0.0,0.8816964626312256,6.48673152923584,3.1244583129882812,0.5447783470153809,0.0,0.0,nan,nan,0.0,0.0,0.3387519915898641,0.32777053117752075,2.9661458333333335,0.3387519915898641,0.02323825905720393,0.02305690199136734
636,0.3769785300000308,3.185664,1.7420235872268677,-0.19203129410743713,0.15440553426742554,nan,0.13063929975032806,0.0,0.01065832283347845,0.0,0.0,0.876683235168457,7.344276428222656,3.159675121307373,0.5447783470153809,0.0,0.0,nan,nan,0.0,0.0,0.3374418020248413,0.3263797461986542,2.8307291666666665,0.3374418020248413,0.0232560858130455,0.022904857993125916
637,0.376767717000007,3.185664,1.8095043897628784,-0.19655096530914307,0.15527687966823578,nan,0.13673782348632812,0.0,0.010260376147925854,0.0,0.0,0.5320757627487183,8.26439094543457,3.1822431087493896,0.5447783470153809,0.0,0.0,nan,nan,0.0,0.0,0.33572622140248615,0.3220788836479187,2.8411458333333335,0.33572622140248615,0.023247291644414265,0.02294784039258957
638,0.37651321700002427,3.185664,1.9162991046905518,-0.2016635537147522,0.18099011480808258,nan,0.1463831514120102,0.0,0.009455297142267227,0.0,0.0,0.5635895133018494,9.189753532409668,3.1905553340911865,0.5447783470153809,0.0,0.0,nan,nan,0.0,0.0,0.3351169029871623,0.32203033566474915,2.8567708333333335,0.3351169029871623,0.02322422464688619,0.022880055010318756
639,0.37610711900003935,3.185664,1.9345601797103882,-0.20661066472530365,0.1992444097995758,nan,0.14739945530891418,0.0,0.00842197984457016,0.0,0.0,0.57045578956604,10.080156326293945,3.1840338706970215,0.5447783470153809,0.0,0.0,nan,nan,0.0,0.0,0.33495354652404785,0.32269418239593506,2.890625,0.33495354652404785,0.023225441575050354,0.02293430268764496
640,0.3776502720000394,3.185664,1.9205074310302734,-0.2012883424758911,0.166291743516922,nan,0.14588850736618042,0.0,0.008330343291163445,0.0,0.0,0.5320916175842285,10.363612174987793,3.1624155044555664,0.5447783470153809,0.0,0.0,nan,nan,0.0,0.0,0.3348569869995117,0.32211488485336304,2.9244791666666665,0.3348569869995117,0.023236006498336792,0.022976353764533997
641,0.3825023719999763,3.185664,1.8660672903060913,-0.19253742694854736,0.28923121094703674,nan,0.1408156156539917,0.0,0.00840727612376213,0.0,0.0,0.5844870805740356,9.832210540771484,3.140561580657959,0.5447783470153809,0.0,0.0,nan,nan,0.0,0.0,0.3342680136362712,0.3187534511089325,3.0,0.3342680136362712,0.02321706712245941,0.023007474839687347
642,0.38348992800001724,3.185664,1.858864665031433,-0.18675467371940613,0.28345388174057007,nan,0.14030398428440094,0.0,0.008099043741822243,0.0,0.0,0.8120139837265015,9.464618682861328,3.1289305686950684,0.5447783470153809,0.0,0.0,nan,nan,0.0,0.0,0.3339349826176961,0.3185364603996277,3.1197916666666665,0.3339349826176961,0.023201207319895428,0.02299090474843979
643,0.38291076000001567,3.185664,1.7923327684402466,-0.1929449439048767,0.1980382353067398,nan,0.134230837225914,0.0,0.007983112707734108,0.0,0.0,1.0273828506469727,8.893458366394043,3.131941795349121,0.5447783470153809,0.0,0.0,nan,nan,0.0,0.0,0.3347933292388916,0.3196811378002167,3.1692708333333335,0.3347933292388916,0.023197799921035767,0.022947050631046295
644,0.381068402999972,3.185664,1.8641116619110107,-0.18597164750099182,0.25501975417137146,nan,0.14119865000247955,0.0,0.007772361394017935,0.0,0.0,1.237162470817566,8.814454078674316,3.156219005584717,0.5447783470153809,0.0,0.0,nan,nan,0.0,0.0,0.3362307548522949,0.3249405324459076,3.0416666666666665,0.3362307548522949,0.023198386033376057,0.02291242778301239
645,0.3817980720000378,3.185664,1.9843183755874634,-0.17603015899658203,0.09037754684686661,nan,0.1528596132993698,0.0,0.007768555544316769,0.0,0.0,1.340916633605957,8.722384452819824,3.196343183517456,0.5447783470153809,0.0,0.0,nan,nan,0.0,0.0,0.3370428482691447,0.325928658246994,3.0703125,0.3370428482691447,0.02319562683502833,0.022873565554618835
646,0.38250099999999065,3.185664,2.1370859146118164,-0.1648065745830536,0.2735855281352997,nan,0.16817298531532288,0.0,0.008695606142282486,0.0,0.0,1.0344122648239136,8.614130973815918,3.223508834838867,0.5447783470153809,0.0,0.0,nan,nan,0.0,0.0,0.33750168482462567,0.3286537230014801,3.0234375,0.33750168482462567,0.023189455270767212,0.022831514477729797
647,0.37734701599998743,3.185664,2.2380547523498535,-0.15686960518360138,0.10535363107919693,nan,0.17819923162460327,0.0,0.008717427030205727,0.0,0.0,1.176364779472351,8.24646282196045,3.2653956413269043,0.5447783470153809,0.0,0.0,nan,nan,0.0,0.0,0.3379547595977783,0.3300827145576477,2.90625,0.3379547595977783,0.023186564445495605,0.022810831665992737
648,0.37709023100001104,3.185664,2.1869566440582275,-0.15581300854682922,0.1866176724433899,nan,0.17305156588554382,0.0,0.007864808663725853,0.0,0.0,1.1993658542633057,8.027178764343262,3.31626033782959,0.5447783470153809,0.0,0.0,nan,nan,0.0,0.0,0.33729223410288495,0.32372426986694336,2.9088541666666665,0.33729223410288495,0.023160080115000408,0.022811345756053925
649,0.3772160180000128,3.185664,2.1890175342559814,-0.1487623155117035,0.16056960821151733,nan,0.17326003313064575,0.0,0.007448028773069382,0.0,0.0,0.8924127817153931,7.572911739349365,3.3640642166137695,0.5447783470153809,0.0,0.0,nan,nan,0.0,0.0,0.3356006145477295,0.3188227713108063,3.015625,0.3356006145477295,0.023160862425963085,0.02286525070667267
650,0.37632920499999045,3.185664,2.0733234882354736,-0.155545175075531,0.25669053196907043,nan,0.16194482147693634,0.0,0.00703988503664732,0.0,0.0,0.8187996745109558,6.933320999145508,3.402343511581421,0.5447783470153809,0.0,0.0,nan,nan,0.0,0.0,0.3340282440185547,0.3184128999710083,2.9947916666666665,0.3340282440185547,0.023181612292925518,0.022978179156780243
651,0.3772343399999727,3.185664,1.889220952987671,-0.1731489896774292,0.35883620381355286,nan,0.1441270411014557,0.0,0.006095151416957378,0.0,0.0,0.7602046728134155,6.200374603271484,3.432758092880249,0.5447783470153809,0.0,0.0,nan,nan,0.0,0.0,0.33349668979644775,0.31657874584198,2.9505208333333335,0.33349668979644775,0.02319282293319702,0.022991739213466644
652,0.3772516669999959,3.185664,1.7583305835723877,-0.19164419174194336,0.27500277757644653,nan,0.13118360936641693,0.0,0.004793507046997547,0.0,0.0,0.7586252093315125,5.6818084716796875,3.4557464122772217,0.5447783470153809,0.0,0.0,nan,nan,0.0,0.0,0.3333943287531535,0.31763437390327454,2.8489583333333335,0.3333943287531535,0.023215557138125103,0.02302876114845276
653,0.37692553100004034,3.185664,1.6767631769180298,-0.2019624561071396,0.25538501143455505,nan,0.12313175201416016,0.0,0.004530886188149452,0.0,0.0,0.5264830589294434,5.433052062988281,3.472684383392334,0.5447783470153809,0.0,0.0,nan,nan,0.0,0.0,0.3329800566037496,0.3145676553249359,3.1328125,0.3329800566037496,0.023229800164699554,0.02305685728788376
654,0.3758020749999673,3.185664,1.5783146619796753,-0.2032313197851181,0.228699192404747,nan,0.11330320686101913,0.0,0.004649576731026173,0.0,0.0,0.5580410361289978,5.044325828552246,3.488677978515625,0.5447783470153809,0.0,0.0,nan,nan,0.0,0.0,0.33186360200246173,0.3151237964630127,3.4010416666666665,0.33186360200246173,0.023236334323883057,0.02301540970802307
655,0.3771928360000061,3.185664,1.384916067123413,-0.21247608959674835,0.18818797171115875,nan,0.09372198581695557,0.0,0.005267138592898846,0.0,0.0,0.7615456581115723,4.835784435272217,3.5008437633514404,0.5447783470153809,0.0,0.0,nan,nan,0.0,0.0,0.330435315767924,0.3144338130950928,3.328125,0.330435315767924,0.023227572441101074,0.022962413728237152
656,0.37646008299998357,3.185664,1.2923319339752197,-0.2254214882850647,0.17513781785964966,nan,0.08403518050909042,0.0,0.006905145011842251,0.0,0.0,0.8154703974723816,5.027077674865723,3.512676239013672,0.5447783470153809,0.0,0.0,nan,nan,0.0,0.0,0.33041004339853924,0.3144269287586212,3.2109375,0.33041004339853924,0.02322612206141154,0.022932633757591248
657,0.3763261579999835,3.185664,1.3213927745819092,-0.22819355130195618,0.1550655961036682,nan,0.08663518726825714,0.0,0.008462166413664818,0.0,0.0,0.8233474493026733,5.265131950378418,3.5302696228027344,0.5447783470153809,0.0,0.0,nan,nan,0.0,0.0,0.33143651485443115,0.31783178448677063,3.0625,0.33143651485443115,0.02324085185925166,0.022928506135940552
658,0.3772582560000046,3.185664,1.4860800504684448,-0.21544502675533295,0.13285550475120544,nan,0.10240601003170013,0.0,0.00923969130963087,0.0,0.0,0.8922654986381531,5.572562217712402,3.5579676628112793,0.5447783470153809,0.0,0.0,nan,nan,0.0,0.0,0.33190445105234784,0.3192792236804962,3.1666666666666665,0.33190445105234784,0.023246710499127705,0.022928401827812195
659,0.37700135599999385,3.185664,1.640686273574829,-0.20616866648197174,0.2481844276189804,nan,0.11642738431692123,0.0,0.009946679696440697,0.0,0.0,1.0078318119049072,6.2620673179626465,3.6054675579071045,0.5447783470153809,0.0,0.0,nan,nan,0.0,0.0,0.3317762811978658,0.3155137300491333,3.0390625,0.3317762811978658,0.023268794020016987,0.02293235808610916
660,0.37747633300000416,3.185664,1.7440757751464844,-0.19959652423858643,0.1663811355829239,nan,0.12518684566020966,0.0,0.010790904983878136,0.0,0.0,1.024810552597046,7.114407539367676,3.6780505180358887,0.5447783470153809,0.0,0.0,nan,nan,0.0,0.0,0.3316878875096639,0.31575343012809753,3.0104166666666665,0.3316878875096639,0.023289524018764496,0.022911913692951202
661,0.38283854100001236,3.185664,1.8374474048614502,-0.18966343998908997,0.288284033536911,nan,0.1334366500377655,0.0,0.011370811611413956,0.0,0.0,0.8410024046897888,7.5011444091796875,3.76853084564209,0.5447783470153809,0.0,0.0,nan,nan,0.0,0.0,0.3312571843465169,0.32007288932800293,3.0364583333333335,0.3312571843465169,0.023286109169324238,0.022910676896572113
662,0.38429780799998525,3.185664,1.9539715051651,-0.18192428350448608,0.1558472216129303,nan,0.1433594524860382,0.0,0.011059707961976528,0.0,0.0,0.7959949374198914,8.093912124633789,3.8603570461273193,0.5447783470153809,0.0,0.0,nan,nan,0.0,0.0,0.330198069413503,0.3209109604358673,3.0026041666666665,0.330198069413503,0.0232785368959109,0.022908590734004974
663,0.3838389960000086,3.185664,2.0329885482788086,-0.18515512347221375,0.21566516160964966,nan,0.15027213096618652,0.0,0.010611698031425476,0.0,0.0,0.6924052238464355,8.58425521850586,3.931112766265869,0.5447783470153809,0.0,0.0,nan,nan,0.0,0.0,0.329154908657074,0.3152886629104614,3.09375,0.329154908657074,0.02326033761103948,0.022925965487957
664,0.3838818149999952,3.185664,2.0508878231048584,-0.1956125795841217,0.2972865402698517,nan,0.15154631435871124,0.0,0.011067654937505722,0.0,0.0,0.7880403399467468,8.637863159179688,3.980206251144409,0.5447783470153809,0.0,0.0,nan,nan,0.0,0.0,0.32933545112609863,0.3140072822570801,2.9791666666666665,0.32933545112609863,0.023249037563800812,0.02299756556749344
665,0.3830968970000299,3.185664,2.0711629390716553,-0.19739095866680145,0.2096836268901825,nan,0.1528615653514862,0.0,0.01285822968930006,0.0,0.0,0.8629475831985474,8.743193626403809,4.0182037353515625,0.5447783470153809,0.0,0.0,nan,nan,0.0,0.0,0.3303656578063965,0.31578075885772705,3.0338541666666665,0.3303656578063965,0.023250716427961986,0.023028738796710968
666,0.38404628900002535,3.185664,2.102281332015991,-0.18671078979969025,0.20237280428409576,nan,0.15593594312667847,0.0,0.01545143686234951,0.0,0.0,0.6616378426551819,8.498250961303711,4.04575252532959,0.5447783470153809,0.0,0.0,nan,nan,0.0,0.0,0.3314041495323181,0.31374695897102356,3.0677083333333335,0.3314041495323181,0.023244693875312805,0.023016586899757385
667,0.3867826759999957,3.185664,2.0198171138763428,-0.18252915143966675,0.18268075585365295,nan,0.1480940729379654,0.0,0.016785001382231712,0.0,0.0,0.6742672324180603,7.744361877441406,4.06189489364624,0.5447783470153809,0.0,0.0,nan,nan,0.0,0.0,0.3319671154022217,0.31116726994514465,3.0286458333333335,0.3319671154022217,0.023238984247048695,0.023037143051624298
668,0.3866236580000191,3.185664,1.8885655403137207,-0.18813633918762207,0.20536936819553375,nan,0.1350465714931488,0.0,0.01659456640481949,0.0,0.0,0.8841916918754578,7.548224925994873,4.075451374053955,0.5447783470153809,0.0,0.0,nan,nan,0.0,0.0,0.33234182993570965,0.3085814118385315,2.9140625,0.33234182993570965,0.023258306086063385,0.023056790232658386
669,0.38920328099999324,3.185664,1.8744010925292969,-0.18946310877799988,0.12357234954833984,nan,0.13363179564476013,0.0,0.016052478924393654,0.0,0.0,0.8360535502433777,7.6067962646484375,4.099225044250488,0.5447783470153809,0.0,0.0,nan,nan,0.0,0.0,0.3322153091430664,0.3078742027282715,2.8802083333333335,0.3322153091430664,0.023267748455206554,0.023056909441947937
670,0.3862278010000182,3.185664,2.0550897121429443,-0.17545266449451447,0.17314043641090393,nan,0.15053540468215942,0.0,0.014768033288419247,0.0,0.0,0.8618327975273132,8.32424545288086,4.139575004577637,0.5447783470153809,0.0,0.0,nan,nan,0.0,0.0,0.3314683437347412,0.30835869908332825,3.0026041666666665,0.3314683437347412,0.023258261382579803,0.022997520864009857
671,0.38563795999999684,3.185664,2.1989541053771973,-0.16417518258094788,0.16883163154125214,nan,0.16341303288936615,0.0,0.013183399103581905,0.0,0.0,0.9142546653747559,9.069580078125,4.197857856750488,0.5447783470153809,0.0,0.0,nan,nan,0.0,0.0,0.3309563994407654,0.3125673532485962,3.1119791666666665,0.3309563994407654,0.023243049780527752,0.0227968767285347
672,0.3863926530000299,3.185664,2.219072103500366,-0.16178053617477417,0.1997082382440567,nan,0.16460739076137543,0.0,0.01162143424153328,0.0,0.0,1.1778277158737183,8.888312339782715,4.282940864562988,0.5447783470153809,0.0,0.0,nan,nan,0.0,0.0,0.33195434014002484,0.3164186477661133,3.0182291666666665,0.33195434014002484,0.023238519827524822,0.022761791944503784
673,0.38681547799995997,3.185664,2.242570638656616,-0.15586338937282562,0.22441761195659637,nan,0.1662275195121765,0.0,0.010709000751376152,0.0,0.0,1.2783610820770264,8.612975120544434,4.397130012512207,0.5447783470153809,0.0,0.0,nan,nan,0.0,0.0,0.33378879229227704,0.32152482867240906,3.0885416666666665,0.33378879229227704,0.023191710313161213,0.022733919322490692
674,0.38739646200002653,3.185664,2.2337594032287598,-0.1488792598247528,0.27166444063186646,nan,0.16506358981132507,0.0,0.010416051372885704,0.0,0.0,1.0698131322860718,8.141925811767578,4.504302978515625,0.5447783470153809,0.0,0.0,nan,nan,0.0,0.0,0.33517805735270184,0.3210698962211609,3.1458333333333335,0.33517805735270184,0.02316770702600479,0.022730551660060883
675,0.3848499019999849,3.185664,2.1394100189208984,-0.15238861739635468,0.18609453737735748,nan,0.1556047648191452,0.0,0.010266982018947601,0.0,0.0,0.9317936301231384,7.798336982727051,4.545602798461914,0.5447783470153809,0.0,0.0,nan,nan,0.0,0.0,0.3355169693628947,0.31911611557006836,3.1197916666666665,0.3355169693628947,0.023161669572194416,0.022738061845302582
676,0.3834058400000231,3.185664,2.0353851318359375,-0.16675271093845367,0.18718551099300385,nan,0.1458488553762436,0.0,0.01043838169425726,0.0,0.0,0.8412222862243652,7.565745830535889,4.539616584777832,0.5447783470153809,0.0,0.0,nan,nan,0.0,0.0,0.33523253599802655,0.3185734748840332,2.9869791666666665,0.33523253599802655,0.02315964053074519,0.022772401571273804
677,0.38331364099997245,3.185664,1.9514293670654297,-0.18229687213897705,0.13451218605041504,nan,0.13791649043560028,0.0,0.01056260522454977,0.0,0.0,0.879235029220581,7.206149101257324,4.540946960449219,0.5447783470153809,0.0,0.0,nan,nan,0.0,0.0,0.3351294199625651,0.32116085290908813,3.0625,0.3351294199625651,0.023164555430412292,0.02281847596168518
678,0.38268232899997656,3.185664,1.9032487869262695,-0.19128566980361938,0.11600884795188904,nan,0.13309374451637268,0.0,0.011303519830107689,0.0,0.0,0.8167339563369751,7.012288570404053,4.553515434265137,0.5447783470153809,0.0,0.0,nan,nan,0.0,0.0,0.33540157477060956,0.32069212198257446,3.0182291666666665,0.33540157477060956,0.023182983199755352,0.022860407829284668
679,0.38414125599996396,3.185664,1.8578883409500122,-0.19385510683059692,0.16058015823364258,nan,0.12837286293506622,0.0,0.011947195045650005,0.0,0.0,0.6111534833908081,6.851460933685303,4.572767734527588,0.5447783470153809,0.0,0.0,nan,nan,0.0,0.0,0.33552785714467365,0.3153517544269562,2.9479166666666665,0.33552785714467365,0.023201311628023785,0.022897444665431976
680,0.38723469999996496,3.185664,1.872742772102356,-0.1897653043270111,0.1821267455816269,nan,0.12929746508598328,0.0,0.011319435201585293,0.0,0.0,0.7758457064628601,6.915891170501709,4.596640586853027,0.5447783470153809,0.0,0.0,nan,nan,0.0,0.0,0.33483020464579266,0.31561464071273804,2.9427083333333335,0.33483020464579266,0.023208412031332653,0.022934064269065857
681,0.38739827500000956,3.185664,1.9228874444961548,-0.1840084195137024,0.18500851094722748,nan,0.13358762860298157,0.0,0.011182661168277264,0.0,0.0,0.9048921465873718,7.227075576782227,4.62589693069458,0.5447783470153809,0.0,0.0,nan,nan,0.0,0.0,0.3336164951324463,0.3116694986820221,3.2213541666666665,0.3336164951324463,0.023221691449483235,0.02298254519701004
682,0.38760264000001143,3.185664,1.9117498397827148,-0.19097521901130676,0.07209350913763046,nan,0.1319604068994522,0.0,0.013459830544888973,0.0,0.0,0.9398667812347412,7.577289581298828,4.656911849975586,0.5447783470153809,0.0,0.0,nan,nan,0.0,0.0,0.3334403832753499,0.3116600811481476,3.125,0.3334403832753499,0.023231337467829388,0.023021146655082703
683,0.39084189900000865,3.185664,1.90444016456604,-0.19976218044757843,0.21448862552642822,nan,0.1303481161594391,0.0,0.016583573073148727,0.0,0.0,0.8968627452850342,8.130287170410156,4.686922073364258,0.5447783470153809,0.0,0.0,nan,nan,0.0,0.0,0.3345332145690918,0.3146043121814728,2.96875,0.3345332145690918,0.023259917894999187,0.022943660616874695
684,0.3863770229999659,3.185664,1.9720115661621094,-0.1971842646598816,0.3002951145172119,nan,0.13601163029670715,0.0,0.018695902079343796,0.0,0.0,0.9140326380729675,8.577022552490234,4.7193522453308105,0.5447783470153809,0.0,0.0,nan,nan,0.0,0.0,0.3351375261942546,0.3200378715991974,2.9635416666666665,0.3351375261942546,0.023253691693147022,0.02271493524312973
685,0.3879668419999689,3.185664,2.03948712348938,-0.19252818822860718,0.34116098284721375,nan,0.14182940125465393,0.0,0.01947464607656002,0.0,0.0,0.93976229429245,8.974862098693848,4.749372482299805,0.5447783470153809,0.0,0.0,nan,nan,0.0,0.0,0.3349646329879761,0.31842240691185,3.1015625,0.3349646329879761,0.02323172241449356,0.02264741063117981
686,0.38717232200002627,3.185664,2.0407919883728027,-0.1893690973520279,0.13800962269306183,nan,0.1411559283733368,0.0,0.01922861486673355,0.0,0.0,1.0483677387237549,9.567529678344727,4.769309043884277,0.5447783470153809,0.0,0.0,nan,nan,0.0,0.0,0.33511654535929364,0.3154721260070801,3.1744791666666665,0.33511654535929364,0.023224055767059326,0.022633031010627747
687,0.38732529399999294,3.185664,2.114647626876831,-0.17679059505462646,0.3042997419834137,nan,0.14772823452949524,0.0,0.01820363849401474,0.0,0.0,1.0113357305526733,10.239702224731445,4.784108638763428,0.5447783470153809,0.0,0.0,nan,nan,0.0,0.0,0.33507708708445233,0.31430041790008545,3.0,0.33507708708445233,0.02322486788034439,0.02263234555721283
688,0.39032208600002605,3.185664,2.273195505142212,-0.15980401635169983,0.2245437204837799,nan,0.16198277473449707,0.0,0.01709103398025036,0.0,0.0,0.9283256530761719,11.51218032836914,4.800422668457031,0.5447783470153809,0.0,0.0,nan,nan,0.0,0.0,0.3345363934834798,0.31264856457710266,2.9166666666666665,0.3345363934834798,0.023219612737496693,0.022647224366664886
689,0.3872727219999774,3.185664,2.455049514770508,-0.14732542634010315,0.3119131624698639,nan,0.17896036803722382,0.0,0.016496509313583374,0.0,0.0,0.7653573751449585,12.939291000366211,4.819910049438477,0.5447783470153809,0.0,0.0,nan,nan,0.0,0.0,0.3341321150461833,0.3129642903804779,3.0546875,0.3341321150461833,0.02321510761976242,0.02270163595676422
690,0.3880561180000086,3.185664,2.537773370742798,-0.14952057600021362,0.2992291748523712,nan,0.18678715825080872,0.0,0.01712237112224102,0.0,0.0,0.6845380067825317,13.176124572753906,4.84466552734375,0.5447783470153809,0.0,0.0,nan,nan,0.0,0.0,0.3347289562225342,0.31645527482032776,3.0859375,0.3347289562225342,0.02321392794450124,0.022796355187892914
691,0.3877766930000348,3.185664,2.637369394302368,-0.1496250331401825,0.48200419545173645,nan,0.19629943370819092,0.0,0.01857125014066696,0.0,0.0,0.7450994849205017,13.042259216308594,4.876940727233887,0.5447783470153809,0.0,0.0,nan,nan,0.0,0.0,0.33623770872751874,0.31417587399482727,2.9921875,0.33623770872751874,0.02323150634765625,0.02290593832731247
692,0.38600408799999286,3.185664,2.7382497787475586,-0.1416948437690735,0.4252585470676422,nan,0.20641756057739258,0.0,0.020724907517433167,0.0,0.0,0.6865527629852295,12.478628158569336,4.919747829437256,0.5447783470153809,0.0,0.0,nan,nan,0.0,0.0,0.33719484011332196,0.3112143576145172,3.0,0.33719484011332196,0.02324331800142924,0.022715240716934204
693,0.38707928799999536,3.185664,2.806527614593506,-0.13206946849822998,0.2864774167537689,nan,0.2139170616865158,0.0,0.02364148199558258,0.0,0.0,0.7563685178756714,11.361082077026367,4.970651626586914,0.5447783470153809,0.0,0.0,nan,nan,0.0,0.0,0.33704384167989093,0.30873528122901917,3.0963541666666665,0.33704384167989093,0.023215065399805706,0.0226859450340271
694,0.3930578729999752,3.185664,2.7361481189727783,-0.1324530839920044,0.12611818313598633,nan,0.20658116042613983,0.0,0.026888370513916016,0.0,0.0,0.9814583659172058,10.544807434082031,5.027415752410889,0.5447783470153809,0.0,0.0,nan,nan,0.0,0.0,0.33629095554351807,0.3078210949897766,2.8359375,0.33629095554351807,0.023224877814451855,0.022652417421340942
695,0.3910205159999691,3.185664,2.6645734310150146,-0.13672170042991638,0.15231044590473175,nan,0.19861096143722534,0.0,0.030064186081290245,0.0,0.0,0.9402982592582703,10.412981986999512,5.083646297454834,0.5447783470153809,0.0,0.0,nan,nan,0.0,0.0,0.33519140879313153,0.30806800723075867,2.7916666666666665,0.33519140879313153,0.023266019920508068,0.022654369473457336
696,0.3878694499999824,3.185664,2.597166061401367,-0.13998079299926758,0.19106802344322205,nan,0.19110655784606934,0.0,0.03125856816768646,0.0,0.0,0.8597589731216431,10.546863555908203,5.135138511657715,0.5447783470153809,0.0,0.0,nan,nan,0.0,0.0,0.3340948422749837,0.3135688900947571,2.9166666666666665,0.3340948422749837,0.023304755489031475,0.023057013750076294
697,0.3868133510000007,3.185664,2.522547721862793,-0.14460094273090363,0.21605350077152252,nan,0.18280267715454102,0.0,0.030271030962467194,0.0,0.0,0.9921819567680359,10.566064834594727,5.189910888671875,0.5447783470153809,0.0,0.0,nan,nan,0.0,0.0,0.33355244000752765,0.3142978250980377,2.8125,0.33355244000752765,0.023288828631242115,0.022949598729610443
698,0.38631295100003626,3.185664,2.461350917816162,-0.1435709297657013,0.23715320229530334,nan,0.17648062109947205,0.0,0.028327830135822296,0.0,0.0,1.1551244258880615,10.494293212890625,5.257019519805908,0.5447783470153809,0.0,0.0,nan,nan,0.0,0.0,0.33356861273447674,0.3154784142971039,2.7838541666666665,0.33356861273447674,0.023258939385414124,0.023056983947753906
699,0.3883890930000007,3.185664,2.4808452129364014,-0.1369594782590866,0.3855602443218231,nan,0.17755746841430664,0.0,0.028116226196289062,0.0,0.0,1.1515192985534668,10.841129302978516,5.331253528594971,0.5447783470153809,0.0,0.0,nan,nan,0.0,0.0,0.33394161860148114,0.31606966257095337,2.90625,0.33394161860148114,0.023239846030871075,0.022744394838809967
700,0.3915182050000112,3.185664,2.491450309753418,-0.13279107213020325,0.5595045685768127,nan,0.17814749479293823,0.0,0.029774587601423264,0.0,0.0,1.128967046737671,10.860252380371094,5.386857509613037,0.5447783470153809,0.0,0.0,nan,nan,0.0,0.0,0.3346833388010661,0.31577807664871216,3.03125,0.3346833388010661,0.023226807514826458,0.022766105830669403
701,0.3904065010000295,3.185664,2.451833963394165,-0.13679973781108856,0.28612205386161804,nan,0.1735655516386032,0.0,0.031062133610248566,0.0,0.0,1.0897934436798096,11.077681541442871,5.423872947692871,0.5447783470153809,0.0,0.0,nan,nan,0.0,0.0,0.3360455433527629,0.31578782200813293,2.9791666666666665,0.3360455433527629,0.02323383092880249,0.022776298224925995
702,0.38933175099998607,3.185664,2.466416835784912,-0.14235857129096985,0.3129592835903168,nan,0.17464753985404968,0.0,0.03196471557021141,0.0,0.0,1.0632988214492798,11.417265892028809,5.443717002868652,0.5447783470153809,0.0,0.0,nan,nan,0.0,0.0,0.3375054597854614,0.31745365262031555,3.0338541666666665,0.3375054597854614,0.02324552834033966,0.022797882556915283
703,0.38599531400001297,3.185664,2.5763981342315674,-0.13685515522956848,0.25231996178627014,nan,0.18500015139579773,0.0,0.033238694071769714,0.0,0.0,1.104029655456543,11.546053886413574,5.463876247406006,0.5447783470153809,0.0,0.0,nan,nan,0.0,0.0,0.33867084980010986,0.32103073596954346,2.828125,0.33867084980010986,0.023267706235249836,0.022867552936077118
704,0.3909932590000267,3.185664,2.698944568634033,-0.12562569975852966,0.2557908892631531,nan,0.196880504488945,0.0,0.03580131381750107,0.0,0.0,0.9114097356796265,11.676568984985352,5.488828182220459,0.5447783470153809,0.0,0.0,nan,nan,0.0,0.0,0.33960505326588947,0.318575382232666,2.9661458333333335,0.33960505326588947,0.0232515682776769,0.02295718342065811
705,0.3941718670000114,3.185664,2.8007428646087646,-0.11527980864048004,0.22020483016967773,nan,0.20668655633926392,0.0,0.03876955434679985,0.0,0.0,0.6767493486404419,11.652575492858887,5.515183925628662,0.5447783470153809,0.0,0.0,nan,nan,0.0,0.0,0.340692400932312,0.31610727310180664,2.8776041666666665,0.340692400932312,0.023250614603360493,0.022952228784561157
706,0.3921401919999994,3.185664,2.8325252532958984,-0.10800644755363464,0.2280523031949997,nan,0.21024946868419647,0.0,0.0410660021007061,0.0,0.0,0.7439479827880859,11.204249382019043,5.52606201171875,0.5447783470153809,0.0,0.0,nan,nan,0.0,0.0,0.34138162930806476,0.3143954575061798,2.75,0.34138162930806476,0.02324401338895162,0.022951990365982056
707,0.3927493950000098,3.185664,2.838334798812866,-0.10424832254648209,0.3304029703140259,nan,0.2109186053276062,0.0,0.04415733739733696,8.237064719196496e-08,0.010416666977107525,0.7602893114089966,11.615004539489746,5.472285270690918,0.5447783470153809,0.0,0.0,nan,nan,0.0,0.0,0.340989629427592,0.3141772150993347,2.8723958333333335,0.340989629427592,0.023224848012129467,0.022966966032981873
708,0.3949640079999881,3.185664,2.7555980682373047,-0.11181804537773132,0.3020220100879669,nan,0.20245769619941711,0.0,0.049531519412994385,2.788808887999039e-05,0.0625,0.6429507732391357,12.258733749389648,5.410715103149414,0.5447783470153809,0.0,0.0,nan,nan,0.0,0.0,0.3399367729822795,0.31451910734176636,2.7838541666666665,0.3399367729822795,0.023200211425622303,0.022952884435653687
709,0.39390797299995484,3.185664,2.6629996299743652,-0.1225268617272377,0.2321307212114334,nan,0.19153368473052979,0.0,0.05642091482877731,0.00017315667355433106,0.0625,0.9667915105819702,13.27344799041748,5.3551483154296875,0.5447783470153809,0.0,0.0,nan,nan,0.0,0.0,0.33911462624867755,0.3166981339454651,2.8958333333333335,0.33911462624867755,0.02320877214272817,0.02295217663049698
710,0.39457894899999246,3.185664,2.7167601585388184,-0.1184878796339035,0.31924131512641907,nan,0.19495455920696259,0.0,0.0649435818195343,0.0004771130334120244,0.0625,1.1279804706573486,14.338581085205078,5.29680871963501,0.5447783470153809,0.0,0.0,nan,nan,0.0,0.0,0.3385386864344279,0.31031501293182373,2.8697916666666665,0.3385386864344279,0.02319084604581197,0.022893577814102173
711,0.3946213520000015,3.185664,2.946828603744507,-0.10321959853172302,0.3126610219478607,nan,0.21759919822216034,0.0,0.07462652772665024,0.000987019157037139,0.1041666716337204,1.133028268814087,15.446688652038574,5.232264995574951,0.5447783470153809,0.0,0.0,nan,nan,0.0,0.0,0.33850987752278644,0.2998431622982025,2.8020833333333335,0.33850987752278644,0.02316839744647344,0.022805996239185333
712,0.3984487800000238,3.185664,3.305690288543701,-0.08289410173892975,0.20421640574932098,nan,0.2520633935928345,0.0,0.08484594523906708,0.0020857839845120907,0.125,1.3339736461639404,17.119304656982422,5.148821830749512,0.5447783470153809,0.0,0.0,nan,nan,0.0,0.0,0.3392319679260254,0.28994104266166687,2.8333333333333335,0.3392319679260254,0.023144570489724476,0.022805683314800262
713,0.3953505199999654,3.185664,3.8019187450408936,-0.06561011075973511,0.20878078043460846,nan,0.30796143412590027,0.0,0.07052518427371979,0.00202373368665576,0.0859375,1.346078634262085,15.834513664245605,4.798132419586182,0.5515745878219604,1.0,0.0,nan,nan,0.0,1.0,0.34189291795094806,0.2862739861011505,2.921875,0.34189291795094806,0.023174139360586803,0.022811904549598694
714,0.3831817450000017,3.185664,3.7699601650238037,-0.05462149530649185,0.14290916919708252,nan,0.311939001083374,0.0,0.05126482993364334,0.00152572151273489,0.0416666679084301,1.1571751832962036,13.89864730834961,4.393126487731934,0.5517805814743042,1.0,0.0,nan,nan,0.0,1.0,0.34406085809071857,0.2991414964199066,2.9479166666666665,0.34406085809071857,0.023146013418833416,0.022827409207820892
715,0.38771280000003117,3.185664,3.5049333572387695,-0.047372616827487946,0.2395203560590744,nan,0.29365795850753784,0.0,0.030325859785079956,1.9381802474072174e-07,0.010416666977107525,0.9859711527824402,11.444435119628906,3.9751079082489014,0.5440371036529541,0.0,0.0,nan,nan,0.0,0.0,0.34637757142384845,0.32044288516044617,3.0,0.34637757142384845,0.023081856469313305,0.02286355197429657
716,0.38837634899999784,3.185664,3.443052291870117,-0.05269987881183624,0.24718999862670898,nan,0.2872077226638794,0.0,0.036120202392339706,9.122712071985006e-05,0.0625,1.0846227407455444,12.118152618408203,3.892632484436035,0.5440371036529541,0.0,0.0,nan,nan,0.0,0.0,0.3461090326309204,0.3203637897968292,2.8776041666666665,0.3461090326309204,0.023059390485286713,0.022835321724414825
717,0.38794641300000876,3.185664,3.357684850692749,-0.06619910895824432,0.3662729263305664,nan,0.2786981761455536,0.0,0.04390415549278259,0.0006689596921205521,0.0625,1.177493929862976,11.907049179077148,3.8223624229431152,0.5440371036529541,0.0,0.0,nan,nan,0.0,0.0,0.3449229796727498,0.32134127616882324,2.765625,0.3449229796727498,0.02305511136849721,0.022378750145435333
718,0.38630606899999975,3.185664,3.240156412124634,-0.08374537527561188,0.19878530502319336,nan,0.2685277760028839,0.0,0.044836096465587616,0.0015891328221186996,0.0494791679084301,1.0831161737442017,10.655426025390625,3.7190215587615967,0.5482484698295593,1.0,0.0,nan,nan,0.0,1.0,0.34359316031138104,0.31755733489990234,2.8828125,0.34359316031138104,0.02309576670328776,0.022364847362041473
719,0.38329610599998887,3.185664,2.9169464111328125,-0.10552158206701279,0.14807374775409698,nan,0.24238014221191406,0.0,0.017808059230446815,0.0,0.0,0.6520272493362427,8.620696067810059,3.5206298828125,0.5642516613006592,0.0,0.0,nan,nan,0.0,0.0,0.34345845381418866,0.3088226914405823,2.859375,0.34345845381418866,0.023062723378340404,0.022284328937530518
720,0.38279503199999,3.185664,2.4962687492370605,-0.12488612532615662,0.3373996615409851,nan,0.20157425105571747,0.0,0.018730826675891876,0.0,0.0,0.7432653903961182,7.871707439422607,3.450132369995117,0.5642516613006592,0.0,0.0,nan,nan,0.0,0.0,0.34177199999491376,0.3045060336589813,2.8567708333333335,0.34177199999491376,0.02307165910800298,0.02216450124979019
721,0.38206625699996266,3.185664,2.2040491104125977,-0.1367039978504181,0.2239135056734085,nan,0.17272210121154785,0.0,0.019282300025224686,0.0,0.0,0.8411893844604492,8.209150314331055,3.3812804222106934,0.5642516613006592,0.0,0.0,nan,nan,0.0,0.0,0.33884406089782715,0.3037538528442383,2.8489583333333335,0.33884406089782715,0.023108497262001038,0.02201790362596512
722,0.3868912340000179,3.185664,2.083728313446045,-0.142512708902359,0.2615129351615906,nan,0.1606125682592392,0.0,0.020889252424240112,0.0,0.0,0.8777925968170166,8.837915420532227,3.31204891204834,0.5642516613006592,0.0,0.0,nan,nan,0.0,0.0,0.3364030122756958,0.30381152033805847,2.9947916666666665,0.3364030122756958,0.023142673075199127,0.021867133677005768
723,0.3853048080000008,3.185664,2.0700364112854004,-0.14615288376808167,0.2554086446762085,nan,0.15877985954284668,0.0,0.02345580980181694,0.0,0.0,1.002319574356079,9.351972579956055,3.2399187088012695,0.5642516613006592,0.0,0.0,nan,nan,0.0,0.0,0.3356451193491618,0.30406641960144043,2.9192708333333335,0.3356451193491618,0.02314018706480662,0.02176414430141449
724,0.38843864300002906,3.185664,2.122488498687744,-0.14086391031742096,0.16346608102321625,nan,0.16435733437538147,0.0,0.026824887841939926,2.683046140816714e-08,0.0052083334885537624,1.1538963317871094,9.231739044189453,3.165360927581787,0.5642516613006592,0.0,0.0,nan,nan,0.0,0.0,0.33626651763916016,0.2997528612613678,2.7890625,0.33626651763916016,0.02312605579694112,0.021715179085731506
725,0.3932154329999662,3.185664,2.196429491043091,-0.1214686930179596,0.20524318516254425,nan,0.17262427508831024,0.0,0.031588491052389145,6.630103598581627e-05,0.0625,1.324307918548584,8.921134948730469,3.0883383750915527,0.5642516613006592,0.0,0.0,nan,nan,0.0,0.0,0.3369843562444051,0.2895840108394623,2.9739583333333335,0.3369843562444051,0.023092550535996754,0.021598465740680695
726,0.38983205099998486,3.185664,2.2035346031188965,-0.09786856174468994,0.40571078658103943,nan,0.17367050051689148,0.0,0.039804041385650635,0.0007196457008831203,0.0625,1.638784408569336,8.521291732788086,3.0099093914031982,0.5642516613006592,0.0,0.0,nan,nan,0.0,0.0,0.33692097663879395,0.2730126678943634,3.125,0.33692097663879395,0.02307133624951045,0.02142258733510971
727,0.38848014699999567,3.185664,2.391650438308716,-0.09854325652122498,0.12809418141841888,nan,0.1941940039396286,0.0,0.03333982825279236,0.001418716972693801,0.0364583358168602,1.5811618566513062,8.380426406860352,2.9338717460632324,0.5748265385627747,1.0,0.0,nan,nan,0.0,1.0,0.3388220469156901,0.259433776140213,3.0286458333333335,0.3388220469156901,0.02317935973405838,0.02132251113653183
728,0.37631750200000624,3.185664,2.6658034324645996,-0.11214179545640945,0.15254464745521545,nan,0.2245812863111496,0.0,0.012437179684638977,0.0,0.0,0.9814248085021973,8.388629913330078,2.8628292083740234,0.5896313190460205,0.0,0.0,nan,nan,0.0,0.0,0.34207479159037274,0.3202535808086395,2.8463541666666665,0.34207479159037274,0.023212288816769917,0.022863313555717468
729,0.38078403000002936,3.185664,2.7103822231292725,-0.10531342029571533,0.3875175416469574,nan,0.2283860146999359,0.0,0.012887923046946526,0.0,0.0,0.8625652194023132,9.280814170837402,2.7990825176239014,0.5896313190460205,0.0,0.0,nan,nan,0.0,0.0,0.34179166952768963,0.3157206177711487,2.8515625,0.34179166952768963,0.02321405957142512,0.022876247763633728
730,0.3816892410000037,3.185664,2.69172739982605,-0.1044263169169426,0.3475417196750641,nan,0.2262573093175888,0.0,0.013609970919787884,0.0,0.0,0.8613624572753906,10.334831237792969,2.7417688369750977,0.5896313190460205,0.0,0.0,nan,nan,0.0,0.0,0.34107716878255206,0.31307196617126465,2.8984375,0.34107716878255206,0.02321558694044749,0.022877052426338196
731,0.3774591750000127,3.185664,2.568600654602051,-0.11179850250482559,0.28807610273361206,nan,0.21375879645347595,0.0,0.015805499628186226,0.0,0.0,0.7860848307609558,11.209732055664062,2.690262794494629,0.5896313190460205,0.0,0.0,nan,nan,0.0,0.0,0.3406579891840617,0.31255924701690674,2.9192708333333335,0.3406579891840617,0.023212917149066925,0.0228961780667305
732,0.38531167799999366,3.185664,2.5178792476654053,-0.11512711644172668,0.14198614656925201,nan,0.20827838778495789,0.0,0.018900088965892792,0.0,0.0,0.888178825378418,11.868301391601562,2.645005941390991,0.5896313190460205,0.0,0.0,nan,nan,0.0,0.0,0.3401722510655721,0.31266215443611145,3.03125,0.3401722510655721,0.023200688262780506,0.02291874587535858
733,0.3915332330000183,3.185664,2.614285707473755,-0.11605880409479141,0.11304086446762085,nan,0.21658051013946533,0.0,0.02208302542567253,0.0,0.0,0.9806264638900757,13.103251457214355,2.6094069480895996,0.5896313190460205,0.0,0.0,nan,nan,0.0,0.0,0.33950289090474445,0.30934903025627136,2.9505208333333335,0.33950289090474445,0.02319256216287613,0.022936858236789703
734,0.39130078599998797,3.185664,2.6734459400177,-0.12504024803638458,0.2045864313840866,nan,0.22150945663452148,0.0,0.02592487260699272,0.0,0.0,0.9366841316223145,14.1843900680542,2.5849618911743164,0.5896313190460205,0.0,0.0,nan,nan,0.0,0.0,0.3393400510152181,0.30465787649154663,2.875,0.3393400510152181,0.023198860387007397,0.0230153426527977
735,0.3908323040000141,3.185664,2.8122143745422363,-0.13044895231723785,0.1909635066986084,nan,0.23441332578659058,0.0,0.029412327334284782,0.0,0.0,1.0692760944366455,14.922063827514648,2.566575765609741,0.5896313190460205,0.0,0.0,nan,nan,0.0,0.0,0.339694341023763,0.30438533425331116,2.8958333333333335,0.339694341023763,0.023193910717964172,0.023014232516288757
736,0.39100151899998536,3.185664,2.993337631225586,-0.12376197427511215,0.21929971873760223,nan,0.2518445551395416,0.0,0.03262397646903992,0.0,0.0,1.1666784286499023,15.137652397155762,2.547997236251831,0.5896313190460205,0.0,0.0,nan,nan,0.0,0.0,0.3402666648228963,0.30499884486198425,2.9401041666666665,0.3402666648228963,0.023194683094819386,0.023038096725940704
737,0.3909123440000144,3.185664,3.095552444458008,-0.11362404376268387,0.22355814278125763,nan,0.2626039385795593,0.0,0.0368625745177269,0.0,0.0,1.2046910524368286,14.359038352966309,2.5226683616638184,0.5896313190460205,0.0,0.0,nan,nan,0.0,0.0,0.34108750025431317,0.30644479393959045,2.90625,0.34108750025431317,0.023194360236326855,0.02304524928331375
738,0.39230355600000166,3.185664,3.053673505783081,-0.10422877967357635,0.19369542598724365,nan,0.26000523567199707,0.0,0.044245921075344086,2.1752892280346714e-05,0.0442708358168602,1.5090913772583008,13.468488693237305,2.4839742183685303,0.5896313190460205,0.0,0.0,nan,nan,0.0,0.0,0.3419720729192098,0.3072682023048401,2.828125,0.3419720729192098,0.02319324513276418,0.023056603968143463
739,0.3900824959999909,3.185664,2.9516375064849854,-0.09599806368350983,0.08831457048654556,nan,0.25088322162628174,0.0,0.05481494963169098,0.0004239992704242468,0.1223958358168602,1.6667914390563965,12.217939376831055,2.4317736625671387,0.5896313190460205,0.0,0.0,nan,nan,0.0,0.0,0.3415529727935791,0.3102090358734131,2.8385416666666665,0.3415529727935791,0.023156474033991497,0.02284952998161316
740,0.39076257499999656,3.185664,2.709263563156128,-0.09849870204925537,0.06716300547122955,nan,0.22731444239616394,0.0,0.06653085350990295,0.0019661174155771732,0.125,1.7229032516479492,11.351957321166992,2.374892234802246,0.5896313190460205,0.0,0.0,nan,nan,0.0,0.0,0.33968087037404376,0.3162483870983124,2.8333333333333335,0.33968087037404376,0.0231148103872935,0.02277819812297821
741,0.38604110400001446,3.185664,2.676560640335083,-0.10616722702980042,0.12022832036018372,nan,0.22840505838394165,0.0,0.041118133813142776,0.0013058653566986322,0.0703125,1.2677196264266968,9.899338722229004,2.2843029499053955,0.5967487096786499,1.0,0.0,nan,nan,0.0,1.0,0.3393514156341553,0.31582778692245483,2.9635416666666665,0.3393514156341553,0.023130846520264942,0.022798649966716766
742,0.38520797899997206,3.185664,2.4281821250915527,-0.12794534862041473,0.16704970598220825,nan,0.2063298225402832,0.0,0.034074053168296814,0.0017131916247308254,0.0494791679084301,1.1148546934127808,8.225105285644531,2.224268913269043,0.5991032123565674,1.0,0.0,nan,nan,0.0,1.0,0.3401166598002116,0.3046543002128601,2.8671875,0.3401166598002116,0.0231228768825531,0.02274462953209877
743,0.3781452040000204,3.185664,2.6876657009124756,-0.13550381362438202,0.28253060579299927,nan,0.23532406985759735,0.0,0.0063103968277573586,0.0,0.0,0.8371089696884155,7.499468803405762,2.166196584701538,0.6041864156723022,0.0,0.0,nan,nan,0.0,0.0,0.34409356117248535,0.3274155259132385,2.7421875,0.34409356117248535,0.023104230562845867,0.022857628762722015
744,0.37787248699999054,3.185664,2.462390661239624,-0.1415034532546997,0.2689113914966583,nan,0.2137037217617035,0.0,0.008643114939332008,0.0,0.0,0.748088002204895,6.965527534484863,2.126551628112793,0.6041864156723022,0.0,0.0,nan,nan,0.0,0.0,0.34592493375142414,0.33081239461898804,2.84375,0.34592493375142414,0.02307553340991338,0.022844240069389343
745,0.3785860179999645,3.185664,2.275890350341797,-0.1433412879705429,0.23635832965373993,nan,0.19568932056427002,0.0,0.010363934561610222,0.0,0.0,0.8016738891601562,6.36069393157959,2.0966851711273193,0.6041864156723022,0.0,0.0,nan,nan,0.0,0.0,0.3456677198410034,0.33365097641944885,2.8411458333333335,0.3456677198410034,0.023074132700761158,0.022787652909755707
746,0.38199010400001043,3.185664,2.08685302734375,-0.14908228814601898,0.24362507462501526,nan,0.17634360492229462,0.0,0.011247113347053528,0.0,0.0,0.9180557131767273,6.300173759460449,2.0779452323913574,0.6041864156723022,0.0,0.0,nan,nan,0.0,0.0,0.34296031792958576,0.3267610967159271,2.8880208333333335,0.34296031792958576,0.02307975043853124,0.02171672135591507
747,0.3829839960000072,3.185664,2.0497965812683105,-0.15135058760643005,0.2835482954978943,nan,0.17086093127727509,0.0,0.011904716491699219,0.0,0.0,0.9731011390686035,7.460775375366211,2.069401979446411,0.6041864156723022,0.0,0.0,nan,nan,0.0,0.0,0.3396290143330892,0.3147868812084198,2.9661458333333335,0.3396290143330892,0.0230637068549792,0.02165253460407257
748,0.38617663600001606,3.185664,2.0815961360931396,-0.14952287077903748,0.18614929914474487,nan,0.1722554862499237,0.0,0.013839277438819408,0.0,0.0,1.1911362409591675,8.664051055908203,2.0698561668395996,0.6041864156723022,0.0,0.0,nan,nan,0.0,0.0,0.3375101089477539,0.3123002350330353,3.1354166666666665,0.3375101089477539,0.023050335546334583,0.021568357944488525
749,0.3851179890000367,3.185664,2.0677731037139893,-0.14660809934139252,0.14378491044044495,nan,0.16977712512016296,0.0,0.01848766580224037,0.0,0.0,1.367009162902832,9.397521018981934,2.074392080307007,0.6041864156723022,0.0,0.0,nan,nan,0.0,0.0,0.33725770314534503,0.30565130710601807,3.140625,0.33725770314534503,0.023054624597231548,0.02147156000137329
750,0.3878375580000011,3.185664,2.050504446029663,-0.1341743767261505,0.11311494559049606,nan,0.16727034747600555,0.0,0.026331230998039246,0.0,0.0,1.57513427734375,9.770209312438965,2.077268123626709,0.6041864156723022,0.0,0.0,nan,nan,0.0,0.0,0.3379412889480591,0.29760637879371643,2.9244791666666665,0.3379412889480591,0.023054624597231548,0.021341681480407715
751,0.3868071699999973,3.185664,1.9531255960464478,-0.11900097131729126,0.17107020318508148,nan,0.15650653839111328,0.0,0.03716785088181496,5.8530109527055174e-05,0.0442708358168602,1.6327117681503296,10.323351860046387,2.075594425201416,0.6041864156723022,0.0,0.0,nan,nan,0.0,0.0,0.3379710912704468,0.2869051992893219,2.8567708333333335,0.3379710912704468,0.023039656380812328,0.02116098254919052
752,0.3843174259999955,3.185664,1.8533055782318115,-0.10955250263214111,0.32572510838508606,nan,0.14433340728282928,0.0,0.049222104251384735,0.0008328256662935019,0.0625,1.5624326467514038,10.779714584350586,2.0669116973876953,0.6041864156723022,0.0,0.0,nan,nan,0.0,0.0,0.3368772665659587,0.2698354423046112,2.8802083333333335,0.3368772665659587,0.023030022780100506,0.020957250148057938
753,0.3892998179999836,3.185664,1.8022361993789673,-0.10344736278057098,0.22214272618293762,nan,0.1396540254354477,0.0,0.05973737686872482,0.0032220017164945602,0.0625,1.7703264951705933,11.310447692871094,2.0573606491088867,0.6041864156723022,0.0,0.0,nan,nan,0.0,0.0,0.3338265021642049,0.24197734892368317,2.8203125,0.3338265021642049,0.023040687044461567,0.020773936063051224
754,0.3871831719999932,3.185664,2.3446500301361084,-0.15878286957740784,0.13562016189098358,nan,0.1947418451309204,0.0,0.02674897015094757,0.0009757634252309799,0.010416666977107525,1.3359750509262085,12.84561824798584,2.0217225551605225,0.6015037894248962,1.0,0.0,nan,nan,0.0,1.0,0.33616824944814044,0.24136438965797424,2.9817708333333335,0.33616824944814044,0.02324441323677699,0.020975887775421143
755,0.38704348300001357,3.185664,2.210073709487915,-0.16882900893688202,0.24774722754955292,nan,0.18115393817424774,0.0,0.01880328729748726,0.0,0.0,1.1309313774108887,14.156736373901367,2.006774425506592,0.6009672284126282,0.0,0.0,nan,nan,0.0,0.0,0.3358528216679891,0.3132714629173279,2.9192708333333335,0.3358528216679891,0.0231998215119044,0.022547192871570587
756,0.38687898500000983,3.185664,2.2430543899536133,-0.17070183157920837,0.22987066209316254,nan,0.18302218616008759,0.0,0.0199683029204607,0.0,0.0,1.0530378818511963,15.374298095703125,1.9973491430282593,0.6009672284126282,0.0,0.0,nan,nan,0.0,0.0,0.33530279000600177,0.30979883670806885,2.8307291666666665,0.33530279000600177,0.023201351364453632,0.02254701405763626
757,0.3884053319999907,3.185664,2.274885654449463,-0.1709366738796234,0.2795506715774536,nan,0.18651840090751648,0.0,0.022251546382904053,0.0,0.0,0.9196971654891968,14.963030815124512,1.9875925779342651,0.6009672284126282,0.0,0.0,nan,nan,0.0,0.0,0.3348139524459839,0.3074630796909332,2.8984375,0.3348139524459839,0.023208677768707275,0.022575363516807556
758,0.3924765579999985,3.185664,2.337160587310791,-0.16064628958702087,0.23465609550476074,nan,0.19376501441001892,0.0,0.023790841922163963,0.0,0.0,1.1304221153259277,13.441561698913574,1.9781570434570312,0.6009672284126282,0.0,0.0,nan,nan,0.0,0.0,0.3334055741628011,0.3056720197200775,2.8385416666666665,0.3334055741628011,0.02320803205172221,0.02265097200870514
759,0.3912917199999697,3.185664,2.501129388809204,-0.14643776416778564,0.39281895756721497,nan,0.21045789122581482,0.0,0.024460136890411377,0.0,0.0,1.3155114650726318,12.714349746704102,1.9762357473373413,0.6009672284126282,0.0,0.0,nan,nan,0.0,0.0,0.33143405119578045,0.30490371584892273,2.9739583333333335,0.33143405119578045,0.02321037898461024,0.022730134427547455
760,0.39165554699997074,3.185664,2.604802131652832,-0.14263348281383514,0.3367728590965271,nan,0.22126232087612152,0.0,0.026745930314064026,0.0,0.0,1.1947773694992065,12.42267894744873,1.9885869026184082,0.6009672284126282,0.0,0.0,nan,nan,0.0,0.0,0.3314435879389445,0.3050600290298462,2.8802083333333335,0.3314435879389445,0.023209122320016224,0.022794321179389954
761,0.39032642699999087,3.185664,2.6824779510498047,-0.13539722561836243,0.17039920389652252,nan,0.22869817912578583,0.0,0.029667440801858902,0.0,0.0,1.2494142055511475,12.969035148620605,2.01021671295166,0.6009672284126282,0.0,0.0,nan,nan,0.0,0.0,0.33362428347269696,0.30823710560798645,2.9817708333333335,0.33362428347269696,0.023218892514705658,0.02266513556241989
762,0.3835153189999687,3.185664,2.8939390182495117,-0.11115381121635437,0.18460087478160858,nan,0.2495182454586029,0.0,0.03198118135333061,0.0,0.0,1.3777660131454468,13.08225154876709,2.0329699516296387,0.6009672284126282,0.0,0.0,nan,nan,0.0,0.0,0.3355729977289836,0.3176134526729584,2.9010416666666665,0.3355729977289836,0.023198147614796955,0.022586919367313385
763,0.38316334899997173,3.185664,3.077301263809204,-0.08724337816238403,0.3629879951477051,nan,0.2675246000289917,0.0,0.035130999982357025,0.0,0.0,1.3065276145935059,12.66995906829834,2.048982620239258,0.6009672284126282,0.0,0.0,nan,nan,0.0,0.0,0.336131493250529,0.325660765171051,2.7994791666666665,0.336131493250529,0.023196267584959667,0.022588156163692474
764,0.3863994359999765,3.185664,3.1423799991607666,-0.07205620408058167,0.241276353597641,nan,0.2747667133808136,0.0,0.04004557430744171,0.0,0.0,1.1655067205429077,11.68232536315918,2.0561022758483887,0.6009672284126282,0.0,0.0,nan,nan,0.0,0.0,0.33537765343983966,0.32516252994537354,2.9010416666666665,0.33537765343983966,0.023181018730004627,0.02255719155073166
765,0.391091949999975,3.185664,2.8974368572235107,-0.07470503449440002,0.47866588830947876,nan,0.2508642375469208,0.0,0.04754152148962021,6.349823422624468e-08,0.0078125,1.2015800476074219,10.106500625610352,2.05633807182312,0.6009672284126282,0.0,0.0,nan,nan,0.0,0.0,0.33400503794352215,0.31647783517837524,3.0677083333333335,0.33400503794352215,0.023136866589387257,0.022464506328105927
766,0.3937055579999651,3.185664,2.737159252166748,-0.06812140345573425,0.17936989665031433,nan,0.2353512942790985,0.0,0.05573781579732895,7.247319445014e-05,0.0833333358168602,1.2843823432922363,9.425372123718262,2.052654266357422,0.6009672284126282,0.0,0.0,nan,nan,0.0,0.0,0.33335502942403156,0.31142619252204895,2.8697916666666665,0.33335502942403156,0.023289260764916737,0.022345252335071564
767,0.3938461449999977,3.185664,2.767279624938965,-0.05553809925913811,0.24939468502998352,nan,0.23730722069740295,0.0,0.0646035447716713,0.0005950768245384097,0.125,1.4029037952423096,9.762312889099121,2.0544371604919434,0.6009672284126282,0.0,0.0,nan,nan,0.0,0.0,0.3332418203353882,0.3094428479671478,2.8645833333333335,0.3332418203353882,0.023767573138078053,0.02219097688794136
768,0.3937180300000023,3.185664,2.8821420669555664,-0.046765223145484924,0.1574438512325287,nan,0.24787414073944092,0.0,0.07533014565706253,0.0021625924855470657,0.125,1.6280502080917358,10.143553733825684,2.0644092559814453,0.6009672284126282,0.0,0.0,nan,nan,0.0,0.0,0.3333692153294881,0.3043600618839264,2.7864583333333335,0.3333692153294881,0.023300630350907642,0.022015754133462906
769,0.38594400900001347,3.185664,3.1583495140075684,-0.07786606252193451,0.16259388625621796,nan,0.2768203318119049,0.0,0.048392631113529205,0.0016174552729353309,0.0651041716337204,1.1112825870513916,10.657798767089844,2.0588693618774414,0.5794488787651062,1.0,0.0,nan,nan,0.0,1.0,0.3360265890757243,0.3039320111274719,2.8411458333333335,0.3360265890757243,0.023161870737870533,0.022008877247571945
770,0.3903594800000292,3.185664,2.9292378425598145,-0.0734998881816864,0.36509668827056885,nan,0.25351813435554504,0.0,0.05370538681745529,0.002729446394369006,0.0625,0.8708919882774353,10.207040786743164,2.0660817623138428,0.5785132646560669,0.0,0.0,nan,nan,0.0,0.0,0.33635719617207843,0.30514904856681824,2.9895833333333335,0.33635719617207843,0.0231070543328921,0.022831514477729797
771,0.38769667299999355,3.185664,2.7796339988708496,-0.05774730071425438,0.3379572033882141,nan,0.24153661727905273,0.0,0.04342677444219589,0.0022728638723492622,0.0390625,0.7563886046409607,8.928820610046387,1.9413418769836426,0.5754064917564392,1.0,0.0,nan,nan,0.0,1.0,0.3363634745279948,0.3052752614021301,3.0677083333333335,0.3363634745279948,0.023115163048108418,0.022624418139457703
772,0.38487992599999643,3.185664,2.5363190174102783,-0.04987866058945656,0.32206788659095764,nan,0.22201399505138397,0.0,0.019990097731351852,0.0,0.0,0.856087327003479,7.560737133026123,1.7279504537582397,0.5702285170555115,0.0,0.0,nan,nan,0.0,0.0,0.3363937536875407,0.30630579590797424,3.1692708333333335,0.3363937536875407,0.023007015387217205,0.02214641124010086
773,0.3808811750000132,3.185664,2.380169630050659,-0.05701746791601181,0.24063023924827576,nan,0.2057628631591797,0.0,0.022407127544283867,0.0,0.0,0.8723222613334656,7.765378952026367,1.7467446327209473,0.5702285170555115,0.0,0.0,nan,nan,0.0,0.0,0.33701658248901367,0.3072322905063629,3.1510416666666665,0.33701658248901367,0.022994821270306904,0.0219881609082222
774,0.3851571539999554,3.185664,2.2336530685424805,-0.0732833743095398,0.18123678863048553,nan,0.19020114839076996,0.0,0.025422297418117523,0.0,0.0,0.9263646006584167,8.54206657409668,1.772580862045288,0.5702285170555115,0.0,0.0,nan,nan,0.0,0.0,0.33848591645558673,0.3073684573173523,2.9635416666666665,0.33848591645558673,0.022996877630551655,0.021801084280014038
775,0.37885554799999,3.185664,2.1227047443389893,-0.08933918923139572,0.1267160177230835,nan,0.1781226396560669,0.0,0.029847418889403343,0.0,0.0,1.1655088663101196,9.395988464355469,1.8013410568237305,0.5702285170555115,0.0,0.0,nan,nan,0.0,0.0,0.3397616147994995,0.3073307275772095,2.9348958333333335,0.3397616147994995,0.022994570434093475,0.02161411941051483
776,0.38016843899998776,3.185664,2.075122594833374,-0.09778524935245514,0.15868236124515533,nan,0.17165037989616394,0.0,0.036241888999938965,0.0,0.0,1.6096805334091187,10.316808700561523,1.8331139087677002,0.5702285170555115,0.0,0.0,nan,nan,0.0,0.0,0.3397081693013509,0.30261728167533875,2.8098958333333335,0.3397081693013509,0.02300247798363368,0.021432437002658844
777,0.38433124400000906,3.185664,1.9954198598861694,-0.10793138295412064,0.20248287916183472,nan,0.16174864768981934,0.0,0.04540088027715683,4.943659064338135e-07,0.010416666977107525,1.8881653547286987,10.984428405761719,1.8679633140563965,0.5702285170555115,0.0,0.0,nan,nan,0.0,0.0,0.3387998342514038,0.29472827911376953,2.7317708333333335,0.3387998342514038,0.023029019435246784,0.021254584193229675
778,0.3873129790000007,3.185664,1.7847747802734375,-0.12848559021949768,0.20986129343509674,nan,0.14022395014762878,0.0,0.05669853091239929,0.00024206230591516942,0.0833333358168602,1.7953710556030273,10.600298881530762,1.9034974575042725,0.5702285170555115,0.0,0.0,nan,nan,0.0,0.0,0.3379042148590088,0.2809857726097107,2.7135416666666665,0.3379042148590088,0.02303821345170339,0.0210854634642601
779,0.38912972599996465,3.185664,1.5134286880493164,-0.15470457077026367,0.20938900113105774,nan,0.11348776519298553,0.0,0.06744630634784698,0.0016644041752442718,0.125,1.8252217769622803,9.640829086303711,1.9206030368804932,0.5702285170555115,0.0,0.0,nan,nan,0.0,0.0,0.33646710713704425,0.2582067847251892,2.6692708333333335,0.33646710713704425,0.023041384915510815,0.02093387395143509
780,0.3911206459999903,3.185664,1.6085671186447144,-0.1938047707080841,0.13320253789424896,nan,0.12240084260702133,0.0,0.06421038508415222,0.003322829958051443,0.1067708358168602,1.7714831829071045,9.806268692016602,1.927311658859253,0.5622362494468689,1.0,0.0,nan,nan,0.0,1.0,0.335255225499471,0.24171730875968933,2.703125,0.335255225499471,0.02318311979373296,0.02086106315255165
781,0.3927838719999954,3.185664,1.7207103967666626,-0.2362302988767624,0.25573602318763733,nan,0.13718244433403015,0.0,0.03635440766811371,0.00030503509333357215,0.0625,1.0660251379013062,10.080951690673828,1.905440330505371,0.5428265333175659,0.0,0.0,nan,nan,0.0,0.0,0.3373202880223592,0.30890217423439026,2.7864583333333335,0.3373202880223592,0.0232066810131073,0.02260386198759079
782,0.39454090899999983,3.185664,1.6333332061767578,-0.25621289014816284,0.25801360607147217,nan,0.1269579529762268,0.0,0.04089195653796196,0.0006197463371790946,0.0625,1.087153673171997,10.515650749206543,1.920607566833496,0.5428265333175659,0.0,0.0,nan,nan,0.0,0.0,0.3359845081965129,0.3080756664276123,2.7526041666666665,0.3359845081965129,0.02321244776248932,0.022572040557861328
783,0.39298758999996153,3.185664,1.5698055028915405,-0.2695413827896118,0.30522534251213074,nan,0.11998458951711655,0.0,0.04608694836497307,0.0012811549240723252,0.0625,1.3077176809310913,10.243337631225586,1.9249966144561768,0.5428265333175659,0.0,0.0,nan,nan,0.0,0.0,0.33571286996205646,0.3102843165397644,2.6588541666666665,0.33571286996205646,0.023217362662156422,0.02250157669186592
784,0.3944609160000141,3.185664,1.813572883605957,-0.2453039586544037,0.21816787123680115,nan,0.1469837874174118,0.0,0.028088403865695,0.000942457583732903,0.0260416679084301,1.164224624633789,9.995800971984863,1.7841527462005615,0.5262050032615662,1.0,0.0,nan,nan,0.0,1.0,0.33553004264831543,0.3152344822883606,2.9114583333333335,0.33553004264831543,0.023285935322443645,0.022477347403764725
785,0.38750037699998074,3.185664,1.9091274738311768,-0.219527468085289,0.357915997505188,nan,0.15911731123924255,0.0,0.011997009627521038,0.0,0.0,1.1077122688293457,9.025004386901855,1.6830962896347046,0.5143324732780457,0.0,0.0,nan,nan,0.0,0.0,0.3342103163401286,0.3177369236946106,3.1536458333333335,0.3342103163401286,0.023230438431104023,0.022940807044506073
786,0.3883120119999717,3.185664,1.9307256937026978,-0.20943216979503632,0.17358344793319702,nan,0.16127264499664307,0.0,0.012572802603244781,0.0,0.0,1.0765422582626343,8.85523796081543,1.6808494329452515,0.5143324732780457,0.0,0.0,nan,nan,0.0,0.0,0.33168067534764606,0.3111761808395386,3.1510416666666665,0.33168067534764606,0.023248419165611267,0.023014694452285767
787,0.38827624200001765,3.185664,1.937354564666748,-0.21099314093589783,0.31646057963371277,nan,0.16233593225479126,0.0,0.013996537774801254,0.0,0.0,0.9842185974121094,8.939413070678711,1.672593116760254,0.5143324732780457,0.0,0.0,nan,nan,0.0,0.0,0.3306421438852946,0.3068784177303314,3.0703125,0.3306421438852946,0.023259763916333515,0.02305629849433899
788,0.38633586299999934,3.185664,2.1159186363220215,-0.19434738159179688,0.3406199514865875,nan,0.17979282140731812,0.0,0.016023825854063034,0.0,0.0,1.3356873989105225,9.120655059814453,1.6582616567611694,0.5143324732780457,0.0,0.0,nan,nan,0.0,0.0,0.3308463493982951,0.3065970242023468,2.9661458333333335,0.3308463493982951,0.02327498545249303,0.02305637300014496
789,0.3886721449999868,3.185664,2.2851333618164062,-0.1793166995048523,0.20602890849113464,nan,0.196366548538208,0.0,0.020608793944120407,0.0,0.0,1.5558370351791382,8.869747161865234,1.6453254222869873,0.5143324732780457,0.0,0.0,nan,nan,0.0,0.0,0.3320084015528361,0.3072529137134552,2.890625,0.3320084015528361,0.023307427763938904,0.023056432604789734
790,0.3941414550000104,3.185664,2.4056949615478516,-0.16331985592842102,0.34229958057403564,nan,0.20903560519218445,0.0,0.02855963632464409,2.9778893804177642e-05,0.0364583358168602,1.4857438802719116,7.96718692779541,1.6450920104980469,0.5143324732780457,0.0,0.0,nan,nan,0.0,0.0,0.33395222822825116,0.3099457919597626,3.0026041666666665,0.33395222822825116,0.023314158121744793,0.02291543036699295
791,0.39143205799996394,3.185664,2.470287799835205,-0.14074662327766418,0.3601737916469574,nan,0.21578678488731384,0.0,0.03747474402189255,0.00048379076179116964,0.0625,1.3469699621200562,7.249750137329102,1.6585547924041748,0.5143324732780457,0.0,0.0,nan,nan,0.0,0.0,0.3357314666112264,0.312845915555954,2.9791666666666665,0.3357314666112264,0.023312715192635853,0.022941365838050842
792,0.3928490050000164,3.185664,2.35075306892395,-0.13696226477622986,0.22257855534553528,nan,0.20297780632972717,0.0,0.046320103108882904,0.001695140264928341,0.0625,1.170271635055542,6.582217216491699,1.6795966625213623,0.5143324732780457,0.0,0.0,nan,nan,0.0,0.0,0.3363250096638997,0.3165711462497711,2.8385416666666665,0.3363250096638997,0.023316338658332825,0.022932857275009155
793,0.3914634299999875,3.185664,2.1510825157165527,-0.14661747217178345,0.21213170886039734,nan,0.1827942579984665,0.0,0.05158262699842453,0.003517144126817584,0.0598958358168602,0.9725803732872009,6.559662818908691,1.7058943510055542,0.5151330232620239,1.0,0.0,nan,nan,0.0,1.0,0.33596253395080566,0.3180694282054901,2.7682291666666665,0.33596253395080566,0.023318300644556682,0.022932708263397217
794,0.3831031559999474,3.185664,2.2858242988586426,-0.14165037870407104,0.24998828768730164,nan,0.19921720027923584,0.0,0.011747839860618114,0.0,0.0,0.7532023191452026,7.418704032897949,1.7204641103744507,0.5335448980331421,0.0,0.0,nan,nan,0.0,0.0,0.3354055881500244,0.3152400255203247,3.0442708333333335,0.3354055881500244,0.023303722341855366,0.02295311540365219
795,0.38484280299996954,3.185664,2.1702284812927246,-0.14733842015266418,0.25110456347465515,nan,0.18659669160842896,0.0,0.011751711368560791,0.0,0.0,0.8493685126304626,7.858913421630859,1.7434852123260498,0.5335448980331421,0.0,0.0,nan,nan,0.0,0.0,0.33592116832733154,0.3153406083583832,2.8255208333333335,0.33592116832733154,0.023263672987620037,0.02292490005493164
796,0.38606400000003305,3.185664,2.2320406436920166,-0.13982141017913818,0.2666122019290924,nan,0.19190376996994019,0.0,0.01175590418279171,0.0,0.0,0.8219718933105469,8.15735912322998,1.757834792137146,0.5335448980331421,0.0,0.0,nan,nan,0.0,0.0,0.33594731489817303,0.31920790672302246,2.8229166666666665,0.33594731489817303,0.023235748211542766,0.022894345223903656
797,0.3887470920000169,3.185664,2.271334648132324,-0.12952080368995667,0.18991661071777344,nan,0.19567081332206726,0.0,0.01181151531636715,0.0,0.0,0.7837646007537842,8.106664657592773,1.7676198482513428,0.5335448980331421,0.0,0.0,nan,nan,0.0,0.0,0.33495362599690753,0.31576770544052124,2.9895833333333335,0.33495362599690753,0.023220365246136982,0.0229005366563797
798,0.3863972849999868,3.185664,2.146801710128784,-0.13164138793945312,0.14568693935871124,nan,0.18315820395946503,0.0,0.012113588862121105,0.0,0.0,0.9187304377555847,7.776505470275879,1.7790639400482178,0.5335448980331421,0.0,0.0,nan,nan,0.0,0.0,0.33349307378133136,0.31368523836135864,3.0755208333333335,0.33349307378133136,0.023200894395510357,0.022949054837226868
799,0.3835092629999508,3.185664,2.0485246181488037,-0.1384756863117218,0.23346997797489166,nan,0.1733439564704895,0.0,0.012563864700496197,0.0,0.0,0.9123392105102539,8.453825950622559,1.7929847240447998,0.5335448980331421,0.0,0.0,nan,nan,0.0,0.0,0.3325081467628479,0.3138551115989685,3.0286458333333335,0.3325081467628479,0.02321678400039673,0.02294929325580597
800,0.3841042770000058,3.185664,2.0655500888824463,-0.14096207916736603,0.329567015171051,nan,0.17327696084976196,0.0,0.013854744844138622,0.0,0.0,0.9976944923400879,9.789241790771484,1.8120267391204834,0.5335448980331421,0.0,0.0,nan,nan,0.0,0.0,0.33217604955037433,0.3118414282798767,3.0494791666666665,0.33217604955037433,0.02321626494328181,0.02301313728094101
801,0.38309902899999315,3.185664,2.0953080654144287,-0.14339284598827362,0.16783252358436584,nan,0.1750691831111908,0.0,0.016877543181180954,0.0,0.0,0.9580356478691101,10.568197250366211,1.8335931301116943,0.5335448980331421,0.0,0.0,nan,nan,0.0,0.0,0.33257754643758136,0.31098371744155884,3.0729166666666665,0.33257754643758136,0.023181637128194172,0.02294270694255829
802,0.3836036459999832,3.185664,2.056260824203491,-0.15526852011680603,0.1927255541086197,nan,0.17025262117385864,0.0,0.021379753947257996,0.0,0.0,1.110302448272705,10.838129997253418,1.8541806936264038,0.5335448980331421,0.0,0.0,nan,nan,0.0,0.0,0.3343457380930583,0.31131383776664734,2.9114583333333335,0.3343457380930583,0.02316987266143163,0.022903822362422943
803,0.38468027900000834,3.185664,2.0306413173675537,-0.16112120449543,0.45628538727760315,nan,0.1671474277973175,0.0,0.027192717418074608,0.0,0.0,1.139473557472229,10.985576629638672,1.8801931142807007,0.5335448980331421,0.0,0.0,nan,nan,0.0,0.0,0.3366762399673462,0.31337469816207886,2.9322916666666665,0.3366762399673462,0.023150617877642315,0.02282796800136566
804,0.38650125100002697,3.185664,1.8497992753982544,-0.16857504844665527,0.2736292779445648,nan,0.14866024255752563,0.0,0.0330176055431366,2.9449251996993553e-06,0.02864583395421505,1.061560034751892,10.517240524291992,1.9172768592834473,0.5335448980331421,0.0,0.0,nan,nan,0.0,0.0,0.3373194932937622,0.3143991231918335,2.8359375,0.3373194932937622,0.023181721568107605,0.02281907945871353
805,0.3872228470000323,3.185664,1.607143759727478,-0.18785297870635986,0.14253145456314087,nan,0.12410922348499298,0.0,0.03772272914648056,0.00011382202501408756,0.0625,1.014685869216919,9.61445140838623,1.9629099369049072,0.5335448980331421,0.0,0.0,nan,nan,0.0,0.0,0.33535289764404297,0.3133576512336731,2.890625,0.33535289764404297,0.023161734143892925,0.022682886570692062
806,0.38767577199996595,3.185664,1.3211919069290161,-0.22679944336414337,0.20295582711696625,nan,0.09575312584638596,0.0,0.04248082637786865,0.00060667609795928,0.0625,1.0772160291671753,9.361136436462402,2.0129148960113525,0.5335448980331421,0.0,0.0,nan,nan,0.0,0.0,0.3329167564709981,0.3109451234340668,2.921875,0.3329167564709981,0.023171032468477886,0.022512007504701614
807,0.38381431400000565,3.185664,1.1698726415634155,-0.25384294986724854,0.1859736442565918,nan,0.07946822047233582,0.0,0.043947525322437286,0.0016814728733152151,0.0546875,1.160654902458191,9.706282615661621,2.0607404708862305,0.5353471636772156,1.0,0.0,nan,nan,0.0,1.0,0.3317028284072876,0.3006979823112488,2.9192708333333335,0.3317028284072876,0.023226564129193623,0.02233220636844635
808,0.385956272000044,3.185664,1.1260298490524292,-0.2761606276035309,0.3335421681404114,nan,0.07860412448644638,0.0,0.013008907437324524,0.0,0.0,0.8113328814506531,7.9746198654174805,2.097288131713867,0.5479632616043091,0.0,0.0,nan,nan,0.0,0.0,0.3341102600097656,0.3152919113636017,2.9401041666666665,0.3341102600097656,0.023277853926022846,0.023028656840324402
809,0.3890773539999941,3.185664,1.2106702327728271,-0.2781502902507782,0.31533193588256836,nan,0.08663660287857056,0.0,0.015762530267238617,0.0,0.0,0.8311659693717957,7.835197448730469,2.1256303787231445,0.5479632616043091,0.0,0.0,nan,nan,0.0,0.0,0.33503448963165283,0.3130981922149658,3.1692708333333335,0.33503448963165283,0.02325322727362315,0.023056238889694214
810,0.3869122020000191,3.185664,1.285352110862732,-0.26860976219177246,0.16770265996456146,nan,0.09413620829582214,0.0,0.019959978759288788,0.0,0.0,0.7780442237854004,7.25330114364624,2.1486480236053467,0.5479632616043091,0.0,0.0,nan,nan,0.0,0.0,0.3360099792480469,0.31033024191856384,2.9401041666666665,0.3360099792480469,0.023251439134279888,0.023056194186210632
811,0.38770882500000425,3.185664,1.2076013088226318,-0.27068018913269043,0.23024140298366547,nan,0.0862189456820488,0.0,0.023421641439199448,0.0,0.0,0.7500330805778503,6.873498439788818,2.168208599090576,0.5479632616043091,0.0,0.0,nan,nan,0.0,0.0,0.3359004259109497,0.3060246706008911,2.7239583333333335,0.3359004259109497,0.023296078046162922,0.023056261241436005
812,0.38891476700001704,3.185664,1.164565086364746,-0.2708643972873688,0.2778562009334564,nan,0.08154156804084778,0.0,0.024826114997267723,0.0,0.0,0.8227834701538086,7.281026363372803,2.184332847595215,0.5479632616043091,0.0,0.0,nan,nan,0.0,0.0,0.3344918489456177,0.3031620383262634,2.7265625,0.3344918489456177,0.023343779146671295,0.0230562761425972
813,0.38850963800001637,3.185664,1.3525811433792114,-0.24788153171539307,0.25678616762161255,nan,0.09868954122066498,0.0,0.025979524478316307,0.0,0.0,0.9655158519744873,8.506044387817383,2.2026968002319336,0.5479632616043091,0.0,0.0,nan,nan,0.0,0.0,0.33220118284225464,0.3031046390533447,3.1328125,0.33220118284225464,0.0233379527926445,0.023056253790855408
814,0.39192795000002434,3.185664,1.6064680814743042,-0.22826769948005676,0.17825251817703247,nan,0.12213822454214096,0.0,0.029419265687465668,0.0,0.0,1.246070146560669,9.552313804626465,2.223778247833252,0.5479632616043091,0.0,0.0,nan,nan,0.0,0.0,0.33071162303288776,0.3049447536468506,3.1510416666666665,0.33071162303288776,0.023359494904677074,0.023056402802467346
815,0.39083950500003084,3.185664,1.7856913805007935,-0.21771274507045746,0.1677490919828415,nan,0.13922517001628876,0.0,0.03485944867134094,0.0,0.0,1.3909282684326172,9.652478218078613,2.2528939247131348,0.5479632616043091,0.0,0.0,nan,nan,0.0,0.0,0.33026452859242755,0.30436864495277405,2.8385416666666665,0.33026452859242755,0.023351299266020458,0.0229816734790802
816,0.38922297300001674,3.185664,1.859246850013733,-0.20483814179897308,0.40896856784820557,nan,0.14565065503120422,0.0,0.04076632484793663,0.0,0.0,1.5050863027572632,9.518550872802734,2.2961106300354004,0.5479632616043091,0.0,0.0,nan,nan,0.0,0.0,0.33021871248881024,0.30027133226394653,2.8828125,0.33021871248881024,0.0233142226934433,0.02302510291337967
817,0.3922229169999696,3.185664,1.8524965047836304,-0.18335691094398499,0.2840290665626526,nan,0.14409734308719635,0.0,0.04601539298892021,0.0,0.0,1.617641806602478,8.931619644165039,2.3500185012817383,0.5479632616043091,0.0,0.0,nan,nan,0.0,0.0,0.3299258351325989,0.30045002698898315,2.8828125,0.3299258351325989,0.023307574292023975,0.023056499660015106
818,0.39593742900001416,3.185664,1.8508195877075195,-0.16447648406028748,0.25108668208122253,nan,0.14321771264076233,0.0,0.04949319362640381,0.0,0.0,1.4806551933288574,8.369278907775879,2.4072279930114746,0.5479632616043091,0.0,0.0,nan,nan,0.0,0.0,0.3289938767751058,0.3048364222049713,2.8125,0.3289938767751058,0.02331870049238205,0.022761911153793335
819,0.3995037299999922,3.185664,1.973095178604126,-0.14906692504882812,0.41055670380592346,nan,0.15501181781291962,0.0,0.051471125334501266,0.0,0.0,1.406815528869629,8.693459510803223,2.464662551879883,0.5479632616043091,0.0,0.0,nan,nan,0.0,0.0,0.32901575167973834,0.3111048638820648,3.0286458333333335,0.32901575167973834,0.02331095685561498,0.022764258086681366
820,0.3996367409999948,3.185664,2.133615732192993,-0.14148423075675964,0.3560255169868469,nan,0.17059028148651123,0.0,0.05394569784402847,0.0,0.0,1.2194005250930786,9.640250205993652,2.522679328918457,0.5479632616043091,0.0,0.0,nan,nan,0.0,0.0,0.3309243321418762,0.3105825185775757,3.0677083333333335,0.3309243321418762,0.023299582302570343,0.022793717682361603
821,0.39660157100001925,3.185664,2.449969530105591,-0.12704212963581085,0.309855580329895,nan,0.2007138729095459,0.0,0.057630665600299835,3.4146532357226533e-07,0.01302083395421505,1.1424643993377686,10.686064720153809,2.5790140628814697,0.5479632616043091,0.0,0.0,nan,nan,0.0,0.0,0.33398211002349854,0.3110344707965851,2.8333333333333335,0.33398211002349854,0.023318241039911907,0.022801801562309265
822,0.3932140720000348,3.185664,2.7517173290252686,-0.10782672464847565,0.3753420412540436,nan,0.23001980781555176,0.0,0.0628453716635704,5.8367317251395434e-05,0.0625,1.0498894453048706,10.87481689453125,2.634211301803589,0.5479632616043091,0.0,0.0,nan,nan,0.0,0.0,0.33642303943634033,0.3151351511478424,2.7864583333333335,0.33642303943634033,0.023311888178189594,0.022815518081188202
823,0.39215306899995994,3.185664,2.921720266342163,-0.09253716468811035,0.2351979911327362,nan,0.2456061691045761,0.0,0.06976265460252762,0.00022091547725722194,0.0625,1.14602792263031,10.77436351776123,2.694554090499878,0.5479632616043091,0.0,0.0,nan,nan,0.0,0.0,0.33718331654866535,0.3208405077457428,2.8958333333333335,0.33718331654866535,0.023273378610610962,0.02286459505558014
824,0.3919819419999726,3.185664,3.046016216278076,-0.08965681493282318,0.24983030557632446,nan,0.25598472356796265,0.0,0.07654881477355957,0.0002718233736231923,0.1067708358168602,1.3814585208892822,10.15365982055664,2.763580322265625,0.5479632616043091,0.0,0.0,nan,nan,0.0,0.0,0.3367358048756917,0.32265159487724304,2.9244791666666665,0.3367358048756917,0.023220635950565338,0.02293630689382553
825,0.3906231459999958,3.185664,3.273151397705078,-0.07993240654468536,0.48179084062576294,nan,0.2778850495815277,0.0,0.08274778723716736,0.0003373267245478928,0.1328125,1.1924848556518555,10.858055114746094,2.842039108276367,0.5479632616043091,0.0,0.0,nan,nan,0.0,0.0,0.33650775750478107,0.3198934495449066,2.6796875,0.33650775750478107,0.023260168731212616,0.022988058626651764
826,0.3914450800000395,3.185664,3.8812530040740967,-0.04991430416703224,0.23207615315914154,nan,0.33651286363601685,0.0,0.089727982878685,0.0007197516970336437,0.1875,0.9766926169395447,12.614703178405762,2.919950246810913,0.5479632616043091,0.0,0.0,nan,nan,0.0,0.0,0.3369404077529907,0.3206121623516083,2.5677083333333335,0.3369404077529907,0.023264152308305103,0.022975191473960876
827,0.39101381400001856,3.185664,4.417854309082031,-0.02560737356543541,0.14536477625370026,nan,0.3879391849040985,0.0,0.09798061847686768,0.0018019522540271282,0.1875,1.3457483053207397,13.942511558532715,2.9954135417938232,0.5479632616043091,0.0,0.0,nan,nan,0.0,0.0,0.3378438552220662,0.3168821632862091,2.5,0.3378438552220662,0.023436658084392548,0.022969529032707214
828,0.39882797500001743,3.185664,4.725194931030273,-0.014040518552064896,0.2118852585554123,nan,0.4167911410331726,0.0,0.10975336283445358,0.004395703785121441,0.1875,1.5587291717529297,14.543098449707031,3.0720863342285156,0.5479632616043091,1.0,0.0,nan,nan,0.0,1.0,0.3378237883249919,0.30554741621017456,2.484375,0.3378237883249919,0.023366764187812805,0.02299099788069725
829,0.3968791799999849,3.185664,3.88893985748291,-0.03272981196641922,0.18784783780574799,nan,0.33794519305229187,0.0,0.0792849063873291,0.003203144995495677,0.125,1.1984537839889526,10.725040435791016,3.1429386138916016,0.5354965925216675,0.0,0.0,nan,nan,0.0,0.0,0.3378326892852783,0.2962943911552429,2.6875,0.3378326892852783,0.023196697235107422,0.02282632142305374
830,0.39443987800001423,3.185664,3.6940464973449707,-0.04097272455692291,0.14034685492515564,nan,0.3198682963848114,0.0,0.06309356540441513,0.0034976117312908173,0.0859375,1.0564897060394287,9.522770881652832,3.1404647827148438,0.5086548924446106,1.0,0.0,nan,nan,0.0,1.0,0.3384621540705363,0.2930823266506195,2.8776041666666665,0.3384621540705363,0.02314107120037079,0.02282271534204483
831,0.3850798419999819,3.185664,3.036990165710449,-0.058134131133556366,0.18343572318553925,nan,0.26164743304252625,0.0,0.01811392605304718,0.0005032343324273825,0.010416666977107525,0.8216537833213806,7.4638872146606445,2.9303927421569824,0.47556614875793457,1.0,0.0,nan,nan,0.0,1.0,0.34047965208689374,0.31900542974472046,2.9322916666666665,0.34047965208689374,0.02309834708770116,0.02282176911830902
832,0.38427007899997534,3.185664,2.5835788249969482,-0.08248039335012436,0.22562189400196075,nan,0.21851444244384766,0.0,0.01239941269159317,0.0,0.0,0.6955533027648926,6.350395202636719,2.9275736808776855,0.4721693992614746,0.0,0.0,nan,nan,0.0,0.0,0.34064797560373944,0.31770992279052734,2.921875,0.34064797560373944,0.02306486169497172,0.022832170128822327
833,0.3794284190000212,3.185664,2.161329507827759,-0.11965112388134003,0.15076154470443726,nan,0.17670938372612,0.0,0.01254793256521225,0.0,0.0,0.7235910892486572,5.804181098937988,2.9642035961151123,0.4721693992614746,0.0,0.0,nan,nan,0.0,0.0,0.3398260275522868,0.319225549697876,2.8932291666666665,0.3398260275522868,0.023069458703200024,0.02281155437231064
834,0.382642259000022,3.185664,1.72314453125,-0.16698485612869263,0.14844709634780884,nan,0.13248035311698914,0.0,0.012160031124949455,0.0,0.0,0.7902705669403076,5.474952697753906,3.0064504146575928,0.4721693992614746,0.0,0.0,nan,nan,0.0,0.0,0.3382414976755778,0.3254779577255249,2.9140625,0.3382414976755778,0.023067501684029896,0.0228428915143013
835,0.3808256880000158,3.185664,1.394066333770752,-0.21233727037906647,0.20456498861312866,nan,0.0981762632727623,0.0,0.011671326123178005,0.0,0.0,0.7429811358451843,6.017821788787842,3.058953046798706,0.4721693992614746,0.0,0.0,nan,nan,0.0,0.0,0.3367738723754883,0.3203794062137604,2.8020833333333335,0.3367738723754883,0.0231045459707578,0.022887788712978363
836,0.38118439699997,3.185664,1.1888813972473145,-0.2422829568386078,0.15829946100711823,nan,0.07595940679311752,0.0,0.011656982824206352,0.0,0.0,0.8014242053031921,6.817412376403809,3.1220319271087646,0.4721693992614746,0.0,0.0,nan,nan,0.0,0.0,0.33581026395161945,0.3191717267036438,2.8515625,0.33581026395161945,0.023144423961639404,0.022846728563308716
837,0.38038756700001386,3.185664,1.1041253805160522,-0.25333860516548157,0.12677662074565887,nan,0.06613224744796753,0.0,0.01224311999976635,0.0,0.0,0.8746047019958496,7.0688018798828125,3.1889004707336426,0.4721693992614746,0.0,0.0,nan,nan,0.0,0.0,0.3346290985743205,0.31743890047073364,3.0677083333333335,0.3346290985743205,0.023179277777671814,0.022850610315799713
838,0.38723866599997336,3.185664,1.1335655450820923,-0.25626280903816223,0.2401657998561859,nan,0.06788630783557892,0.0,0.014342591166496277,0.0,0.0,0.8416468501091003,7.461915016174316,3.249427556991577,0.4721693992614746,0.0,0.0,nan,nan,0.0,0.0,0.3337530692418416,0.31322023272514343,3.1276041666666665,0.3337530692418416,0.02317742258310318,0.022837437689304352
839,0.38870879800003877,3.185664,1.177242636680603,-0.2683103084564209,0.16148591041564941,nan,0.07110846042633057,0.0,0.017282158136367798,0.0,0.0,0.8554883003234863,8.442194938659668,3.301028251647949,0.4721693992614746,0.0,0.0,nan,nan,0.0,0.0,0.33406869570414227,0.3136675953865051,3.0208333333333335,0.33406869570414227,0.023209782938162487,0.022837907075881958
840,0.38809782700002415,3.185664,1.2745037078857422,-0.2683050036430359,0.2785332500934601,nan,0.07914751023054123,0.0,0.020638369023799896,0.0,0.0,1.0083688497543335,9.349096298217773,3.349858283996582,0.4721693992614746,0.0,0.0,nan,nan,0.0,0.0,0.33470507462819415,0.32321566343307495,2.921875,0.33470507462819415,0.023226889471213024,0.02285965532064438
841,0.38676682499999515,3.185664,1.3907629251480103,-0.2569369673728943,0.3475417196750641,nan,0.08817796409130096,0.0,0.02465546689927578,0.0,0.0,1.2417525053024292,10.834609985351562,3.401371479034424,0.4721693992614746,0.0,0.0,nan,nan,0.0,0.0,0.33511626720428467,0.32070112228393555,2.9244791666666665,0.33511626720428467,0.023265749216079712,0.0229036808013916
842,0.3859822399999757,3.185664,1.3967928886413574,-0.24375289678573608,0.2861015200614929,nan,0.08688122034072876,0.0,0.0299450121819973,0.0,0.0,1.4868791103363037,12.196883201599121,3.4357850551605225,0.4721693992614746,0.0,0.0,nan,nan,0.0,0.0,0.33602015177408856,0.3199329078197479,2.7604166666666665,0.33602015177408856,0.023293639222780865,0.02294563502073288
843,0.3878964879999671,3.185664,1.4614098072052002,-0.21616390347480774,0.3902912139892578,nan,0.09246085584163666,0.0,0.036580879241228104,0.0,0.0,1.4205923080444336,12.082869529724121,3.465127944946289,0.4721693992614746,0.0,0.0,nan,nan,0.0,0.0,0.3357702891031901,0.3213537037372589,2.7708333333333335,0.3357702891031901,0.023311138153076172,0.022975444793701172
844,0.3877055499999642,3.185664,1.6002871990203857,-0.18698003888130188,0.15981429815292358,nan,0.10579074919223785,0.0,0.043443821370601654,0.0,0.0,1.1377389430999756,11.505701065063477,3.4964137077331543,0.4721693992614746,0.0,0.0,nan,nan,0.0,0.0,0.3334502379099528,0.31063318252563477,2.9739583333333335,0.3334502379099528,0.023288366695245106,0.022983521223068237
845,0.3997794219999946,3.185664,1.6611731052398682,-0.17327538132667542,0.25610727071762085,nan,0.11098110675811768,0.0,0.05057162046432495,2.8073778594261967e-05,0.0546875,1.0599039793014526,11.190084457397461,3.5248775482177734,0.4721693992614746,0.0,0.0,nan,nan,0.0,0.0,0.3304628332455953,0.30268093943595886,2.9375,0.3304628332455953,0.02327597886323929,0.022954992949962616
846,0.4047293360000026,3.185664,1.6776047945022583,-0.1668540984392166,0.3273948132991791,nan,0.11185269057750702,0.0,0.05830242857336998,0.00024310624576173723,0.0625,1.0567314624786377,10.909080505371094,3.5507781505584717,0.4721693992614746,0.0,0.0,nan,nan,0.0,0.0,0.32801928122838336,0.3007141351699829,3.078125,0.32801928122838336,0.02328690638144811,0.022897638380527496
847,0.40848015299997087,3.185664,1.7407612800598145,-0.15900027751922607,0.24033774435520172,nan,0.11899449676275253,0.0,0.06542621552944183,0.0005846397252753377,0.0625,1.0607516765594482,10.595237731933594,3.5746982097625732,0.4721693992614746,0.0,0.0,nan,nan,0.0,0.0,0.3269634048144023,0.3019111454486847,2.9739583333333335,0.3269634048144023,0.0232703760266304,0.022799231112003326
848,0.40913374600000907,3.185664,1.852813959121704,-0.15464827418327332,0.24379980564117432,nan,0.12963882088661194,0.0,0.07390537858009338,0.0010348367504775524,0.1223958358168602,1.1996455192565918,10.009537696838379,3.6015491485595703,0.4721693992614746,0.0,0.0,nan,nan,0.0,0.0,0.32714001337687176,0.30150625109672546,2.8776041666666665,0.32714001337687176,0.023249603807926178,0.022667869925498962
849,0.412389644999962,3.185664,2.1209113597869873,-0.12763209640979767,0.27536481618881226,nan,0.15568840503692627,0.0,0.08541040122509003,0.0018358969828113914,0.125,1.2385700941085815,9.71617317199707,3.6358790397644043,0.4721693992614746,0.0,0.0,nan,nan,0.0,0.0,0.32746026913324994,0.30201196670532227,2.7630208333333335,0.32746026913324994,0.023261005679766338,0.022540975362062454
850,0.4117291689999547,3.185664,2.6746551990509033,-0.08314742147922516,0.19536496698856354,nan,0.21012577414512634,0.0,0.09148068726062775,0.0027981786988675594,0.1302083432674408,1.3393272161483765,9.630621910095215,3.6717820167541504,0.47257763147354126,1.0,0.0,nan,nan,0.0,1.0,0.3282504081726074,0.28650370240211487,2.7395833333333335,0.3282504081726074,0.023296756048997242,0.022445805370807648
851,0.4008624439999835,3.185664,3.27115535736084,-0.044906649738550186,0.33111700415611267,nan,0.270039439201355,0.0,0.07246159017086029,0.0018380116671323776,0.125,1.420071005821228,9.650148391723633,3.6871166229248047,0.4741288125514984,0.0,0.0,nan,nan,0.0,0.0,0.331332266330719,0.30616170167922974,2.7395833333333335,0.331332266330719,0.02318926900625229,0.022343594580888748
852,0.4013695319999897,3.185664,3.5725135803222656,-0.03227178752422333,0.21130059659481049,nan,0.30257225036621094,0.0,0.04967319965362549,0.00131095084361732,0.0729166716337204,1.123192548751831,9.888798713684082,3.6706442832946777,0.4756743907928467,1.0,0.0,nan,nan,0.0,1.0,0.33220293124516803,0.31020447611808777,2.8697916666666665,0.33220293124516803,0.023260734975337982,0.0223209410905838
853,0.39714937600001576,3.185664,3.2075741291046143,-0.040176644921302795,0.3444567024707794,nan,0.2667917013168335,0.0,0.047250255942344666,0.001779669662937522,0.0625,1.0410866737365723,9.050036430358887,3.6521689891815186,0.47598350048065186,0.0,0.0,nan,nan,0.0,0.0,0.3318881591161092,0.3058747947216034,3.0338541666666665,0.3318881591161092,0.023199282586574554,0.022850073873996735
854,0.386802973999977,3.185664,2.878817558288574,-0.05984107777476311,0.3520435690879822,nan,0.23393593728542328,0.0,0.04840977489948273,0.0019937658216804266,0.0625,1.2586513757705688,7.733590602874756,3.646535873413086,0.47598350048065186,0.0,0.0,nan,nan,0.0,0.0,0.3313433527946472,0.30569693446159363,3.0026041666666665,0.3313433527946472,0.023183323442935944,0.02285008132457733
855,0.38541888999998264,3.185664,2.7698781490325928,-0.08110594749450684,0.3768288493156433,nan,0.22451917827129364,0.0,0.04994218796491623,0.0019939355552196503,0.0625,1.3576210737228394,7.621604919433594,3.65309476852417,0.47598350048065186,0.0,0.0,nan,nan,0.0,0.0,0.3305877049763997,0.30953365564346313,2.8854166666666665,0.3305877049763997,0.02315072218577067,0.022838152945041656
856,0.38276475800000753,3.185664,2.395949602127075,-0.1094537302851677,0.17534515261650085,nan,0.18774794042110443,0.0,0.029863417148590088,0.0008250613464042544,0.02083333395421505,1.0929611921310425,7.956643581390381,3.6656737327575684,0.5093507766723633,1.0,0.0,nan,nan,0.0,1.0,0.330205758412679,0.3145820200443268,3.1328125,0.330205758412679,0.023187249898910522,0.02283516526222229
857,0.38451226299997643,3.185664,1.9044063091278076,-0.1451040506362915,0.2622639536857605,nan,0.13874071836471558,0.0,0.021707717329263687,0.0,0.0,1.0421580076217651,7.745639801025391,3.6793484687805176,0.5260344743728638,0.0,0.0,nan,nan,0.0,0.0,0.3296711246172587,0.3143438994884491,3.1354166666666665,0.3296711246172587,0.02313780536254247,0.022800341248512268
858,0.38469591099999434,3.185664,1.6849956512451172,-0.17448076605796814,0.34604814648628235,nan,0.11583368480205536,0.0,0.0272168330848217,0.0,0.0,1.0148656368255615,8.191152572631836,3.684903621673584,0.5260344743728638,0.0,0.0,nan,nan,0.0,0.0,0.32902491092681885,0.313308447599411,3.0182291666666665,0.32902491092681885,0.023151015241940815,0.022775381803512573
859,0.3888262270000382,3.185664,1.5149034261703491,-0.19974938035011292,0.18009288609027863,nan,0.09856139123439789,0.0,0.034582920372486115,0.0,0.0,1.0190387964248657,8.847036361694336,3.6747004985809326,0.5260344743728638,0.0,0.0,nan,nan,0.0,0.0,0.3284529248873393,0.30931583046913147,2.9401041666666665,0.3284529248873393,0.023180335760116577,0.02277339994907379
860,0.39013490399997863,3.185664,1.4031585454940796,-0.22013837099075317,0.24699746072292328,nan,0.08635206520557404,0.0,0.04316579923033714,0.0,0.0,1.1505708694458008,9.200799942016602,3.647197723388672,0.5260344743728638,0.0,0.0,nan,nan,0.0,0.0,0.328363835811615,0.30883756279945374,2.8515625,0.328363835811615,0.023195783297220867,0.02277960628271103
861,0.3921418470000049,3.185664,1.4276843070983887,-0.22279322147369385,0.2726990282535553,nan,0.08824315667152405,0.0,0.05300604924559593,1.3017665878578555e-06,0.02083333395421505,1.4087562561035156,9.590068817138672,3.6220245361328125,0.5260344743728638,0.0,0.0,nan,nan,0.0,0.0,0.3291967709859212,0.30862706899642944,2.8411458333333335,0.3291967709859212,0.02320809413989385,0.02280627191066742
862,0.39363611800001763,3.185664,1.4535839557647705,-0.2088295817375183,0.21710550785064697,nan,0.09052963554859161,0.0,0.06516788899898529,0.00011649748194031417,0.0625,1.454559087753296,9.877951622009277,3.593953847885132,0.5260344743728638,0.0,0.0,nan,nan,0.0,0.0,0.3302839199701945,0.3060809373855591,2.6666666666666665,0.3302839199701945,0.02323397994041443,0.022821929305791855
863,0.3929043470000124,3.185664,1.4838979244232178,-0.1868252158164978,0.22719986736774445,nan,0.09333306550979614,0.0,0.07890893518924713,0.0006894301623106003,0.1067708358168602,1.2417751550674438,9.575092315673828,3.5547332763671875,0.5260344743728638,0.0,0.0,nan,nan,0.0,0.0,0.330100417137146,0.2995860278606415,2.6692708333333335,0.330100417137146,0.023210739096005756,0.022768445312976837
864,0.39550321300004043,3.185664,1.5762476921081543,-0.1648857593536377,0.10872184485197067,nan,0.10189240425825119,0.0,0.08476758003234863,0.001741043641231954,0.1145833358168602,1.4572018384933472,9.392548561096191,3.503411293029785,0.5287778377532959,1.0,0.0,nan,nan,0.0,1.0,0.32948873440424603,0.2962244153022766,2.7786458333333335,0.32948873440424603,0.023250582317511242,0.02269919216632843
865,0.3926343910000014,3.185664,1.8149280548095703,-0.13386909663677216,0.2666749954223633,nan,0.12737810611724854,0.0,0.05943860858678818,0.0005313303554430604,0.0625,1.5391268730163574,9.880001068115234,3.4534270763397217,0.542494535446167,0.0,0.0,nan,nan,0.0,0.0,0.3304513295491536,0.3060317635536194,2.8489583333333335,0.3304513295491536,0.023244117697079975,0.02285226806998253
866,0.39367071100002704,3.185664,1.8194760084152222,-0.0999268889427185,0.3832707107067108,nan,0.12732161581516266,0.0,0.06638185679912567,0.0013094645692035556,0.0859375,1.4248781204223633,10.865878105163574,3.422107219696045,0.542494535446167,0.0,0.0,nan,nan,0.0,0.0,0.3284105062484741,0.3058909475803375,2.9427083333333335,0.3284105062484741,0.02321598430474599,0.022633686661720276
867,0.38704476200001636,3.185664,1.9435136318206787,-0.08833494782447815,0.11965040117502213,nan,0.13885468244552612,0.0,0.05405811220407486,0.0012081925524398685,0.0911458358168602,1.2808125019073486,11.4089994430542,3.418504238128662,0.5426456928253174,1.0,0.0,nan,nan,0.0,1.0,0.32901279131571454,0.3035195469856262,2.9453125,0.32901279131571454,0.023253570000330608,0.022518672049045563
868,0.3934401249999837,3.185664,2.0191359519958496,-0.07082585245370865,0.31001463532447815,nan,0.14575889706611633,0.0,0.042933590710163116,0.0006751791806891561,0.0625,1.640305519104004,11.24072265625,3.4409396648406982,0.5427736043930054,0.0,0.0,nan,nan,0.0,0.0,0.3313985864321391,0.29991310834884644,3.0625,0.3313985864321391,0.023170481125513714,0.021782763302326202
869,0.38877272499996707,3.185664,2.032287120819092,-0.033926378935575485,0.2935223877429962,nan,0.14794987440109253,0.0,0.04810258001089096,0.0016175571363419294,0.0546875,1.7918542623519897,10.889089584350586,3.472954273223877,0.5385658144950867,1.0,0.0,nan,nan,0.0,1.0,0.3324238459269206,0.29374459385871887,2.9791666666666665,0.3324238459269206,0.023140554626782734,0.02159678190946579
870,0.38809062699999686,3.185664,2.1891162395477295,-0.03147231042385101,0.22367893159389496,nan,0.16609153151512146,0.0,0.022540230304002762,0.0,0.0,1.355705976486206,10.553474426269531,3.4760985374450684,0.5091113448143005,0.0,0.0,nan,nan,0.0,0.0,0.3343130747477214,0.28113725781440735,2.7161458333333335,0.3343130747477214,0.02312814195950826,0.02132052183151245
871,0.3928520219999996,3.185664,1.8961644172668457,-0.026437953114509583,0.18440736830234528,nan,0.13647088408470154,0.0,0.029786046594381332,0.0,0.0,1.4992704391479492,9.958330154418945,3.4414241313934326,0.5091113448143005,0.0,0.0,nan,nan,0.0,0.0,0.33153154452641803,0.25902363657951355,2.96875,0.33153154452641803,0.023068944613138836,0.021007582545280457
872,0.40273361700002397,3.185664,1.7297905683517456,-0.0241217240691185,0.1704191118478775,nan,0.12019656598567963,0.0,0.03988201543688774,3.209262786185718e-06,0.02864583395421505,1.5698115825653076,9.543437957763672,3.386106491088867,0.5091113448143005,0.0,0.0,nan,nan,0.0,0.0,0.3278988798459371,0.2348507195711136,3.0442708333333335,0.3278988798459371,0.023033166925112408,0.02070017158985138
873,0.404885696000008,3.185664,1.747560739517212,-0.08320605009794235,0.210512176156044,nan,0.1202288269996643,0.0,0.05315611511468887,5.770529969595373e-05,0.0625,1.3298780918121338,9.634915351867676,3.3351120948791504,0.5091113448143005,0.0,0.0,nan,nan,0.0,0.0,0.3260275324185689,0.22712333500385284,2.84375,0.3260275324185689,0.023021469513575237,0.020585481077432632
874,0.40523645899997973,3.185664,1.8847109079360962,-0.1352503001689911,0.45649221539497375,nan,0.13298481702804565,0.0,0.06136069819331169,6.843462324468419e-05,0.0625,1.1903213262557983,10.195043563842773,3.2977914810180664,0.5091113448143005,0.0,0.0,nan,nan,0.0,0.0,0.32733337084452313,0.24343325197696686,2.7239583333333335,0.32733337084452313,0.02300768842299779,0.020612314343452454
875,0.4031512010000142,3.185664,1.8060239553451538,-0.13305842876434326,0.3046329915523529,nan,0.12568265199661255,0.0,0.06997549533843994,3.694004408316687e-05,0.1067708358168602,1.357004165649414,10.64310359954834,3.2749831676483154,0.5091113448143005,0.0,0.0,nan,nan,0.0,0.0,0.32743289073308307,0.26466718316078186,2.7395833333333335,0.32743289073308307,0.02297189086675644,0.02071990817785263
876,0.4019816770000375,3.185664,1.763059139251709,-0.12048947811126709,0.16228501498699188,nan,0.12029259651899338,0.0,0.08479984849691391,0.00026781484484672546,0.125,1.4661306142807007,10.965113639831543,3.257786273956299,0.5091113448143005,0.0,0.0,nan,nan,0.0,0.0,0.3257229725519816,0.2668240964412689,2.6484375,0.3257229725519816,0.022968436280886333,0.020749598741531372
877,0.4048770609999792,3.185664,1.8826285600662231,-0.13884305953979492,0.17047810554504395,nan,0.13070456683635712,0.0,0.10291068255901337,0.0009356832015328109,0.1536458432674408,1.6370443105697632,11.163663864135742,3.251199722290039,0.5091113448143005,0.0,0.0,nan,nan,0.0,0.0,0.3236853281656901,0.26551035046577454,2.6692708333333335,0.3236853281656901,0.02298150211572647,0.020737558603286743
878,0.4091649119999943,3.185664,1.9903744459152222,-0.1469578742980957,0.2118450254201889,nan,0.14065991342067719,0.0,0.12328829616308212,0.0024095852859318256,0.1875,1.8096082210540771,11.218951225280762,3.261348247528076,0.5091113448143005,0.0,0.0,nan,nan,0.0,0.0,0.32119061549504596,0.24554629623889923,2.671875,0.32119061549504596,0.02294563998778661,0.020731016993522644
879,0.4191546750000157,3.185664,2.302696704864502,-0.14433561265468597,0.1932363063097,nan,0.16999618709087372,0.0,0.14788363873958588,0.006098597310483456,0.2005208432674408,2.369379997253418,11.106287956237793,3.279226303100586,0.5091113448143005,1.0,0.0,nan,nan,0.0,1.0,0.3191826343536377,0.22087909281253815,2.6901041666666665,0.3191826343536377,0.022936885555585224,0.02073078230023384
880,0.41531500299998925,3.185664,2.845494508743286,-0.17872345447540283,0.4144591689109802,nan,0.22674548625946045,0.0,0.12797482311725616,0.0069548022001981735,0.1875,1.8611466884613037,11.373800277709961,3.2892532348632812,0.5292513370513916,0.0,0.0,nan,nan,0.0,0.0,0.3265812397003174,0.2581622004508972,2.5677083333333335,0.3265812397003174,0.023189226786295574,0.020739808678627014
881,0.4119449629999963,3.185664,2.3648386001586914,-0.18294593691825867,0.2127184420824051,nan,0.1853548288345337,0.0,0.08328551054000854,0.0043525733053684235,0.1041666716337204,1.6218128204345703,10.954887390136719,3.0054984092712402,0.5635181665420532,2.0,0.0,nan,nan,0.0,2.0,0.33314667145411175,0.2543829083442688,2.6197916666666665,0.33314667145411175,0.02338331441084544,0.0207645483314991
882,0.38972245700000485,3.185664,1.7930147647857666,-0.18167808651924133,0.3677992820739746,nan,0.13239017128944397,0.0,0.05184532329440117,0.0016995671903714538,0.09375,1.480223536491394,9.64677619934082,2.9223546981811523,0.5745720863342285,1.0,0.0,nan,nan,0.0,1.0,0.337133526802063,0.31139957904815674,2.6171875,0.337133526802063,0.023242220282554626,0.022905848920345306
883,0.3937272319999465,3.185664,1.6686732769012451,-0.17143476009368896,0.2712056636810303,nan,0.12389262765645981,0.0,0.028553824871778488,4.711027031589765e-06,0.0625,1.0187909603118896,7.657928466796875,2.893083095550537,0.563247561454773,0.0,0.0,nan,nan,0.0,0.0,0.33662982781728107,0.3098679482936859,2.7005208333333335,0.33662982781728107,0.023169706265131634,0.02284412831068039
884,0.3955057009999905,3.185664,1.4049731492996216,-0.18361544609069824,0.19402581453323364,nan,0.09809929132461548,0.0,0.031666144728660583,4.414170325617306e-05,0.0625,0.9373434782028198,6.958900451660156,2.8730037212371826,0.563247561454773,0.0,0.0,nan,nan,0.0,0.0,0.3338774840037028,0.3066937029361725,2.8046875,0.3338774840037028,0.02317101260026296,0.022859662771224976
885,0.39686085099998536,3.185664,1.2871816158294678,-0.19189752638339996,0.1619216799736023,nan,0.08626490086317062,0.0,0.03523613139986992,0.00018820908735506237,0.0625,1.328066349029541,6.243778228759766,2.8595614433288574,0.563247561454773,0.0,0.0,nan,nan,0.0,0.0,0.3315538763999939,0.30654293298721313,2.984375,0.3315538763999939,0.02319892744223277,0.022893786430358887
886,0.4015936330000045,3.185664,1.3117754459381104,-0.18896231055259705,0.16029484570026398,nan,0.08788405358791351,0.0,0.043379735201597214,0.0006280597299337387,0.0625,1.3532731533050537,5.803384304046631,2.8517508506774902,0.563247561454773,0.0,0.0,nan,nan,0.0,0.0,0.32916130622227985,0.3009181022644043,2.8125,0.32916130622227985,0.023190764089425404,0.02221805602312088
887,0.3980803089999654,3.185664,1.3832433223724365,-0.1706688404083252,0.18250982463359833,nan,0.0934048742055893,0.0,0.055333808064460754,0.0018534332048147917,0.0625,1.4606075286865234,6.913754940032959,2.8520898818969727,0.563247561454773,0.0,0.0,nan,nan,0.0,0.0,0.3272450963656108,0.2950718402862549,2.8567708333333335,0.3272450963656108,0.023172785838445027,0.022241368889808655
888,0.3911365989999922,3.185664,1.3584102392196655,-0.15459474921226501,0.14335156977176666,nan,0.0955505222082138,0.0,0.03969942778348923,0.001084072981029749,0.02083333395421505,1.4717100858688354,6.998144149780273,2.4615325927734375,0.5669087767601013,1.0,0.0,nan,nan,0.0,1.0,0.32731183369954425,0.2953861355781555,2.9114583333333335,0.32731183369954425,0.023199823995431263,0.022189512848854065
889,0.3881833759999722,3.185664,1.2993172407150269,-0.1448362171649933,0.19404996931552887,nan,0.09189154952764511,0.0,0.03478165343403816,0.0,0.0,1.8694818019866943,6.871671676635742,2.253880500793457,0.5687394142150879,0.0,0.0,nan,nan,0.0,0.0,0.3257602055867513,0.30212706327438354,2.9010416666666665,0.3257602055867513,0.02313004434108734,0.0221303328871727
890,0.39001281699995616,3.185664,1.2831599712371826,-0.14224305748939514,0.16608896851539612,nan,0.0888214111328125,0.0,0.047400496900081635,0.0,0.0,1.8038718700408936,7.368688106536865,2.2607736587524414,0.5687394142150879,0.0,0.0,nan,nan,0.0,0.0,0.3235875964164734,0.3059632182121277,3.0625,0.3235875964164734,0.02313325305779775,0.02205406129360199
891,0.39393867399996907,3.185664,1.2224012613296509,-0.13752345740795135,0.1674869954586029,nan,0.08206344395875931,0.0,0.06230977177619934,2.9499929951271042e-05,0.0703125,1.684648871421814,7.6370697021484375,2.245906352996826,0.5687394142150879,0.0,0.0,nan,nan,0.0,0.0,0.32395678758621216,0.30813783407211304,3.0885416666666665,0.32395678758621216,0.023139988382657368,0.021972328424453735
892,0.39699952500001245,3.185664,1.2376874685287476,-0.13023146986961365,0.41643226146698,nan,0.08389868587255478,0.0,0.07750745117664337,0.00041459788917563856,0.125,1.6654036045074463,7.05391263961792,2.2120256423950195,0.5687394142150879,0.0,0.0,nan,nan,0.0,0.0,0.3266700704892476,0.3060644268989563,2.8333333333333335,0.3266700704892476,0.023116836945215862,0.021916702389717102
893,0.3980176960000108,3.185664,1.2632502317428589,-0.1280672252178192,0.25644809007644653,nan,0.08661812543869019,0.0,0.09242545813322067,0.001646422198973596,0.125,1.8262214660644531,5.845799922943115,2.1696574687957764,0.5687394142150879,0.0,0.0,nan,nan,0.0,0.0,0.32968507210413617,0.30197542905807495,2.7161458333333335,0.32968507210413617,0.023080105582873028,0.0219062939286232
894,0.39950491600001214,3.185664,1.5899852514266968,-0.10969385504722595,0.1947830617427826,nan,0.12029751390218735,0.0,0.08444517105817795,0.002547479933127761,0.1484375,2.0896801948547363,5.952495574951172,2.114103078842163,0.5512137413024902,1.0,0.0,nan,nan,0.0,1.0,0.33131059010823566,0.298557311296463,2.6796875,0.33131059010823566,0.02311809112628301,0.02179020643234253
895,0.38907319300000154,3.185664,2.0147504806518555,-0.10472835600376129,0.237583726644516,nan,0.1670042872428894,0.0,0.0415402352809906,0.0006515684071928263,0.0677083358168602,1.2317323684692383,6.126817226409912,2.024609088897705,0.49848026037216187,1.0,0.0,nan,nan,0.0,1.0,0.3315287232398987,0.29390785098075867,2.78125,0.3315287232398987,0.023154273629188538,0.021632663905620575
896,0.39288300699996626,3.185664,1.8044836521148682,-0.09762056171894073,0.34460073709487915,nan,0.14491739869117737,0.0,0.04464560002088547,0.0016514573944732547,0.0625,1.2912547588348389,6.222198486328125,1.9727096557617188,0.4948243498802185,0.0,0.0,nan,nan,0.0,0.0,0.32888323068618774,0.2858804166316986,2.9427083333333335,0.32888323068618774,0.02306629220644633,0.0214550644159317
897,0.39285010200001125,3.185664,1.8874849081039429,-0.1255403757095337,0.1543918401002884,nan,0.15390299260616302,0.0,0.027907595038414,0.0014420042280107737,0.0260416679084301,1.334152102470398,7.010344982147217,1.9314162731170654,0.49851736426353455,1.0,0.0,nan,nan,0.0,1.0,0.32888565460840863,0.2807738780975342,3.0833333333333335,0.32888565460840863,0.023191290597120922,0.02137821912765503
898,0.39055029799999375,3.185664,1.7089439630508423,-0.1639702320098877,0.15943454205989838,nan,0.13901211321353912,0.0,0.014666064642369747,0.0,0.0,1.1925692558288574,6.537229537963867,1.8992536067962646,0.5011552572250366,0.0,0.0,nan,nan,0.0,0.0,0.32977110147476196,0.2958908975124359,2.96875,0.32977110147476196,0.023149060706297558,0.022168859839439392
899,0.3899341110000023,3.185664,1.470180869102478,-0.18520569801330566,0.2695590853691101,nan,0.11554726213216782,0.0,0.019892144948244095,0.0,0.0,1.0340449810028076,6.071295738220215,1.8779487609863281,0.5011552572250366,0.0,0.0,nan,nan,0.0,0.0,0.330085813999176,0.3009730279445648,2.8645833333333335,0.330085813999176,0.023171762625376385,0.022135548293590546
900,0.3882290120000107,3.185664,1.4456145763397217,-0.1875542402267456,0.21365155279636383,nan,0.11232505738735199,0.0,0.025675786659121513,0.0,0.0,1.491695761680603,6.1240949630737305,1.8625715970993042,0.5011552572250366,0.0,0.0,nan,nan,0.0,0.0,0.33060208956400555,0.30960628390312195,2.9140625,0.33060208956400555,0.023192904889583588,0.02206021547317505
901,0.39038318699999763,3.185664,1.4905409812927246,-0.18109792470932007,0.22048094868659973,nan,0.11576904356479645,0.0,0.03525743633508682,0.0,0.0,1.4218391180038452,7.05148458480835,1.850557565689087,0.5011552572250366,0.0,0.0,nan,nan,0.0,0.0,0.33041810989379883,0.3117522597312927,2.9557291666666665,0.33041810989379883,0.023209892213344574,0.022006675601005554
902,0.3890123179999705,3.185664,1.5456740856170654,-0.17953051626682281,0.2880111336708069,nan,0.1191912293434143,0.0,0.04833604022860527,0.0,0.0,1.245134711265564,8.137556076049805,1.842434287071228,0.5011552572250366,0.0,0.0,nan,nan,0.0,0.0,0.329437792301178,0.30209827423095703,2.9036458333333335,0.329437792301178,0.02322919915119807,0.021999098360538483
903,0.39190480299998853,3.185664,1.5154390335083008,-0.19766372442245483,0.2934585511684418,nan,0.11422842741012573,0.0,0.062075793743133545,0.0,0.0,1.1596616506576538,9.145187377929688,1.8399882316589355,0.5011552572250366,0.0,0.0,nan,nan,0.0,0.0,0.3278367519378662,0.3022640645503998,2.9140625,0.3278367519378662,0.02323754628499349,0.02200496941804886
904,0.39836291300002813,3.185664,1.5257835388183594,-0.21352285146713257,0.2587325870990753,nan,0.11410786211490631,0.0,0.07319949567317963,0.0,0.0,1.2516303062438965,9.819625854492188,1.8435590267181396,0.5011552572250366,0.0,0.0,nan,nan,0.0,0.0,0.3260495066642761,0.3061842620372772,2.8046875,0.3260495066642761,0.02326376736164093,0.021898992359638214
905,0.4017107060000171,3.185664,1.6073578596115112,-0.2116536647081375,0.24079714715480804,nan,0.11976729333400726,0.0,0.08221176266670227,3.310085716634603e-08,0.0364583358168602,1.485762596130371,10.653756141662598,1.8490290641784668,0.5011552572250366,0.0,0.0,nan,nan,0.0,0.0,0.32447359959284466,0.2933211624622345,2.7604166666666665,0.32447359959284466,0.02326526741186778,0.02179383486509323
906,0.4023239569999646,3.185664,1.6099269390106201,-0.20145393908023834,0.2994322180747986,nan,0.11717890948057175,0.0,0.0939452052116394,1.5285837040579509e-09,0.0078125,1.7736409902572632,11.778692245483398,1.8475587368011475,0.5011552572250366,0.0,0.0,nan,nan,0.0,0.0,0.32278305292129517,0.2872409522533417,2.7213541666666665,0.32278305292129517,0.023269064724445343,0.021673843264579773
907,0.40539533499998015,3.185664,1.8467533588409424,-0.1598905622959137,0.32000094652175903,nan,0.13864141702651978,0.0,0.10808124393224716,8.370016439585015e-05,0.0755208358168602,2.2833993434906006,14.268514633178711,1.8368747234344482,0.5011552572250366,0.0,0.0,nan,nan,0.0,0.0,0.321582833925883,0.28723129630088806,2.7265625,0.321582833925883,0.023217042287190754,0.021520309150218964
908,0.410882097999945,3.185664,2.3903799057006836,-0.104709193110466,0.17605458199977875,nan,0.18961046636104584,0.0,0.1271621435880661,0.0008626488852314651,0.1458333432674408,2.0638952255249023,16.425621032714844,1.8226646184921265,0.5011552572250366,0.0,0.0,nan,nan,0.0,0.0,0.32053953409194946,0.2871454656124115,2.5807291666666665,0.32053953409194946,0.023265366752942402,0.021340690553188324
909,0.4130682549999847,3.185664,2.9620273113250732,-0.06138571351766586,0.18430843949317932,nan,0.24340316653251648,0.0,0.15020877122879028,0.003619937924668193,0.1875,2.2076525688171387,18.059757232666016,1.8058218955993652,0.5011552572250366,0.0,0.0,nan,nan,0.0,0.0,0.31916940212249756,0.2702420651912689,2.5651041666666665,0.31916940212249756,0.023195572197437286,0.02115125209093094
910,0.417027700999995,3.185664,3.6053073406219482,-0.05294020473957062,0.13779450953006744,nan,0.3085581660270691,0.0,0.1376246064901352,0.004917215555906296,0.1354166716337204,1.6896165609359741,18.466175079345703,1.7849563360214233,0.5356512069702148,2.0,0.0,nan,nan,0.0,2.0,0.321261207262675,0.26284554600715637,2.7682291666666665,0.321261207262675,0.023378724853197735,0.021086055785417557
911,0.4047555860000216,3.185664,3.504631519317627,-0.04032297432422638,0.13825340569019318,nan,0.3049110770225525,0.0,0.08598384261131287,0.001938437344506383,0.0338541679084301,1.1170903444290161,16.53447151184082,1.7566239833831787,0.5734622478485107,1.0,0.0,nan,nan,0.0,1.0,0.32590341567993164,0.29571041464805603,2.7682291666666665,0.32590341567993164,0.023363061249256134,0.02287476509809494
912,0.3984901570000261,3.185664,3.326723337173462,-0.01156493742018938,0.2509654462337494,nan,0.2879193425178528,0.0,0.07672598958015442,0.0,0.0,1.531144142150879,16.63916778564453,1.75637948513031,0.5957008600234985,0.0,0.0,nan,nan,0.0,0.0,0.32963770627975464,0.29661840200424194,2.734375,0.32963770627975464,0.023272556563218433,0.02273670583963394
913,0.3991199540000139,3.185664,3.429062843322754,0.024497874081134796,0.19876231253147125,nan,0.29390186071395874,0.0,0.09911888092756271,3.645272499852581e-06,0.0338541679084301,2.1865758895874023,18.68861961364746,1.7688692808151245,0.5957008600234985,0.0,0.0,nan,nan,0.0,0.0,0.33323468764623004,0.3029025197029114,2.5052083333333335,0.33323468764623004,0.02327552189429601,0.022543437778949738
914,0.39803179200004024,3.185664,3.5446889400482178,0.04879113286733627,0.1428268998861313,nan,0.3027041554450989,0.0,0.12663476169109344,0.00013464326912071556,0.1979166716337204,2.277830123901367,19.761478424072266,1.786037802696228,0.5957008600234985,0.0,0.0,nan,nan,0.0,0.0,0.3348715702692668,0.3121463358402252,2.5260416666666665,0.3348715702692668,0.023537588616212208,0.021704986691474915
915,0.40183002999998507,3.185664,3.239610433578491,0.0357266366481781,0.15869061648845673,nan,0.2706841826438904,0.0,0.15352225303649902,0.0009450425277464092,0.3203125,2.119378089904785,18.656509399414062,1.7984251976013184,0.5957008600234985,0.0,0.0,nan,nan,0.0,0.0,0.33536771933237713,0.30563855171203613,2.5651041666666665,0.33536771933237713,0.023240335285663605,0.021473117172718048
916,0.4026656230000185,3.185664,2.5381243228912354,-0.007792494259774685,0.13249289989471436,nan,0.20009104907512665,0.0,0.17560331523418427,0.0024269018322229385,0.375,2.029930353164673,16.471166610717773,1.8025202751159668,0.5957008600234985,0.0,0.0,nan,nan,0.0,0.0,0.33494027455647785,0.2897990643978119,2.53125,0.33494027455647785,0.02320578197638194,0.021197475492954254
917,0.4026492780000126,3.185664,2.193359136581421,-0.04560844600200653,0.15118376910686493,nan,0.16613760590553284,0.0,0.18969306349754333,0.003598865121603012,0.3463541865348816,2.4800233840942383,15.131574630737305,1.8056830167770386,0.5957008600234985,0.0,0.0,nan,nan,0.0,0.0,0.334445595741272,0.2766255736351013,2.421875,0.334445595741272,0.02317747473716736,0.020922377705574036
918,0.4045174519999932,3.185664,2.1919524669647217,-0.06983068585395813,0.35384565591812134,nan,0.16615255177021027,0.0,0.20022737979888916,0.004009435884654522,0.3125,3.341094493865967,14.21512508392334,1.8167357444763184,0.5957008600234985,0.0,0.0,nan,nan,0.0,0.0,0.33348743120829266,0.2639124095439911,2.5130208333333335,0.33348743120829266,0.023124943176905315,0.020683571696281433
919,0.4001583259999961,3.185664,2.6071200370788574,-0.11617341637611389,0.1532251536846161,nan,0.2116219401359558,0.0,0.1919829100370407,0.003506643697619438,0.2838541865348816,2.240328073501587,14.577583312988281,1.6716928482055664,0.6004681587219238,1.0,0.0,nan,nan,0.0,1.0,0.3324600060780843,0.26246514916419983,2.4036458333333335,0.3324600060780843,0.02310506006081899,0.020618490874767303
920,0.40206184700002723,3.185664,2.6199209690093994,-0.11458654701709747,0.2229119837284088,nan,0.21824507415294647,0.0,0.15981139242649078,0.0019792942330241203,0.2057291716337204,1.5032285451889038,14.182626724243164,1.5335679054260254,0.6114890575408936,1.0,0.0,nan,nan,0.0,1.0,0.3328758279482524,0.2901441156864166,2.53125,0.3328758279482524,0.023101518551508587,0.020655564963817596
921,0.4042127519999781,3.185664,2.4580438137054443,-0.09093936532735825,0.1293722689151764,nan,0.20313194394111633,0.0,0.1451573371887207,0.0024202028289437294,0.1015625,1.4166607856750488,13.174367904663086,1.522802710533142,0.5899877548217773,1.0,0.0,nan,nan,0.0,1.0,0.3323289354642232,0.30750754475593567,2.3307291666666665,0.3323289354642232,0.023152175048987072,0.020732462406158447
922,0.4027340079999817,3.185664,2.5672574043273926,-0.062066685408353806,0.18962278962135315,nan,0.21642057597637177,0.0,0.11393006891012192,0.0013076455798000097,0.0598958358168602,1.180088996887207,13.214040756225586,1.4826207160949707,0.5482264161109924,1.0,0.0,nan,nan,0.0,1.0,0.3322376012802124,0.29866382479667664,2.3802083333333335,0.3322376012802124,0.02322094887495041,0.022315002977848053
923,0.4015015239999684,3.185664,2.571922779083252,-0.03649769350886345,0.2849888205528259,nan,0.21871459484100342,0.0,0.09831953048706055,0.00021415208175312728,0.0625,1.1110169887542725,12.717947959899902,1.4459123611450195,0.5329212546348572,0.0,0.0,nan,nan,0.0,0.0,0.33195926745732623,0.29472362995147705,2.5651041666666665,0.33195926745732623,0.023114224274953205,0.022188369184732437
924,0.40122627199997396,3.185664,2.504296064376831,-0.01798194646835327,0.3782016336917877,nan,0.21155010163784027,0.0,0.10832543671131134,0.0011111570056527853,0.0963541716337204,1.2675479650497437,11.823484420776367,1.4391921758651733,0.5329212546348572,0.0,0.0,nan,nan,0.0,0.0,0.330303688844045,0.2946041226387024,2.5677083333333335,0.330303688844045,0.02308322737614314,0.022057924419641495
925,0.4100668780000092,3.185664,2.63065242767334,-0.015007978305220604,0.31682488322257996,nan,0.2255275696516037,0.0,0.09622868150472641,0.0010620534885674715,0.0885416716337204,1.1899880170822144,10.693194389343262,1.427215576171875,0.5268535017967224,1.0,0.0,nan,nan,0.0,1.0,0.3293219010035197,0.29579055309295654,2.4739583333333335,0.3293219010035197,0.023390009999275208,0.022006221115589142
926,0.40520295299995723,3.185664,2.9356563091278076,0.0034807641059160233,0.40053290128707886,nan,0.2572861313819885,0.0,0.08457911014556885,0.0003347622696310282,0.0625,1.0093786716461182,10.545417785644531,1.426958441734314,0.5225193500518799,0.0,0.0,nan,nan,0.0,0.0,0.32853196064631146,0.3029004633426666,2.7135416666666665,0.32853196064631146,0.02399647484223048,0.022409498691558838
927,0.4121865859999616,3.185664,2.898524045944214,0.008089937269687653,0.2603777050971985,nan,0.2524387836456299,0.0,0.09129553288221359,0.0007583443075418472,0.0625,1.2384390830993652,11.004735946655273,1.444845199584961,0.5225193500518799,0.0,0.0,nan,nan,0.0,0.0,0.3282524148623149,0.30388113856315613,2.7682291666666665,0.3282524148623149,0.023149698972702026,0.02230643481016159
928,0.41303348000002416,3.185664,2.6716878414154053,0.006593331694602966,0.22420816123485565,nan,0.22756604850292206,0.0,0.10182517766952515,0.0010173742193728685,0.0625,1.7497260570526123,11.536664962768555,1.4729722738265991,0.5225193500518799,0.0,0.0,nan,nan,0.0,0.0,0.32898712158203125,0.3044845461845398,2.671875,0.32898712158203125,0.023131805161635082,0.022149935364723206
929,0.41085531799996033,3.185664,2.5293102264404297,0.0005754567682743073,0.23488524556159973,nan,0.21134647727012634,0.0,0.11372913420200348,0.0007477367762476206,0.0625,2.0214858055114746,12.567588806152344,1.5081638097763062,0.5225193500518799,0.0,0.0,nan,nan,0.0,0.0,0.3309873143831889,0.30391258001327515,2.8046875,0.3309873143831889,0.023124761879444122,0.02194686233997345
930,0.4060066899999697,3.185664,2.594289779663086,0.002450227737426758,0.22041112184524536,nan,0.2162528932094574,0.0,0.12467417120933533,0.0005336320027709007,0.0625,1.8166439533233643,13.199321746826172,1.5473546981811523,0.5225193500518799,0.0,0.0,nan,nan,0.0,0.0,0.33375755945841473,0.30668699741363525,2.5494791666666665,0.33375755945841473,0.023114060362180073,0.02172226458787918
931,0.4096537460000036,3.185664,2.7070436477661133,0.0019822455942630768,0.21747986972332,nan,0.22654354572296143,0.0,0.13562485575675964,0.0006009750650264323,0.0625,1.6409897804260254,12.859390258789062,1.5872085094451904,0.5225193500518799,0.0,0.0,nan,nan,0.0,0.0,0.3354793389638265,0.30290570855140686,2.3958333333333335,0.3354793389638265,0.023129473129908245,0.021507419645786285
932,0.4144592389999957,3.185664,2.6895060539245605,-0.005829804576933384,0.3520616888999939,nan,0.22555731236934662,0.0,0.14587579667568207,0.000958390417508781,0.0625,1.8082078695297241,12.700984001159668,1.6232552528381348,0.5225193500518799,0.0,0.0,nan,nan,0.0,0.0,0.3360879421234131,0.2895195782184601,2.4427083333333335,0.3360879421234131,0.023113029698530834,0.021312303841114044
933,0.4188059399999702,3.185664,2.5852484703063965,-0.012802479788661003,0.26918286085128784,nan,0.21309280395507812,0.0,0.16059640049934387,0.0018346370197832584,0.1380208432674408,2.3983144760131836,13.203527450561523,1.657789945602417,0.5225193500518799,0.0,0.0,nan,nan,0.0,0.0,0.33479829629262287,0.2733801305294037,2.3098958333333335,0.33479829629262287,0.02308499316374461,0.02111714333295822
934,0.41257833499997787,3.185664,2.699500799179077,-0.011053314432501793,0.22401238977909088,nan,0.22462555766105652,0.0,0.14498773217201233,0.0012930231168866158,0.140625,2.2738559246063232,13.393653869628906,1.69171941280365,0.4985484480857849,1.0,0.0,nan,nan,0.0,1.0,0.332893709341685,0.25123125314712524,2.3645833333333335,0.332893709341685,0.023319614430268604,0.020903918892145157
935,0.4210116450000214,3.185664,3.0536036491394043,-0.01680123433470726,0.2953225076198578,nan,0.2574234902858734,0.0,0.15645763278007507,0.00448183435946703,0.1875,2.032813787460327,14.703639030456543,1.7258131504058838,0.49512404203414917,0.0,0.0,nan,nan,0.0,0.0,0.3296124339103699,0.2334093153476715,2.484375,0.3296124339103699,0.023544001082579296,0.02077372744679451
936,0.40992834900004027,3.185664,3.122915506362915,-0.050550661981105804,0.21365241706371307,nan,0.2681545913219452,0.0,0.10858398675918579,0.0022390331141650677,0.0963541716337204,1.0419189929962158,15.01032543182373,1.7536734342575073,0.5248637199401855,2.0,0.0,nan,nan,0.0,2.0,0.3338981866836548,0.24165570735931396,2.484375,0.3338981866836548,0.023307345807552338,0.022129878401756287
937,0.4086606850000294,3.185664,2.919002056121826,-0.03783637657761574,0.32980313897132874,nan,0.24896864593029022,0.0,0.09176268428564072,0.00033411019830964506,0.0625,0.9353136420249939,14.313667297363281,1.7748019695281982,0.5339996814727783,0.0,0.0,nan,nan,0.0,0.0,0.33466410636901855,0.3019162118434906,2.8177083333333335,0.33466410636901855,0.023096126814683277,0.02210673689842224
938,0.4116820300000654,3.185664,2.9239888191223145,-0.03405677527189255,0.4961479604244232,nan,0.24778982996940613,0.0,0.102033331990242,0.0009574246359989047,0.0625,1.1962618827819824,14.749153137207031,1.7913302183151245,0.5339996814727783,0.0,0.0,nan,nan,0.0,0.0,0.33451064427693683,0.3019358515739441,2.9505208333333335,0.33451064427693683,0.023072185615698498,0.022086575627326965
939,0.4033094719999326,3.185664,3.0874741077423096,-0.029765870422124863,0.26336297392845154,nan,0.26288652420043945,0.0,0.10613548010587692,0.0014202980091795325,0.1302083432674408,1.444705843925476,16.257070541381836,1.7550796270370483,0.5371620655059814,1.0,0.0,nan,nan,0.0,1.0,0.3345030943552653,0.3098248839378357,2.8307291666666665,0.3345030943552653,0.023127146065235138,0.022055163979530334
940,0.40563709299999573,3.185664,3.295614004135132,-0.01097712479531765,0.35408851504325867,nan,0.2831566333770752,0.0,0.0986114963889122,0.00030466727912425995,0.140625,1.4275792837142944,18.020198822021484,1.6695626974105835,0.5434867739677429,0.0,0.0,nan,nan,0.0,0.0,0.33445775508880615,0.3142155408859253,2.7161458333333335,0.33445775508880615,0.023328679303328197,0.02179057151079178
941,0.41118056300001626,3.185664,3.423013210296631,0.01763123646378517,0.3331289291381836,nan,0.29142600297927856,0.0,0.12021677941083908,0.0014811416622251272,0.1875,1.5843279361724854,20.19527816772461,1.6792387962341309,0.5434867739677429,0.0,0.0,nan,nan,0.0,0.0,0.3348272244135539,0.3146742880344391,2.6744791666666665,0.3348272244135539,0.02397697667280833,0.021740734577178955
942,0.41209733899995626,3.185664,3.433159828186035,0.03390983119606972,0.20653998851776123,nan,0.2894565463066101,0.0,0.14503690600395203,0.004470245447009802,0.2291666716337204,1.475919485092163,22.164241790771484,1.68206787109375,0.5434867739677429,0.0,0.0,nan,nan,0.0,0.0,0.3339749574661255,0.31343403458595276,2.6171875,0.3339749574661255,0.02311148742834727,0.021625757217407227
943,0.41364463200000046,3.185664,2.767226219177246,0.04921434819698334,0.18365056812763214,nan,0.22689661383628845,0.0,0.13227006793022156,0.005080929026007652,0.1979166716337204,1.397629737854004,21.304920196533203,1.3320127725601196,0.5191396474838257,1.0,0.0,nan,nan,0.0,1.0,0.3325181206067403,0.30181455612182617,2.5234375,0.3325181206067403,0.023049046595891316,0.021474026143550873
944,0.40718611899990265,3.185664,2.097407102584839,0.03530774265527725,0.18668289482593536,nan,0.16219869256019592,0.0,0.11765006184577942,0.003933037631213665,0.1380208432674408,1.6316322088241577,19.04393768310547,1.283017635345459,0.5045056343078613,1.0,0.0,nan,nan,0.0,1.0,0.3311227758725484,0.2966156005859375,2.5807291666666665,0.3311227758725484,0.022970423102378845,0.021302558481693268
945,0.4028626300000724,3.185664,1.9003483057022095,0.011255145072937012,0.1960693597793579,nan,0.14838843047618866,0.0,0.09063583612442017,0.0014453580370172858,0.0338541679084301,1.9103376865386963,16.415969848632812,1.2323057651519775,0.5006148815155029,1.0,0.0,nan,nan,0.0,1.0,0.33053819338480633,0.2929799556732178,2.6041666666666665,0.33053819338480633,0.022925677398840588,0.021123558282852173
946,0.4016144949999898,3.185664,1.8602964878082275,0.0035430947318673134,0.32265302538871765,nan,0.146570086479187,0.0,0.08789282292127609,0.00017390845459885895,0.1171875,2.1040844917297363,14.92273998260498,1.205512523651123,0.5043139457702637,0.0,0.0,nan,nan,0.0,0.0,0.3285423318545024,0.27894705533981323,2.6510416666666665,0.3285423318545024,0.022829679151376087,0.02094316855072975
947,0.4083497430000307,3.185664,1.840706467628479,0.014605043455958366,0.38217809796333313,nan,0.14228665828704834,0.0,0.10988195985555649,0.0018467660993337631,0.125,2.431159496307373,14.031103134155273,1.2436788082122803,0.5043139457702637,0.0,0.0,nan,nan,0.0,0.0,0.3239181836446126,0.2537257969379425,2.7395833333333335,0.3239181836446126,0.022800351182619732,0.020774248987436295
948,0.4121122059999607,3.185664,2.1622419357299805,-0.009065590798854828,0.31311309337615967,nan,0.17028707265853882,0.0,0.1291922926902771,0.005982681643217802,0.1354166716337204,2.738466262817383,14.661079406738281,1.2783445119857788,0.5042451024055481,1.0,0.0,nan,nan,0.0,1.0,0.3199911117553711,0.24714472889900208,2.7213541666666665,0.3199911117553711,0.022811459998289745,0.020748071372509003
949,0.40549350000003415,3.185664,2.7335755825042725,-0.013774868100881577,0.1998041421175003,nan,0.23610779643058777,0.0,0.08556844294071198,0.002347240224480629,0.09375,1.8914284706115723,12.648689270019531,1.264825701713562,0.5019732713699341,1.0,0.0,nan,nan,0.0,1.0,0.32491248846054077,0.23561929166316986,2.8255208333333335,0.32491248846054077,0.023046158254146576,0.020875565707683563
950,0.4259151759999895,3.185664,2.4825382232666016,-0.0171486958861351,0.37921690940856934,nan,0.21190860867500305,0.0,0.07478463649749756,0.0013615250354632735,0.0625,1.5969536304473877,12.927397727966309,1.2717607021331787,0.5001835823059082,0.0,0.0,nan,nan,0.0,0.0,0.32697312037150067,0.28211885690689087,2.9713541666666665,0.32697312037150067,0.022970135013262432,0.021007046103477478
951,0.41484572900003513,3.185664,2.3597872257232666,-0.013251105323433876,0.20192523300647736,nan,0.1978975534439087,0.0,0.08533825725317001,0.0036849952302873135,0.09375,2.0922558307647705,13.59853744506836,1.2915613651275635,0.49746689200401306,1.0,0.0,nan,nan,0.0,1.0,0.3267561197280884,0.2561914920806885,2.9609375,0.3267561197280884,0.023005887866020203,0.020841699093580246
952,0.3982443789999479,3.185664,2.841128349304199,-0.0512898713350296,0.22648340463638306,nan,0.24763518571853638,0.0,0.0567508339881897,0.00025702366838231683,0.0625,1.5147122144699097,14.40582275390625,1.3014217615127563,0.4675831198692322,0.0,0.0,nan,nan,0.0,0.0,0.3332229256629944,0.3095017373561859,2.9609375,0.3332229256629944,0.023103564977645874,0.022454820573329926
953,0.3892287319999923,3.185664,2.658790349960327,-0.039188168942928314,0.15255855023860931,nan,0.22811482846736908,0.0,0.07230323553085327,0.0012340928660705686,0.0729166716337204,1.5851256847381592,14.12420654296875,1.3153260946273804,0.4675831198692322,0.0,0.0,nan,nan,0.0,0.0,0.3349629243214925,0.3158228099346161,2.8567708333333335,0.3349629243214925,0.023074584702650707,0.02208695560693741
954,0.3854751070000475,3.185664,2.6819286346435547,-0.022884149104356766,0.12549549341201782,nan,0.22935572266578674,0.0,0.06961893290281296,0.0014194394461810589,0.09375,1.3483575582504272,13.906368255615234,1.3229548931121826,0.461871474981308,1.0,0.0,nan,nan,0.0,1.0,0.3357929786046346,0.3160836398601532,2.8880208333333335,0.3357929786046346,0.02307117482026418,0.021587565541267395
955,0.38984665999998924,3.185664,2.4356327056884766,-0.016596447676420212,0.14225825667381287,nan,0.2047460526227951,0.0,0.06147586554288864,0.0005203095497563481,0.0625,1.082324504852295,13.187215805053711,1.3342941999435425,0.45615991950035095,0.0,0.0,nan,nan,0.0,0.0,0.33608678976694745,0.30418306589126587,2.9713541666666665,0.33608678976694745,0.022991806268692017,0.0213296040892601
956,0.39293731899999784,3.185664,2.0468811988830566,-0.019884727895259857,0.18416981399059296,nan,0.167103111743927,0.0,0.0727505087852478,0.0013581723906099796,0.0625,1.2613277435302734,11.615081787109375,1.3568929433822632,0.45615991950035095,0.0,0.0,nan,nan,0.0,0.0,0.33536434173583984,0.2928823232650757,2.9921875,0.33536434173583984,0.02291560173034668,0.02108144760131836
957,0.398438284000008,3.185664,1.8247839212417603,-0.02070823311805725,0.12715287506580353,nan,0.14452534914016724,0.0,0.0862734243273735,0.0029404419474303722,0.0625,1.906090497970581,11.450029373168945,1.3838434219360352,0.45615991950035095,1.0,0.0,nan,nan,0.0,1.0,0.3336718479792277,0.2825719714164734,2.8854166666666665,0.3336718479792277,0.022883725663026173,0.020870596170425415
958,0.39988709700003255,3.185664,2.0822324752807617,0.002622116357088089,0.2662637531757355,nan,0.17155061662197113,0.0,0.06059478968381882,8.075626101344824e-05,0.0390625,2.3560023307800293,11.592243194580078,1.4126720428466797,0.4846254289150238,0.0,0.0,nan,nan,0.0,0.0,0.33046374718348187,0.2703726589679718,2.9270833333333335,0.33046374718348187,0.022903571526209515,0.020691432058811188
959,0.4009254699999474,3.185664,2.576019763946533,-0.019393447786569595,0.1521195024251938,nan,0.2165077179670334,0.0,0.07934147119522095,0.0012638753978535533,0.1015625,1.9189796447753906,13.931661605834961,1.4504741430282593,0.4846254289150238,0.0,0.0,nan,nan,0.0,0.0,0.3284907937049866,0.2688436210155487,2.9322916666666665,0.3284907937049866,0.022815485795338947,0.02062911167740822
960,0.407518849999974,3.185664,2.8668603897094727,-0.0007397010922431946,0.2661226987838745,nan,0.2411084622144699,0.0,0.09995388984680176,0.00425282446667552,0.125,2.021583080291748,15.382591247558594,1.493748426437378,0.4846254289150238,0.0,0.0,nan,nan,0.0,0.0,0.3279624780019124,0.2901172935962677,2.8151041666666665,0.3279624780019124,0.022771187126636505,0.020629633218050003
961,0.41282966599999327,3.185664,2.5455827713012695,0.01926552504301071,0.19310420751571655,nan,0.20968791842460632,0.0,0.11368158459663391,0.008030186407268047,0.1354166716337204,2.423372983932495,15.326370239257812,1.5316903591156006,0.47536465525627136,1.0,0.0,nan,nan,0.0,1.0,0.32788342237472534,0.28949272632598877,2.7838541666666665,0.32788342237472534,0.022858522832393646,0.020653896033763885
962,0.40403186699995786,3.185664,2.2692275047302246,0.01538367010653019,0.0827251747250557,nan,0.18708203732967377,0.0,0.07626433670520782,0.0017346347449347377,0.0989583358168602,1.9756320714950562,12.81447982788086,1.5109723806381226,0.41885098814964294,1.0,0.0,nan,nan,0.0,1.0,0.3295087416966756,0.2714158594608307,2.7552083333333335,0.3295087416966756,0.023035357395807903,0.02108031138777733
963,0.40674291899995296,3.185664,2.3793914318084717,0.0018236320465803146,0.19114309549331665,nan,0.20042721927165985,0.0,0.06882235407829285,0.0028033778071403503,0.0625,1.8623273372650146,11.658254623413086,1.5383226871490479,0.38899922370910645,0.0,0.0,nan,nan,0.0,0.0,0.3285773793856303,0.24343843758106232,2.9609375,0.3285773793856303,0.02288357416788737,0.020908713340759277
964,0.3987795970000434,3.185664,2.6570379734039307,-0.05313155800104141,0.09595444053411484,nan,0.2309235781431198,0.0,0.04967238008975983,0.0017061814432963729,0.03125,1.2222169637680054,10.228818893432617,1.5767477750778198,0.38072675466537476,1.0,0.0,nan,nan,0.0,1.0,0.33291659752527875,0.24295037984848022,2.8619791666666665,0.33291659752527875,0.023028239607810974,0.02090400829911232
965,0.39457827699993686,3.185664,2.269129991531372,-0.05871690809726715,0.16235971450805664,nan,0.19301538169384003,0.0,0.04564126953482628,0.0001953562896233052,0.0625,1.2224476337432861,8.634445190429688,1.6186864376068115,0.37732037901878357,0.0,0.0,nan,nan,0.0,0.0,0.3350486755371094,0.30212756991386414,2.9583333333333335,0.3350486755371094,0.02298027276992798,0.021270837634801865
966,0.3930993499999431,3.185664,1.9615708589553833,-0.04939256235957146,0.283223956823349,nan,0.16274043917655945,0.0,0.059049881994724274,0.0012901623267680407,0.0625,1.4616248607635498,8.362306594848633,1.6623096466064453,0.37732037901878357,0.0,0.0,nan,nan,0.0,0.0,0.33321024974187213,0.28384897112846375,3.0208333333333335,0.33321024974187213,0.022959341605504353,0.02109558880329132
967,0.39277686100001574,3.185664,1.7873486280441284,-0.06603783369064331,0.17091387510299683,nan,0.14322547614574432,0.0,0.06224317476153374,0.0026135900989174843,0.0442708358168602,1.435467004776001,8.297223091125488,1.7044761180877686,0.3765866756439209,1.0,0.0,nan,nan,0.0,1.0,0.3309742212295532,0.2647375166416168,2.9895833333333335,0.3309742212295532,0.023035630583763123,0.020973119884729385
968,0.39402384100003474,3.185664,1.6163451671600342,-0.120696060359478,0.2534390985965729,nan,0.12739834189414978,0.0,0.040769971907138824,0.0,0.0,1.0985305309295654,7.614208221435547,1.7413296699523926,0.3748047351837158,0.0,0.0,nan,nan,0.0,0.0,0.33212228616078693,0.3129734992980957,3.078125,0.33212228616078693,0.023048661649227142,0.021814629435539246
969,0.3991641850000178,3.185664,1.4179508686065674,-0.14022761583328247,0.33161118626594543,nan,0.10664242506027222,0.0,0.049029067158699036,1.6721496649552137e-05,0.0625,1.0275511741638184,7.846318244934082,1.7811250686645508,0.3748047351837158,0.0,0.0,nan,nan,0.0,0.0,0.33126336336135864,0.30948594212532043,2.9479166666666665,0.33126336336135864,0.02306469778219859,0.021667316555976868
970,0.40272481800002424,3.185664,1.265466332435608,-0.14078128337860107,0.30577388405799866,nan,0.09123819321393967,0.0,0.05663058161735535,0.00015065845218487084,0.0625,0.9563071131706238,8.171408653259277,1.8224362134933472,0.3748047351837158,0.0,0.0,nan,nan,0.0,0.0,0.3318290909131368,0.30368736386299133,2.8567708333333335,0.3318290909131368,0.023056864738464355,0.02149779349565506
971,0.40459509799995885,3.185664,1.2349488735198975,-0.12650355696678162,0.22959235310554504,nan,0.08740609139204025,0.0,0.0636766254901886,0.0005077637615613639,0.0625,1.309140682220459,8.695499420166016,1.8673028945922852,0.3748047351837158,0.0,0.0,nan,nan,0.0,0.0,0.332126259803772,0.2966775894165039,2.8385416666666665,0.332126259803772,0.023022837936878204,0.021325357258319855
972,0.4017072450000114,3.185664,1.2203375101089478,-0.10289900749921799,0.1391049474477768,nan,0.0842595100402832,0.0,0.0737801045179367,0.001251816749572754,0.0625,1.311732292175293,9.007076263427734,1.9166762828826904,0.3748047351837158,0.0,0.0,nan,nan,0.0,0.0,0.33105258146921795,0.28767308592796326,2.9427083333333335,0.33105258146921795,0.022992307941118877,0.021169714629650116
973,0.4004366530000425,3.185664,1.5396106243133545,-0.07833947241306305,0.17236728966236115,nan,0.11570851504802704,0.0,0.06440284848213196,0.0009981223847717047,0.078125,1.1485282182693481,9.633827209472656,1.9046618938446045,0.35379958152770996,1.0,0.0,nan,nan,0.0,1.0,0.331013560295105,0.27466434240341187,2.8645833333333335,0.331013560295105,0.023044077058633167,0.021040450781583786
974,0.39734891800003425,3.185664,1.6522389650344849,-0.05360223352909088,0.19420376420021057,nan,0.126246377825737,0.0,0.05941019207239151,0.0007987454882822931,0.0625,1.5136321783065796,10.16453742980957,1.907627820968628,0.33879590034484863,0.0,0.0,nan,nan,0.0,0.0,0.32990823189417523,0.25165021419525146,2.9505208333333335,0.32990823189417523,0.022971466183662415,0.020935945212841034
975,0.40269130900003347,3.185664,1.9096322059631348,-0.04666287451982498,0.21467117965221405,nan,0.14905819296836853,0.0,0.07203768193721771,0.0033682535868138075,0.0625,1.564028024673462,11.085097312927246,1.9631242752075195,0.33879590034484863,0.0,0.0,nan,nan,0.0,0.0,0.32682108879089355,0.23142585158348083,3.0052083333333335,0.32682108879089355,0.023105594019095104,0.020874235779047012
976,0.3943842200000063,3.185664,2.033757448196411,-0.05441190302371979,0.1865842193365097,nan,0.16485856473445892,0.0,0.03934852406382561,0.0004326971247792244,0.0182291679084301,1.4003009796142578,9.826215744018555,2.0124154090881348,0.39306503534317017,1.0,0.0,nan,nan,0.0,1.0,0.33199576536814374,0.23584142327308655,3.0989583333333335,0.33199576536814374,0.023169082899888355,0.02175465226173401
977,0.39631025100004535,3.185664,1.9393868446350098,-0.028932858258485794,0.22251805663108826,nan,0.15589158236980438,0.0,0.041883599013090134,9.951868560165167e-05,0.0625,1.37436842918396,9.528512001037598,2.0713367462158203,0.397998571395874,0.0,0.0,nan,nan,0.0,0.0,0.33199890454610187,0.30494266748428345,3.0859375,0.33199890454610187,0.023046170671780903,0.021606892347335815
978,0.39670283400005246,3.185664,2.0728960037231445,-0.007046926766633987,0.17678944766521454,nan,0.16742420196533203,0.0,0.05134153366088867,0.0007068880368024111,0.0625,1.2174601554870605,10.31258773803711,2.130073070526123,0.397998571395874,0.0,0.0,nan,nan,0.0,0.0,0.3313023845354716,0.2919882535934448,3.1171875,0.3313023845354716,0.023012446860472362,0.021456316113471985
979,0.3951801759999398,3.185664,2.1915392875671387,0.004137251526117325,0.17112202942371368,nan,0.177354633808136,0.0,0.059960804879665375,0.0021280907094478607,0.0572916679084301,1.2580571174621582,11.359842300415039,2.1825499534606934,0.4003443419933319,1.0,0.0,nan,nan,0.0,1.0,0.33031084140141803,0.27124160528182983,3.1953125,0.33031084140141803,0.02302698791027069,0.021327335387468338
980,0.3917969650000259,3.185664,2.290459394454956,-0.026665791869163513,0.19054743647575378,nan,0.18962550163269043,0.0,0.03210188448429108,9.493311154074036e-06,0.0416666679084301,0.8490139842033386,9.987237930297852,2.2204513549804688,0.42614755034446716,0.0,0.0,nan,nan,0.0,0.0,0.3339044253031413,0.3087739944458008,3.1145833333333335,0.3339044253031413,0.02313961337010066,0.022229216992855072
981,0.3950476669999716,3.185664,2.0673203468322754,-0.03748316317796707,0.22959746420383453,nan,0.16641059517860413,0.0,0.03860606998205185,0.00010863749776035547,0.0625,0.7955965399742126,9.542201042175293,2.2647273540496826,0.42614755034446716,0.0,0.0,nan,nan,0.0,0.0,0.3338233232498169,0.3062705099582672,3.0807291666666665,0.3338233232498169,0.0231257826089859,0.02207343280315399
982,0.3995171980000123,3.185664,1.7970253229141235,-0.056076034903526306,0.18963290750980377,nan,0.13891905546188354,0.0,0.04500927776098251,0.00025822658790275455,0.0625,1.0261478424072266,8.901664733886719,2.295433759689331,0.42614755034446716,0.0,0.0,nan,nan,0.0,0.0,0.33308911323547363,0.29964694380760193,3.0520833333333335,0.33308911323547363,0.023086960117022198,0.02191162109375
983,0.40251585500004694,3.185664,1.688212275505066,-0.06534060835838318,0.11555647104978561,nan,0.1277085244655609,0.0,0.052842091768980026,0.00035776407457888126,0.0625,1.424757719039917,8.426959037780762,2.313351631164551,0.42614755034446716,0.0,0.0,nan,nan,0.0,0.0,0.33183642228444415,0.29641827940940857,3.1744791666666665,0.33183642228444415,0.023029473920663197,0.02173631638288498
984,0.4007100049999508,3.185664,1.9298306703567505,-0.054968275129795074,0.23219308257102966,nan,0.15127484500408173,0.0,0.06346436589956284,0.0005524879670701921,0.0625,1.2881968021392822,9.711843490600586,2.33610463142395,0.42614755034446716,0.0,0.0,nan,nan,0.0,0.0,0.3309986392656962,0.2953350841999054,2.90625,0.3309986392656962,0.02310825635989507,0.021558955311775208
985,0.40192773399996895,3.185664,2.32246470451355,-0.032964304089546204,0.6959644556045532,nan,0.18800704181194305,0.0,0.07943148910999298,0.0013433856656774879,0.1041666716337204,1.580559253692627,11.224609375,2.361314296722412,0.42614755034446716,0.0,0.0,nan,nan,0.0,0.0,0.33032433191935223,0.30115997791290283,2.8619791666666665,0.33032433191935223,0.023041874170303345,0.021396897733211517
986,0.40215359100000114,3.185664,2.0588414669036865,-0.029642466455698013,0.25934773683547974,nan,0.1610618233680725,0.0,0.07415103167295456,0.0011484100250527263,0.0859375,1.7527358531951904,11.28187084197998,2.3581387996673584,0.4540952146053314,1.0,0.0,nan,nan,0.0,1.0,0.33111117283503216,0.29855218529701233,2.8854166666666665,0.33111117283503216,0.02307344228029251,0.021259158849716187
987,0.40252522499997667,3.185664,1.644127607345581,-0.042652763426303864,0.3075413703918457,nan,0.11844326555728912,0.0,0.0749778002500534,0.0008053656201809645,0.0625,1.8093284368515015,11.484668731689453,2.378610134124756,0.4708637595176697,0.0,0.0,nan,nan,0.0,0.0,0.3308874766031901,0.29344257712364197,2.90625,0.3308874766031901,0.022982758780320484,0.02114039659500122
988,0.406086680000044,3.185664,1.491235375404358,-0.05215120315551758,0.2090299427509308,nan,0.09948815405368805,0.0,0.08887635916471481,0.0017789730336517096,0.109375,1.8786945343017578,12.6541748046875,2.4307641983032227,0.4708637595176697,0.0,0.0,nan,nan,0.0,0.0,0.3292354345321655,0.2825847864151001,2.8125,0.3292354345321655,0.02297293394804001,0.02102763205766678
989,0.39814713100008703,3.185664,1.4933624267578125,-0.03550161421298981,0.11812878400087357,nan,0.10142266005277634,0.0,0.07625178247690201,0.0019423223566263914,0.0859375,1.9350769519805908,12.92280101776123,2.4841389656066895,0.4699687957763672,1.0,0.0,nan,nan,0.0,1.0,0.3294837474822998,0.27842170000076294,3.0104166666666665,0.3294837474822998,0.02300151934226354,0.020907245576381683
990,0.39989482400005727,3.185664,1.4171547889709473,0.007498934864997864,0.1849820464849472,nan,0.09369983524084091,0.0,0.0719933733344078,0.0037567708641290665,0.0625,1.6762316226959229,12.605402946472168,2.5349526405334473,0.4694318175315857,0.0,0.0,nan,nan,0.0,0.0,0.3278145392735799,0.2937271296977997,3.2109375,0.3278145392735799,0.022895234326521557,0.020769566297531128
991,0.4150260960000196,3.185664,1.8161519765853882,-0.01854255422949791,0.25313010811805725,nan,0.13162007927894592,0.0,0.08007708191871643,0.007691968232393265,0.0572916679084301,1.4473776817321777,12.590646743774414,2.5707998275756836,0.46887144446372986,1.0,0.0,nan,nan,0.0,1.0,0.32515835762023926,0.29107099771499634,3.1796875,0.32515835762023926,0.02291722595691681,0.020738601684570312
992,0.4090486759999976,3.185664,1.9050054550170898,0.0017783939838409424,0.1680847555398941,nan,0.14928191900253296,0.0,0.041220542043447495,1.465117005494676e-08,0.0052083334885537624,0.8013814687728882,8.605780601501465,2.418285608291626,0.4627072811126709,0.0,0.0,nan,nan,0.0,0.0,0.32655272881189984,0.2918885350227356,3.1302083333333335,0.32655272881189984,0.023024869461854298,0.021020568907260895
993,0.4095448980000356,3.185664,1.693474292755127,0.006337689235806465,0.3073301911354065,nan,0.1270071566104889,0.0,0.05032943934202194,0.00011915265349671245,0.0625,1.0900437831878662,9.029022216796875,2.409703254699707,0.4627072811126709,0.0,0.0,nan,nan,0.0,0.0,0.3258232871691386,0.2926101088523865,3.1822916666666665,0.3258232871691386,0.022975449760754902,0.020887140184640884
994,0.40762221099998897,3.185664,1.5733009576797485,0.002999020740389824,0.39866456389427185,nan,0.1135033667087555,0.0,0.06268977373838425,0.0012048620264977217,0.0625,1.423879861831665,9.602201461791992,2.4024605751037598,0.4627072811126709,0.0,0.0,nan,nan,0.0,0.0,0.3255570928255717,0.2769252061843872,3.1796875,0.3255570928255717,0.0229567289352417,0.020782217383384705
995,0.4124778929999593,3.185664,1.5276738405227661,-0.007152823731303215,0.200986847281456,nan,0.10666064918041229,0.0,0.07734209299087524,0.004939188249409199,0.0625,1.8354825973510742,10.060388565063477,2.404482126235962,0.4627072811126709,0.0,0.0,nan,nan,0.0,0.0,0.3250237504641215,0.2649713456630707,3.0963541666666665,0.3250237504641215,0.02288655440012614,0.020732704550027847
996,0.3916969180000933,3.185664,1.7000560760498047,-0.019177913665771484,0.11169012635946274,nan,0.12840735912322998,0.0,0.04036382958292961,0.00033847856684587896,0.0026041667442768812,0.9229702949523926,9.481066703796387,2.3900601863861084,0.4601411819458008,1.0,0.0,nan,nan,0.0,1.0,0.33002811670303345,0.2690148949623108,3.0260416666666665,0.33002811670303345,0.02306191623210907,0.020749621093273163
997,0.39693245399996613,3.185664,1.5001415014266968,-0.01417890377342701,0.1125422790646553,nan,0.10690796375274658,0.0,0.044955670833587646,0.0,0.0,1.0980093479156494,9.586307525634766,2.3856287002563477,0.46002960205078125,0.0,0.0,nan,nan,0.0,0.0,0.3300507664680481,0.2956461012363434,2.9609375,0.3300507664680481,0.023019418120384216,0.021282948553562164
998,0.40708775000007336,3.185664,1.4717700481414795,-0.0026916787028312683,0.1576288491487503,nan,0.10283609479665756,0.0,0.054740987718105316,5.9685189626179636e-06,0.0390625,1.1070506572723389,10.209131240844727,2.367077350616455,0.46002960205078125,0.0,0.0,nan,nan,0.0,0.0,0.32885225613911945,0.2793373465538025,2.8645833333333335,0.32885225613911945,0.02301892141501109,0.02105732262134552
999,0.404558341999973,3.185664,1.582110047340393,0.014899272471666336,0.20232276618480682,nan,0.11314982175827026,0.0,0.06576299667358398,3.292707697255537e-05,0.0625,1.2713596820831299,10.144647598266602,2.350306987762451,0.46002960205078125,0.0,0.0,nan,nan,0.0,0.0,0.32684483130772907,0.26256948709487915,2.7447916666666665,0.32684483130772907,0.02299885203440984,0.02084716409444809
