iter,t_iter_s,peak_mem_mb,loss,vx,grad_norm,terrain_level,loss_v,loss_clear,n_falls,n_timeouts,n_move_up,n_move_down
0,1.6230086459999598,2.11712,1.6688283681869507,0.09679216891527176,0.6992152333259583,nan,0.16269396245479584,0.0,0.0,0.0,nan,nan
1,0.4137492689999931,3.162112,1.4650160074234009,0.12437258660793304,0.6384778022766113,nan,0.1414359211921692,0.0,0.0,0.0,nan,nan
2,0.40864629899999727,3.162112,1.2010303735733032,0.1639276146888733,0.6053446531295776,nan,0.11351405084133148,0.0,0.0,0.0,nan,nan
3,0.4066279330000384,3.162112,0.8244023323059082,0.22885239124298096,0.5344685316085815,nan,0.07430480420589447,0.0,0.0,0.0,nan,nan
4,0.40800963699996373,3.162112,0.4455429017543793,0.31696081161499023,0.3000003397464752,nan,0.03438716009259224,0.0,0.0,0.0,nan,nan
5,0.4091643550000299,3.162112,0.19811753928661346,0.4193403124809265,0.10234984010457993,nan,0.007505753077566624,0.0,0.0,0.0,nan,nan
6,0.4102799699999764,3.162112,0.16854171454906464,0.520814061164856,0.19218949973583221,nan,0.0014400820946320891,0.0,0.0,0.0,nan,nan
7,0.4103985699999839,3.162112,0.3068482577800751,0.5913437604904175,0.3690761625766754,nan,0.00899826642125845,0.0,0.0,0.0,nan,nan
8,0.4084825880000267,3.162112,0.4145830273628235,0.6140588521957397,0.4237891435623169,nan,0.013795718550682068,0.0,0.0,0.0,nan,nan
9,0.4115391050000312,3.162112,0.48077163100242615,0.6257871389389038,0.40194132924079895,nan,0.017055794596672058,0.0,0.0,0.0,nan,nan
10,0.40692486300002884,3.162112,0.5693334937095642,0.6481376886367798,0.5122416615486145,nan,0.023313306272029877,0.0,0.0,0.0,nan,nan
11,0.40518171100001155,3.162112,0.6411014795303345,0.6728084087371826,0.5676392912864685,nan,0.03084656409919262,0.0,0.0,0.0,nan,nan
12,0.4062931009999602,3.162112,0.7074913382530212,0.6900005340576172,0.5664183497428894,nan,0.036550119519233704,0.0,0.0,0.0,nan,nan
13,0.4131592269999942,3.162112,0.8374512195587158,0.7104318141937256,0.5744975805282593,nan,0.04461635276675224,0.0,0.0,0.0,nan,nan
14,0.4157376819999854,3.162112,1.1760964393615723,0.609006404876709,0.3589477837085724,nan,0.06889336556196213,0.0,0.0,0.0,nan,nan
15,0.4116767390000291,3.162112,5.13245964050293,-0.17974571883678436,2.6384360790252686,nan,0.4711896777153015,0.0,0.0,0.0,nan,nan
16,0.4164911899999879,3.162112,5.19439697265625,-0.18725644052028656,2.810203790664673,nan,0.4752936363220215,0.0,0.0,0.0,nan,nan
17,0.4147015670000087,3.162112,3.258744239807129,-0.030621515586972237,2.0622243881225586,nan,0.2850216329097748,0.0,0.0,0.0,nan,nan
18,0.41318510600001446,3.162112,2.469175338745117,0.04886403679847717,1.4879423379898071,nan,0.20584329962730408,0.0,0.0,0.0,nan,nan
19,0.4129168989999812,3.162112,2.692795515060425,0.026704255491495132,1.4741108417510986,nan,0.22662924230098724,0.0,0.0,0.0,nan,nan
20,0.4126260870000351,3.162112,2.9512417316436768,0.0009660565410740674,1.6249146461486816,nan,0.2517382800579071,0.0,0.0,0.0,nan,nan
21,0.41935616000000664,3.162112,3.1182405948638916,-0.016268383711576462,1.549529790878296,nan,0.269054651260376,0.0,0.0,0.0,nan,nan
22,0.4129194960000291,3.162112,3.1683309078216553,-0.020410973578691483,1.3483470678329468,nan,0.273192435503006,0.0,0.0,0.0,nan,nan
23,0.4133117490000018,3.162112,3.0384092330932617,-0.008426562882959843,1.2726078033447266,nan,0.26070690155029297,0.0,0.0,0.0,nan,nan
24,0.4134404759999484,3.162112,2.8849143981933594,0.006619214080274105,1.1785614490509033,nan,0.2454436868429184,0.0,0.0,0.0,nan,nan
25,0.417110824999952,3.162112,2.810662269592285,0.014170548878610134,1.1672916412353516,nan,0.23780815303325653,0.0,0.0,0.0,nan,nan
26,0.4189554390000012,3.162112,2.811063766479492,0.015367882326245308,1.1719099283218384,nan,0.23645848035812378,0.0,0.0,0.0,nan,nan
27,0.41307448499998145,3.162112,2.8495304584503174,0.011221067048609257,1.2621846199035645,nan,0.2403336763381958,0.0,0.0,0.0,nan,nan
28,0.4117602029999716,3.162112,2.9334402084350586,0.004555616993457079,1.3291925191879272,nan,0.24689489603042603,0.0,0.0,0.0,nan,nan
29,0.41336860900003103,3.162112,3.0248520374298096,-0.002644128864631057,1.3241642713546753,nan,0.2541790008544922,0.0,0.0,0.0,nan,nan
30,0.4152514300000121,3.162112,3.099062204360962,-0.00825059600174427,1.268368124961853,nan,0.26028719544410706,0.0,0.0,0.0,nan,nan
31,0.41307928099996616,3.162112,3.1709530353546143,-0.012063069269061089,0.9407462477684021,nan,0.2649865746498108,0.0,0.0,0.0,nan,nan
32,0.4113485109999715,3.162112,3.175424098968506,-0.0077547235414385796,0.5804068446159363,nan,0.26215821504592896,0.0,0.0,0.0,nan,nan
33,0.4134933010000168,3.162112,2.9642727375030518,0.019663328304886818,0.6587142944335938,nan,0.23767726123332977,0.0,0.0,0.0,nan,nan
34,0.41334987599998385,3.162112,2.7926270961761475,0.04441199451684952,0.5114558339118958,nan,0.2170165479183197,0.0,0.0,0.0,nan,nan
35,0.41345362399999885,3.162112,2.655726671218872,0.06462504714727402,0.5272886157035828,nan,0.19896923005580902,0.0,0.0,0.0,nan,nan
36,0.4140997270000071,3.162112,2.681018114089966,0.06455333530902863,0.3056364357471466,nan,0.19859807193279266,0.0,0.0,0.0,nan,nan
37,0.41656995499999994,3.162112,2.7783968448638916,0.05328821390867233,0.47158491611480713,nan,0.2076922506093979,0.0,0.0,0.0,nan,nan
38,0.4254243889999998,3.162112,2.8946611881256104,0.0384511724114418,0.39882412552833557,nan,0.21990451216697693,0.0,0.0,0.0,nan,nan
39,0.41617363599999635,3.162112,3.0838897228240967,0.015512011013925076,0.42876023054122925,nan,0.23961631953716278,0.0,0.0,0.0,nan,nan
40,0.41563884099997495,3.162112,3.099135637283325,0.012721589766442776,0.5679850578308105,nan,0.24109935760498047,0.0,0.0,0.0,nan,nan
41,0.41997210899995707,3.162112,3.0730674266815186,0.014790471643209457,0.6144935488700867,nan,0.23894348740577698,0.0,0.0,0.0,nan,nan
42,0.4224293849999867,3.162112,3.0489771366119385,0.0162546094506979,0.49070367217063904,nan,0.23748505115509033,0.0,0.0,0.0,nan,nan
43,0.41636289699999907,3.162112,3.020991325378418,0.017951423302292824,0.5527949333190918,nan,0.2360706776380539,0.0,0.0,0.0,nan,nan
44,0.41644360999998753,3.162112,3.007154703140259,0.018493447452783585,0.6425935626029968,nan,0.23626106977462769,0.0,0.0,0.0,nan,nan
45,0.41548093500000505,3.162112,2.984386920928955,0.02100885845720768,0.3039005696773529,nan,0.23498140275478363,0.0,0.0,0.0,nan,nan
46,0.41668014200001835,3.162112,2.9579575061798096,0.02516346424818039,0.23043292760849,nan,0.23284220695495605,0.0,0.0,0.0,nan,nan
47,0.4162976939999794,3.162112,2.9130022525787354,0.03103751502931118,0.34027713537216187,nan,0.22997426986694336,0.0,0.0,0.0,nan,nan
48,0.413810409000007,3.162112,2.890125274658203,0.03747238963842392,0.24960559606552124,nan,0.22775256633758545,0.0,0.0,0.0,nan,nan
49,0.42041361100001495,3.162112,2.8943657875061035,0.04189804941415787,0.3365972340106964,nan,0.22918924689292908,0.0,0.0,0.0,nan,nan
50,0.42214892999999165,3.162112,2.9476399421691895,0.04496203362941742,0.6739479899406433,nan,0.23441779613494873,0.0,0.0,0.0,nan,nan
51,0.4258202679999954,3.162112,3.068655014038086,0.046074800193309784,0.9742963314056396,nan,0.24494878947734833,0.0,0.0,0.0,nan,nan
52,0.4258928699999842,3.162112,3.2626612186431885,0.04617650434374809,1.1230664253234863,nan,0.2609414756298065,0.0,0.0,0.0,nan,nan
53,0.4250323269999967,3.162112,3.248915910720825,0.041925691068172455,0.5360878109931946,nan,0.26569175720214844,0.0,2.0,0.0,nan,nan
54,0.4335083660000123,3.162112,3.381253957748413,0.043685030192136765,0.49585890769958496,nan,0.27554750442504883,0.0,4.0,0.0,nan,nan
55,0.4276582819999817,3.162112,2.908323287963867,0.03414016216993332,0.5185619592666626,nan,0.25167620182037354,0.0,2.0,0.0,nan,nan
56,0.43350553099998024,3.162112,2.7033729553222656,0.045891303569078445,0.3422304093837738,nan,0.23732970654964447,0.0,2.0,0.0,nan,nan
57,0.4207497579999995,3.162112,2.457531213760376,0.06420360505580902,0.3667679727077484,nan,0.21401867270469666,0.0,2.0,0.0,nan,nan
58,0.426866294999968,3.162112,2.1205732822418213,0.08763989806175232,0.44270849227905273,nan,0.1873709261417389,0.0,1.0,0.0,nan,nan
59,0.4191632830000458,3.162112,1.8616234064102173,0.11878369748592377,0.39650407433509827,nan,0.16132734715938568,0.0,1.0,0.0,nan,nan
60,0.41847093699999505,3.162624,1.525048851966858,0.15239828824996948,0.4279829263687134,nan,0.13333819806575775,0.0,0.0,0.0,nan,nan
61,0.4163270430000239,3.162624,1.346022129058838,0.18618226051330566,0.3693564534187317,nan,0.11306361854076385,0.0,0.0,0.0,nan,nan
62,0.41643699499996956,3.162624,1.2252017259597778,0.21406163275241852,0.2656468451023102,nan,0.09890612214803696,0.0,1.0,0.0,nan,nan
63,0.4098746599999572,3.162624,0.9335484504699707,0.24275115132331848,0.2654852867126465,nan,0.07741644233465195,0.0,1.0,0.0,nan,nan
64,0.4071565739999983,3.162624,0.7111075520515442,0.27472740411758423,0.32914239168167114,nan,0.05790070816874504,0.0,0.0,0.0,nan,nan
65,0.4057068960000265,3.162624,0.6448873281478882,0.29987046122550964,0.24452833831310272,nan,0.049077194184064865,0.0,0.0,0.0,nan,nan
66,0.41180773199999976,3.162624,0.6070300340652466,0.3213270902633667,0.18853500485420227,nan,0.04241665452718735,0.0,0.0,0.0,nan,nan
67,0.41310224699998344,3.162624,0.596998929977417,0.33664947748184204,0.14151187241077423,nan,0.0379185676574707,0.0,0.0,0.0,nan,nan
68,0.4061685249999982,3.162624,0.6294808387756348,0.3484992980957031,0.11530011892318726,nan,0.03626387566328049,0.0,0.0,0.0,nan,nan
69,0.4060782010000139,3.162624,0.6411372423171997,0.3588882386684418,0.14729493856430054,nan,0.036157358437776566,0.0,0.0,0.0,nan,nan
70,0.4071962840000083,3.162624,0.6699885129928589,0.36925047636032104,0.1663265973329544,nan,0.03490595147013664,0.0,0.0,0.0,nan,nan
71,0.4053801759999942,3.162624,0.653378963470459,0.38647258281707764,0.1884491890668869,nan,0.03103755973279476,0.0,0.0,0.0,nan,nan
72,0.407107069999995,3.162624,0.62985759973526,0.4121454358100891,0.2042711228132248,nan,0.025170808658003807,0.0,0.0,0.0,nan,nan
73,0.40863448699997207,3.162624,0.5809879899024963,0.4455583989620209,0.2220008820295334,nan,0.019019924104213715,0.0,0.0,0.0,nan,nan
74,0.4151973780000162,3.162624,0.5852966904640198,0.4863293170928955,0.26035407185554504,nan,0.015509739518165588,0.0,0.0,0.0,nan,nan
75,0.4218328990000373,3.162624,0.6329889893531799,0.5379508137702942,0.30898141860961914,nan,0.018751611933112144,0.0,0.0,0.0,nan,nan
76,0.4218632920000118,3.162624,0.8118898868560791,0.5806031823158264,0.3660639822483063,nan,0.03326399624347687,0.0,0.0,0.0,nan,nan
77,0.4206204570000409,3.162624,1.5804078578948975,0.5127466917037964,0.5902078151702881,nan,0.10530896484851837,0.0,0.0,0.0,nan,nan
78,0.42481413500001963,3.162624,2.589066982269287,0.38234806060791016,0.7522138953208923,nan,0.2011919915676117,0.0,0.0,0.0,nan,nan
79,0.4257996239999784,3.162624,3.5388052463531494,0.16228225827217102,0.8868310451507568,nan,0.29348132014274597,0.0,0.0,0.0,nan,nan
80,0.42098044099998333,3.162624,4.1903157234191895,0.008019037544727325,1.1725668907165527,nan,0.3567178249359131,0.0,0.0,0.0,nan,nan
81,0.41928385699998216,3.162624,3.8528826236724854,-0.01112292893230915,1.1526339054107666,nan,0.3208710849285126,0.0,0.0,0.0,nan,nan
82,0.4262367580000159,3.162624,3.316974639892578,0.051684655249118805,0.6268503665924072,nan,0.2632957696914673,0.0,2.0,0.0,nan,nan
83,0.4236903460000008,3.162624,3.022925615310669,0.05823806673288345,0.245212584733963,nan,0.23626300692558289,0.0,7.0,0.0,nan,nan
84,0.43717318000000205,3.164672,2.5634636878967285,0.0765286386013031,0.41639402508735657,nan,0.22508224844932556,0.0,2.0,0.0,nan,nan
85,0.4262794280000435,3.164672,2.0838687419891357,0.14003708958625793,0.3857729434967041,nan,0.1820303201675415,0.0,1.0,0.0,nan,nan
86,0.4244878599999993,3.164672,1.6708842515945435,0.1931590586900711,0.4510044455528259,nan,0.1454540342092514,0.0,1.0,0.0,nan,nan
87,0.41105310400001827,3.164672,1.272343635559082,0.2358226180076599,0.3675071597099304,nan,0.11120334267616272,0.0,1.0,0.0,nan,nan
88,0.4181246050000027,3.164672,1.0637272596359253,0.2867422103881836,0.43237313628196716,nan,0.09041273593902588,0.0,0.0,0.0,nan,nan
89,0.4212463009999965,3.164672,0.9520880579948425,0.349903404712677,0.3351462483406067,nan,0.07675183564424515,0.0,0.0,0.0,nan,nan
90,0.4262593230000107,3.164672,0.9910735487937927,0.4153350591659546,0.1885966658592224,nan,0.07583045959472656,0.0,1.0,0.0,nan,nan
91,0.41783792000001085,3.164672,0.7162255644798279,0.47283220291137695,0.16094431281089783,nan,0.0593751035630703,0.0,1.0,0.0,nan,nan
92,0.40924132599997165,3.164672,0.6487641334533691,0.5052942037582397,0.2288324534893036,nan,0.05389804765582085,0.0,0.0,0.0,nan,nan
93,0.4116568819999884,3.164672,0.5861664414405823,0.5199532508850098,0.19250982999801636,nan,0.047973863780498505,0.0,0.0,0.0,nan,nan
94,0.41039921899999854,3.164672,0.6475443243980408,0.536115288734436,0.18265731632709503,nan,0.052993036806583405,0.0,0.0,0.0,nan,nan
95,0.4087463279999497,3.164672,0.8399970531463623,0.5606329441070557,0.24745741486549377,nan,0.07089276611804962,0.0,0.0,0.0,nan,nan
96,0.4089540019999731,3.164672,1.0248616933822632,0.5722337961196899,0.2758365571498871,nan,0.08794870227575302,0.0,0.0,0.0,nan,nan
97,0.4072926700000039,3.164672,1.0501097440719604,0.5487380623817444,0.28719326853752136,nan,0.08976303040981293,0.0,0.0,0.0,nan,nan
98,0.41315718799995693,3.164672,1.0483503341674805,0.48993778228759766,0.23715491592884064,nan,0.08979378640651703,0.0,0.0,0.0,nan,nan
99,0.409566964000021,3.164672,1.2504690885543823,0.4447438716888428,0.33619576692581177,nan,0.1089552566409111,0.0,0.0,0.0,nan,nan
100,0.41446005199998126,3.164672,1.4941457509994507,0.4291973114013672,0.35432425141334534,nan,0.1318010687828064,0.0,0.0,0.0,nan,nan
101,0.42257029400002466,3.164672,1.7186537981033325,0.40253421664237976,0.3159862756729126,nan,0.15161672234535217,0.0,0.0,0.0,nan,nan
102,0.4322985289999792,3.164672,2.0338573455810547,0.2882620394229889,0.3116109371185303,nan,0.18111640214920044,0.0,0.0,0.0,nan,nan
103,0.42277623800003994,3.164672,2.3264641761779785,0.2511869966983795,0.19610610604286194,nan,0.2071256935596466,0.0,0.0,0.0,nan,nan
104,0.42822311899999477,3.164672,2.404000759124756,0.24559828639030457,0.27590036392211914,nan,0.2104690968990326,0.0,1.0,0.0,nan,nan
105,0.41421108400004414,3.164672,2.0889623165130615,0.2594870328903198,0.28444361686706543,nan,0.17970649898052216,0.0,1.0,0.0,nan,nan
106,0.40875036799997133,3.164672,1.8190512657165527,0.2407141774892807,0.3747900426387787,nan,0.16019204258918762,0.0,1.0,0.0,nan,nan
107,0.4131596219999665,3.164672,1.6043689250946045,0.27203741669654846,0.40728601813316345,nan,0.13555419445037842,0.0,0.0,0.0,nan,nan
108,0.42403318399999534,3.164672,1.4272432327270508,0.3254868984222412,0.31029364466667175,nan,0.11338841915130615,0.0,0.0,0.0,nan,nan
109,0.41668499500002554,3.164672,1.4082527160644531,0.3446141481399536,0.23316843807697296,nan,0.11188755929470062,0.0,1.0,0.0,nan,nan
110,0.41317159700003003,3.164672,1.4577276706695557,0.3415812849998474,0.31076592206954956,nan,0.12255418300628662,0.0,1.0,0.0,nan,nan
111,0.4104950669999994,3.164672,1.4668654203414917,0.35061126947402954,0.38343432545661926,nan,0.1236189603805542,0.0,0.0,0.0,nan,nan
112,0.4099287949999848,3.164672,1.377829670906067,0.4235909879207611,0.2494155615568161,nan,0.11584670841693878,0.0,1.0,0.0,nan,nan
113,0.4221129000000019,3.164672,1.393006443977356,0.470502108335495,0.3412684500217438,nan,0.12010394781827927,0.0,0.0,0.0,nan,nan
114,0.42216085800004066,3.164672,1.5505475997924805,0.4631219506263733,0.26722434163093567,nan,0.1352318823337555,0.0,0.0,0.0,nan,nan
115,0.42066440399997873,3.164672,1.3460742235183716,0.4818146526813507,0.2058268040418625,nan,0.11386781930923462,0.0,0.0,0.0,nan,nan
116,0.4247916850000024,3.164672,1.3576213121414185,0.5146169662475586,0.12473753839731216,nan,0.11220072209835052,0.0,0.0,0.0,nan,nan
117,0.4272938619999991,3.164672,1.60698664188385,0.5323874950408936,0.12519608438014984,nan,0.13450749218463898,0.0,0.0,0.0,nan,nan
118,0.4191144829999871,3.164672,2.1472413539886475,0.45831841230392456,0.24704617261886597,nan,0.18569707870483398,0.0,0.0,0.0,nan,nan
119,0.42708865699995613,3.164672,2.164409637451172,0.47625288367271423,0.24409574270248413,nan,0.18448230624198914,0.0,1.0,0.0,nan,nan
120,0.422623619000035,3.164672,2.3380472660064697,0.46195757389068604,0.5130771398544312,nan,0.2038087099790573,0.0,0.0,0.0,nan,nan
121,0.426857554000037,3.164672,2.3346784114837646,0.4293394088745117,0.42676210403442383,nan,0.19931167364120483,0.0,0.0,0.0,nan,nan
122,0.42573511500000905,3.164672,2.3600831031799316,0.3987836539745331,0.2098720520734787,nan,0.2007545679807663,0.0,1.0,0.0,nan,nan
123,0.4200587530000348,3.164672,2.210153818130493,0.37411588430404663,0.2766590416431427,nan,0.18359880149364471,0.0,1.0,0.0,nan,nan
124,0.4229309090000015,3.164672,1.8637933731079102,0.40588340163230896,0.2068842500448227,nan,0.1545298546552658,0.0,1.0,0.0,nan,nan
125,0.42474541099994667,3.164672,1.928062081336975,0.43882620334625244,0.15162326395511627,nan,0.16030406951904297,0.0,0.0,0.0,nan,nan
126,0.4271636240000021,3.164672,2.264510154724121,0.41978171467781067,0.18860860168933868,nan,0.1933569610118866,0.0,1.0,0.0,nan,nan
127,0.424763940000048,3.164672,1.9607669115066528,0.39090466499328613,0.265625923871994,nan,0.16202020645141602,0.0,0.0,0.0,nan,nan
128,0.4205776389999869,3.164672,2.001995801925659,0.3697959780693054,0.24349893629550934,nan,0.16315008699893951,0.0,2.0,0.0,nan,nan
129,0.42617622500000607,3.164672,1.6168599128723145,0.3684444725513458,0.2559780776500702,nan,0.13147702813148499,0.0,1.0,0.0,nan,nan
130,0.41643318900003123,3.164672,1.422020673751831,0.39404624700546265,0.1298845261335373,nan,0.11512212455272675,0.0,3.0,0.0,nan,nan
131,0.4204077670000288,3.164672,1.1409406661987305,0.4666939377784729,0.18706995248794556,nan,0.0941745862364769,0.0,0.0,0.0,nan,nan
132,0.42909413000000995,3.164672,1.2434189319610596,0.5575280785560608,0.21923406422138214,nan,0.10177074372768402,0.0,0.0,0.0,nan,nan
133,0.4585541419999686,3.164672,1.4769678115844727,0.5619833469390869,0.16396237909793854,nan,0.12186720967292786,0.0,1.0,0.0,nan,nan
134,0.44227700099997946,3.164672,1.065921425819397,0.5037466287612915,0.13307978212833405,nan,0.08440305292606354,0.0,1.0,0.0,nan,nan
135,0.42428560899998047,3.164672,1.161840796470642,0.4816611707210541,0.216261088848114,nan,0.09635317325592041,0.0,0.0,0.0,nan,nan
136,0.423705158999951,3.164672,1.2134648561477661,0.5020877122879028,0.26038146018981934,nan,0.09773825109004974,0.0,0.0,0.0,nan,nan
137,0.4202961419999838,3.164672,1.106926679611206,0.563495934009552,0.13350573182106018,nan,0.08601869642734528,0.0,1.0,0.0,nan,nan
138,0.4248976360000256,3.164672,1.128918170928955,0.6137406826019287,0.1761658936738968,nan,0.08580116927623749,0.0,1.0,0.0,nan,nan
139,0.42278914400003487,3.164672,1.4778578281402588,0.5128973722457886,0.18471452593803406,nan,0.12133738398551941,0.0,0.0,0.0,nan,nan
140,0.42433288899997024,3.164672,1.5589625835418701,0.469504714012146,0.24402835965156555,nan,0.12726378440856934,0.0,0.0,0.0,nan,nan
141,0.42200202300000456,3.164672,1.6027140617370605,0.4445520043373108,0.17463064193725586,nan,0.1319715976715088,0.0,1.0,0.0,nan,nan
142,0.42562933599998587,3.164672,1.5072321891784668,0.45329001545906067,0.14898642897605896,nan,0.12252750247716904,0.0,1.0,0.0,nan,nan
143,0.4272712989999832,3.164672,1.5259432792663574,0.39047980308532715,0.1424342840909958,nan,0.1284649670124054,0.0,2.0,0.0,nan,nan
144,0.4225924890000101,3.164672,1.4990073442459106,0.3617844581604004,0.21738022565841675,nan,0.1279030740261078,0.0,0.0,0.0,nan,nan
145,0.42742617900000823,3.164672,1.4248089790344238,0.33685028553009033,0.17306527495384216,nan,0.12011533230543137,0.0,1.0,0.0,nan,nan
146,0.4139958389999947,3.164672,1.1616334915161133,0.3378814458847046,0.183885395526886,nan,0.09674038738012314,0.0,1.0,0.0,nan,nan
147,0.4216317440000239,3.164672,0.9993629455566406,0.34339189529418945,0.29564112424850464,nan,0.08069946616888046,0.0,0.0,0.0,nan,nan
148,0.42138061299999663,3.164672,1.0226110219955444,0.3428300619125366,0.2066165804862976,nan,0.07878918945789337,0.0,1.0,0.0,nan,nan
149,0.4242252559999997,3.164672,1.19230318069458,0.3141651749610901,0.1808086782693863,nan,0.10077008605003357,0.0,0.0,0.0,nan,nan
150,0.42860753600001544,3.164672,1.3478724956512451,0.32766255736351013,0.2350301891565323,nan,0.1112477108836174,0.0,1.0,0.0,nan,nan
151,0.4110283750000008,3.164672,1.262110710144043,0.3059169054031372,0.20298275351524353,nan,0.11036621034145355,0.0,1.0,0.0,nan,nan
152,0.41918956099999605,3.164672,1.0209274291992188,0.3347252607345581,0.19224423170089722,nan,0.08480974286794662,0.0,0.0,0.0,nan,nan
153,0.4234553770000389,3.164672,1.032226324081421,0.3323947787284851,0.08443345129489899,nan,0.08287321031093597,0.0,1.0,0.0,nan,nan
154,0.4144365740000353,3.164672,0.8894808888435364,0.3834161162376404,0.15176524221897125,nan,0.06984876841306686,0.0,0.0,0.0,nan,nan
155,0.4152081220000241,3.164672,0.903190016746521,0.4195482134819031,0.11684344708919525,nan,0.06864915788173676,0.0,0.0,0.0,nan,nan
156,0.42283144500004255,3.164672,1.070373296737671,0.4348364472389221,0.13399802148342133,nan,0.07955716550350189,0.0,1.0,0.0,nan,nan
157,0.4246062519999896,3.164672,1.1042290925979614,0.4240725338459015,0.16917525231838226,nan,0.08768826723098755,0.0,0.0,0.0,nan,nan
158,0.418267477000029,3.164672,0.9901701807975769,0.42370927333831787,0.1153252124786377,nan,0.07735313475131989,0.0,1.0,0.0,nan,nan
159,0.42290596300000516,3.164672,0.8160746693611145,0.43412673473358154,0.10090561956167221,nan,0.05842936038970947,0.0,0.0,0.0,nan,nan
160,0.4239482230000249,3.164672,0.9362398386001587,0.42397767305374146,0.13799932599067688,nan,0.06800269335508347,0.0,0.0,0.0,nan,nan
161,0.4231395189999603,3.164672,1.0309189558029175,0.456543505191803,0.15186233818531036,nan,0.07224731147289276,0.0,0.0,0.0,nan,nan
162,0.4206390140000167,3.164672,1.292809247970581,0.4442768692970276,0.18205003440380096,nan,0.09560881555080414,0.0,2.0,0.0,nan,nan
163,0.42303535999997166,3.164672,1.4574867486953735,0.4671325981616974,0.20963004231452942,nan,0.11379474401473999,0.0,0.0,0.0,nan,nan
164,0.4257716380000147,3.164672,1.7170754671096802,0.4501684010028839,0.14010795950889587,nan,0.13807040452957153,0.0,0.0,0.0,nan,nan
165,0.4261654420000127,3.164672,1.7727923393249512,0.4461919069290161,0.11406351625919342,nan,0.1412946581840515,0.0,0.0,0.0,nan,nan
166,0.4259145139999987,3.164672,2.276934862136841,0.272040456533432,0.3427877724170685,nan,0.1895292103290558,0.0,0.0,0.0,nan,nan
167,0.42584251899995706,3.164672,2.056821823120117,0.269234836101532,0.19893594086170197,nan,0.16536282002925873,0.0,0.0,0.0,nan,nan
168,0.43496280599998727,3.164672,1.8473377227783203,0.3208588659763336,0.21523259580135345,nan,0.13888905942440033,0.0,2.0,0.0,nan,nan
169,0.41724591600001304,3.164672,1.7135396003723145,0.2882544994354248,0.141945481300354,nan,0.1356150060892105,0.0,5.0,0.0,nan,nan
170,0.42291671999998925,3.164672,1.3937041759490967,0.27935516834259033,0.23155449330806732,nan,0.11610476672649384,0.0,0.0,0.0,nan,nan
171,0.4278615549999927,3.164672,1.2193959951400757,0.32435083389282227,0.2819429934024811,nan,0.09778866171836853,0.0,0.0,0.0,nan,nan
172,0.42277022399997577,3.164672,1.0304503440856934,0.3866288661956787,0.12966567277908325,nan,0.08002551645040512,0.0,3.0,0.0,nan,nan
173,0.41706487900000866,3.164672,0.7732226848602295,0.43622729182243347,0.12285996228456497,nan,0.0616932213306427,0.0,0.0,0.0,nan,nan
174,0.41762640199999623,3.164672,0.6539151668548584,0.4837689995765686,0.09584484994411469,nan,0.05008639022707939,0.0,0.0,0.0,nan,nan
175,0.41860626799996226,3.164672,0.7302782535552979,0.5187270641326904,0.14958569407463074,nan,0.055821262300014496,0.0,0.0,0.0,nan,nan
176,0.4138036130000273,3.164672,0.9977095127105713,0.541758120059967,0.11225706338882446,nan,0.08077755570411682,0.0,1.0,0.0,nan,nan
177,0.41866261799998483,3.164672,1.1539788246154785,0.5638477802276611,0.16045153141021729,nan,0.09854000061750412,0.0,0.0,0.0,nan,nan
178,0.4187570420000384,3.164672,1.1789036989212036,0.6018103957176208,0.18793804943561554,nan,0.10030339658260345,0.0,0.0,0.0,nan,nan
179,0.41122226499999215,3.164672,1.1548597812652588,0.6229363679885864,0.19159714877605438,nan,0.09746390581130981,0.0,0.0,0.0,nan,nan
180,0.4125931289999585,3.164672,1.0641288757324219,0.6295530200004578,0.24235647916793823,nan,0.088054358959198,0.0,0.0,0.0,nan,nan
181,0.41830911799996784,3.164672,1.0349823236465454,0.6065365076065063,0.17749467492103577,nan,0.0835968554019928,0.0,0.0,0.0,nan,nan
182,0.4238432159999661,3.164672,1.1866925954818726,0.5796205401420593,0.15560409426689148,nan,0.0948052629828453,0.0,1.0,0.0,nan,nan
183,0.42123025700004746,3.164672,1.2900521755218506,0.5486864447593689,0.11331343650817871,nan,0.10614107549190521,0.0,0.0,0.0,nan,nan
184,0.4226141089999942,3.164672,1.2940706014633179,0.506167471408844,0.19999197125434875,nan,0.10352738946676254,0.0,0.0,0.0,nan,nan
185,0.4160708950000185,3.164672,1.354781150817871,0.4795893430709839,0.14704261720180511,nan,0.10656630992889404,0.0,2.0,0.0,nan,nan
186,0.431002804000002,3.164672,1.1884114742279053,0.48295101523399353,0.2663302421569824,nan,0.09348060935735703,0.0,0.0,0.0,nan,nan
187,0.42365437199998723,3.164672,1.2815943956375122,0.45628082752227783,0.19235020875930786,nan,0.09663258492946625,0.0,1.0,0.0,nan,nan
188,0.42287303799997744,3.164672,1.6976884603500366,0.3238528370857239,0.3078175187110901,nan,0.14268186688423157,0.0,0.0,0.0,nan,nan
189,0.43277697999997145,3.164672,1.794873595237732,0.29144710302352905,0.22494103014469147,nan,0.15120947360992432,0.0,1.0,0.0,nan,nan
190,0.4182282579999992,3.164672,1.7193350791931152,0.3137574791908264,0.2390284240245819,nan,0.1458892524242401,0.0,2.0,0.0,nan,nan
191,0.4248528400000282,3.164672,1.6055728197097778,0.3028433620929718,0.3603628873825073,nan,0.13289892673492432,0.0,0.0,0.0,nan,nan
192,0.4299789859999805,3.164672,1.7630960941314697,0.2156694084405899,0.38303670287132263,nan,0.14364811778068542,0.0,1.0,0.0,nan,nan
193,0.41935453400003553,3.164672,1.3149895668029785,0.24865807592868805,0.18828342854976654,nan,0.10643889009952545,0.0,1.0,0.0,nan,nan
194,0.4182828649999806,3.164672,1.2420586347579956,0.2832702696323395,0.22633709013462067,nan,0.09140117466449738,0.0,2.0,0.0,nan,nan
195,0.4164164339999843,3.164672,1.081013560295105,0.2897171080112457,0.2719272971153259,nan,0.09111624956130981,0.0,0.0,0.0,nan,nan
196,0.429266398999971,3.164672,0.9878760576248169,0.32980144023895264,0.27584829926490784,nan,0.07838228344917297,0.0,0.0,0.0,nan,nan
197,0.4160071979999884,3.164672,0.9288056492805481,0.3146158754825592,0.2161986082792282,nan,0.07960183173418045,0.0,2.0,0.0,nan,nan
198,0.4099956730000258,3.164672,0.6135344505310059,0.396350622177124,0.20337627828121185,nan,0.05029335618019104,0.0,0.0,0.0,nan,nan
199,0.41346629899999243,3.164672,0.5208244919776917,0.4381597638130188,0.08988655358552933,nan,0.04050789400935173,0.0,0.0,0.0,nan,nan
200,0.4193255939999858,3.164672,0.4504944086074829,0.4491300582885742,0.07850701361894608,nan,0.033018454909324646,0.0,0.0,0.0,nan,nan
201,0.4235443950000217,3.164672,0.3864491581916809,0.44940662384033203,0.07858884334564209,nan,0.026012729853391647,0.0,0.0,0.0,nan,nan
202,0.41681919699999526,3.164672,0.44429606199264526,0.4769316613674164,0.09129023551940918,nan,0.029218271374702454,0.0,0.0,0.0,nan,nan
203,0.41540417800001705,3.164672,0.6092506051063538,0.5151270627975464,0.1427539885044098,nan,0.04207293316721916,0.0,0.0,0.0,nan,nan
204,0.42018087700000706,3.164672,0.7682548761367798,0.5353758335113525,0.1270626187324524,nan,0.05524517223238945,0.0,0.0,0.0,nan,nan
205,0.42164946599996256,3.164672,1.021886944770813,0.4814227819442749,0.14094477891921997,nan,0.07806161791086197,0.0,0.0,0.0,nan,nan
206,0.4188454999999749,3.164672,1.130334734916687,0.47031551599502563,0.15099456906318665,nan,0.08830960094928741,0.0,0.0,0.0,nan,nan
207,0.4043610639999997,3.164672,0.8785154223442078,0.4793426990509033,0.09966908395290375,nan,0.06812730431556702,0.0,1.0,0.0,nan,nan
208,0.41563902400002917,3.164672,0.7941809296607971,0.4819697439670563,0.09287162125110626,nan,0.0595213882625103,0.0,0.0,0.0,nan,nan
209,0.4187441110000236,3.164672,0.8785521984100342,0.5052807331085205,0.13367468118667603,nan,0.06405939161777496,0.0,0.0,0.0,nan,nan
210,0.42394625800000085,3.164672,1.0329996347427368,0.5243731737136841,0.12058687955141068,nan,0.07622118294239044,0.0,0.0,0.0,nan,nan
211,0.42178131500003246,3.164672,1.4033368825912476,0.4609518349170685,0.220015749335289,nan,0.11118452996015549,0.0,0.0,0.0,nan,nan
212,0.41921799799996506,3.164672,1.5789992809295654,0.4443710744380951,0.2292914241552353,nan,0.12725716829299927,0.0,0.0,0.0,nan,nan
213,0.42659679299998743,3.164672,1.519640326499939,0.4358246922492981,0.18842674791812897,nan,0.12059362232685089,0.0,1.0,0.0,nan,nan
214,0.4231814809999719,3.164672,1.2731753587722778,0.4404207468032837,0.1605481505393982,nan,0.09548687934875488,0.0,0.0,0.0,nan,nan
215,0.4235076609999737,3.164672,1.4358439445495605,0.4097301959991455,0.1569914072751999,nan,0.11394363641738892,0.0,2.0,0.0,nan,nan
216,0.42855535300003567,3.164672,1.4407399892807007,0.428678959608078,0.17993894219398499,nan,0.1141507625579834,0.0,0.0,0.0,nan,nan
217,0.42658323000000564,3.164672,1.6896103620529175,0.3518519997596741,0.3010571599006653,nan,0.13275526463985443,0.0,0.0,0.0,nan,nan
218,0.4229832080000051,3.164672,1.9082145690917969,0.28345462679862976,0.16186405718326569,nan,0.15327392518520355,0.0,2.0,0.0,nan,nan
219,0.4194358130000069,3.164672,1.5801737308502197,0.3115536570549011,0.10412570089101791,nan,0.12914574146270752,0.0,2.0,0.0,nan,nan
220,0.42327927299999146,3.164672,1.4413551092147827,0.33307456970214844,0.18793122470378876,nan,0.11612775921821594,0.0,0.0,0.0,nan,nan
221,0.4232253459999811,3.164672,1.50177001953125,0.33445391058921814,0.2556249499320984,nan,0.12421192973852158,0.0,1.0,0.0,nan,nan
222,0.4242343450000021,3.164672,1.3102943897247314,0.4102901220321655,0.16343346238136292,nan,0.10198976844549179,0.0,0.0,0.0,nan,nan
223,0.43447596600003635,3.164672,1.2467325925827026,0.46713608503341675,0.19581110775470734,nan,0.09379579871892929,0.0,1.0,0.0,nan,nan
224,0.42802035900001556,3.164672,1.2173930406570435,0.5130287408828735,0.18764923512935638,nan,0.0936739444732666,0.0,0.0,0.0,nan,nan
225,0.43368335299999217,3.164672,1.673384666442871,0.46517932415008545,0.16739621758460999,nan,0.1361890435218811,0.0,1.0,0.0,nan,nan
226,0.4247241599999825,3.164672,1.684800148010254,0.4501291513442993,0.2373245805501938,nan,0.14178642630577087,0.0,0.0,0.0,nan,nan
227,0.423231439999995,3.164672,1.3062248229980469,0.4884708821773529,0.22811320424079895,nan,0.10302907228469849,0.0,0.0,0.0,nan,nan
228,0.42051239299996723,3.164672,1.1172879934310913,0.5014166831970215,0.11986328661441803,nan,0.08580362796783447,0.0,2.0,0.0,nan,nan
229,0.4239566009999862,3.164672,0.9514997601509094,0.5104128122329712,0.16263215243816376,nan,0.07182110846042633,0.0,0.0,0.0,nan,nan
230,0.4213264489999915,3.164672,1.006162166595459,0.46486830711364746,0.07780328392982483,nan,0.07818350195884705,0.0,2.0,0.0,nan,nan
231,0.4105235850000213,3.164672,0.7689604759216309,0.41198715567588806,0.08129582554101944,nan,0.06239461898803711,0.0,1.0,0.0,nan,nan
232,0.4089543499999877,3.164672,0.6026726365089417,0.38597509264945984,0.22401225566864014,nan,0.04717608913779259,0.0,0.0,0.0,nan,nan
233,0.4121420490000105,3.164672,0.6539902091026306,0.36791327595710754,0.2669520676136017,nan,0.05100562423467636,0.0,0.0,0.0,nan,nan
234,0.4109460840000452,3.164672,0.7256377935409546,0.36374568939208984,0.22905617952346802,nan,0.057170361280441284,0.0,0.0,0.0,nan,nan
235,0.4187452919999828,3.164672,0.7292319536209106,0.3753088712692261,0.1793113648891449,nan,0.05690467357635498,0.0,0.0,0.0,nan,nan
236,0.42167334399999845,3.164672,0.7168288826942444,0.3918793797492981,0.16446955502033234,nan,0.053850769996643066,0.0,0.0,0.0,nan,nan
237,0.41472362499996507,3.164672,0.7831932902336121,0.3897468149662018,0.06708981841802597,nan,0.05989652872085571,0.0,1.0,0.0,nan,nan
238,0.41406673900002033,3.164672,0.6291700005531311,0.4488881826400757,0.10314389318227768,nan,0.04603731259703636,0.0,0.0,0.0,nan,nan
239,0.4196476810000149,3.164672,0.5462354421615601,0.5209722518920898,0.13912633061408997,nan,0.0364101305603981,0.0,0.0,0.0,nan,nan
240,0.42146540799996046,3.164672,0.6257332563400269,0.5826807022094727,0.18242737650871277,nan,0.04216047376394272,0.0,0.0,0.0,nan,nan
241,0.42290037200001507,3.164672,1.0333629846572876,0.5325700044631958,0.21340693533420563,nan,0.08120451122522354,0.0,1.0,0.0,nan,nan
242,0.4238046910000435,3.164672,1.0196267366409302,0.5383251309394836,0.3200697898864746,nan,0.08011489361524582,0.0,0.0,0.0,nan,nan
243,0.4192012550000186,3.164672,1.0444852113723755,0.5206679105758667,0.17244736850261688,nan,0.0803479254245758,0.0,2.0,0.0,nan,nan
244,0.41220177799999647,3.164672,1.1910933256149292,0.46128007769584656,0.17367936670780182,nan,0.10019128769636154,0.0,1.0,0.0,nan,nan
245,0.41553679000003285,3.164672,0.8210460543632507,0.49026116728782654,0.1487075388431549,nan,0.06783085316419601,0.0,1.0,0.0,nan,nan
246,0.41858684699997184,3.164672,0.5878817439079285,0.520287275314331,0.15602365136146545,nan,0.044990286231040955,0.0,0.0,0.0,nan,nan
247,0.41690237699998534,3.164672,0.4598985016345978,0.5352644324302673,0.14886191487312317,nan,0.030121754854917526,0.0,0.0,0.0,nan,nan
248,0.42064249599997083,3.164672,0.4376339912414551,0.532759428024292,0.12973299622535706,nan,0.026537533849477768,0.0,0.0,0.0,nan,nan
249,0.41908879300001445,3.164672,0.5052874684333801,0.5124832391738892,0.1018872782588005,nan,0.03107428178191185,0.0,0.0,0.0,nan,nan
250,0.419545013000004,3.164672,0.7008794546127319,0.4457142651081085,0.10267559438943863,nan,0.04920213669538498,0.0,0.0,0.0,nan,nan
251,0.4205168599999638,3.164672,0.8621480464935303,0.3931266665458679,0.08589132875204086,nan,0.06595879048109055,0.0,1.0,0.0,nan,nan
252,0.4209345209999924,3.164672,0.9610795378684998,0.35218364000320435,0.22687724232673645,nan,0.07684451341629028,0.0,0.0,0.0,nan,nan
253,0.41643898900002796,3.164672,1.187337040901184,0.32918381690979004,0.15716896951198578,nan,0.09914078563451767,0.0,1.0,0.0,nan,nan
254,0.42519296599999734,3.164672,1.2453758716583252,0.34232616424560547,0.2610096037387848,nan,0.10505214333534241,0.0,0.0,0.0,nan,nan
255,0.42169474799999307,3.164672,1.4052813053131104,0.3360494077205658,0.24506819248199463,nan,0.11966097354888916,0.0,0.0,0.0,nan,nan
256,0.4263692630000264,3.164672,1.4720457792282104,0.33734768629074097,0.2646082043647766,nan,0.12463768571615219,0.0,0.0,0.0,nan,nan
257,0.4189265159999991,3.164672,1.3257924318313599,0.34002164006233215,0.13505922257900238,nan,0.11026334762573242,0.0,1.0,0.0,nan,nan
258,0.42433676600001036,3.164672,1.0443694591522217,0.3845116198062897,0.2332448959350586,nan,0.08291979134082794,0.0,0.0,0.0,nan,nan
259,0.42367020599999705,3.164672,1.0286391973495483,0.388093501329422,0.1921343058347702,nan,0.08059757947921753,0.0,0.0,0.0,nan,nan
260,0.42869807900001433,3.164672,0.8771891593933105,0.43190109729766846,0.1376025527715683,nan,0.06613197177648544,0.0,1.0,0.0,nan,nan
261,0.4239435239999807,3.164672,0.785591721534729,0.48386138677597046,0.1468638777732849,nan,0.05444357544183731,0.0,1.0,0.0,nan,nan
262,0.4232106480000084,3.164672,0.6145026683807373,0.49938270449638367,0.12530933320522308,nan,0.041931115090847015,0.0,0.0,0.0,nan,nan
263,0.42720272000002524,3.164672,0.6268572211265564,0.5142015218734741,0.1275378167629242,nan,0.04115823656320572,0.0,0.0,0.0,nan,nan
264,0.42121650299998237,3.164672,0.7640140056610107,0.48331522941589355,0.17537131905555725,nan,0.05603837966918945,0.0,1.0,0.0,nan,nan
265,0.42657682800000885,3.164672,0.6618953943252563,0.5189880132675171,0.1265263557434082,nan,0.04748803377151489,0.0,1.0,0.0,nan,nan
266,0.42234291200003327,3.164672,0.5533900856971741,0.5455389022827148,0.17025040090084076,nan,0.037422265857458115,0.0,0.0,0.0,nan,nan
267,0.4221789090000243,3.164672,0.796584963798523,0.5097650289535522,0.21197429299354553,nan,0.05930862948298454,0.0,0.0,0.0,nan,nan
268,0.40898419199999125,3.164672,0.7612680196762085,0.5151637196540833,0.13572123646736145,nan,0.05890737473964691,0.0,1.0,0.0,nan,nan
269,0.41252194300000156,3.164672,0.6831731796264648,0.5004589557647705,0.12918265163898468,nan,0.05408446118235588,0.0,0.0,0.0,nan,nan
270,0.41222791299998107,3.164672,0.7204476594924927,0.4990183413028717,0.1327025592327118,nan,0.057048749178647995,0.0,0.0,0.0,nan,nan
271,0.4212169340000287,3.164672,0.8099570870399475,0.5006575584411621,0.1262943148612976,nan,0.06368964165449142,0.0,0.0,0.0,nan,nan
272,0.4213584620000006,3.164672,1.1640254259109497,0.431820809841156,0.19210797548294067,nan,0.09774389863014221,0.0,0.0,0.0,nan,nan
273,0.41848797699998386,3.164672,1.3442790508270264,0.39916741847991943,0.1420266032218933,nan,0.11379627883434296,0.0,0.0,0.0,nan,nan
274,0.4213271229999691,3.164672,1.3619238138198853,0.36200466752052307,0.2693988084793091,nan,0.11365234106779099,0.0,0.0,0.0,nan,nan
275,0.4203360180000004,3.164672,1.5783319473266602,0.28750908374786377,0.32192525267601013,nan,0.1353713572025299,0.0,0.0,0.0,nan,nan
276,0.42496644400000605,3.164672,1.678826093673706,0.2684605121612549,0.3385969400405884,nan,0.1445063054561615,0.0,0.0,0.0,nan,nan
277,0.4264800030000515,3.164672,1.9526991844177246,0.21703989803791046,0.17985615134239197,nan,0.17185477912425995,0.0,1.0,0.0,nan,nan
278,0.41889870699998255,3.164672,1.6513054370880127,0.23523879051208496,0.26118937134742737,nan,0.14500367641448975,0.0,0.0,0.0,nan,nan
279,0.4205470240000295,3.164672,1.3487908840179443,0.28698062896728516,0.23326073586940765,nan,0.11347281187772751,0.0,0.0,0.0,nan,nan
280,0.429029670000034,3.164672,1.1381125450134277,0.3471607565879822,0.24211262166500092,nan,0.09181767702102661,0.0,1.0,0.0,nan,nan
281,0.4386755219999827,3.164672,0.9694141149520874,0.4002091586589813,0.13611380755901337,nan,0.07921938598155975,0.0,0.0,0.0,nan,nan
282,0.4216190380000171,3.164672,0.9926312565803528,0.4611590802669525,0.1110493540763855,nan,0.08262409269809723,0.0,1.0,0.0,nan,nan
283,0.42312190800004146,3.164672,0.979972243309021,0.4902534782886505,0.23363716900348663,nan,0.08465978503227234,0.0,0.0,0.0,nan,nan
284,0.42202063599995654,3.164672,0.8834076523780823,0.5118917226791382,0.21447815001010895,nan,0.0716715157032013,0.0,0.0,0.0,nan,nan
285,0.4183219779999945,3.164672,1.0705413818359375,0.4931773841381073,0.39644646644592285,nan,0.0899646207690239,0.0,0.0,0.0,nan,nan
286,0.4185137720000398,3.164672,1.157213568687439,0.5302475690841675,0.30267617106437683,nan,0.09696044027805328,0.0,0.0,0.0,nan,nan
287,0.4218426539999882,3.164672,1.0527218580245972,0.568365216255188,0.28341639041900635,nan,0.08552539348602295,0.0,1.0,0.0,nan,nan
288,0.41122051799999326,3.164672,0.9030454754829407,0.5774695873260498,0.24526666104793549,nan,0.07601335644721985,0.0,0.0,0.0,nan,nan
289,0.41106845799998837,3.164672,0.7940726280212402,0.5723398923873901,0.27655091881752014,nan,0.06591363996267319,0.0,0.0,0.0,nan,nan
290,0.4122776859999817,3.164672,0.6934076547622681,0.5525096654891968,0.15481114387512207,nan,0.0541389063000679,0.0,0.0,0.0,nan,nan
291,0.4163010669999494,3.164672,0.7551820278167725,0.5484983325004578,0.22099202871322632,nan,0.05817870423197746,0.0,0.0,0.0,nan,nan
292,0.41119059000004654,3.164672,0.8667139410972595,0.5553386211395264,0.232008159160614,nan,0.0675058513879776,0.0,0.0,0.0,nan,nan
293,0.41323334599996997,3.164672,0.9307335615158081,0.5477981567382812,0.1207893118262291,nan,0.07181340456008911,0.0,0.0,0.0,nan,nan
294,0.41357117300003665,3.164672,0.937494158744812,0.5367118120193481,0.14466802775859833,nan,0.0704263299703598,0.0,0.0,0.0,nan,nan
295,0.4200538960000131,3.164672,1.04706609249115,0.4833418130874634,0.09145552664995193,nan,0.07881627976894379,0.0,0.0,0.0,nan,nan
296,0.4225079369999776,3.164672,1.4372485876083374,0.3864072263240814,0.1466532200574875,nan,0.11571143567562103,0.0,0.0,0.0,nan,nan
297,0.42417069099997207,3.164672,1.4858970642089844,0.33548834919929504,0.3014316260814667,nan,0.11834460496902466,0.0,0.0,0.0,nan,nan
298,0.41944026700002723,3.164672,1.3929831981658936,0.3274136781692505,0.1303251087665558,nan,0.10888499021530151,0.0,1.0,0.0,nan,nan
299,0.4185218050000117,3.164672,1.4265002012252808,0.3127712607383728,0.2060420662164688,nan,0.1125282496213913,0.0,1.0,0.0,nan,nan
300,0.41766719200001035,3.164672,1.5967881679534912,0.29262471199035645,0.23600997030735016,nan,0.13024164736270905,0.0,1.0,0.0,nan,nan
301,0.4221200520000252,3.164672,1.7788450717926025,0.23062820732593536,0.39527663588523865,nan,0.1488046944141388,0.0,1.0,0.0,nan,nan
302,0.4249353810000116,3.164672,1.7940837144851685,0.19997911155223846,0.4592379331588745,nan,0.15417951345443726,0.0,1.0,0.0,nan,nan
303,0.426163119000023,3.164672,1.7238963842391968,0.16989442706108093,0.4991278648376465,nan,0.14738106727600098,0.0,0.0,0.0,nan,nan
304,0.41808197199998176,3.164672,1.5502619743347168,0.1747141182422638,0.22055059671401978,nan,0.13276289403438568,0.0,2.0,0.0,nan,nan
305,0.41562116199997945,3.164672,1.1397478580474854,0.22157280147075653,0.2521573305130005,nan,0.09890061616897583,0.0,2.0,0.0,nan,nan
306,0.41797090900001876,3.164672,0.7369487285614014,0.30582889914512634,0.3685721755027771,nan,0.06101365014910698,0.0,0.0,0.0,nan,nan
307,0.42340897100001484,3.164672,0.5276321172714233,0.3661666512489319,0.18668736517429352,nan,0.041766971349716187,0.0,1.0,0.0,nan,nan
308,0.418311870000025,3.164672,0.3017965257167816,0.4441711902618408,0.10216205567121506,nan,0.01958518475294113,0.0,0.0,0.0,nan,nan
309,0.4185939170000097,3.164672,0.25085538625717163,0.530483603477478,0.1654190868139267,nan,0.014416711404919624,0.0,0.0,0.0,nan,nan
310,0.42480387400001973,3.164672,0.4188970923423767,0.5727545022964478,0.26855018734931946,nan,0.028428269550204277,0.0,0.0,0.0,nan,nan
311,0.42222101199996587,3.164672,0.6210487484931946,0.5783546566963196,0.4052796959877014,nan,0.04702585190534592,0.0,0.0,0.0,nan,nan
312,0.4052730610000026,3.164672,0.487702876329422,0.5856041312217712,0.251144140958786,nan,0.03650602698326111,0.0,1.0,0.0,nan,nan
313,0.4115047480000271,3.164672,0.44001445174217224,0.5873591899871826,0.2855704128742218,nan,0.03204056993126869,0.0,0.0,0.0,nan,nan
314,0.41205247700003156,3.164672,0.449162095785141,0.5878878235816956,0.30329376459121704,nan,0.0300377756357193,0.0,0.0,0.0,nan,nan
315,0.41084025800000745,3.164672,0.3955385088920593,0.5714535117149353,0.19755369424819946,nan,0.02405661903321743,0.0,0.0,0.0,nan,nan
316,0.4140681459999769,3.164672,0.354218989610672,0.5395365357398987,0.15021607279777527,nan,0.018420979380607605,0.0,0.0,0.0,nan,nan
317,0.4122227839999937,3.164672,0.40880027413368225,0.49885669350624084,0.1322769820690155,nan,0.02166958525776863,0.0,0.0,0.0,nan,nan
318,0.4132977289999644,3.164672,0.5637803077697754,0.45608648657798767,0.11078546196222305,nan,0.0354498066008091,0.0,0.0,0.0,nan,nan
319,0.4200021489999699,3.164672,0.7785565853118896,0.4314855933189392,0.19019126892089844,nan,0.05519677326083183,0.0,0.0,0.0,nan,nan
320,0.422521114999995,3.164672,0.998100996017456,0.4128434658050537,0.1260618269443512,nan,0.07384689152240753,0.0,0.0,0.0,nan,nan
321,0.4243904980000366,3.164672,1.2755146026611328,0.38827407360076904,0.15618392825126648,nan,0.0971616730093956,0.0,0.0,0.0,nan,nan
322,0.42593343400000094,3.164672,1.3962246179580688,0.3776419758796692,0.20283421874046326,nan,0.10608768463134766,0.0,0.0,0.0,nan,nan
323,0.43283600299997715,3.164672,1.5569837093353271,0.2920289635658264,0.1538960188627243,nan,0.12517616152763367,0.0,2.0,0.0,nan,nan
324,0.4231790470000192,3.164672,1.271162509918213,0.3017870783805847,0.1656566560268402,nan,0.10284507274627686,0.0,2.0,0.0,nan,nan
325,0.42277133999999705,3.164672,0.9306626319885254,0.35629361867904663,0.3224951922893524,nan,0.07346457988023758,0.0,0.0,0.0,nan,nan
326,0.42670342499997105,3.164672,0.7133833765983582,0.3873080313205719,0.19813592731952667,nan,0.052415668964385986,0.0,0.0,0.0,nan,nan
327,0.42718368699996745,3.164672,0.8313611745834351,0.38821661472320557,0.18845036625862122,nan,0.061751335859298706,0.0,0.0,0.0,nan,nan
328,0.4142880619999687,3.164672,0.6789304614067078,0.4181135892868042,0.10140404105186462,nan,0.051638513803482056,0.0,2.0,0.0,nan,nan
329,0.4147644790000413,3.164672,0.5404314994812012,0.47410404682159424,0.15420904755592346,nan,0.040590204298496246,0.0,0.0,0.0,nan,nan
330,0.4155413400000043,3.164672,0.5200621485710144,0.5296643972396851,0.2207988053560257,nan,0.03667860105633736,0.0,0.0,0.0,nan,nan
331,0.4230387979999932,3.164672,0.5517051815986633,0.5463447570800781,0.1886013150215149,nan,0.0395381785929203,0.0,0.0,0.0,nan,nan
332,0.4236741770000094,3.164672,0.7217544317245483,0.5039180517196655,0.18757659196853638,nan,0.056314729154109955,0.0,0.0,0.0,nan,nan
333,0.422267267000052,3.164672,0.6578303575515747,0.5060637593269348,0.18831373751163483,nan,0.0507829450070858,0.0,0.0,0.0,nan,nan
334,0.4286901950000015,3.164672,0.5873283743858337,0.5345583558082581,0.20176680386066437,nan,0.04318274185061455,0.0,0.0,0.0,nan,nan
335,0.42299202099997046,3.164672,0.5354931950569153,0.54698646068573,0.16745196282863617,nan,0.037380464375019073,0.0,0.0,0.0,nan,nan
336,0.4190394670000046,3.164672,0.45755812525749207,0.5320707559585571,0.23362818360328674,nan,0.028651952743530273,0.0,0.0,0.0,nan,nan
337,0.423826331999976,3.164672,0.3759053945541382,0.5201756954193115,0.18007144331932068,nan,0.02039225772023201,0.0,0.0,0.0,nan,nan
338,0.4167157169999882,3.164672,0.4559958577156067,0.47972044348716736,0.09565550088882446,nan,0.028171151876449585,0.0,1.0,0.0,nan,nan
339,0.4245167990000027,3.164672,0.4284978210926056,0.46930497884750366,0.20311744511127472,nan,0.026310428977012634,0.0,0.0,0.0,nan,nan
340,0.41011447900001485,3.164672,0.559256374835968,0.41737353801727295,0.1888340711593628,nan,0.0419839546084404,0.0,1.0,0.0,nan,nan
341,0.4165786230000208,3.164672,0.6107745170593262,0.3975953459739685,0.3090342581272125,nan,0.045210402458906174,0.0,0.0,0.0,nan,nan
342,0.4150375259999919,3.164672,0.6671448945999146,0.3869181275367737,0.208884596824646,nan,0.05032998323440552,0.0,0.0,0.0,nan,nan
343,0.41228295900003786,3.164672,0.7028196454048157,0.3716999292373657,0.19191183149814606,nan,0.052976205945014954,0.0,0.0,0.0,nan,nan
344,0.41194673100000045,3.164672,0.7114067673683167,0.363996684551239,0.13077786564826965,nan,0.05328906700015068,0.0,0.0,0.0,nan,nan
345,0.4136179179999999,3.164672,0.6911640763282776,0.37532147765159607,0.18579494953155518,nan,0.04977016896009445,0.0,0.0,0.0,nan,nan
346,0.42291464499999165,3.164672,0.6332030296325684,0.40299779176712036,0.15499189496040344,nan,0.04393424838781357,0.0,0.0,0.0,nan,nan
347,0.4294160630000192,3.164672,0.6332135796546936,0.4319007098674774,0.13914620876312256,nan,0.04240542650222778,0.0,0.0,0.0,nan,nan
348,0.4287484980000045,3.164672,0.6952682137489319,0.3972417712211609,0.0955124944448471,nan,0.048472821712493896,0.0,1.0,0.0,nan,nan
349,0.40994538999996166,3.164672,0.8052479028701782,0.37488824129104614,0.08100277185440063,nan,0.060558389872312546,0.0,1.0,0.0,nan,nan
350,0.4139883469999859,3.164672,0.7112530469894409,0.4248863756656647,0.10732761025428772,nan,0.05129888653755188,0.0,0.0,0.0,nan,nan
351,0.42494860300001847,3.164672,0.6551406979560852,0.489804744720459,0.23399122059345245,nan,0.043462034314870834,0.0,0.0,0.0,nan,nan
352,0.42544781399999465,3.164672,0.6580332517623901,0.5153726935386658,0.22890827059745789,nan,0.0409727543592453,0.0,1.0,0.0,nan,nan
353,0.4277988270000037,3.164672,0.6956208348274231,0.508781909942627,0.21236839890480042,nan,0.04651632532477379,0.0,0.0,0.0,nan,nan
354,0.4202446959999975,3.164672,0.6540482044219971,0.5139887928962708,0.18190979957580566,nan,0.04433425888419151,0.0,1.0,0.0,nan,nan
355,0.4287114179999776,3.164672,0.5529754161834717,0.509234607219696,0.14520356059074402,nan,0.03722377121448517,0.0,1.0,0.0,nan,nan
356,0.413968361000002,3.164672,0.5302134156227112,0.4856839179992676,0.16634200513362885,nan,0.037013545632362366,0.0,1.0,0.0,nan,nan
357,0.4119323760000384,3.164672,0.4173267185688019,0.48362553119659424,0.14897724986076355,nan,0.03007645159959793,0.0,0.0,0.0,nan,nan
358,0.41356752399997276,3.164672,0.4148419201374054,0.4838791787624359,0.20921562612056732,nan,0.028477778658270836,0.0,0.0,0.0,nan,nan
359,0.4153076629999646,3.164672,0.4539487063884735,0.46445876359939575,0.19731505215168,nan,0.0312320776283741,0.0,0.0,0.0,nan,nan
360,0.41328149100002065,3.164672,0.46081167459487915,0.4452676475048065,0.16768278181552887,nan,0.030665546655654907,0.0,0.0,0.0,nan,nan
361,0.4130522430000383,3.164672,0.45491525530815125,0.42265045642852783,0.12401603907346725,nan,0.030080348253250122,0.0,0.0,0.0,nan,nan
362,0.4149037299999918,3.164672,0.4657815396785736,0.40657100081443787,0.127264603972435,nan,0.031058233231306076,0.0,0.0,0.0,nan,nan
363,0.41956698100000267,3.164672,0.46663638949394226,0.4043264389038086,0.1337156593799591,nan,0.031071141362190247,0.0,0.0,0.0,nan,nan
364,0.4201760000000263,3.164672,0.48001429438591003,0.4149308204650879,0.11766654253005981,nan,0.031214898452162743,0.0,0.0,0.0,nan,nan
365,0.4160896090000392,3.164672,0.5653518438339233,0.38527190685272217,0.13383375108242035,nan,0.040615107864141464,0.0,1.0,0.0,nan,nan
366,0.41385381499998175,3.164672,0.623950719833374,0.34574222564697266,0.272363543510437,nan,0.04673024266958237,0.0,0.0,0.0,nan,nan
367,0.41314663500003235,3.164672,0.6869887113571167,0.3302728533744812,0.2304787039756775,nan,0.052150558680295944,0.0,0.0,0.0,nan,nan
368,0.41178628000000117,3.164672,0.633808434009552,0.36077213287353516,0.10892099887132645,nan,0.0463249646127224,0.0,0.0,0.0,nan,nan
369,0.4126264369999717,3.164672,0.509669840335846,0.398943692445755,0.06280575692653656,nan,0.03397522121667862,0.0,0.0,0.0,nan,nan
370,0.41449385199996414,3.164672,0.401123046875,0.4111325740814209,0.06202027201652527,nan,0.02331303060054779,0.0,0.0,0.0,nan,nan
371,0.4187518439999849,3.164672,0.36113041639328003,0.45652562379837036,0.07835114002227783,nan,0.017349690198898315,0.0,0.0,0.0,nan,nan
372,0.421942496999975,3.164672,0.37847861647605896,0.519677996635437,0.13246537744998932,nan,0.01907867193222046,0.0,0.0,0.0,nan,nan
373,0.41881749999998874,3.164672,0.536287784576416,0.5156280994415283,0.21924898028373718,nan,0.0328606553375721,0.0,1.0,0.0,nan,nan
374,0.412389032999954,3.164672,0.5106241703033447,0.5017037391662598,0.29675304889678955,nan,0.03458521142601967,0.0,0.0,0.0,nan,nan
375,0.4160977160000243,3.164672,0.4068557620048523,0.521675705909729,0.34348952770233154,nan,0.02400900050997734,0.0,0.0,0.0,nan,nan
376,0.4126652629999512,3.164672,0.3188621699810028,0.5455414056777954,0.2312973588705063,nan,0.016244351863861084,0.0,0.0,0.0,nan,nan
377,0.41718356100000165,3.164672,0.2666471004486084,0.5434028506278992,0.10796740651130676,nan,0.010770152322947979,0.0,0.0,0.0,nan,nan
378,0.41913904599999796,3.164672,0.25881847739219666,0.5221986770629883,0.07295210659503937,nan,0.008755790069699287,0.0,0.0,0.0,nan,nan
379,0.41837812300002497,3.164672,0.3129354417324066,0.4824756979942322,0.08852391690015793,nan,0.01253955252468586,0.0,0.0,0.0,nan,nan
380,0.4239630149999698,3.164672,0.4105735719203949,0.4498119056224823,0.11529842764139175,nan,0.02080046758055687,0.0,0.0,0.0,nan,nan
381,0.42136077700001806,3.164672,0.6336973905563354,0.38763707876205444,0.14134176075458527,nan,0.043098241090774536,0.0,0.0,0.0,nan,nan
382,0.4206288670000049,3.164672,0.7085889577865601,0.38366830348968506,0.13649329543113708,nan,0.046925514936447144,0.0,1.0,0.0,nan,nan
383,0.4137185509999881,3.164672,0.5728516578674316,0.3968203663825989,0.17475943267345428,nan,0.0399874746799469,0.0,0.0,0.0,nan,nan
384,0.4125384949999784,3.164672,0.6061185002326965,0.403143048286438,0.20110300183296204,nan,0.04145927354693413,0.0,0.0,0.0,nan,nan
385,0.41206772699996463,3.164672,0.6585725545883179,0.3951616883277893,0.13661514222621918,nan,0.04534924030303955,0.0,0.0,0.0,nan,nan
386,0.41423290500000576,3.164672,0.6811769604682922,0.39698731899261475,0.07037441432476044,nan,0.047942422330379486,0.0,0.0,0.0,nan,nan
387,0.42236272700000654,3.164672,0.7033392190933228,0.39718180894851685,0.077365443110466,nan,0.05050751566886902,0.0,0.0,0.0,nan,nan
388,0.4146002780000231,3.164672,0.8445644378662109,0.369575560092926,0.08842416107654572,nan,0.06440506875514984,0.0,0.0,0.0,nan,nan
389,0.4209047599999849,3.164672,0.6677514314651489,0.3972240090370178,0.11504843086004257,nan,0.04662533849477768,0.0,0.0,0.0,nan,nan
390,0.42775798600001735,3.164672,0.6107608079910278,0.40008434653282166,0.11001697927713394,nan,0.040641479194164276,0.0,0.0,0.0,nan,nan
391,0.4315675920000217,3.164672,0.68873530626297,0.3823361396789551,0.10445799678564072,nan,0.04851388931274414,0.0,1.0,0.0,nan,nan
392,0.4240304009999818,3.164672,0.6687225699424744,0.389823853969574,0.14052943885326385,nan,0.04883395880460739,0.0,0.0,0.0,nan,nan
393,0.41842360499998676,3.164672,0.592758059501648,0.4131612479686737,0.15996907651424408,nan,0.03634222596883774,0.0,1.0,0.0,nan,nan
394,0.4177600790000042,3.164672,0.43176209926605225,0.4262484610080719,0.17635568976402283,nan,0.028934046626091003,0.0,0.0,0.0,nan,nan
395,0.4218892829999845,3.164672,0.3398793041706085,0.4595291018486023,0.15382884442806244,nan,0.017685798928141594,0.0,0.0,0.0,nan,nan
396,0.4234249909999903,3.164672,0.36870384216308594,0.5022722482681274,0.1084807813167572,nan,0.019644061103463173,0.0,0.0,0.0,nan,nan
397,0.4233690719999572,3.164672,0.44182223081588745,0.5197290182113647,0.21027719974517822,nan,0.026110371574759483,0.0,0.0,0.0,nan,nan
398,0.42095537700004115,3.164672,0.615833580493927,0.49815425276756287,0.2876296043395996,nan,0.04031430557370186,0.0,0.0,0.0,nan,nan
399,0.4155114110000113,3.164672,0.4735923409461975,0.5164546370506287,0.17839443683624268,nan,0.03045262023806572,0.0,1.0,0.0,nan,nan
400,0.42335067699997353,3.164672,0.4107432961463928,0.5140413641929626,0.2042694091796875,nan,0.024703040719032288,0.0,0.0,0.0,nan,nan
401,0.4168732769999792,3.164672,0.34506160020828247,0.5014721155166626,0.14036715030670166,nan,0.02108803205192089,0.0,1.0,0.0,nan,nan
402,0.4132716089999917,3.164672,0.22212913632392883,0.5048822164535522,0.09998765587806702,nan,0.01065179705619812,0.0,0.0,0.0,nan,nan
403,0.4131953609999641,3.164672,0.2131360024213791,0.48373478651046753,0.0730886459350586,nan,0.00947626680135727,0.0,0.0,0.0,nan,nan
404,0.41371690800002625,3.164672,0.22462545335292816,0.45563942193984985,0.12484082579612732,nan,0.010142765939235687,0.0,0.0,0.0,nan,nan
405,0.413003528000047,3.164672,0.25946560502052307,0.4267362356185913,0.2239808589220047,nan,0.013225466012954712,0.0,0.0,0.0,nan,nan
406,0.41285206999998536,3.164672,0.30698370933532715,0.39902424812316895,0.25561684370040894,nan,0.017544135451316833,0.0,0.0,0.0,nan,nan
407,0.4139257340000313,3.164672,0.31248435378074646,0.39309316873550415,0.242404505610466,nan,0.018483925610780716,0.0,0.0,0.0,nan,nan
408,0.4295050769999875,3.164672,0.2855929732322693,0.4073447585105896,0.21101614832878113,nan,0.015083103440701962,0.0,0.0,0.0,nan,nan
409,0.4234320509999634,3.164672,0.2575874626636505,0.4191049039363861,0.18108665943145752,nan,0.012462790124118328,0.0,0.0,0.0,nan,nan
410,0.42972630200000594,3.164672,0.2694687843322754,0.4318544268608093,0.13499200344085693,nan,0.01362302340567112,0.0,0.0,0.0,nan,nan
411,0.42269783599999755,3.164672,0.273977667093277,0.44707757234573364,0.08665452152490616,nan,0.012922633439302444,0.0,0.0,0.0,nan,nan
412,0.42789915800000244,3.164672,0.2756221890449524,0.46157538890838623,0.08903468400239944,nan,0.013050551526248455,0.0,0.0,0.0,nan,nan
413,0.4256684069999892,3.164672,0.29092854261398315,0.48950445652008057,0.16692061722278595,nan,0.014851389452815056,0.0,0.0,0.0,nan,nan
414,0.4243082400000162,3.164672,0.28116554021835327,0.5082101821899414,0.1794060617685318,nan,0.014141316525638103,0.0,0.0,0.0,nan,nan
415,0.4261125149999998,3.164672,0.24922062456607819,0.5114324688911438,0.1593671590089798,nan,0.010783404111862183,0.0,0.0,0.0,nan,nan
416,0.42717123600004925,3.164672,0.2378217875957489,0.503735363483429,0.14415957033634186,nan,0.009148875251412392,0.0,0.0,0.0,nan,nan
417,0.4286444969999934,3.164672,0.27383458614349365,0.49400627613067627,0.07565858215093613,nan,0.011372936889529228,0.0,0.0,0.0,nan,nan
418,0.4285784780000199,3.164672,0.33581510186195374,0.47078728675842285,0.06825999915599823,nan,0.01631329208612442,0.0,0.0,0.0,nan,nan
419,0.4321375250000301,3.164672,0.42451876401901245,0.438642680644989,0.12546782195568085,nan,0.022127356380224228,0.0,0.0,0.0,nan,nan
420,0.4326159149999853,3.164672,0.5551367998123169,0.39476579427719116,0.08277072012424469,nan,0.03332556411623955,0.0,0.0,0.0,nan,nan
421,0.43192574900001546,3.164672,0.6557708978652954,0.3697613477706909,0.23049010336399078,nan,0.04132065549492836,0.0,0.0,0.0,nan,nan
422,0.4290610949999518,3.164672,0.5987340211868286,0.36186763644218445,0.10277178138494492,nan,0.036095134913921356,0.0,1.0,0.0,nan,nan
423,0.41894111899995323,3.164672,0.5361465811729431,0.3566299080848694,0.1364949345588684,nan,0.03189679980278015,0.0,0.0,0.0,nan,nan
424,0.44200710799998433,3.164672,0.515496551990509,0.3649919033050537,0.06916327774524689,nan,0.027688374742865562,0.0,0.0,0.0,nan,nan
425,0.4291932900000006,3.164672,0.6035839319229126,0.3577338457107544,0.09322865307331085,nan,0.03554125875234604,0.0,0.0,0.0,nan,nan
426,0.4164713689999644,3.164672,0.7091050744056702,0.3638094663619995,0.06505821645259857,nan,0.04607893526554108,0.0,0.0,0.0,nan,nan
427,0.4265327890000208,3.164672,0.7840317487716675,0.39532870054244995,0.09689026325941086,nan,0.051371388137340546,0.0,1.0,0.0,nan,nan
428,0.42121114600001874,3.164672,0.8167950510978699,0.3801930546760559,0.0912439152598381,nan,0.05658078193664551,0.0,0.0,0.0,nan,nan
429,0.4170759229999703,3.164672,0.9750878810882568,0.354506254196167,0.2146623432636261,nan,0.07099020481109619,0.0,0.0,0.0,nan,nan
430,0.4186850199999981,3.164672,0.8636415004730225,0.3823549151420593,0.09524764120578766,nan,0.06016109883785248,0.0,1.0,0.0,nan,nan
431,0.42291931799996973,3.164672,0.7707169055938721,0.4082270562648773,0.15678557753562927,nan,0.05119191110134125,0.0,0.0,0.0,nan,nan
432,0.4242888100000073,3.164672,0.9092535972595215,0.3917161226272583,0.20164348185062408,nan,0.06269250810146332,0.0,0.0,0.0,nan,nan
433,0.4282080300000075,3.164672,0.917340099811554,0.42378509044647217,0.16199734807014465,nan,0.05930439755320549,0.0,0.0,0.0,nan,nan
434,0.4303332239999804,3.164672,0.9676515460014343,0.44069698452949524,0.21721655130386353,nan,0.06341351568698883,0.0,2.0,0.0,nan,nan
435,0.43009662800000115,3.164672,1.2475671768188477,0.36703231930732727,0.20911787450313568,nan,0.09379689395427704,0.0,1.0,0.0,nan,nan
436,0.42129907300000013,3.164672,1.0987786054611206,0.36424583196640015,0.14439596235752106,nan,0.08379014581441879,0.0,1.0,0.0,nan,nan
437,0.4185331099999985,3.164672,0.7886481881141663,0.3992747366428375,0.08100203424692154,nan,0.05327889323234558,0.0,1.0,0.0,nan,nan
438,0.4245274390000304,3.164672,0.6282492876052856,0.4009452760219574,0.1478717178106308,nan,0.04343874379992485,0.0,0.0,0.0,nan,nan
439,0.4142740100000424,3.164672,0.6998305320739746,0.38567739725112915,0.13424085080623627,nan,0.048093851655721664,0.0,1.0,0.0,nan,nan
440,0.41888863899998796,3.164672,0.6627958416938782,0.40644848346710205,0.1900625079870224,nan,0.04605042561888695,0.0,0.0,0.0,nan,nan
441,0.4278707519999898,3.164672,0.6018473505973816,0.4347264766693115,0.11157174408435822,nan,0.03792811930179596,0.0,0.0,0.0,nan,nan
442,0.4149789010000404,3.164672,0.6693132519721985,0.40957027673721313,0.09330160170793533,nan,0.04936787486076355,0.0,2.0,0.0,nan,nan
443,0.4133406109999669,3.164672,0.49684545397758484,0.45030540227890015,0.10035429149866104,nan,0.033457107841968536,0.0,0.0,0.0,nan,nan
444,0.4149757559999898,3.164672,0.4018409252166748,0.4879094660282135,0.1228252425789833,nan,0.02373354695737362,0.0,0.0,0.0,nan,nan
445,0.42348630700001877,3.164672,0.36956271529197693,0.5019286870956421,0.1454133540391922,nan,0.02034066990017891,0.0,0.0,0.0,nan,nan
446,0.4234947970000462,3.164672,0.5282886028289795,0.47180038690567017,0.10529036819934845,nan,0.034448616206645966,0.0,0.0,0.0,nan,nan
447,0.4243260439999972,3.164672,0.5694559216499329,0.44320982694625854,0.11868882179260254,nan,0.038592688739299774,0.0,1.0,0.0,nan,nan
448,0.42456609100003107,3.164672,0.7530501484870911,0.37910813093185425,0.17158056795597076,nan,0.057659462094306946,0.0,0.0,0.0,nan,nan
449,0.4234331959999622,3.164672,0.4947798252105713,0.4053439497947693,0.15198761224746704,nan,0.0320865735411644,0.0,0.0,0.0,nan,nan
450,0.415994583999975,3.164672,0.4491230249404907,0.4203321039676666,0.12837427854537964,nan,0.02731800638139248,0.0,1.0,0.0,nan,nan
451,0.4165665780000154,3.164672,0.4113199710845947,0.4175991415977478,0.11420948058366776,nan,0.02622123621404171,0.0,0.0,0.0,nan,nan
452,0.4144078410000134,3.164672,0.3497837483882904,0.42384791374206543,0.073347307741642,nan,0.019625447690486908,0.0,0.0,0.0,nan,nan
453,0.4150904779999678,3.164672,0.33505576848983765,0.4280428886413574,0.17390118539333344,nan,0.018755048513412476,0.0,0.0,0.0,nan,nan
454,0.42350592500002904,3.164672,0.3856688141822815,0.4217887222766876,0.12711195647716522,nan,0.02309509739279747,0.0,0.0,0.0,nan,nan
455,0.4138099190000162,3.164672,0.4455331265926361,0.41283392906188965,0.18373052775859833,nan,0.02856966108083725,0.0,0.0,0.0,nan,nan
456,0.41713522700001704,3.164672,0.5273944735527039,0.4018484950065613,0.16408893465995789,nan,0.03526853024959564,0.0,0.0,0.0,nan,nan
457,0.41668636999997943,3.164672,0.7321603894233704,0.363675594329834,0.18678008019924164,nan,0.05433109402656555,0.0,0.0,0.0,nan,nan
458,0.41950863600004595,3.164672,0.579727053642273,0.37723085284233093,0.10567566007375717,nan,0.03929109126329422,0.0,0.0,0.0,nan,nan
459,0.4218311300000437,3.164672,0.39728957414627075,0.41570353507995605,0.07696206867694855,nan,0.020488962531089783,0.0,0.0,0.0,nan,nan
460,0.42347964100002855,3.164672,0.3874792158603668,0.4280547499656677,0.06541963666677475,nan,0.01951618120074272,0.0,0.0,0.0,nan,nan
461,0.42311732199999597,3.164672,0.6194213628768921,0.40334853529930115,0.10627656430006027,nan,0.04098943620920181,0.0,0.0,0.0,nan,nan
462,0.41718236100001604,3.164672,0.6850185394287109,0.40050333738327026,0.16564445197582245,nan,0.04708050936460495,0.0,0.0,0.0,nan,nan
463,0.4193616799999518,3.164672,0.6675260066986084,0.41615456342697144,0.17905806005001068,nan,0.04351116716861725,0.0,0.0,0.0,nan,nan
464,0.426791263000041,3.164672,0.7009707093238831,0.4177290201187134,0.13422717154026031,nan,0.04564980790019035,0.0,0.0,0.0,nan,nan
465,0.4227347379999742,3.164672,0.8188455104827881,0.39993226528167725,0.18183554708957672,nan,0.05687129124999046,0.0,0.0,0.0,nan,nan
466,0.423249262000013,3.164672,0.7919898629188538,0.40974390506744385,0.15475013852119446,nan,0.054218411445617676,0.0,0.0,0.0,nan,nan
467,0.4250236070000142,3.164672,0.7263465523719788,0.42069363594055176,0.068852499127388,nan,0.046556778252124786,0.0,1.0,0.0,nan,nan
468,0.42906354000001556,3.164672,0.6656435132026672,0.4291382133960724,0.1219780445098877,nan,0.042505502700805664,0.0,0.0,0.0,nan,nan
469,0.4335791159999758,3.164672,0.7410846948623657,0.424054890871048,0.10026860982179642,nan,0.047653015702962875,0.0,0.0,0.0,nan,nan
470,0.4331775910000033,3.164672,0.9987539052963257,0.36843645572662354,0.12735852599143982,nan,0.07389599084854126,0.0,1.0,0.0,nan,nan
471,0.4282761900000196,3.164672,0.995611310005188,0.3693878650665283,0.15455034375190735,nan,0.07454448938369751,0.0,0.0,0.0,nan,nan
472,0.42858239299999923,3.164672,0.8842552304267883,0.3950807452201843,0.22846895456314087,nan,0.06269112229347229,0.0,0.0,0.0,nan,nan
473,0.42487654699999666,3.164672,0.9656262397766113,0.3519928753376007,0.10909070074558258,nan,0.07304996252059937,0.0,1.0,0.0,nan,nan
474,0.4297960659999944,3.164672,0.8524868488311768,0.3714427947998047,0.1236250251531601,nan,0.06296214461326599,0.0,0.0,0.0,nan,nan
475,0.4307724909999706,3.164672,0.6856787800788879,0.3818588852882385,0.10779181867837906,nan,0.047404222190380096,0.0,0.0,0.0,nan,nan
476,0.42345654299998614,3.164672,0.6968870759010315,0.35921069979667664,0.11574986577033997,nan,0.04818832501769066,0.0,1.0,0.0,nan,nan
477,0.42366558200001236,3.164672,0.7062811851501465,0.34894391894340515,0.09522976726293564,nan,0.04918175935745239,0.0,2.0,0.0,nan,nan
478,0.4201982789999761,3.164672,0.6059762239456177,0.35578715801239014,0.23653733730316162,nan,0.0446961335837841,0.0,0.0,0.0,nan,nan
479,0.4159713480000278,3.164672,0.4525797367095947,0.385112464427948,0.1855114847421646,nan,0.02999940514564514,0.0,0.0,0.0,nan,nan
480,0.41490160799997966,3.164672,0.39747384190559387,0.40456563234329224,0.12702645361423492,nan,0.023885121569037437,0.0,0.0,0.0,nan,nan
481,0.41458683100000826,3.164672,0.373867005109787,0.41351890563964844,0.18892769515514374,nan,0.02145858108997345,0.0,0.0,0.0,nan,nan
482,0.414554862999978,3.164672,0.36317408084869385,0.4328245520591736,0.16286812722682953,nan,0.019920557737350464,0.0,0.0,0.0,nan,nan
483,0.4156056850000027,3.164672,0.34686803817749023,0.4562206268310547,0.09518171101808548,nan,0.018441207706928253,0.0,0.0,0.0,nan,nan
484,0.4180311179999876,3.164672,0.37401294708251953,0.4645693004131317,0.08896292001008987,nan,0.021277721971273422,0.0,0.0,0.0,nan,nan
485,0.41537482100000034,3.164672,0.4021477997303009,0.491004079580307,0.23220331966876984,nan,0.022814050316810608,0.0,0.0,0.0,nan,nan
486,0.4151896500000021,3.164672,0.3964254856109619,0.5214856266975403,0.27099037170410156,nan,0.0225469172000885,0.0,0.0,0.0,nan,nan
487,0.4159915189999879,3.164672,0.3959656357765198,0.5408504009246826,0.22511889040470123,nan,0.02227885276079178,0.0,0.0,0.0,nan,nan
488,0.4163124169999719,3.164672,0.35334479808807373,0.5374481678009033,0.1486976444721222,nan,0.01790284737944603,0.0,0.0,0.0,nan,nan
489,0.4147355159999506,3.164672,0.3018716871738434,0.5172242522239685,0.0895686149597168,nan,0.011566991917788982,0.0,0.0,0.0,nan,nan
490,0.4213856889999761,3.164672,0.3295133113861084,0.4774717390537262,0.08386775851249695,nan,0.014617378823459148,0.0,0.0,0.0,nan,nan
491,0.42767140600000175,3.164672,0.48859620094299316,0.42641931772232056,0.09024906903505325,nan,0.02895861119031906,0.0,0.0,0.0,nan,nan
492,0.4237487919999694,3.164672,0.40242815017700195,0.4332693815231323,0.12802816927433014,nan,0.0197586789727211,0.0,0.0,0.0,nan,nan
493,0.4204715099999703,3.164672,0.4210817217826843,0.42986708879470825,0.104960136115551,nan,0.021254491060972214,0.0,1.0,0.0,nan,nan
494,0.4165489019999882,3.164672,0.3692445755004883,0.433771014213562,0.13817660510540009,nan,0.016754813492298126,0.0,0.0,0.0,nan,nan
495,0.41497524300001487,3.164672,0.3643091320991516,0.45383381843566895,0.12338585406541824,nan,0.015309125185012817,0.0,0.0,0.0,nan,nan
496,0.4135249469999849,3.164672,0.34324297308921814,0.4494292438030243,0.13290782272815704,nan,0.013096041046082973,0.0,0.0,0.0,nan,nan
497,0.41579638799998975,3.164672,0.3898826241493225,0.4146343767642975,0.18765601515769958,nan,0.018700342625379562,0.0,0.0,0.0,nan,nan
498,0.41462144699994496,3.164672,0.4330207109451294,0.40413251519203186,0.15746329724788666,nan,0.021912207826972008,0.0,0.0,0.0,nan,nan
499,0.4140849679999974,3.164672,0.4441530704498291,0.40589600801467896,0.07361704111099243,nan,0.02243688330054283,0.0,0.0,0.0,nan,nan
500,0.4157567190000009,3.164672,0.4816287159919739,0.41897493600845337,0.08838121592998505,nan,0.024294313043355942,0.0,0.0,0.0,nan,nan
501,0.42170308099997555,3.164672,0.5020009279251099,0.4434889554977417,0.16274067759513855,nan,0.024944916367530823,0.0,0.0,0.0,nan,nan
502,0.42267706999996335,3.164672,0.5198488235473633,0.45227736234664917,0.22106298804283142,nan,0.025949446484446526,0.0,0.0,0.0,nan,nan
503,0.4224552759999938,3.164672,0.7410990595817566,0.40793681144714355,0.1770346760749817,nan,0.04762333258986473,0.0,0.0,0.0,nan,nan
504,0.42731501299999763,3.164672,0.6684356331825256,0.4099369943141937,0.09927184134721756,nan,0.036961138248443604,0.0,1.0,0.0,nan,nan
505,0.4142965379999737,3.164672,0.5494908094406128,0.4098926782608032,0.13159261643886566,nan,0.03232895955443382,0.0,0.0,0.0,nan,nan
506,0.41399814499999366,3.164672,0.400126576423645,0.4359513223171234,0.08491656929254532,nan,0.017367836087942123,0.0,0.0,0.0,nan,nan
507,0.4140793139999914,3.164672,0.36790719628334045,0.4611280560493469,0.09287995100021362,nan,0.014644015580415726,0.0,0.0,0.0,nan,nan
508,0.4204540350000343,3.164672,0.42342087626457214,0.4714498519897461,0.11376458406448364,nan,0.01888195425271988,0.0,0.0,0.0,nan,nan
509,0.42342490300001145,3.164672,0.49043288826942444,0.4501020312309265,0.14532415568828583,nan,0.02488919161260128,0.0,0.0,0.0,nan,nan
510,0.4208512789999759,3.164672,0.5307109355926514,0.429177463054657,0.21239839494228363,nan,0.02887881174683571,0.0,0.0,0.0,nan,nan
511,0.42863000899995995,3.164672,0.5019965171813965,0.44015824794769287,0.18116438388824463,nan,0.024602051824331284,0.0,0.0,0.0,nan,nan
512,0.4274632539999743,3.164672,0.6105194091796875,0.4194839596748352,0.10526745766401291,nan,0.03455106168985367,0.0,0.0,0.0,nan,nan
513,0.41969059600000946,3.164672,0.8183603286743164,0.39503470063209534,0.1410134732723236,nan,0.05513540655374527,0.0,1.0,0.0,nan,nan
514,0.42276968999999553,3.164672,0.573137640953064,0.4278731346130371,0.09673860669136047,nan,0.03507211059331894,0.0,1.0,0.0,nan,nan
515,0.41562655600000653,3.164672,0.38049858808517456,0.45931699872016907,0.06835485249757767,nan,0.017515407875180244,0.0,0.0,0.0,nan,nan
516,0.425473463000003,3.164672,0.4403141140937805,0.44172215461730957,0.08559773862361908,nan,0.02440573088824749,0.0,0.0,0.0,nan,nan
517,0.4215363079999861,3.164672,0.388540655374527,0.45093458890914917,0.11326462030410767,nan,0.021755307912826538,0.0,1.0,0.0,nan,nan
518,0.41497401899999886,3.164672,0.3469599485397339,0.46544402837753296,0.1565323919057846,nan,0.019778959453105927,0.0,0.0,0.0,nan,nan
519,0.41488300999998273,3.164672,0.3034476339817047,0.4767741560935974,0.08304103463888168,nan,0.015038411132991314,0.0,0.0,0.0,nan,nan
520,0.4151426859999674,3.164672,0.30178725719451904,0.45827996730804443,0.09533072263002396,nan,0.013055856339633465,0.0,0.0,0.0,nan,nan
521,0.41439500299998144,3.164672,0.35484641790390015,0.4354713559150696,0.07448078691959381,nan,0.017598094418644905,0.0,0.0,0.0,nan,nan
522,0.41300716700004614,3.164672,0.40728864073753357,0.4141145348548889,0.12146295607089996,nan,0.022606616839766502,0.0,0.0,0.0,nan,nan
523,0.41422628300000497,3.164672,0.42021483182907104,0.40750253200531006,0.11498330533504486,nan,0.023809056729078293,0.0,0.0,0.0,nan,nan
524,0.41509759799998847,3.164672,0.3948073089122772,0.4142327308654785,0.11697199195623398,nan,0.020032858476042747,0.0,0.0,0.0,nan,nan
525,0.41542242399998486,3.164672,0.3871954679489136,0.4306771159172058,0.08436009287834167,nan,0.019215909764170647,0.0,0.0,0.0,nan,nan
526,0.4191423670000063,3.164672,0.3950771987438202,0.45851489901542664,0.0796152725815773,nan,0.019714094698429108,0.0,0.0,0.0,nan,nan
527,0.4160849859999871,3.164672,0.4287327527999878,0.4864674210548401,0.07942400127649307,nan,0.021869242191314697,0.0,0.0,0.0,nan,nan
528,0.4173314450000021,3.164672,0.5140988230705261,0.46258485317230225,0.11990489065647125,nan,0.030633356422185898,0.0,1.0,0.0,nan,nan
529,0.41036561800001436,3.164672,0.45368629693984985,0.46223124861717224,0.0792335718870163,nan,0.029184307903051376,0.0,1.0,0.0,nan,nan
530,0.4157732020000253,3.164672,0.3093606233596802,0.47874969244003296,0.10356700420379639,nan,0.014808068983256817,0.0,0.0,0.0,nan,nan
531,0.41507317199994986,3.164672,0.23364296555519104,0.4793007969856262,0.08940945565700531,nan,0.0074530369602143764,0.0,0.0,0.0,nan,nan
532,0.41396705100004283,3.164672,0.21025821566581726,0.4730145335197449,0.05933617427945137,nan,0.005333819892257452,0.0,0.0,0.0,nan,nan
533,0.4202534309999919,3.164672,0.24688391387462616,0.4635021686553955,0.07493387907743454,nan,0.007025913335382938,0.0,0.0,0.0,nan,nan
534,0.4191845239999452,3.164672,0.3026268184185028,0.4564354121685028,0.07028623670339584,nan,0.010706099681556225,0.0,0.0,0.0,nan,nan
535,0.4133024920000139,3.164672,0.32680779695510864,0.45987066626548767,0.11478038877248764,nan,0.012643491849303246,0.0,0.0,0.0,nan,nan
536,0.41417744300002823,3.164672,0.36396682262420654,0.44689875841140747,0.06773685663938522,nan,0.01569332554936409,0.0,0.0,0.0,nan,nan
537,0.41536138700001857,3.164672,0.414048433303833,0.4324360191822052,0.098479263484478,nan,0.019143328070640564,0.0,0.0,0.0,nan,nan
538,0.41476831100004574,3.164672,0.42297279834747314,0.4202609062194824,0.09047934412956238,nan,0.019761715084314346,0.0,0.0,0.0,nan,nan
539,0.4149686909999559,3.164672,0.40730875730514526,0.4118599593639374,0.13792684674263,nan,0.01822880655527115,0.0,0.0,0.0,nan,nan
540,0.41381120400001237,3.164672,0.44405895471572876,0.41213881969451904,0.08416220545768738,nan,0.020700519904494286,0.0,0.0,0.0,nan,nan
541,0.4156401580000306,3.164672,0.4706290066242218,0.41290339827537537,0.05351888760924339,nan,0.02226541005074978,0.0,0.0,0.0,nan,nan
542,0.4133471499999928,3.164672,0.5157138705253601,0.41341760754585266,0.058867260813713074,nan,0.02669719234108925,0.0,0.0,0.0,nan,nan
543,0.4142491560000394,3.164672,0.5442780256271362,0.4130712151527405,0.07196807116270065,nan,0.028079163283109665,0.0,0.0,0.0,nan,nan
544,0.4171300609999662,3.164672,0.5276495814323425,0.41762810945510864,0.08730672299861908,nan,0.02609187923371792,0.0,0.0,0.0,nan,nan
545,0.4146042670000156,3.164672,0.5300634503364563,0.4331533908843994,0.07590650022029877,nan,0.02618689090013504,0.0,0.0,0.0,nan,nan
546,0.41864409599998,3.164672,0.562383770942688,0.4428412616252899,0.0626329705119133,nan,0.02724347822368145,0.0,0.0,0.0,nan,nan
547,0.45574180400001296,3.164672,0.6388655304908752,0.44758808612823486,0.09395818412303925,nan,0.03207695484161377,0.0,0.0,0.0,nan,nan
548,0.4266998049999984,3.164672,0.7574085593223572,0.39715421199798584,0.11490926891565323,nan,0.04666246101260185,0.0,1.0,0.0,nan,nan
549,0.4272284259999992,3.164672,0.8652507066726685,0.36263805627822876,0.08615203201770782,nan,0.058397527784109116,0.0,1.0,0.0,nan,nan
550,0.42789408999999523,3.164672,0.937015175819397,0.34749507904052734,0.10037978738546371,nan,0.06675459444522858,0.0,0.0,0.0,nan,nan
551,0.42264727799999946,3.164672,1.0153813362121582,0.35046064853668213,0.0986296758055687,nan,0.07407324016094208,0.0,0.0,0.0,nan,nan
552,0.4230482689999917,3.164672,0.9252692461013794,0.3843032121658325,0.08631212264299393,nan,0.06470949947834015,0.0,0.0,0.0,nan,nan
553,0.4180509299999926,3.164672,0.7603845596313477,0.4238353371620178,0.09320483356714249,nan,0.053052984178066254,0.0,1.0,0.0,nan,nan
554,0.4158802929999865,3.164672,0.5446675419807434,0.4560695290565491,0.1407414823770523,nan,0.03322881460189819,0.0,0.0,0.0,nan,nan
555,0.4186292130000311,3.164672,0.39446115493774414,0.47306743264198303,0.07775215059518814,nan,0.018876664340496063,0.0,0.0,0.0,nan,nan
556,0.4215999520000082,3.164672,0.33327555656433105,0.4897765815258026,0.06836199760437012,nan,0.011306358501315117,0.0,0.0,0.0,nan,nan
557,0.424507957000003,3.164672,0.39591240882873535,0.4727869927883148,0.07937173545360565,nan,0.01707346737384796,0.0,0.0,0.0,nan,nan
558,0.4246404259999963,3.164672,0.43361803889274597,0.4602940082550049,0.06439563632011414,nan,0.021177446469664574,0.0,1.0,0.0,nan,nan
559,0.4217868989999829,3.164672,0.4134191870689392,0.4470396637916565,0.05818326026201248,nan,0.021115794777870178,0.0,1.0,0.0,nan,nan
560,0.41742340899998,3.164672,0.317812979221344,0.46531856060028076,0.07798568904399872,nan,0.01170751266181469,0.0,0.0,0.0,nan,nan
561,0.4142419869999685,3.164672,0.3096145987510681,0.484573632478714,0.08812139183282852,nan,0.010627600364387035,0.0,0.0,0.0,nan,nan
562,0.41454016500000535,3.164672,0.3642090857028961,0.46897822618484497,0.05039830133318901,nan,0.01497693546116352,0.0,0.0,0.0,nan,nan
563,0.41452581900000496,3.164672,0.40212830901145935,0.42899906635284424,0.10934009402990341,nan,0.017349956557154655,0.0,0.0,0.0,nan,nan
564,0.4148050030000263,3.164672,0.43914175033569336,0.4121081829071045,0.07314456254243851,nan,0.01894848421216011,0.0,0.0,0.0,nan,nan
565,0.41400737399999343,3.164672,0.4495859742164612,0.4223300814628601,0.1619468480348587,nan,0.018278812989592552,0.0,0.0,0.0,nan,nan
566,0.41708720399998356,3.164672,0.49843209981918335,0.40256842970848083,0.12487424910068512,nan,0.022051505744457245,0.0,0.0,0.0,nan,nan
567,0.4156667820000166,3.164672,0.5806745886802673,0.3857344388961792,0.09791724383831024,nan,0.029020702466368675,0.0,0.0,0.0,nan,nan
568,0.4233493229999681,3.164672,0.6334086656570435,0.384138286113739,0.08140768855810165,nan,0.03394809365272522,0.0,0.0,0.0,nan,nan
569,0.4137658650000162,3.164672,0.6161115169525146,0.40371173620224,0.1543390154838562,nan,0.030798938125371933,0.0,0.0,0.0,nan,nan
570,0.4148643839999977,3.164672,0.6070380806922913,0.40259408950805664,0.07995492219924927,nan,0.030377395451068878,0.0,0.0,0.0,nan,nan
571,0.4137869529999989,3.164672,0.6603819131851196,0.39510971307754517,0.0839720144867897,nan,0.03523017466068268,0.0,0.0,0.0,nan,nan
572,0.4129670539999779,3.164672,0.6371939182281494,0.3962852656841278,0.14366063475608826,nan,0.03168099373579025,0.0,0.0,0.0,nan,nan
573,0.4184468610000067,3.164672,0.5611826181411743,0.39596450328826904,0.21884223818778992,nan,0.02350449189543724,0.0,0.0,0.0,nan,nan
574,0.41410524499997337,3.164672,0.5137421488761902,0.41421717405319214,0.052748020738363266,nan,0.018452530726790428,0.0,0.0,0.0,nan,nan
575,0.4142971389999843,3.164672,0.5472979545593262,0.4248724579811096,0.07398619502782822,nan,0.02110293135046959,0.0,0.0,0.0,nan,nan
576,0.41474982500000124,3.164672,0.6257361769676208,0.4164547920227051,0.06568419188261032,nan,0.02824099361896515,0.0,0.0,0.0,nan,nan
577,0.4154636180000466,3.164672,0.6145253777503967,0.43046310544013977,0.07469860464334488,nan,0.025419920682907104,0.0,0.0,0.0,nan,nan
578,0.42066911799997797,3.164672,0.5165021419525146,0.4630495011806488,0.08714896440505981,nan,0.015217981301248074,0.0,0.0,0.0,nan,nan
579,0.4220735939999827,3.164672,0.5144957900047302,0.4771665036678314,0.08558802306652069,nan,0.014556674286723137,0.0,0.0,0.0,nan,nan
580,0.424683114000004,3.164672,0.6445966958999634,0.46946433186531067,0.11785520613193512,nan,0.026357527822256088,0.0,0.0,0.0,nan,nan
581,0.41128201600002967,3.164672,0.6276108026504517,0.4570436477661133,0.10082169622182846,nan,0.026194443926215172,0.0,1.0,0.0,nan,nan
582,0.41600733300003867,3.164672,0.4934397339820862,0.4510536789894104,0.05880807340145111,nan,0.01377424132078886,0.0,0.0,0.0,nan,nan
583,0.41564329099998076,3.164672,0.5191609859466553,0.44225993752479553,0.04955724999308586,nan,0.01610918901860714,0.0,0.0,0.0,nan,nan
584,0.41529771000000437,3.164672,0.5702236890792847,0.4389437735080719,0.07533417642116547,nan,0.020041707903146744,0.0,0.0,0.0,nan,nan
585,0.4142364620000194,3.164672,0.6220695972442627,0.4180166721343994,0.05601894110441208,nan,0.02359526976943016,0.0,0.0,0.0,nan,nan
586,0.4129193530000066,3.164672,0.6747661828994751,0.4084755778312683,0.08941523730754852,nan,0.02709057740867138,0.0,0.0,0.0,nan,nan
587,0.413433021000003,3.164672,0.7199525237083435,0.40480637550354004,0.06155506521463394,nan,0.03055836819112301,0.0,0.0,0.0,nan,nan
588,0.4132162570000446,3.164672,0.7536728382110596,0.40110427141189575,0.08591328561306,nan,0.03308291360735893,0.0,0.0,0.0,nan,nan
589,0.4135703219999982,3.164672,0.7865347862243652,0.39783263206481934,0.09443064033985138,nan,0.036072634160518646,0.0,0.0,0.0,nan,nan
590,0.4152926820000289,3.164672,0.7590250968933105,0.41746985912323,0.13030970096588135,nan,0.03203018382191658,0.0,0.0,0.0,nan,nan
591,0.41820482200000697,3.164672,0.7792246341705322,0.4328809380531311,0.11998661607503891,nan,0.03218547999858856,0.0,0.0,0.0,nan,nan
592,0.41537207900000794,3.164672,0.8890135884284973,0.4362882375717163,0.17155613005161285,nan,0.0411536768078804,0.0,0.0,0.0,nan,nan
593,0.42335223700001734,3.164672,1.1203898191452026,0.4082890450954437,0.2627325654029846,nan,0.060103993862867355,0.0,0.0,0.0,nan,nan
594,0.42742006600008153,3.164672,1.2134621143341064,0.39909330010414124,0.057381778955459595,nan,0.06507759541273117,0.0,1.0,0.0,nan,nan
595,0.42331334900006823,3.164672,1.4393210411071777,0.34184524416923523,0.22396445274353027,nan,0.08475375175476074,0.0,1.0,0.0,nan,nan
596,0.42559796499995173,3.164672,1.0686559677124023,0.40663161873817444,0.18930684030056,nan,0.05331271514296532,0.0,2.0,0.0,nan,nan
597,0.42098157999998875,3.164672,0.929699182510376,0.40089529752731323,0.10194666683673859,nan,0.045441895723342896,0.0,0.0,0.0,nan,nan
598,0.42234689999997954,3.164672,0.9291743636131287,0.3857419490814209,0.10269048810005188,nan,0.049532175064086914,0.0,1.0,0.0,nan,nan
599,0.4221756109999433,3.164672,0.7493714094161987,0.392910897731781,0.08917001634836197,nan,0.03332773968577385,0.0,0.0,0.0,nan,nan
600,0.42630554799995934,3.164672,0.6101176738739014,0.4386381506919861,0.09492836147546768,nan,0.018930930644273758,0.0,0.0,0.0,nan,nan
601,0.4237717269999166,3.164672,0.5993810296058655,0.4786115884780884,0.13397714495658875,nan,0.017940565943717957,0.0,0.0,0.0,nan,nan
602,0.426484414000015,3.164672,0.6572133302688599,0.4855083227157593,0.10232214629650116,nan,0.02275468036532402,0.0,0.0,0.0,nan,nan
603,0.4238377039999932,3.164672,0.8089358806610107,0.42268139123916626,0.1196233257651329,nan,0.04216298460960388,0.0,1.0,0.0,nan,nan
604,0.4180423419999215,3.164672,0.6246371865272522,0.43955695629119873,0.06019372493028641,nan,0.027951812371611595,0.0,1.0,0.0,nan,nan
605,0.4271311939999123,3.164672,0.5799450278282166,0.4341317415237427,0.10586757957935333,nan,0.024576595053076744,0.0,0.0,0.0,nan,nan
606,0.42432909000001473,3.164672,0.7896386384963989,0.3691515326499939,0.22367264330387115,nan,0.04343066364526749,0.0,0.0,0.0,nan,nan
607,0.4244443019999835,3.164672,0.8330480456352234,0.35112881660461426,0.2064674198627472,nan,0.04808908328413963,0.0,1.0,0.0,nan,nan
608,0.4157586360000778,3.164672,0.6764950752258301,0.3635656237602234,0.21343135833740234,nan,0.03604094684123993,0.0,0.0,0.0,nan,nan
609,0.41901358400002664,3.164672,0.641315221786499,0.37619227170944214,0.17224915325641632,nan,0.03216291218996048,0.0,0.0,0.0,nan,nan
610,0.4159590259999959,3.164672,0.739987850189209,0.37197232246398926,0.17430856823921204,nan,0.041514649987220764,0.0,0.0,0.0,nan,nan
611,0.414077806000023,3.164672,0.7891523838043213,0.38291406631469727,0.09484660625457764,nan,0.04515298455953598,0.0,0.0,0.0,nan,nan
612,0.41475557299997945,3.164672,0.7783156633377075,0.4220798909664154,0.1444484144449234,nan,0.043714892119169235,0.0,0.0,0.0,nan,nan
613,0.4183041849998972,3.164672,0.7398757934570312,0.46118390560150146,0.23946011066436768,nan,0.0384327694773674,0.0,0.0,0.0,nan,nan
614,0.42297542300002533,3.164672,0.724705696105957,0.4677848219871521,0.21261967718601227,nan,0.036481790244579315,0.0,0.0,0.0,nan,nan
615,0.4264277060000268,3.164672,0.8262264728546143,0.45447206497192383,0.23402388393878937,nan,0.04578156769275665,0.0,0.0,0.0,nan,nan
616,0.4290917350000427,3.164672,0.7149345874786377,0.45807957649230957,0.2002524733543396,nan,0.034318678081035614,0.0,0.0,0.0,nan,nan
617,0.42722115699996266,3.164672,0.6945566534996033,0.4381195604801178,0.09357181936502457,nan,0.03652519732713699,0.0,1.0,0.0,nan,nan
618,0.4093232139999827,3.164672,0.6949417591094971,0.3869022727012634,0.08395694941282272,nan,0.042401235550642014,0.0,1.0,0.0,nan,nan
619,0.4136998140000969,3.164672,0.5595351457595825,0.3925870954990387,0.06828877329826355,nan,0.02875094674527645,0.0,0.0,0.0,nan,nan
620,0.4169102619999876,3.164672,0.5930415987968445,0.38091471791267395,0.1290995478630066,nan,0.03092806786298752,0.0,0.0,0.0,nan,nan
621,0.42120567500001016,3.164672,0.6459554433822632,0.3691599667072296,0.2356138974428177,nan,0.035021327435970306,0.0,0.0,0.0,nan,nan
622,0.41600641200000155,3.164672,0.7342679500579834,0.3537055253982544,0.1526268869638443,nan,0.04294496029615402,0.0,0.0,0.0,nan,nan
623,0.4207529020000038,3.164672,0.8390605449676514,0.3364901840686798,0.10071871429681778,nan,0.053225114941596985,0.0,0.0,0.0,nan,nan
624,0.4145716979999179,3.164672,0.8885678052902222,0.3310110569000244,0.13602611422538757,nan,0.05810049921274185,0.0,0.0,0.0,nan,nan
625,0.41514340300000185,3.164672,0.8844943046569824,0.34093940258026123,0.1126515194773674,nan,0.05777578800916672,0.0,0.0,0.0,nan,nan
626,0.4166239680000672,3.164672,0.909121036529541,0.367713063955307,0.11788119375705719,nan,0.05959896370768547,0.0,0.0,0.0,nan,nan
627,0.4165702530000317,3.164672,0.871656060218811,0.40104836225509644,0.13590551912784576,nan,0.05603962391614914,0.0,0.0,0.0,nan,nan
628,0.41792222399999446,3.164672,0.8147664666175842,0.4186863303184509,0.11091450601816177,nan,0.0506591796875,0.0,0.0,0.0,nan,nan
629,0.41796701399994163,3.164672,0.8047316670417786,0.4097254276275635,0.07005000859498978,nan,0.049055397510528564,0.0,0.0,0.0,nan,nan
630,0.4164411570000084,3.164672,0.7680676579475403,0.40559178590774536,0.09303244203329086,nan,0.04635249078273773,0.0,0.0,0.0,nan,nan
631,0.41467347999991944,3.164672,0.730448842048645,0.40700775384902954,0.09206783026456833,nan,0.04212960600852966,0.0,0.0,0.0,nan,nan
632,0.4139528429999473,3.164672,0.7287575602531433,0.40852731466293335,0.11517029255628586,nan,0.04085328429937363,0.0,0.0,0.0,nan,nan
633,0.4203480630000058,3.164672,0.7648442983627319,0.40522903203964233,0.10315787047147751,nan,0.043041348457336426,0.0,0.0,0.0,nan,nan
634,0.41373140500002137,3.164672,0.732257068157196,0.39021942019462585,0.0902760848402977,nan,0.03805701434612274,0.0,0.0,0.0,nan,nan
635,0.41625775699992573,3.164672,0.7014973163604736,0.3732418417930603,0.0889005959033966,nan,0.0345529243350029,0.0,0.0,0.0,nan,nan
636,0.41357368000001316,3.164672,0.6729921102523804,0.37988054752349854,0.0698159858584404,nan,0.03219859302043915,0.0,0.0,0.0,nan,nan
637,0.4128458769999952,3.164672,0.6553945541381836,0.39408349990844727,0.08475099503993988,nan,0.031820282340049744,0.0,0.0,0.0,nan,nan
638,0.413338139000075,3.164672,0.6361683011054993,0.40663230419158936,0.12797778844833374,nan,0.03140036016702652,0.0,0.0,0.0,nan,nan
639,0.41344809600002463,3.164672,0.5545825362205505,0.4239077568054199,0.24961259961128235,nan,0.022891562432050705,0.0,0.0,0.0,nan,nan
640,0.4124746859999959,3.164672,0.4475015103816986,0.46067479252815247,0.12746916711330414,nan,0.012677017599344254,0.0,0.0,0.0,nan,nan
641,0.41448896299993976,3.164672,0.40403884649276733,0.47842127084732056,0.11467940360307693,nan,0.008412041701376438,0.0,0.0,0.0,nan,nan
642,0.41600896500006,3.164672,0.39247554540634155,0.4733960032463074,0.09930640459060669,nan,0.007367460988461971,0.0,0.0,0.0,nan,nan
643,0.41414285700000164,3.164672,0.3691733479499817,0.4727497100830078,0.06311199069023132,nan,0.005642774980515242,0.0,0.0,0.0,nan,nan
644,0.41284398400000555,3.164672,0.3595338463783264,0.47761648893356323,0.08194267749786377,nan,0.004828788340091705,0.0,0.0,0.0,nan,nan
645,0.41395662399997946,3.164672,0.38395005464553833,0.48189669847488403,0.14169029891490936,nan,0.006051369942724705,0.0,0.0,0.0,nan,nan
646,0.4131055020000076,3.164672,0.41151243448257446,0.4842381477355957,0.1402033418416977,nan,0.007331691216677427,0.0,0.0,0.0,nan,nan
647,0.4137927460000128,3.164672,0.4377953112125397,0.4829733967781067,0.15921850502490997,nan,0.009840510785579681,0.0,0.0,0.0,nan,nan
648,0.41362982099997225,3.164672,0.487740159034729,0.4569758474826813,0.12181471288204193,nan,0.013805682770907879,0.0,0.0,0.0,nan,nan
649,0.41521582300003956,3.164672,0.540080189704895,0.4406989812850952,0.09985709935426712,nan,0.018175702542066574,0.0,0.0,0.0,nan,nan
650,0.41901669399999264,3.164672,0.5994429588317871,0.4247000813484192,0.07155140489339828,nan,0.02269451692700386,0.0,0.0,0.0,nan,nan
651,0.42200228699994113,3.164672,0.6701999306678772,0.41465437412261963,0.09095049649477005,nan,0.02890314720571041,0.0,0.0,0.0,nan,nan
652,0.4246226469999783,3.164672,0.7835384011268616,0.39697015285491943,0.1304815709590912,nan,0.036947306245565414,0.0,1.0,0.0,nan,nan
653,0.4120470609999529,3.164672,0.7127031087875366,0.38287463784217834,0.17454007267951965,nan,0.03677210211753845,0.0,0.0,0.0,nan,nan
654,0.4117655869999908,3.164672,0.6578349471092224,0.38740095496177673,0.1815737932920456,nan,0.03080117702484131,0.0,0.0,0.0,nan,nan
655,0.41319353699998373,3.164672,0.6443538069725037,0.40118271112442017,0.14697320759296417,nan,0.029631158336997032,0.0,0.0,0.0,nan,nan
656,0.41372351200004687,3.164672,0.662808358669281,0.4231070876121521,0.08115261048078537,nan,0.031540848314762115,0.0,0.0,0.0,nan,nan
657,0.4217319970000517,3.164672,0.7420375347137451,0.44866910576820374,0.10467370599508286,nan,0.040591947734355927,0.0,1.0,0.0,nan,nan
658,0.413785669000049,3.164672,0.8445032835006714,0.4275917708873749,0.17896270751953125,nan,0.05086858198046684,0.0,0.0,0.0,nan,nan
659,0.4127185689999351,3.164672,0.890238881111145,0.45750123262405396,0.17782264947891235,nan,0.05475040525197983,0.0,0.0,0.0,nan,nan
660,0.4138214730000982,3.164672,0.9915436506271362,0.46662580966949463,0.15016326308250427,nan,0.06370393931865692,0.0,0.0,0.0,nan,nan
661,0.41763130100002854,3.164672,1.0122854709625244,0.4728032648563385,0.12142591178417206,nan,0.06432177871465683,0.0,0.0,0.0,nan,nan
662,0.41845623999995496,3.164672,0.9127205610275269,0.42800086736679077,0.08934936672449112,nan,0.057285457849502563,0.0,1.0,0.0,nan,nan
663,0.42597569200006546,3.164672,0.891151487827301,0.4089564383029938,0.08785970509052277,nan,0.05516953393816948,0.0,0.0,0.0,nan,nan
664,0.42473757499999465,3.164672,0.8805554509162903,0.41451334953308105,0.15966996550559998,nan,0.05282887816429138,0.0,0.0,0.0,nan,nan
665,0.4232999670000481,3.164672,0.7820186018943787,0.4440438449382782,0.09598502516746521,nan,0.04233049601316452,0.0,0.0,0.0,nan,nan
666,0.41955313999994814,3.164672,0.8009804487228394,0.41373589634895325,0.10006169974803925,nan,0.04344810172915459,0.0,1.0,0.0,nan,nan
667,0.4225750780000226,3.164672,0.7860722541809082,0.3907443881034851,0.1297626942396164,nan,0.040774013847112656,0.0,0.0,0.0,nan,nan
668,0.4189196920000313,3.164672,0.806941568851471,0.3774046301841736,0.05681934952735901,nan,0.04951399564743042,0.0,2.0,0.0,nan,nan
669,0.4188505609999993,3.164672,0.7474943995475769,0.3458353281021118,0.1138463020324707,nan,0.05041255056858063,0.0,1.0,0.0,nan,nan
670,0.4130136080000284,3.164672,0.5066581964492798,0.3749973773956299,0.19457778334617615,nan,0.02741798758506775,0.0,0.0,0.0,nan,nan
671,0.4127550309999606,3.164672,0.44923269748687744,0.38834506273269653,0.16675135493278503,nan,0.01999497413635254,0.0,0.0,0.0,nan,nan
672,0.41192132999992737,3.164672,0.522763192653656,0.384726881980896,0.16202032566070557,nan,0.02449841797351837,0.0,0.0,0.0,nan,nan
673,0.4124401139999918,3.164672,0.637109100818634,0.38422131538391113,0.09908776730298996,nan,0.03391183540225029,0.0,0.0,0.0,nan,nan
674,0.41212044499991407,3.164672,0.6817441582679749,0.38564372062683105,0.0795055702328682,nan,0.03794720768928528,0.0,0.0,0.0,nan,nan
675,0.41362574000004315,3.164672,0.6323838233947754,0.3861044943332672,0.11160273104906082,nan,0.034177135676145554,0.0,0.0,0.0,nan,nan
676,0.41344070400009514,3.164672,0.5299010276794434,0.40953728556632996,0.14957763254642487,nan,0.02356529049575329,0.0,0.0,0.0,nan,nan
677,0.4156419910000295,3.164672,0.48701155185699463,0.4374696910381317,0.16074387729167938,nan,0.019131332635879517,0.0,0.0,0.0,nan,nan
678,0.41751548500008084,3.164672,0.5633804202079773,0.43719297647476196,0.10865715146064758,nan,0.02588779851794243,0.0,0.0,0.0,nan,nan
679,0.42085284400002365,3.164672,0.7944132089614868,0.3982802629470825,0.09389292448759079,nan,0.04743589088320732,0.0,0.0,0.0,nan,nan
680,0.426488618999997,3.164672,0.7485817074775696,0.39023667573928833,0.08063700050115585,nan,0.042573340237140656,0.0,0.0,0.0,nan,nan
681,0.4273355300000503,3.164672,0.8984044790267944,0.35168132185935974,0.09825251251459122,nan,0.05707642436027527,0.0,0.0,0.0,nan,nan
682,0.43033485399996607,3.164672,0.7709090709686279,0.38047629594802856,0.0758131742477417,nan,0.040463197976350784,0.0,2.0,0.0,nan,nan
683,0.4159975320000058,3.164672,0.5437566041946411,0.42380762100219727,0.10110916942358017,nan,0.027706965804100037,0.0,0.0,0.0,nan,nan
684,0.4158022210000354,3.164672,0.42953458428382874,0.46448004245758057,0.09388667345046997,nan,0.017023712396621704,0.0,0.0,0.0,nan,nan
685,0.4172140790000185,3.164672,0.49691757559776306,0.4452285170555115,0.09945105761289597,nan,0.023672133684158325,0.0,1.0,0.0,nan,nan
686,0.41341707200001565,3.164672,0.5760160684585571,0.4101286232471466,0.1356278359889984,nan,0.031950876116752625,0.0,0.0,0.0,nan,nan
687,0.41576310900006774,3.164672,0.4863605201244354,0.4307146668434143,0.11010471731424332,nan,0.022425655275583267,0.0,0.0,0.0,nan,nan
688,0.41322011400006886,3.164672,0.49001675844192505,0.43882209062576294,0.09350159764289856,nan,0.021583080291748047,0.0,0.0,0.0,nan,nan
689,0.4193316189999905,3.164672,0.5903063416481018,0.4091448187828064,0.15415237843990326,nan,0.028727224096655846,0.0,0.0,0.0,nan,nan
690,0.42349729800002933,3.164672,0.6720095872879028,0.39477285742759705,0.12934304773807526,nan,0.03568315505981445,0.0,0.0,0.0,nan,nan
691,0.4235730750000357,3.164672,0.5695573091506958,0.41371700167655945,0.08745712041854858,nan,0.02494972012937069,0.0,0.0,0.0,nan,nan
692,0.4174708699999883,3.164672,0.6104090213775635,0.3977939486503601,0.12356521189212799,nan,0.03082873485982418,0.0,1.0,0.0,nan,nan
693,0.41405911399999695,3.164672,0.5857020020484924,0.38763704895973206,0.1186276525259018,nan,0.02939946949481964,0.0,0.0,0.0,nan,nan
694,0.4143961569999419,3.164672,0.6007827520370483,0.3811180889606476,0.11785754561424255,nan,0.030604001134634018,0.0,0.0,0.0,nan,nan
695,0.41480163599999287,3.164672,0.6023944616317749,0.3799649178981781,0.06930439174175262,nan,0.030278325080871582,0.0,0.0,0.0,nan,nan
696,0.4146432329999925,3.164672,0.5623586773872375,0.40365898609161377,0.06796551495790482,nan,0.025297081097960472,0.0,0.0,0.0,nan,nan
697,0.4142090039999857,3.164672,0.5179538726806641,0.41801679134368896,0.08855404704809189,nan,0.020518986508250237,0.0,0.0,0.0,nan,nan
698,0.4142992189999859,3.164672,0.5038158297538757,0.4214332699775696,0.07033733278512955,nan,0.01711558923125267,0.0,0.0,0.0,nan,nan
699,0.414679021999973,3.164672,0.5503150224685669,0.42408275604248047,0.04609736427664757,nan,0.020037628710269928,0.0,0.0,0.0,nan,nan
700,0.42232676000003266,3.164672,0.6320527195930481,0.4324313998222351,0.06343050301074982,nan,0.02758070081472397,0.0,0.0,0.0,nan,nan
701,0.42239389600001687,3.164672,0.747399628162384,0.43331778049468994,0.12191852927207947,nan,0.03760334104299545,0.0,0.0,0.0,nan,nan
702,0.4255075940000097,3.164672,1.0445761680603027,0.36575132608413696,0.1092197373509407,nan,0.06945159286260605,0.0,1.0,0.0,nan,nan
703,0.42257367800004886,3.164672,0.6880404353141785,0.39313071966171265,0.12891928851604462,nan,0.034602779895067215,0.0,0.0,0.0,nan,nan
704,0.420829647000005,3.164672,0.5650765895843506,0.4079558849334717,0.07276920229196548,nan,0.021416112780570984,0.0,0.0,0.0,nan,nan
705,0.4218611810000539,3.164672,0.7455652952194214,0.41197100281715393,0.14365193247795105,nan,0.038140635937452316,0.0,0.0,0.0,nan,nan
706,0.41435996999996405,3.164672,0.6805881857872009,0.42206066846847534,0.15571284294128418,nan,0.0356249138712883,0.0,1.0,0.0,nan,nan
707,0.4135533339999711,3.164672,0.5218019485473633,0.4290841221809387,0.09317523241043091,nan,0.023097148165106773,0.0,0.0,0.0,nan,nan
708,0.41437757100004546,3.164672,0.4585825800895691,0.43863293528556824,0.08874280005693436,nan,0.016716938465833664,0.0,0.0,0.0,nan,nan
709,0.41394381200007047,3.164672,0.5245349407196045,0.433210551738739,0.06337614357471466,nan,0.021725906059145927,0.0,0.0,0.0,nan,nan
710,0.41299234600001,3.164672,0.5944904088973999,0.41859012842178345,0.12007925659418106,nan,0.028278622776269913,0.0,0.0,0.0,nan,nan
711,0.4358849029999874,3.164672,0.628600537776947,0.41576623916625977,0.08070594072341919,nan,0.03004089556634426,0.0,0.0,0.0,nan,nan
712,0.43019513900003403,3.164672,0.6264370083808899,0.42337149381637573,0.07777774333953857,nan,0.029165439307689667,0.0,0.0,0.0,nan,nan
713,0.4321316130000241,3.164672,0.5987145900726318,0.42516955733299255,0.07311154901981354,nan,0.02700561285018921,0.0,0.0,0.0,nan,nan
714,0.42870066299997234,3.164672,0.6081234216690063,0.42181047797203064,0.09186116605997086,nan,0.02674044668674469,0.0,0.0,0.0,nan,nan
715,0.4225512929999695,3.164672,0.7376075387001038,0.39743173122406006,0.12484791874885559,nan,0.03760341554880142,0.0,0.0,0.0,nan,nan
716,0.42954958200004967,3.164672,0.8099920749664307,0.3970213532447815,0.14700771868228912,nan,0.04419512301683426,0.0,0.0,0.0,nan,nan
717,0.42710994799995206,3.164672,0.7795987129211426,0.4070412516593933,0.08940709382295609,nan,0.03976358473300934,0.0,0.0,0.0,nan,nan
718,0.42307439299997895,3.164672,0.6989296674728394,0.40390321612358093,0.06728965044021606,nan,0.03462865576148033,0.0,1.0,0.0,nan,nan
719,0.42233875600004467,3.164672,0.6103506684303284,0.41678792238235474,0.04851078242063522,nan,0.027618680149316788,0.0,0.0,0.0,nan,nan
720,0.4238622480000913,3.164672,0.6155798435211182,0.43269699811935425,0.08730316162109375,nan,0.027631331235170364,0.0,0.0,0.0,nan,nan
721,0.4299511120000261,3.164672,0.7599280476570129,0.4290759563446045,0.11086404323577881,nan,0.04004967212677002,0.0,0.0,0.0,nan,nan
722,0.42700801400008004,3.164672,0.6742259860038757,0.44619545340538025,0.09614850580692291,nan,0.03444724902510643,0.0,1.0,0.0,nan,nan
723,0.42885236500001156,3.164672,0.6114780306816101,0.43699103593826294,0.07626136392354965,nan,0.03493698686361313,0.0,1.0,0.0,nan,nan
724,0.42751819800002977,3.164672,0.5206348299980164,0.45343294739723206,0.12134747207164764,nan,0.025418929755687714,0.0,0.0,0.0,nan,nan
725,0.42953447500008224,3.164672,0.5427601337432861,0.47129637002944946,0.09713329374790192,nan,0.026555102318525314,0.0,0.0,0.0,nan,nan
726,0.42304466500002036,3.164672,0.603836715221405,0.47072452306747437,0.10178271681070328,nan,0.034806765615940094,0.0,1.0,0.0,nan,nan
727,0.42774171299993213,3.164672,0.6489676237106323,0.4355095624923706,0.07426004111766815,nan,0.03932103514671326,0.0,0.0,0.0,nan,nan
728,0.42759805099990444,3.164672,0.5849873423576355,0.42340829968452454,0.06572485715150833,nan,0.03393474966287613,0.0,1.0,0.0,nan,nan
729,0.42221605200006707,3.164672,0.477054238319397,0.42283016443252563,0.06468749046325684,nan,0.0327603816986084,0.0,1.0,0.0,nan,nan
730,0.41344060100004754,3.164672,0.2407878339290619,0.46396374702453613,0.07959751039743423,nan,0.01258876733481884,0.0,0.0,0.0,nan,nan
731,0.4148636950000082,3.164672,0.21247966587543488,0.47000348567962646,0.11847662925720215,nan,0.008839982561767101,0.0,0.0,0.0,nan,nan
732,0.4150282040000093,3.164672,0.19781455397605896,0.4732574224472046,0.1112077608704567,nan,0.00682928878813982,0.0,0.0,0.0,nan,nan
733,0.4169205050000073,3.164672,0.16806155443191528,0.47740399837493896,0.05450686439871788,nan,0.005331439431756735,0.0,0.0,0.0,nan,nan
734,0.41697341300005064,3.164672,0.16183310747146606,0.48378539085388184,0.04723983258008957,nan,0.00438071321696043,0.0,0.0,0.0,nan,nan
735,0.4138488859999825,3.164672,0.17245011031627655,0.4917030930519104,0.09598109871149063,nan,0.004657707642763853,0.0,0.0,0.0,nan,nan
736,0.41306024899995464,3.164672,0.17778129875659943,0.4940403401851654,0.12689277529716492,nan,0.005803623702377081,0.0,0.0,0.0,nan,nan
737,0.4140704610000512,3.164672,0.1858285516500473,0.4737337529659271,0.11502435803413391,nan,0.005820955615490675,0.0,0.0,0.0,nan,nan
738,0.41412032499999896,3.164672,0.20802152156829834,0.46172410249710083,0.10290210694074631,nan,0.006902656517922878,0.0,0.0,0.0,nan,nan
739,0.4126652260000583,3.164672,0.2340068221092224,0.4575362801551819,0.11535140126943588,nan,0.010247336700558662,0.0,0.0,0.0,nan,nan
740,0.41395365500000025,3.164672,0.2719617187976837,0.4439781904220581,0.08636732399463654,nan,0.01413368433713913,0.0,0.0,0.0,nan,nan
741,0.4148844519999102,3.164672,0.2990085482597351,0.4346942901611328,0.14116747677326202,nan,0.01603720337152481,0.0,0.0,0.0,nan,nan
742,0.42413343199996234,3.164672,0.2769722640514374,0.4451165795326233,0.09515514224767685,nan,0.013381421566009521,0.0,0.0,0.0,nan,nan
743,0.4150473699999111,3.164672,0.2602599263191223,0.4476165175437927,0.06206662952899933,nan,0.01221301406621933,0.0,0.0,0.0,nan,nan
744,0.4154994919999808,3.164672,0.24905583262443542,0.4526030421257019,0.0946253091096878,nan,0.010083097033202648,0.0,0.0,0.0,nan,nan
745,0.41570120900007623,3.164672,0.23156985640525818,0.4611504077911377,0.10199829936027527,nan,0.008530732244253159,0.0,0.0,0.0,nan,nan
746,0.413405068999964,3.164672,0.22684770822525024,0.46770399808883667,0.05460316687822342,nan,0.009188918396830559,0.0,0.0,0.0,nan,nan
747,0.41411131899997145,3.164672,0.23512627184391022,0.4649463891983032,0.05882522091269493,nan,0.009607789106667042,0.0,0.0,0.0,nan,nan
748,0.4137437020000334,3.164672,0.24957239627838135,0.464934766292572,0.06196184456348419,nan,0.009909084066748619,0.0,0.0,0.0,nan,nan
749,0.4135740120000264,3.164672,0.26092109084129333,0.4636717140674591,0.0644436851143837,nan,0.01155516505241394,0.0,0.0,0.0,nan,nan
750,0.41554567599996517,3.164672,0.3037334680557251,0.46278616786003113,0.12014929950237274,nan,0.014305511489510536,0.0,0.0,0.0,nan,nan
751,0.4153274950000423,3.164672,0.337513267993927,0.4665824770927429,0.15688492357730865,nan,0.016091933473944664,0.0,0.0,0.0,nan,nan
752,0.41788903799999844,3.164672,0.3217104971408844,0.47187405824661255,0.14052186906337738,nan,0.014871004037559032,0.0,0.0,0.0,nan,nan
753,0.4165591219999669,3.164672,0.2855965793132782,0.459533154964447,0.08027321100234985,nan,0.011537237092852592,0.0,0.0,0.0,nan,nan
754,0.41464619099997435,3.164672,0.30052295327186584,0.44659924507141113,0.05752015858888626,nan,0.012263277545571327,0.0,0.0,0.0,nan,nan
755,0.41323777299999165,3.164672,0.3347187638282776,0.43789225816726685,0.09799067676067352,nan,0.015494080260396004,0.0,0.0,0.0,nan,nan
756,0.4161183410000149,3.164672,0.34601110219955444,0.42609912157058716,0.12313992530107498,nan,0.017405834048986435,0.0,0.0,0.0,nan,nan
757,0.4140546580000546,3.164672,0.35170891880989075,0.42053237557411194,0.1191340833902359,nan,0.016597121953964233,0.0,0.0,0.0,nan,nan
758,0.4146587660000023,3.164672,0.29653725028038025,0.435219943523407,0.15717878937721252,nan,0.011404907330870628,0.0,0.0,0.0,nan,nan
759,0.4148618259999921,3.164672,0.22774605453014374,0.4653626084327698,0.06823980808258057,nan,0.0065431441180408,0.0,0.0,0.0,nan,nan
760,0.4141760530000056,3.164672,0.217432901263237,0.4834717810153961,0.047576259821653366,nan,0.005246363114565611,0.0,0.0,0.0,nan,nan
761,0.41343645599999945,3.164672,0.24389603734016418,0.5015965700149536,0.061874911189079285,nan,0.007846692577004433,0.0,0.0,0.0,nan,nan
762,0.412995130000013,3.164672,0.28346386551856995,0.5163282752037048,0.06586729735136032,nan,0.01207038015127182,0.0,0.0,0.0,nan,nan
763,0.41875398199999836,3.164672,0.2923119366168976,0.5129721760749817,0.08376608788967133,nan,0.011546982452273369,0.0,0.0,0.0,nan,nan
764,0.42125234800005273,3.164672,0.45727211236953735,0.45606181025505066,0.0878722071647644,nan,0.025244196876883507,0.0,0.0,0.0,nan,nan
765,0.4152616310000212,3.164672,0.5313044786453247,0.4313158690929413,0.1091226264834404,nan,0.03210970014333725,0.0,0.0,0.0,nan,nan
766,0.4128305009999167,3.164672,0.39679887890815735,0.4260944724082947,0.08424092084169388,nan,0.02451232820749283,0.0,1.0,0.0,nan,nan
767,0.4161407730000519,3.164672,0.36038661003112793,0.4231593608856201,0.12769557535648346,nan,0.020200423896312714,0.0,0.0,0.0,nan,nan
768,0.413698355000065,3.164672,0.37692293524742126,0.42647585272789,0.12030845135450363,nan,0.021694865077733994,0.0,0.0,0.0,nan,nan
769,0.4158585300000368,3.164672,0.3505054712295532,0.4312689006328583,0.09105285257101059,nan,0.01935771107673645,0.0,0.0,0.0,nan,nan
770,0.4133595040000273,3.164672,0.30396831035614014,0.4331399202346802,0.07590057700872421,nan,0.013108241371810436,0.0,0.0,0.0,nan,nan
771,0.4131598679999797,3.164672,0.2725986838340759,0.4467737674713135,0.06926672160625458,nan,0.009490352123975754,0.0,0.0,0.0,nan,nan
772,0.41689708299998074,3.164672,0.21868714690208435,0.48203879594802856,0.0762028843164444,nan,0.006053395569324493,0.0,0.0,0.0,nan,nan
773,0.4133503989999099,3.164672,0.21120776236057281,0.49034014344215393,0.0785655677318573,nan,0.0048295678570866585,0.0,0.0,0.0,nan,nan
774,0.4136682229999451,3.164672,0.1977558135986328,0.4860546886920929,0.08789484202861786,nan,0.0034115470480173826,0.0,0.0,0.0,nan,nan
775,0.41345542499993826,3.164672,0.18973731994628906,0.4948539435863495,0.07988863438367844,nan,0.0034400566946715117,0.0,0.0,0.0,nan,nan
776,0.414295366000033,3.164672,0.20597735047340393,0.4991838037967682,0.09205619990825653,nan,0.004289500415325165,0.0,0.0,0.0,nan,nan
777,0.4136570179999808,3.164672,0.2343408763408661,0.48123154044151306,0.09252560138702393,nan,0.005448190029710531,0.0,0.0,0.0,nan,nan
778,0.41342570499989506,3.164672,0.25783708691596985,0.4708617925643921,0.09285818785429001,nan,0.006700822617858648,0.0,0.0,0.0,nan,nan
779,0.41356495299999096,3.164672,0.29117321968078613,0.4536893367767334,0.06911198794841766,nan,0.009176854975521564,0.0,0.0,0.0,nan,nan
780,0.4143021919999228,3.164672,0.32861965894699097,0.4445706605911255,0.1086125299334526,nan,0.011483801528811455,0.0,0.0,0.0,nan,nan
781,0.41362464400003773,3.164672,0.33152973651885986,0.4509294629096985,0.10787715762853622,nan,0.01132906973361969,0.0,0.0,0.0,nan,nan
782,0.41330480700003136,3.164672,0.34565097093582153,0.4553584158420563,0.146498441696167,nan,0.012985222041606903,0.0,0.0,0.0,nan,nan
783,0.4193198670000129,3.164672,0.3964073956012726,0.4554683566093445,0.1092366874217987,nan,0.015782689675688744,0.0,0.0,0.0,nan,nan
784,0.42049057200006246,3.164672,0.4263131022453308,0.46024584770202637,0.07197947800159454,nan,0.017408359795808792,0.0,0.0,0.0,nan,nan
785,0.4208770039999763,3.164672,0.46032270789146423,0.4620165228843689,0.11247774213552475,nan,0.021342813968658447,0.0,0.0,0.0,nan,nan
786,0.4231819760000235,3.164672,0.47828471660614014,0.4719296991825104,0.08672460913658142,nan,0.022788386791944504,0.0,0.0,0.0,nan,nan
787,0.42187665300002664,3.164672,0.6709149479866028,0.4285174310207367,0.10992075502872467,nan,0.041734859347343445,0.0,0.0,0.0,nan,nan
788,0.4258183749999489,3.164672,0.5582453608512878,0.43901193141937256,0.10757913440465927,nan,0.031512193381786346,0.0,0.0,0.0,nan,nan
789,0.41940462599995953,3.164672,0.43954744935035706,0.4307584762573242,0.11009805649518967,nan,0.022493083029985428,0.0,1.0,0.0,nan,nan
790,0.41533171600008245,3.164672,0.35154661536216736,0.4240165650844574,0.21959924697875977,nan,0.014840615913271904,0.0,0.0,0.0,nan,nan
791,0.41678027499995096,3.164672,0.3275143802165985,0.4366685152053833,0.17628425359725952,nan,0.012035099789500237,0.0,0.0,0.0,nan,nan
792,0.41700003500000093,3.164672,0.31182754039764404,0.4498063921928406,0.14448405802249908,nan,0.00985582172870636,0.0,0.0,0.0,nan,nan
793,0.41696416299998873,3.164672,0.30973148345947266,0.4700027108192444,0.12436322122812271,nan,0.008480795659124851,0.0,0.0,0.0,nan,nan
794,0.422041300999922,3.164672,0.30275601148605347,0.5054494738578796,0.11917185038328171,nan,0.007375465240329504,0.0,0.0,0.0,nan,nan
795,0.42388045199993485,3.164672,0.44770312309265137,0.5025135278701782,0.1565755158662796,nan,0.017075104638934135,0.0,1.0,0.0,nan,nan
796,0.4201079580000169,3.164672,0.3933669924736023,0.4813174307346344,0.11611286550760269,nan,0.017137549817562103,0.0,0.0,0.0,nan,nan
797,0.42054630999996334,3.164672,0.3467256426811218,0.48344719409942627,0.07749545574188232,nan,0.012419926933944225,0.0,0.0,0.0,nan,nan
798,0.4239325830000098,3.164672,0.391380250453949,0.47861337661743164,0.10681915283203125,nan,0.017779767513275146,0.0,0.0,0.0,nan,nan
799,0.42394528199997694,3.164672,0.6154768466949463,0.43518608808517456,0.08195026218891144,nan,0.03882121294736862,0.0,0.0,0.0,nan,nan
800,0.4227017399999795,3.164672,0.6363775134086609,0.44508498907089233,0.11224643141031265,nan,0.04024557024240494,0.0,0.0,0.0,nan,nan
801,0.4249327050000602,3.164672,0.5421127080917358,0.45908647775650024,0.0927405133843422,nan,0.030688080936670303,0.0,0.0,0.0,nan,nan
802,0.4250120890000062,3.164672,0.4510142207145691,0.4390864074230194,0.10211566090583801,nan,0.023373929783701897,0.0,0.0,0.0,nan,nan
803,0.4084932859999526,3.164672,0.37952080368995667,0.42841434478759766,0.06188184395432472,nan,0.020945800468325615,0.0,1.0,0.0,nan,nan
804,0.4132620909999787,3.164672,0.30847135186195374,0.4472625255584717,0.06738188117742538,nan,0.015615749172866344,0.0,0.0,0.0,nan,nan
805,0.412735065999982,3.164672,0.30544888973236084,0.451037734746933,0.06870884448289871,nan,0.015541686676442623,0.0,0.0,0.0,nan,nan
806,0.41318456600004083,3.164672,0.30177995562553406,0.435160368680954,0.12249329686164856,nan,0.014114780351519585,0.0,0.0,0.0,nan,nan
807,0.41477918900000077,3.164672,0.28010621666908264,0.4422471523284912,0.06408965587615967,nan,0.011472322046756744,0.0,0.0,0.0,nan,nan
808,0.41502439099997446,3.164672,0.28219443559646606,0.4403153359889984,0.07238426804542542,nan,0.011878776364028454,0.0,0.0,0.0,nan,nan
809,0.4146900299999743,3.164672,0.30392593145370483,0.4382280111312866,0.05712796002626419,nan,0.012706248089671135,0.0,0.0,0.0,nan,nan
810,0.4137174610000329,3.164672,0.2866935431957245,0.44595152139663696,0.06043960154056549,nan,0.011275967583060265,0.0,0.0,0.0,nan,nan
811,0.41458046299999296,3.164672,0.27405327558517456,0.4341563880443573,0.06255506724119186,nan,0.011134371161460876,0.0,0.0,0.0,nan,nan
812,0.4178708330000518,3.164672,0.2937147915363312,0.4364367425441742,0.08379366248846054,nan,0.011327131651341915,0.0,0.0,0.0,nan,nan
813,0.41341649100002087,3.164672,0.3194223642349243,0.43855929374694824,0.07117243111133575,nan,0.01313847117125988,0.0,0.0,0.0,nan,nan
814,0.412430142000062,3.164672,0.36193758249282837,0.43415582180023193,0.07500637322664261,nan,0.017323113977909088,0.0,0.0,0.0,nan,nan
815,0.4160377300000846,3.164672,0.37979909777641296,0.41941550374031067,0.04916908219456673,nan,0.01877579838037491,0.0,0.0,0.0,nan,nan
816,0.41625757899998916,3.164672,0.3221571147441864,0.43553459644317627,0.08755074441432953,nan,0.012243703007698059,0.0,0.0,0.0,nan,nan
817,0.41444285299996864,3.164672,0.3142727017402649,0.4551534652709961,0.09469205141067505,nan,0.013522269204258919,0.0,0.0,0.0,nan,nan
818,0.41460811199999625,3.164672,0.2842126786708832,0.4718990921974182,0.04724159836769104,nan,0.0109179075807333,0.0,0.0,0.0,nan,nan
819,0.41544349800005875,3.164672,0.24272239208221436,0.47967126965522766,0.11257434636354446,nan,0.006460682488977909,0.0,0.0,0.0,nan,nan
820,0.4220750900000212,3.164672,0.21188561618328094,0.48154792189598083,0.0830133855342865,nan,0.003089636331424117,0.0,0.0,0.0,nan,nan
821,0.41472787200007133,3.164672,0.2170145958662033,0.4812445640563965,0.043075304478406906,nan,0.003717726096510887,0.0,0.0,0.0,nan,nan
822,0.41597799700002724,3.164672,0.22448405623435974,0.47127285599708557,0.06372104585170746,nan,0.0038148369640111923,0.0,0.0,0.0,nan,nan
823,0.41460477399994033,3.164672,0.23251521587371826,0.46992751955986023,0.043482545763254166,nan,0.004637118428945541,0.0,0.0,0.0,nan,nan
824,0.41353279399993426,3.164672,0.24024119973182678,0.47027164697647095,0.0428350493311882,nan,0.006538026034832001,0.0,0.0,0.0,nan,nan
825,0.41511487200000374,3.164672,0.23383137583732605,0.48101961612701416,0.05995903164148331,nan,0.004659919999539852,0.0,0.0,0.0,nan,nan
826,0.4134395639999866,3.164672,0.21540161967277527,0.4868468940258026,0.058627378195524216,nan,0.0022574379108846188,0.0,0.0,0.0,nan,nan
827,0.4143921439999758,3.164672,0.21913090348243713,0.49631467461586,0.08626037836074829,nan,0.0026127169840037823,0.0,0.0,0.0,nan,nan
828,0.4144365849999758,3.164672,0.2153032124042511,0.49528613686561584,0.14683128893375397,nan,0.0026490360032767057,0.0,0.0,0.0,nan,nan
829,0.4126447600000347,3.164672,0.23015087842941284,0.4785981774330139,0.07324623316526413,nan,0.0034520216286182404,0.0,0.0,0.0,nan,nan
830,0.41506585900003756,3.164672,0.2426137924194336,0.4736909866333008,0.08698619902133942,nan,0.005282527767121792,0.0,0.0,0.0,nan,nan
831,0.415405738000004,3.164672,0.22492174804210663,0.4743874669075012,0.08635032176971436,nan,0.0036613193806260824,0.0,0.0,0.0,nan,nan
832,0.41577629400001115,3.164672,0.2388891875743866,0.46331357955932617,0.10847922414541245,nan,0.0042897434905171394,0.0,0.0,0.0,nan,nan
833,0.41543715299997075,3.164672,0.2603917717933655,0.4639197885990143,0.07610088586807251,nan,0.005711701698601246,0.0,0.0,0.0,nan,nan
834,0.41536865300008685,3.164672,0.2696169316768646,0.4789177179336548,0.08249585330486298,nan,0.007110524922609329,0.0,0.0,0.0,nan,nan
835,0.41570630899991556,3.164672,0.2641424834728241,0.47967931628227234,0.07161872833967209,nan,0.006138796918094158,0.0,0.0,0.0,nan,nan
836,0.4151411899999857,3.164672,0.25066083669662476,0.47478049993515015,0.05990861728787422,nan,0.005047992803156376,0.0,0.0,0.0,nan,nan
837,0.41551263600001676,3.164672,0.22389593720436096,0.4859423041343689,0.05943474918603897,nan,0.003184892935678363,0.0,0.0,0.0,nan,nan
838,0.4151450059999888,3.164672,0.21621093153953552,0.4939419627189636,0.09933673590421677,nan,0.00199725735001266,0.0,0.0,0.0,nan,nan
839,0.4139492589999918,3.164672,0.23247870802879333,0.49158626794815063,0.08749014139175415,nan,0.0028495672158896923,0.0,0.0,0.0,nan,nan
840,0.413960477000046,3.164672,0.2466123104095459,0.49740803241729736,0.0888546034693718,nan,0.004209741950035095,0.0,0.0,0.0,nan,nan
841,0.41620900500004154,3.164672,0.2451489269733429,0.49952390789985657,0.08351337909698486,nan,0.004234606400132179,0.0,0.0,0.0,nan,nan
842,0.423829152000053,3.164672,0.2566801905632019,0.5032879114151001,0.07122926414012909,nan,0.004261746071279049,0.0,0.0,0.0,nan,nan
843,0.4225814410000339,3.164672,0.42510244250297546,0.463255375623703,0.1017322987318039,nan,0.021183371543884277,0.0,0.0,0.0,nan,nan
844,0.42163555400009045,3.164672,0.4116484522819519,0.46299508213996887,0.0995682030916214,nan,0.01962374895811081,0.0,0.0,0.0,nan,nan
845,0.4230399820000912,3.164672,0.40922820568084717,0.4619569778442383,0.08739454299211502,nan,0.018360288813710213,0.0,0.0,0.0,nan,nan
846,0.4090408289999914,3.164672,0.3850579857826233,0.448039174079895,0.05217605456709862,nan,0.018847031518816948,0.0,1.0,0.0,nan,nan
847,0.41469736499993815,3.164672,0.25510767102241516,0.45593908429145813,0.07599062472581863,nan,0.007546907290816307,0.0,0.0,0.0,nan,nan
848,0.422324083000035,3.164672,0.24941864609718323,0.45605605840682983,0.06905826926231384,nan,0.0060423980467021465,0.0,0.0,0.0,nan,nan
849,0.4148630029999367,3.164672,0.24817641079425812,0.4642581343650818,0.08248582482337952,nan,0.005401918198913336,0.0,0.0,0.0,nan,nan
850,0.41580868400001236,3.164672,0.24693641066551208,0.47829368710517883,0.0787310004234314,nan,0.006027682684361935,0.0,0.0,0.0,nan,nan
851,0.4164632230000507,3.164672,0.28835219144821167,0.46896499395370483,0.05247936025261879,nan,0.009364685043692589,0.0,0.0,0.0,nan,nan
852,0.41573192599992126,3.164672,0.3313037157058716,0.4604811668395996,0.06428731232881546,nan,0.012931739911437035,0.0,0.0,0.0,nan,nan
853,0.413618319999955,3.164672,0.3331431746482849,0.45228835940361023,0.057422831654548645,nan,0.013056321069598198,0.0,0.0,0.0,nan,nan
854,0.41317209599992566,3.164672,0.3702391982078552,0.43926239013671875,0.042089737951755524,nan,0.016505857929587364,0.0,0.0,0.0,nan,nan
855,0.4183430179999732,3.164672,0.4161618947982788,0.4297434091567993,0.07230284065008163,nan,0.020288996398448944,0.0,0.0,0.0,nan,nan
856,0.4256935619999922,3.164672,0.38649752736091614,0.42982685565948486,0.051872823387384415,nan,0.018946081399917603,0.0,0.0,0.0,nan,nan
857,0.4294693680000137,3.164672,0.30297717452049255,0.4319133758544922,0.05556514114141464,nan,0.011350058019161224,0.0,0.0,0.0,nan,nan
858,0.4264838750000308,3.164672,0.295378178358078,0.44713473320007324,0.07444015890359879,nan,0.010114986449480057,0.0,0.0,0.0,nan,nan
859,0.42201505799994266,3.164672,0.2947132885456085,0.4638937711715698,0.08387403190135956,nan,0.01038794219493866,0.0,0.0,0.0,nan,nan
860,0.4339154959999405,3.164672,0.30803003907203674,0.4568372964859009,0.08350073546171188,nan,0.013032118789851665,0.0,0.0,0.0,nan,nan
861,0.42160409999996773,3.164672,0.31066060066223145,0.44891542196273804,0.0782337486743927,nan,0.012077746912837029,0.0,0.0,0.0,nan,nan
862,0.42201173400007974,3.164672,0.3118888735771179,0.4401206970214844,0.0585205964744091,nan,0.011332213878631592,0.0,0.0,0.0,nan,nan
863,0.4196647500000381,3.164672,0.34996330738067627,0.4472276568412781,0.12397755682468414,nan,0.015742525458335876,0.0,0.0,0.0,nan,nan
864,0.4212743180000871,3.164672,0.3552897274494171,0.4511093497276306,0.0578690767288208,nan,0.01553681492805481,0.0,0.0,0.0,nan,nan
865,0.423623449000047,3.164672,0.37149935960769653,0.4344159960746765,0.07036849111318588,nan,0.016263632103800774,0.0,0.0,0.0,nan,nan
866,0.4259941359999857,3.164672,0.3881097733974457,0.42516010999679565,0.11597985029220581,nan,0.017474085092544556,0.0,0.0,0.0,nan,nan
867,0.4257673289999957,3.164672,0.41633889079093933,0.4052151143550873,0.07535136491060257,nan,0.02015971764922142,0.0,0.0,0.0,nan,nan
868,0.4208972989999893,3.164672,0.501107931137085,0.3868143558502197,0.08879044651985168,nan,0.026825619861483574,0.0,0.0,0.0,nan,nan
869,0.42462826600001335,3.164672,0.5427309274673462,0.37166306376457214,0.13133445382118225,nan,0.0316072478890419,0.0,0.0,0.0,nan,nan
870,0.41831645799993566,3.164672,0.5401428937911987,0.37021124362945557,0.10500410944223404,nan,0.03211852163076401,0.0,0.0,0.0,nan,nan
871,0.42085229999997864,3.164672,0.4679943025112152,0.401608407497406,0.09210558235645294,nan,0.024234116077423096,0.0,0.0,0.0,nan,nan
872,0.41922580299990386,3.164672,0.37723052501678467,0.438792884349823,0.06992106884717941,nan,0.015609616413712502,0.0,0.0,0.0,nan,nan
873,0.4170841229999951,3.164672,0.36483946442604065,0.45824724435806274,0.08145962655544281,nan,0.016124894842505455,0.0,0.0,0.0,nan,nan
874,0.41881008100006056,3.164672,0.32203999161720276,0.46138402819633484,0.0762556865811348,nan,0.01154584065079689,0.0,0.0,0.0,nan,nan
875,0.4186127550000265,3.164672,0.2402643859386444,0.48879361152648926,0.059280816465616226,nan,0.004083061590790749,0.0,0.0,0.0,nan,nan
876,0.4170130139999628,3.164672,0.21920450031757355,0.5006691217422485,0.06314326822757721,nan,0.0030740227084606886,0.0,0.0,0.0,nan,nan
877,0.41545509100001254,3.164672,0.260251522064209,0.4884353280067444,0.09463439136743546,nan,0.006072047166526318,0.0,0.0,0.0,nan,nan
878,0.4209777030000623,3.164672,0.3051675260066986,0.46540361642837524,0.10106750577688217,nan,0.008860135450959206,0.0,0.0,0.0,nan,nan
879,0.4268239269999867,3.164672,0.32371771335601807,0.4542980194091797,0.08484731614589691,nan,0.010476547293365002,0.0,0.0,0.0,nan,nan
880,0.43487062400004106,3.164672,0.3710401654243469,0.4354360103607178,0.08051978796720505,nan,0.014574321918189526,0.0,0.0,0.0,nan,nan
881,0.413117773999943,3.164672,0.4213600754737854,0.4248720109462738,0.11164949089288712,nan,0.018125515431165695,0.0,0.0,0.0,nan,nan
882,0.4137545329999739,3.164672,0.4333542585372925,0.42700546979904175,0.11376755684614182,nan,0.019350774586200714,0.0,0.0,0.0,nan,nan
883,0.4119084589999602,3.164672,0.3894704580307007,0.43913453817367554,0.08321596682071686,nan,0.014881199225783348,0.0,0.0,0.0,nan,nan
884,0.41272204099993814,3.164672,0.36596202850341797,0.4426858723163605,0.13078807294368744,nan,0.011339528486132622,0.0,0.0,0.0,nan,nan
885,0.4161129300000539,3.164672,0.3570087254047394,0.45115411281585693,0.07616423070430756,nan,0.009470267221331596,0.0,0.0,0.0,nan,nan
886,0.4194241890000967,3.164672,0.39053666591644287,0.46440601348876953,0.06640957295894623,nan,0.013152464292943478,0.0,0.0,0.0,nan,nan
887,0.42097996699999385,3.164672,0.5380175709724426,0.43612349033355713,0.07893356680870056,nan,0.02640651725232601,0.0,0.0,0.0,nan,nan
888,0.4235439530000349,3.164672,0.6044573783874512,0.4101368486881256,0.1094607263803482,nan,0.03342415392398834,0.0,1.0,0.0,nan,nan
889,0.4204785549999315,3.164672,0.484520822763443,0.43397825956344604,0.09672901779413223,nan,0.023551076650619507,0.0,0.0,0.0,nan,nan
890,0.413147806999973,3.164672,0.4438064694404602,0.43939727544784546,0.18309944868087769,nan,0.01838958077132702,0.0,0.0,0.0,nan,nan
891,0.44162707500004217,3.164672,0.4598533511161804,0.42967861890792847,0.14037767052650452,nan,0.018235957249999046,0.0,0.0,0.0,nan,nan
892,0.4212901310000916,3.164672,0.47765594720840454,0.42872723937034607,0.08963202685117722,nan,0.019374370574951172,0.0,0.0,0.0,nan,nan
893,0.41240010700005314,3.164672,0.5085459351539612,0.43154656887054443,0.12759366631507874,nan,0.021792814135551453,0.0,0.0,0.0,nan,nan
894,0.4156018400000221,3.164672,0.5066055655479431,0.4442361295223236,0.144945427775383,nan,0.01990988664329052,0.0,0.0,0.0,nan,nan
895,0.4160807599999998,3.164672,0.46918898820877075,0.46103233098983765,0.14036031067371368,nan,0.016530735418200493,0.0,0.0,0.0,nan,nan
896,0.42009400099993854,3.164672,0.5757800340652466,0.44268736243247986,0.08787384629249573,nan,0.02651454508304596,0.0,0.0,0.0,nan,nan
897,0.4222105339999871,3.164672,0.6218087673187256,0.4226929843425751,0.10321281105279922,nan,0.029287874698638916,0.0,0.0,0.0,nan,nan
898,0.42391737299999477,3.164672,0.5582937598228455,0.43884867429733276,0.060677897185087204,nan,0.02373676374554634,0.0,0.0,0.0,nan,nan
899,0.42957942799989723,3.164672,0.5493494868278503,0.4591299891471863,0.05753793939948082,nan,0.023323368281126022,0.0,0.0,0.0,nan,nan
900,0.42549674300005336,3.164672,0.5766196846961975,0.44303038716316223,0.05781721696257591,nan,0.025610070675611496,0.0,0.0,0.0,nan,nan
901,0.4304190739999285,3.164672,0.49905234575271606,0.44099754095077515,0.07441280782222748,nan,0.024037282913923264,0.0,1.0,0.0,nan,nan
902,0.4183567970000013,3.164672,0.34560835361480713,0.46310436725616455,0.11860448867082596,nan,0.010745598003268242,0.0,0.0,0.0,nan,nan
903,0.43150232899995444,3.164672,0.3267103433609009,0.46544307470321655,0.09144336730241776,nan,0.008106245659291744,0.0,0.0,0.0,nan,nan
904,0.45848778100003074,3.164672,0.38292941451072693,0.4673665761947632,0.11946071684360504,nan,0.012133355252444744,0.0,0.0,0.0,nan,nan
905,0.5493663089999927,3.164672,0.42484599351882935,0.4618782699108124,0.10485522449016571,nan,0.015626907348632812,0.0,0.0,0.0,nan,nan
906,0.4901811299999963,3.164672,0.5569884181022644,0.41291505098342896,0.07222544401884079,nan,0.02810889109969139,0.0,1.0,0.0,nan,nan
907,0.42819161900001745,3.164672,0.41732269525527954,0.425828218460083,0.09650691598653793,nan,0.01686376892030239,0.0,0.0,0.0,nan,nan
908,0.4400580459999901,3.164672,0.3763800263404846,0.43267354369163513,0.1026642695069313,nan,0.013361881487071514,0.0,0.0,0.0,nan,nan
909,0.43112985799996295,3.164672,0.38379788398742676,0.4360666871070862,0.07517476379871368,nan,0.014382841996848583,0.0,0.0,0.0,nan,nan
910,0.41765971600000285,3.164672,0.3628765344619751,0.4526219666004181,0.08750075101852417,nan,0.01097777672111988,0.0,0.0,0.0,nan,nan
911,0.41867689799994423,3.164672,0.31279510259628296,0.4809737801551819,0.04521488398313522,nan,0.0058934492990374565,0.0,0.0,0.0,nan,nan
912,0.4164134960000183,3.164672,0.2753117084503174,0.5062997341156006,0.05781646817922592,nan,0.003228261135518551,0.0,0.0,0.0,nan,nan
913,0.41413901199996417,3.164672,0.2888845205307007,0.5139511823654175,0.11109868437051773,nan,0.003814905881881714,0.0,0.0,0.0,nan,nan
914,0.42007425099996,3.164672,0.2899121642112732,0.5087000727653503,0.07781149446964264,nan,0.0034707244485616684,0.0,0.0,0.0,nan,nan
915,0.41709562899995944,3.164672,0.30436238646507263,0.5128244161605835,0.09200131893157959,nan,0.005239700898528099,0.0,0.0,0.0,nan,nan
916,0.4182482759999857,3.164672,0.4200562834739685,0.49539050459861755,0.09516892582178116,nan,0.01521352306008339,0.0,0.0,0.0,nan,nan
917,0.4168054070000835,3.164672,0.601865828037262,0.4495978355407715,0.08467720448970795,nan,0.03054884821176529,0.0,0.0,0.0,nan,nan
918,0.41658331999997245,3.164672,0.42090654373168945,0.43750664591789246,0.07275357842445374,nan,0.01890518330037594,0.0,1.0,0.0,nan,nan
919,0.4155682780000234,3.164672,0.3889048397541046,0.41950035095214844,0.13360784947872162,nan,0.016192350536584854,0.0,0.0,0.0,nan,nan
920,0.41340007499991316,3.164672,0.4657447636127472,0.3986111879348755,0.10781066864728928,nan,0.02147725224494934,0.0,0.0,0.0,nan,nan
921,0.41501026399998864,3.164672,0.547767162322998,0.3826134204864502,0.07070349901914597,nan,0.029652774333953857,0.0,0.0,0.0,nan,nan
922,0.41334268799994334,3.164672,0.5409605503082275,0.38425883650779724,0.06930121034383774,nan,0.030975863337516785,0.0,0.0,0.0,nan,nan
923,0.4142485669999587,3.164672,0.44071531295776367,0.4165423810482025,0.08529692888259888,nan,0.02071138098835945,0.0,0.0,0.0,nan,nan
924,0.41434207600002537,3.164672,0.3268756866455078,0.4611695408821106,0.0784449651837349,nan,0.01021520234644413,0.0,0.0,0.0,nan,nan
925,0.4143881049999436,3.164672,0.27104100584983826,0.48790478706359863,0.04285714402794838,nan,0.00780083891004324,0.0,0.0,0.0,nan,nan
926,0.4211798160000626,3.164672,0.23859316110610962,0.4970616102218628,0.06258370727300644,nan,0.005503412336111069,0.0,0.0,0.0,nan,nan
927,0.41387998200002585,3.164672,0.23393355309963226,0.4905078709125519,0.09311062842607498,nan,0.005408633034676313,0.0,0.0,0.0,nan,nan
928,0.4152146570000923,3.164672,0.23461127281188965,0.48764708638191223,0.08617448061704636,nan,0.005899481475353241,0.0,0.0,0.0,nan,nan
929,0.41429819400002543,3.164672,0.25850778818130493,0.45910924673080444,0.08880995959043503,nan,0.0076247891411185265,0.0,0.0,0.0,nan,nan
930,0.41564293800001906,3.164672,0.35280200839042664,0.4410009980201721,0.14664191007614136,nan,0.014747880399227142,0.0,0.0,0.0,nan,nan
931,0.42481356199994025,3.164672,0.4154842495918274,0.4380616545677185,0.10811678320169449,nan,0.020203765481710434,0.0,0.0,0.0,nan,nan
932,0.41300928900000144,3.164672,0.4455660581588745,0.416227787733078,0.20478986203670502,nan,0.02236616425216198,0.0,0.0,0.0,nan,nan
933,0.4161450850000392,3.164672,0.46646174788475037,0.40262237191200256,0.24123315513134003,nan,0.023421451449394226,0.0,0.0,0.0,nan,nan
934,0.41596208599992224,3.164672,0.4402373433113098,0.4041268229484558,0.15482211112976074,nan,0.021571766585111618,0.0,0.0,0.0,nan,nan
935,0.41436585600001763,3.164672,0.37538713216781616,0.4147217273712158,0.09113076329231262,nan,0.01595492660999298,0.0,0.0,0.0,nan,nan
936,0.4178290919999199,3.164672,0.32653847336769104,0.45016372203826904,0.10674425959587097,nan,0.010512912645936012,0.0,0.0,0.0,nan,nan
937,0.41478322699992987,3.164672,0.2943054735660553,0.48220938444137573,0.09815099090337753,nan,0.006976530887186527,0.0,0.0,0.0,nan,nan
938,0.42081295100001626,3.164672,0.2564528286457062,0.5064218044281006,0.135968878865242,nan,0.004802105017006397,0.0,0.0,0.0,nan,nan
939,0.4140007370000376,3.164672,0.25995326042175293,0.5180774927139282,0.18157990276813507,nan,0.0051259370520710945,0.0,0.0,0.0,nan,nan
940,0.41512000099999113,3.164672,0.25926637649536133,0.5092278718948364,0.1474251002073288,nan,0.004936307668685913,0.0,0.0,0.0,nan,nan
941,0.41630925000004027,3.164672,0.24454548954963684,0.5067329406738281,0.06432174146175385,nan,0.004781118594110012,0.0,0.0,0.0,nan,nan
942,0.4130973510000331,3.164672,0.2598695755004883,0.49608519673347473,0.06284240633249283,nan,0.00618000840768218,0.0,0.0,0.0,nan,nan
943,0.4138118980000627,3.164672,0.2933219373226166,0.46264398097991943,0.13187040388584137,nan,0.00714971125125885,0.0,0.0,0.0,nan,nan
944,0.4147128250000378,3.164672,0.32419925928115845,0.4420526623725891,0.09115561842918396,nan,0.00884596724063158,0.0,0.0,0.0,nan,nan
945,0.41385976900005517,3.164672,0.4036065638065338,0.4207592308521271,0.1012897714972496,nan,0.015758277848362923,0.0,0.0,0.0,nan,nan
946,0.41209928099999615,3.164672,0.44782736897468567,0.413100004196167,0.07405238598585129,nan,0.017976373434066772,0.0,0.0,0.0,nan,nan
947,0.41300881400002254,3.164672,0.4283195436000824,0.4057721197605133,0.08757835626602173,nan,0.016690362244844437,0.0,0.0,0.0,nan,nan
948,0.4133755169999631,3.164672,0.3940419554710388,0.4152683615684509,0.07939648628234863,nan,0.015133152715861797,0.0,0.0,0.0,nan,nan
949,0.413943646000007,3.164672,0.3463767468929291,0.44746845960617065,0.11309374868869781,nan,0.010626686736941338,0.0,0.0,0.0,nan,nan
950,0.4165104280000378,3.164672,0.32110145688056946,0.46139010787010193,0.1548917591571808,nan,0.008697796612977982,0.0,0.0,0.0,nan,nan
951,0.4148106430000098,3.164672,0.28620433807373047,0.4891062378883362,0.05707455798983574,nan,0.007543305866420269,0.0,0.0,0.0,nan,nan
952,0.41488030100003925,3.164672,0.26939165592193604,0.4907033145427704,0.09597918391227722,nan,0.006592507474124432,0.0,0.0,0.0,nan,nan
953,0.41382331500005876,3.164672,0.2682856321334839,0.47372016310691833,0.14582476019859314,nan,0.006313092075288296,0.0,0.0,0.0,nan,nan
954,0.414171541000087,3.164672,0.2483009546995163,0.48184919357299805,0.13530518114566803,nan,0.005167539231479168,0.0,0.0,0.0,nan,nan
955,0.41418506799993793,3.164672,0.24822506308555603,0.4750056862831116,0.10562372207641602,nan,0.004971371963620186,0.0,0.0,0.0,nan,nan
956,0.4120415620000131,3.164672,0.2920522689819336,0.46893566846847534,0.09421796351671219,nan,0.006880377419292927,0.0,0.0,0.0,nan,nan
957,0.4135055660000262,3.164672,0.35515737533569336,0.4533756971359253,0.08038459718227386,nan,0.01190160121768713,0.0,0.0,0.0,nan,nan
958,0.4146838519999392,3.164672,0.4094339609146118,0.43090423941612244,0.11097414046525955,nan,0.01602831855416298,0.0,0.0,0.0,nan,nan
959,0.4151407049999989,3.164672,0.4439517855644226,0.415168821811676,0.13860958814620972,nan,0.01794224977493286,0.0,0.0,0.0,nan,nan
960,0.41242429500005073,3.164672,0.43575602769851685,0.4127267003059387,0.21334166824817657,nan,0.017695516347885132,0.0,0.0,0.0,nan,nan
961,0.4176863530000219,3.164672,0.44230619072914124,0.41234782338142395,0.20253363251686096,nan,0.01840675249695778,0.0,0.0,0.0,nan,nan
962,0.42267790900007185,3.164672,0.4362868368625641,0.42875930666923523,0.13334637880325317,nan,0.016131160780787468,0.0,0.0,0.0,nan,nan
963,0.42277409700000135,3.164672,0.4353778064250946,0.4606059193611145,0.11412357538938522,nan,0.015162317082285881,0.0,0.0,0.0,nan,nan
964,0.42329588699999476,3.164672,0.504952609539032,0.45279520750045776,0.06759868562221527,nan,0.02308112010359764,0.0,0.0,0.0,nan,nan
965,0.4240752320000638,3.164672,0.6536232233047485,0.4305805265903473,0.14913201332092285,nan,0.03736431896686554,0.0,0.0,0.0,nan,nan
966,0.42422993799993947,3.164672,0.6321714520454407,0.4415357708930969,0.15575085580348969,nan,0.03475672006607056,0.0,0.0,0.0,nan,nan
967,0.42331086400008644,3.164672,0.5920942425727844,0.44724375009536743,0.22042298316955566,nan,0.031207304447889328,0.0,0.0,0.0,nan,nan
968,0.4143201299999646,3.164672,0.5279534459114075,0.4403429627418518,0.11232816427946091,nan,0.03101455420255661,0.0,1.0,0.0,nan,nan
969,0.4134436399999686,3.164672,0.4130527377128601,0.44109225273132324,0.14171795547008514,nan,0.02020840346813202,0.0,0.0,0.0,nan,nan
970,0.41359001400007855,3.164672,0.41132602095603943,0.44068241119384766,0.045300018042325974,nan,0.019839443266391754,0.0,0.0,0.0,nan,nan
971,0.4214659589999883,3.164672,0.4216923117637634,0.42606955766677856,0.09806843847036362,nan,0.021269746124744415,0.0,0.0,0.0,nan,nan
972,0.4130408420001004,3.164672,0.4656205177307129,0.4211043119430542,0.07081795483827591,nan,0.024510910734534264,0.0,0.0,0.0,nan,nan
973,0.4177860759999703,3.164672,0.47829484939575195,0.43228012323379517,0.07204078882932663,nan,0.02617984265089035,0.0,0.0,0.0,nan,nan
974,0.4287563620000583,3.164672,0.5549255013465881,0.4181070923805237,0.12165328860282898,nan,0.03406265377998352,0.0,0.0,0.0,nan,nan
975,0.4271778979999681,3.164672,0.6700241565704346,0.3804504871368408,0.17831334471702576,nan,0.04429984092712402,0.0,0.0,0.0,nan,nan
976,0.4268486890000531,3.164672,0.6379950642585754,0.40393224358558655,0.17281629145145416,nan,0.03988388180732727,0.0,0.0,0.0,nan,nan
977,0.4223408320000317,3.164672,0.595262885093689,0.41882020235061646,0.0767478495836258,nan,0.03649388998746872,0.0,1.0,0.0,nan,nan
978,0.4128653980000081,3.164672,0.5526518225669861,0.40067917108535767,0.0790308266878128,nan,0.03425620496273041,0.0,0.0,0.0,nan,nan
979,0.4131417020000754,3.164672,0.5812265872955322,0.3827938437461853,0.08915339410305023,nan,0.03549525886774063,0.0,0.0,0.0,nan,nan
980,0.412694786999964,3.164672,0.5841661095619202,0.37898266315460205,0.0797099769115448,nan,0.03624647855758667,0.0,0.0,0.0,nan,nan
981,0.4130696170000192,3.164672,0.5595694780349731,0.37475913763046265,0.051129814237356186,nan,0.03424636274576187,0.0,0.0,0.0,nan,nan
982,0.41273631399997157,3.164672,0.5016218423843384,0.4038144648075104,0.18405351042747498,nan,0.02710583806037903,0.0,0.0,0.0,nan,nan
983,0.4158262050000303,3.164672,0.5320512652397156,0.41603100299835205,0.11978889256715775,nan,0.029020115733146667,0.0,0.0,0.0,nan,nan
984,0.4151445849998936,3.164672,0.603339672088623,0.40190449357032776,0.06396976113319397,nan,0.035547398030757904,0.0,0.0,0.0,nan,nan
985,0.4142554290000362,3.164672,0.5866361856460571,0.4051135778427124,0.08134441822767258,nan,0.03298954665660858,0.0,0.0,0.0,nan,nan
986,0.41529645100001744,3.164672,0.5198725461959839,0.4183688759803772,0.12466663867235184,nan,0.02716129831969738,0.0,0.0,0.0,nan,nan
987,0.41340561899994555,3.164672,0.47312599420547485,0.42366623878479004,0.04838446527719498,nan,0.023979945108294487,0.0,0.0,0.0,nan,nan
988,0.4204908939999541,3.164672,0.42846280336380005,0.4213980436325073,0.15082980692386627,nan,0.01867423951625824,0.0,0.0,0.0,nan,nan
989,0.42477547099997537,3.164672,0.4071425795555115,0.44176363945007324,0.13260518014431,nan,0.01522748451679945,0.0,0.0,0.0,nan,nan
990,0.4215661739999632,3.164672,0.4660240113735199,0.44806674122810364,0.0965588390827179,nan,0.020221270620822906,0.0,0.0,0.0,nan,nan
991,0.42588817900002596,3.164672,0.6045857667922974,0.42429661750793457,0.08029361069202423,nan,0.03125220537185669,0.0,0.0,0.0,nan,nan
992,0.42555959100002383,3.164672,0.7901400923728943,0.3967932462692261,0.11683973670005798,nan,0.04750674217939377,0.0,0.0,0.0,nan,nan
993,0.42467501700002686,3.164672,0.775309681892395,0.3941689133644104,0.07922707498073578,nan,0.04651389643549919,0.0,0.0,0.0,nan,nan
994,0.4146340649999729,3.164672,0.6690348386764526,0.39021456241607666,0.060267023742198944,nan,0.0371265634894371,0.0,1.0,0.0,nan,nan
995,0.421115570999973,3.164672,0.5482378005981445,0.422090083360672,0.108875572681427,nan,0.025647062808275223,0.0,0.0,0.0,nan,nan
996,0.41857482000000346,3.164672,0.5448294878005981,0.4508778154850006,0.0761173889040947,nan,0.024346008896827698,0.0,0.0,0.0,nan,nan
997,0.4204218969999829,3.164672,0.7700463533401489,0.4126861095428467,0.09028436988592148,nan,0.04676307365298271,0.0,0.0,0.0,nan,nan
998,0.4226636679999274,3.164672,0.8774373531341553,0.41009050607681274,0.07794138789176941,nan,0.05604460835456848,0.0,0.0,0.0,nan,nan
999,0.4211034859999927,3.164672,0.7972232103347778,0.4376058578491211,0.07463535666465759,nan,0.0486382357776165,0.0,0.0,0.0,nan,nan
